trade_date,stock_id,open,high,low,close,volume,amount,ma_5,ma_10,ma_20,ma_60,ma_120,ma_240,rsi_6,rsi_14,macd_dif,macd_dea,macd_hist,dmi_pdi,dmi_mdi,dmi_adx,dmi_adxr,bb_upper,bb_mid,bb_lower,vol_ma5,vol_ma20,vol_ratio,vwap
2026-04-02,0050,75.9,76.05,73.8,73.95,113976137.0,8478357215.0,74.13,74.74,76.09,70.17,64.8175,95.36479166666666,47.80487804878048,50.83135391923993,0.4024365466347746,0.9874486591151982,-0.5850121124804236,30.533904699546444,33.23382780721956,18.383542571103348,,80.68422979054999,76.09,71.49577020945001,158745570.4,165526070.95,0.7179799518991806,74.38712556997787
2026-04-02,0051,109.05,110.7,108.05,108.05,96469.0,10520225.0,108.33,109.285,108.96,100.49833333333332,94.05166666666668,84.01187499999999,53.16901408450701,59.8116169544741,1.3396783382827238,2.0064545430577243,-0.6667762047750005,29.708480505378777,27.26168391588251,20.67190531824801,,115.1785291880915,108.96,102.74147081190848,92962.2,104673.75,1.0377228593987664,109.05290818812261
2026-04-02,0052,45.07,45.07,43.73,43.82,33332017.0,1472525351.0,43.906,44.364,45.197,41.19766666666667,136.226,159.298625,47.4295190713101,51.75718849840255,-1.674966696133339,-2.1760687277897173,0.5011020316563783,27.762517912794358,40.72932580995185,28.47190171281709,,48.14382058819695,45.197,42.25017941180305,42344579.8,54017508.7,0.7871613594333035,44.17750509967639
2026-04-02,0053,169.9,169.9,165.95,165.95,9562.0,1602339.0,165.64000000000001,167.47,169.3775,153.93249999999998,142.00500000000002,120.77654166666666,48.34710743801651,55.69620253164556,1.6347776765738615,3.014720040243988,-1.3799423636701267,35.66974573511427,30.3845760470413,21.295263285448467,,179.41838877383407,169.3775,159.33661122616593,20320.4,27370.4,0.47056160311804884,167.5736247646936
2026-04-02,0055,32.63,32.85,32.5,32.52,52030.0,1697548.0,32.234,32.249,32.6525,31.930166666666665,31.263333333333332,29.798791666666666,58.937198067632956,57.069408740359954,-0.048201425715035384,0.003325486392397834,-0.051526912107433216,32.06226926265166,29.867905515425754,17.926415082528095,,34.231705329804804,32.6525,31.073294670195203,150105.6,266169.95,0.3466226443250618,32.62633096290602
2026-04-02,0056,38.52,38.52,37.7,37.82,142688419.0,5412696178.0,37.867999999999995,38.158,38.533,37.53366666666667,36.964333333333336,35.642125,46.62576687116565,51.98675496688744,-0.03666107037179955,0.11933206206905506,-0.1559931324408546,28.775994343961152,32.36140131860344,13.218777797374624,,40.12416111195917,38.533,36.941838888040834,98474787.4,69802881.4,1.4489842808231337,37.933675458272475
2026-04-02,0057,223.1,223.1,219.0,219.45,116348.0,25553379.0,220.74,222.4,225.50499999999997,206.97916666666666,190.73250000000002,164.80879166666668,44.73684210526316,52.62784090909089,1.7853991178365618,3.4643760881207593,-1.6789769702841975,37.27680833007273,39.32682630653217,18.742041691425175,,238.40954428323204,225.50499999999997,212.6004557167679,74347.6,56734.65,1.5649193787022042,219.6288634097707
2026-04-02,0061,23.17,23.28,23.03,23.03,62165.0,1435848.0,23.066,23.056,23.389000000000003,23.134999999999998,22.520666666666667,20.5505,68.06722689075633,45.60260586319218,-0.1063122647455792,-0.0458176671991231,-0.0604945975464561,23.524252273805615,27.911525680876277,17.42306087903388,,24.203135641098307,23.389000000000003,22.5748643589017,183804.6,349774.4,0.3382124277629613,23.097369902678356
2026-04-02,1101,23.75,23.9,23.5,23.7,26328156.0,624359014.0,23.15,23.154999999999998,24.165,24.028333333333332,23.278333333333332,,78.04878048780488,44.339622641509415,-0.4607164999638016,-0.3836019606074622,-0.07711453935633938,23.78216257455592,25.84399861498615,25.894597200504865,,26.67374260809799,24.165,21.65625739190201,26647797.8,30226951.5,0.9880049450090018,23.71449842518405
2026-04-02,1102,35.35,35.45,35.2,35.25,7106566.0,251034371.0,34.989999999999995,34.725,34.74,36.04833333333333,36.42666666666666,39.329166666666666,64.10256410256412,60.784313725490264,-0.14472545564381534,-0.2979790690164565,0.15325361337264115,25.98782464352644,16.055728951763147,14.402105503717326,,35.87952898857113,34.74,33.60047101142887,11312649.2,9597536.9,0.628196444030104,35.32428616015105
2026-04-02,1103,13.9,13.9,13.65,13.7,146829.0,2022496.0,13.66,13.635,13.6725,13.907499999999999,13.611666666666666,14.290000000000001,55.555555555555536,59.99999999999998,-0.06171714647571491,-0.08439378867828772,0.022676642202572803,20.955086597163504,15.458641817948687,12.066904497261547,,14.12727004021135,13.6725,13.217729959788649,312654.4,280164.15,0.46962076977007194,13.774499587956058
2026-04-02,1104,29.6,29.7,29.35,29.35,276164.0,8137162.0,29.570000000000004,29.459999999999997,29.425,30.052500000000002,30.295416666666668,29.41875,42.30769230769234,63.750000000000014,-0.06987715944746142,-0.11416082556991974,0.04428366612245832,19.734530538018845,23.81432775891717,12.344410745673544,,30.35491227656449,29.425,28.49508772343551,519307.6,628070.05,0.5317927178419881,29.464962848162685
2026-04-02,1108,14.9,14.95,14.8,14.8,230267.0,3414307.0,14.8,14.844999999999999,14.982499999999998,15.0025,15.032916666666667,14.84375,45.454545454545574,46.428571428571445,-0.07445599469207131,-0.04926705806284686,-0.025188936629224452,14.9397846837163,20.30321854134942,15.629812192940646,,15.35281281229167,14.982499999999998,14.612187187708326,227200.4,305306.95,1.0134973353920151,14.827600133757768
2026-04-02,1109,15.4,15.4,15.25,15.25,56262.0,859686.0,15.219999999999999,15.24,15.3625,15.475,15.565,16.165625,50.0,50.0,-0.0722700212049503,-0.06666072148421998,-0.005609299720730321,19.52617041771591,20.428752626016756,14.66266516798097,,15.772731000393861,15.3625,14.95226899960614,201814.0,179448.3,0.27878145222828943,15.280046923323024
2026-04-02,1110,15.0,15.1,14.4,14.4,422179.0,6191171.0,15.079999999999998,15.104999999999999,15.575,16.144166666666667,16.515,17.687291666666667,33.33333333333333,24.137931034482747,-0.3657759429221059,-0.29562927908212117,-0.07014666383998475,7.266219600172651,37.010231721114884,43.648686983562726,,16.78656705833507,15.575,14.36343294166493,238082.2,252073.3,1.773248903109934,14.664800949360343
2026-04-02,1201,13.6,13.6,13.4,13.4,275374.0,3718337.0,13.429999999999998,13.49,13.86,14.390833333333335,14.824583333333333,15.653958333333332,40.000000000000135,19.99999999999997,-0.2840823073482639,-0.2616503244738066,-0.0224319828744573,7.794752703290335,30.22605062563005,48.563765024639416,,14.723651976691087,13.86,12.996348023308911,266119.0,442599.6,1.034777674649311,13.50286156282002
2026-04-02,1203,39.4,39.85,39.4,39.4,17334.0,683877.0,39.459999999999994,39.07000000000001,39.35,39.61666666666667,,,84.61538461538483,60.655737704918046,-0.10809399989335589,-0.1801073047275623,0.07201330483420643,31.375852144226197,24.05980501148138,14.743716147249735,,41.057260039392105,39.35,37.6427399606079,28087.4,29653.35,0.6171450543660146,39.452924887504324
2026-04-02,1210,54.6,55.2,54.3,54.7,2293512.0,125830191.0,54.48,54.1,52.925,51.970000000000006,52.23666666666667,55.83770833333333,78.57142857142847,77.41935483870965,0.8394708606720584,0.6772600152257272,0.16221084544633124,26.853396942694648,13.374571621651121,24.657099685793582,,55.913310559497035,52.925,49.93668944050296,2235467.8,2077186.65,1.0259651246150807,54.86354159036447
2026-04-02,1213,9.31,9.36,9.19,9.21,23726.0,219826.0,9.592,9.737,,,,,22.302158273381252,46.9879518072289,-0.15377750715408744,-0.1206955093350979,-0.033081997818989545,17.16297219121644,36.63930168296206,27.959311592013186,,,,,23349.2,,1.0161375978620253,9.265194301610048
2026-04-02,1215,138.5,142.0,138.5,139.0,907431.0,127251766.0,139.0,143.45,149.425,145.43333333333334,141.00833333333333,126.26791666666666,25.0,16.666666666666657,-2.6216663476164115,-0.6606308503832444,-1.961035497233167,17.037212768524583,28.761922900746622,23.65721373503167,,164.5673943041777,149.425,134.28260569582233,1247326.8,1026080.8,0.7275006036910294,140.23299402378802
2026-04-02,1216,72.2,73.0,72.2,72.4,7271574.0,527439118.0,71.84,71.01000000000002,71.295,73.92,75.8575,77.855,76.74418604651169,60.52631578947373,-0.4861804428242351,-0.8101449246013194,0.32396448177708426,22.960080383834168,19.398394077822694,14.113521536150227,,73.69804631227812,71.295,68.89195368772188,10990869.0,11813051.5,0.6616013711017755,72.53438086444558
2026-04-02,1217,10.3,10.35,10.25,10.3,235063.0,2422358.0,10.31,10.24,10.295,10.441666666666666,10.474583333333333,10.780458333333334,66.66666666666666,58.823529411764696,-0.04998240255594588,-0.06346843492061484,0.013486032364668957,12.83562896360394,15.813456906165706,20.497945051823166,,10.558378854604381,10.295,10.031621145395619,406851.2,532763.7,0.5777615993267318,10.305143727426264
2026-04-02,1218,19.5,19.6,19.4,19.45,616400.0,11992036.0,19.380000000000003,19.245,18.81,18.408333333333335,18.562083333333337,19.388125000000002,77.7777777777776,86.04651162790697,0.3094495392674119,0.24849900618988655,0.060950533077525376,31.877404324446033,11.008220726682199,30.95212497142916,,19.92761023240622,18.81,17.692389767593777,842883.8,855262.15,0.7312989050210716,19.454957819597663
2026-04-02,1219,14.05,14.25,13.75,13.9,422754.0,5892040.0,13.98,13.809999999999999,13.6975,13.607499999999998,13.598749999999999,14.105416666666667,64.70588235294122,50.0,0.10452408886423825,0.0684021665928648,0.03612192227137345,28.1055627572898,5.5357263380399715,31.73600291465745,,14.111053280473191,13.6975,13.283946719526808,576976.4,413832.85,0.7327058784380088,13.937277944147187
2026-04-02,1220,12.6,12.6,12.45,12.5,75199.0,939836.0,12.559999999999999,12.535,12.77,12.692499999999999,12.804166666666667,13.501666666666667,56.250000000000014,27.272727272727195,-0.08418689118486533,-0.054961928201695154,-0.029224962983170177,25.942345189023712,23.13071961126041,18.308874124893112,,13.330450946255201,12.77,12.209549053744798,104929.0,167271.65,0.7166655548037244,12.497985345549807
2026-04-02,1225,31.6,31.95,31.25,31.9,101574.0,3218500.0,31.8,31.669999999999998,31.645,30.1025,30.349583333333335,,53.846153846153854,34.22818791946305,0.5124411377921128,0.5808199328901977,-0.06837879509808498,32.519200455735515,18.673383467992224,31.47226893137021,,33.74058433001567,31.645,29.549415669984327,191193.2,481991.25,0.5312636641888937,31.68625829444543
2026-04-02,1227,31.25,31.25,30.65,30.75,642756.0,19795367.0,30.640000000000004,30.43,30.1125,30.083333333333332,30.467083333333335,32.16895833333333,74.07407407407399,66.29213483146064,0.26750363725092896,0.1632337935606079,0.10426984369032105,29.781066046379003,11.114844110800389,24.889649914040486,,31.08467877931315,30.1125,29.14032122068685,1058173.6,1152990.2,0.6074201813388653,30.797638606251827
2026-04-02,1229,44.9,45.1,44.75,44.95,1300722.0,58452658.0,44.89,44.58,44.4725,46.028333333333336,47.235,46.863749999999996,79.31034482758633,66.26506024096388,-0.21162613480322534,-0.393245151774924,0.18161901697169863,25.57231172468758,18.16473734497102,14.995393783099466,,45.452013842894736,44.4725,43.49298615710526,2045804.8,2558975.75,0.6357996618250187,44.93862485604149
2026-04-02,1231,92.9,93.0,92.2,92.8,166513.0,15444132.0,92.41999999999999,91.42999999999999,88.83500000000001,94.10333333333332,106.07333333333332,122.69437500000001,80.95238095238096,81.35593220338984,0.049535889693487434,-0.7951580375831959,0.8446939272766834,27.536839708631035,24.33421365487574,14.205822246263196,,96.09883253923168,88.83500000000001,81.57116746076834,263132.8,502838.35,0.6328097447372582,92.75030778377665
2026-04-02,1232,149.0,150.0,149.0,149.0,63574.0,9499062.0,149.5,149.7,150.425,147.325,146.79166666666666,149.62583333333333,20.0,30.0,0.38861847386431236,0.7131374425915266,-0.3245189687272142,20.440469435142226,19.320476499558108,21.553929804119424,,152.53450231097264,150.425,148.31549768902738,61225.0,87638.85,1.0383666802776643,149.41740334098844
2026-04-02,1233,28.55,28.55,28.4,28.4,10122.0,288030.0,28.76,29.395000000000003,30.809999999999995,31.65583333333333,31.2375,31.548333333333336,15.5555555555556,29.49640287769786,-0.929415983995586,-0.6555517323310845,-0.27386425166450146,20.569087626950854,53.66519424523938,35.783173333231844,,34.145076737063945,30.809999999999995,27.474923262936045,11266.6,19405.25,0.8984076828856975,28.455838767042085
2026-04-02,1234,36.05,36.1,35.75,35.8,109199.0,3918275.0,35.910000000000004,35.87,36.22,37.12166666666667,37.57375,38.94145833333333,56.52173913043473,50.0,-0.32825916563852076,-0.3444946333181234,0.016235467679602655,25.033110111690405,29.90682014747942,21.295055969950845,,37.286918829843664,36.22,35.153081170156334,110348.2,167713.7,0.9895856932872489,35.88196778358776
2026-04-02,1235,37.5,38.85,37.5,37.5,12765.0,481373.0,38.2,38.53,39.67999999999999,43.36083333333333,49.32791666666667,,35.593220338983,46.22641509433961,-1.2753443791393764,-1.3319279037397767,0.05658352460040028,28.476359156267538,25.49027027157252,15.609819996247383,,45.91626068798114,39.67999999999999,33.44373931201884,13851.4,28647.5,0.9215674949824567,37.71037994516255
2026-04-02,1236,25.95,26.25,25.65,25.95,33795.0,873766.0,26.110000000000003,26.5,26.957500000000003,26.02583333333333,25.320416666666667,,5.263157894736906,21.666666666666714,-0.08200431351730586,0.12292685794472379,-0.20493117146202966,16.224078824850448,30.80520751241011,26.79698825131482,,28.365475403493353,26.957500000000003,25.549524596506654,31834.8,75330.3,1.061574126427683,25.85488977659417
2026-04-02,1240,59.0,59.4,59.0,59.2,52217.0,3086072.0,59.160000000000004,59.20000000000001,59.24499999999999,59.78333333333333,59.94166666666667,60.020833333333336,50.0,58.333333333333435,-0.14850659138783584,-0.15967798123074414,0.011171389842908303,18.673650493249188,19.624405557305117,23.918335097759183,,60.18862124426675,59.24499999999999,58.30137875573323,38330.2,25691.3,1.3622939614194554,59.10090583526438
2026-04-02,1256,148.0,150.0,146.0,146.5,39558.0,5813071.0,147.2,149.3,155.45,149.625,152.13333333333333,137.39375,45.714285714285715,36.44859813084113,-2.434570632272539,-0.7941922125675848,-1.6403784197049545,22.53595090649142,25.499015121202294,22.927770191692623,,171.2643838590722,155.45,139.63561614092777,56863.2,69164.25,0.6956696070569367,146.95057889680976
2026-04-02,1259,58.6,58.9,58.6,58.9,7693.0,451192.0,,,,,,,0.0,39.70588235294119,-0.44881365303572807,-0.24006284225257976,-0.2087508107831483,14.408262134341651,14.512325086737832,36.1308057353397,,,,,,,,58.64968152866242
2026-04-02,1264,279.0,280.0,278.5,278.5,24398.0,6810899.0,279.0,279.15,280.425,279.6,279.05,278.775,50.0,41.935483870967744,-0.47992938864865664,-0.1639372579656575,-0.31599213068299914,16.63705318580381,17.119921213403547,26.10287556832564,,284.4808599581348,280.425,276.36914004186525,22638.8,23566.55,1.0777072989734438,279.15808672842036
2026-04-02,1268,157.5,158.5,157.5,158.5,22322.0,3530061.0,157.9,157.5,158.575,159.35833333333332,159.42916666666667,159.46458333333334,75.0,36.36363636363636,-0.5329410885556456,-0.5910199458513182,0.05807885729567264,18.946476375952432,25.911152360028076,34.055598630756165,,161.57105003120324,158.575,155.57894996879673,14793.2,26374.1,1.5089365384095395,158.14268434728072
2026-04-02,1294,83.4,83.4,81.5,81.5,35641.0,2922667.0,81.34,81.78999999999999,82.78,80.13499999999999,79.36749999999999,78.98375,61.538461538461455,32.727272727272705,0.24397762030932313,0.7232181323202483,-0.4792405120109252,21.019126685295422,11.73536243472201,34.43462933914445,,90.33683030182135,82.78,75.22316969817865,32384.6,133498.1,1.1005539670090105,82.00294604528493
2026-04-02,1295,60.5,60.5,60.0,60.1,39820.0,2397379.0,62.92,66.15,69.92999999999999,76.0,77.75,78.625,9.615384615384613,16.16161616161618,-3.9864676519870272,-2.950205289839402,-1.0362623621476255,4.7240474205703,43.264370873382035,69.37614586891277,,80.48134813037771,69.92999999999999,59.37865186962228,37292.0,74250.05,1.0677893381958596,60.20539929683576
2026-04-02,1301,46.6,46.85,45.75,45.9,17355217.0,799950996.0,46.72,46.525,47.4025,44.55083333333333,41.645833333333336,39.37708333333333,56.02836879432625,45.33762057877813,0.11957758438108357,0.3848533720612468,-0.26527578768016324,30.634279953048022,17.46591188986769,29.843890423553674,,51.04471953730045,47.4025,43.760280462699555,33092816.2,44664101.2,0.5244406186258636,46.0928259208744
2026-04-02,1303,80.5,81.2,77.0,77.1,69705526.0,5508651761.0,77.06,77.00000000000001,80.785,71.4,57.13083333333334,44.748125,59.022556390977435,52.55972696245734,0.402426690679377,1.369030910443015,-0.966604219763638,26.175073978065473,22.91694437562398,16.706358913393185,,93.1176310847956,80.785,68.45236891520439,93151049.6,92667079.95,0.7483063937478167,79.0274756839221
2026-04-02,1304,16.6,18.7,16.1,17.9,81517007.0,1448497290.0,17.48,16.294999999999998,14.49,12.501666666666667,11.466666666666667,10.939625000000001,70.07874015748031,65.64885496183206,1.498209943412112,1.1199346253969402,0.3782753180151719,43.01377131247811,13.616219878613933,42.64627715539372,,18.79245951692011,14.49,10.18754048307989,74051600.4,39079862.1,1.1008135753943813,17.769264884811093
2026-04-02,1305,16.3,18.1,15.85,17.95,44796178.0,775222023.0,17.47,17.185,15.059999999999999,12.726666666666667,12.038333333333334,11.690291666666665,51.515151515151516,63.63636363636363,1.4776006201148721,1.2754040802551154,0.20219653985975672,40.860332333526216,15.829911387766545,43.174461207870216,,19.753623894514547,15.059999999999999,10.366376105485449,43695382.2,25158651.1,1.025192497343575,17.305539392222258
2026-04-02,1307,32.55,32.55,31.5,31.5,1355418.0,43162308.0,33.06,33.725,33.927499999999995,33.05166666666666,32.095,34.774375,22.22222222222213,41.32653061224486,-0.028163130404685432,0.2916855523585463,-0.31984868276323175,23.269862266213476,23.072666207459484,19.057325542203763,,35.87455580705542,33.927499999999995,31.98044419294457,1841832.0,1974504.55,0.735907509479692,31.844278296436965
2026-04-02,1308,17.4,19.5,16.85,18.6,39804655.0,735439688.0,18.409999999999997,17.685,16.075,14.393333333333334,13.369583333333333,12.982291666666667,57.48031496062994,61.06870229007634,1.2311911660649173,0.9864412795359485,0.24474988652896879,42.440553907210585,9.845360097131518,47.27786180063698,,19.81166048483763,16.075,12.33833951516237,39644449.2,21239567.35,1.004041065098213,18.47622314525776
2026-04-02,1309,23.1,25.95,22.15,25.95,53264129.0,1316558922.0,23.82,21.259999999999998,17.572499999999998,13.69,12.338333333333333,12.022708333333334,75.10548523206751,75.7869249394673,3.0861114687782454,2.2514119033449744,0.834699565433271,49.90571036350528,8.634607768524763,56.77037363799361,,26.41953191382337,17.572499999999998,8.725468086176624,41987159.6,22732519.8,1.268581383152196,24.717552820585876
2026-04-02,1310,10.8,11.3,10.55,11.0,11845017.0,130647828.0,11.23,11.4,10.944,9.562999999999999,9.151416666666668,9.088249999999999,42.02898550724637,45.73643410852712,0.4759653646728097,0.584372766096045,-0.10840740142323535,28.693297887795627,19.534912554084627,32.99077465974223,,12.854562331108973,10.944,9.033437668891029,20508867.2,19075926.65,0.5775558876308878,11.029771253177602
2026-04-02,1312,13.2,13.55,12.9,13.2,14559287.0,192487926.0,13.55,13.785,13.6725,12.658333333333333,11.337916666666668,10.979541666666666,35.84905660377352,41.57303370786517,0.16821160736711072,0.2975687322929508,-0.12935712492584006,25.8879927087651,22.951085693308553,22.049053296915584,,14.595010875702377,13.6725,12.749989124297622,23960257.0,25359889.9,0.6076431901377352,13.220972016006003
2026-04-02,1313,12.55,12.75,12.3,12.65,7933968.0,99393670.0,12.809999999999999,12.805000000000001,12.5275,11.246,10.703750000000001,9.792708333333334,50.0,43.56435643564355,0.4326591128174613,0.49975721571945475,-0.06709810290199347,34.180141742013674,18.221345237193763,34.24055049724755,,13.893429411753962,12.5275,11.161570588246038,15399105.4,18430177.45,0.515222657025258,12.52761165661369
2026-04-02,1314,8.26,8.27,8.14,8.15,21539389.0,176362727.0,8.168,8.289,8.47,8.151166666666667,7.904583333333333,7.555458333333333,35.59322033898309,19.927536231884076,-0.01318022554009346,0.0517843781822237,-0.06496460372231716,25.188728382371938,25.155569612533096,10.389083536684216,,9.27772585239767,8.47,7.662274147602332,45693985.2,69397030.1,0.47138346339727877,8.187916890307335
2026-04-02,1315,63.2,63.3,62.8,63.0,14779.0,930640.0,63.1,63.31,63.75999999999999,,,,50.0,52.17391304347824,-0.3377862547308439,-0.27368234789238866,-0.06410390683845524,25.072419827037844,32.81118513166714,14.71463071505811,,65.34333425669396,63.75999999999999,62.17666574330602,16124.0,25844.75,0.9165839741999504,62.97043101698356
2026-04-02,1316,12.35,12.35,12.05,12.05,968239.0,11732683.0,12.129999999999999,12.315,12.74,14.129166666666666,14.480416666666667,,40.740740740740726,41.07142857142856,-0.5056336000887267,-0.49718881205087695,-0.00844478803784976,17.85093648092554,29.996217843094104,23.727998455151294,,13.837652998566835,12.74,11.642347001433166,1363422.2,1707875.5,0.7101534653022373,12.117548456527778
2026-04-02,1319,82.1,82.8,80.1,80.1,1708573.0,138171084.0,81.61999999999999,82.25,87.16999999999999,95.73333333333333,96.11666666666666,105.31958333333334,40.18691588785043,33.183856502242136,-4.980947004453483,-4.746058856177578,-0.2348881482759051,11.522471036179367,35.46568523436412,40.21378130020972,,100.50394559997719,87.16999999999999,73.83605440002279,1816182.8,2610476.35,0.9407494664083372,80.86928916704174
2026-04-02,1321,33.7,33.8,33.45,33.65,67040.0,2251483.0,33.760000000000005,33.47,33.5225,34.22,35.12125,35.64416666666667,62.2641509433962,54.39999999999998,-0.05003068345035899,-0.1279812752376027,0.0779505917872437,21.61468043956703,23.28701674659113,16.988984062960604,,34.370702433632836,33.5225,32.674297566367166,107899.6,160972.8,0.6213183366759468,33.58417362768496
2026-04-02,1323,21.1,23.3,21.0,23.3,962697.0,21940598.0,21.540000000000003,20.325,19.479999999999997,19.323333333333334,19.519999999999996,20.220833333333335,76.5432098765432,76.47058823529414,0.7729842591235219,0.305597115617667,0.46738714350585486,44.58331596283444,24.654135079913157,39.82711983922137,,22.42035443620757,19.479999999999997,16.539645563792423,752155.2,238405.75,1.2799180275560151,22.790761786938155
2026-04-02,1324,11.5,12.0,11.2,11.6,725089.0,8412265.0,11.28,10.885000000000002,10.702499999999999,10.645,10.82375,11.105208333333334,75.0,68.85245901639345,0.18956187014447679,0.05557398615327881,0.133987883991198,39.74022067089185,8.847424223384177,33.50090686572275,,11.57818018675408,10.702499999999999,9.826819813245917,684024.2,278109.15,1.060034133295284,11.601699929250065
2026-04-02,1325,27.9,27.9,27.3,27.7,164267.0,4520767.0,27.46,27.309999999999995,27.584999999999997,29.884166666666665,29.957083333333333,29.807916666666667,67.99999999999991,59.49367088607592,-0.5997674506052242,-0.7580969068825055,0.15832945627728134,31.98519959232077,17.35329402531701,17.555166837717493,,28.99440450284211,27.584999999999997,26.175595497157886,344245.4,321899.7,0.477179941983248,27.52084715737184
2026-04-02,1326,45.35,45.75,44.65,44.95,24161144.0,1089780322.0,45.62,44.95,45.1725,38.9875,34.391666666666666,30.41875,59.4202898550725,55.05319148936169,1.260782232612371,1.5342671915245853,-0.27348495891221436,32.365073256588815,10.239424120623578,44.0897104794717,,49.36716766765937,45.1725,40.977832332340625,68694757.2,60787660.1,0.35171743790660054,45.10466565655997
2026-04-02,1336,14.1,14.1,13.85,13.95,49090.0,684870.0,14.1,14.364999999999998,14.717500000000001,15.395833333333334,15.572916666666666,15.661458333333334,7.692307692307779,26.923076923076906,-0.392896442135406,-0.32457435562471665,-0.06832208651068933,8.145232079550839,29.456808532243844,55.61076758867681,,15.840594878121674,14.717500000000001,13.594405121878328,74054.0,112046.8,0.6628946444486455,13.951313913220615
2026-04-02,1337,6.14,6.31,6.07,6.16,1007523.0,6226903.0,6.1979999999999995,6.2250000000000005,5.9515,5.430000000000001,5.2491666666666665,5.54275,42.49999999999999,48.71794871794872,0.21066186747060378,0.21903715327464907,-0.008375285804045285,31.95601323426883,10.988613953561943,39.57951044710552,,6.701862017891876,5.9515,5.201137982108125,1663238.8,1829875.3,0.6057596780450287,6.180407792179434
2026-04-02,1338,17.9,17.9,16.1,16.3,1041880.0,17503535.0,15.49,15.190000000000001,15.9875,18.795833333333334,20.154166666666665,22.847500000000004,74.07407407407409,55.46875000000001,-0.8841338679345636,-1.1441603851843354,0.26002651724977177,38.11718641493992,26.374073130672386,58.09935360079525,,18.93419752702709,15.9875,13.04080247297291,432590.6,314377.75,2.4084665732450037,16.799952969631818
2026-04-02,1339,40.7,40.7,40.4,40.4,55201.0,2237573.0,40.71,41.0,41.6,43.277499999999996,43.492916666666666,47.260625000000005,18.518518518518505,44.444444444444436,-0.6861796456689504,-0.6413516791783348,-0.0448279664906156,13.380068607701531,26.450220147106286,24.679718307488177,,43.85924999199083,41.6,39.340750008009174,41736.0,57428.4,1.3226231550699636,40.53500842376044
2026-04-02,1340,6.64,6.9,6.59,6.66,354582.0,2365522.0,6.642,6.789,6.9625,7.113333333333333,6.948583333333333,7.18325,32.142857142857125,38.28571428571428,-0.10585951177346242,-0.0643794855196405,-0.041480026253821925,25.78396157795801,21.534766577365478,15.624444672258388,,7.449936905498882,6.9625,6.4750630945011185,285444.6,253319.8,1.2422095215674076,6.671297471388846
2026-04-02,1341,59.4,59.4,59.4,59.4,2021.0,120084.0,58.54,58.6,59.220000000000006,,,,75.0,55.17241379310343,-0.18355000306232228,-0.12322628269241113,-0.06032372036991114,26.597725924986893,31.58783322686186,21.12949971873469,,61.92951539656188,59.220000000000006,56.51048460343813,4024.0,16482.25,0.5022365805168986,59.41810984661059
2026-04-02,1342,84.6,85.0,83.5,83.6,120173.0,10099052.0,83.91999999999999,84.75,90.5,91.0,88.19333333333333,89.8625,39.65517241379307,19.33701657458562,-3.065962062558711,-2.2556077198481685,-0.8103543427105424,16.97143996101477,34.332237654023935,34.606294735669245,,104.33816233616693,90.5,76.66183766383307,166295.8,412226.3,0.7226460319502959,84.0376124420627
2026-04-02,1402,27.0,27.0,26.45,26.65,14238847.0,379764045.0,26.53,26.369999999999997,27.355,27.921666666666667,27.698333333333334,29.627291666666668,64.86486486486477,28.86597938144331,-0.465205313162933,-0.43210184533935225,-0.03310346782358076,25.454389252303265,23.081706105966457,14.317218379389187,,29.674686911723413,27.355,25.035313088276588,17264196.6,20663409.85,0.8247616341440411,26.670982910343795
2026-04-02,1409,15.65,15.65,15.35,15.4,2734524.0,42253577.0,15.64,15.854999999999999,15.647499999999999,15.389166666666664,14.836666666666668,14.035833333333333,31.818181818181856,55.40540540540541,0.0955667857177449,0.15873406291705514,-0.06316727719931023,22.86917926617734,19.780366484415108,21.192646424539724,,16.631837875239885,15.647499999999999,14.663162124760113,3620446.2,6526261.25,0.755300272104582,15.451894735610292
2026-04-02,1410,31.3,31.9,31.0,31.0,72000.0,2263850.0,31.28,31.28,31.9575,,,,42.55319148936168,42.85714285714287,-0.6125662942863599,-0.5923838989425096,-0.020182395343850246,14.127401241823897,19.198570687312316,20.18438418651828,,33.814286981518805,31.9575,30.100713018481194,72874.8,61040.5,0.9879958504174282,31.44236111111111
2026-04-02,1413,9.84,9.84,9.8,9.83,15187.0,149054.0,9.784,9.72,9.77,,,,69.04761904761898,53.22580645161289,-0.04289194810506558,-0.06382676258861343,0.02093481448354785,27.40227521236721,29.558053482970394,8.88789133055016,,10.01443274825867,9.77,9.525567251741329,20974.8,30872.25,0.7240593474073651,9.814578257720418
2026-04-02,1414,17.2,17.2,16.55,16.6,344229.0,5756936.0,17.3,17.655,18.9725,18.4275,18.095833333333335,18.631458333333335,23.076923076923094,12.380952380952365,-0.5862268871327778,-0.2540280269742294,-0.33219886015854844,18.938528243809426,31.433253462558174,31.13744953052001,,21.859763319076606,18.9725,16.085236680923394,229027.4,298460.15,1.5030035707517966,16.72414584477194
2026-04-02,1416,11.55,11.55,11.35,11.4,118187.0,1350470.0,11.430000000000001,11.5,11.565000000000001,11.700833333333332,11.557500000000001,11.872916666666667,50.0,48.275862068965544,-0.07540742559611324,-0.06063028154808768,-0.014777144048025562,12.51872566787062,19.341852448026163,19.550814634729015,,11.830766022936396,11.565000000000001,11.299233977063606,141670.2,247167.25,0.8342403695343127,11.426552835760278
2026-04-02,1417,9.19,9.22,9.06,9.15,94231.0,862398.0,9.138000000000002,9.111,8.9185,8.899666666666665,8.625333333333334,8.403125,46.66666666666674,86.48648648648654,0.09885786592513668,0.06871841734718935,0.030139448577947328,27.276778188585464,17.615710325574746,22.887889071358675,,9.34922888041212,8.9185,8.48777111958788,138226.6,221791.65,0.6817139392852026,9.151956362555847
2026-04-02,1418,19.1,19.1,18.7,18.7,5365.0,101530.0,18.610000000000003,18.71,18.9625,,,,37.49999999999997,45.3125,-0.26553842145093753,-0.25924120985383786,-0.006297211597099672,33.600793257857354,20.31249784718136,15.464547930499844,,19.755147130621665,18.9625,18.16985286937833,9810.0,24019.2,0.5468909276248726,18.924510717614165
2026-04-02,1419,61.6,62.6,60.5,60.5,52409.0,3205473.0,61.14,61.089999999999996,62.84499999999999,68.53,63.07416666666666,57.779375,48.863636363636346,46.111111111111114,-2.0878573033214494,-2.2236428668197785,0.13578556349832915,17.738549299236052,31.992712779323902,26.943247826771103,,68.04357267860378,62.84499999999999,57.646427321396196,105327.2,166035.8,0.4975827706423412,61.16264382071782
2026-04-02,1423,40.2,40.2,39.85,39.85,10449.0,417871.0,39.9,39.945,39.415,,,,44.999999999999964,63.88888888888888,0.41066041953352794,0.42353407310093094,-0.012873653567402998,41.281444370047495,7.981951999536312,52.811013981278826,,41.226106088322005,39.415,37.60389391167799,41993.0,79182.05,0.24882718548329483,39.991482438510864
2026-04-02,1432,17.5,17.5,17.3,17.35,197750.0,3440491.0,17.52,17.8,17.76,18.180833333333336,17.792916666666667,17.584999999999997,30.000000000000128,59.1549295774648,-0.20004098311251894,-0.15098710501955867,-0.049053878092960274,24.86016694731357,26.78877062566494,17.29228923000878,,18.790380614397414,17.76,16.72961938560259,288076.6,732156.35,0.6864493679805996,17.398184576485463
2026-04-02,1434,16.75,16.75,16.5,16.5,691810.0,11465544.0,16.639999999999997,16.555,16.904999999999998,16.625833333333336,15.997083333333334,16.431874999999998,55.99999999999994,41.509433962264175,-0.11453844333361474,-0.06883145709518287,-0.04570698623843186,16.097080221852803,21.123827974884986,17.17776150493317,,18.06299281881253,16.904999999999998,15.747007181187467,1383398.6,2267592.2,0.5000800203209689,16.57325566268195
2026-04-02,1435,17.7,17.8,16.3,16.35,17020.0,288968.0,,,,,,,28.333333333333286,29.508196721311464,-1.21820351547235,-1.0253241618853943,-0.19287935358695574,31.213723054530224,36.96137384515909,11.633087320320909,,,,,11207.6,9960.65,1.5186123701773795,16.978143360752057
2026-04-02,1436,54.5,54.5,53.1,53.5,138620.0,7427664.0,53.64,54.029999999999994,54.585,59.75333333333333,63.8275,87.51333333333334,50.0,50.43478260869566,-1.4828694687011748,-1.6527128271264149,0.16984335842524012,24.223391005014612,29.062860069153658,18.447440823660383,,57.53030849067394,54.585,51.63969150932606,147863.6,278068.8,0.9374856286469422,53.5829173279469
2026-04-02,1437,31.7,31.7,30.45,30.6,78560.0,2409938.0,30.6,30.6,31.244999999999997,32.71,31.90416666666666,32.030625,57.89473684210538,42.59259259259261,-0.542860219119838,-0.559954879696717,0.01709466057687903,28.566040573994783,28.901163909994825,23.102329188063788,,33.08716691626177,31.244999999999997,29.402833083738223,67179.0,78873.5,1.1694130606290656,30.676400203665988
2026-04-02,1438,28.0,28.2,27.75,28.0,20518.0,573864.0,28.389999999999997,28.865000000000002,30.165,32.18,34.23166666666667,37.92791666666667,37.50000000000002,33.92857142857143,-1.1258433567889838,-0.992242598387519,-0.1336007584014648,16.49380847121764,26.051324534600457,19.132471316903132,,34.10348755368426,30.165,26.226512446315738,15420.6,30730.8,1.3305578252467478,27.968807876011308
2026-04-02,1439,27.6,27.6,26.6,27.55,13043.0,354102.0,27.35,,,,,,39.62264150943393,56.249999999999964,-0.46928272652352376,-0.4374082390339853,-0.03187448748953847,15.869248054987098,28.415410099346243,26.831012790534523,,,,,26380.2,30462.1,0.4944238481891722,27.14881545656674
2026-04-02,1440,12.8,12.85,12.65,12.7,826257.0,10507946.0,12.809999999999999,12.905000000000001,12.9725,13.435,13.434583333333334,13.391666666666667,43.749999999999915,52.08333333333332,-0.16550081714376752,-0.15367502298536648,-0.011825794158401043,17.212033270474528,24.28369850637836,11.22451161098538,,13.503115332966457,12.9725,12.441884667033543,1006685.6,1547551.05,0.8207696623454235,12.717527355290182
2026-04-02,1441,9.82,9.95,9.69,9.83,76595.0,756201.0,9.828,9.876999999999999,9.946000000000002,10.227,10.688083333333333,11.528333333333332,34.48275862068964,42.372881355932215,-0.08867399313963631,-0.08764090835950498,-0.0010330847801313242,15.232823603196014,22.33651878960889,14.78322694156395,,10.137986841653435,9.946000000000002,9.754013158346568,30317.8,28322.6,2.526403630870314,9.872720151445916
2026-04-02,1442,26.3,26.35,25.85,26.15,269139.0,7035339.0,26.28,26.68,27.082500000000003,29.425833333333333,34.89458333333334,53.95229166666666,41.463414634146325,52.31788079470197,-0.8275698850989599,-0.8351444749123661,0.007574589813406196,16.236954720542673,28.148927965117988,24.62155654930755,,29.013486930642287,27.082500000000003,25.15151306935772,297859.2,531618.7,0.9035779321236342,26.140169206246586
2026-04-02,1443,22.7,22.7,22.3,22.3,15010.0,338133.0,23.05,,,,,,17.39130434782612,20.618556701030926,-1.0464316641181597,-0.8313981203836379,-0.21503354373452177,11.2932809402851,41.83296329939817,29.552619733478263,,,,,33436.4,26697.2,0.44891196420667295,22.527181878747502
2026-04-02,1444,6.31,6.32,6.18,6.25,318343.0,1989545.0,6.252,6.2780000000000005,6.2325,6.223333333333333,6.3412500000000005,6.764458333333333,54.34782608695652,58.267716535433074,-0.008670804577295854,-0.011602149042054179,0.0029313444647583245,26.58499645220345,18.14460197310565,13.910587380776434,,6.4914757151790194,6.2325,5.97352428482098,558511.8,815884.6,0.5699843763372591,6.249689799995602
2026-04-02,1445,12.5,12.65,12.4,12.4,105201.0,1312198.0,12.790000000000001,12.754999999999999,13.184999999999999,13.801666666666666,14.263333333333334,14.541125,47.72727272727274,45.054945054945065,-0.41967716723941173,-0.3933842313373452,-0.02629293590206655,25.45173752902449,30.36836939672427,21.78234775950059,,14.72160596599686,13.184999999999999,11.648394034003138,125140.4,83409.05,0.840663766457515,12.473246452029924
2026-04-02,1446,16.7,16.7,16.3,16.4,289826.0,4768889.0,16.65,16.875,16.427500000000002,17.2675,18.217916666666667,22.533958333333334,29.62962962962969,68.23529411764702,-0.05009698034553978,-0.09277118085097036,0.04267420050543058,24.9564574513243,25.752644245748396,19.306172498597135,,17.9105533936531,16.427500000000002,14.944446606346904,240010.6,292809.0,1.207554999654182,16.45431741803703
2026-04-02,1447,5.15,5.2,5.12,5.12,437226.0,2251611.0,5.162,5.205,5.353,5.46,5.542833333333333,5.9215833333333325,52.77777777777786,36.71875,-0.09879244206094118,-0.07336312802889579,-0.02542931403204539,20.06405835650517,24.824869018248158,10.88962067572806,,5.744816283479886,5.353,4.961183716520114,779957.0,1581993.45,0.5605770574531673,5.149764652605289
2026-04-02,1449,12.4,12.4,12.2,12.4,3654631.0,45290178.0,11.580000000000002,12.03,11.355,11.109166666666665,11.305499999999999,12.562916666666666,59.09090909090909,65.21739130434783,0.19483391872297418,0.16880543797022948,0.026028480752744693,38.5048407485965,23.47723751834892,19.866337578022264,,13.118340131980082,11.355,9.591659868019919,1413623.8,2217704.35,2.5852924943680207,12.39254469192649
2026-04-02,1451,18.4,18.4,18.1,18.15,171805.0,3124331.0,18.020000000000003,17.945,18.085,17.709166666666665,17.569166666666668,18.379166666666666,73.68421052631577,54.34782608695651,0.04879648491192867,0.060737679108524595,-0.011941194196595922,27.56787781175298,20.056281696500644,15.358422341601484,,18.542797932900523,18.085,17.62720206709948,159503.4,284019.0,1.077124374778218,18.18533220802654
2026-04-02,1452,12.6,12.6,11.85,12.0,329621.0,4011391.0,11.54,11.334999999999999,11.3125,11.674166666666666,12.1375,12.384791666666667,100.0,82.75862068965525,-0.012101426340022314,-0.11305572169624485,0.10095429535622254,48.384547342711876,10.56132313822937,22.716520117551216,,11.832494939246361,11.3125,10.792505060753639,275763.2,144778.0,1.1953045221407352,12.169707027161497
2026-04-02,1453,12.15,12.45,12.1,12.1,60596.0,741712.0,12.190000000000001,12.295,12.432500000000001,12.583333333333334,12.844166666666668,13.574791666666668,12.499999999999773,50.0,-0.16485088624822275,-0.12919618096286412,-0.035654705285358634,27.00597159977104,16.83004789765648,15.971740168559778,,13.117892703414984,12.432500000000001,11.747107296585018,70930.2,95680.6,0.8543046544349234,12.240279886461153
2026-04-02,1454,13.1,13.1,12.9,12.9,18039.0,233570.0,12.95,12.885,13.059999999999999,,,,61.53846153846156,55.88235294117651,-0.20479668793063865,-0.2214058982275494,0.01660921029691076,37.456783746035306,23.44731584860284,17.975618365337294,,13.952424255963042,13.059999999999999,12.167575744036956,23734.6,41433.7,0.7600296613382994,12.948056987637896
2026-04-02,1455,8.77,8.77,8.53,8.63,342752.0,2956242.0,8.754,8.940000000000001,8.797999999999998,8.394666666666668,8.430916666666667,8.827375,30.508474576271354,43.612334801762145,0.06407234002727691,0.12273314239956719,-0.05866080237229028,26.91066305909794,22.631756035062548,20.754821709276158,,9.470735186815007,8.797999999999998,8.12526481318499,577881.8,1057837.7,0.5931178313627458,8.625017505368312
2026-04-02,1456,16.2,16.2,14.2,14.3,364320.0,5522210.0,14.310000000000002,14.339999999999998,13.785,13.311666666666666,12.842500000000001,13.091458333333332,47.22222222222223,59.57446808510639,0.3647466754308848,0.3231258156823526,0.04162085974853219,35.641661779784975,16.375741681937857,20.84645960903309,,15.264722591355884,13.785,12.305277408644116,181766.4,147178.25,2.0043308334213585,15.15758124725516
2026-04-02,1457,15.0,15.0,14.8,14.8,132050.0,1966203.0,15.01,15.584999999999999,15.6375,15.616666666666667,16.044166666666666,16.936458333333334,11.111111111111157,42.37288135593222,-0.10982944704699094,0.013168199464120513,-0.12299764651111145,25.006344671082143,30.761949604146306,15.86898639238636,,16.587776967935934,15.6375,14.687223032064063,193847.4,181921.8,0.6812059382792857,14.889837182885271
2026-04-02,1459,11.65,11.75,11.6,11.65,168881.0,1967901.0,11.68,11.67,11.817499999999999,11.822499999999998,11.802083333333334,11.65225,54.545454545454604,50.0,-0.0595552631772005,-0.04550497598726702,-0.01405028718993348,27.66960787418755,18.13158796337361,18.946807488801138,,12.287970089658481,11.817499999999999,11.347029910341517,126875.6,201691.95,1.331075478657835,11.65258969333436
2026-04-02,1460,7.16,7.17,7.05,7.1,456652.0,3254804.0,7.138,7.122000000000002,6.9565,6.5625,6.200583333333333,6.5080833333333326,31.428571428571303,71.02803738317753,0.1473339578256363,0.14885308274104653,-0.0015191249154102304,20.179653033473887,14.84893075380179,23.094367266687524,,7.3464406162616465,6.9565,6.566559383738354,544420.2,886266.2,0.8387859230792686,7.127536942792323
2026-04-02,1463,17.8,17.95,17.8,17.95,51225.0,914433.0,17.95,17.905,17.994999999999997,18.481666666666666,18.804583333333333,20.277291666666667,39.99999999999972,50.0,-0.07125368580551239,-0.0964033629842121,0.025149677178699703,14.863301633768769,21.070803819218355,28.50932401527012,,18.396182462753025,17.994999999999997,17.59381753724697,69051.6,86558.1,0.7418365396312322,17.85130307467057
2026-04-02,1464,10.5,10.5,10.35,10.35,164418.0,1713497.0,10.39,10.415000000000001,10.6575,11.065,11.0375,12.609583333333335,50.0,27.99999999999997,-0.20234131672039624,-0.18918422272168284,-0.013157093998713398,16.23767687322201,22.79927085737266,15.569409593526812,,11.236314578072657,10.6575,10.078685421927345,324180.4,440302.6,0.5071805698308719,10.42159009354207
2026-04-02,1465,12.2,12.25,12.15,12.2,48389.0,590298.0,12.18,12.110000000000001,12.2525,12.4975,12.766666666666667,13.232291666666667,63.636363636363484,46.1538461538461,-0.08655009946032521,-0.09968322858935717,0.013133129129031959,21.090263302623228,20.386767715769427,25.625333469921177,,12.599631099154198,12.2525,11.9053689008458,82840.8,175284.45,0.5841203851242383,12.199012172187894
2026-04-02,1466,16.8,16.85,16.25,16.55,231464.0,3813817.0,16.630000000000003,17.020000000000003,17.497500000000002,15.682500000000001,15.980833333333331,15.668541666666666,47.61904761904764,48.031496062992126,0.1054761510147948,0.3414760629828876,-0.23599991196809278,22.837909118517015,22.94303416736304,23.398027573319535,,19.487864949344374,17.497500000000002,15.507135050655629,225281.4,727589.6,1.027443899052474,16.476933778038916
2026-04-02,1467,7.03,7.06,7.02,7.03,44649.0,314431.0,7.044,7.054,7.164,7.2170000000000005,7.279,7.963,51.85185185185199,48.837209302325604,-0.08207138065680386,-0.0727374068069432,-0.009333973849860663,21.576488748769542,21.172807233673694,13.920430297470489,,7.513941348469232,7.164,6.814058651530767,168701.6,153223.55,0.2646625758143373,7.042285381531501
2026-04-02,1468,11.65,11.7,11.4,11.6,41001.0,471661.0,11.72,11.830000000000002,12.33,12.291666666666666,12.349166666666665,13.093541666666665,18.181818181818358,25.714285714285793,-0.2672183760600042,-0.18596223396362296,-0.08125614209638124,14.609604966103745,23.455107712483684,25.14361288687409,,13.601716618549402,12.33,11.058283381450599,57803.4,50233.25,0.7093181369954016,11.503646252530427
2026-04-02,1470,21.8,22.0,21.6,21.6,9958.0,217061.0,21.880000000000003,22.265000000000004,22.6125,,,,36.95652173913049,42.5925925925926,-0.2701871218022731,-0.15984627590937117,-0.11034084589290194,32.23000383199779,30.642793584795452,12.979483354985804,,24.060138730739347,22.6125,21.164861269260655,11002.4,10279.15,0.9050752563077147,21.797650130548302
2026-04-02,1471,12.2,12.35,11.9,12.25,680085.0,8220342.0,12.43,12.9,12.8375,11.129,10.227916666666667,10.458375,28.9473684210526,51.388888888888886,0.19475491357209407,0.39453688935509956,-0.1997819757830055,27.565705695268743,20.920609893651097,25.565048104044315,,14.447951064633424,12.8375,11.227048935366577,901550.0,2105418.0,0.7543508402196217,12.087227331877633
2026-04-02,1472,95.7,96.5,94.3,95.9,19021.0,1813017.0,95.82000000000001,96.22999999999999,93.515,90.805,90.70499999999998,91.95916666666668,37.50000000000006,76.41509433962267,1.6987830998106404,1.632406254937865,0.06637684487277529,27.45325803927096,16.68149157523013,28.342911062606856,,99.48202341381852,93.515,87.54797658618148,24895.6,74033.95,0.7640305917511528,95.31659744492929
2026-04-02,1473,24.7,24.7,23.85,23.85,148610.0,3585040.0,23.86,23.755000000000003,24.145,24.7575,25.803333333333335,27.562291666666667,56.09756097560976,52.06611570247934,-0.33107921961234155,-0.3682034342716383,0.03712421465929677,20.02640335602196,16.829463380403872,13.717730991748848,,25.504914858015642,24.145,22.785085141984357,128863.6,112214.15,1.1532348933290704,24.123814009824372
2026-04-02,1474,10.0,10.0,9.91,9.92,82147.0,816735.0,9.953999999999999,9.989,10.072,10.567333333333334,11.132416666666668,11.94975,31.818181818182154,44.117647058823536,-0.12953930480668774,-0.14239117479618293,0.012851869989495196,15.683671415074096,22.420392091660883,22.06442070748702,,10.31965000770329,10.072,9.824349992296709,58055.6,104117.4,1.4149711655723134,9.942359428828807
2026-04-02,1475,28.5,28.85,28.5,28.85,22054.0,629303.0,28.52,28.459999999999997,28.872499999999995,31.124166666666667,33.12625,38.85333333333333,80.00000000000017,60.784313725490236,-0.6393118077251216,-0.7796019654861698,0.14029015776104814,12.603870402328473,32.28839737330207,45.004739842668705,,30.55975095628505,28.872499999999995,27.18524904371494,37581.6,37156.15,0.5868297251846648,28.5346422417702
2026-04-02,1476,331.5,332.0,321.5,322.5,1970056.0,638969550.0,332.2,345.05,369.2,394.1333333333333,410.0625,416.8354166666667,3.6363636363636402,15.78947368421052,-20.234836722163607,-15.65105966497003,-4.583777057193577,10.969938192908609,33.29008736383561,31.037648258810634,,432.0083132278412,369.2,306.3916867721588,2005654.0,2080683.75,0.9822511759256581,324.34080554055316
2026-04-02,1477,228.0,229.5,215.5,219.0,2905294.0,639715408.0,231.4,254.0,278.25,297.90833333333336,291.73333333333335,283.01458333333335,0.961538461538467,14.492753623188406,-20.833213889197253,-13.680948678949704,-7.152265210247549,8.649385501919001,44.331261035717375,33.03510679295348,,342.6104160792554,278.25,213.88958392074463,2641069.8,1926989.9,1.1000443835297349,220.18956016155335
2026-04-02,1503,184.5,186.5,179.0,179.0,1061396.0,192851299.0,182.7,189.95,201.7,194.08333333333334,187.6375,179.468125,30.769230769230774,31.297709923664115,-6.703771162556734,-3.3863710580196162,-3.3174001045371178,19.990802662484764,31.029699821615914,21.011316013973182,,233.40654921554759,201.7,169.9934507844524,1414352.4,3100426.8,0.7504466355061158,181.6958976668463
2026-04-02,1504,62.6,62.6,60.6,60.7,4493695.0,275186755.0,61.9,64.07,69.05499999999999,79.55333333333334,88.67999999999999,,33.61344537815128,32.911392405063296,-5.214141215288308,-4.8395908407110015,-0.3745503745773062,12.872219150389816,45.37488431090756,34.47203539741583,,82.29520591348813,69.05499999999999,55.81479408651186,7004560.6,9341372.85,0.6415384571017917,61.23841404456689
2026-04-02,1506,11.15,11.2,11.0,11.1,151154.0,1668226.0,11.19,11.275,11.379999999999999,11.715833333333332,12.3,12.167708333333334,43.750000000000014,40.624999999999964,-0.1722000646009132,-0.15744360515425104,-0.014756459446662151,9.401786062048572,22.549020245627656,31.761179281161514,,11.749067102727777,11.379999999999999,11.010932897272221,139956.4,173318.3,1.0800077738495704,11.036598436032126
2026-04-02,1512,7.83,7.92,7.53,7.58,87362.0,672257.0,7.561999999999999,7.625,7.597500000000001,7.718666666666667,7.852333333333333,7.8222916666666675,42.69662921348315,60.944206008583684,-0.04576663396842484,-0.051909297766237504,0.006142663797812663,26.14868003553469,25.423437390821835,18.203529698809657,,8.146216205049752,7.597500000000001,7.04878379495025,85437.0,119253.25,1.0225312218359728,7.695073372862343
2026-04-02,1513,147.0,148.0,143.5,144.0,2855384.0,413978290.0,146.6,151.9,156.675,157.58333333333334,156.6,153.64624999999998,19.512195121951223,41.17647058823529,-4.333504928890193,-2.655904749312002,-1.677600179578191,19.35358653921187,32.251626287849135,15.62795505305974,,173.837612364029,156.675,139.512387635971,4775847.0,4899389.65,0.5978801247192382,144.98165220509745
2026-04-02,1514,103.5,104.5,100.5,100.5,1237336.0,126036916.0,103.8,109.05,113.575,111.54666666666667,107.29833333333335,105.3375,16.216216216216225,33.846153846153854,-3.8465561362727385,-1.986156500611778,-1.8603996356609604,18.670082277878922,34.08443591984061,18.01434085098433,,128.16149339195934,113.575,98.98850660804068,1959002.6,3541374.0,0.631615292394201,101.86151215191346
2026-04-02,1515,23.8,23.8,23.55,23.6,134432.0,3175974.0,23.869999999999997,24.12,24.8925,26.679166666666667,27.863333333333337,29.180625000000003,36.666666666666714,39.130434782608695,-0.7738159751009306,-0.7194611056691582,-0.05435486943177237,16.604857990083996,27.686819944623515,17.049455788701046,,26.909865400192672,24.8925,22.875134599807325,172993.6,269425.5,0.77709233173944,23.625133896691263
2026-04-02,1516,20.5,21.8,20.35,20.35,145719.0,3042038.0,20.32,21.26,22.1475,21.68,19.05125,17.66645833333333,22.38805970149255,30.76923076923076,-0.438149078125722,-0.09037630852858768,-0.3477727695971343,26.30361618527943,25.55926087141313,19.58781988016964,,25.13369190697165,22.1475,19.161308093028353,78556.8,122473.3,1.8549508126603935,20.8760559707382
2026-04-02,1517,11.2,11.3,11.05,11.15,251128.0,2796072.0,11.25,11.325,11.5525,11.608333333333333,11.547916666666667,11.420666666666667,25.0,42.857142857142854,-0.15805015100482045,-0.1178472461371029,-0.04020290486771755,16.987885040383212,18.908306555604547,11.742014842449867,,12.24795517090392,11.5525,10.85704482909608,255287.6,280255.0,0.983706219965247,11.134051161160842
2026-04-02,1519,824.0,832.0,797.0,797.0,2208904.0,1786357488.0,819.0,863.0,905.4,865.6833333333333,752.4166666666666,637.7783333333333,31.25,39.77900552486188,-27.258992598225518,-10.025262561892205,-17.233730036333313,19.7259598497233,30.20427184549448,19.994580562487076,,1045.129663806106,905.4,765.6703361938941,3481804.8,3587271.4,0.6344135087641903,808.7076160847189
2026-04-02,1521,24.7,24.7,24.15,24.55,13314.0,326354.0,24.770000000000003,24.915,25.322499999999998,25.360000000000003,25.134166666666665,,25.000000000000227,26.92307692307689,-0.3429487124018351,-0.26337575909577,-0.07957295330606512,18.564717480127257,29.01216698525361,15.252883926187174,,26.764163877901197,25.322499999999998,23.8808361220988,18349.8,24135.95,0.7255664911879148,24.512092534174553
2026-04-02,1522,32.4,32.4,31.65,31.65,500828.0,15941115.0,31.93,32.470000000000006,36.6275,44.2025,44.19500000000001,46.123333333333335,42.46575342465749,18.92857142857143,-3.746762376703259,-3.5817102087905344,-0.1650521679127248,9.760845548671464,46.12588662848938,52.13227256011912,,46.40795715216136,36.6275,26.847042847838637,646778.4,929740.3,0.774342495049309,31.82952031435942
2026-04-02,1524,31.0,31.05,30.05,30.1,1136180.0,34524021.0,30.140000000000004,29.440000000000005,29.535000000000004,30.152499999999996,29.7125,30.735000000000003,69.38775510204083,56.48854961832062,-0.2139665662106367,-0.38943060283104275,0.17546403662040605,29.50485799517458,22.801441455462143,14.222074384423324,,31.173066896647903,29.535000000000004,27.896933103352104,938559.4,821394.6,1.210557371222322,30.386048865496665
2026-04-02,1525,65.9,65.9,63.1,63.8,33142.0,2127596.0,62.720000000000006,61.86999999999999,62.14,63.47833333333333,64.81416666666667,,84.44444444444439,63.6363636363636,-0.07935373317870642,-0.41697237667157455,0.33761864349286813,28.154231711044897,11.315658595516094,13.900207903622723,,64.42256550029958,62.14,59.85743449970042,49237.8,32111.05,0.6731007477994548,64.19636714742623
2026-04-02,1526,17.0,17.0,16.65,16.75,69691.0,1171202.0,16.82,17.15,17.927500000000002,18.335,17.94375,19.420833333333334,29.411764705882305,26.229508196721383,-0.6645328375746651,-0.5317916945259175,-0.13274114304874762,16.6446117784186,27.02586513912738,17.825100920566925,,19.939954641528967,17.927500000000002,15.915045358471037,77408.2,136366.65,0.9003051356316256,16.805642048471107
2026-04-02,1527,32.65,32.95,32.55,32.75,178034.0,5816969.0,32.62,32.445,32.777499999999996,33.545833333333334,33.198750000000004,35.47270833333333,80.00000000000028,50.0,-0.3347055612559018,-0.38112292864079156,0.046417367384889774,20.101672271225155,18.47721255485933,10.38602805024561,,33.9524468073075,32.777499999999996,31.602553192692493,142364.6,331055.1,1.2505496450662594,32.673360144691465
2026-04-02,1528,27.0,27.4,25.25,25.45,36492422.0,965047818.0,25.689999999999998,24.055,23.365,21.568333333333335,18.552500000000002,16.34208333333333,73.22404371584699,66.79389312977099,0.6570033246569054,0.3116442135467126,0.34535911111019274,31.887898860104112,15.801376795664437,23.91920223562705,,26.736568430895158,23.365,19.99343156910484,48022065.8,15879212.35,0.7599094581224785,26.445156695820298
2026-04-02,1529,23.75,23.8,22.75,22.75,941734.0,21727273.0,23.45,24.82,25.775,22.7475,22.447499999999998,24.007749999999998,18.98734177215195,34.821428571428584,-0.11987696028466743,0.517775873832705,-0.6376528341173724,21.41299623823083,30.538412972278905,25.074503682308322,,29.45174054736421,25.775,22.098259452635787,956566.8,3990423.85,0.9844937123052985,23.071560546821075
2026-04-02,1530,26.75,27.0,26.5,26.55,21517.0,575662.0,26.54,26.405,26.96,27.589999999999996,27.45,28.738125000000004,60.86956521739131,53.12499999999999,-0.4578741849129777,-0.4601125186029357,0.0022383336899580164,21.853596049186788,26.34986083574043,24.820385838077385,,28.862242444009357,26.96,25.057757555990644,22717.4,31212.65,0.9471594460633699,26.75382255890691
2026-04-02,1531,13.3,13.3,12.95,13.05,96641.0,1264032.0,12.87,12.790000000000001,12.477500000000001,12.1825,11.971250000000001,12.299375,71.42857142857144,72.46376811594205,0.2068545071683996,0.14895472300994098,0.05789978415845862,38.24338528469879,17.000815287468562,22.744522610238167,,13.49909575896572,12.477500000000001,11.455904241034283,148253.6,141175.85,0.6518627540916375,13.079665980277522
2026-04-02,1532,22.0,22.0,21.7,21.7,258807.0,5649504.0,21.78,22.055,22.847500000000004,25.055833333333336,25.735833333333336,26.29,38.461538461538446,39.047619047619015,-0.8073270037481386,-0.7691796332518415,-0.03814737049629713,13.578503073366981,33.18605533730845,39.234311406123034,,24.71930605158205,22.847500000000004,20.97569394841796,576961.2,657606.75,0.44856915855000307,21.829023171707103
2026-04-02,1533,29.6,29.65,29.25,29.3,58876.0,1727251.0,29.589999999999996,29.99,30.215000000000003,31.259999999999998,31.655416666666664,31.473333333333333,36.36363636363641,47.9591836734694,-0.4255515051419074,-0.36062780141438067,-0.06492370372752676,26.933590759302838,22.76549457744612,11.228217131736749,,31.376260657986442,30.215000000000003,29.053739342013564,65801.6,73739.15,0.8947502796284588,29.33709830830899
2026-04-02,1535,53.0,53.1,52.5,52.6,27825.0,1470456.0,52.9,52.92999999999999,51.815,52.019999999999996,53.561666666666675,55.048125000000006,48.14814814814812,72.46376811594205,0.5921635533555119,0.44444327519845356,0.1477202781570583,28.918508218430667,18.852766879371455,25.058583253563597,,54.69233429263581,51.815,48.93766570736418,58540.8,88818.25,0.4753095277140046,52.846576819407005
2026-04-02,1536,49.85,49.85,47.9,47.95,2130552.0,102997949.0,49.50000000000001,50.38,53.225,57.531666666666666,59.98166666666667,60.91354166666667,14.606741573033418,30.049261083743815,-2.6894418232554997,-2.378613926921065,-0.31082789633443486,13.837245191856507,35.41916124624061,30.22642360077755,,61.63655220671661,53.225,44.813447793283395,1363222.2,1724424.55,1.5628794777549837,48.343316192235626
2026-04-02,1537,124.0,124.5,123.5,124.5,39522.0,4896346.0,123.9,123.7,123.85,124.175,125.12083333333334,133.85625,66.66666666666666,61.11111111111111,0.016764926235438793,-0.07098302592149879,0.08774795215693758,19.04176936362957,17.751057307376396,10.49010372583634,,125.60018795982461,123.85,122.09981204017538,41487.2,58977.5,0.9526311729882952,123.88912504427914
2026-04-02,1538,12.65,12.8,12.65,12.65,23681.0,300286.0,12.940000000000001,14.395,17.1325,,,,0.0,20.958083832335333,-3.0145100951696833,-2.7243672081723433,-0.2901428869973399,10.641502289849756,50.61808588505983,46.39632782029436,,24.441994546568594,17.1325,9.823005453431406,57703.0,33992.05,0.4103946068661941,12.680461129175288
2026-04-02,1539,16.35,16.4,16.2,16.2,71000.0,1157100.0,16.52,16.64,16.927500000000002,17.483333333333334,17.485833333333336,18.610208333333333,41.025641025641,48.275862068965495,-0.36429266936427496,-0.3215997532642145,-0.04269291610006043,17.979379891678068,29.953340456841325,17.1484163567399,,18.15287856663966,16.927500000000002,15.702121433360343,78292.2,110684.8,0.9068591762653241,16.29718309859155
2026-04-02,1540,22.4,22.5,21.85,21.9,164385.0,3620891.0,22.11,22.064999999999998,22.465,23.252499999999998,23.545,26.66583333333333,54.54545454545453,49.5145631067961,-0.44779944242067415,-0.4558637560322165,0.008064313611542362,20.053503124490607,24.812403748259186,16.053592744861493,,23.893690972443636,22.465,21.036309027556364,205326.2,248981.6,0.800604111896095,22.02689418134258
2026-04-02,1541,26.3,26.3,25.6,25.75,36770.0,954712.0,25.830000000000002,25.55,25.192500000000003,24.675833333333333,,,64.10256410256409,68.31683168316832,0.2809107123715613,0.20073695710184644,0.08017375526971485,25.171097199179293,14.660726562107088,21.70812348347529,,26.412627258246427,25.192500000000003,23.972372741753578,53264.8,37492.4,0.6903245670686832,25.964427522436768
2026-04-02,1558,92.2,92.8,92.0,92.0,25328.0,2335487.0,92.3,92.74,94.21,97.57666666666665,95.32166666666667,97.885,39.999999999999936,41.489361702127695,-1.3140427353725102,-1.2544219604238382,-0.059620774948671906,30.429600285935816,23.961009155982527,10.44528210243463,,98.58740610527806,94.21,89.83259389472192,38166.6,44024.6,0.6636168796801392,92.20968888186987
2026-04-02,1560,460.0,474.5,442.5,443.0,1998946.0,913266251.0,445.8,451.75,465.975,409.6666666666667,367.22083333333336,324.75,48.192771084337345,48.03921568627451,4.54422679536583,10.239396122991817,-5.695169327625987,27.90525103412161,20.758159312557595,24.68474853883871,,514.6127317251559,465.975,417.3372682748441,1648796.8,2538624.9,1.212366496587087,456.8738980442693
2026-04-02,1563,41.9,42.15,41.0,41.6,882611.0,36574266.0,41.980000000000004,41.09,41.747499999999995,43.42583333333333,45.12875,50.948750000000004,60.13071895424838,54.424778761061944,-0.7343175419377914,-0.9482020739083566,0.21388453197056523,19.816752559716836,30.25867216574543,30.310113067379934,,44.78524067705787,41.747499999999995,38.70975932294212,1583171.2,734988.2,0.5574956138666495,41.43871535704857
2026-04-02,1565,103.0,107.0,103.0,106.0,361027.0,38064449.0,105.0,104.6,106.8,110.40833333333333,111.20416666666667,111.60208333333334,85.71428571428571,36.666666666666664,-1.6677587396830802,-1.794625575080942,0.1268668353978617,13.334517862012158,15.081222420003218,31.866669553906217,,112.4326118088747,106.8,101.1673881911253,251616.2,187949.7,1.434832097456364,105.43380135003753
2026-04-02,1568,22.55,22.85,22.55,22.55,106844.0,2428500.0,22.520000000000003,22.529999999999998,22.297500000000003,22.497500000000002,22.689583333333335,23.521666666666665,55.55555555555564,77.19298245614038,-0.05077792419217175,-0.09645097089054687,0.04567304669837512,22.028333499440812,23.04725257801266,15.452113497184916,,23.255829138053542,22.297500000000003,21.339170861946464,76793.2,109452.6,1.3913211065563098,22.729399872711618
2026-04-02,1569,52.0,56.1,52.0,56.1,3516950.0,194163982.0,53.55,52.335,52.427499999999995,51.98416666666667,51.89208333333333,51.846041666666665,83.88888888888893,59.45273631840797,0.5706976278381006,0.022689404262855022,0.5480082235752456,21.45356271024095,17.143334085712624,21.26623707537781,,57.615895452201265,52.427499999999995,47.239104547798725,2329370.0,1263993.0,1.5098288378402744,55.20805868721477
2026-04-02,1570,31.7,33.0,31.55,32.0,441657.0,14172822.0,31.839999999999996,31.815000000000005,31.314999999999998,31.004166666666666,30.827083333333334,30.738541666666663,60.00000000000005,65.82278481012656,0.25088527686807893,0.1873384336142356,0.06354684325384333,25.4360702240647,9.597148155496429,33.46628895439522,,32.54193456266121,31.314999999999998,30.088065437338788,308394.2,186421.95,1.4321183731730363,32.09011065147841
2026-04-02,1580,127.5,128.5,127.0,128.5,133082.0,17021156.0,128.7,129.4,129.975,129.925,129.9625,129.98125,0.0,43.47826086956522,-0.37201372602032734,-0.14171753560711445,-0.2302961904132129,15.099209177638585,23.933607971893796,25.714555515289295,,132.84911313552362,129.975,127.10088686447637,88849.2,55303.1,1.497841286134259,127.89976104957846
2026-04-02,1582,111.0,112.5,103.0,105.0,21432933.0,2291608257.0,103.12,94.78999999999999,88.95,74.43499999999999,71.39833333333334,74.82458333333334,82.12290502793294,66.156462585034,7.962302285670134,6.402339863718055,1.5599624219520791,44.45380796583468,13.667610177357773,48.46807824004139,,109.83761909789956,88.95,68.06238090210044,21176032.0,10463726.05,1.0121316873718362,106.91995617212072
2026-04-02,1583,43.95,43.95,43.55,43.55,9268.0,405710.0,44.230000000000004,44.12,45.0175,,,,50.98039215686269,48.404255319148916,-0.8245360632769305,-0.8065140547599361,-0.018022008516994426,19.61397497376517,31.899644062853643,20.25246636208615,,49.1873510638548,45.0175,40.8476489361452,14616.0,21740.1,0.6340996168582376,43.7753560638757
2026-04-02,1584,21.7,21.7,21.15,21.25,1465677.0,31315760.0,21.49,21.805,22.5325,23.866666666666667,24.258333333333333,24.454166666666666,16.666666666666273,23.655913978494567,-0.7090644580177035,-0.6176524833030748,-0.0914119747146287,8.645011500071794,21.371853734275366,49.76700599864465,,24.452827548814724,22.5325,20.612172451185273,1088806.2,1037635.0,1.3461321215841717,21.36607178798603
2026-04-02,1586,22.75,22.85,22.45,22.65,194100.0,4397554.0,22.610000000000003,22.77,23.265,24.1475,24.34875,24.449375,27.272727272727153,31.24999999999997,-0.47237465141494184,-0.44303999958646423,-0.02933465182847761,8.201528185665152,20.333000342833536,57.06109510229445,,24.678506278726804,23.265,21.851493721273197,204860.0,395314.45,0.9474763252953237,22.656125708397735
2026-04-02,1587,37.3,37.7,35.8,36.2,643528.0,23487075.0,35.33,35.215,37.6075,44.01416666666667,42.08291666666666,36.37083333333333,67.8571428571429,43.56435643564357,-2.501210614692738,-2.7199911179150718,0.21878050322233378,21.352764502473633,32.633561210058765,36.92953672802921,,44.00916713483795,37.6075,31.205832865162055,401305.8,516748.6,1.6035850964526304,36.49736297410524
2026-04-02,1589,5.54,5.54,5.54,5.54,8432214.0,46714700.0,6.465999999999999,7.159999999999999,8.1625,14.175,17.357916666666664,22.873125,0.0,43.036386449184434,-2.198371333789967,-2.241538488431998,0.043167154642031136,16.453406779077852,50.912571866250836,39.97625458588339,,12.769816264149892,8.1625,3.5551837358501075,2487668.8,1913122.55,3.3896047576751376,5.540027802899689
2026-04-02,1590,1025.0,1040.0,991.0,996.0,780687.0,784752571.0,998.2,987.6,1032.75,1014.4666666666667,934.2083333333334,900.075,64.62585034013605,54.205607476635514,-21.846392948734433,-18.848231789990315,-2.998161158744118,23.438189295607867,22.441612639689154,18.30912212682508,,1200.6733847857297,1032.75,864.8266152142703,687949.2,873420.65,1.134803267450562,1005.2076837452141
2026-04-02,1591,53.2,53.2,50.2,53.2,2060427.0,109115187.0,48.010000000000005,45.065000000000005,45.917500000000004,48.50666666666666,49.07833333333333,49.36416666666666,89.0625,61.274509803921575,0.057376655657719766,-1.1522739797350308,1.2096506353927505,34.21551117969675,19.262673762616163,34.93851606149908,,54.57467074240525,45.917500000000004,37.260329257594755,1297256.2,482037.25,1.5882961283977677,52.957560253287305
2026-04-02,1593,33.6,33.6,33.0,33.55,39276.0,1307740.0,33.83,33.904999999999994,33.440000000000005,30.63083333333333,29.940416666666668,29.595208333333336,0.0,41.96428571428566,0.9157980007587554,1.0747191067042188,-0.15892110594546338,29.515701091549957,19.35616509310854,43.7172901948538,,36.386827017943936,33.440000000000005,30.49317298205607,31765.6,90728.75,1.2364318633994007,33.29616050514309
2026-04-02,1595,44.7,45.05,43.25,43.5,503337.0,22062015.0,43.2,42.375,41.5,41.015,40.88250000000001,40.81625,91.66666666666673,66.12021857923503,0.6958176081984249,0.4002574509897172,0.29556015720870765,19.603779984483857,13.21383648194556,19.101302531153294,,44.18445819290852,41.5,38.81554180709148,404002.2,285607.15,1.2458768788882832,43.83149857848718
2026-04-02,1597,87.9,87.9,85.6,85.7,591917.0,51147235.0,85.88,84.31,80.445,77.28166666666667,77.84083333333334,81.9675,60.91954022988507,72.25433526011564,2.412885604687645,1.7432890444195934,0.6695965602680516,24.675160472919323,11.490342372063981,26.585252055137065,,90.72353665603524,80.445,70.16646334396475,1048353.6,904143.85,0.5646157937550842,86.40947126032873
2026-04-02,1598,19.9,19.9,19.4,19.65,298356.0,5873033.0,19.53,19.595,19.53,20.44,21.365000000000002,22.645625,59.9999999999999,59.999999999999964,-0.1532530469465776,-0.20876523530373617,0.05551218835715857,18.52721899561296,18.350992471642087,15.265320672147215,,20.414605175085036,19.53,18.645394824914966,418838.6,343076.5,0.7123412216543556,19.684648540669535
2026-04-02,1599,25.55,25.55,25.1,25.4,27754.0,700712.0,25.58,25.71,26.380000000000003,26.505,26.5775,26.613749999999996,9.090909090908625,5.5555555555554434,-0.32445187309158996,-0.24000882667167553,-0.08444304641991443,19.257725334720817,20.860153710933783,20.785445747741253,,28.541967914460997,26.380000000000003,24.218032085539008,25052.4,43385.7,1.1078379716115023,25.247243640556317
2026-04-02,1603,32.0,32.2,31.75,31.75,208229.0,6635686.0,32.05,32.75,34.775,37.374166666666675,38.085,37.579166666666666,24.137931034482804,23.353293413173702,-1.7438024678118538,-1.5147658496608378,-0.22903661815101595,10.789461528548221,37.983601493666306,37.49229885665564,,39.604786962720304,34.775,29.945213037279693,335491.8,429744.5,0.6206679269061122,31.867251919761415
2026-04-02,1604,25.5,25.55,25.4,25.4,233768.0,5955075.0,25.35,25.2,24.785000000000004,24.495,24.611666666666665,25.274375,79.99999999999982,81.48148148148148,0.30702500022957224,0.23767084579788483,0.06935415443168741,30.46079822385432,20.08675634053145,25.570013968281675,,25.86159306684504,24.785000000000004,23.70840693315497,290807.6,349475.3,0.8038579459408902,25.47429502754868
2026-04-02,1605,31.0,31.2,30.0,30.1,15067174.0,457247184.0,30.47,30.875,32.339999999999996,33.2025,30.1875,26.07854166666667,47.872340425531924,48.44961240310078,-1.2060086507349936,-1.018578766145012,-0.18742988458998155,24.717575512210043,29.73625989397619,12.564085035324874,,36.760835834283675,32.339999999999996,27.919164165716317,19529608.2,32048876.55,0.7715041615632617,30.34724255523962
2026-04-02,1608,31.85,32.1,31.2,31.2,1455182.0,45837488.0,31.580000000000002,32.05499999999999,33.345,35.530833333333334,33.95458333333333,29.858124999999998,37.50000000000002,31.176470588235276,-1.1364941605779322,-1.0234700944457213,-0.11302406613221083,11.045567882438444,28.053784415813443,28.974464789385507,,36.690523324651544,33.345,29.999476675348458,1513560.0,3022397.25,0.9614300060783847,31.499488036548005
2026-04-02,1609,32.9,33.25,32.3,32.35,2731794.0,89393732.0,32.230000000000004,32.769999999999996,35.345,38.100833333333334,39.38375,38.63895833333333,50.58823529411769,33.823529411764724,-1.9001377716526733,-1.6951871570450872,-0.20495061460758612,16.085379054975263,33.719049531286636,29.097025126802684,,41.54363312606739,35.345,29.146366873932607,2581133.8,3888672.3,1.058369775328966,32.723452793292616
2026-04-02,1611,12.3,12.3,12.15,12.2,249748.0,3048234.0,12.23,12.825,12.9125,12.921666666666665,12.860416666666667,13.183458333333334,20.000000000000043,50.0,-0.20445552086550656,-0.07700867416988427,-0.12744684669562228,22.137358034399586,28.505790971328928,19.72353076685339,,13.986535675189096,12.9125,11.838464324810904,476832.8,814788.9,0.5237643048045353,12.205238880791839
2026-04-02,1612,34.75,35.2,34.55,34.55,336459.0,11676591.0,34.720000000000006,35.07,35.067499999999995,35.310833333333335,36.266666666666666,35.325,32.60869565217385,58.82352941176468,-0.2374872320005963,-0.1796740002422501,-0.057813231758346184,19.346826725572434,29.781023281597186,15.196108031634306,,36.679061844593065,35.067499999999995,33.455938155406926,412682.8,688403.7,0.8152968817697273,34.70435030716967
2026-04-02,1614,31.6,31.7,31.45,31.5,113067.0,3564929.0,31.830000000000002,31.970000000000006,32.660000000000004,33.61416666666666,34.78125,36.700624999999995,35.294117647058854,43.20987654320991,-0.572660120019286,-0.5038173441504646,-0.06884277586882137,18.42736508941166,42.06168341707837,33.79098568774153,,34.78122109818102,32.660000000000004,30.538778901818986,63244.0,53195.5,1.7877901461008159,31.529349854511043
2026-04-02,1615,45.65,46.1,44.8,45.0,67262.0,3034174.0,45.410000000000004,45.654999999999994,46.025,47.925,47.934999999999995,50.29916666666667,44.73684210526318,58.44155844155843,-0.6908361414508519,-0.7088460340970383,0.018009892646186354,22.114833581594002,28.88802303710553,13.831542558297155,,48.69520598456414,46.025,43.35479401543586,69142.6,132492.1,0.9728011385166307,45.10977966756861
2026-04-02,1616,23.35,23.55,23.05,23.05,300902.0,6974319.0,23.259999999999998,23.685000000000002,25.5,27.675,31.082083333333333,30.315583333333333,23.809523809523924,27.044025157232724,-1.3941080600209048,-1.233379946134221,-0.16072811388668384,11.146353394475236,38.7380890516295,36.01948501082571,,29.846928740351085,25.5,21.153071259648915,354335.6,887901.1,0.8492005883687669,23.178041355657324
2026-04-02,1617,14.75,14.9,14.6,14.7,106160.0,1563067.0,14.62,14.675,14.9725,15.171666666666669,15.189583333333333,15.871250000000002,66.66666666666657,52.272727272727266,-0.2701247829282032,-0.2500694301386454,-0.02005535278955778,19.474476712253086,25.722715912539947,19.92176520883896,,15.915884165762117,14.9725,14.029115834237883,89921.8,119225.95,1.1805813495726287,14.723690655614167
2026-04-02,1618,39.15,39.4,38.35,38.4,504454.0,19466891.0,38.86999999999999,39.690000000000005,41.5325,42.973333333333336,43.99208333333333,44.94929166666667,32.32323232323233,33.49514563106797,-1.4683657815351623,-1.1747530495282832,-0.2936127320068791,15.960345316354097,33.580956670023234,22.03242671597532,,46.49565635988115,41.5325,36.569343640118845,496527.2,769147.4,1.0159644829125172,38.59002208328212
2026-04-02,1626,10.15,10.15,9.96,9.97,119208.0,1192552.0,10.094,10.142,10.4635,11.127833333333335,11.584750000000001,11.955291666666666,28.301886792452933,27.972027972027945,-0.2743392677722323,-0.26104137423362855,-0.013297893538603722,18.76459131499113,34.29656794576222,27.78153048959803,,11.1996714617211,10.4635,9.727328538278899,106869.2,116380.9,1.1154570259719359,10.003959465807664
2026-04-02,1702,36.6,36.65,36.15,36.3,173304.0,6305215.0,36.25,35.864999999999995,36.42,37.589999999999996,38.391666666666666,41.39812500000001,79.99999999999991,49.36708860759488,-0.39966304569964706,-0.516645139284964,0.11698209358531697,23.18253961149213,32.03763180818926,23.368085554523365,,38.29122251061042,36.42,34.548777489389586,234209.8,363197.55,0.7399519576038236,36.38239740571481
2026-04-02,1707,122.0,122.0,120.5,120.5,59756.0,7240239.0,121.7,120.65,120.925,123.88333333333334,125.50833333333334,129.83125,53.33333333333333,57.14285714285714,-0.4146238050176976,-0.7184995940051032,0.30387578898740564,17.794641518299112,20.351682045504077,21.5634659813364,,124.07518796431437,120.925,117.77481203568563,127053.4,137515.5,0.4703219276304294,121.16338108307116
2026-04-02,1708,41.5,42.65,41.3,41.8,4447955.0,186415172.0,42.39,43.01,40.347500000000004,35.68333333333333,33.27,33.32479166666666,37.113402061855695,62.49999999999999,1.9850067132668485,2.1444041081403866,-0.1593973948735381,31.494619213382848,18.15786917594013,38.09355248242274,,47.64475795653454,40.347500000000004,33.05024204346547,11100972.2,10900520.65,0.4006815727364852,41.91030979405142
2026-04-02,1709,18.3,18.3,17.8,17.8,433090.0,7745215.0,18.029999999999998,18.13,17.64,17.095833333333335,16.847083333333334,17.564791666666668,40.625000000000014,58.33333333333334,0.2913493539535601,0.30403161909065696,-0.01268226513709686,29.720410690605586,13.01898939373417,43.51335443054275,,18.970453029294063,17.64,16.309546970705938,641235.2,1093207.25,0.6753996037647341,17.883615414809857
2026-04-02,1710,14.7,14.7,14.15,14.2,8656083.0,124238380.0,14.75,14.895000000000001,14.132499999999999,13.080833333333333,12.625416666666666,12.939791666666668,38.23529411764706,55.10204081632653,0.46376676051178833,0.4992659325414792,-0.035499172029690884,34.979651699109596,20.64583963429549,34.290146897604195,,15.921435290524654,14.132499999999999,12.343564709475343,17998705.2,13935093.1,0.48092809476094983,14.352725129830663
2026-04-02,1711,39.5,39.5,37.5,37.5,4788601.0,182522205.0,37.980000000000004,39.260000000000005,34.127500000000005,24.783333333333335,21.92625,19.687708333333333,44.66019417475728,68.42105263157895,3.926618266833991,4.118589942035466,-0.19197167520147485,36.52681093990854,18.9705330975855,46.62804567659239,,46.68655942673288,34.127500000000005,21.568440573267132,4806147.0,25456661.8,0.9963492585640847,38.115976879259726
2026-04-02,1712,43.95,44.0,43.4,43.55,672805.0,29362149.0,44.19,44.230000000000004,45.404999999999994,44.821666666666665,43.94666666666667,42.91916666666667,28.5714285714285,33.333333333333286,-0.4266438045152299,-0.17973760929491792,-0.24690619522031196,18.425430508063435,24.482609709352626,20.34813633173354,,48.03776920450891,45.404999999999994,42.772230795491076,571801.4,970741.05,1.1766410505465708,43.641395352293756
2026-04-02,1713,46.65,46.65,45.6,45.7,171645.0,7893062.0,46.730000000000004,47.355,47.0675,45.9175,46.75416666666667,49.69666666666667,14.285714285714292,57.23270440251576,-0.011847849488638929,0.18050047811157546,-0.1923483276002144,22.02343758253853,29.927404420367274,17.166154139597985,,49.4067025181787,47.0675,44.72829748182131,137012.0,260262.75,1.2527734796952092,45.98480584928195
2026-04-02,1714,9.7,9.78,9.51,9.53,3104418.0,29732279.0,9.709999999999999,9.662,9.718,8.993333333333332,8.526416666666666,8.28825,58.42696629213475,45.81818181818181,0.13007561936487022,0.17756552991851998,-0.04748991055364976,31.136216579344683,14.767986190707157,42.61972368877853,,10.137553647532563,9.718,9.298446352467437,5767686.4,6654914.6,0.5382432026817546,9.577408390236108
2026-04-02,1717,60.8,65.0,60.1,61.9,34562820.0,2175063417.0,60.3,61.56,62.330000000000005,52.751666666666665,46.83541666666667,37.26083333333334,57.39130434782607,57.28813559322034,1.1501350077439056,1.9196190518840082,-0.7694840441401025,33.41313221657985,21.634736418769112,29.402726441176238,,68.43370034444101,62.330000000000005,56.226299655559004,15458683.2,35991347.7,2.235819154376616,62.93072778783676
2026-04-02,1718,7.53,7.53,7.3,7.37,5402901.0,39882767.0,7.506,7.551,7.428,7.1433333333333335,6.848833333333333,6.721416666666666,37.50000000000002,43.44827586206899,0.09999719586872491,0.12268400640389282,-0.02268681053516791,30.725811039320494,14.282088380604424,36.16755541626596,,7.836880371129196,7.428,7.019119628870804,7606409.4,11168822.9,0.7103089928343851,7.381731962144041
2026-04-02,1720,64.5,65.0,63.8,63.9,236964.0,15211505.0,63.5,63.02,63.48,61.95666666666667,59.45,58.64083333333333,78.26086956521755,48.19277108433732,0.46425347597309496,0.46489123367544977,-0.000637757702354802,32.04903687394525,16.74419278307755,20.6166663834851,,65.6560417952649,63.48,61.30395820473509,264452.4,419699.7,0.8960553959805242,64.19331628433011
2026-04-02,1721,17.55,17.55,17.0,17.3,796162.0,13702565.0,17.7,18.19,18.12,15.7725,14.087083333333332,13.302708333333333,28.94736842105263,56.02094240837698,0.2191220796114628,0.49067789654839367,-0.27155581693693087,20.982162292427372,26.71720140092127,15.802435492118937,,20.722508910950744,18.12,15.517491089049258,1055473.4,2448841.25,0.7543174465599987,17.210774942788024
2026-04-02,1722,46.0,46.05,45.4,45.55,1715230.0,78214189.0,45.879999999999995,45.94,46.522499999999994,46.83,47.93875,50.284375,58.20895522388054,38.55421686746986,-0.3071131915304548,-0.2136747369906111,-0.0934384545398437,29.634107187562837,21.753755930034536,25.430955462865505,,48.295536348961356,46.522499999999994,44.74946365103863,3616210.4,4850269.45,0.47431698111370957,45.59982567935496
2026-04-02,1723,84.7,87.4,83.2,85.2,3871982.0,329300558.0,85.86,80.11,75.67,72.50999999999999,77.07000000000001,84.05166666666668,80.19801980198021,72.04030226700252,3.6154535391131333,2.0887537151438687,1.5266998239692646,42.114874752087715,9.755183124564915,37.60042674120681,,89.11745720436203,75.67,62.22254279563798,4931223.6,1952680.05,0.7851970046541796,85.04702707812174
2026-04-02,1725,29.7,29.75,28.9,28.9,196413.0,5736569.0,30.660000000000004,31.655,30.165,27.91166666666667,27.448333333333334,28.874791666666667,29.166666666666643,54.767184035476724,0.7245480427068962,1.0035486825846718,-0.27900063987777557,28.66013440019266,20.371564249069955,34.421108660594534,,34.91818175984349,30.165,25.41181824015651,253867.4,431198.05,0.7736834268598489,29.20666656484041
2026-04-02,1726,75.0,75.3,75.0,75.0,18696.0,1403096.0,75.14,75.30999999999999,75.84,,,,22.2222222222224,50.0,-0.28941333228050325,-0.1943986306085728,-0.09501470167193046,19.488893756833615,21.575237827106637,16.293504610278585,,77.54126887630184,75.84,74.13873112369816,21554.8,22689.55,0.8673706088667026,75.04792468977321
2026-04-02,1727,49.5,50.0,48.1,48.1,2631100.0,128166503.0,49.11,50.805,50.055,44.483333333333334,40.805,33.608125,25.89285714285718,56.51105651105651,1.2113409277271714,1.8633411897192613,-0.6520002619920899,25.5450763759364,23.543607804985875,28.91034864168707,,55.887206407437105,50.055,44.222793592562894,4269353.2,7676374.35,0.6162760204519973,48.7121367488883
2026-04-02,1730,53.0,53.0,52.8,52.8,10338.0,547134.0,52.919999999999995,52.81999999999999,53.05499999999999,53.013333333333335,52.73083333333333,53.63208333333333,52.38095238095225,45.94594594594589,-0.058786128916437974,-0.04363369395144423,-0.015152434964993744,22.8772335196238,14.050693305349531,25.96250829200211,,53.72770076244158,53.05499999999999,52.382299237558406,21572.0,39184.7,0.4792323382162062,52.92455020313407
2026-04-02,1731,21.8,21.8,21.7,21.7,76116.0,1655680.0,21.75,21.78,21.8675,21.852500000000003,21.85166666666667,22.08395833333333,0.0,41.666666666666565,-0.045452957059772814,-0.027518545425488258,-0.017934411634284556,16.2748448687349,17.644899172733165,13.746385523604058,,22.129626927872845,21.8675,21.605373072127154,91704.0,107881.05,0.8300183198115677,21.752062641231802
2026-04-02,1732,26.5,26.5,26.15,26.3,59212.0,1554961.0,26.27,26.21,26.477500000000003,27.8975,28.307499999999997,27.59958333333333,62.50000000000006,56.00000000000002,-0.4221552501788679,-0.49871199567384533,0.07655674549497743,30.3457093660227,23.383277545655933,13.805322877627269,,27.456476371952856,26.477500000000003,25.49852362804715,158064.8,185322.45,0.37460585785070427,26.260909950685672
2026-04-02,1733,29.7,29.8,29.55,29.6,26425.0,783350.0,29.639999999999997,29.53,29.517499999999995,30.135,31.497916666666665,30.83083333333333,42.857142857142854,61.956521739130466,-0.11096675465923411,-0.17134641638199583,0.06037966172276171,22.597036011605294,27.421004509824655,11.878139631233486,,30.51553754807519,29.517499999999995,28.5194624519248,113304.8,134935.3,0.2332204813917857,29.644276253547776
2026-04-02,1734,31.6,31.6,31.2,31.3,352351.0,11039308.0,31.1,31.07,30.942500000000003,30.833333333333332,31.003750000000004,31.409375,51.51515151515154,58.97435897435894,0.10712071795467537,0.07077158894986407,0.0363491290048113,27.20628680989257,15.909586939176105,14.609739200982505,,31.473908258160986,30.942500000000003,30.41109174183902,333878.6,297784.8,1.0553266965897186,31.3304290324137
2026-04-02,1735,25.0,25.0,23.0,23.0,876899.0,20624657.0,25.18,26.685000000000002,23.875,18.865833333333335,16.857916666666668,16.78375,27.745664739884404,57.196969696969695,1.846035392969526,2.268578687339308,-0.422543294369782,32.093469029874505,22.508102390471695,38.38046602677525,,32.15341200129325,23.875,15.596587998706752,517814.4,1377420.05,1.6934619817448104,23.519991469941235
2026-04-02,1736,130.5,131.0,122.5,123.0,397070.0,50025323.0,124.3,124.7,129.675,143.38333333333333,149.78333333333333,156.7875,46.93877551020408,36.53846153846153,-4.84980540677968,-5.022852221415028,0.17304681463534788,18.118075401234083,24.6828767315579,29.19732908249499,,141.9193327384786,129.675,117.43066726152142,403575.2,634014.45,0.9838810709875135,125.98615609338404
2026-04-02,1737,31.95,31.95,31.75,31.8,101912.0,3247211.0,31.78,31.68,31.6575,31.629166666666666,31.82125,32.13229166666667,63.63636363636381,64.2857142857144,0.0474198774020671,0.018037377392635723,0.029382500009431378,19.8154204374773,12.996265798871493,10.502644967750294,,31.91353248149076,31.6575,31.40146751850924,141341.0,113090.3,0.7210363588767591,31.862891514247586
2026-04-02,1742,16.0,16.3,15.8,16.3,100103.0,1590633.0,16.500000000000004,16.79,16.8675,16.833333333333332,16.866666666666667,16.883333333333333,0.0,33.33333333333333,-0.08732024391577653,-0.001111013167567818,-0.08620923074820872,11.331294417196581,20.006502213192757,27.737792275923677,,17.465984929239095,16.8675,16.269015070760904,70861.8,50316.15,1.4126511039798593,15.889963337762104
2026-04-02,1752,35.95,36.0,35.65,35.75,52775.0,1887711.0,35.92,36.059999999999995,36.44,37.026666666666664,37.54916666666667,37.216458333333335,21.428571428571928,35.55555555555564,-0.2895723564841859,-0.24110779559391066,-0.04846456089027523,20.48217395977761,22.658613719293086,15.61306119773132,,37.36144051982712,36.44,35.518559480172875,53004.0,61396.55,0.9956795713531055,35.76903837044055
2026-04-02,1760,63.8,66.5,63.5,65.5,438554.0,28552034.0,63.52,63.260000000000005,62.105,63.876666666666665,65.9775,69.84874999999998,66.00000000000003,74.40000000000002,0.22350749357251942,-0.21299943755461792,0.43650693112713734,35.48416502564793,19.867358177592294,14.78225073997803,,65.40952640129322,62.105,58.80047359870677,193063.0,162019.05,2.2715590247742963,65.10494488706065
2026-04-02,1762,28.5,28.65,28.35,28.4,104319.0,2968360.0,28.8,28.98,28.645,26.544166666666666,26.19666666666667,27.560416666666665,11.538461538461675,39.04761904761903,0.5726473899357671,0.7465661596555471,-0.17391876971977993,35.223918348901854,28.900119715141837,32.58766287552707,,30.772241851491245,28.645,26.517758148508754,100645.8,272040.05,1.0364963068503603,28.454643928718642
2026-04-02,1773,141.5,150.0,137.5,145.5,1632768.0,235318152.0,141.6,143.7,146.275,142.75,141.85416666666666,138.47625000000002,56.81818181818182,56.043956043956044,-0.8126603875347769,-0.18817934994496233,-0.6244810375898145,27.360746555844145,23.62750072698811,13.309628862756256,,157.92550258685495,146.275,134.62449741314506,783605.8,1007531.05,2.0836599218637737,144.12222189557855
2026-04-02,1776,15.75,15.75,15.5,15.55,64101.0,998025.0,15.86,15.845000000000002,15.5875,,,,50.0,58.51063829787235,0.15406918887190812,0.15723987386059385,-0.0031706849886857236,32.43853312015651,20.898911294880655,23.451716807494346,,16.685284850937265,15.5875,14.489715149062734,62434.4,144004.9,1.026693617621055,15.569569897505499
2026-04-02,1777,71.6,71.7,71.3,71.3,25298.0,1808134.0,71.62,71.99,71.88,71.79833333333335,71.79916666666666,71.79958333333335,26.6666666666668,48.2758620689655,-0.044381374204348845,0.04778395647435127,-0.09216533067870011,18.156317218581147,18.49582385378055,26.626924642274744,,73.39010630507643,71.88,70.36989369492356,22978.8,31105.35,1.100927811722109,71.47339710649064
2026-04-02,1781,11.95,11.95,11.9,11.9,34356.0,409024.0,12.010000000000002,12.094999999999999,12.2525,12.707500000000001,12.85375,12.926875,30.00000000000007,28.571428571428584,-0.20002881537053518,-0.17997991950975936,-0.020048895860775823,11.132966117485813,18.90638734170903,22.72645503745668,,12.691967380982216,12.2525,11.813032619017783,41413.6,51568.15,0.8295825525914192,11.905460472697637
2026-04-02,1783,43.15,43.25,42.65,42.7,31883.0,1368643.0,43.11,43.464999999999996,43.37,43.84166666666667,43.86666666666667,43.860416666666666,33.783783783783875,57.22891566265061,-0.31469552975784154,-0.25730572439662924,-0.0573898053612123,20.519417099218256,26.51848213596762,10.407924687524964,,45.08292301728909,43.37,41.657076982710905,60015.4,71351.75,0.5312469799418149,42.92704576106389
2026-04-02,1784,78.5,79.6,78.3,78.5,138410.0,10898003.0,78.7,80.85,87.55999999999999,92.29333333333334,93.54666666666667,94.17333333333333,27.53623188405804,15.246636771300501,-4.357497380613026,-3.495585901521082,-0.861911479091944,12.475898039641901,28.50664237808933,33.3014734163348,,104.15846536977371,87.55999999999999,70.96153463022627,158446.0,358116.15,0.8735468235234717,78.73710714543746
2026-04-02,1785,115.5,115.5,115.5,115.5,7419167.0,856913590.0,105.1,99.92999999999999,85.075,68.39333333333335,64.24666666666667,62.17333333333333,88.01169590643276,80.22113022113022,12.270145362664678,9.373072512935401,2.897072849729277,38.064789133194246,8.785159437747112,46.4818754011951,,123.97757060915117,85.075,46.17242939084883,27344700.2,33321153.9,0.2713201075797496,115.49997324497481
2026-04-02,1786,59.2,60.7,59.0,60.7,531342.0,31740716.0,62.3,63.510000000000005,66.455,73.28333333333333,81.82083333333334,90.89312500000001,19.178082191780803,31.724137931034463,-3.3401851338245123,-3.022085824920273,-0.3180993089042392,13.756602806981533,42.19317834013265,29.55263917591147,,74.64882951404604,66.455,58.261170485953954,499974.4,329650.05,1.062738412206705,59.73688509472242
2026-04-02,1788,136.5,136.5,136.0,136.5,25438.0,3470045.0,136.6,136.75,136.725,136.55833333333334,136.52916666666667,136.51458333333332,50.0,50.0,0.004519878208867567,0.06244496942245218,-0.05792509121358461,20.240512618253163,15.998703700585072,34.134230254226715,,137.72368334373445,136.725,135.72631665626554,21862.8,17294.5,1.1635289166986846,136.4118641402626
2026-04-02,1789,22.0,22.8,21.9,22.65,3275968.0,73538490.0,21.490000000000002,21.345,21.369999999999997,20.5425,19.395,18.998125,81.3559322033898,65.64885496183204,0.0145802330397089,-0.020382179264925988,0.034962412304634885,32.1263577259437,21.27809907596868,12.809953647352492,,22.586725545319325,21.369999999999997,20.15327445468067,1275620.6,1336092.35,2.5681366387466618,22.44786579111884
2026-04-02,1795,217.0,219.5,213.5,216.0,2175589.0,470477588.0,212.7,212.2,238.05,285.4583333333333,268.55,247.08958333333334,71.9298245614035,35.74144486692016,-24.040881215612586,-23.69553521868501,-0.34534599692757695,16.959516895658233,38.131081682952924,43.739672675549315,,297.0084153182735,238.05,179.09158468172657,2241610.4,3931111.4,0.9705473350766038,216.25297241344757
2026-04-02,1796,41.5,41.5,39.6,39.6,17676.0,712555.0,38.15,37.905,39.477500000000006,42.60666666666667,43.40333333333333,43.80166666666667,65.625,40.384615384615394,-1.2628741408757094,-1.4912687915792917,0.22839465070358234,32.711914971510566,31.454574668765968,64.87462785651478,,44.10003917463688,39.477500000000006,34.85496082536313,19205.6,20733.55,0.9203565626692215,40.312004978501925
2026-04-02,1799,42.45,42.45,41.2,41.3,156925.0,6502191.0,40.01,39.265,35.4975,33.5025,33.02625,32.788125,80.40540540540545,71.35416666666666,2.2424511451859814,1.6484404732042912,0.5940106719816902,38.54639252120365,20.679521225410195,30.213950781346345,,45.74159842941678,35.4975,25.253401570583225,145355.0,284523.45,1.0795982250352585,41.435023100207104
2026-04-02,1802,54.5,55.6,52.0,52.2,48195258.0,2580478827.0,53.46,54.4,56.739999999999995,46.22166666666667,37.75541666666667,27.93166666666667,51.54639175257734,48.38709677419355,1.0303533813973687,2.1599179791600895,-1.129564597762721,25.98817629587758,25.900851768952133,16.073225413020467,,65.56136163257281,56.739999999999995,47.91863836742717,50937475.2,74907101.2,0.9461650348936023,53.54217269674125
2026-04-02,1805,10.3,10.5,10.3,10.5,107095.0,1112981.0,10.58,10.975,10.91,11.471666666666666,11.416666666666666,12.789375,18.75000000000003,50.60240963855422,-0.24996845417203772,-0.20869238794105563,-0.041276066230982095,20.26645685228267,29.809327942058573,19.075730532985713,,12.023363798301709,10.91,9.796636201698291,166182.2,291696.85,0.6444432676905227,10.392464634203277
2026-04-02,1806,8.59,8.59,8.41,8.43,195999.0,1656279.0,8.498000000000001,8.538,8.669999999999998,8.932166666666667,9.114083333333332,9.852291666666666,34.6153846153846,37.06896551724135,-0.12389409494896775,-0.111585098996827,-0.012308995952140744,10.867173970052136,26.786729203643635,24.184977067867454,,9.012375601688593,8.669999999999998,8.327624398311404,301130.4,337109.95,0.6508774936040997,8.450446175745794
2026-04-02,1808,30.85,30.9,30.2,30.4,631781.0,19230504.0,30.689999999999998,30.659999999999997,30.452500000000004,31.804166666666667,32.05625,32.279375,48.979591836734684,61.3095238095238,-0.2540554135177011,-0.34447752596927517,0.09042211245157405,24.161994295335457,25.21168708777695,11.198943815313822,,32.02846252961097,30.452500000000004,28.87653747038904,736344.4,1204371.4,0.8579966113682673,30.438560197283554
2026-04-02,1809,26.3,26.65,24.9,25.1,2116381.0,54059095.0,26.380000000000003,28.145,26.7175,22.664166666666667,20.845833333333335,18.891666666666666,26.73267326732676,53.70370370370371,0.7565462139222845,1.2408283193459881,-0.48428210542370365,30.787906911334005,27.884573320520534,31.00279555133526,,31.606830489093387,26.7175,21.828169510906616,2490583.0,6666967.1,0.8497532505441497,25.543177244550957
2026-04-02,1810,17.35,17.45,16.9,16.9,432705.0,7387128.0,17.229999999999997,17.49,17.8925,17.96,18.622916666666665,17.79175,35.71428571428574,44.44444444444443,-0.3237172113798259,-0.22276399996353652,-0.10095321141628938,14.392508731244662,28.455955519645272,18.81405717246135,,19.300101543499895,17.8925,16.4848984565001,629984.0,974672.75,0.6868507771625946,17.07197282213055
2026-04-02,1813,13.4,13.5,13.35,13.35,31298.0,419382.0,13.36,13.4,13.397499999999999,13.372499999999999,13.361250000000002,13.355625,39.99999999999986,44.444444444444315,-0.0030086958253452423,0.007941951361781108,-0.01095064718712635,23.298822707890434,23.409043368450146,27.705888732661172,,13.497368334373448,13.397499999999999,13.29763166562655,26578.8,27455.3,1.1775550438695501,13.399642149658126
2026-04-02,1815,122.0,122.0,109.5,110.0,117493858.0,13219084213.0,107.6,106.66,106.66,99.02166666666668,97.36083333333335,96.53041666666668,77.72277227722772,53.43642611683848,2.533075157385028,2.4197322549638285,0.11334290242119938,26.732911561426008,14.200822798579388,34.11853170928044,,115.85299504485549,106.66,97.4670049551445,94354714.8,60720914.05,1.2452356858801084,112.50872546035555
2026-04-02,1817,38.85,38.9,38.8,38.8,19708.0,765960.0,38.730000000000004,38.730000000000004,38.755,38.61333333333334,38.76166666666666,40.884791666666665,57.14285714285686,70.0,0.013564307160841338,0.02154752107168999,-0.007983213910848653,22.73657869568837,16.360003961267132,9.427974349024002,,39.114678218762414,38.755,38.39532178123759,27114.8,42277.8,0.7268355289362267,38.86543535620053
2026-04-02,1903,49.9,50.2,48.2,48.45,635961.0,31021058.0,49.77,49.505,50.665,54.10666666666666,54.06583333333333,53.84395833333334,44.34782608695652,42.325581395348856,-1.3235116743458661,-1.3861883725616666,0.06267669821580046,13.645447562842715,29.583075750821987,32.53931624691285,,54.130939532378534,50.665,47.199060467621464,378188.0,231329.4,1.6816001565359027,48.778239546135694
2026-04-02,1904,18.8,18.9,18.45,18.8,2745620.0,51259563.0,19.41,18.79,18.3825,18.092499999999998,17.879166666666666,18.043958333333332,52.63157894736846,62.10526315789479,0.3356497235859024,0.23679876892533125,0.09885095466057114,33.091367462081905,20.261545003098327,27.695350814177623,,19.975998303138432,18.3825,16.78900169686157,8212866.0,3528375.05,0.3343071712116087,18.669576634785585
2026-04-02,1905,15.2,15.2,15.05,15.05,10941181.0,164992698.0,16.52,14.35,13.184999999999999,12.408333333333333,12.29125,12.736041666666667,64.1025641025641,64.19213973799127,1.0971892918471955,0.6141836649465661,0.4830056269006294,47.56781010515554,25.726884671611565,30.59408762040957,,17.396775472598133,13.184999999999999,8.973224527401864,29374985.6,11121896.1,0.372465918757761,15.079971531409635
2026-04-02,1906,12.4,12.4,11.85,12.05,1157622.0,14016334.0,12.56,11.815,11.68,11.9,12.327083333333333,12.615416666666667,62.62626262626262,57.142857142857146,0.17587525660863967,-0.0004594836012057144,0.17633474020984538,36.52524619242679,29.574810682964493,24.914992773455147,,13.138333583959904,11.68,10.221666416040096,2027502.2,604971.85,0.5709596763939393,12.1078676804691
2026-04-02,1907,26.3,26.4,25.9,26.0,1180836.0,30805149.0,26.52,25.49,25.17,25.736666666666668,25.711666666666666,25.86125,64.70588235294116,66.08695652173913,0.234232243207245,-0.016700679667979147,0.2509329228752242,34.16953922557843,16.250937935489173,21.956976987430522,,27.25260969888646,25.17,23.087390301113544,4144915.6,2039290.9,0.284887827390261,26.087576090159853
2026-04-02,1909,10.05,10.1,9.85,9.95,5465473.0,54461104.0,10.32,9.803999999999998,9.6455,10.068666666666667,9.996583333333335,9.942,64.28571428571426,62.913907284768165,0.0932356270463579,-0.02979259357185304,0.12302822061821095,33.8915070126138,19.779160479985215,21.519127187407634,,10.63228585102834,9.6455,8.65871414897166,16996854.6,5946550.3,0.32155790754366986,9.964572874113548
2026-04-02,2002,19.6,19.6,19.35,19.5,28468476.0,554681251.0,19.330000000000002,19.245,19.479999999999997,19.3625,19.132916666666667,19.698958333333334,58.823529411764696,54.21686746987953,-0.12604313080025875,-0.11980520199621439,-0.0062379288040443626,24.132760202863523,21.345694125825297,13.604119242708835,,20.553312629200033,19.479999999999997,18.40668737079996,46659290.0,52305787.9,0.6101352163738454,19.48405144694082
2026-04-02,2006,69.3,69.8,68.7,69.3,2705583.0,187590594.0,69.02,70.67999999999999,74.53,70.89833333333333,66.20833333333333,65.8125,23.437499999999986,26.422764227642276,-0.8831420522273703,0.23034820100572742,-1.1134902532330977,23.764907769122004,36.74770886772957,27.332629444370177,,84.34987243994827,74.53,64.71012756005173,2984056.4,4696187.7,0.9066795788444213,69.33462917234473
2026-04-02,2007,8.13,8.14,8.05,8.06,173872.0,1405055.0,8.158,8.308,8.214500000000001,7.898166666666667,7.759416666666667,7.9835416666666665,7.999999999999858,54.58937198067634,0.029750329250129326,0.06740031840481005,-0.03764998915468072,27.531995486696587,23.404319302297296,24.242499523042053,,8.800026303962058,8.214500000000001,7.628973696037943,322082.4,671508.1,0.5398370106531745,8.080973359712893
2026-04-02,2008,27.1,27.2,27.0,27.0,13276.0,359428.0,27.630000000000003,27.675,28.295000000000005,29.0,28.008333333333333,,39.6825396825397,42.063492063492056,-0.481883162339642,-0.37397550904009397,-0.10790765329954805,24.094623177292853,22.94754446835123,20.345580820792804,,30.071128255207586,28.295000000000005,26.518871744792424,21912.0,35767.5,0.6058780576852866,27.073516119313044
2026-04-02,2009,41.0,41.4,39.9,39.95,1391460.0,55990014.0,40.23,40.625,42.2975,44.54916666666667,41.594166666666666,38.17645833333333,45.56962025316463,44.727272727272755,-1.4144804456452107,-1.2919849040003424,-0.12249554164486831,19.489593360280665,29.570434469350452,16.99357171334576,,46.722129035892316,42.2975,37.87287096410768,1295144.2,1893301.95,1.0743668542854148,40.23832090034927
2026-04-02,2010,25.2,25.3,24.75,24.8,1211467.0,30166561.0,25.04,25.085,24.04,22.050833333333337,21.045,20.161875,49.12280701754384,69.11764705882355,0.8493053971448212,0.861315553115169,-0.012010155970347824,39.63868655904873,12.989629525287375,52.170486387120185,,26.404562939474673,24.04,21.675437060525326,1404901.6,1762253.5,0.8623144852280045,24.900852437581875
2026-04-02,2012,15.55,15.6,15.5,15.5,27541.0,427477.0,15.680000000000001,15.885000000000002,16.05,16.009166666666665,16.21625,,31.24999999999997,50.0,-0.21491211963114942,-0.16827783139532027,-0.04663428823582916,22.676767987262732,23.223157076993385,19.782280863713265,,17.420362994554658,16.05,14.679637005445343,47722.6,79166.3,0.5771060252375185,15.521477070549363
2026-04-02,2013,44.1,44.1,43.5,43.7,74733.0,3265629.0,44.18,44.325,43.894999999999996,42.582499999999996,42.05458333333333,43.23833333333334,17.49999999999983,49.09090909090914,0.48855622956612876,0.5864898672182473,-0.09793363765211849,32.946157907358526,17.21419112872311,32.47040083213527,,45.45026271261934,43.894999999999996,42.33973728738065,97329.2,239544.5,0.7678374013143024,43.697282325077275
2026-04-02,2014,18.6,18.7,18.2,18.3,5182198.0,95381582.0,18.32,18.44,18.072499999999998,17.02,16.191666666666666,16.312708333333333,44.44444444444451,57.8125,0.2425449988655366,0.28737346315336193,-0.04482846428782533,32.30421178204913,10.404368786086481,39.302276775522095,,19.20687903254319,18.072499999999998,16.938120967456808,7363197.8,10216442.85,0.7037972007216756,18.40562286504684
2026-04-02,2015,62.8,62.8,61.5,61.6,481905.0,29766095.0,61.8,64.95,66.475,64.71833333333333,64.50166666666667,64.68166666666667,8.333333333333357,35.78947368421049,-0.9061232251963247,0.010586138239179699,-0.9167093634355044,18.911491022499938,28.15304029105617,27.34573276862046,,72.18109092849184,66.475,60.76890907150815,579036.4,472720.15,0.8322533781986763,61.76755792116703
2026-04-02,2017,9.95,9.95,9.8,9.86,513145.0,5066056.0,9.962,10.126999999999999,9.896,9.079333333333333,9.144666666666666,9.630541666666666,11.36363636363619,53.846153846153854,0.24900542494759925,0.3013529794790053,-0.05234755453140605,31.830536164153596,16.000617593104014,48.88809105184059,,10.689537051832804,9.896,9.102462948167197,755015.8,1947194.35,0.6796480285578129,9.872562336181781
2026-04-02,2020,25.05,25.05,24.6,24.85,563579.0,13960690.0,24.52,24.36,24.25,23.801666666666666,23.886250000000004,24.96875,70.58823529411778,66.15384615384615,0.1863755594327543,0.12694365064414515,0.059431908788609156,23.044529435991716,9.48823425652083,27.215525275978006,,24.92199624059122,24.25,23.57800375940878,747246.4,482941.2,0.7542077151525922,24.771487227167796
2026-04-02,2022,8.91,9.08,8.88,8.89,406709.0,3632539.0,9.022000000000002,9.190999999999999,9.09,8.700166666666666,8.302416666666666,8.281041666666667,7.142857142857025,50.85324232081911,0.07358630214104878,0.12354918129221344,-0.049962879151164666,25.91611326540979,17.658815483500504,28.34015744373458,,9.563864293253921,9.09,8.616135706746078,621575.4,1122502.6,0.6543196529334977,8.931543191815278
2026-04-02,2023,14.5,14.6,14.4,14.5,808152.0,11721888.0,14.420000000000002,14.459999999999999,14.569999999999999,14.809166666666668,14.909583333333334,15.137916666666666,50.0,38.4615384615385,-0.10868315040295329,-0.102212625019788,-0.006470525383165282,22.135658793013118,18.87032827241253,14.169061122095446,,14.896706048467532,14.569999999999999,14.243293951532465,1871936.8,2247433.8,0.4317197033575065,14.504558548391886
2026-04-02,2024,14.65,14.65,14.6,14.6,2042.0,29857.0,,,,,,,0.0,44.92753623188406,-0.34800253550791815,-0.3218934530606495,-0.026109082447268672,28.24634583914823,30.516732977134982,15.41261450510519,,,,,4508.2,11102.35,0.45295239785280156,14.621449559255632
2026-04-02,2025,11.55,11.55,11.3,11.3,67808.0,771251.0,11.47,11.575,11.434999999999999,11.003833333333334,10.711583333333333,12.188416666666667,25.925925925925938,55.35714285714287,0.004297066945969874,0.033495066788149154,-0.02919799984217928,23.780453340560616,25.98081180764066,15.79622241197606,,12.566882456236792,11.434999999999999,10.303117543763205,152519.0,291616.35,0.4445872317547322,11.374041411042946
2026-04-02,2027,37.3,38.75,37.05,38.4,61239163.0,2324667769.0,37.12,37.085,37.015,37.15083333333334,37.46416666666667,38.342083333333335,85.4166666666666,61.718750000000014,0.024690020157386527,-0.06267989593364015,0.08736991609102668,37.36961638025302,12.157150630283047,22.35578760697891,,38.01663025008907,37.015,36.01336974991093,54887799.2,27188557.0,1.1157154029232783,37.9604758641133
2026-04-02,2028,18.45,18.45,18.1,18.15,64484.0,1172765.0,18.21,18.46,18.322499999999998,17.845000000000002,17.200833333333332,18.07254166666667,22.222222222222257,58.241758241758234,0.013286246833850157,0.055599622775619174,-0.04231337594176902,35.42514164529595,17.206326690326122,29.74927342932729,,19.618841004520135,18.322499999999998,17.02615899547986,292843.0,280341.5,0.220199902336747,18.186914583462563
2026-04-02,2029,20.55,20.65,20.35,20.35,77881.0,1588823.0,20.419999999999998,20.46,20.810000000000002,20.9825,21.359583333333333,22.705624999999998,42.105263157894775,41.81818181818184,-0.2267114523386482,-0.19849823144638568,-0.028213220892262525,30.254990690150084,19.00056322440079,14.511970584173076,,21.861114696530464,20.810000000000002,19.75888530346954,164099.2,183910.2,0.47459707298999626,20.400649709171685
2026-04-02,2030,16.05,16.25,15.9,16.15,500975.0,8055422.0,16.05,16.075,15.9325,15.330000000000002,14.651666666666667,14.987708333333332,44.44444444444436,57.14285714285713,0.0818918829542099,0.09419847547096184,-0.012306592516751938,30.05381570020399,14.339734544389291,37.63089813243196,,16.712024146346113,15.9325,15.152975853653885,877258.6,961063.15,0.5710687817708484,16.07948899645691
2026-04-02,2031,40.3,40.3,39.9,40.1,432939.0,17358571.0,39.9,40.019999999999996,39.397499999999994,38.82166666666667,39.773333333333326,41.349583333333335,44.00000000000002,67.4603174603175,0.3165718641929516,0.2910609521377184,0.025510912055233204,23.804913855206813,16.936000267961134,19.080051133876257,,41.15173547600136,39.397499999999994,37.643264523998624,656709.4,1022408.8,0.659255067766656,40.094726970774175
2026-04-02,2032,16.5,17.0,16.4,16.9,679037.0,11390588.0,16.66,16.55,16.07,15.580833333333334,15.043333333333331,15.193125,50.0,67.28971962616822,0.2388923555595852,0.1676541305699366,0.0712382249896486,33.993501523857006,14.601105762640904,30.546041414799973,,17.41062043766857,16.07,14.729379562331431,1346673.4,1151319.1,0.5042328748752296,16.774620528778254
2026-04-02,2033,15.7,15.8,15.7,15.75,40000.0,629650.0,15.620000000000001,15.555000000000001,15.91,15.928333333333335,16.54625,17.151833333333332,68.1818181818182,46.15384615384617,-0.1544600317783651,-0.13446861014146924,-0.01999142163689585,17.165263770946844,20.03212249939593,13.041901414250823,,16.76507771268831,15.91,15.054922287311689,68043.0,156763.7,0.5878635568684508,15.74125
2026-04-02,2034,20.55,20.55,20.2,20.25,618647.0,12569119.0,20.27,20.259999999999998,20.21,20.682499999999997,20.18125,21.11625,52.380952380952415,61.29032258064516,-0.15546105452661152,-0.186194842350907,0.030733787824295478,25.60149142733498,14.499156507360603,22.48744100131212,,20.862606111557415,20.21,19.557393888442586,1152122.6,1322949.0,0.536962819755467,20.317109757260603
2026-04-02,2035,,,,,4.0,112.0,,,,,,,77.77777777777783,37.2093023255814,-0.3522578784936634,-0.34312601576265545,-0.009131862731007967,7.680189056317244,13.9225312597168,48.07353825233549,,,,,4002.4,,0.0009994003597841295,28.0
2026-04-02,2038,15.6,15.8,15.4,15.55,376486.0,5855590.0,15.540000000000001,15.569999999999999,15.275,14.903333333333334,14.798333333333334,15.380041666666667,33.3333333333334,57.64705882352941,0.1359014993932881,0.1274741386851348,0.008427360708153309,33.66921569912058,11.740564690728386,44.166256796299386,,16.09417802190898,15.275,14.45582197809102,749927.0,1180152.55,0.5020301976059003,15.5532742253364
2026-04-02,2049,237.5,237.5,225.5,228.0,3022689.0,693831437.0,234.4,230.6,232.525,219.45,215.51666666666668,222.60208333333333,52.47524752475248,54.210526315789465,1.3714850232346976,2.0179475536226987,-0.6464625303880012,28.43247830325258,19.309085695884352,19.524411897229864,,248.47054879317994,232.525,216.57945120682007,7183825.2,5373038.4,0.420763161108096,229.5411261297474
2026-04-02,2059,3500.0,3560.0,3340.0,3345.0,520393.0,1788638950.0,3407.0,3455.0,3357.5,3414.4166666666665,3495.6666666666665,2791.58125,40.54054054054053,59.24932975871314,29.26782630558273,23.73687142043076,5.530954885151971,28.22825329077875,25.246848492171065,16.33050000863974,,3702.2119316029934,3357.5,3012.7880683970066,643418.6,737844.1,0.8087938396558633,3437.0926396012246
2026-04-02,2061,16.9,16.9,16.4,16.4,126109.0,2081849.0,16.369999999999997,16.625,17.1025,18.4025,18.80125,19.000625,34.61538461538453,34.84848484848483,-0.5580624819032458,-0.5219462989383242,-0.036116182964921584,9.172377414040632,24.23653292619076,45.069230161167845,,18.27789467055945,17.1025,15.927105329440547,123265.4,154249.6,1.0230689228283039,16.508330095393667
2026-04-02,2062,20.8,20.8,20.25,20.4,88359.0,1805016.0,20.589999999999996,20.375,20.66,21.1475,21.39375,23.8,61.764705882352885,52.56410256410256,-0.23896274503849568,-0.27472474483006776,0.035761999791572074,26.22484865070071,22.788202680267553,10.648405083322665,,21.902916773265368,20.66,19.417083226734633,242582.2,269218.5,0.364243543013461,20.428207652870675
2026-04-02,2063,27.2,27.2,27.15,27.2,6981.0,189609.0,27.24,27.130000000000003,27.002499999999998,26.78166666666667,26.74083333333333,26.72041666666667,47.619047619047585,52.17391304347826,0.1319079718324936,0.10942781497727631,0.022480156855217273,17.049080434655846,17.981553206081475,24.828302526417048,,27.648520204996036,27.002499999999998,26.35647979500396,8988.6,24302.85,0.7766504238702356,27.16072195960464
2026-04-02,2064,11.55,11.7,11.55,11.65,12002.0,139272.0,11.7,,,,,,42.857142857143,19.354838709677466,-0.10810156578285302,-0.06945517289536271,-0.038646392887490305,5.836274485786997,22.56161537504995,37.60394929971749,,,,,83001.2,,0.1446003190315321,11.604065989001834
2026-04-02,2065,30.3,31.0,30.3,30.6,36779.0,1128483.0,31.35,31.825,31.055,31.810833333333335,32.00541666666667,32.10270833333333,0.0,56.250000000000014,-0.0723468220146195,-0.043513872531644134,-0.02883294948297537,13.826404160034947,17.0290976690875,44.00106743495285,,33.4501486054325,31.055,28.6598513945675,50867.4,84741.3,0.7230367583167215,30.682808124201312
2026-04-02,2066,49.85,50.1,48.15,49.35,23928.0,1179876.0,49.470000000000006,49.645,50.68,51.495,51.74750000000001,51.87375,34.21052631578954,45.94594594594596,-0.6428451523993033,-0.5155786155970637,-0.12726653680223954,11.899225394387134,18.898460414222225,29.179242511460963,,53.86274955609801,50.68,47.49725044390199,20156.8,41836.05,1.1870931893951422,49.30942828485456
2026-04-02,2067,7.68,7.69,7.31,7.35,64226.0,473649.0,7.622,7.851999999999999,8.539,9.606333333333334,9.828166666666668,9.939083333333336,12.195121951219562,17.228464419475685,-0.6532857419184346,-0.5688097040254115,-0.08447603789302305,6.4335687142475395,41.863183792381854,61.978302458221634,,10.537429910020151,8.539,6.540570089979847,45935.6,72401.55,1.3981748360748527,7.374723632173886
2026-04-02,2069,18.55,18.55,18.35,18.45,218404.0,4034045.0,18.6,18.6,18.7075,18.238333333333333,16.721666666666668,16.365208333333335,46.42857142857139,50.68493150684933,-0.03394012812524494,0.02008531648168317,-0.05402544460692811,25.971793901113355,20.70208507397539,26.356561829969085,,19.210412569569744,18.7075,18.204587430430255,224832.4,285086.1,0.9714080354966633,18.470563725939087
2026-04-02,2070,40.0,40.5,39.0,39.35,212952.0,8447344.0,39.18,39.364999999999995,39.42,39.745,39.8225,39.86125,43.478260869565275,48.74371859296483,-0.1319937099535906,-0.1418801430284148,0.009886433074824202,16.08331934873624,18.390620549825677,21.16798913492027,,41.22157825545444,39.42,37.618421744545564,150371.2,187340.95,1.4161754378498008,39.667831248356435
2026-04-02,2073,26.45,26.45,26.45,26.45,2000.0,52900.0,26.889999999999997,,,,,,0.0,0.0,0.30926207625214275,0.4080341335282984,-0.09877205727615568,11.786752882143166,34.57880455011589,54.14429049289172,,,,,3200.0,,0.625,26.45
2026-04-02,2101,36.25,38.35,36.2,37.75,4315616.0,161511390.0,35.61,35.175,34.6,36.22666666666667,37.35916666666667,38.287083333333335,84.14634146341453,68.80733944954127,0.1073141239065123,-0.33222026745145783,0.4395343913579701,39.67029070937353,19.097959343980545,21.314327626094258,,37.40938277544187,34.6,31.79061722455813,1992610.4,1951203.9,2.165810235658712,37.42487515107924
2026-04-02,2102,20.05,20.35,19.85,20.2,637152.0,12858614.0,19.65,19.36,19.427500000000002,19.759999999999998,19.720833333333335,,95.99999999999994,79.31034482758616,-0.0014834801068168701,-0.12961625002466645,0.12813276991784958,31.0862211677335,16.375071313326657,14.214894660632249,,20.830307335685266,19.427500000000002,18.02469266431474,535432.8,636772.8,1.1899756608112166,20.181391567475266
2026-04-02,2103,19.15,19.3,18.85,19.05,5299329.0,100946141.0,19.41,19.845,20.05,17.123333333333335,16.39125,17.528958333333332,38.00000000000003,35.526315789473685,0.5732753350650128,0.8780971281043713,-0.3048217930393585,29.318855150355205,18.794461826559957,35.39863036224396,,21.73429276115031,20.05,18.36570723884969,6063547.0,11799062.55,0.873965189022201,19.048853354830396
2026-04-02,2104,12.35,12.4,12.05,12.25,2397150.0,29274200.0,12.31,12.325,12.4575,11.670833333333333,11.113083333333332,11.352583333333333,53.84615384615383,43.39622641509434,0.12170836527665152,0.17914453109832382,-0.0574361658216723,33.05260576926378,15.652583783515913,28.36580047324133,,13.252401516574709,12.4575,11.66259848342529,4724232.0,6818618.45,0.5074158085377687,12.212085184489915
2026-04-02,2105,31.9,31.9,31.5,31.55,8991675.0,284509380.0,31.35,30.645000000000003,30.142500000000002,30.551666666666666,32.83125,39.169374999999995,64.93506493506497,66.28571428571429,0.26751815718776584,0.00564346290443426,0.2618746942833316,25.289931734108507,12.790417290539693,19.06492316807732,,32.238429639236614,30.142500000000002,28.04657036076339,13983903.4,23855187.05,0.6430017959077149,31.641421648358065
2026-04-02,2106,18.7,18.85,18.4,18.7,895594.0,16712901.0,18.4,18.104999999999997,18.65,19.669166666666666,20.01291666666667,21.915625,70.73170731707305,51.851851851851826,-0.36871286518969626,-0.4549117225149659,0.08619885732526966,28.289934769815524,21.100425564646528,17.177366922766463,,20.301155894963433,18.65,16.998844105036564,1180480.0,1082696.5,0.7586693548387097,18.661247172267792
2026-04-02,2107,25.75,25.75,25.3,25.4,175583.0,4487309.0,25.31,25.21,25.232499999999998,24.802500000000002,24.345416666666665,24.803125,72.22222222222219,66.66666666666674,0.09296524793529315,0.08770627575744203,0.005258972177851123,25.16588897532508,18.93024703745602,14.664658083207714,,25.746795634824814,25.232499999999998,24.718204365175183,222518.0,226278.0,0.7890732435128843,25.556625641434536
2026-04-02,2108,25.9,25.9,25.3,25.6,871100.0,22209119.0,25.99,25.96,25.7725,24.246666666666666,23.7875,25.034375,50.79365079365081,57.81250000000001,0.38796350124264833,0.4560793832887845,-0.06811588204613617,30.33663959040256,12.756717214747294,36.42250235041988,,27.608535488707375,25.7725,23.936464511292627,3159594.4,2322309.6,0.275699944271328,25.49548731488922
2026-04-02,2109,14.6,14.65,14.55,14.65,84912.0,1239961.0,14.7,14.910000000000002,14.945000000000002,14.998333333333333,15.320833333333333,16.246666666666666,21.428571428571303,48.14814814814819,-0.06322518708100056,-0.021216932905451492,-0.04200825417554906,16.551183511419165,25.16178151455148,22.52139083214775,,15.331482109614086,14.945000000000002,14.558517890385918,117457.2,144601.75,0.7229186461110941,14.602894761635575
2026-04-02,2114,87.9,88.5,87.7,87.8,26397.0,2321712.0,88.14,88.33,88.74,89.41166666666666,90.05833333333334,,27.272727272727153,43.589743589743605,-0.3931668006872826,-0.3223583672357548,-0.07080843345152782,15.43246910053627,18.234079803753072,13.80270962213192,,90.01881524117202,88.74,87.46118475882797,24600.2,35842.5,1.0730400565849059,87.95363109444256
2026-04-02,2115,21.5,21.6,21.45,21.45,79687.0,1712843.0,21.56,21.465,22.3375,23.96,,,52.380952380952436,31.081081081081052,-0.7430967015997325,-0.7702579821432688,0.02716128054353628,12.681898660996513,37.93704045298697,47.50471252247044,,24.677062487214485,22.3375,19.997937512785512,60084.6,143868.3,1.3262466588776491,21.494635260456537
2026-04-02,2201,27.85,27.9,27.15,27.2,2846269.0,77725726.0,27.560000000000002,27.585,28.2875,31.4875,32.81041666666667,35.22229166666667,41.86046511627903,45.52845528455284,-0.9920769908938567,-1.0832515763908994,0.09117458549704271,11.99482403076089,28.843843308018595,34.88587481614126,,30.47595655777342,28.2875,26.099043442226584,2163691.4,3099030.75,1.315469017439363,27.307934000616246
2026-04-02,2204,56.6,56.8,55.0,55.4,1212954.0,67379636.0,55.839999999999996,55.31999999999999,56.07000000000001,57.733333333333334,59.002500000000005,62.201875,62.499999999999986,55.37190082644626,-0.4746649273861365,-0.5847697156260077,0.11010478823987113,20.714162994856657,24.859985390865226,16.082825528033222,,59.59441111168977,56.07000000000001,52.54558888831024,1275086.8,1421325.0,0.9512717095024432,55.550034049106564
2026-04-02,2206,59.4,60.4,59.4,60.0,1186698.0,71343812.0,59.02,58.59000000000001,59.14,60.126666666666665,61.26083333333334,63.997499999999995,81.24999999999997,58.6206896551724,-0.3097179791267948,-0.4462083982921935,0.13649041916539872,22.8542912639851,19.49523166194666,26.92171006729801,,61.05437773317195,59.14,57.225622266828054,907805.2,1018456.8,1.3072165702509746,60.119602459935045
2026-04-02,2207,495.0,496.0,485.5,485.5,252342.0,123489472.0,491.4,490.2,508.7,,,,52.08333333333333,45.25547445255474,-14.419547010158396,-14.52172747997234,0.10218046981394302,22.267652813332436,23.43215338893625,14.452110360641989,,570.1298058977235,508.7,447.2701941022765,488822.8,543474.35,0.5162238749911011,489.37343763622385
2026-04-02,2208,20.5,20.65,20.1,20.2,3024717.0,61377660.0,20.75,21.025,21.619999999999997,21.403333333333332,21.758333333333336,19.305625000000003,44.285714285714256,50.34965034965036,-0.3450864870764043,-0.16530883184365627,-0.17977765523274805,22.454671511415846,27.381620031105957,13.887951592356853,,24.0937357217479,21.619999999999997,19.146264278252094,3831855.0,5152190.2,0.7893610274919066,20.292033932430705
2026-04-02,2211,100.0,100.0,98.5,99.0,478358.0,47361909.0,99.1,100.05,100.905,104.99166666666666,103.71083333333334,95.08291666666668,37.37373737373738,53.21100917431193,-1.0531099269959014,-0.9323345798549366,-0.12077534714096483,19.051240939345337,25.091625481252123,13.422412844080705,,104.8335593984773,100.905,96.9764406015227,854315.6,808206.8,0.5599312478901239,99.0093381944067
2026-04-02,2221,33.5,33.85,32.4,32.5,226490.0,7486573.0,31.99,31.160000000000004,31.1,30.467499999999998,30.30875,30.229375,85.48387096774195,58.19672131147541,0.4289900899735386,0.2430946225252061,0.1858954674483325,33.632991014221886,11.21288328011649,34.73428489644099,,32.65055168450323,31.1,29.54944831549677,148694.0,74551.05,1.5231952869651768,33.05476179963795
2026-04-02,2227,49.8,50.3,49.6,49.6,19513.0,972549.0,49.88,49.94,51.127500000000005,53.625833333333325,54.39291666666667,58.79270833333333,45.2380952380946,47.3684210526319,-1.0606365516039276,-1.0641527472294663,0.0035161956255387317,19.41282550990659,20.770757604667914,12.38365988914946,,55.353170298741674,51.127500000000005,46.901829701258336,29250.8,49647.7,0.6670928658361481,49.8410803054374
2026-04-02,2228,88.6,88.8,86.6,86.6,98166.0,8557554.0,88.0,88.10999999999999,90.34,98.635,100.35583333333332,97.49041666666668,44.44444444444443,42.78074866310159,-2.637564003641387,-2.7247153231686903,0.08715131952730326,19.800743766214133,31.7260361847659,22.28763718221321,,96.30177296130165,90.34,84.37822703869836,120256.8,195634.1,0.8163031113417287,87.17431697329015
2026-04-02,2230,30.65,30.9,29.8,30.2,323227.0,9752754.0,30.880000000000003,32.01,34.42,67.66666666666667,77.48333333333332,82.39166666666667,28.57142857142857,40.06211180124223,-9.524576388872234,-10.8381735770294,1.313597188157166,7.18744567076116,43.46537251986463,76.67398053125622,,44.21610019076422,34.42,24.623899809235784,350136.2,616929.4,0.9231464784275376,30.17307960040467
2026-04-02,2231,119.0,119.5,111.0,112.0,1381647.0,157985272.0,123.9,107.63000000000002,97.465,95.98833333333333,105.30833333333334,94.21416666666667,59.905660377358494,66.8112798264642,7.5864108668125425,3.8530999595146107,3.733310907297932,43.453682215517354,22.017533041455305,28.545417919309262,,132.29235011150678,97.465,62.63764988849322,3477833.4,1353060.5,0.3972723362769476,114.34561215708499
2026-04-02,2233,227.0,232.0,218.5,218.5,538546.0,120444869.0,223.9,227.1,226.925,218.81666666666666,215.12916666666666,201.44791666666666,39.473684210526315,56.64739884393064,-1.1853660160084019,0.14302488217982703,-1.3283908981882289,20.498158224190867,24.325221707787286,13.632796991294873,,243.7155832004296,226.925,210.13441679957043,512851.0,814351.75,1.0501022714199642,223.64824731777787
2026-04-02,2235,33.15,33.9,33.1,33.1,12000.0,398850.0,,,,,,,50.0,0.0,-0.6430830040345157,-0.4532336022490718,-0.1898494017854439,1.2790129118659783,5.57464781974935,68.74912717038549,,,,,,,,33.2375
2026-04-02,2236,114.0,114.0,110.0,112.0,262442.0,29093161.0,112.1,109.7,111.15,111.19666666666667,104.98333333333333,102.38083333333334,76.0,55.17241379310345,-0.17785872549963244,-0.40615056297323116,0.2282918374735987,18.881560944833428,22.554961020579064,17.356030987154647,,117.16839286118733,111.15,105.13160713881268,375575.8,305251.75,0.6987723916184163,110.8555833288879
2026-04-02,2239,23.95,23.95,23.1,23.1,72304.0,1688908.0,23.439999999999998,23.020000000000003,24.05,30.131666666666664,30.9875,31.504166666666666,62.29508196721313,39.00709219858157,-1.4877489033891855,-1.8037689969918507,0.31602009360266514,19.739036798456688,34.7767580189657,44.465207207423404,,27.14175473936978,24.05,20.95824526063022,102219.4,134763.25,0.7073412679002224,23.358431068820536
2026-04-02,2241,29.0,29.0,28.2,28.2,220308.0,6265150.0,29.07,30.160000000000004,29.82,33.3,32.80625,29.281041666666667,21.18644067796609,50.0,-0.7622347068191999,-0.7431578500541957,-0.019076856765004258,17.168657134719766,24.84400593980499,26.196551915250538,,31.94513776643234,29.82,27.69486223356766,376133.8,517012.15,0.5857171038603817,28.43814114784756
2026-04-02,2243,22.05,22.05,19.85,19.9,1966559.0,40449797.0,21.5,20.58,17.0125,13.319166666666666,12.717916666666666,12.753125,53.90070921985814,75.6923076923077,2.5052213793324434,2.190375120327214,0.31484625900522945,43.850325527268716,15.569174121965665,45.22699689514581,,25.312460367692317,17.0125,8.71253963230768,1273736.8,901466.5,1.5439288556317128,20.568819445539138
2026-04-02,2247,241.5,241.5,234.5,235.0,35055.0,8256453.0,235.4,235.95,243.2,270.23333333333335,281.64166666666665,290.2270833333333,39.285714285714285,49.382716049382715,-9.524553175173907,-10.075230651809035,0.5506774766351281,20.430650935044483,30.861858945158556,36.3796183381624,,267.3037232328144,243.2,219.09627676718557,43520.8,87839.4,0.8054769213801216,235.52854086435602
2026-04-02,2250,60.8,60.8,60.0,60.6,93161.0,5613500.0,61.3,62.54,64.70500000000001,70.36166666666666,78.36416666666666,90.13583333333332,35.714285714285694,42.93193717277488,-2.6667017699874833,-2.4398507781874925,-0.2268509917999908,20.514224201590753,33.662206324977326,17.616469733305642,,71.18979192540876,64.70500000000001,58.22020807459127,102175.2,106715.9,0.911777026127671,60.25590107448396
2026-04-02,2254,69.8,69.8,68.7,68.7,17416.0,1211392.0,70.46000000000001,70.28,69.22999999999999,,,,30.434782608695713,47.99999999999999,2.1162062116851104,2.421144800293303,-0.3049385886081928,30.577658471591167,22.96693854995968,32.905780008337814,,74.43165965417653,69.22999999999999,64.02834034582345,26935.2,51242.75,0.6465888502777035,69.55627009646302
2026-04-02,2258,27.3,27.9,27.1,27.3,636142.0,17452184.0,27.49,28.985000000000003,32.2475,37.05333333333333,38.20791666666667,40.046458333333334,21.99999999999997,21.004566210045652,-2.8528971593971875,-2.4469218874859195,-0.4059752719112679,14.355806062752968,43.8418236524088,37.80141615753942,,40.37176352937474,32.2475,24.123236470625265,1146732.2,891279.2,0.5547432957755961,27.434415586457114
2026-04-02,2301,148.5,148.5,142.5,145.0,11205949.0,1623886102.0,146.9,151.95,158.55,162.23333333333332,162.29166666666666,135.07583333333335,37.09677419354839,46.92307692307692,-5.525442066617529,-3.811597709486344,-1.7138443571311854,21.16255600109384,37.12953606998209,16.143317242777698,,181.925425692719,158.55,135.17457430728103,13734774.8,21344859.15,0.8158815243188406,144.91285851827453
2026-04-02,2302,17.85,17.95,17.4,17.4,243354.0,4282619.0,17.660000000000004,18.17,18.240000000000002,18.535833333333333,18.215416666666666,17.58245833333333,30.769230769230774,54.03225806451613,-0.26853978792378896,-0.15652880699132576,-0.1120109809324632,22.08829860088129,28.947204350049738,14.16706447017212,,19.6773220713682,18.240000000000002,16.802677928631805,372711.4,683266.55,0.6529287808207637,17.598309458648718
2026-04-02,2303,57.5,57.8,52.8,53.6,113154703.0,6104661492.0,56.46,57.10999999999999,59.80499999999999,56.81583333333333,50.48125,47.13708333333333,35.35353535353535,33.513513513513516,-1.16126073823731,-0.4287570923101277,-0.7325036459271822,26.074686216314298,37.17778099489237,12.350053573453541,,66.66341012725835,59.80499999999999,52.94658987274164,70958620.4,81630010.65,1.594657595682342,53.94969303220212
2026-04-02,2305,15.9,16.85,15.5,16.2,4515083.0,72903635.0,16.42,15.49,14.515,12.744166666666667,11.95625,11.624708333333334,68.81720430107526,73.29545454545455,0.9017887698748464,0.7586586129125429,0.14313015696230347,35.40760546424749,16.884000153724052,29.057657225243794,,17.337111937800152,14.515,11.69288806219985,6349459.2,2643525.1,0.7110972537629662,16.14668766886456
2026-04-02,2308,1480.0,1510.0,1420.0,1430.0,9953601.0,14489054481.0,1456.0,1458.5,1409.5,1175.9333333333334,1041.725,738.4541666666667,51.68539325842697,62.35294117647059,66.98902731099952,75.69231922747775,-8.703291916478236,29.81775569905257,21.378269180262148,30.250314977224452,,1565.7689988449583,1409.5,1253.2310011550417,13256641.0,13661308.0,0.750838843716142,1455.6595629059273
2026-04-02,2312,22.35,22.5,21.85,21.85,7813091.0,172313180.0,22.2,22.68,23.32,23.783333333333335,22.2925,21.310833333333335,40.625000000000014,47.45762711864407,-0.6177962994705055,-0.45144307433270564,-0.16635322513779988,21.9188004563797,29.490021806625915,11.092925565574996,,25.62911238357924,23.32,21.01088761642076,12091369.4,16841383.0,0.6461708960773294,22.054418667336652
2026-04-02,2313,270.0,285.0,260.0,260.0,119229438.0,32442493219.0,261.4,240.8,225.3,158.07333333333332,119.46333333333332,90.623125,73.70892018779342,70.58823529411765,23.85520554676802,21.991150109008156,1.8640554377598626,37.43414967346689,12.521447661578083,49.573902543723584,,275.71658039720205,225.3,174.88341960279794,128473185.4,94373202.45,0.9280492083136284,272.1013682795351
2026-04-02,2314,16.95,16.95,16.95,16.95,1101672.0,18673218.0,18.69,18.56,18.869999999999997,21.2025,18.296,16.064708333333336,43.67816091954023,45.544554455445535,-0.6756924137763072,-0.6958790554188585,0.02018664164255135,31.19368403442081,46.48994968230049,13.76780584294688,,21.104042830480807,18.869999999999997,16.635957169519187,557627.0,449875.5,1.9756432167022042,16.94988889615058
2026-04-02,2316,100.5,102.5,98.6,99.6,3115841.0,311783910.0,100.47999999999999,102.83999999999999,100.475,101.99666666666667,100.60166666666667,77.234375,48.571428571428555,61.958568738229744,0.3619093770883808,0.5635220335094483,-0.20161265642106752,24.355045656873774,26.25500501097036,11.11899310931182,,113.65534821039967,100.475,87.29465178960032,3357000.6,7361143.4,0.9281621814425651,100.0641271489784
2026-04-02,2317,198.0,199.0,191.5,193.0,41954568.0,8143562865.0,194.2,197.0,209.925,219.24166666666667,222.71666666666667,,46.7741935483871,36.641221374045806,-8.06504755699251,-6.58006513520972,-1.4849824217827905,21.077390950288656,36.40866022705717,19.019678405175195,,241.8200169346744,209.925,178.0299830653256,51788532.6,66780412.55,0.8101130866951808,194.10431934372437
2026-04-02,2321,,,,,579.0,7951.0,,,,,,,100.0,35.185185185185176,-0.6462678028217717,-0.5584522686742569,-0.08781553414751475,15.547857464808414,15.692114314434983,28.84225009163573,,,,,4982.4,7074.0,0.11620905587668594,13.732297063903282
2026-04-02,2323,11.15,11.2,10.9,10.9,3368748.0,37033093.0,11.03,11.59,11.2225,10.624166666666667,9.894166666666667,9.128958333333333,22.22222222222223,53.28947368421052,0.14216660207047838,0.2394092093656704,-0.09724260729519202,26.764151673687465,27.396954785307926,18.002783785889932,,12.555275102440106,11.2225,9.889724897559894,7581002.0,18009731.35,0.44436711664236467,10.993132463455266
2026-04-02,2324,27.75,27.75,27.0,27.4,20383786.0,556066152.0,28.060000000000002,30.18,30.7825,30.6875,30.903333333333332,30.302500000000002,9.43396226415095,29.6875,-0.8273106335452383,-0.24711124382104016,-0.5801993897241982,16.241745831933958,34.09192795527297,23.632693833636136,,34.52995878808832,30.7825,27.035041211911672,51949303.8,37505982.6,0.3923784249058599,27.27982681921798
2026-04-02,2327,256.0,257.0,245.0,246.0,13724318.0,3409279741.0,251.8,256.85,265.475,252.85,222.07083333333333,355.8333333333333,44.30379746835443,48.971193415637856,-3.108654516708839,-0.13853016459438564,-2.9701243521144534,21.50302686333896,31.35725361376384,13.204201179060437,,299.47573528616925,265.475,231.4742647138308,14251860.0,26651656.5,0.9629843402896183,248.41159619006206
2026-04-02,2328,46.0,46.0,44.15,44.4,4067168.0,182358911.0,44.43,44.839999999999996,46.22,48.09,50.979166666666664,45.995416666666664,49.19354838709676,52.86343612334801,-1.3193053394312244,-1.250957630450855,-0.06834770898036946,19.579795029771176,28.853696507734757,20.058223339409068,,51.40828640202797,46.22,41.03171359797203,2463914.4,3216254.2,1.6506937091645717,44.83682773861321
2026-04-02,2329,51.0,52.7,50.1,50.3,9087664.0,463674396.0,50.92,54.23,54.06999999999999,52.85083333333333,50.06375,43.436083333333336,29.333333333333343,53.87149917627677,-0.7263875234154327,-0.042548412453727154,-0.6838391109617055,24.764478606587623,26.287296159471296,13.45141980142996,,61.56311262707956,54.06999999999999,46.576887372920424,8572979.4,19036762.1,1.0600356744120953,51.022396514659874
2026-04-02,2330,1865.0,1865.0,1805.0,1810.0,29332490.0,53540295381.0,1805.0,1818.0,1861.0,1687.8333333333333,1527.3333333333333,1277.0625,50.0,50.0,10.680658427359276,26.43522225679048,-15.754563829431206,32.07609557471356,31.663265518873263,19.459586454592742,,1991.206314019416,1861.0,1730.793685980584,46012779.8,45722536.7,0.6374857186959176,1825.2898196164049
2026-04-02,2331,21.5,21.8,21.05,21.05,1491175.0,31877369.0,21.35,22.09,23.4875,23.980833333333337,22.20375,20.248125,25.92592592592584,41.52046783625731,-1.0451183122843517,-0.763542822175481,-0.28157549010887073,17.184588279186652,36.60523414720011,21.614259435908014,,27.6310904847443,23.4875,19.343909515255703,1586658.0,3265508.5,0.9398213099483317,21.377349405670024
2026-04-02,2332,15.35,15.45,15.0,15.15,3178793.0,48262249.0,15.23,15.180000000000001,15.372499999999999,15.645000000000001,16.256666666666668,17.016041666666666,59.57446808510641,50.0,-0.14223341063672024,-0.1396663888308391,-0.0025670218058811423,24.0920271252983,18.952213430517883,12.494682786633891,,16.133022673457113,15.372499999999999,14.611977326542883,3635402.6,3107040.25,0.8743991655834762,15.182570554295294
2026-04-02,2337,138.0,138.0,127.0,129.0,26764501.0,3506453763.0,124.9,136.85,122.50999999999999,78.32916666666667,53.464166666666664,37.103541666666665,42.71844660194174,62.57710760795066,12.012033892530084,14.762353273943402,-2.750319381413318,42.173785030924535,18.710022347117807,50.27332915443543,,162.0351232562413,122.50999999999999,82.98487674375869,27153470.2,83398776.55,0.9856751569086739,131.01136326061152
2026-04-02,2338,43.75,44.95,43.0,43.25,3325922.0,146119253.0,44.5,46.745,47.965,40.42833333333333,39.67875,36.676458333333336,33.720930232558175,42.429577464788736,0.8524038486576018,1.9348612557656464,-1.0824574071080446,27.53590789778453,27.78567639692718,19.15230534933266,,55.70641969843859,47.965,40.22358030156142,2839494.2,6527110.45,1.171307904062632,43.933457549515595
2026-04-02,2340,25.55,25.8,25.0,25.7,1894852.0,48221966.0,25.470000000000002,26.955000000000002,26.79,26.5,25.999166666666664,23.887708333333332,29.310344827586192,54.581673306772906,-0.1276429875995042,0.16522178576828725,-0.2928647733677915,23.018709060701823,29.194911906527647,17.860076360956242,,30.052804734709156,26.79,23.527195265290842,2621174.2,3603722.4,0.7229019727113138,25.44893532581964
2026-04-02,2342,29.0,29.1,28.0,28.0,872701.0,24697083.0,28.79,30.25,30.7875,30.663333333333334,30.359166666666667,27.099375000000002,16.304347826086897,47.08520179372198,-0.7062309086575276,-0.31618684959429527,-0.3900440590632323,24.377775639676408,30.52061201562955,13.359980731038391,,34.24823843656467,30.7875,27.326761563435333,970057.2,1598843.9,0.8996387017177957,28.299592873160453
2026-04-02,2344,96.0,97.6,91.8,91.8,183485734.0,17299197617.0,92.1,99.77000000000001,107.30999999999999,92.89166666666667,67.67125,42.655,23.809523809523753,42.48366013071895,-2.862643347938672,0.37063391501651727,-3.2332772629551894,23.837285708542467,32.116738762775945,20.607362964590216,,131.31841080691632,107.30999999999999,83.30158919308364,189706007.8,194351846.1,0.967210981496391,94.28088625680294
2026-04-02,2345,1670.0,1685.0,1580.0,1590.0,3328016.0,5422781290.0,1610.0,1603.5,1514.25,1274.0,1143.1666666666667,938.8775,55.04587155963303,60.09615384615385,90.8719578490784,93.16820346470149,-2.296245615623093,30.01954648623906,17.853828383709434,28.61504224979285,,1718.7847737774948,1514.25,1309.7152262225052,4415246.2,4841980.5,0.7537554757422134,1629.433659573752
2026-04-02,2347,78.0,78.8,77.3,77.4,3969321.0,308882286.0,77.48,77.91,74.67999999999999,66.61833333333333,63.339166666666664,65.87333333333332,37.313432835821004,70.89201877934272,3.004794453296654,3.2198587530222214,-0.2150642997255674,34.30930328596946,18.604974239021427,38.829565736618505,,83.1271359207224,74.67999999999999,66.23286407927759,4895620.0,6786992.0,0.8107902574137699,77.81741159256205
2026-04-02,2348,79.8,81.3,78.4,80.0,515406.0,41265890.0,78.32000000000001,79.38,76.28,78.71333333333334,82.99916666666667,100.95104166666667,57.471264367816076,70.95588235294117,0.6543084572865325,0.2635965977118248,0.3907118595747077,37.63226394985992,20.17028742530067,25.248863810817177,,84.93346903362462,76.28,67.62653096637538,288971.2,633796.75,1.7835895064975333,80.06482268347672
2026-04-02,2349,13.1,13.4,12.95,12.95,2363556.0,30810450.0,13.11,13.73,13.6,13.283166666666666,11.73175,11.272499999999999,39.53488372093021,51.89189189189189,-0.10225613438940151,0.01634680600263498,-0.11860294039203649,28.388041537874802,30.537533772161616,12.288323263619137,,15.178140144533813,13.6,12.021859855466186,3367559.4,7852243.6,0.7018602255390061,13.035633596157654
2026-04-02,2351,103.5,107.0,98.8,99.6,6428329.0,659821560.0,99.82000000000001,98.35,91.76500000000001,85.235,84.29,80.48041666666667,45.01718213058418,67.5531914893617,4.201131886137489,3.4451576759704317,0.7559742101670572,30.616008018158514,14.81303709296432,22.829158534717084,,107.73210763775911,91.76500000000001,75.79789236224092,5109639.8,4002861.5,1.2580787005768979,102.64278010661869
2026-04-02,2352,23.35,23.7,23.2,23.3,3193024.0,74812554.0,23.220000000000002,23.585,23.9925,25.314166666666665,27.85875,27.902291666666667,40.00000000000007,51.16279069767444,-0.5501223108421733,-0.5181039807249648,-0.03201833011720856,22.908737887507762,30.570507831100908,15.884589792645905,,25.895205829518662,23.9925,22.089794170481337,3950411.6,4882343.6,0.8082762818942715,23.430000526147
2026-04-02,2353,27.45,27.55,27.05,27.05,10632218.0,288687155.0,27.2,27.340000000000003,27.1775,26.7025,28.458333333333332,30.898958333333333,46.15384615384622,57.26495726495728,0.12746060855399222,0.16428563622385894,-0.03682502766986673,29.57543542757105,20.286287743340342,18.78419176456259,,28.076315009360705,27.1775,26.27868499063929,15216377.0,22847480.35,0.6987351851232393,27.152110218206587
2026-04-02,2354,52.8,52.9,51.3,51.4,2455708.0,127069420.0,51.6,51.95,53.864999999999995,58.79666666666667,63.9025,64.21666666666667,50.0,46.923076923076906,-1.8869673519510286,-1.9017892844731579,0.014821932522129266,18.89086491683084,33.25210106568578,32.876953483609626,,59.25945134032807,53.864999999999995,48.47054865967192,3430390.8,4133277.2,0.7158682911579637,51.744515227380454
2026-04-02,2355,53.3,55.8,51.4,51.7,45630045.0,2428472794.0,51.48,48.055,45.32,38.089166666666664,36.245,34.823125,87.70491803278694,73.97849462365593,3.414277771059531,2.7749175852989443,0.6393601857605868,33.37401489020076,13.10542791551888,42.98306180732814,,53.240752223713635,45.32,37.399247776286366,64302723.2,27572994.65,0.709612948398428,53.220916043365726
2026-04-02,2356,41.1,41.4,40.6,40.85,8198672.0,335144737.0,41.3,41.985,42.5275,43.766666666666666,43.72458333333334,43.01875,36.53846153846157,53.47826086956524,-0.7763913293293285,-0.5916677676647287,-0.1847235616645998,26.389381798190453,32.76554372844965,12.821974847494753,,45.809263806889376,42.5275,39.24573619311063,16455772.2,15150391.9,0.49822468981431334,40.877929620797126
2026-04-02,2357,570.0,570.0,551.0,555.0,3384391.0,1880675804.0,562.0,566.3,554.95,552.175,607.8208333333333,617.69375,42.857142857142854,60.215053763440864,7.261548243136303,7.93240794135225,-0.6708596982159465,22.234001497095022,26.81360083798536,18.090991220196045,,606.4597333673778,554.95,503.44026663262235,3296312.2,4295461.25,1.0267204059130077,555.691054609234
2026-04-02,2359,111.0,111.5,107.0,107.5,562704.0,61228503.0,110.0,112.0,117.1,125.26666666666667,131.01666666666668,134.110625,37.83783783783784,46.25,-4.608624535977867,-3.976152623632928,-0.6324719123449394,15.683701135272136,30.9369807527773,19.131520363021945,,132.0053151946725,117.1,102.1946848053275,662379.6,1109312.85,0.8495189163434381,108.81120980124541
2026-04-02,2360,1620.0,1695.0,1520.0,1535.0,5962929.0,9425242887.0,1570.0,1565.5,1478.5,1077.8333333333333,873.325,621.1875,55.04587155963303,63.34841628959276,127.96573196975237,140.79007040513744,-12.824338435385073,31.909770168102046,12.351760729251291,44.89180579590676,,1717.9533247562877,1478.5,1239.0466752437123,4476430.6,4009578.95,1.3320722541750118,1580.6397974887846
2026-04-02,2362,38.1,38.1,37.3,37.6,327739.0,12279695.0,38.01,38.125,38.3025,39.045833333333334,39.97166666666667,43.29708333333333,43.4782608695653,54.6875,-0.22842088662314097,-0.18474578459284077,-0.0436751020303002,19.211587127762243,26.125015123642655,10.619829501572811,,39.65487607662515,38.3025,36.95012392337485,413371.4,457292.45,0.7928439171166655,37.467908915325914
2026-04-02,2363,48.2,48.55,46.3,46.3,2486682.0,116596978.0,47.55,48.735,50.1425,50.1975,52.64375,52.308375,32.66666666666667,47.72727272727272,-1.1423343635154097,-0.69128225119934,-0.4510521123160698,20.223990886064577,30.90067591970682,15.104053525754363,,55.27149651619705,50.1425,45.01350348380295,2581386.8,3482257.3,0.9633124334563112,46.88857602218538
2026-04-02,2364,62.0,66.2,62.0,66.2,873961.0,57195556.0,61.4,61.769999999999996,62.260000000000005,64.78,69.10416666666667,77.875,75.78947368421055,66.27906976744187,-0.5332345527127629,-0.775432186416996,0.24219763370423308,37.32086679095962,24.91628407556596,17.672906567353227,,65.6766157463001,62.260000000000005,58.8433842536999,234495.8,143235.95,3.726979331825986,65.44405986079471
2026-04-02,2365,31.6,31.6,30.5,30.5,1077586.0,33116715.0,31.18,32.46,33.667500000000004,35.39666666666666,37.79833333333333,38.05270833333334,16.867469879518055,41.00000000000001,-1.3415076931015406,-1.0118668348234323,-0.3296408582781083,17.39591908390008,33.86614898975854,18.186543408079043,,37.70707723165713,33.667500000000004,29.627922768342877,1304884.0,2124409.15,0.8258098037833248,30.732317420604943
2026-04-02,2367,75.4,77.7,70.7,71.5,124332184.0,9229532565.0,74.84,73.4,70.73499999999999,47.74583333333333,37.19833333333333,31.709583333333335,58.60215053763441,60.77981651376146,6.031505821649688,7.025133704889024,-0.9936278832393359,26.861333393902008,18.27602246368375,42.41651939474883,,80.5741858884459,70.73499999999999,60.89581411155408,167296109.6,99434007.15,0.7431863436470492,74.23285160823686
2026-04-02,2368,977.0,980.0,900.0,905.0,10146068.0,9468613609.0,906.6,929.8,878.7,739.6333333333333,601.4958333333333,438.226875,53.74449339207048,62.24489795918367,44.5678751521574,52.03553037964853,-7.467655227491129,30.854685553206895,14.734251698614623,37.980923647843966,,1028.342521398586,878.7,729.057478601414,7447162.4,9907467.2,1.3624072438651262,933.2298589956227
2026-04-02,2369,30.8,31.2,28.95,29.0,18483400.0,552746331.0,29.65,31.605,29.595,25.861666666666668,22.85,18.95125,27.878787878787904,58.39080459770115,1.0878962819690976,1.4377321951147324,-0.3498359131456348,29.90263727560286,20.505725988883587,30.500366166780164,,35.166062451822434,29.595,24.023937548177564,16759232.2,32757898.6,1.1028786867694333,29.905013742060444
2026-04-02,2371,31.1,32.0,30.85,31.55,13528101.0,424418600.0,31.29,31.04,32.5275,33.943333333333335,35.55625,37.990208333333335,71.42857142857144,43.795620437956224,-1.1692511240599686,-1.1670237892352062,-0.0022273348247623392,19.490707315717124,27.550856524637414,24.32235057825132,,37.018013392287386,32.5275,28.03698660771262,14265589.8,14439877.25,0.9483029576526867,31.37310994351683
2026-04-02,2373,56.7,56.8,56.0,56.0,16747.0,942511.0,56.0,55.989999999999995,55.95,55.955000000000005,56.51,58.708333333333336,50.0,61.702127659574494,0.11036386911447238,0.07125399019061199,0.03910987892386039,29.2948653543317,14.94073017279612,26.60605512959008,,57.0878650368571,55.95,54.8121349631429,30135.0,43432.35,0.5557325369172059,56.27939332417746
2026-04-02,2374,68.8,69.0,66.2,66.5,2713208.0,181501000.0,68.56,69.56,71.875,77.675,81.16416666666667,68.33666666666666,35.51401869158883,45.25139664804469,-2.916069555044018,-2.6791723178273905,-0.2368972372166276,16.365017073743303,32.51481680137586,19.205578540637017,,80.4188497424208,71.875,63.331150257579196,3375523.0,3836690.35,0.8037889239682265,66.89535044862023
2026-04-02,2375,76.8,77.4,72.5,72.6,849051.0,62949631.0,75.5,77.32000000000001,81.775,88.37333333333335,84.1675,71.28375,35.1724137931034,40.57507987220446,-3.7819328367678935,-3.2048945858545768,-0.5770382509133167,16.299790347087335,33.59139178363899,21.105793293330283,,94.86720338498036,81.775,68.68279661501965,1146829.0,1292011.8,0.7403466427863264,74.14116584280568
2026-04-02,2376,233.5,233.5,227.0,228.0,3071639.0,702100878.0,229.1,234.3,231.825,235.525,255.94166666666666,258.6275,37.5,58.0246913580247,-1.0172954827987724,-0.4896399426255946,-0.5276555401731777,24.122146120205116,24.884834471665133,11.147659850441862,,251.2923140363356,231.825,212.35768596366438,3766218.0,6121368.0,0.8155765279651895,228.5753234673736
2026-04-02,2377,89.2,89.6,87.0,87.2,3484978.0,306345750.0,87.8,89.94,92.16499999999999,95.86333333333333,105.21499999999999,126.78666666666666,31.958762886597924,33.132530120481945,-1.962979541246085,-1.4530874378429286,-0.5098921034031565,19.45978483027927,26.902352139742387,14.159058393021391,,98.7935745073916,92.16499999999999,85.53642549260839,5107390.8,7189245.5,0.682340188262077,87.90464387436592
2026-04-02,2379,488.0,493.0,484.5,488.0,2417055.0,1180471417.0,486.6,482.8,477.95,496.06666666666666,510.9166666666667,523.81875,59.25925925925926,51.78571428571429,-0.11822562806014503,-2.317080726622771,2.198855098562626,21.911510872294716,15.980712055461993,13.209481426782425,,497.59393571886176,477.95,458.3060642811382,2975726.8,3845409.45,0.8122570257457775,488.39245155778417
2026-04-02,2380,5.71,5.71,5.28,5.3,1006183.0,5374241.0,5.792,6.168000000000001,5.8420000000000005,5.195666666666667,5.474,4.7841249999999995,18.390804597701162,40.227703984819726,0.1741810363471643,0.2680472178462104,-0.09386618149904608,36.93841479153949,40.37702656946006,19.557324073664702,,7.071969618794698,5.8420000000000005,4.612030381205303,376741.6,754235.4,2.6707509868833177,5.341216259865253
2026-04-02,2382,290.5,291.5,284.5,284.5,11221762.0,3212312387.0,284.7,284.0,286.325,281.71666666666664,282.1625,271.28541666666666,54.166666666666664,52.33644859813084,0.5720846504199244,0.9377357692335884,-0.36565111881366397,22.406035223282267,18.839960587030596,10.38946869644058,,296.6882701605739,286.325,275.9617298394261,15811868.2,16781101.7,0.7097050050037731,286.2573976350595
2026-04-02,2383,2920.0,2965.0,2775.0,2785.0,4147382.0,11863395991.0,2788.0,2796.5,2605.25,1998.0,1635.4583333333333,1214.78125,55.7471264367816,67.0391061452514,211.05067916495454,226.25569855384805,-15.205019388893504,29.721181462811753,14.7560946601216,43.8135318503287,,3064.075445538594,2605.25,2146.424554461406,3646855.0,3812843.5,1.1372489446385996,2860.454134921741
2026-04-02,2385,121.5,122.5,120.0,121.0,3609710.0,436769907.0,121.1,121.45,122.975,119.29166666666667,125.67083333333333,136.53583333333333,56.25,44.444444444444436,0.0782599706083289,0.5714242220264535,-0.4931642514181246,12.800203658431435,19.059316613898233,18.81648832900378,,127.05930887021685,122.975,118.89069112978314,3727710.4,5017085.2,0.9683450731580436,120.99861401608439
2026-04-02,2387,40.05,40.3,39.25,39.5,732519.0,28996104.0,39.760000000000005,42.34,42.769999999999996,40.38416666666667,40.751666666666665,45.59854166666666,9.166666666666728,30.89430894308944,-0.05806427744153808,0.6370176190185967,-0.6950818964601347,19.56058983426375,36.37989735511137,30.923586914332564,,47.184139959148,42.769999999999996,38.355860040851994,1368911.0,2128018.95,0.5351107559220432,39.58409815991121
2026-04-02,2388,52.5,52.8,51.4,51.4,2252991.0,116556660.0,52.52,52.89,50.4525,53.1675,54.2825,61.5075,41.33333333333332,66.39004149377593,0.27414095466043165,-0.03360482994862957,0.3077457846090612,27.466040756961647,15.764687887949549,22.62871852760583,,57.20289764910619,50.4525,43.70210235089381,5794697.2,6106326.05,0.3888021966014031,51.73418801939289
2026-04-02,2390,10.2,10.2,10.05,10.1,343230.0,3475508.0,10.2,10.47,10.187999999999999,10.075666666666667,10.07475,10.56475,0.0,57.8125,0.016966106329695307,0.04334500724532968,-0.02637890091563437,26.658038588572207,23.316839832841836,17.043388910254947,,11.035574868607325,10.187999999999999,9.340425131392672,366846.6,825551.45,0.9356226826144771,10.125886431838708
2026-04-02,2392,34.4,34.8,33.4,34.0,4764775.0,161763024.0,35.19,35.75,36.71,38.108333333333334,,,33.33333333333333,41.711229946524085,-1.0186656868677062,-0.8328230472364696,-0.1858426396312366,11.345400589530245,32.19360613411025,23.49445406950742,,39.70272802851114,36.71,33.71727197148886,1911549.6,1552274.8,2.492624308571433,33.94977181503849
2026-04-02,2393,68.1,68.8,67.7,68.7,2083495.0,142429707.0,68.04,68.27000000000001,64.61,57.806666666666665,59.215,67.50375,54.23728813559322,74.74747474747475,2.875210477457756,2.8684541762047453,0.006756301253010744,34.66804041624907,17.69809193520497,40.163540429492755,,73.46173786088993,64.61,55.75826213911007,2202056.4,4013201.0,0.9461587814008761,68.36095454992693
2026-04-02,2395,334.0,334.0,317.0,323.5,2038229.0,658237357.0,325.4,330.65,337.375,304.5,311.9458333333333,328.87083333333334,41.55844155844156,34.640522875816984,4.238395586297543,7.964604507811827,-3.726208921514284,22.28045128447177,24.852637051804848,32.164622530759424,,362.6292336211111,337.375,312.1207663788889,2447937.0,4551128.45,0.832631313632663,322.94573229995257
2026-04-02,2397,54.3,54.5,53.4,53.5,72366.0,3883526.0,54.05999999999999,54.35,56.015,59.486666666666665,64.405,65.87958333333333,41.81818181818184,45.192307692307686,-1.6375653623685622,-1.5892642433863315,-0.04830111898223066,17.389208250787412,33.00071548260706,27.274844347016618,,61.258251301483085,56.015,50.771748698516916,97323.6,148756.7,0.7435606574356065,53.66506370394937
2026-04-02,2399,32.85,33.85,32.6,33.8,7527622.0,250986761.0,31.45,32.505,28.27,25.529999999999998,23.307916666666664,21.482916666666664,74.57627118644066,71.94244604316546,2.215651051739272,1.8994459973410294,0.3162050543982424,40.39183665575317,19.399211418684434,27.35078803864357,,37.90094792295834,28.27,18.639052077041658,3466065.2,9109534.1,2.171806231458081,33.342104717797994
2026-04-02,2401,20.05,20.1,19.6,19.6,1630716.0,32213701.0,19.96,20.36,21.0075,20.984166666666667,21.73166666666667,21.671875,31.11111111111113,44.88188976377953,-0.4430803818967348,-0.2794099910671897,-0.1636703908295451,15.869168375179543,27.79535053658974,14.033055529722557,,23.253730760980943,21.0075,18.761269239019057,1999126.6,2698693.25,0.8157142224009224,19.754329386600734
2026-04-02,2402,52.7,56.0,52.0,52.8,22058938.0,1181895174.0,51.69,51.30499999999999,51.93000000000001,54.91583333333334,53.50541666666666,46.78729166666666,59.04255319148934,64.81481481481481,-0.7965822117947354,-1.0667783155198163,0.27019610372508085,29.183179166824146,20.355270865644844,10.085839019742027,,57.86716217875541,51.93000000000001,45.992837821244606,9033075.2,8154452.6,2.442018638348101,53.578969848865796
2026-04-02,2404,846.0,851.0,824.0,829.0,2650770.0,2206771844.0,840.0,883.8,965.55,924.85,918.925,767.5108333333334,14.189189189189179,22.799097065462746,-33.64462529268599,-13.010684570883756,-20.633940721802233,23.343332946974847,33.587111313904614,17.4696798502635,,1168.7915985186623,965.55,762.3084014813377,3164321.6,4030517.05,0.8377056238531507,832.5021952112028
2026-04-02,2405,15.5,15.65,15.1,15.2,1178078.0,17993825.0,15.470000000000002,15.775,15.5975,16.78666666666667,17.70291666666667,17.59,7.692307692307708,52.51798561151078,-0.24949305404496336,-0.28040277877602243,0.030909724731059074,27.679111290447526,23.1583411844655,24.890657554705157,,16.78359265636119,15.5975,14.411407343638809,1635560.0,3549185.5,0.7202902981241899,15.27388254427975
2026-04-02,2406,32.55,33.05,30.7,30.8,11378784.0,358763856.0,33.17,34.57,34.13250000000001,28.808333333333334,24.702916666666667,19.150208333333335,30.952380952380963,46.89826302729529,0.9042969875494151,1.6280395577065756,-0.7237425701571605,21.695306473192684,16.97075348325604,37.988792647319336,,38.54531328096164,34.13250000000001,29.71968671903837,13811316.6,33560545.25,0.8238739527555251,31.529191168406044
2026-04-02,2408,217.0,219.0,200.0,200.5,119851725.0,24895331475.0,210.0,221.0,239.85,221.58333333333334,161.62333333333333,102.33104166666666,37.301587301587304,47.353760445682454,-11.191469489584932,-4.947413214235861,-6.244056275349071,24.77906931671874,33.4460681030996,21.046209170107037,,299.3727510682851,239.85,180.3272489317149,129687598.6,103289301.8,0.9241571768913918,207.7177568783428
2026-04-02,2409,16.5,17.4,16.4,16.85,700945979.0,11824969601.0,15.2,15.185000000000002,15.617500000000001,13.748333333333333,13.213750000000001,13.04125,80.55555555555557,58.86524822695037,0.2558484862866237,0.2931414293952845,-0.03729294310866077,40.13606321526884,18.101005141996637,27.907344885510877,,17.230367665142644,15.617500000000001,14.00463233485736,224071684.2,188855326.45,3.1282220308316853,16.87001560073148
2026-04-02,2412,134.5,134.5,133.5,134.0,7496636.0,1003897223.0,133.8,134.15,135.125,132.74166666666667,132.85416666666666,131.71041666666667,50.0,39.99999999999999,0.0550032310576114,0.3622758232498662,-0.3072725921922548,14.369760036645655,14.380173719618892,21.932873373489148,,137.83705884115753,135.125,132.41294115884247,9437849.6,13252456.45,0.7943161120092441,133.91302752327843
2026-04-02,2413,50.0,51.7,48.55,48.55,2742065.0,136372303.0,51.14,53.21999999999999,51.9975,42.21083333333333,31.837916666666665,25.71625,31.914893617021292,55.63025210084032,1.8546093775165318,2.8382686039029794,-0.9836592263864476,24.67265983147002,24.26304498562469,22.57041198986679,,59.618072916713956,51.9975,44.37692708328605,4190068.6,6488265.35,0.6544200732178943,49.73343192083339
2026-04-02,2414,43.15,43.35,42.9,42.9,85965.0,3696261.0,43.029999999999994,43.315,42.89,41.70333333333333,42.2275,41.264583333333334,33.33333333333316,69.23076923076925,0.40492485903180864,0.4969854301011449,-0.09206057106933624,27.10869443178729,25.383549052551164,15.583880296955297,,44.828420409563705,42.89,40.951579590436296,131163.0,224721.4,0.6554058690331878,42.99727796196127
2026-04-02,2415,30.05,30.3,29.55,29.95,223126.0,6679390.0,29.580000000000002,29.71,28.397499999999997,27.10666666666667,26.189999999999998,25.519791666666666,42.857142857142854,75.39267015706807,0.8117516082122123,0.7311036809781517,0.08064792723406056,31.90247129167979,17.867124603526417,23.96233295508101,,31.75598885191258,28.397499999999997,25.039011148087415,254053.6,308697.5,0.8782634845560149,29.935507291844072
2026-04-02,2417,35.4,35.4,33.85,34.2,174722.0,5970798.0,34.29,34.775,35.2125,36.892500000000005,38.69083333333333,39.516041666666666,37.09677419354841,51.85185185185185,-0.8334642904798244,-0.7784314614083212,-0.0550328290715032,19.337614143625437,27.430475876174203,20.254201739424516,,37.205877192499884,35.2125,33.21912280750011,269553.8,440999.95,0.6481897120352227,34.1731321756848
2026-04-02,2419,35.65,36.9,32.7,32.85,26261332.0,914569227.0,34.11,32.17,31.060000000000002,27.91583333333333,25.654166666666665,24.367083333333333,63.54166666666669,59.225512528473814,1.3364643564226455,1.0636384161945103,0.2728259402281352,33.80191475177431,10.309051448395541,35.73098207512952,,35.308293775152656,31.060000000000002,26.81170622484735,23378444.0,8216567.65,1.1233139382586796,34.82569836899362
2026-04-02,2420,51.3,51.5,50.7,50.7,65661.0,3353182.0,51.1,51.73,51.665,51.09916666666666,51.37291666666667,53.486041666666665,27.50000000000003,53.76344086021506,-0.01953741370785167,0.137649845229582,-0.15718725893743368,19.58250671192286,26.570588099931236,12.75541974468594,,53.324771702756166,51.665,50.00522829724383,124399.2,218767.15,0.5278249377809504,51.06809217039034
2026-04-02,2421,128.0,129.5,122.5,122.5,3677481.0,458090238.0,127.8,133.05,138.0,149.725,146.79583333333332,124.52666666666666,38.02816901408451,45.81005586592178,-5.913655102442874,-4.529709338835504,-1.38394576360737,20.82414339040987,32.90897889001149,14.061182630165693,,157.75907519676977,138.0,118.24092480323023,3806116.4,5845496.0,0.966202977922588,124.5663099279099
2026-04-02,2423,47.45,47.45,47.1,47.45,18517.0,876050.0,47.39,48.06,48.292500000000004,51.104166666666664,52.80958333333333,48.7875,37.64705882352944,54.54545454545457,-0.7169341438357577,-0.7505360426305994,0.033601898794841656,18.65214427954871,27.730382788606768,14.634317281577193,,50.105399683699375,48.292500000000004,46.47960031630063,56463.0,106716.8,0.32794927651736533,47.310579467516334
2026-04-02,2424,25.5,25.65,24.8,25.5,75588.0,1904155.0,26.169999999999998,26.140000000000004,29.172499999999996,34.174166666666665,,,51.64319248826292,31.84079601990051,-2.6907695007331256,-2.5371031533949946,-0.153666347338131,16.89031868189356,28.496372823653605,26.570776426831227,,35.95432361750318,29.172499999999996,22.39067638249681,233508.6,116688.2,0.3237054224127077,25.191234058316134
2026-04-02,2425,26.85,27.0,26.0,26.0,240897.0,6341517.0,26.860000000000003,28.384999999999998,28.1625,28.949166666666667,29.78458333333333,32.721875,9.41176470588232,53.30578512396695,-0.4863266418974028,-0.1757770502806145,-0.3105495916167883,21.234930603032065,35.791652702125575,19.78405995008352,,31.858568323588184,28.1625,24.46643167641182,205538.0,291324.2,1.1720314491724158,26.324599310078582
2026-04-02,2426,38.3,38.3,38.3,38.3,11959044.0,458031226.0,35.17,34.82,30.03,21.819999999999997,19.55875,18.18104166666667,68.64111498257837,71.68576104746317,4.154952270132899,3.9555310348174353,0.19942123531546363,40.8896686837553,18.841933109442984,43.6562960117682,,43.301393850566,30.03,16.758606149434,3904776.6,9325552.45,3.062670473901119,38.299986687899136
2026-04-02,2427,23.3,23.45,23.1,23.2,238207.0,5536229.0,23.1,23.410000000000004,24.405,26.041666666666668,26.377499999999998,26.66125,42.10526315789473,28.39506172839505,-0.7962213175297954,-0.7223191406182365,-0.07390217691155887,12.655555963642081,35.438846994314396,34.67365484262823,,27.045753480991536,24.405,21.764246519008466,383169.4,750127.9,0.6216754260648162,23.241252356144027
2026-04-02,2428,156.0,156.0,149.5,150.0,455408.0,68781228.0,153.2,155.55,163.7,172.05,172.1875,155.55,41.66666666666667,42.857142857142854,-5.693357205537467,-4.773485641370947,-0.9198715641665194,18.631223634255605,37.65828604213646,19.72186337575428,,188.092406065911,163.7,139.30759393408897,315625.4,582350.3,1.4428750030891049,151.03210308119313
2026-04-02,2429,41.0,41.0,38.9,39.05,209521.0,8266249.0,40.54,43.545,47.81,64.66666666666667,85.68583333333335,73.00625,17.58241758241752,32.39074550128534,-6.012637463717979,-5.882493844469514,-0.1301436192484653,14.17088880839152,41.469753556563774,34.06407239025678,,59.87977957327401,47.81,35.740220426726,355372.6,395628.9,0.5895811888704983,39.45308107540533
2026-04-02,2430,21.8,21.8,21.7,21.75,23753.0,516367.0,21.72,21.88,22.38,22.77,23.551249999999996,24.741041666666664,37.49999999999978,30.76923076923073,-0.30739212017105544,-0.23896507662769856,-0.06842704354335688,14.441373498036054,33.90085134776438,33.50124152238533,,23.478515745042298,22.38,21.2814842549577,39228.6,79288.05,0.6055021081557843,21.73902243927083
2026-04-02,2431,12.05,12.05,11.65,11.65,426112.0,5008017.0,11.809999999999999,12.145,12.865,13.023333333333333,12.817499999999999,12.459583333333335,35.483870967741964,43.421052631578945,-0.6084239809102172,-0.4738227524125133,-0.1346012284977039,21.27878540806113,27.501863640805908,14.513486192367067,,15.665206759283421,12.865,10.064793240716579,467539.2,1389953.9,0.9113930981616086,11.752818507810153
2026-04-02,2432,26.65,26.65,26.55,26.55,12656.0,336786.0,26.869999999999997,27.195,26.405,25.827499999999997,,,31.250000000000043,63.8888888888889,0.4506694020720019,0.5074133056106834,-0.05674390353868153,34.0708129777748,19.734727833371142,39.60103315912809,,29.519465401451768,26.405,23.290534598548234,20985.2,72589.1,0.6030917027238244,26.610777496839443
2026-04-02,2433,45.95,45.95,45.5,45.5,16050.0,731302.0,45.67,45.785000000000004,46.192499999999995,46.94583333333333,47.80083333333333,48.920208333333335,31.57894736842117,35.2941176470589,-0.34861091746558515,-0.31470220029552826,-0.03390871717005689,17.699396358987137,22.050369741496652,19.091498106126085,,47.26034337507061,46.192499999999995,45.12465662492938,49575.6,44612.65,0.32374797279306755,45.56398753894081
2026-04-02,2434,29.1,29.35,29.0,29.25,8088.0,235652.0,29.03,29.130000000000003,29.454999999999995,30.211666666666666,30.023750000000003,29.499041666666667,55.55555555555564,37.20930232558135,-0.26423631933074176,-0.2660294578294348,0.0017931384986930587,22.109821974837278,22.825921348494944,10.813709931449212,,30.264743299154997,29.454999999999995,28.645256700844993,16947.6,17354.95,0.4772357147914749,29.136003956478735
2026-04-02,2436,61.5,62.0,58.9,59.6,2187231.0,131542704.0,60.92,62.73,60.370000000000005,53.49666666666666,52.264166666666675,50.640625,33.673469387755134,65.85365853658537,1.820370939855188,2.3934753150704773,-0.5731043752152893,26.005308404427367,23.03836486088983,27.62840085340594,,68.78329774508012,60.370000000000005,51.95670225491989,3712250.8,5714212.25,0.5891926806238414,60.14120319252973
2026-04-02,2438,23.5,23.55,22.45,22.5,116514.0,2668184.0,23.15,22.759999999999998,22.0925,22.559166666666666,23.289583333333333,26.518375,67.14285714285715,59.13978494623657,0.26318915462784886,0.0826420815864293,0.18054707304141956,31.373522369077083,21.492373994822987,19.219905575722304,,24.062612206262134,22.0925,20.122387793737868,234617.0,205856.8,0.4966136298733681,22.90011500763857
2026-04-02,2439,85.5,86.0,83.7,83.8,732968.0,61888766.0,84.5,84.47999999999999,85.24,95.205,99.39833333333334,107.68583333333332,43.10344827586209,61.40350877192979,-3.0496755528633344,-3.5924245511081687,0.5427489982448344,16.96438053603742,34.51131428005692,30.442273071157295,,94.55403016393785,85.24,75.92596983606214,803110.8,2026633.35,0.9126611172455905,84.4358362165879
2026-04-02,2440,14.15,14.25,13.95,14.15,158126.0,2232464.0,14.3,14.425,14.850000000000003,14.468333333333334,13.540416666666665,13.440625,41.66666666666667,33.76623376623374,-0.2035552783711232,-0.10223085140759379,-0.1013244269635294,21.45222413796025,23.340906793441384,13.185775806999523,,16.121964911796788,14.850000000000003,13.578035088203219,223082.2,293085.55,0.7088239223030792,14.11826012167512
2026-04-02,2441,88.8,89.9,84.8,85.0,2934532.0,254112043.0,89.44000000000001,91.17999999999999,89.44500000000001,86.16166666666666,76.44666666666667,67.23833333333333,38.983050847457626,55.6840077071291,0.1973835337514913,0.738662890009726,-0.5412793562582346,23.718119391179904,21.9942861322154,20.125494690920252,,99.47515978253281,89.44500000000001,79.4148402174672,5508555.4,5462961.4,0.532722608181448,86.59372022523523
2026-04-02,2442,20.95,21.0,20.4,20.5,1149975.0,23732575.0,20.52,20.52,20.0875,22.620833333333334,24.088749999999997,24.62558333333333,51.61290322580647,62.83783783783783,-0.2928265563485546,-0.48917664514658343,0.19635008879802884,28.165732293173807,22.05234069888581,19.554294944750897,,21.72420882855643,20.0875,18.450791171443566,1453242.4,2314150.4,0.7913167135778588,20.637470379790866
2026-04-02,2444,12.35,12.5,12.2,12.3,278815.0,3440053.0,12.58,13.09,13.3025,12.445833333333333,11.912083333333333,12.326458333333335,25.0,40.2439024390244,-0.07023512118328767,0.1234019697161799,-0.19363709089946757,19.71120021055139,21.10849075740572,25.692554378625623,,14.692113728986982,13.3025,11.912886271013019,408429.6,940742.85,0.6826513063695677,12.338120258953069
2026-04-02,2449,284.0,284.0,255.5,259.0,28958269.0,7663602719.0,270.2,282.8,291.475,265.7083333333333,223.84166666666667,163.450625,37.57961783439491,46.683673469387756,-3.3346530199017934,2.052996849557152,-5.387649869458945,22.463239303754932,34.1607127982101,20.397819682010365,,331.1068253294902,291.475,251.84317467050982,21051265.4,20767997.8,1.3756070454558045,264.6429839780824
2026-04-02,2450,29.15,29.25,29.05,29.05,33151.0,964385.0,29.110000000000003,29.184999999999995,29.470000000000006,29.1425,29.122916666666665,30.209999999999997,40.00000000000009,46.8085106382979,-0.04263097449887354,0.018731899079787468,-0.061362873578661006,25.267631151272774,23.33805293041039,12.306322079575393,,30.30502284872562,29.470000000000006,28.63497715127439,83512.6,165407.15,0.39695806381312515,29.09067599770746
2026-04-02,2451,238.0,238.0,232.0,233.0,2313392.0,543012707.0,227.6,252.9,241.075,215.15,174.53833333333333,136.39041666666668,35.294117647058826,54.64852607709751,3.3437258565079446,8.53789002417809,-5.194164167670145,33.77350720484985,32.2726556235296,19.90967101064492,,301.91497560468684,241.075,180.23502439531313,2570131.0,7655314.55,0.9001066482603416,234.72576502382648
2026-04-02,2453,53.1,53.1,52.0,52.0,189095.0,9881945.0,52.17999999999999,53.379999999999995,53.11999999999999,53.71,56.181666666666665,58.13354166666667,25.49019607843134,55.99999999999999,-0.396877814958593,-0.23955270744571083,-0.15732510751288215,27.67419467215123,23.995901617289146,14.601326447770322,,56.38744709617736,53.11999999999999,49.85255290382262,324754.2,512794.1,0.5822711453770266,52.2591554509638
2026-04-02,2454,1500.0,1510.0,1445.0,1465.0,9301597.0,13658631065.0,1503.0,1576.0,1677.25,1589.25,1462.7083333333333,1406.78125,0.0,29.16666666666667,-52.234344019281025,-16.23225818683132,-36.00208583244971,17.403311899416916,32.36353842517837,22.583144745479874,,1946.4882040616,1677.25,1408.0117959384,9630837.2,7975223.15,0.965813958520657,1468.4178496445288
2026-04-02,2455,267.0,276.5,258.0,259.0,30358649.0,8120053688.0,262.6,250.05,232.775,180.75,166.43333333333334,145.21666666666667,60.37735849056604,68.73156342182891,21.48326138632268,19.97145577619682,1.5118056101258617,34.08292457313763,13.57369979739101,38.2730610044627,,280.691017539463,232.775,184.858982460537,25044523.8,19556547.3,1.212187112936841,267.4708511567824
2026-04-02,2457,24.8,25.1,23.9,23.9,2131605.0,51682432.0,24.669999999999998,25.805,27.3375,29.029999999999998,27.991249999999997,26.303541666666664,23.595505617977523,34.82587064676616,-1.3493529910675015,-1.0193194483711745,-0.330033542696327,16.979212709522525,36.48798061911888,16.607586498241535,,31.561600651711302,27.3375,23.113399348288695,2320369.0,2995678.8,0.918649145890158,24.245782872530324
2026-04-02,2458,127.0,127.0,123.0,123.5,2390195.0,297435250.0,125.6,129.45,130.6,125.80833333333334,127.4125,128.13645833333334,42.37288135593221,43.39622641509434,0.4229036742890173,1.8910519745223149,-1.4681483002332976,24.229887493059028,26.44902433989596,19.239116524921243,,144.28672041759705,130.6,116.91327958240295,3617375.2,3895533.95,0.6607539632604326,124.43974236411674
2026-04-02,2459,65.1,65.1,64.8,64.8,45467.0,2952445.0,65.06,65.3,65.75,66.06333333333333,65.245,63.985416666666666,28.571428571428143,55.55555555555556,-0.32256238017271244,-0.23851081529952975,-0.08405156487318269,17.44855310987058,30.165543148936987,19.79608415041661,,67.55000000000044,65.75,63.94999999999956,53799.0,62031.9,0.8451272328481942,64.93599753667495
2026-04-02,2460,26.45,26.45,24.75,25.1,264044.0,6639879.0,25.02,25.03,25.52,22.303333333333335,19.94541666666667,19.264791666666664,65.00000000000003,57.63888888888891,0.47932261787896735,0.6696489379334122,-0.19032632005444483,26.60738506452932,19.932746939723263,17.743918145115334,,28.48619550762809,25.52,22.55380449237191,246704.4,532079.9,1.070284923981899,25.146865673902834
2026-04-02,2461,17.85,18.15,17.7,18.0,587231.0,10536957.0,17.81,17.360000000000003,16.654999999999998,16.030833333333334,16.00166666666667,16.613125,73.8095238095238,83.52941176470586,0.49460292355720625,0.3272081162296297,0.16739480732757656,26.41382998685052,13.410356858513357,19.699772660957642,,18.485127979419193,16.654999999999998,14.824872020580802,1105422.4,827539.2,0.5312277008318269,17.943461772283822
2026-04-02,2462,22.05,22.05,21.55,21.65,143640.0,3114858.0,21.91,22.195,22.927500000000002,23.358333333333334,23.52041666666667,23.225624999999997,44.06779661016947,44.715447154471526,-0.6374562158640735,-0.5202740345879496,-0.1171821812761239,18.27152390396201,32.63999981242209,21.47093388550067,,25.477520639751248,22.927500000000002,20.377479360248756,219598.8,301264.85,0.6541019349832513,21.68517126148705
2026-04-02,2464,68.2,69.2,66.2,66.5,1893976.0,127440849.0,68.97999999999999,71.53,71.515,66.63166666666666,66.77333333333334,64.37020833333334,26.495726495726473,54.36046511627908,0.04561123730718464,1.060587784445534,-1.0149765471383494,22.10300054573175,28.42373382357728,19.69954762874425,,79.85495456254164,71.515,63.175045437458365,2799600.4,5522291.7,0.676516548576004,67.28746773982353
2026-04-02,2465,52.3,52.7,51.5,52.2,233282.0,12122349.0,52.86,55.95,54.489999999999995,56.03666666666666,59.127500000000005,59.455,28.846153846153868,54.380664652567994,-0.5030466462665402,-0.08595022231257786,-0.4170964239539623,27.815841894291637,32.62067999012884,15.464577070476563,,62.7106159328724,54.489999999999995,46.26938406712759,243429.2,612133.55,0.9583156005935195,51.964356444131994
2026-04-02,2466,47.55,50.5,47.0,49.45,559020.0,27439977.0,47.58,49.614999999999995,49.15,56.416666666666664,58.68333333333333,71.6075,33.6322869955157,55.58912386706949,-2.0731539069518163,-2.3267672269234825,0.25361331997166614,26.730692549393254,30.12037887740519,19.637921934434868,,55.31142498897442,49.15,42.988575011025574,375545.4,536087.55,1.488555045541764,49.085859182140176
2026-04-02,2467,401.0,414.5,390.0,392.0,3889134.0,1562689763.0,402.8,388.1,373.025,282.80833333333334,234.67916666666667,193.49916666666667,66.90140845070422,64.50381679389312,30.971269615188987,32.488076355042175,-1.5168067398531875,27.748333432705813,11.789766996086632,41.92103897411941,,437.28800810362293,373.025,308.761991896377,5875337.2,3531875.75,0.6619422626500484,401.80918502679515
2026-04-02,2468,34.5,34.9,33.65,33.65,248620.0,8455599.0,34.58,36.725,36.11749999999999,39.35333333333333,43.9275,51.521458333333335,23.80952380952381,52.96912114014252,-0.9032548302186569,-0.6554266222520235,-0.2478282079666334,23.63364834680267,29.522233275708707,16.895033865636407,,41.51050472835175,36.11749999999999,30.724495271648237,374498.8,872456.3,0.6638739563384449,34.01013192824391
2026-04-02,2471,52.0,52.0,50.6,50.6,123957.0,6333339.0,51.1,51.779999999999994,51.2375,50.873333333333335,50.55958333333333,53.71729166666667,40.983606557377016,57.419354838709694,0.11469213985881765,0.2490570072067933,-0.13436486734797565,24.958535858638758,23.844425070179547,11.1653850445961,,54.311649433069185,51.2375,48.16335056693081,154144.4,276683.4,0.8041615524144893,51.093032261187346
2026-04-02,2472,135.5,137.0,130.0,131.5,5036739.0,671541860.0,130.4,128.4,121.7,112.40833333333333,103.47666666666667,91.00666666666667,68.75,75.43859649122807,5.358308543039485,4.4526432230187405,0.9056653200207441,31.02275270104407,14.821885540433613,24.438179164005035,,140.1316661153961,121.7,103.26833388460392,4866927.0,4342133.5,1.0348910102822582,133.32869938267598
2026-04-02,2474,190.5,192.5,189.5,190.5,1827410.0,348123828.0,190.0,188.25,187.625,195.2,193.6375,201.64166666666668,57.69230769230769,63.07692307692307,-1.5499559923811432,-2.436695898984577,0.8867399066034336,26.463827074030448,23.310722297135268,11.507526466480966,,194.28892487478666,187.625,180.96107512521334,2469392.8,2721001.8,0.7400240253393466,190.5012164757772
2026-04-02,2476,84.0,86.9,83.2,83.9,890519.0,75316611.0,84.06,84.14,82.115,85.38666666666667,93.01666666666667,85.096875,51.456310679611704,70.11070110701108,-0.025300776713905293,-0.4928081776072202,0.4675074008933149,28.535495796823305,28.484081621131168,12.536779080404099,,89.32793428866748,82.115,74.90206571133251,907784.0,1312261.15,0.980981158513479,84.57608540637538
2026-04-02,2477,24.2,24.3,23.85,24.0,138732.0,3336489.0,23.810000000000002,24.055,24.065,24.149166666666666,24.097916666666666,23.361875,41.666666666666686,59.03614457831327,-0.08723723801853467,-0.05320049410241037,-0.034036743916124296,25.947220779599846,24.236656671831035,10.229197696610154,,24.863089824781284,24.065,23.26691017521872,151210.0,192055.3,0.9174790027114609,24.049887552979847
2026-04-02,2478,60.0,60.1,57.5,57.5,884326.0,51697907.0,59.260000000000005,62.53000000000001,66.35,62.64666666666667,58.212916666666665,51.058749999999996,19.48051948051946,36.4516129032258,-1.5263464186042697,-0.13025855189075575,-1.396087866713514,20.24849402302419,31.03288371095475,16.333102974364834,,76.87265725895726,66.35,55.82734274104272,883705.0,2983188.2,1.000702723193826,58.460236383415165
2026-04-02,2480,141.0,142.0,139.0,139.0,114384.0,16043056.0,139.3,140.25,142.175,144.875,154.62916666666666,155.32000000000002,41.66666666666667,48.38709677419355,-1.3207033164394488,-1.0601378648846123,-0.26056545155483657,21.365821752889524,22.13552971757275,11.801612023911336,,147.91750083060205,142.175,136.43249916939797,169427.8,235314.25,0.6751194314038192,140.25611973702615
2026-04-02,2481,90.6,96.9,90.6,95.1,36748757.0,3489611031.0,91.34,94.16,92.865,88.62166666666666,83.20083333333334,66.236875,46.03174603174603,59.874608150470216,0.9622563485213078,1.6241614081843516,-0.6619050596630438,31.346825526475918,23.20005870549259,22.509478325789487,,104.62904423836027,92.865,81.10095576163972,23802559.8,23101484.15,1.543899366655514,94.95861400155657
2026-04-02,2482,16.9,16.9,16.65,16.7,143953.0,2414214.0,16.97,16.735,16.782500000000002,17.328333333333333,18.184166666666666,18.8875,29.166666666666714,58.33333333333333,-0.15990448302089533,-0.23382080759070367,0.07391632456980834,29.06693320860951,24.94158296822241,21.542847276884306,,18.203868873194377,16.782500000000002,15.361131126805628,198858.0,250693.1,0.7238984602077865,16.770848818711663
2026-04-02,2483,20.9,21.15,20.55,20.8,64445.0,1332729.0,20.860000000000003,20.975,21.3825,19.95,19.987916666666663,19.34916666666667,47.82608695652171,44.117647058823565,0.11724625519157073,0.2549139323219806,-0.1376676771304099,24.020775666232105,19.04058852874314,23.90033671166711,,22.970704878736502,21.3825,19.7942951212635,65871.0,233136.1,0.9783516266642377,20.68009930948871
2026-04-02,2484,32.0,32.5,29.75,30.35,9183197.0,283623977.0,29.869999999999997,29.080000000000002,28.53,25.29,23.541666666666668,22.720208333333336,55.3672316384181,62.784090909090914,0.965000381828446,0.8260166448998866,0.13898373692855948,25.611776905324703,13.553711602295035,21.46294818129183,,31.724633658266086,28.53,25.335366341733916,11103652.4,4760052.55,0.8270429106732483,30.885102105508572
2026-04-02,2485,81.4,81.4,78.0,78.5,7191648.0,569872059.0,79.91999999999999,78.68,66.58500000000001,43.208333333333336,28.861666666666668,20.687708333333333,65.13761467889904,74.68123861566485,10.55522971717022,10.322599292838488,0.23263042433173275,38.358215100970014,16.95981207162628,49.86846235911248,,95.1569240182609,66.58500000000001,38.01307598173912,8719421.6,58213554.5,0.8247849834443147,79.24081643039258
2026-04-02,2486,149.0,149.0,142.5,149.0,1726082.0,254439891.0,144.4,148.15,143.675,120.27333333333334,100.77583333333332,91.09916666666666,53.19148936170213,62.27272727272727,5.160645268364021,6.879840727846497,-1.7191954594824752,29.4425088743896,27.631210067878133,26.193198947481886,,164.3231170289721,143.675,123.02688297102792,1330304.4,9022745.3,1.2975090513118652,147.4089243732337
2026-04-02,2488,49.3,49.9,49.0,49.2,298188.0,14706265.0,48.55,48.235,47.747499999999995,46.54,46.44541666666667,47.23145833333333,89.74358974358965,78.57142857142856,0.5662155346157576,0.4628698719546235,0.1033456626611341,34.513725167371454,17.83487786139766,13.043520027096331,,49.29277292769036,47.747499999999995,46.20222707230963,186426.2,159393.4,1.5994962081510002,49.318768696258736
2026-04-02,2489,33.65,34.7,31.8,32.2,50918405.0,1682462352.0,32.92,34.505,37.1,24.50916666666667,19.367083333333333,17.07770833333333,53.27102803738319,40.53333333333334,1.4441380058663924,2.8442359083902513,-1.400097902523859,23.60823394235213,22.3488070420626,29.83590679366884,,46.010785894810844,37.1,28.18921410518916,58907987.4,42334907.35,0.864371832197411,33.042322358683464
2026-04-02,2491,15.4,15.4,14.9,14.9,147992.0,2222548.0,15.36,15.84,16.2425,18.114166666666666,15.799166666666668,13.478791666666666,22.857142857142932,39.759036144578324,-0.6362632538770683,-0.5631416479786218,-0.07312160589844652,20.5426073155973,27.592801892016784,10.822752377806973,,17.72973515997054,16.2425,14.755264840029458,175145.2,234494.25,0.8449674898312942,15.018028001513596
2026-04-02,2492,120.0,120.5,114.0,114.0,6454502.0,752905749.0,120.3,124.6,130.975,126.76666666666667,115.75333333333334,99.695,26.19047619047619,42.857142857142854,-3.3097750980012677,-1.1490765026705836,-2.1606985953306843,21.08935478625675,31.692341206877124,15.850720318156004,,153.15482725005074,130.975,108.79517274994924,5319322.8,8283843.7,1.2134067141027802,116.64815488476106
2026-04-02,2493,110.5,110.5,103.0,103.5,772190.0,81661376.0,108.0,109.7,108.9,106.85166666666666,106.64666666666668,103.18791666666668,46.0,51.96078431372549,-0.22705915323057013,0.3349733331758284,-0.5620324864063986,26.978390725771362,25.88270512894017,14.001811824707241,,120.27217287018894,108.9,97.52782712981107,1090221.0,1253985.85,0.7082875857280313,105.75295717375258
2026-04-02,2495,34.1,34.4,31.75,32.0,5657426.0,184194881.0,33.68000000000001,35.67,33.4125,31.589166666666667,27.417916666666667,25.677291666666665,20.27972027972031,56.730769230769226,0.6138547419288756,0.8839461396213145,-0.27009139769243895,25.27327905033299,27.54148954721181,21.517392238987668,,39.406960161814204,33.4125,27.4180398381858,3849855.8,8628875.25,1.4695163387678054,32.55807163893969
2026-04-02,2496,66.3,66.3,65.2,65.7,6564.0,430532.0,65.8,67.28,67.985,68.72166666666666,67.99,71.92708333333333,18.367346938775782,36.48648648648655,-0.8367959200225243,-0.4931129398902409,-0.34368298013228343,21.191090652437527,31.440768679152125,20.1697327883328,,70.72209411795232,67.985,65.24790588204768,15379.0,28652.75,0.4268157877625333,65.58988421694089
2026-04-02,2497,50.2,53.5,49.5,52.1,1862350.0,95853832.0,48.39,45.86,44.64,,,,84.41064638783268,74.76190476190476,0.6888821567628938,-0.39108370629117595,1.0799658630540696,36.820885060558346,12.403436824743112,26.858271056073303,,50.375815456180234,44.64,38.90418454381977,1382902.4,556894.5,1.3466966287714883,51.469289875694685
2026-04-02,2498,40.4,40.6,39.4,39.4,4438175.0,176411462.0,39.93,40.485,41.7625,45.93999999999999,51.92208333333333,46.89,38.55421686746982,45.798319327731086,-1.549768502657244,-1.5017707685325545,-0.04799773412468955,17.21649743197214,29.5759376602818,15.714938431041212,,45.44758730168609,41.7625,38.077412698313914,4375074.6,5693367.45,1.0144227026437447,39.74864938854371
2026-04-02,2501,22.8,22.8,22.15,22.3,3035699.0,67811847.0,22.910000000000004,23.259999999999998,22.990000000000002,22.735000000000003,22.73125,21.527083333333334,20.454545454545425,54.12844036697247,0.06610510926662272,0.16657013984782054,-0.10046503058119782,23.71496272384132,28.922040459101613,14.449355634998241,,24.22909984305222,22.990000000000002,21.750900156947782,3074860.2,2575019.6,0.9872640713877008,22.338132667303313
2026-04-02,2504,36.0,36.2,35.55,35.65,1877622.0,67012689.0,36.3,37.285000000000004,37.47,36.51499999999999,36.15625,38.41604166666666,19.27710843373488,37.27272727272731,-0.06782369036303493,0.24111396184988854,-0.30893765221292346,21.902720196873677,27.440153869608647,21.528731859069737,,39.51228973664849,37.47,35.42771026335151,3299740.4,3070260.45,0.5690211266316587,35.690191636016195
2026-04-02,2505,19.5,19.7,19.2,19.2,133152.0,2570350.0,19.169999999999998,19.19,19.044999999999998,19.197499999999998,19.045,19.40791666666667,55.88235294117643,62.352941176470566,0.044964938761562934,0.013673426479689544,0.03129151228187339,27.848833070918598,16.43572034130244,15.414372575864114,,19.798867222707898,19.044999999999998,18.2911327772921,207143.6,312886.1,0.6428004534052705,19.303878274453258
2026-04-02,2506,9.01,9.01,8.86,8.9,85622.0,762017.0,8.98,8.968,8.941,9.161,9.405,9.861375,19.99999999999976,54.368932038834934,-0.027883619331060316,-0.044107795338608174,0.016224176007547858,14.72930952093102,12.912651093954969,20.42220794157966,,9.146800107411172,8.941,8.73519989258883,99355.2,157892.05,0.8617767363962833,8.89978043026325
2026-04-02,2509,14.3,14.35,14.2,14.25,66793.0,953122.0,14.15,14.2,14.215,14.7875,15.019583333333333,14.664375000000001,53.33333333333338,57.8125,-0.13829852643952378,-0.1770731653912904,0.03877463895176661,27.51544944678684,28.34302457869632,12.855558889677708,,14.749198859089345,14.215,13.680801140910654,134934.4,168138.6,0.4950034979960633,14.269788750318147
2026-04-02,2511,8.13,8.13,8.04,8.05,971037.0,7826551.0,8.076,8.095,8.147499999999999,8.226666666666667,8.598,9.065041666666668,39.13043478260886,49.206349206349216,-0.0555500868663259,-0.05138832167069608,-0.004161765195629816,23.8180893081605,21.586666968139113,9.067254260775863,,8.300625335660149,8.147499999999999,7.994374664339849,692499.4,1003477.0,1.4022207095053079,8.059992564649956
2026-04-02,2514,13.55,13.55,13.4,13.45,97873.0,1317588.0,13.5,13.535,13.91,14.523333333333333,14.647916666666667,15.873333333333333,42.85714285714275,39.999999999999964,-0.3192748700378214,-0.3099209303033772,-0.009353939734444205,15.806585086477048,27.35047782623305,30.939700744929965,,14.959109898412338,13.91,12.860890101587662,78851.4,175651.25,1.2412335101215706,13.462221450246748
2026-04-02,2515,13.55,13.55,13.0,13.15,5868442.0,77629690.0,13.39,13.669999999999998,15.032499999999999,14.193333333333333,13.449583333333333,12.230250000000002,26.086956521739253,13.698630136986338,-0.4411265751496778,-0.1755259113927104,-0.2656006637569674,16.967177768451986,31.445991553387497,24.707661436930643,,18.239773805454966,15.032499999999999,11.825226194545031,5450207.8,18515801.2,1.0767372943101363,13.228330449546915
2026-04-02,2516,13.6,13.65,12.95,13.1,404930.0,5325197.0,13.62,13.915000000000001,14.147499999999999,14.621666666666666,14.635833333333332,16.12925,0.0,33.33333333333333,-0.2821570543805869,-0.1947643651366905,-0.08739268924389643,22.689375750977952,29.188901189815162,13.238823849569544,,15.102528244278098,14.147499999999999,13.1924717557219,230405.4,344877.15,1.7574674899112608,13.150907564270367
2026-04-02,2520,32.25,32.5,31.65,31.95,1110032.0,35506438.0,31.96,31.93,31.9675,32.57083333333333,33.77125,41.901875000000004,66.66666666666657,53.06122448979591,-0.12200378630815223,-0.1388074746348409,0.01680368832668866,25.144908550470753,20.122509979309072,10.260240952290278,,33.095738030131926,31.9675,30.839261969868076,1422775.6,2150254.75,0.7801876838483875,31.98685983827493
2026-04-02,2524,38.4,38.5,38.05,38.1,41310.0,1579291.0,37.83,38.095000000000006,39.459999999999994,41.2,42.526250000000005,45.794374999999995,56.818181818181834,47.05882352941178,-0.9539927234864578,-0.9095900571350769,-0.044402666351380904,29.948859985033227,28.960430484385704,11.52643430525162,,43.27211365600699,39.459999999999994,35.647886343993,83590.2,143310.65,0.4941966881285127,38.230234809973375
2026-04-02,2527,30.3,30.4,29.55,29.6,154630.0,4615967.0,29.52,29.45,29.982500000000005,29.275833333333335,27.105416666666667,28.272499999999997,63.33333333333336,53.48837209302328,0.018635515056260488,0.08064509678050752,-0.06200958172424703,26.45304843325484,24.398774705735377,12.455401099884847,,31.88741745918705,29.982500000000005,28.077582540812962,232133.8,334249.5,0.6661244506401051,29.85169113367393
2026-04-02,2528,24.65,25.0,24.0,25.0,615638.0,15048053.0,25.2,26.095,26.797499999999996,28.4575,29.127083333333335,31.709791666666668,12.962962962963005,23.999999999999986,-0.8162082680980838,-0.6362961276622566,-0.17991214043582715,10.439268679156044,40.119476974344146,32.85178351501974,,29.016194495229083,26.797499999999996,24.57880550477091,512003.8,861608.7,1.202409044620372,24.443021710810573
2026-04-02,2530,25.05,25.05,23.95,24.05,1146927.0,27810893.0,24.78,24.884999999999998,25.4575,26.747500000000002,28.319166666666664,30.786041666666666,27.272727272727224,29.48717948717949,-0.5109262115751179,-0.47253578858127826,-0.0383904229938396,16.820826033905924,29.159684939522123,18.342665979740683,,27.07167242931921,25.4575,23.84332757068079,677482.0,639734.15,1.6929261589237796,24.24818057295713
2026-04-02,2534,19.8,19.9,19.65,19.75,236637.0,4660056.0,19.810000000000002,19.889999999999997,19.975,20.180000000000003,20.82625,22.66208333333333,35.294117647058854,46.66666666666671,-0.0887047449719276,-0.07258306251917634,-0.01612168245275125,16.46684808349032,24.787904628809144,16.89619511076301,,20.323681727895504,19.975,19.6263182721045,542937.4,564739.0,0.4358458267932914,19.692846004640018
2026-04-02,2535,71.1,71.2,70.2,70.7,779818.0,55126996.0,71.17999999999999,72.23,72.365,67.83,64.53833333333334,61.07041666666667,25.000000000000227,57.02479338842975,0.5797770845857002,1.09263830155909,-0.5128612169733897,23.82630565010788,27.070430523938448,20.803217824582653,,75.1816983284827,72.365,69.5483016715173,563060.6,406559.6,1.3849628263813878,70.69213072793909
2026-04-02,2536,22.4,22.4,22.15,22.15,87153.0,1938432.0,22.23,22.28,22.645,24.151666666666667,25.528333333333332,27.594375,50.0,44.44444444444441,-0.3869065652090278,-0.4282121186382158,0.04130555342918801,26.865585236058624,23.933157786893304,15.219732642718602,,23.656460642624594,22.645,21.633539357375405,177974.8,303805.95,0.4896929228182867,22.24171284981584
2026-04-02,2537,10.45,10.45,10.2,10.35,408969.0,4212755.0,10.29,10.285,10.280000000000001,10.686666666666667,10.823333333333332,11.227750000000002,52.941176470588154,55.813953488372086,-0.08400777662153125,-0.12396064552602065,0.0399528689044894,26.38280170968158,22.43693791709938,11.757915102068667,,10.596892809371557,10.280000000000001,9.963107190628445,577926.6,831275.25,0.7076486875668987,10.300915228293587
2026-04-02,2538,10.2,10.2,10.0,10.0,221632.0,2239546.0,10.07,10.1,10.2725,10.785,10.879999999999999,12.014375,44.44444444444436,42.307692307692314,-0.18323644937665584,-0.1840628387492009,0.0008263893725450611,12.939411828583063,27.963091761918445,35.84787300205172,,10.772473683518506,10.2725,9.772526316481496,183301.2,308056.7,1.2091137428451095,10.104795336413515
2026-04-02,2539,48.0,48.15,47.5,47.55,479018.0,22832922.0,47.97,48.045,48.5575,47.98916666666666,48.156666666666666,55.17,43.902439024390276,46.56488549618318,-0.11286545640768963,0.02244580614250928,-0.13531126255019893,23.753323165546103,19.662775326059883,12.928551516257905,,49.9921373097483,48.5575,47.122862690251694,493287.8,745941.1,0.9710720597590291,47.66610440526243
2026-04-02,2540,49.0,49.1,47.9,48.25,563758.0,27278442.0,48.089999999999996,47.645,47.33,47.664166666666674,54.525,67.264375,57.777777777777835,65.00000000000001,0.16141676535464455,-0.04639674449460328,0.20781350984924785,29.030850064804426,17.748360211028015,19.230347469857403,,49.02749040769678,47.33,45.632509592303215,574768.0,871851.7,0.9808444450630516,48.38679362421465
2026-04-02,2542,35.55,35.55,34.95,35.0,2141099.0,75234241.0,35.279999999999994,35.605000000000004,36.222500000000004,37.57833333333334,39.085,40.379374999999996,40.35087719298253,45.32374100719426,-0.6869421735861536,-0.6061472382764725,-0.08079493530968107,23.720074024888284,28.40015082598305,12.009549405982748,,37.9869068632118,36.222500000000004,34.45809313678821,3745887.6,4081375.3,0.5715865580163163,35.13814214102197
2026-04-02,2543,58.2,59.2,57.4,57.4,1585715.0,92073265.0,59.260000000000005,62.489999999999995,66.66,63.53833333333333,67.19333333333333,74.59916666666666,23.853211009174302,22.14022140221404,-1.7035338706952317,-0.11622403541199783,-1.5873098352832338,16.85788008903155,28.131142847222044,22.75422693279511,,79.4557887809352,66.66,53.8642112190648,2632500.4,7183069.05,0.6023607821674025,58.06419501612837
2026-04-02,2545,35.9,36.05,35.5,35.85,190837.0,6825143.0,36.0,36.230000000000004,36.690000000000005,37.58,39.619166666666665,45.02375,40.81632653061237,45.65217391304348,-0.44140103862249447,-0.3884851753069066,-0.05291586331558784,22.83753530261865,22.200135966298593,9.368216214487703,,38.0728270051993,36.690000000000005,35.30717299480071,269834.2,312458.85,0.7072380002238411,35.764254311270875
2026-04-02,2546,80.0,80.5,79.4,80.0,125313.0,10031829.0,80.44,81.84,83.80499999999999,86.06666666666666,86.33916666666666,82.87208333333334,28.125,29.896907216494796,-1.6749048453267648,-1.2742832167568081,-0.40062162856995664,14.793877089552844,38.324101167299254,25.738259989580655,,89.36329394499212,83.80499999999999,78.24670605500786,155343.4,125341.85,0.8066837728542056,80.05417634243854
2026-04-02,2547,10.6,10.65,10.5,10.55,1811147.0,19127277.0,10.58,10.715,10.94,10.845,10.87375,11.628541666666667,27.27272727272731,37.20930232558145,-0.09422138155348492,-0.029050112768036807,-0.06517126878544811,17.428037001092488,24.094227007298336,16.666323761348607,,11.500638733476126,10.94,10.379361266523873,2258263.2,2850339.0,0.8020088181041075,10.560863916623003
2026-04-02,2548,123.0,123.0,119.5,122.0,1879537.0,227320669.0,122.0,120.75,117.325,111.08333333333333,105.90333333333335,106.35291666666667,60.869565217391305,67.85714285714286,3.2921148672139395,2.9737666827568594,0.31834818445708013,26.805245800625922,15.083105324477064,26.995927334123454,,126.17625622960495,117.325,108.47374377039506,2387388.0,2114716.05,0.7872775602457581,120.94503539967556
2026-04-02,2596,32.25,32.5,32.25,32.5,56611.0,1835496.0,32.470000000000006,32.63,32.725,33.98916666666667,34.36958333333334,34.55979166666667,60.86956521739138,49.56521739130437,-0.3877594848311787,-0.4161663697437072,0.028406884912528463,15.32066345525068,26.072326090263154,34.66058229492754,,33.984281332222665,32.725,31.465718667777335,46966.6,67982.3,1.2053459266798108,32.42295666919856
2026-04-02,2597,152.5,154.0,151.5,152.5,259226.0,39578044.0,151.6,152.45,160.175,165.44166666666666,162.37083333333334,166.89729166666666,55.55555555555556,35.44303797468355,-4.621984092681458,-3.874287993964429,-0.7476960987170296,18.250530023721776,26.069572812102642,19.547689338803867,,177.6144441002674,160.175,142.73555589973262,464880.4,687587.6,0.5576186907428233,152.67775608928116
2026-04-02,2601,6.06,6.06,5.9,5.91,800853.0,4764474.0,5.998,6.03,6.148,5.7508333333333335,5.759166666666667,,38.888888888888914,27.272727272727295,0.05843514645580594,0.1143410046635546,-0.055905858207748654,22.308576486096502,19.71556697241735,19.383186547653295,,7.087733444849419,6.148,5.208266555150581,1354121.4,4776997.5,0.5914189082308278,5.9492491131331215
2026-04-02,2603,204.0,204.5,201.0,202.5,6011232.0,1218056499.0,202.2,205.55,206.7,192.61666666666667,188.28333333333333,200.0,48.83720930232558,42.72727272727273,2.409040288992543,4.031759554740858,-1.622719265748315,23.694640738029655,18.49395123864402,29.850327089844974,,221.10540834109432,206.7,192.29459165890566,8740955.4,20252560.5,0.6877088058360302,202.63009296596772
2026-04-02,2605,42.0,42.2,41.1,41.3,11396835.0,475991779.0,41.86,41.635,38.3775,31.254166666666666,27.339166666666667,25.39604166666667,44.44444444444436,67.8217821782178,3.092209686921443,3.1291185774034305,-0.036908890481987644,28.743258224520584,14.173641093615672,32.90289153296048,,46.253611450388675,38.3775,30.501388549611317,25784689.4,37222632.0,0.44200008862623724,41.76526017969024
2026-04-02,2606,60.0,60.0,58.5,58.6,2328596.0,137329124.0,58.2,58.870000000000005,61.07000000000001,61.80333333333333,58.78,57.352291666666666,45.94594594594594,44.23076923076925,-1.0586520346874053,-0.804828758909939,-0.25382327577746633,27.399303403300067,23.648860749865914,13.546225848614752,,67.16507134796943,61.07000000000001,54.974928652030584,3603588.4,6121728.2,0.6461881162676626,58.97507510963688
2026-04-02,2607,52.0,52.1,51.4,51.5,252981.0,13042497.0,51.279999999999994,51.660000000000004,53.425,56.080000000000005,51.85458333333334,42.13583333333334,50.0,30.681818181818173,-1.34336019335084,-1.2262024108913832,-0.11715778245945674,13.80879896739697,27.411923969434344,30.163031737679496,,57.38207228296631,53.425,49.46792771703368,407299.4,567913.8,0.621118027672027,51.55524327913954
2026-04-02,2608,31.25,31.25,30.85,30.9,113936.0,3525803.0,30.910000000000004,30.855,31.139999999999997,32.47,33.28666666666667,34.49458333333333,59.09090909090902,46.551724137931,-0.41566951527727625,-0.4657233932927106,0.05005387801543437,19.96046620882761,31.457451580481326,32.26268251410842,,31.93312838278592,31.139999999999997,30.346871617214074,177769.6,515062.5,0.6409194822961856,30.945469386322145
2026-04-02,2609,52.8,52.9,51.8,52.1,11338274.0,591955939.0,52.44,53.370000000000005,56.4,54.12833333333334,54.39333333333333,61.93687499999999,47.2727272727273,21.212121212121232,-0.8458368810286601,-0.14099241667908155,-0.7048444643495785,22.284634646318363,24.44291646317496,21.87395486076103,,63.421470831071076,56.4,49.37852916892892,14356702.6,42450011.35,0.7897547449370442,52.20864648358295
2026-04-02,2610,18.35,18.65,18.2,18.2,27696971.0,510419525.0,18.3,18.53,18.927500000000002,20.108333333333334,20.302083333333332,21.102291666666666,35.89743589743587,49.41176470588235,-0.6863496378104657,-0.6556999711756519,-0.03064966663481372,18.445036278396522,32.92972840153974,32.30539499451192,,20.65269259031697,18.927500000000002,17.202307409683034,26593139.8,39770060.05,1.0415081185712414,18.428712836504758
2026-04-02,2611,13.95,14.0,13.85,13.85,214179.0,2979128.0,14.26,14.429999999999998,14.605,14.815,15.059166666666668,17.144541666666665,19.047619047619108,37.77777777777778,-0.1697692758820697,-0.09129797329492183,-0.07847130258714786,18.653921600590408,30.232802900019927,12.923419277458436,,15.289336020880624,14.605,13.920663979119377,404286.0,425952.2,0.5297710036954038,13.909524276422992
2026-04-02,2612,55.0,55.0,53.5,53.8,244880.0,13237997.0,54.04,55.2,58.529999999999994,60.876666666666665,57.35625,51.285833333333336,32.72727272727268,28.873239436619727,-2.010815375545583,-1.5126278884139108,-0.49818748713167227,18.82915163633796,29.54376970326779,15.034682035586922,,66.59580827678745,58.529999999999994,50.46419172321254,369750.0,1196753.95,0.6622853279242732,54.05911875204182
2026-04-02,2613,23.45,23.45,23.05,23.15,258445.0,5992477.0,23.29,23.485,24.572499999999998,24.2675,24.84,26.784791666666663,51.923076923076884,26.119402985074643,-0.38973580920802675,-0.18017904053916212,-0.20955676866886463,22.732021727824048,19.059762139157126,26.86173203619065,,27.008734151740125,24.572499999999998,22.13626584825987,340087.0,1028407.5,0.7599378982436847,23.186662539418446
2026-04-02,2614,21.0,21.3,20.45,20.45,841041.0,17536277.0,20.79,20.585,20.64,21.439166666666665,21.203750000000003,19.008916666666664,48.38709677419353,52.94117647058823,-0.10891500325190151,-0.15867700834260942,0.04976200509070791,23.324452086888495,28.000692672194944,7.482001742301172,,21.2535316231718,20.64,20.026468376828202,727982.2,834489.85,1.155304346727159,20.850680287881328
2026-04-02,2615,79.5,79.5,77.8,78.0,6662549.0,522519004.0,77.63999999999999,77.0,77.88,77.60166666666667,78.60166666666667,84.209375,68.86792452830184,42.512077294686,0.17107491773130334,0.09387586481788092,0.07719905291342243,23.61745394931346,11.640302344171943,31.14073198601381,,81.8549743461602,77.88,73.90502565383979,11305042.6,20182114.25,0.5893431131343105,78.42629059838809
2026-04-02,2616,16.35,16.65,16.15,16.25,1371005.0,22441813.0,17.1,17.485000000000003,17.895000000000003,15.120000000000001,14.690416666666666,15.167083333333332,32.967032967032964,26.461538461538467,0.45166441395625156,0.8276968984029319,-0.37603248444668036,35.115261015913354,36.7382328249487,17.574228753050093,,23.069522607016616,17.895000000000003,12.720477392983392,2129336.8,2113137.45,0.6438647939583818,16.368877575209428
2026-04-02,2617,30.55,30.65,30.05,30.2,336552.0,10178419.0,30.18,30.610000000000003,31.152499999999996,30.97166666666667,29.61625,29.061249999999998,39.53488372093026,46.29629629629629,-0.19629419710763685,-0.018460597216778108,-0.17783359989085873,22.51147332228628,24.250632820912024,12.004233870175199,,32.938549742927606,31.152499999999996,29.36645025707239,551127.8,1063593.0,0.610660540078,30.243228386698043
2026-04-02,2618,35.3,35.4,34.85,34.95,13482779.0,472336631.0,34.8,34.925,34.9675,36.03416666666667,36.67583333333334,38.474375,44.44444444444452,65.21739130434784,-0.49178165663273177,-0.5438119280824544,0.05203027144972261,24.636157797202,27.55792999710064,21.004249411687887,,37.75889184297911,34.9675,32.17610815702089,19727632.2,36826094.5,0.6834463894759758,35.032587198826
2026-04-02,2630,47.8,48.4,46.55,46.55,719256.0,33858985.0,47.76,48.675,49.8325,50.88,53.495416666666664,46.52416666666667,35.36585365853658,44.91228070175439,-0.9458556467420536,-0.6601878526973571,-0.28566779404469644,23.9587804953077,22.582902456577298,15.532093521138796,,53.895720786259346,49.8325,45.76927921374066,1261834.0,1582510.75,0.5700084163210057,47.075012234864914
2026-04-02,2633,26.9,26.9,26.5,26.6,4346180.0,115700905.0,26.48,26.330000000000002,26.45,27.185833333333335,27.475833333333334,27.56,64.8648648648649,57.37704918032789,-0.1686475104894214,-0.2525632692720051,0.08391575878258373,16.74341176167899,20.53846505803306,24.985300818582303,,27.228662821427424,26.45,25.671337178572575,6530385.2,6079699.85,0.6655319505501758,26.621286969246558
2026-04-02,2634,47.5,47.55,46.6,46.7,2807931.0,131711166.0,47.55,48.705,50.832499999999996,51.8825,54.364583333333336,49.98020833333333,34.000000000000014,31.363636363636388,-1.5164543881952497,-1.066008621768898,-0.4504457664263517,16.698565419445416,29.89824088871479,17.69450669655015,,56.688336045303345,50.832499999999996,44.97666395469665,4487269.4,6784116.7,0.6257549413012733,46.90683852274148
2026-04-02,2636,68.5,69.0,68.5,68.9,207568.0,14271007.0,68.82000000000001,68.91,67.625,66.49166666666666,67.80833333333334,70.585,60.00000000000008,66.21621621621631,0.8248922948452844,0.7694164894960711,0.05547580534921326,28.962834652877035,20.709256674472826,17.855958376717396,,72.1708483083034,67.625,63.079151691696595,293508.6,461986.5,0.7071956324278063,68.7534061126956
2026-04-02,2637,69.8,69.8,67.8,67.9,1283169.0,87630807.0,68.32000000000001,69.14000000000001,69.91499999999999,69.31333333333333,65.37333333333333,63.55041666666667,41.02564102564107,53.14285714285717,-0.40683137525522284,-0.11842713687194358,-0.2884042383832793,24.047165876960833,23.637696484381543,15.872215387853108,,73.85842891135967,69.91499999999999,65.97157108864032,1511388.2,2996953.05,0.8490002766992624,68.29249070075727
2026-04-02,2640,170.0,170.0,163.0,166.0,77174.0,12854033.0,174.4,165.9,147.675,131.875,127.9375,125.96875,51.72413793103448,71.42857142857143,12.568592999021803,10.544416423996955,2.024176575024848,43.92349617713359,19.548945724888473,67.3549500619673,,191.68489721223605,147.675,103.66510278776397,192104.4,168806.85,0.40172947626394817,166.55911317283022
2026-04-02,2641,18.25,18.3,18.05,18.15,1113485.0,20236943.0,18.1,18.275,18.875,19.554166666666667,19.752083333333335,19.851041666666667,50.0,30.15873015873015,-0.44187442458657245,-0.3923697891504672,-0.04950463543610523,12.191298042911452,26.54720494830329,39.72682461033865,,20.43418332199229,18.875,17.31581667800771,1229891.0,3138370.1,0.9053525881561862,18.17441905369179
2026-04-02,2642,23.3,23.45,23.0,23.1,39380.0,912441.0,23.25,23.41,23.84,25.311666666666667,27.164583333333333,27.46916666666667,20.000000000000284,29.72972972972974,-0.5427545632399813,-0.5497992159943416,0.007044652754360281,23.698952198257274,28.411108463403362,12.69648673569636,,24.959492366162614,23.84,22.720507633837386,44638.2,58309.7,0.8822040315245687,23.1701625190452
2026-04-02,2643,69.5,69.5,69.1,69.2,25613.0,1772866.0,69.78,70.30999999999999,70.715,71.77,71.985,72.0925,0.0,40.277777777777835,-0.6353302656146838,-0.4808954725703254,-0.15443479304435836,11.656006972884976,19.997526670545984,32.61207500204429,,72.74143061875593,70.715,68.68856938124408,19167.8,37145.75,1.3362514216550674,69.21742864951392
2026-04-02,2645,149.0,151.0,145.0,146.5,735783.0,108293632.0,148.8,150.05,157.65,154.74166666666667,158.35,136.58291666666668,48.83720930232558,44.66019417475729,-3.393122938109201,-1.9768099682787819,-1.416312969830419,23.728366105918607,29.68372098477677,12.730104375225725,,177.700200156502,157.65,137.599799843498,889520.8,1825693.75,0.8271678413815619,147.18148149658256
2026-04-02,2646,21.15,21.35,21.0,21.0,2920206.0,61773096.0,21.1,21.285,21.68,22.710833333333333,23.54625,24.692708333333332,15.000000000000156,47.94520547945208,-0.4611740057832776,-0.4365885542815209,-0.024585451501756728,22.306361573762164,34.06192898399241,19.635252014222527,,22.870046438722568,21.68,20.48995356127743,3266912.6,4415316.95,0.8938733163537953,21.15367751453151
2026-04-02,2701,10.8,10.8,10.65,10.65,61874.0,661417.0,10.690000000000001,10.695,10.7925,10.968333333333332,11.050416666666667,11.351875000000001,50.0,45.45454545454549,-0.0809887328858796,-0.0804271845273822,-0.0005615483584973935,18.22868268548915,27.05777651154933,24.30667159167765,,11.097329546848083,10.7925,10.487670453151917,49014.8,83584.9,1.2623534116226118,10.689740440249539
2026-04-02,2702,12.45,12.8,12.2,12.8,220280.0,2751714.0,12.49,11.995000000000001,11.7875,11.839166666666667,11.915833333333333,12.797708333333333,100.0,80.76923076923077,0.20025215302306876,0.04516222332746458,0.15508992969560417,33.150251562492834,18.835838981524756,19.472129510289836,,12.822098828939364,11.7875,10.752901171060635,190714.4,119732.95,1.155025525078337,12.491892137279825
2026-04-02,2704,42.95,42.95,42.15,42.3,49215.0,2086679.0,42.209999999999994,42.160000000000004,42.6375,43.142500000000005,43.15625,44.67729166666666,62.962962962962806,50.79365079365075,-0.27760816787315434,-0.2803924465763605,0.0027842787032061334,26.961951499907855,19.218976885109587,12.44283973644404,,44.04644697520934,42.6375,41.22855302479066,80917.0,134614.4,0.6082158260934043,42.399248196688
2026-04-02,2705,16.65,16.65,16.55,16.55,115773.0,1921433.0,16.52,16.395,16.315,16.425,16.70125,17.19279166666667,76.92307692307709,65.30612244897962,0.049972256589736475,0.007251275125930711,0.04272098146380576,30.230409999424573,25.66742734107907,11.091907008730033,,16.79083721232348,16.315,15.83916278767652,136011.0,186304.15,0.8512032115049518,16.59655532809895
2026-04-02,2706,12.5,12.5,12.3,12.3,41119.0,509175.0,12.35,12.370000000000001,12.5275,12.815,13.029166666666667,13.365625,46.15384615384624,41.666666666666714,-0.1321838259088537,-0.12824543578120212,-0.00393839012765157,16.50491068888198,26.063140325441953,27.073655936257843,,12.949868011149498,12.5275,12.105131988850502,72398.2,117890.4,0.567956109406035,12.382961647899998
2026-04-02,2707,187.5,189.5,186.5,188.5,269210.0,50719961.0,185.7,184.75,185.25,188.13333333333333,191.04583333333332,193.2875,82.3529411764706,67.56756756756758,-0.5781063075571637,-1.058511163488247,0.4804048559310832,25.749591723331623,19.813226856232863,16.1429313950874,,189.0682387783394,185.25,181.4317612216606,158342.8,150949.7,1.7001720318195714,188.4029605140968
2026-04-02,2712,14.6,14.6,14.45,14.5,13001.0,189115.0,14.61,,,,,,28.571428571428612,11.7647058823529,-0.7998760179134017,-0.726756241644579,-0.07311977626882271,3.6310823600310647,36.223117801750455,61.352622249996024,,,,,16679.6,31018.45,0.7794551428091802,14.546188754711176
2026-04-02,2718,46.15,46.15,45.9,46.0,36398.0,1673310.0,46.69,47.355000000000004,48.0725,48.314166666666665,48.382083333333334,48.41604166666668,15.555555555555614,31.976744186046503,-0.5531734083868187,-0.27546469508194005,-0.2777087133048787,15.141052496392806,31.2107779819631,29.94736744034266,,50.42856161120407,48.0725,45.71643838879593,49838.8,40204.5,0.7303145340578023,45.97258091103907
2026-04-02,2719,26.8,26.8,26.0,26.7,7525.0,200114.0,26.689999999999998,26.369999999999997,26.675,27.706666666666663,27.878333333333334,27.964166666666667,73.21428571428572,48.201438848920866,-0.36531686986720757,-0.4498494222985223,0.08453255243131474,28.779794091116084,22.343488160964174,26.231411024657103,,28.109352962507025,26.675,25.240647037492977,9115.0,12581.8,0.8255622600109709,26.593222591362125
2026-04-02,2722,23.4,23.7,23.05,23.5,95618.0,2239635.0,23.009999999999998,22.990000000000002,23.565,25.463333333333335,26.84875,28.435625,79.16666666666666,51.219512195121965,-0.6129644244095829,-0.6896835780160986,0.07671915360651571,20.774369860624724,23.821469406283224,20.58231693129167,,25.326906861747446,23.565,21.803093138252557,44050.8,45373.8,2.1706302723219553,23.422734213223453
2026-04-02,2723,70.0,70.0,69.0,69.2,112220.0,7779426.0,69.08,69.69,70.465,71.19,71.67666666666668,81.59375,39.21568627450991,50.0,-0.9212363007464859,-0.7170468141551326,-0.20418948659135328,35.332670640558675,24.776532124351167,15.201158411252763,,73.87475381114842,70.465,67.05524618885158,214143.0,400227.95,0.5240423455354599,69.3229905542684
2026-04-02,2724,18.2,18.2,18.2,18.2,1097.0,19912.0,18.62,19.165,,,,,22.413793103448242,45.045045045045036,-0.16717881128500878,0.016524852322076854,-0.18370366360708562,5.615916418182868,26.839314725117912,60.44096720228935,,,,,1258.2,,0.8718804641551422,18.151321786690975
2026-04-02,2726,10.2,10.2,9.95,10.0,16301.0,162734.0,9.994,10.107000000000001,10.288,11.290166666666666,11.495083333333334,11.597541666666666,11.538461538461377,40.74074074074079,-0.3836109793450184,-0.39882758379340794,0.015216604448389515,13.481302859076175,24.17507850107003,44.461842104325456,,11.263825696256108,10.288,9.312174303743893,18780.6,59586.3,0.8679701393991673,9.983068523403473
2026-04-02,2727,231.5,231.5,227.0,227.5,264126.0,60368207.0,228.7,228.6,226.275,219.025,220.6375,225.64375,37.77777777777778,52.88461538461538,2.9535155659920918,3.0369503163109193,-0.08343475031882752,31.619544796500715,20.93916077360203,25.303908390134914,,236.16638381037873,226.275,216.38361618962128,308239.8,605502.25,0.8568848020275124,228.5583660828544
2026-04-02,2729,171.5,171.5,170.5,170.5,13354.0,2282672.0,171.5,171.8,169.9,170.41666666666666,170.45833333333334,170.47916666666666,22.222222222222214,55.17241379310345,0.4204681499604135,0.34918703817023133,0.07128111179018215,29.13130735510343,16.555359204819847,41.07868714665944,,175.7183014341771,169.9,164.0816985658229,11412.4,48994.55,1.170130734990011,170.93545005241876
2026-04-02,2731,163.0,163.0,159.0,159.5,373439.0,59900597.0,159.9,163.4,167.3,168.63333333333333,166.03333333333333,155.99375,31.578947368421055,44.79166666666667,-3.0567382336774926,-1.8206493267792327,-1.23608890689826,20.684274115765746,32.62459815908284,14.1662835574796,,179.26222123362288,167.3,155.33777876637714,859055.6,874532.3,0.4347087662311962,160.4026280061804
2026-04-02,2732,66.3,66.3,65.0,65.5,40910.0,2679285.0,66.32000000000001,67.02000000000001,65.96000000000001,66.03666666666666,66.01833333333333,66.00916666666667,30.303030303030326,56.49350649350651,0.1128746789171231,0.21656478479333022,-0.10369010587620711,21.693341495892042,16.185689323077714,37.56126592616914,,69.60382679119228,65.96000000000001,62.31617320880774,42946.0,42548.65,0.9525916266939878,65.49217795160108
2026-04-02,2734,16.3,17.0,16.1,16.2,196137.0,3247595.0,16.169999999999998,16.125,16.365000000000002,17.366666666666667,17.583333333333332,17.691666666666666,79.99999999999972,45.00000000000001,-0.3590524954069849,-0.3986265966997657,0.03957410129278077,18.339576540787977,18.15080692494058,26.580490921154073,,17.206740052385236,16.365000000000002,15.523259947614768,146282.2,112492.1,1.3408124843624172,16.55778868851874
2026-04-02,2736,13.2,13.4,13.1,13.25,122358.0,1618875.0,12.99,12.795,12.947500000000002,13.583333333333334,13.716666666666667,13.783333333333333,100.0,54.34782608695651,-0.17517831596695288,-0.2654606810307477,0.09028236506379483,23.548424242174082,15.128841291237416,27.06945358476364,,13.830363165173985,12.947500000000002,12.064636834826018,92814.8,83285.05,1.3183026844856638,13.230642867650664
2026-04-02,2739,34.2,34.3,34.0,34.1,42245.0,1443516.0,33.910000000000004,33.9,33.7625,34.64,35.970416666666665,38.909375,59.2592592592592,67.01030927835049,-0.0979127752060549,-0.1735253960959641,0.0756126208899092,23.623290852324352,21.289432437410728,7.351903536259779,,34.73522000623617,33.7625,32.78977999376384,47399.6,90226.55,0.8912522468544039,34.17010297076577
2026-04-02,2740,35.9,35.9,34.0,35.55,10202.0,357322.0,36.92999999999999,38.735,39.83,41.89416666666667,42.247083333333336,42.423541666666665,21.656050955414017,30.575539568345334,-1.547933541217553,-1.0110705130282502,-0.5368630281893028,10.426480421368192,24.971661021955825,29.25084923234529,,44.537932835008135,39.83,35.12206716499186,10321.2,8352.7,0.9884509553152734,35.02470103901196
2026-04-02,2743,71.9,72.8,71.8,72.1,138547.0,9990068.0,72.34,72.39,73.14,76.46499999999999,77.1325,77.46624999999999,51.063829787233985,43.82716049382716,-1.2575118855640142,-1.326872270012958,0.06936038444894388,17.47477022791328,24.116903416090278,24.567547833607783,,77.62454656512094,73.14,68.65545343487906,112528.2,134750.15,1.2312202630096278,72.1059856943853
2026-04-02,2745,104.0,106.0,103.0,106.0,187571.0,19657416.0,104.5,103.4,103.63999999999999,103.84666666666666,103.67333333333335,103.58666666666666,72.72727272727272,54.0,0.17230258570259593,-0.18453900782292224,0.35684159352551814,22.45247319246126,19.996888690442816,17.01912283143678,,108.4685990122451,103.63999999999999,98.81140098775488,155342.6,177009.6,1.2074665931946549,104.79986778339935
2026-04-02,2748,40.2,40.2,39.7,39.8,81385.0,3254791.0,39.61,39.54,39.877500000000005,41.4775,43.36166666666667,47.420833333333334,63.888888888888914,60.305343511450346,-0.41208690220761923,-0.49789172163546724,0.08580481942784801,17.85757704086671,20.772144145216327,15.086866861008609,,41.345572492116965,39.877500000000005,38.409427507883045,82763.2,100308.55,0.9833476714288476,39.99251704859618
2026-04-02,2751,59.0,59.0,57.5,57.7,17268.0,999489.0,58.64000000000001,59.370000000000005,58.56,59.09666666666667,59.348333333333336,59.47416666666666,24.390243902439153,50.0,-0.012790409762907018,0.13934558653412185,-0.15213599629702887,18.521023766995146,23.437829029887876,35.97027539006391,,62.26853922156618,58.56,54.851460778433825,13960.8,17944.7,1.236891868660822,57.8809937456567
2026-04-02,2752,197.0,199.0,194.5,198.0,33332.0,6553082.0,202.5,206.4,208.425,206.40833333333333,205.70416666666668,205.35208333333333,19.354838709677423,40.196078431372555,-1.5950397201299609,0.14087396769030686,-1.7359136878202677,19.880588874186707,32.251883476156465,35.1141379980673,,219.91080359446073,208.425,196.9391964055393,33399.2,22228.65,0.9979879757598985,196.60032401296053
2026-04-02,2753,182.0,182.0,179.5,179.5,77403.0,13922209.0,180.1,180.8,183.2,186.39166666666668,191.66666666666666,187.02083333333334,38.46153846153846,44.44444444444444,-1.4013690313327345,-1.0672795235155357,-0.3340895078171988,26.028050434422873,26.23556250433786,10.527374544213455,,189.85226514646902,183.2,176.54773485353095,139284.8,269763.0,0.5557174939404731,179.86652972107024
2026-04-02,2754,68.9,68.9,67.3,68.8,42283.0,2881542.0,69.46,69.88000000000001,72.22999999999999,75.94666666666667,76.87333333333332,77.33666666666666,21.42857142857153,30.718954248366046,-2.0485266243249214,-1.8154140962628038,-0.23311252806211757,12.180785710043839,29.32723046296158,37.655329298632864,,77.92287643509587,72.22999999999999,66.5371235649041,29369.8,26257.15,1.4396761299021443,68.14894875008869
2026-04-02,2755,142.0,143.0,141.0,142.5,43876.0,6228026.0,142.5,142.2,140.2,122.925,118.4625,116.23125,57.14285714285714,54.90196078431373,5.4894714900706845,6.29684021825613,-0.8073687281854456,31.39216919118701,8.862309420385449,57.3860893719468,,153.53929691195373,140.2,126.86070308804624,51725.6,124920.1,0.8482453562645963,141.946075303127
2026-04-02,2756,68.7,69.4,68.5,68.8,31286.0,2149089.0,70.64,72.76,75.065,76.36333333333333,76.43166666666667,76.46583333333334,0.0,22.85714285714286,-1.9844150681916943,-1.1443021377975189,-0.8401129303941755,6.258984455210285,30.981630304518713,40.89022133558822,,81.80912805022972,75.065,68.32087194977028,33771.6,27844.75,0.9263996967866491,68.69171514415393
2026-04-02,2762,73.0,73.0,71.6,71.6,25896.0,1867510.0,72.12,72.4,74.96000000000001,75.69833333333332,77.29666666666667,79.07625000000002,41.666666666666565,30.215827338129557,-1.0534290240082527,-0.7308444302329211,-0.32258459377533155,21.434248420614967,26.863711130754986,18.008172065375973,,80.79326215495472,74.96000000000001,69.1267378450453,21561.4,63355.85,1.2010351832441306,72.11577077540933
2026-04-02,2801,20.75,20.75,20.5,20.5,10998627.0,226128707.0,20.51,20.515,20.69,20.605833333333333,20.260416666666668,19.468125,50.0,53.19148936170212,-0.042900819303742566,-0.02604802827984934,-0.016852791023893227,26.656037276673455,24.365919095744314,9.146944391254117,,21.48511667465537,20.69,19.894883325344633,14744579.6,20936736.25,0.7459437500679911,20.559721408863126
2026-04-02,2812,20.85,20.9,20.7,20.75,6542119.0,135877699.0,20.669999999999998,20.544999999999998,20.57,20.711666666666666,21.31083333333333,20.998541666666664,75.0,63.63636363636365,0.014530108372483141,-0.025417062656762687,0.03994717102924583,30.470105867499104,20.150717264147016,13.915810647296649,,21.05275525018268,20.57,20.08724474981732,9258932.4,10779540.5,0.7065737946202091,20.769677072520388
2026-04-02,2816,30.9,30.9,30.55,30.55,107525.0,3295930.0,30.96,30.93,30.665,29.669999999999998,28.34125,27.878125,48.936170212765944,59.63302752293579,0.40582484659736906,0.4475016579988971,-0.04167681140152801,29.551902110883056,22.201753049329024,26.86451078818908,,31.663472517609545,30.665,29.666527482390453,96709.4,167856.05,1.1118360779820784,30.652685421994885
2026-04-02,2820,16.9,16.9,16.75,16.75,606428.0,10196940.0,16.770000000000003,16.755000000000003,16.880000000000003,16.7375,16.664166666666667,15.980833333333333,50.0,50.0,-9.170230704569349e-05,0.01945137259997873,-0.019543074907024425,25.117363040727618,22.57898560384949,14.310936462797308,,17.261686010388605,16.880000000000003,16.4983139896114,709321.0,1130601.55,0.8549415567845869,16.8147578937648
2026-04-02,2832,47.35,47.35,46.7,46.7,99226.0,4660442.0,46.81,46.989999999999995,47.940000000000005,49.68,44.32666666666667,38.23708333333333,47.54098360655739,41.60583941605841,-0.6466608424059501,-0.5884172290100764,-0.058243613395873695,23.170056866227164,31.101067356301204,18.403382904773434,,50.26799891481355,47.940000000000005,45.612001085186456,115810.8,185824.55,0.8567940123028249,46.967951948078124
2026-04-02,2834,15.25,15.3,15.15,15.25,17179638.0,261622566.0,15.100000000000003,15.054999999999998,15.2625,15.626666666666667,15.559166666666666,15.293833333333334,75.0,58.33333333333331,-0.1403606290810835,-0.16599918580667747,0.02563855672559398,21.753854116454416,25.098499282024818,21.4500552380447,,16.113428285678914,15.2625,14.411571714321084,21513028.6,28235703.3,0.7985690122682214,15.22864253600687
2026-04-02,2836,12.15,12.15,12.1,12.15,590700.0,7154540.0,12.11,12.11,12.26,12.230833333333333,12.1125,11.919083333333333,60.00000000000014,52.63157894736845,-0.04896014669651194,-0.03549002798779407,-0.013470118708717872,23.135750361899955,21.598213569037654,10.964765095215471,,12.74297324759743,12.26,11.77702675240257,1045298.2,1689127.65,0.5651019010651698,12.111968850516337
2026-04-02,2838,20.9,21.0,20.7,20.75,773032.0,16110515.0,20.78,20.47,20.1975,19.535000000000004,18.988333333333337,17.946208333333335,67.50000000000001,70.9677419354839,0.3693490234716883,0.3176401902340773,0.051708833237610996,32.625346257939135,21.186507710072057,19.534257990774144,,21.050652050371426,20.1975,19.344347949628578,1830896.8,2070005.85,0.4222149495263742,20.840683179997722
2026-04-02,2845,12.55,12.6,12.5,12.55,3391557.0,42529846.0,12.51,12.42,12.4625,12.595,12.59,12.871916666666667,85.71428571428557,68.75000000000003,-0.01989587081462041,-0.04745134005276681,0.027555469238146404,22.93094776105408,16.721485320001932,14.344717825994476,,12.826505494463984,12.4625,12.098494505536017,4840063.0,7311494.45,0.700725796337775,12.539917801764794
2026-04-02,2849,13.4,13.4,13.05,13.05,100135.0,1315017.0,13.040000000000001,12.99,13.182500000000001,13.309166666666666,13.240833333333335,13.401666666666667,52.000000000000036,52.083333333333364,-0.08224485620834798,-0.09624012595047957,0.013995269742131583,30.225533197984873,25.35552646464029,15.096490318198756,,13.918259543100344,13.182500000000001,12.446740456899658,117343.0,170729.9,0.8533529908047348,13.132441204374095
2026-04-02,2850,117.5,118.0,116.5,118.0,169872.0,19899734.0,117.2,116.7,116.7,116.35833333333333,116.025,109.40583333333332,71.42857142857143,62.50000000000001,0.4601462041194111,0.3324686928889996,0.1276775112304115,24.11540496323777,14.373098534191191,19.0713888756072,,119.04857179445209,116.7,114.35142820554792,181815.6,337523.4,0.9343092671915941,117.14546246585664
2026-04-02,2851,30.85,30.9,30.35,30.4,1618626.0,49464752.0,30.73,30.714999999999996,29.307499999999997,27.490833333333335,25.987916666666667,25.423125000000002,47.05882352941173,79.38931297709918,0.998958077252837,0.9525653786343232,0.046392698618513806,38.21042074786161,17.696360370986586,37.11599137477105,,32.597880717053606,29.307499999999997,26.01711928294639,1730820.4,1982811.75,0.935178485300959,30.55971669798953
2026-04-02,2852,25.95,26.0,25.8,25.85,119584.0,3090073.0,25.8,25.794999999999998,26.3625,27.270833333333332,27.013333333333332,27.129791666666666,54.545454545454604,42.105263157894726,-0.40435014923563983,-0.3937703835050422,-0.010579765730597657,21.085693611253948,31.924338945614878,26.406773585976193,,27.753400881859815,26.3625,24.971599118140187,315426.6,476041.85,0.3791183115184325,25.84018765052181
2026-04-02,2855,32.6,32.7,31.85,31.95,3192331.0,102520629.0,32.209999999999994,32.084999999999994,31.385,27.984166666666667,25.66,23.967708333333334,60.91954022988507,63.4517766497462,0.9635402782889315,1.0567818624229601,-0.09324158413402861,34.69653503330553,23.409183563107128,33.446464463102835,,33.515999271406955,31.385,29.25400072859305,4377651.6,6844820.35,0.7292336831921481,32.114661355605044
2026-04-02,2867,7.76,7.78,7.67,7.69,4334488.0,33397291.0,7.688,7.622,7.811,7.79,,,72.22222222222217,40.9523809523811,-0.0656940050052528,-0.057182223723364685,-0.008511781281888113,26.047273626808177,28.675977529285973,17.5007325805721,,8.29623027631489,7.811,7.3257697236851085,6203691.6,11715025.2,0.6986949512448363,7.705014063944807
2026-04-02,2880,33.7,34.35,33.7,33.85,14929354.0,507456472.0,33.470000000000006,33.434999999999995,34.352500000000006,32.8175,31.075,29.292708333333334,60.37735849056612,43.36283185840706,-0.06302571373296928,0.06495496211842315,-0.12798067585139244,25.925294466451916,25.750326590344404,16.344072234699453,,37.32668277143388,34.352500000000006,31.378317228566136,19181058.6,18075353.95,0.7783383759642963,33.990517741089135
2026-04-02,2881,88.1,88.4,87.2,87.8,10713620.0,945215174.0,87.14,87.52000000000001,88.95500000000001,92.705,90.975,87.6175,55.55555555555558,52.17391304347824,-1.4992516436113732,-1.51794372162964,0.01869207801826689,20.606589295173546,32.88395766717465,26.39269143209839,,93.66488881308031,88.95500000000001,84.24511118691971,15938335.0,21975961.85,0.6721919196704047,88.2255646550839
2026-04-02,2882,72.1,72.3,71.1,71.8,18054289.0,1291020598.0,71.0,71.25,72.66999999999999,73.02333333333334,69.03583333333333,65.62541666666667,64.70588235294103,59.183673469387685,-0.9681217451998378,-0.8719055167686472,-0.0962162284311906,18.955281532490652,29.264239148957206,26.09350184152639,,78.15839924894213,72.66999999999999,67.18160075105784,25053125.8,27141640.2,0.7206401765643151,71.50769537365886
2026-04-02,2883,19.9,20.05,19.85,19.9,26251551.0,522727407.0,19.64,19.82,20.18,18.361666666666665,16.933333333333334,16.597416666666668,52.173913043478215,53.846153846153825,0.22620958421343929,0.3834183180258237,-0.15720873381238443,33.8760529346405,27.765335690333576,22.47281667236299,,21.442161888023634,20.18,18.917838111976366,37591860.2,52667996.25,0.6983307253307991,19.91224849914582
2026-04-02,2884,32.45,32.6,32.1,32.15,20530689.0,661934953.0,32.08,31.869999999999997,32.7975,32.861666666666665,,,66.6666666666666,37.49999999999997,-0.41143773782675197,-0.36765011591828317,-0.0437876219084688,24.093640838688795,27.89289481499023,20.10390316366029,,35.210071242471415,32.7975,30.384928757528584,24989423.8,36886527.3,0.821575125713783,32.24124397383839
2026-04-02,2885,47.05,47.1,45.8,45.85,27597587.0,1272904412.0,45.489999999999995,45.105000000000004,45.3875,41.915,38.2325,35.376041666666666,56.19834710743802,60.000000000000036,0.7160077847667949,0.7708096475073353,-0.05480186274054033,32.55467484048181,19.797449364481103,27.799921625515275,,48.1833380722627,45.3875,42.591661927737306,29003582.6,27241925.85,0.9515233818045636,46.1237575589489
2026-04-02,2886,39.1,39.3,38.7,39.25,21454526.0,838044031.0,38.88,38.845000000000006,39.225,39.848333333333336,40.46333333333334,40.270625,61.111111111111136,50.57471264367813,-0.24886154037812958,-0.2704146337673286,0.02155309338919903,20.18152498698541,25.12503729876946,20.683388793278528,,40.484699212218395,39.225,37.96530078778161,30253602.4,23096529.3,0.7091560772280131,39.061409746363076
2026-04-02,2887,24.4,24.75,24.25,24.35,220483780.0,5376330239.0,23.87,24.095,24.405,22.220833333333335,20.275416666666665,18.44291666666667,53.57142857142862,53.50877192982458,0.24748074796293196,0.4277399738046071,-0.18025922584167514,31.17121445163729,26.714284905065256,20.36086529844458,,25.51803284105361,24.405,23.29196715894639,108001560.2,93318319.2,2.0414869895555454,24.384243770675557
2026-04-02,2889,15.0,15.15,14.95,14.95,1997451.0,29963818.0,15.09,15.9,16.142500000000002,16.4375,15.937083333333334,14.858125,15.517241379310377,42.857142857142854,-0.3522751856013997,-0.1699833271472719,-0.1822918584541278,25.96852088818516,40.43480747312456,17.32124093782375,,17.6911071840613,16.142500000000002,14.593892815938704,4021737.2,5286402.9,0.4966637302904824,15.001027809943773
2026-04-02,2890,31.8,32.0,31.6,31.8,17840091.0,567162706.0,31.330000000000002,31.485000000000003,31.717499999999994,29.668333333333333,27.658333333333335,25.511625,58.928571428571416,55.23809523809524,0.3482951567618393,0.48307152059420916,-0.13477636383236985,30.574581120445433,21.76659564578101,22.937038514140987,,32.967878889946,31.717499999999994,30.467121110053988,24440076.8,27901699.65,0.7299523297733663,31.791469337236006
2026-04-02,2891,55.0,55.0,53.6,54.5,50959018.0,2758096996.0,52.879999999999995,52.44,52.45,49.96083333333333,46.291666666666664,43.66895833333333,71.18644067796608,66.35514018691589,0.5813837968013829,0.5140569484471629,0.06732684835421998,35.13189785310107,17.649057008833786,27.554797104742537,,55.08778216250965,52.45,49.81221783749036,47881437.0,46681739.25,1.0642750341849598,54.12382546304169
2026-04-02,2892,28.45,28.6,28.3,28.4,17820415.0,506506464.0,28.330000000000002,28.435000000000002,28.875,28.85,28.932083333333335,28.290208333333336,42.857142857142755,40.27777777777773,-0.22270465069666656,-0.1630084673526998,-0.05969618334396676,19.1530477029165,23.088781189497425,15.915073611097618,,29.974042645597535,28.875,27.775957354402465,20533132.4,24523061.45,0.8678858467790331,28.422820905124823
2026-04-02,2897,10.1,10.15,10.0,10.05,2992084.0,30159955.0,10.040000000000001,9.956,9.875,9.414333333333333,9.231583333333333,9.312208333333333,76.19047619047626,74.3902439024391,0.16232082632610023,0.16363464698525287,-0.0013138206591526425,33.8493447398959,16.867292849349923,33.7900544098084,,10.124082527012845,9.875,9.625917472987155,4902565.4,4884756.65,0.6103098594054451,10.079915871345857
2026-04-02,2901,23.35,23.4,23.2,23.3,29070.0,677863.0,23.54,23.59,23.74,,,,10.000000000000142,42.64705882352943,-0.24481467597329143,-0.23714623999741757,-0.007668435975873855,18.770959238872596,16.572778281576355,14.364843227044169,,24.353531623171023,23.74,23.126468376828974,31493.8,44498.9,0.9230388203392415,23.318300653594772
2026-04-02,2903,22.95,23.3,22.9,23.0,1450060.0,33483720.0,22.880000000000003,22.96,22.9125,22.866666666666667,22.45125,22.457916666666666,61.538461538461455,62.22222222222225,0.049699522162466536,0.07575688060928981,-0.026057358446823276,20.81055328348455,15.6298989113394,10.529680314297547,,23.463933538487225,22.9125,22.361066461512777,1102289.6,2033824.05,1.315498213899505,23.09126518902666
2026-04-02,2904,16.7,16.9,16.7,16.7,4117.0,68957.0,16.809999999999995,16.74,17.015,17.08833333333333,17.18791666666667,17.584166666666665,57.142857142857,22.22222222222217,-0.11190598676679642,-0.08497538674860015,-0.026930600018196263,27.73608608257185,23.813437870655697,17.14159141330618,,17.719197938680598,17.015,16.310802061319404,25500.8,67416.8,0.16144591542226128,16.74933203789167
2026-04-02,2905,14.55,14.6,14.35,14.4,310824.0,4498396.0,14.470000000000002,14.319999999999999,14.977500000000001,15.644166666666667,,,65.21739130434776,38.02816901408452,-0.33173740853561107,-0.31630754057997484,-0.015429867955636223,20.091818256568388,31.990681628590462,21.26857012178595,,16.562121821063066,14.977500000000001,13.392878178936934,477220.2,988339.75,0.6513219683492023,14.472486037114251
2026-04-02,2906,12.95,13.1,12.9,13.0,46063.0,596295.0,13.0,13.09,12.852500000000001,12.825833333333332,13.434166666666666,14.536458333333334,36.36363636363639,64.28571428571428,0.10569209913064093,0.08952507880680538,0.016167020323835546,23.417820691953324,17.727473328667298,19.353450073169753,,13.411140266512652,12.852500000000001,12.29385973348735,94346.2,152695.65,0.48823376034222893,12.945205479452055
2026-04-02,2908,20.05,20.1,19.95,20.0,131106.0,2623820.0,20.04,19.99,20.1275,20.3,20.221666666666668,20.184791666666666,62.50000000000001,52.94117647058823,-0.09223767222924906,-0.09653450949141636,0.0042968372621672996,18.895969626874567,22.27517710166426,18.604757980400656,,20.673755193881178,20.1275,19.581244806118825,107567.8,103967.75,1.218821989480123,20.01296660717282
2026-04-02,2910,21.4,21.4,20.95,21.05,11001.0,232471.0,21.419999999999998,21.29,21.544999999999998,,,,47.368421052631575,53.47222222222222,-0.03458547724522276,0.012030245708696721,-0.04661572295391948,30.167927833974378,20.821256494937046,20.059451954647937,,23.34350815370598,21.544999999999998,19.746491846294017,41818.2,23965.45,0.26306727692727094,21.131806199436415
2026-04-02,2911,5.1,5.2,5.07,5.07,62160.0,316010.0,,,,,,,53.84615384615412,61.038961038961034,0.017405348999012915,0.03365797130759733,-0.016252622308584416,32.969683086400295,25.825135525673836,15.997402694112811,,,,,62361.8,49755.5,0.9967640446555422,5.083815958815959
2026-04-02,2912,226.5,230.0,225.5,227.0,2801552.0,639501539.0,224.8,219.75,219.775,222.44166666666666,233.44583333333333,246.22083333333333,100.0,60.526315789473685,1.0430815806875273,-0.21407787929851124,1.2571594599860385,27.93215683021379,16.143865661226442,17.358267080876324,,228.125701199667,219.775,211.42429880033302,2968695.6,3640501.15,0.9436979662044165,228.2668817141356
2026-04-02,2913,12.35,12.35,12.2,12.25,843164.0,10338837.0,12.36,12.309999999999999,12.4625,13.1125,13.617916666666666,14.896458333333333,52.63157894736845,50.0,-0.19951248316989023,-0.22441108806031898,0.02489860489042875,23.17788698598443,19.7465838102148,12.022704541310953,,13.09151342969504,12.4625,11.833486570304961,1555101.8,1689746.0,0.5421921574523288,12.261952597596672
2026-04-02,2915,48.2,48.45,47.7,47.9,1105824.0,53101684.0,47.4,47.525,49.69500000000001,52.236666666666665,52.76916666666667,54.001041666666666,72.72727272727272,36.138613861386126,-1.3572290660308184,-1.2713621025046107,-0.0858669635262077,16.78322749539841,32.59031375697476,29.627541644483383,,54.66595776009322,49.69500000000001,44.724042239906794,1656477.2,2910669.2,0.6675757444774972,48.02001403478311
2026-04-02,2916,47.9,47.9,47.4,47.5,55685.0,2643733.0,47.65,47.805,47.5425,46.982499999999995,46.89125,46.845625,0.0,51.85185185185183,0.23426293141637444,0.28365159396767314,-0.0493886625512987,23.423808142807616,15.10403031894269,33.102361459130634,,48.70971666233913,47.5425,46.37528333766086,56811.0,41305.7,0.9801798947386949,47.476573583550326
2026-04-02,2923,18.15,18.15,17.2,17.2,78705.0,1372877.0,17.699999999999996,17.845,19.830000000000002,20.375,20.6375,21.790208333333336,38.63636363636366,38.63636363636363,-0.9826716811249625,-0.7869003867930635,-0.195771294331899,26.68871146484666,32.977409627507996,14.496979232396368,,26.477785543440667,19.830000000000002,13.182214456559336,71315.0,145838.25,1.1036247633737644,17.443326345213137
2026-04-02,2924,20.0,20.0,20.0,20.0,3105.0,62203.0,19.21,,,,,,66.98113207547169,56.287425149700596,0.015063947070590444,-0.1120225603685018,0.12708650743909225,25.585363673371887,19.86963209285412,46.94868339740721,,,,,2463.0,,1.2606577344701584,20.03317230273752
2026-04-02,2926,38.05,38.05,37.55,38.0,4159.0,157662.0,37.56,37.220000000000006,37.3425,37.684999999999995,37.74249999999999,37.77125,80.48780487804882,51.08695652173915,-0.03125711804742792,-0.15042317215950016,0.11916605411207223,22.31632423463479,24.469669907802686,34.1893492329884,,38.26203935836317,37.3425,36.422960641636834,9095.4,15759.25,0.4572641115289047,37.9086318826641
2026-04-02,2929,6.16,6.2,6.1,6.17,267133.0,1644827.0,6.132,6.247999999999999,6.6925,7.5008333333333335,8.154166666666667,9.701541666666666,41.66666666666658,14.529914529914478,-0.4016093742594782,-0.38046207155344114,-0.02114730270603704,15.218400430791263,38.60701038953345,41.20743464326523,,7.729781365675727,6.6925,5.655218634324273,375498.8,395374.4,0.7114083986420197,6.157333612844538
2026-04-02,2937,44.4,45.5,44.4,45.1,9565.0,428399.0,45.9,47.285000000000004,,,,,1.4285714285713453,56.66666666666668,0.4594460110580201,0.7419928098147275,-0.2825467987567074,20.592609878819047,35.41993253277709,48.52740620126411,,,,,15139.0,,0.63181187661008,44.78818609513853
2026-04-02,2939,26.25,26.25,25.9,26.15,5105.0,133331.0,26.359999999999996,26.314999999999998,25.009999999999998,24.016666666666666,,,38.46153846153836,76.11940298507463,0.839203276581685,0.777610904461394,0.061592372120291006,29.651775676427732,23.742436827711042,20.894454163123086,,28.837133048173513,25.009999999999998,21.182866951826483,8936.0,38102.3,0.571284691136974,26.117727717923604
2026-04-02,2941,36.7,37.5,36.7,37.3,5682.0,210804.0,38.489999999999995,,,,,,0.0,42.9951690821256,-0.5215449730459909,-0.19464044646354423,-0.3269045265824467,10.406595867949598,29.522644981393537,39.42537324360725,,,,,6409.2,,0.8865381014791238,37.100316789862724
2026-04-02,2945,41.1,41.15,40.6,40.6,11843.0,486561.0,40.220000000000006,40.545,40.83,,,,58.82352941176477,54.23728813559322,-0.12619381886310777,0.0002261872339235194,-0.12642000609703127,30.184246507214755,31.630821672443872,15.325802603667288,,42.60775730982373,40.83,39.052242690176264,13225.4,23295.8,0.895473860904018,41.084269188550195
2026-04-02,2947,78.5,78.9,78.0,78.0,6562.0,514007.0,,,,,,,100.0,54.54545454545455,-0.6357045209292096,-0.6492722669170452,0.013567745987835611,22.267698750413263,13.314031708091306,26.536570019481022,,,,,,,,78.33084425480037
2026-04-02,2948,40.85,40.85,40.5,40.5,2000.0,81350.0,40.019999999999996,39.96,39.7375,39.25333333333333,39.12666666666667,39.06333333333334,58.762886597938156,53.459119496855315,0.2791679160009153,0.20444711883667735,0.07472079716423793,35.14039621239215,8.2625514721173,48.60616821588563,,40.96947530733972,39.7375,38.50552469266027,3000.0,6230.05,0.6666666666666666,40.675
2026-04-02,2949,59.0,59.2,59.0,59.2,3622.0,215521.0,59.74000000000001,,,,,,0.0,20.408163265306115,-1.387409423617683,-1.0144268304681183,-0.3729825931495647,13.466928037159889,12.342832233399326,37.41909294048016,,,,,3173.2,,1.1414345140552125,59.50331308669244
2026-04-02,3002,18.65,18.75,18.2,18.2,129291.0,2386708.0,18.64,19.185000000000002,20.2,23.25,21.912916666666668,17.977916666666665,31.481481481481495,38.46153846153848,-1.0798932388216862,-0.9936841064456098,-0.08620913237607641,12.115916790381657,33.68519117696038,26.85501349538697,,22.777228213247195,20.2,17.622771786752804,176152.8,322589.15,0.7339707344986853,18.459970144867004
2026-04-02,3003,49.85,50.4,49.3,49.4,200912.0,9994478.0,49.47,49.80499999999999,49.9825,48.79833333333333,49.56625,52.385,36.04651162790698,56.71140939597315,0.1607185969743341,0.30538846708590833,-0.14466987011157423,23.55532225790851,19.09714301512384,16.17660417834324,,51.96247208911771,49.9825,48.00252791088229,216019.6,368578.75,0.9300637534742218,49.74555029067452
2026-04-02,3004,106.5,109.0,102.0,103.0,410272.0,42695174.0,102.22,102.60999999999999,106.33,105.93,114.81916666666667,116.06333333333332,51.17370892018779,45.6575682382134,-1.8293120994924976,-1.5242593223862926,-0.30505277710620504,25.078476273744666,25.238479528781397,15.194366232150319,,115.76768481868719,106.33,96.89231518131281,273434.0,296049.5,1.5004425199499696,104.06553213477888
2026-04-02,3005,99.0,100.0,97.5,98.7,4809373.0,473152954.0,100.17999999999999,112.94000000000001,119.17,117.76500000000001,131.6325,124.16583333333332,3.9087947882736245,27.04626334519574,-4.714325651090817,-0.9667542467506695,-3.747571404340148,18.3643786895066,44.627660570490235,31.58464206721453,,145.81069700368448,119.17,92.52930299631552,7987168.2,7890584.05,0.602137438397754,98.38142186102014
2026-04-02,3006,159.5,160.0,150.0,150.5,2862899.0,440396490.0,159.1,172.75,166.175,133.2433333333333,105.93583333333332,80.251875,39.63963963963965,54.731457800511514,3.3818336607215826,8.0211141645694,-4.639280503847818,26.690952485833453,29.01198525118322,29.48079375483489,,206.75406512372933,166.175,125.59593487627068,4471287.4,15681224.4,0.6402851670863295,153.8288601868246
2026-04-02,3008,2215.0,2215.0,2135.0,2140.0,466551.0,1006978430.0,2177.0,2225.5,2304.0,2277.25,2279.625,2319.1041666666665,20.588235294117652,39.568345323741006,-46.05952086271964,-24.792003610627706,-21.26751725209193,15.255652821429294,27.126146313429693,19.745617170624435,,2516.518729824727,2304.0,2091.481270175273,553051.2,816807.8,0.8435945894340344,2158.345882872398
2026-04-02,3010,120.0,122.5,118.5,119.5,951719.0,114181469.0,119.6,124.2,125.45,118.95,107.89166666666667,103.50125,35.8974358974359,49.03846153846154,-0.12619904201443433,1.5072972512739558,-1.63349629328839,25.114265391436046,28.53364748826617,18.189358919321766,,137.09338529177168,125.45,113.80661470822832,963004.0,1470222.15,0.9882814609285112,119.97393033027606
2026-04-02,3011,12.45,12.8,12.35,12.35,365359.0,4584332.0,12.3,12.52,12.56,13.341666666666667,13.884166666666665,13.995166666666668,44.44444444444443,53.42465753424657,-0.2698158388773333,-0.2835906633068681,0.013774824429534815,24.068167908755687,19.945849970102245,10.942878545735473,,13.288805800427934,12.56,11.831194199572067,501522.0,643157.85,0.7285004446464961,12.547472485965859
2026-04-02,3013,100.5,101.5,98.0,98.2,1533739.0,152481572.0,100.97999999999999,99.68,100.515,116.14666666666668,120.41916666666667,117.24458333333334,52.69709543568464,55.77395577395577,-3.4866695046476366,-4.372011094901836,0.8853415902541997,15.885669323860679,31.58394544583899,26.10046615340389,,112.35699040879636,100.515,88.67300959120364,5341680.6,3103392.4,0.28712667694882393,99.41820088033231
2026-04-02,3014,116.5,116.5,115.0,115.5,502368.0,58043803.0,115.8,116.35,117.85,118.0,123.95,129.18645833333332,36.36363636363636,52.94117647058823,-0.9256344756651771,-0.6613605338200055,-0.2642739418451716,20.3262899744658,26.888171122476802,10.411603306819757,,122.69605102390626,117.85,113.00394897609372,531150.4,767111.2,0.945811205263142,115.54040663418053
2026-04-02,3015,50.6,50.6,49.5,49.5,206513.0,10306932.0,50.260000000000005,50.57,51.705000000000005,53.04666666666666,54.232499999999995,55.56000000000001,19.99999999999993,42.372881355932236,-0.8566523435275712,-0.7258290605310601,-0.13082328299651114,16.11837939469045,25.959442397847752,15.221994690728934,,55.395941970767915,51.705000000000005,48.014058029232096,223140.0,320401.15,0.9254862418212781,49.909361638250374
2026-04-02,3016,53.4,53.6,51.0,51.0,1139627.0,58997650.0,53.42,57.64000000000001,58.46500000000001,56.45166666666667,54.330000000000005,44.47208333333333,9.243697478991564,43.92156862745098,-1.2966221820273915,-0.09684275595464084,-1.1997794260727508,22.071771255441945,32.58154632242039,15.41295456947448,,66.72352669414406,58.46500000000001,50.206473305855965,1313426.2,2146007.7,0.8676749405486202,51.76926310099708
2026-04-02,3017,2140.0,2150.0,2065.0,2070.0,3100871.0,6506852315.0,2100.0,2060.5,1915.25,1610.75,1395.9166666666667,1040.17875,60.16260162601626,67.38197424892704,134.52866742621154,130.2434452519202,4.285222174291334,30.12705318394231,17.158721417144438,32.57027242781218,,2263.9690846512603,1915.25,1566.5309153487397,4332673.4,5548939.05,0.7156946101684009,2098.395036426862
2026-04-02,3018,11.8,11.8,11.45,11.45,18318.0,213688.0,11.77,11.93,12.3825,,,,26.315789473683978,35.21126760563372,-0.1566553355176783,-0.04545949239049722,-0.11119584312718107,28.374029404590807,46.18252432705924,14.877440581210085,,13.567616028074662,12.3825,11.197383971925339,9093.2,15734.75,2.014472352967052,11.665465662190195
2026-04-02,3019,124.5,125.0,120.0,120.5,1858720.0,225481270.0,123.0,125.6,131.625,139.83333333333334,146.325,144.96875,36.666666666666664,46.753246753246756,-5.954099518872795,-5.11851205080642,-0.8355874680663744,15.41121405411767,34.72960538900093,25.350819240221487,,151.56405186997907,131.625,111.68594813002093,1762780.0,3120289.55,1.0544253962491066,121.30997137815271
2026-04-02,3021,15.8,16.0,15.7,15.75,49086.0,774927.0,15.830000000000002,16.065,16.369999999999997,17.217499999999998,17.498333333333335,18.221875,34.78260869565213,50.0,-0.40381244559108964,-0.37449554668167967,-0.029316898909409972,17.021041807299934,32.907550423561524,23.017223999813332,,17.436425411312925,16.369999999999997,15.303574588687072,70376.6,82674.0,0.6974761497429542,15.787128712871286
2026-04-02,3022,61.6,62.4,61.0,62.1,838971.0,51763429.0,61.64000000000001,63.540000000000006,61.96,64.17333333333333,65.94,72.725,43.99999999999998,57.65765765765766,-0.30533222768327306,-0.2602913927087048,-0.045040834974568233,27.270803812913446,29.84546444629658,15.579364390864667,,67.26636162395607,61.96,56.65363837604393,660191.6,1106434.1,1.2707992649406628,61.69871068249081
2026-04-02,3023,261.5,265.5,258.5,261.0,2589716.0,678561743.0,258.1,258.65,246.825,226.39166666666668,224.39583333333334,228.37416666666667,64.78873239436619,68.28193832599119,8.822988026583118,8.56403539730361,0.25895262927950924,24.151713651407007,22.22946694454782,20.07032253923886,,276.4458941192018,246.825,217.20410588079818,3440435.0,2361364.8,0.7527292333672922,262.02168230029855
2026-04-02,3024,10.05,10.25,9.98,10.2,992390.0,10060287.0,10.094,10.251999999999999,10.308499999999999,10.638666666666667,11.427583333333333,12.950458333333334,50.0,52.31481481481482,-0.1386199492038962,-0.1282014814996884,-0.01041846770420779,21.069951086108794,21.951242303626262,11.969038592482182,,10.784769494697587,10.308499999999999,9.83223050530241,798796.6,761760.3,1.2423563144860656,10.13743286409577
2026-04-02,3025,58.3,58.9,57.0,57.4,252834.0,14561555.0,57.959999999999994,59.85999999999999,59.160000000000004,60.96333333333333,53.33833333333333,53.098958333333336,36.27450980392154,51.86721991701245,-0.874272203404125,-0.6398049874742288,-0.23446721592989628,24.088883838314633,26.907985912686556,13.98359596775219,,63.69078359668509,59.160000000000004,54.62921640331492,356106.2,932391.95,0.7099960629722257,57.59334187648813
2026-04-02,3026,142.5,144.0,137.0,138.5,3611648.0,504757191.0,143.2,133.15,121.875,109.92166666666667,105.1,94.0625,66.66666666666666,73.8255033557047,9.178725520103924,6.774966250131851,2.403759269972073,39.47317264368455,13.302945991282119,33.750907168514644,,151.2202677077939,121.875,92.5297322922061,10950840.8,5001885.7,0.32980554333325707,139.7581356211901
2026-04-02,3027,19.65,19.65,19.1,19.1,197194.0,3802717.0,19.419999999999998,19.735000000000003,21.065,22.903333333333332,23.901666666666667,27.560833333333335,40.4255319148936,32.773109243697476,-1.1227434648853851,-1.0027542665392846,-0.11998919834610056,10.490218181431358,35.802054470699865,35.76850213499181,,24.2174593573907,21.065,17.9125406426093,254105.4,365925.65,0.7760323078533553,19.284141505319635
2026-04-02,3028,51.8,52.9,50.0,50.2,3514271.0,180390956.0,50.67999999999999,52.55,52.529999999999994,44.57,38.96666666666667,35.69354166666667,33.333333333333314,46.33620689655173,1.2285956775843871,2.107695013052241,-0.879099335467854,27.396210100949837,26.157796888371358,16.934973450352118,,57.37185697304015,52.529999999999994,47.688143026959835,3042019.2,6920327.9,1.155242872891795,51.33097475977237
2026-04-02,3029,97.0,97.5,93.7,93.9,1719396.0,163515660.0,94.66,99.35,108.175,111.3,114.6,117.13666666666667,23.931623931624003,20.418848167539295,-5.214506809230997,-3.3553456385019707,-1.8591611707290263,16.60272233153082,31.23305989784369,27.675526071073378,,128.5513407695756,108.175,87.79865923042439,1632950.6,1844868.1,1.0529381599173913,95.1006399921833
2026-04-02,3030,255.5,261.5,247.5,247.5,5401950.0,1366156392.0,257.4,253.3,246.65,200.775,184.5,158.34458333333333,61.81818181818182,56.557377049180324,14.374878078217506,16.121460155592167,-1.7465820773746614,32.19980154955076,16.37482827476496,42.096880954580115,,276.1744769105592,246.65,217.12552308944083,5999357.4,6867346.3,0.9004214351357029,252.90059922805654
2026-04-02,3031,22.85,24.0,22.25,23.5,2193820.0,51011673.0,22.860000000000003,22.915,21.565,20.444166666666664,20.350833333333338,19.586458333333333,55.55555555555557,67.68060836501903,0.811100917372503,0.6976466496383078,0.1134542677341952,35.990993865785775,16.06992131722267,30.533251620289597,,25.009003178676906,21.565,18.120996821323097,1588659.8,2259151.55,1.3809249784000326,23.25244231523097
2026-04-02,3032,63.5,64.0,61.1,61.1,527292.0,32622916.0,63.220000000000006,63.9,65.6,73.13666666666667,84.395,,37.2340425531915,42.6829268292683,-2.747424280790881,-2.783006928930159,0.03558264813927803,14.663695385875252,26.454407633983372,19.131394050032508,,72.56215332690702,65.6,58.63784667309297,397098.6,669093.7,1.3278616444379305,61.868786175401866
2026-04-02,3033,32.7,32.9,31.7,31.85,2620848.0,83903749.0,32.209999999999994,33.190000000000005,32.075,31.083333333333336,30.084166666666665,31.513125,31.4285714285715,60.47430830039526,0.425144778840707,0.5444671952395967,-0.11932241639888974,29.61112266918468,28.550708340145924,21.111659246333705,,35.539329509063684,32.075,28.610670490936318,3385211.6,7303935.05,0.7742050748024141,32.01396990592358
2026-04-02,3034,392.5,396.0,382.0,382.0,2805846.0,1081803928.0,388.6,382.1,382.325,380.84166666666664,397.2583333333333,449.4458333333333,58.57142857142857,51.19047619047619,1.5896400263765713,0.8395000952440858,0.7501399311324856,23.948644592526573,18.98550235019093,16.55853314505743,,397.79066655869434,382.325,366.85933344130564,5534164.4,4749856.35,0.5070044540057393,385.5535649497513
2026-04-02,3035,146.0,147.0,139.0,139.0,1933823.0,274276147.0,144.3,149.0,153.35,163.49166666666667,163.67083333333332,175.25833333333333,30.434782608695656,45.19230769230769,-5.5417996683574415,-4.3694304645204545,-1.172369203836987,14.899088396838284,37.30489498652211,20.35821449995518,,170.48752423315693,153.35,136.21247576684306,2086788.4,2335763.75,0.9266981740937414,141.83105020469816
2026-04-02,3036,227.5,230.0,220.5,224.0,7787605.0,1758073310.0,224.0,233.45,223.2,174.74166666666667,155.6875,,38.57142857142857,54.45026178010472,14.045072432118786,17.94977566179491,-3.904703229676123,27.119222591154408,20.05775263173869,39.04131901017632,,265.08379915407266,223.2,181.3162008459273,8724166.4,13391975.95,0.8926474625701775,225.75275838977453
2026-04-02,3037,535.0,537.0,515.0,519.0,49200504.0,25957223443.0,490.1,505.05,485.6,342.56666666666666,249.6625,180.754375,66.20879120879121,62.82051282051282,35.23967076280593,43.365095990718544,-8.125425227912615,34.23353160730184,24.657736346640103,29.63189578803368,,582.7746122356965,485.6,388.42538776430354,15623833.6,26329904.95,3.149067332616753,527.5804378548643
2026-04-02,3038,20.35,20.6,20.25,20.5,93190.0,1905091.0,20.369999999999997,20.845,21.7725,22.35666666666667,21.754166666666666,22.547250000000002,33.33333333333333,36.36363636363634,-0.6971921950886255,-0.5148295495732014,-0.18236264551542414,12.759504654987003,36.323855139693514,29.10492090691337,,23.952184912043368,21.7725,19.592815087956634,174477.0,258017.8,0.5341105131335362,20.443084021890762
2026-04-02,3040,51.5,52.9,50.0,50.3,131344.0,6675845.0,52.260000000000005,50.83,46.052499999999995,50.985833333333325,56.82041666666667,55.161458333333336,56.16438356164382,81.09452736318406,1.2836122256179934,0.305000059211046,0.9786121664069474,31.059388496164686,22.722567837387768,23.79704052568378,,57.32904645713822,46.052499999999995,34.77595354286177,160994.0,280541.3,0.8158316458998472,50.82717901084176
2026-04-02,3041,22.2,22.6,21.7,21.75,428075.0,9384662.0,22.11,22.845,23.26,24.76,26.462083333333336,26.65458333333333,31.999999999999986,47.05882352941177,-0.7819291263560828,-0.6649181953222177,-0.11701093103386506,14.299770375963112,30.544436081486403,18.278689215568736,,25.289674591495935,23.26,21.23032540850407,520548.8,901540.6,0.82235325487255,21.92293873737079
2026-04-02,3042,94.0,94.2,91.4,91.8,1770224.0,163840795.0,91.96000000000001,92.05,92.01500000000001,87.42,87.83916666666667,88.79375,52.054794520547915,56.80473372781062,1.0896278807408208,1.2968632888183806,-0.2072354080775598,27.48321142830884,23.275671464039043,19.612509258266865,,94.49292357895926,92.01500000000001,89.53707642104077,2587447.4,2055781.45,0.6841584489794846,92.55370789233453
2026-04-02,3043,20.15,20.15,19.4,19.5,98622.0,1943161.0,20.0,20.369999999999997,20.94,21.761666666666667,22.511666666666667,24.154125,25.641025641025735,32.55813953488375,-0.5739798544564962,-0.4484885099357818,-0.12549134452071442,18.01215780083133,32.76274374176577,14.243277844500177,,22.479856452641858,20.94,19.400143547358145,83180.0,93232.5,1.1856455878817023,19.703118979538033
2026-04-02,3044,358.0,363.5,345.5,346.5,2551748.0,898433890.0,349.4,352.9,362.375,346.31666666666666,329.5375,278.095,54.330708661417326,44.76190476190476,-4.426068020734363,-1.6243367277083702,-2.801731293025992,19.633478020500977,22.862528324369887,16.94906746807742,,392.18646900456895,362.375,332.56353099543105,2852472.2,3629343.4,0.8945741872611414,352.0856644151382
2026-04-02,3045,109.5,109.5,109.0,109.5,5673613.0,620395720.0,109.3,109.25,108.475,107.13333333333334,107.8125,110.07916666666667,50.0,62.50000000000001,0.6806676665912619,0.6083158079010001,0.07235185869026173,17.607089928272483,11.745621211400929,17.479751591807634,,110.58948637535788,108.475,106.36051362464211,6308868.2,7847214.75,0.8993075810333143,109.34755683900188
2026-04-02,3046,46.8,46.9,46.05,46.3,77373.0,3590338.0,46.57,47.1,47.2325,49.89166666666666,48.20625,47.34291666666666,22.580645161290605,66.19718309859147,-0.9337517594302085,-0.9591337396497391,0.025381980219530642,16.611219752234508,32.838110337715385,25.170872226794778,,49.85251908389999,47.2325,44.61248091610001,95628.2,166286.6,0.8091023359218306,46.4029829527096
2026-04-02,3047,16.25,16.3,15.5,15.6,1157278.0,18166904.0,15.99,16.13,16.4225,17.6325,18.40583333333333,19.532041666666668,46.29629629629628,50.476190476190474,-0.49868488327275173,-0.4919105722895101,-0.00677431098324166,18.116832923307687,28.34408500001245,14.365871548944748,,17.88626407359764,16.4225,14.958735926402358,1112498.2,1269737.15,1.0402515707441145,15.697960213535556
2026-04-02,3048,34.9,35.2,34.15,34.15,1420938.0,49002796.0,35.190000000000005,37.345,37.690000000000005,38.9525,39.21375,32.791875,13.725490196078368,46.78362573099415,-0.9953014673609673,-0.5196142046936985,-0.4756872626672688,23.685311683015765,28.292254817560643,16.128819876552473,,42.231689924292624,37.690000000000005,33.148310075707386,1831828.8,3983314.6,0.7756936674431584,34.486230926331764
2026-04-02,3049,11.85,11.9,11.0,11.15,11014606.0,124550264.0,11.82,13.745,13.142,9.695666666666666,8.143166666666668,7.484875000000001,6.329113924050631,42.617449664429536,0.5300291671983111,1.0917418898970437,-0.5617127226987326,30.233908063727167,35.94461600194524,32.136887283932666,,17.321733559879064,13.142,8.962266440120937,16815213.6,23462834.4,0.6550381257125392,11.307736654402346
2026-04-02,3050,13.3,13.3,12.95,13.05,506396.0,6606082.0,13.34,13.61,13.352500000000001,13.261666666666665,12.785,13.321875,27.272727272727252,55.78947368421054,9.539333517061266e-05,0.03914001844953563,-0.03904462511436502,19.975887371293695,22.72846247989829,13.040821767184957,,14.392983187350264,13.352500000000001,12.312016812649738,887853.0,1364408.45,0.570360183498845,13.045288667367041
2026-04-02,3051,20.35,20.35,19.75,19.9,298564.0,5961125.0,20.080000000000002,20.375,21.035000000000004,21.008333333333333,21.135416666666668,24.175,43.47826086956523,47.32824427480915,-0.5744915835682427,-0.43644009412451046,-0.13805148944373224,21.24937463038917,29.16003008764617,13.612205286429608,,23.18737934437866,21.035000000000004,18.88262065562135,421426.4,640798.05,0.7084605995258009,19.965987192025832
2026-04-02,3052,11.0,11.0,10.95,10.95,306181.0,3357069.0,11.0,11.005,11.202499999999999,11.474166666666667,11.3925,11.882625,33.33333333333333,36.36363636363639,-0.1490488196640687,-0.13838868165683377,-0.01066013800723492,14.114441756101764,25.003090493523594,23.98816649759248,,11.682055715439288,11.202499999999999,10.72294428456071,299305.4,471741.45,1.0229718541663464,10.964328289475834
2026-04-02,3054,77.2,81.7,67.4,67.4,2510579.0,191302853.0,67.94,70.53999999999999,61.64,39.2325,,,56.6115702479339,60.51703877790835,8.72000713454188,9.582260184134919,-0.8622530495930381,45.59747661779488,20.905460110570388,45.16394739859011,,94.2194349083493,61.64,29.0605650916507,725638.8,605196.1,3.459819127643119,76.19869878621624
2026-04-02,3055,59.0,60.8,57.3,57.3,286867.0,16850598.0,57.32000000000001,58.2,60.56,67.65833333333333,63.09,61.02125,49.57264957264956,45.05494505494505,-2.7341535169280036,-2.7866982947389043,0.05254477781090072,21.49182854314244,17.90234247326432,12.244292361082728,,68.50226535362354,60.56,52.61773464637646,211981.4,272646.5,1.3532649562650307,58.740106042172854
2026-04-02,3056,14.95,15.05,14.7,14.8,608529.0,9030521.0,14.770000000000001,14.755,15.520000000000001,17.003333333333334,18.515416666666667,26.048958333333335,50.0,32.96703296703295,-0.632233304493635,-0.6550875180091089,0.022854213515473898,19.268537706209393,33.452458076242195,30.659074997722588,,17.558678622614526,15.520000000000001,13.481321377385477,1081259.2,1564568.25,0.5627965986324094,14.839918886363673
2026-04-02,3057,15.85,16.3,15.5,15.65,68177.0,1073504.0,15.74,16.615000000000002,16.1225,16.8425,14.305583333333333,12.379458333333334,29.26829268292687,55.07246376811594,-0.2465327415977221,-0.19822169374144785,-0.04831104785627424,30.26824375504285,27.03410458266513,13.505578027612703,,18.40226799373597,16.1225,13.842732006264027,127770.8,301453.2,0.5335882689941677,15.745838039221438
2026-04-02,3058,9.58,9.58,9.35,9.39,556156.0,5232603.0,9.574000000000002,9.784,9.751999999999999,10.148666666666667,10.760583333333333,10.871916666666666,34.814814814814824,50.512820512820525,-0.15503570880470008,-0.13677508037664085,-0.018260628428059228,25.87669129140021,26.555085033172638,11.39511660206462,,10.522197513971033,9.751999999999999,8.981802486028965,1038622.0,1271129.8,0.5354748888431017,9.408516675177468
2026-04-02,3059,36.5,36.5,35.4,35.4,903935.0,32229649.0,35.93,36.69500000000001,37.584999999999994,39.89833333333333,44.849583333333335,42.21666666666667,34.06593406593403,44.571428571428555,-1.0342117333539278,-0.8973179712382737,-0.13689376211565407,14.938602195757467,34.98211499131544,19.933056504394052,,40.466720977032494,37.584999999999994,34.70327902296749,1242584.2,1496858.05,0.7274637807240749,35.654830269875596
2026-04-02,3060,29.95,30.8,28.4,28.55,3915178.0,115013794.0,29.32,31.4,30.972499999999997,31.147499999999997,27.504583333333336,25.152291666666667,7.499999999999986,52.27882037533513,-0.49343544458758615,-0.15993374249174108,-0.33350170209584507,27.74767225551178,25.7987898964089,15.41874306698486,,35.7345732990227,30.972499999999997,26.210426700977298,2834961.4,5218057.45,1.381033971044544,29.37638952813895
2026-04-02,3062,34.0,34.1,30.75,31.05,77056426.0,2478295325.0,30.389999999999997,27.2,26.115000000000002,25.09666666666667,24.845416666666665,24.939583333333335,79.84496124031007,73.7654320987654,1.4075937986532807,0.5573992189904676,0.8501945796628131,45.386909884205615,11.113048291749529,24.396562356881795,,31.871561473657817,26.115000000000002,20.358438526342187,52786591.8,15749556.1,1.4597727069016797,32.16208502844396
2026-04-02,3064,20.0,20.0,19.6,19.6,3048.0,60591.0,22.68,26.560000000000002,33.760000000000005,43.08916666666667,45.51958333333334,46.734791666666666,9.016393442622942,7.0707070707070585,-6.4255449473725825,-5.0811188209091025,-1.34442612646348,4.695407891991505,58.290958635992055,76.78596549871217,,52.2499005149468,33.760000000000005,15.270099485053205,10828.8,12061.35,0.28147163120567376,19.878937007874015
2026-04-02,3066,20.9,21.7,19.3,19.8,2277430.0,46525720.0,19.71,20.55,18.4925,15.988333333333333,15.319166666666668,14.984583333333331,57.5,58.20433436532508,1.2177772736738817,1.2977580981328347,-0.07998082445895305,26.573119366648733,8.99604148704399,59.35727974696138,,24.240659888630727,18.4925,12.744340111369272,1456058.0,1417033.4,1.5641066495977496,20.429045020044523
2026-04-02,3067,18.0,19.45,18.0,19.45,61900.0,1195534.0,,,,,,,100.0,52.941176470588246,0.11132056158629666,-0.08915258473411897,0.20047314632041563,15.65402698150181,9.187201273508256,21.574203564230654,,,,,,,,19.31395799676898
2026-04-02,3071,27.75,28.05,27.35,28.05,549156.0,15239212.0,28.380000000000003,28.075,26.2575,24.2525,23.751250000000002,23.500625,28.94736842105256,64.75095785440615,1.2993585127067178,1.1664661019351594,0.13289241077155833,26.785830113908364,12.338019683400624,40.20461939633179,,30.71115314273457,26.2575,21.80384685726543,970093.6,1345236.5,0.5660855818448859,27.750242189833127
2026-04-02,3073,26.4,26.4,25.1,25.95,69789.0,1790937.0,26.779999999999994,27.8,29.052500000000002,29.779166666666665,29.914583333333333,29.982291666666665,7.575757575757564,23.89937106918238,-0.997865456100385,-0.5993704917718389,-0.39849496432854614,11.375662677975651,31.031154154715363,36.804188302005706,,32.49885199961686,29.052500000000002,25.606148000383143,63873.4,127475.3,1.092614452964771,25.662167390276405
2026-04-02,3078,56.3,56.4,54.5,54.7,4374824.0,241798230.0,55.52,56.95,58.540000000000006,61.05499999999999,61.7275,62.06375,6.250000000000071,21.212121212121232,-1.6743446249006624,-1.2390676574313162,-0.4352769674693462,9.75934823076859,26.872661779309574,27.46119468059312,,63.04982553052661,58.540000000000006,54.0301744694734,2994694.4,2070343.4,1.4608582431649788,55.27039030598716
2026-04-02,3081,2195.0,2315.0,2170.0,2315.0,2730549.0,6145785805.0,2069.0,1776.5,1584.0,1256.0,1175.5,1135.25,100.0,75.07692307692308,249.1917755817567,159.3679234310477,89.823852150709,38.56388609839431,6.605554656787047,53.036547583031506,,2261.9504717199206,1584.0,906.0495282800792,3248529.4,2580653.45,0.8405492651536416,2250.7509680287735
2026-04-02,3083,26.8,27.5,26.8,27.4,129689.0,3508899.0,27.439999999999998,27.609999999999996,28.4875,31.3275,32.11375,32.506875,39.99999999999986,33.33333333333333,-1.1106866810030276,-1.126355585732463,0.015668904729435384,9.909271107172698,25.52396276148497,55.073521868099604,,30.592850327142724,28.4875,26.382149672857278,112613.4,171911.75,1.1516302678011676,27.056257662561976
2026-04-02,3085,13.15,13.15,13.15,13.15,1104.0,14392.0,13.219999999999999,12.375,12.3075,,,,83.9285714285714,55.670103092783506,0.05937298255115131,-0.14286575368792045,0.20223873623907176,44.81637724172846,39.011236541030875,43.483588934516845,,13.840737029775136,12.3075,10.774262970224862,12862.4,16078.65,0.08583157109093172,13.03623188405797
2026-04-02,3088,89.9,91.7,88.9,91.3,3400170.0,308330486.0,87.84,85.76,83.28999999999999,82.53333333333333,82.41666666666667,82.35833333333333,80.67226890756304,70.8,1.9764515601701476,0.9056208176033876,1.07083074256676,33.02497426301746,13.66803064472539,26.378595012381822,,91.46670632441871,83.28999999999999,75.11329367558128,2144502.0,803537.85,1.585528947979531,90.68090301367285
2026-04-02,3090,92.9,93.2,90.4,90.7,1507458.0,137391660.0,92.7,93.61,94.25,93.99333333333334,86.6075,,47.94520547945208,53.69318181818183,-0.5355663723559303,-0.1064263357446351,-0.4291400366112952,20.139342201080954,27.547544514983237,10.73226443159387,,101.39702735408216,94.25,87.10297264591784,1849136.4,2851481.95,0.8152227169396482,91.14128552835302
2026-04-02,3092,29.1,29.55,28.0,29.05,504731.0,14443948.0,28.9,30.190000000000005,31.604999999999997,23.924166666666668,19.732916666666664,20.152291666666667,27.272727272727252,45.00000000000001,0.8221816367529406,1.6904645296388758,-0.8682828928859352,31.298399957689853,25.732097378671703,31.398926682458814,,37.41342400946122,31.604999999999997,25.79657599053878,580984.4,1503457.6,0.8687513812763302,28.61712080296237
2026-04-02,3093,67.0,69.8,61.0,63.6,9930517.0,643291151.0,56.29,50.97,41.885,31.215833333333332,28.532916666666665,27.191458333333333,100.0,76.00321027287319,8.0949377995654,5.828897789822941,2.2660400097424596,47.13250737599948,8.288991331091802,60.666666988589725,,67.31693392484918,41.885,16.45306607515081,6245910.2,3466540.85,1.5899231148087911,64.77922055820457
2026-04-02,3094,22.9,22.95,22.25,22.4,120022.0,2695768.0,22.6,23.0,23.490000000000002,24.269999999999996,24.8175,25.1,39.99999999999999,50.450450450450425,-0.5601632788571429,-0.4694390115620451,-0.0907242672950978,16.548848889692472,27.943823995998446,16.926329253398553,,25.54416137325404,23.490000000000002,21.435838626745966,186518.2,247566.65,0.6434868018241651,22.460615553815135
2026-04-02,3095,31.0,32.7,31.0,32.7,47872.0,1527132.0,,,,,,,97.72727272727286,66.304347826087,0.3400735286758767,0.2765815954298934,0.06349193324598329,28.4532045305679,7.776664396813008,50.81455037203842,,,,,,,,31.900317513368982
2026-04-02,3105,447.0,474.0,434.0,464.0,48045837.0,21762335367.0,428.2,382.15,342.05,272.34166666666664,254.42083333333332,245.46041666666667,100.0,76.99836867862969,47.068607582368145,32.50449941317654,14.564108169191606,40.97549742377634,9.271053625681764,49.85150785589124,,462.7932683096878,342.05,221.30673169031223,48579302.2,29254993.0,0.9890186730594906,452.94944839861984
2026-04-02,3114,26.65,26.75,26.25,26.4,115932.0,3056728.0,26.26,26.225,26.0325,25.613333333333333,25.48166666666667,25.415833333333335,81.25000000000011,58.5106382978723,0.19406693345805337,0.17138874555783346,0.022678187900219915,22.328298751858146,17.42333735988003,17.529829793744216,,27.004895306230427,26.0325,25.06010469376957,89959.2,78708.65,1.2887175519568872,26.36655970741469
2026-04-02,3115,9.47,9.47,9.45,9.45,8056.0,76173.0,9.61,9.68,9.8435,10.362,10.531,10.615499999999999,34.28571428571426,29.687499999999943,-0.2169115767747396,-0.19561482884533354,-0.021296747929406057,16.574273119560807,20.293021653782496,21.534001884034396,,10.27520530884417,9.8435,9.411794691155832,11833.6,15038.05,0.6807733910221742,9.45543694141013
2026-04-02,3118,33.8,33.8,33.55,33.55,23104.0,777050.0,33.41,33.39,33.35,33.10166666666667,33.05083333333333,33.025416666666665,53.33333333333315,45.99999999999994,0.10700768918695758,0.09321967836075307,0.013788010826204511,18.709746805782157,10.992141914374894,22.21859484037528,,33.77302171152437,33.35,32.92697828847563,18262.4,21954.9,1.2651130190993516,33.63270429362881
2026-04-02,3122,24.85,25.35,24.75,24.85,65190.0,1630321.0,25.410000000000004,26.395,26.302500000000002,25.110000000000003,24.705,24.5025,0.0,40.909090909090914,0.034098389892673,0.34187010511256394,-0.30777171521989094,14.021907317495977,15.341308812561326,42.76393487703865,,28.41971639497663,26.302500000000002,24.185283605023375,58514.0,145554.3,1.1140923539665721,25.00875901211842
2026-04-02,3128,24.75,24.9,24.15,24.25,170719.0,4148789.0,24.410000000000004,24.865000000000002,25.3525,25.907499999999995,26.02875,26.089375,37.83783783783784,40.8450704225352,-0.46203487966593926,-0.3285812799114049,-0.13345359975453436,12.474980222031839,23.734989033054315,26.8693749949829,,27.256920066443833,25.3525,23.448079933556166,161031.4,173650.0,1.0601596955624804,24.30185860976224
2026-04-02,3130,220.5,221.0,220.0,221.0,27431.0,6053687.0,220.7,221.6,223.025,223.48333333333332,224.46666666666667,225.31458333333333,28.57142857142857,41.17647058823529,-0.7902794285708694,-0.4952793601698186,-0.2950000684010508,16.901407108702067,27.11421274773705,14.306126493638713,,226.51143989735866,223.025,219.53856010264136,29143.4,29471.6,0.9412422709773053,220.6877984761766
2026-04-02,3131,3210.0,3245.0,3085.0,3170.0,1341735.0,4217180380.0,3016.0,2710.0,2277.5,1840.1666666666667,1737.5833333333333,1686.2916666666667,100.0,90.9090909090909,371.03035205135484,265.3927032907278,105.63764876062703,46.587190532936944,1.990092513560162,65.11281497539558,,3334.5191453725947,2277.5,1220.4808546274053,1254041.0,1057504.4,1.069929133098519,3143.079952449627
2026-04-02,3138,173.0,177.0,160.0,160.0,2885573.0,483850833.0,172.1,173.95,179.475,145.835,119.40083333333334,105.175,38.888888888888886,48.70466321243523,1.9475734487554632,5.677933703751595,-3.730360254996132,26.487986037815382,24.12900603217768,26.194285912984675,,205.9254999455265,179.475,153.0245000544735,3567584.4,4813577.25,0.8088310398486999,167.67929038703926
2026-04-02,3141,42.35,43.1,41.95,42.45,289586.0,12281732.0,42.43,43.255,44.8075,44.998333333333335,45.04916666666667,45.07458333333333,43.859649122807134,41.35135135135136,-0.8465249660958065,-0.5333864279007361,-0.3131385381950704,16.532322260626874,22.47136268528703,22.531919870685996,,50.006009401742,44.8075,39.608990598257996,258751.6,423422.05,1.1191660264129768,42.41134585235474
2026-04-02,3147,158.5,159.0,157.0,158.5,130930.0,20710771.0,159.8,164.2,171.8,168.46666666666667,167.48333333333332,166.99166666666667,26.08695652173914,15.476190476190482,-3.248777832195856,-1.0424024171108253,-2.2063754150850308,18.714176362651404,23.39511111833251,27.1973676214107,,193.46102490649974,171.8,150.13897509350028,140358.0,518196.2,0.9328289089328716,158.18201328954405
2026-04-02,3149,45.7,46.05,43.5,43.5,3286545.0,146199165.0,44.7,44.575,47.1975,43.6875,41.31583333333333,36.734375,53.67231638418078,36.75213675213674,-0.9968573636379929,-0.46885054676511106,-0.5280068168728819,22.700672789724276,26.502771066681085,16.02295050077622,,53.81195585938792,47.1975,40.583044140612074,6768690.0,5481922.7,0.4855511184586678,44.48415128957613
2026-04-02,3150,17.45,18.1,17.15,17.85,75046.0,1326145.0,17.889999999999997,17.43,16.982499999999998,18.19,19.584166666666665,21.903750000000002,52.87356321839081,65.73426573426573,-0.007733774707610053,-0.22414166160195023,0.21640788689434018,29.929091814318543,13.306359746860391,24.350629340303154,,19.13223070528906,16.982499999999998,14.832769294710937,80662.2,109150.95,0.9303738306170672,17.671095061695492
2026-04-02,3152,161.0,163.5,158.5,160.0,1381870.0,222641132.0,149.9,144.5,145.225,148.73333333333332,149.86666666666667,150.43333333333334,85.9375,60.0,1.00880422350005,-1.5280782670716873,2.5368824905717373,29.848570057478945,17.310956467146873,21.58920691328426,,164.01882597388945,145.225,126.43117402611054,922322.0,546429.55,1.4982511530680174,161.1158299984803
2026-04-02,3158,92.8,94.0,91.2,92.2,42620.0,3949846.0,93.12,93.11,91.55,89.81666666666666,89.35833333333333,89.12916666666668,44.06779661016946,62.50000000000004,0.9765339479124577,0.9935228597455102,-0.01698891183305251,22.641704950423225,19.791576245014365,50.665104750942355,,95.45114692986844,91.55,87.64885307013155,62572.0,58300.1,0.6811353320974237,92.67587986860629
2026-04-02,3162,68.1,68.5,62.8,63.2,5679378.0,369679420.0,60.339999999999996,58.19,57.315,59.693333333333335,60.49666666666666,60.89833333333333,98.8095238095238,62.84403669724771,0.4977673954544386,-0.5108858249183781,1.0086532203728167,34.61292159108817,12.381726630661454,32.431266393282606,,63.305615467897304,57.315,51.32438453210269,3950626.8,2072241.35,1.4375890934572713,65.09153291082228
2026-04-02,3163,1230.0,1260.0,1190.0,1260.0,986776.0,1200154410.0,1092.8,987.6,873.6,605.0416666666666,531.2708333333334,494.3854166666667,85.14190317195326,76.40117994100295,152.2375547728941,113.39725212345809,38.84030264943601,46.400692346409386,14.942405158625338,55.766175005478885,,1244.6414361879558,873.6,502.55856381204416,891065.6,1046180.8,1.107411171523174,1216.2379405255094
2026-04-02,3164,18.5,18.5,18.35,18.35,24379.0,448782.0,18.369999999999997,18.28,18.1325,18.203333333333333,18.647083333333335,19.442291666666666,63.333333333333435,63.33333333333336,0.07217775660921077,0.03378123967571039,0.03839651693350039,23.15438222640761,23.2692467367681,13.30251192220848,,18.637501302760086,18.1325,17.627498697239915,42461.0,57517.85,0.5741503968347424,18.408548340785103
2026-04-02,3167,418.0,445.5,416.0,445.5,12708323.0,5565802147.0,400.0,369.25,337.525,263.0083333333333,225.27083333333334,171.55541666666664,80.66825775656325,70.91136079900124,39.82363827431982,31.927210639838904,7.896427634480915,44.00565975631173,11.336650569144908,39.06037672209337,,431.15387262737767,337.525,243.8961273726223,7322748.6,3752484.8,1.7354580491811504,437.96511522409367
2026-04-02,3168,40.9,41.5,40.85,40.95,5017.0,205890.0,41.0,41.095,40.9925,,,,48.38709677419364,56.89655172413805,0.010210117254310092,-0.020210874722488493,0.030420991976798584,29.5659384190323,18.32394333536775,18.912323194163353,,41.700555156936474,40.9925,40.284444843063525,11545.4,19028.3,0.43454536005681915,41.03846920470401
2026-04-02,3169,89.6,90.0,88.5,88.9,295231.0,26298765.0,91.46,94.97999999999999,96.04,96.56666666666665,96.83333333333331,96.96666666666667,0.0,34.38596491228071,-1.5306251834157507,-0.436104498423157,-1.0945206849925937,15.536362726165809,30.083439045888795,20.117866308459238,,103.6079100918216,96.04,88.47208990817842,249738.6,189952.45,1.182160066565601,89.07860285674607
2026-04-02,3171,70.1,70.4,68.9,70.2,106941.0,7472197.0,68.06,64.99,58.7975,51.66416666666667,49.83208333333333,48.916041666666665,100.0,89.73214285714286,5.156424763759318,3.954898380153391,1.2015263836059273,45.93065210604026,6.773472105746549,59.88602830352871,,73.38879066114087,58.7975,44.20620933885913,132764.6,138197.9,0.8054933318068219,69.8721444534837
2026-04-02,3176,32.75,32.9,31.75,32.0,364552.0,11710994.0,31.97,32.785000000000004,31.525,31.878333333333334,31.98916666666667,32.044583333333335,32.35294117647051,58.93719806763286,0.18706758134923973,0.16609941101225434,0.020968170336985392,19.94144805457782,17.60774353914975,29.85458168235954,,34.893663642580364,31.525,28.156336357419637,360331.2,540796.45,1.011713667870004,32.12434440079879
2026-04-02,3178,67.3,73.3,64.7,67.5,996043.0,68236949.0,63.739999999999995,58.40999999999999,57.35,56.63166666666667,56.46583333333333,56.38291666666667,100.0,68.56060606060605,2.143751994525445,0.5329346618584406,1.6108173326670046,36.83601942516878,8.26043431053277,31.393347981231386,,67.21935714858448,57.35,47.480642851415524,662225.8,236112.2,1.5040836524339583,68.50803529566494
2026-04-02,3188,27.45,27.75,27.35,27.4,287216.0,7899186.0,27.7,30.419999999999998,31.665000000000003,29.824166666666663,29.262083333333333,28.981041666666666,0.0,20.28301886792451,-0.6485100441024194,0.2041253984049696,-0.852635442507389,15.94452874552761,36.01322760747653,51.40404601617009,,36.82834245069583,31.665000000000003,26.501657549304174,531129.6,788290.2,0.5407644386605454,27.50259734833714
2026-04-02,3189,342.0,352.0,323.5,336.0,8260441.0,2783962388.0,335.9,346.1,324.875,231.78333333333333,177.8875,133.17291666666668,58.28877005347594,62.97640653357532,24.662755113188553,29.871242365664926,-5.208487252476374,27.65583172709555,17.021301293878143,40.95950145847332,,388.7967243361421,324.875,260.9532756638579,6802792.8,26739803.8,1.2142720266300042,337.0234577064348
2026-04-02,3191,13.85,13.85,13.5,13.6,9326.0,127154.0,13.61,13.63,14.175,,,,58.823529411764696,26.415094339622655,-0.46581064079773604,-0.4470984325024482,-0.018712208295287858,8.781797451610487,22.813980687880967,71.4184651138815,,15.45377408399401,14.175,12.896225916005992,11195.6,18812.25,0.83300582371646,13.634355565086853
2026-04-02,3205,59.2,61.0,59.0,60.1,380785.0,22823655.0,57.88000000000001,54.67999999999999,53.06,49.57666666666667,48.638333333333335,48.16916666666667,98.75000000000007,82.40000000000002,2.471468196357499,1.5491308703039308,0.9223373260535681,32.02774365215215,4.74788451828405,48.87764264977646,,59.69908681101625,53.06,46.420913188983754,600071.0,276037.1,0.6345665762884726,59.938429822603304
2026-04-02,3206,37.05,38.05,36.55,37.15,143870.0,5344034.0,38.1,37.809999999999995,37.1725,33.534166666666664,32.61708333333333,32.158541666666665,56.4102564102564,42.156862745098046,1.2005753168884397,1.3658922610314164,-0.1653169441429767,31.538575293481212,21.05252863880168,43.65467820890224,,40.72414528219343,37.1725,33.620854717806566,234322.0,491728.9,0.6139841756215806,37.1448807951623
2026-04-02,3207,66.1,66.4,65.1,65.3,229129.0,15026623.0,65.9,67.08000000000001,71.86999999999999,68.82833333333335,68.36416666666668,68.13208333333334,9.090909090909008,14.03508771929826,-1.2312202443407756,-0.2995477683675965,-0.9316724759731791,18.546295403645697,29.24412748874493,38.25736967094044,,84.87333560445687,71.86999999999999,58.866664395543104,205877.4,650353.6,1.1129390598482398,65.58149775890438
2026-04-02,3209,41.4,41.45,40.3,40.35,2591767.0,105311602.0,41.93,42.459999999999994,39.8375,35.458333333333336,33.57625,34.911458333333336,27.826086956521763,66.40419947506561,1.847057691100261,2.068573836246145,-0.22151614514588402,33.54728523858923,23.001489947208924,37.04615455445779,,47.160561985406524,39.8375,32.51443801459347,3517462.0,2993635.2,0.7368287134303085,40.63312867244625
2026-04-02,3211,372.0,381.5,366.5,375.0,7411331.0,2772292149.0,368.3,342.8,323.025,318.0833333333333,319.5416666666667,320.2708333333333,89.86486486486487,68.27586206896552,16.51538148488231,8.481089389616974,8.034292095265338,33.83885583829415,11.164645366855893,47.184553758850235,,384.3785697927661,323.025,261.67143020723387,11229798.6,9705323.8,0.6599700728381719,374.06130545242144
2026-04-02,3213,103.0,103.0,102.0,102.5,193434.0,19807754.0,101.28,101.22,101.13000000000001,99.96333333333334,99.83166666666668,99.76583333333333,80.48780487804882,52.272727272727266,0.5318205391690896,0.4360523163179808,0.09576822285110875,23.151080474759013,14.692431782965595,28.186852314547483,,104.61778318978516,101.13000000000001,97.64221681021486,187260.4,259174.4,1.0329679953690156,102.40058107674969
2026-04-02,3217,156.0,156.0,154.0,155.5,391568.0,60758334.0,154.8,155.6,155.55,156.23333333333332,156.61666666666667,156.80833333333334,57.14285714285714,47.27272727272727,-0.20872888819397417,-0.16416988338834143,-0.04455900480563274,16.547261738888515,20.532708257366895,13.063435286290243,,160.5331294331342,155.55,150.56687056686582,412540.8,647634.3,0.9491618768373941,155.16675009193804
2026-04-02,3218,132.5,133.0,130.0,130.0,306226.0,39973169.0,130.6,135.25,136.825,139.125,139.8125,140.15625,0.0,26.666666666666657,-2.1822508728039622,-1.0647345282448437,-1.1175163445591185,11.37956539587585,25.896671293415817,39.91750069343861,,146.59215764288936,136.825,127.0578423571106,259335.6,264602.1,1.1808097307118652,130.53486314029507
2026-04-02,3219,61.8,63.2,61.0,62.9,201741.0,12428393.0,64.34,65.94999999999999,64.57000000000001,61.973333333333336,60.986666666666665,60.49333333333333,35.00000000000003,53.799392097264445,0.6484321849133181,1.0797039466051819,-0.43127176169186376,19.5569276607982,19.847919114330892,25.273217282714363,,72.21972651729942,64.57000000000001,56.920273482700594,235244.6,377402.0,0.8575797276536847,61.6056874903961
2026-04-02,3221,34.7,36.6,34.65,36.1,6245917.0,222385057.0,35.589999999999996,35.375,32.625,30.07,29.485,29.192499999999995,45.25139664804469,63.805104408352676,1.8762547671484882,1.4994219958495556,0.37683277129893256,27.771846089798537,11.76016185445616,42.35066273997107,,39.23810501162176,32.625,26.011894988378234,10202350.2,7781377.15,0.6122037449763291,35.604869068865305
2026-04-02,3224,38.05,38.05,36.8,37.25,192254.0,7165064.0,39.31999999999999,42.19,42.7125,,,,0.0,33.20610687022902,-1.376476691276899,-0.5757989555974566,-0.8006777356794424,11.191439766809108,45.09069175304178,43.37887632346119,,48.126213094880804,42.7125,37.298786905119194,131552.4,63208.2,1.4614252571598847,37.268738231714295
2026-04-02,3226,42.4,42.9,41.6,42.9,7096.0,300693.0,42.93,44.864999999999995,48.555,,,,27.184466019417457,12.408759124087567,-2.8238146927288454,-2.213137445688117,-0.6106772470407282,5.69805106667394,40.70745865433926,60.27820845560381,,57.09998313878417,48.555,40.01001686121583,11257.6,11858.85,0.6303297328027287,42.375
2026-04-02,3227,188.5,191.0,187.5,187.5,713792.0,135048256.0,187.5,188.95,192.8,192.125,192.0625,192.03125,44.44444444444444,40.20618556701031,-1.5188139748312608,-0.7874324634210854,-0.7313815114101754,13.964045109541395,21.528868910341657,23.535245553785355,,204.74460900199443,192.8,180.8553909980056,684875.2,914497.3,1.0422219989860928,189.19833228727697
2026-04-02,3228,128.5,130.5,128.5,129.0,182084.0,23632818.0,129.8,126.9,129.125,131.225,132.3625,132.93125,59.61538461538462,46.236559139784944,-0.5492541425603576,-0.9506358161176524,0.4013816735572947,16.441855991643916,11.36042906170966,32.036694613408464,,139.15587339430775,129.125,119.09412660569225,354850.4,347354.9,0.5131289129165417,129.79074493091102
2026-04-02,3229,19.6,20.0,18.55,18.55,120308.0,2297838.0,19.64,19.92,20.080000000000002,21.7775,18.307083333333335,16.613333333333333,2.8571428571428896,48.20717131474104,-0.6134798495216103,-0.6006785310791016,-0.012801318442508647,21.438844139793733,23.257976053638625,12.896292513981804,,22.569218858661557,20.080000000000002,17.590781141338447,157885.6,232405.8,0.7619947607634895,19.099627622435747
2026-04-02,3230,38.5,39.3,36.25,38.7,794267.0,30068310.0,39.61,40.335,40.9525,34.59166666666667,32.420833333333334,31.335416666666667,16.666666666666657,32.84132841328413,0.9562731322310469,1.634857592635975,-0.678584460404928,19.763075710496008,19.03003791777021,41.46901796367136,,44.57152502136461,40.9525,37.333474978635394,930560.2,876068.95,0.853536396678044,37.856677918130806
2026-04-02,3231,127.0,128.0,124.0,125.0,15663058.0,1963348212.0,125.4,126.7,129.325,136.04166666666666,134.97916666666666,123.00604166666668,34.61538461538461,46.753246753246756,-2.3538155578340394,-2.1308179151234974,-0.222997642710542,22.413538029059985,26.64091741180123,9.80469618332727,,136.7750088307969,129.325,121.87499116920308,22565199.8,33663840.4,0.6941244987336651,125.34897157375016
2026-04-02,3232,22.4,22.4,22.0,22.35,34389.0,761113.0,22.29,22.369999999999997,22.68,22.647499999999997,22.64875,22.649375,52.63157894736845,36.36363636363641,-0.11902702081721372,-0.07463336623413934,-0.044393654583074385,13.294856753859857,15.354885716936453,19.005617630868613,,23.42720531948969,22.68,21.93279468051031,33833.4,57631.15,1.016421642518931,22.132455145540725
2026-04-02,3234,107.5,115.5,102.0,114.0,10757747.0,1175902035.0,105.32000000000001,98.41,91.91999999999999,69.14166666666667,62.120833333333344,58.610416666666666,84.5953002610966,71.25,10.314961585171147,8.340405036895397,1.97455654827575,33.62513039515064,8.905483249070542,53.33170400187286,,115.6848657077052,91.91999999999999,68.15513429229478,8369848.2,5281858.35,1.2852977429148595,109.30746326345098
2026-04-02,3236,32.0,33.4,31.4,32.6,6298328.0,204308474.0,31.380000000000003,31.714999999999996,30.764999999999997,29.548333333333336,29.274166666666666,29.137083333333333,61.53846153846156,58.84057971014492,0.7091742551507423,0.5368859080207147,0.1722883471300276,27.43077484856591,18.973718477336387,24.311761841171148,,34.91179330770683,30.764999999999997,26.618206692293164,4323596.8,3984497.25,1.4567334308324034,32.438525589648556
2026-04-02,3252,19.9,20.2,19.9,20.1,56153.0,1128513.0,20.110000000000003,20.16,20.0825,19.031666666666663,18.71583333333333,18.557916666666664,50.0,50.0,0.2731381653638927,0.3360966736758748,-0.06295850831198213,22.975168129309175,5.301239244789489,71.38940683281501,,20.385598038681767,20.0825,19.779401961318232,65291.8,103435.0,0.8600314281425845,20.097109682474667
2026-04-02,3257,53.7,53.9,52.4,52.6,132686.0,7007103.0,53.279999999999994,54.239999999999995,55.935,62.19666666666667,65.52416666666667,61.20708333333334,38.66666666666671,46.052631578947384,-2.64802006091832,-2.6349211341834646,-0.013098926734855354,13.249878131781628,29.532695621144896,31.508289868940324,,61.409640098721304,55.935,50.4603599012787,202918.2,288499.3,0.6538891040823346,52.80966341588412
2026-04-02,3259,17.0,17.45,17.0,17.05,36573.0,625533.0,17.23,18.03,17.432499999999997,18.507499999999997,18.85375,19.026875,8.791208791208831,50.23474178403756,-0.19588948849497,-0.16398190845475044,-0.03190758004021957,25.534645168601745,31.29786796085991,51.07140532709204,,20.082281520288625,17.432499999999997,14.78271847971137,76743.8,187603.45,0.47655966996682464,17.103683044869165
2026-04-02,3260,373.5,387.5,367.0,372.0,21557022.0,8105851228.0,371.4,408.5,365.05,329.7,321.1,316.8,36.936936936936945,59.79142526071842,17.06211491585094,21.82559640322162,-4.7634814873706794,20.7419198275771,19.558578681221267,32.234122757398204,,515.5697661438526,365.05,214.5302338561475,16538213.2,19563349.65,1.3034674144846554,376.01906367215287
2026-04-02,3264,189.5,196.5,176.0,189.0,40945134.0,7621507797.0,175.8,163.25,155.225,154.4,154.45,154.475,91.42857142857143,72.77227722772278,7.443348176722566,2.5108169542723147,4.932531222450251,32.81057053791414,10.68006593702882,36.94929803466378,,187.24222398302118,155.225,123.2077760169788,27570080.4,13554610.65,1.48512929255005,186.13952507763193
2026-04-02,3265,166.0,169.0,160.0,163.0,4652043.0,759184345.0,154.3,145.55,141.125,137.70833333333334,136.85416666666666,136.42708333333334,92.95774647887323,67.12328767123287,5.3734653440222075,2.189136111204214,3.1843292328179937,29.14319262925613,14.268815293539461,26.671106444593836,,162.6629102734543,141.125,119.58708972654571,4376225.8,2440867.95,1.063026272547454,163.19375057367267
2026-04-02,3266,13.2,13.2,13.15,13.15,15735.0,207098.0,13.169999999999998,13.235,13.445000000000002,13.704166666666667,13.7475,14.634999999999998,45.454545454545574,51.16279069767444,-0.1642039895403169,-0.14742025943237336,-0.01678373010794354,25.840705607753485,25.248811912447216,10.368803233807295,,14.202349950398734,13.445000000000002,12.68765004960127,43822.6,54425.0,0.3590613062666296,13.161614235780108
2026-04-02,3268,15.6,15.6,15.5,15.6,127314.0,1985742.0,15.49,15.440000000000001,,,,,51.61290322580643,60.25641025641025,-0.14235105451643726,-0.1942736401819393,0.051922585665502036,26.814370054485227,20.32224033555692,28.723472454992386,,,,,97388.4,,1.307280949271166,15.597200622083982
2026-04-02,3272,15.1,15.1,14.65,14.8,160408.0,2378376.0,15.430000000000001,16.18,17.0,18.694166666666668,19.147083333333335,19.373541666666668,2.5000000000000284,11.267605633802873,-0.9884122957851851,-0.7758165314347291,-0.21259576435045602,4.150220770190736,44.9043674254726,69.56508765752051,,19.455712995402635,17.0,14.544287004597365,120044.8,61653.6,1.3362344724636135,14.827041045334397
2026-04-02,3276,13.8,14.1,13.75,13.95,152184.0,2115863.0,13.95,14.01,14.05,14.235833333333334,14.292916666666665,14.321458333333332,53.846153846153754,42.857142857142854,-0.07528125884986814,-0.06944020722770532,-0.005841051622162821,12.668817511635421,20.589796463474578,26.54001473425567,,14.377671208763642,14.05,13.72232879123636,114310.4,73369.2,1.3313224343541796,13.903320979866477
2026-04-02,3284,19.4,19.4,19.15,19.3,59580.0,1147329.0,19.43,19.42,19.552500000000002,20.051666666666666,20.125833333333333,20.162916666666664,53.571428571428626,48.717948717948744,-0.2096752803696127,-0.2113703678273752,0.0016950874577625064,18.046740149902874,16.488526215637517,25.608491593545985,,20.413634502606282,19.552500000000002,18.691365497393722,70348.0,234177.55,0.8469323932450106,19.256948640483383
2026-04-02,3285,29.0,29.2,28.9,28.9,10371.0,300824.0,28.4,28.18,28.577499999999997,29.205,29.3275,29.388749999999998,81.81818181818181,56.84931506849315,-0.25744819376925676,-0.3317378921919954,0.07428969842273864,23.190689591862842,16.810523453610983,20.2164625579953,,30.33173547600184,28.577499999999997,26.823264523998155,14422.6,20675.1,0.7190797775713117,29.00626747661749
2026-04-02,3287,28.8,28.85,28.55,28.6,28003.0,808357.0,28.4,28.634999999999998,29.057500000000005,29.686666666666667,29.89333333333333,29.996666666666666,60.86956521739131,42.85714285714287,-0.3521308889259629,-0.31939333189524155,-0.03273755703072134,18.21483794744964,17.512315822527306,17.66565119995112,,30.40707108196018,29.057500000000005,27.70792891803983,30601.8,51265.3,0.9150768909018424,28.866799985715815
2026-04-02,3288,15.0,15.25,15.0,15.1,17880.0,271823.0,14.89,14.929999999999998,,,,,75.0,54.90196078431373,-0.243042618221196,-0.2635080714040531,0.020465453182857085,22.25437301727584,20.085712786427997,20.126218357541745,,,,,14728.0,,1.21401412275937,15.202628635346755
2026-04-02,3289,156.0,159.5,146.5,155.5,12084697.0,1860133724.0,147.2,145.2,137.425,130.98333333333332,129.24166666666667,128.37083333333334,68.75,63.33333333333333,5.818464006319715,3.7432601090534288,2.0752038972662863,27.334269824222858,12.354765697032903,29.284854325741012,,158.12403379387547,137.425,116.72596620612454,9251818.2,7663867.45,1.306196980826969,153.92473009459815
2026-04-02,3290,45.45,46.2,45.35,46.2,678164.0,31094225.0,44.86,44.34,45.135000000000005,48.10833333333333,48.95416666666666,49.377083333333324,79.7979797979798,59.20000000000002,-0.8327149833446015,-1.1838835588631595,0.35116857551855807,22.6501666056302,21.999359990645587,25.243596602922416,,49.38174488346827,45.135000000000005,40.88825511653174,512698.4,719229.5,1.3227347696033378,45.850598085418866
2026-04-02,3293,768.0,777.0,757.0,769.0,1888800.0,1452412966.0,768.4,754.7,729.05,709.3,706.15,704.575,67.0,65.86826347305389,18.78692155492479,14.394239433572674,4.392682121352115,29.38855872955926,7.137827831878732,50.148179125467585,,795.1933053460828,729.05,662.9066946539172,2819080.0,1857834.3,0.670005817500745,768.9606977975434
2026-04-02,3294,32.15,32.3,31.4,31.6,339232.0,10774942.0,32.27,33.660000000000004,35.63,36.26916666666667,36.45958333333333,36.55479166666667,8.333333333333329,26.053639846743266,-1.2968316357971972,-0.749326671440311,-0.5475049643568862,10.679696997418372,27.743887812017924,34.89036462940659,,40.72730578990415,35.63,30.53269421009586,405539.2,783844.65,0.8364962006138987,31.762752334685405
2026-04-02,3296,21.85,22.0,21.85,21.95,14636.0,321052.0,21.75,21.63,22.130000000000003,23.064166666666665,22.48875,22.254375,88.88888888888876,54.794520547945176,-0.48798058893545715,-0.5435978126204927,0.05561722368503552,27.30822661692109,25.458967058977354,12.204733994667327,,23.79113467878189,22.130000000000003,20.468865321218114,27618.0,57924.9,0.5299442392642479,21.935774801858432
2026-04-02,3297,35.95,37.2,34.5,34.5,623853.0,22226858.0,34.38,34.88,36.095,37.53333333333333,37.96666666666667,38.18333333333333,60.869565217391255,36.725663716814175,-0.9347713782348208,-0.7719588490487954,-0.1628125291860254,17.399314228711223,19.517370349743583,38.38217546067645,,39.325593883809205,36.095,32.86440611619079,406711.8,188749.1,1.5338945169527907,35.62835796253284
2026-04-02,3303,45.45,46.6,45.45,46.55,217345.0,10018489.0,46.38,46.485,46.92,45.505,45.0775,44.863749999999996,60.41666666666664,41.09589041095888,0.16528926337203842,0.3025354400887547,-0.1372461767167163,18.18480694065268,18.41975624583936,23.11329161953018,,48.32427917452332,46.92,45.515720825476684,184807.0,221814.35,1.1760647594517524,46.09486760680025
2026-04-02,3305,106.0,107.0,101.5,101.5,2004884.0,208747147.0,104.8,103.9,105.92999999999999,106.465,109.17583333333333,87.29625000000001,54.285714285714285,53.91705069124425,-1.4685479332334097,-1.4036438666342381,-0.06490406659917158,29.199118634997685,27.49382735669254,9.955635876178082,,117.01400459647637,105.92999999999999,94.84599540352362,3716623.4,3251098.0,0.5394369523691854,104.11931413488261
2026-04-02,3306,47.75,47.75,47.15,47.4,101622.0,4809546.0,47.2,47.7,47.292500000000004,47.0175,46.93375,46.891875,52.56410256410252,52.17391304347825,0.10735390452064308,0.12420151554295769,-0.016847611022314607,18.29639595560498,16.499753828977738,17.663913705297727,,49.70393656681852,47.292500000000004,44.88106343318149,109573.2,212043.45,0.9274348107018869,47.32780303477593
2026-04-02,3308,21.0,21.1,20.4,20.4,88340.0,1830028.0,20.56,21.02,22.439999999999998,19.85,17.802916666666665,18.003625000000003,33.33333333333333,36.55913978494625,-0.31816948672937784,0.08494338233518993,-0.4031128690645678,22.144669405629624,20.559124863460372,18.720940122444116,,26.012055283358297,22.439999999999998,18.8679447166417,111067.4,495078.1,0.7953728996987415,20.715734661534977
2026-04-02,3310,71.0,71.8,69.6,71.3,344260.0,24576433.0,74.44,74.78999999999999,75.05499999999999,73.16,72.73,72.51500000000001,40.0,39.20265780730897,0.018725218401172583,0.6386222037438339,-0.6198969853426614,17.581317412190963,20.296345457841124,22.749987165698904,,81.12354703845119,75.05499999999999,68.98645296154879,802756.0,355941.7,0.4288476199492747,71.38916226108174
2026-04-02,3311,32.05,32.05,31.45,31.45,93655.0,2961523.0,31.99,32.315000000000005,32.36,32.01166666666666,33.33958333333333,,44.79166666666667,54.39560439560439,-0.04792578622860333,0.04600736170478738,-0.0939331479333907,25.965742588927338,24.208651985466997,12.038235930286547,,34.09617850161642,32.36,30.623821498383577,168500.6,328444.3,0.5558140445790697,31.62162191020234
2026-04-02,3312,35.3,35.75,34.95,34.95,394361.0,13869957.0,35.0,35.654999999999994,35.3225,36.75833333333333,38.812916666666666,43.45399999999999,41.935483870967694,65.25821596244134,-0.5698726142512811,-0.6020674760226266,0.03219486177134545,21.387304423162774,24.76706555278352,15.485138344848368,,38.98144362091513,35.3225,31.663556379084866,350351.6,665690.0,1.125614953663691,35.170711606877965
2026-04-02,3313,12.6,12.7,12.6,12.6,95192.0,1201526.0,12.69,12.73,12.692499999999999,12.994166666666668,13.072083333333333,13.111041666666667,54.545454545454454,50.84745762711862,-0.0864831828986059,-0.09200712216325131,0.005523939264645408,14.587615866986111,19.17525711651944,19.025264168546435,,13.186969412603023,12.692499999999999,12.198030587396975,129115.2,233185.8,0.7372640866451046,12.62213211194218
2026-04-02,3317,50.4,51.2,50.3,50.5,919334.0,46488778.0,49.970000000000006,47.82000000000001,47.7525,47.63416666666667,47.592083333333335,47.571041666666666,93.15068493150685,56.27906976744187,0.5938706091572996,0.09875254889396169,0.49511806026333793,30.69138823468045,16.49674800657599,19.35900179052138,,52.15865299445297,47.7525,43.346347005547024,1480600.4,838697.15,0.6209197295907796,50.56788718789907
2026-04-02,3321,16.0,16.2,15.55,15.7,91808.0,1450024.0,15.789999999999997,16.225,16.5375,17.85333333333333,16.100583333333333,12.130166666666666,25.0,48.85496183206107,-0.5125310678527768,-0.4748086518467905,-0.0377224160059863,25.643934830788062,22.189340253529664,12.231717058275702,,18.806948112833226,16.5375,14.268051887166779,198292.2,422469.8,0.4629935015093886,15.794092018124783
2026-04-02,3322,13.05,13.45,12.9,13.4,1010489.0,13304256.0,13.15,13.095000000000002,13.967500000000001,14.975833333333332,15.212916666666667,15.331458333333332,66.6666666666667,28.048780487804876,-0.5774659080608977,-0.5825220507924584,0.005056142731560742,13.773376284977113,22.892568908441866,38.1735908491635,,16.2106826544116,13.967500000000001,11.724317345588403,828893.4,745430.5,1.2190819712160816,13.166156187746724
2026-04-02,3323,32.5,32.7,32.0,32.15,562733.0,18110712.0,33.25,34.404999999999994,35.214999999999996,38.19416666666667,39.022083333333335,39.43604166666667,18.69158878504672,34.34782608695653,-1.422102151992945,-1.1718661221312894,-0.2502360298616557,13.725701804040371,22.913146993095637,23.125909475238494,,38.91010344559986,35.214999999999996,31.519896554400134,1375239.8,1554472.95,0.40918900107457623,32.18349021649699
2026-04-02,3324,1000.0,1005.0,985.0,990.0,4276625.0,4247892351.0,982.2,1009.6,1017.2,1014.4833333333333,1009.7416666666667,1007.3708333333333,44.75524475524475,50.0945179584121,-9.761248113435158,-4.543709322327786,-5.217538791107373,19.220418569650942,19.091433311627565,22.156409121794148,,1135.271521589782,1017.2,899.1284784102181,4913775.0,5321821.3,0.8703339082477322,993.2814663432029
2026-04-02,3325,12.5,12.6,12.4,12.55,218780.0,2734967.0,12.74,13.040000000000001,13.720000000000002,14.580000000000002,14.815,14.932500000000001,25.0,22.368421052631575,-0.5706575563248286,-0.4628134500025612,-0.10784410632226743,5.326029809348768,30.91105815432913,63.413508854989814,,15.403480104770438,13.720000000000002,12.036519895229567,191068.0,254415.2,1.1450373688948436,12.50099186397294
2026-04-02,3332,57.9,60.5,57.6,60.1,62194.0,3671517.0,58.4,57.40999999999999,58.04,56.821666666666665,56.01083333333334,55.60541666666667,80.327868852459,49.41176470588236,0.2585088164386562,0.027698570739101314,0.23081024569955488,27.52851135713157,17.520211247639164,28.851435601370923,,61.81437342307862,58.04,54.26562657692138,42116.4,70788.05,1.476716908377734,59.033299032060974
2026-04-02,3338,60.5,61.4,59.7,60.2,556072.0,33598956.0,60.08,61.459999999999994,59.485,53.63,54.91541666666667,54.58729166666667,42.66666666666673,54.61254612546125,1.7536115169544715,2.0998364686500217,-0.34622495169555023,26.970643844486226,18.499819374688684,23.535432044491493,,64.95001793708227,59.485,54.01998206291773,618307.6,1377601.45,0.8993452449880933,60.421952552906816
2026-04-02,3339,47.3,48.55,45.05,46.5,7135611.0,333689384.0,43.19,39.72,34.04,29.97666666666667,28.988333333333333,28.494166666666665,77.61194029850746,78.61271676300579,4.44506754082844,2.8895980734268134,1.5554694674016263,33.175615595319954,8.051382532676552,46.158659921135026,,48.28509518543508,34.04,19.794904814564916,10295366.6,4754078.1,0.6930895496232257,46.76395392069439
2026-04-02,3346,18.55,18.65,18.1,18.2,138347.0,2529449.0,18.41,18.865,19.485,19.918333333333333,20.774583333333336,24.033125,28.5714285714285,41.05263157894736,-0.5975519414075308,-0.4426262796530976,-0.15492566175443317,19.568409670793276,30.292551610329742,19.487914349529575,,21.441123987029368,19.485,17.52887601297063,208491.0,282110.6,0.663563415207371,18.283367185410597
2026-04-02,3349,27.9,27.9,27.35,27.9,131572.0,3659997.0,27.339999999999996,26.525,27.8525,29.080833333333334,29.465416666666666,29.657708333333336,100.0,38.728323699421956,-0.5888979193266017,-0.7604775165993726,0.17157959727277083,21.57585202320798,19.370727584533668,28.151461919223326,,31.764219907096994,27.8525,23.940780092903005,217743.2,327502.15,0.6042530834487598,27.81744596114675
2026-04-02,3354,25.25,25.8,24.55,25.7,261848.0,6581405.0,25.45,26.4,27.052500000000002,25.3125,24.93125,24.740625,46.08695652173913,45.41284403669725,0.06279225292104584,0.4281860150692487,-0.36539376214820285,21.94355672852731,19.314869026187807,28.89218176370895,,31.228808493344236,27.052500000000002,22.87619150665577,356708.8,1486711.0,0.7340665551284409,25.134448229507196
2026-04-02,3356,48.6,49.25,47.95,48.1,150249.0,7251840.0,48.42,49.305,47.9325,47.61166666666667,48.04041666666667,49.970625,35.89743589743591,66.34920634920636,0.35706983258220504,0.4244051225516719,-0.06733528996946686,25.39926745074418,24.893799225577688,14.738584769411156,,52.616546271514004,47.9325,43.24845372848599,261046.2,422519.85,0.5755647850840195,48.26547930435477
2026-04-02,3357,156.0,158.0,154.0,154.0,1089949.0,170087643.0,153.3,154.85,159.4,154.21666666666667,153.10833333333332,152.55416666666667,58.69565217391305,46.540880503144656,-0.7178154309615934,0.2260872382685388,-0.9439026692301322,27.94515162855265,26.1847589706453,21.092221658807528,,183.00775965206088,159.4,135.79224034793913,1333769.4,2824699.1,0.8171944865431761,156.05101064361727
2026-04-02,3360,14.15,14.4,14.05,14.1,330984.0,4674478.0,14.419999999999998,14.794999999999998,15.38,14.788333333333332,14.594166666666668,14.497083333333332,27.02702702702703,27.8846153846154,-0.20714398643876386,-0.0028087693859956153,-0.20433521705276825,21.883981781969386,23.153945853400668,21.40688592433448,,17.12729866696536,15.38,13.632701333034642,656390.4,1003248.15,0.5042486910229034,14.122972711671864
2026-04-02,3362,96.8,98.8,95.8,96.0,334973.0,32454081.0,95.52000000000001,96.46000000000001,98.83,102.25166666666668,103.37583333333333,103.93791666666667,48.97959183673468,43.44827586206897,-1.9097645223368858,-1.8033426500650842,-0.10642187227180155,17.706020377456813,23.99507616338389,28.597336757705754,,107.41250362196556,98.83,90.24749637803444,301183.8,390895.6,1.1121879729255026,96.88566242652392
2026-04-02,3363,769.0,809.0,736.0,784.0,8100073.0,6278467598.0,720.4,694.6,641.55,501.075,464.5375,446.26875,73.51778656126483,71.33333333333333,69.11703730096951,57.721783353910496,11.395253947059018,35.384224781045916,11.044038332086531,55.68420504119038,,794.5487616048941,641.55,488.55123839510577,5156843.8,4471107.65,1.5707423598907533,775.1124709616814
2026-04-02,3372,20.1,20.2,19.7,19.8,723445.0,14399412.0,19.830000000000002,20.72,21.385,20.9025,20.751250000000006,20.675625000000004,25.0,40.191387559808604,-0.3641236515011883,-0.0936189351968386,-0.2705047163043497,17.087685491154378,23.397520251104872,26.317221319236896,,24.272194959964104,21.385,18.4978050400359,744067.0,1475004.85,0.9722847539267298,19.903948468784773
2026-04-02,3373,17.15,17.15,16.95,17.0,33177.0,565431.0,17.0,17.119999999999997,17.2,18.214166666666667,18.532083333333333,18.691041666666667,12.500000000000114,37.142857142857196,-0.30147944305613095,-0.3322386124293657,0.03075916937323475,10.948293043580431,24.30740203382556,37.61743235881578,,17.801751828545523,17.2,16.598248171454475,56706.2,69727.15,0.5850682994099411,17.04286101817524
2026-04-02,3374,170.0,170.5,165.5,166.5,3805230.0,636631826.0,163.2,163.1,170.3,166.28333333333333,165.14166666666668,164.57083333333333,69.38775510204081,43.31210191082803,-1.4496684794889632,-0.8604088398130181,-0.5892596396759451,23.330121309768227,24.672837091215065,21.329789737733755,,189.65377020253763,170.3,150.9462297974624,3285138.0,4638399.7,1.158316636926668,167.30442732765167
2026-04-02,3376,196.5,198.0,187.0,187.5,5076594.0,965611421.0,197.4,207.7,205.625,205.73333333333332,213.4,212.87583333333333,18.604651162790702,48.99598393574298,-2.126313637570121,0.3485526829628061,-2.474866320532927,21.27287368857031,31.551348082265168,12.784060312868395,,230.99359849250112,205.625,180.25640150749888,4611873.2,6831156.4,1.1007661702407603,190.20851795514866
2026-04-02,3379,37.5,37.55,36.65,36.75,227822.0,8400378.0,37.23,38.11,39.015,42.928333333333335,44.014166666666675,44.55708333333334,12.727272727272776,36.13861386138616,-1.5825999248808742,-1.4677442698208871,-0.11485565505998707,8.063653126783265,29.76467223135671,55.30695154198538,,42.28851412656835,39.015,35.74148587343165,178093.2,197424.15,1.2792290778086979,36.87254962207337
2026-04-02,3380,37.0,37.6,35.55,35.55,4585469.0,166867573.0,36.13,35.785,35.1575,32.98916666666667,31.540000000000003,30.076041666666665,60.97560975609752,57.098765432098745,0.8368855435310252,0.8588102815413335,-0.021924738010308364,24.511527218901296,19.78070625620571,16.1506072980242,,38.13695155673786,35.1575,32.178048443262135,5355888.4,7676923.6,0.8561546950828922,36.39051381658016
2026-04-02,3388,72.6,73.9,70.2,71.2,1020697.0,73278373.0,68.66,67.11,64.98,62.885,62.342499999999994,62.07124999999999,82.22222222222226,78.08219178082197,1.9484483984403056,1.2156265807593767,0.7328218176809289,40.23055339464471,7.816339952872449,47.108209698999865,,71.09180049274826,64.98,58.868199507251745,636218.2,243511.8,1.6043190842387094,71.79248395949043
2026-04-02,3390,22.3,22.6,22.2,22.35,301109.0,6729610.0,22.05,21.975,22.682499999999997,22.502499999999998,22.40125,22.350624999999997,64.44444444444446,35.45454545454548,-0.2155302530387324,-0.19643383142951706,-0.019096421609215347,23.34904179270274,19.452127807972495,23.318237269472824,,25.038070106431945,22.682499999999997,20.32692989356805,267265.4,623681.3,1.1266291858205364,22.349414995898496
2026-04-02,3402,126.0,126.5,124.5,125.0,611359.0,76833869.0,123.3,124.75,128.075,128.21666666666667,128.60833333333332,128.80416666666667,48.717948717948715,38.04347826086957,-1.3257381180885517,-0.8838664615118125,-0.4418716565767392,22.623359389698646,28.918797684926734,28.03178661861956,,137.70649985587315,128.075,118.44350014412684,672615.4,665431.3,0.9089280441690749,125.67717004247913
2026-04-02,3406,452.5,454.0,440.5,444.0,370022.0,165080110.0,443.3,447.45,436.775,440.01666666666665,435.85,422.9145833333333,41.98473282442749,67.51824817518248,2.2095087782096243,1.0706330262992256,1.1388757519103987,27.710743987831815,25.558598127721854,11.934524435975337,,470.5068762253777,436.775,403.04312377462225,462126.6,842598.5,0.8006940089577186,446.13593245807004
2026-04-02,3413,295.5,298.0,292.5,293.5,795476.0,234515448.0,298.4,301.85,304.125,295.23333333333335,303.35,,45.0381679389313,49.509803921568626,0.39033544382431273,2.2472327782940424,-1.8568973344697297,24.829143593251004,24.413562124451925,14.353775175069096,,320.97066163110077,304.125,287.27933836889923,1553862.2,1860531.8,0.5119347133870688,294.8114688563828
2026-04-02,3416,145.5,145.5,142.5,143.5,106986.0,15325419.0,145.5,148.15,147.475,148.3,160.09166666666667,152.86541666666665,24.0,54.54545454545455,-0.5883377530824703,-0.04078875385107622,-0.547548999231394,22.47336065365344,28.62020290771168,10.379738757795264,,155.0802267345665,147.475,139.86977326543348,187428.4,288186.75,0.5708099733018048,143.24695754584712
2026-04-02,3419,15.45,15.65,15.25,15.5,226044.0,3474684.0,15.88,16.09,15.889999999999997,14.44,13.94875,14.080625,0.0,50.56179775280899,0.2881663298360113,0.4055173014269197,-0.1173509715909084,22.292488895158716,19.99304340156465,29.026526898878164,,16.94710627857874,15.889999999999997,14.832893721421254,335491.8,432813.25,0.6737690757270371,15.371715241280459
2026-04-02,3426,47.65,47.65,47.65,47.65,27000.0,1286550.0,47.559999999999995,47.480000000000004,47.339999999999996,,,,100.0,100.0,0.6365145448923926,0.741143610100355,-0.10462906520796245,18.110574458184086,1.1879555494807772e-11,91.62637496330966,,47.69183728296542,47.339999999999996,46.98816271703457,29200.0,76014.25,0.9246575342465754,47.65
2026-04-02,3430,72.9,73.4,70.8,72.3,367522.0,26374683.0,72.3,74.6,74.11500000000001,67.795,66.04749999999999,65.17375,47.2727272727273,50.52356020942407,1.2541429078082587,2.007457139756631,-0.7533142319483725,20.607726230628323,18.390380191005164,29.76679665855794,,83.23300416757986,74.11500000000001,64.99699583242015,434313.2,1334226.4,0.8462142067061282,71.7635488487764
2026-04-02,3432,16.7,16.7,16.0,16.35,50012.0,810345.0,16.71,16.67,16.805,16.045833333333334,,,27.586206896551715,43.750000000000014,-0.030570035096733505,0.047959916884022326,-0.07852995198075582,26.024596271641805,27.09856760831765,11.57927927799518,,17.534022416809396,16.805,16.075977583190603,41147.4,75527.7,1.2154352401366793,16.20301127729345
2026-04-02,3434,28.3,28.6,28.25,28.25,69880.0,1980340.0,28.490000000000002,28.655,28.9625,30.068333333333335,30.409166666666668,30.579583333333332,47.222222222222186,38.666666666666686,-0.4640893503410375,-0.43953760972794376,-0.02455174061309373,14.905655605323858,12.257269951554012,27.35005416091443,,30.379269862082513,28.9625,27.545730137917484,92728.0,98270.9,0.7536019325338624,28.339152833428734
2026-04-02,3437,22.1,22.1,20.3,20.3,5348035.0,111371072.0,21.15,22.15,19.4225,16.396666666666665,15.794999999999998,16.050833333333333,38.21656050955415,64.43914081145584,1.5415780408357236,1.6145066073843977,-0.07292856654867408,33.21754837458032,21.782867078919082,37.2565623993144,,26.71044787375193,19.4225,12.134552126248066,1880825.4,1752080.6,2.8434510720665513,20.824671491491735
2026-04-02,3438,43.75,44.25,43.05,44.0,59597.0,2605810.0,44.410000000000004,45.095000000000006,45.5675,46.67916666666667,46.989583333333336,47.14479166666667,16.666666666666544,43.62139917695474,-0.6493502086814829,-0.4585745054086017,-0.19077570327288118,12.882430213797303,23.021720691650195,35.17626095393318,,48.20513749953387,45.5675,42.929862500466136,49158.2,86092.7,1.2123511438579933,43.72384515999128
2026-04-02,3441,31.75,32.45,31.35,31.4,479071.0,15256419.0,30.939999999999998,31.02,32.45,34.36416666666666,34.88208333333333,35.141041666666666,66.03773584905659,32.90322580645163,-1.0259806303422891,-1.018412416426355,-0.007568213915934097,16.540179822277214,20.697841942130026,31.504191378467702,,36.07505898318621,32.45,28.824941016813792,322042.6,258228.8,1.4876013297619632,31.845841221864816
2026-04-02,3443,2375.0,2410.0,2315.0,2320.0,1707978.0,4014288855.0,2322.0,2443.5,2422.5,2335.4166666666665,1933.0833333333333,1548.2541666666666,33.6283185840708,54.67625899280576,-14.881299209015197,9.950897473294058,-24.832196682309252,27.26932829493664,27.41477871239014,15.064676268209519,,2757.0775026255687,2422.5,2087.9224973744313,2052949.6,2372178.3,0.8319629473612016,2350.316488268584
2026-04-02,3444,71.9,72.3,70.8,71.6,517611.0,37046633.0,67.78,64.78,63.92,65.445,66.0225,66.31125,100.0,65.24390243902438,0.9892148635930198,-0.28963876899024066,1.2788536325832605,30.61696013262131,15.027628370362129,27.72533829039105,,72.68394527836094,63.92,55.15605472163906,413766.6,277647.9,1.250973374844659,71.57234486902327
2026-04-02,3447,38.85,39.0,37.4,37.4,171294.0,6481971.0,38.69,39.33,40.23,45.21,54.079166666666666,54.082708333333336,34.579439252336456,46.88644688644688,-1.6094578554522698,-1.5830684127949626,-0.02638944265730725,18.83274214574336,31.464790482986682,14.767763976758243,,43.31926835146408,40.23,37.14073164853591,193459.2,196464.5,0.8854270047637951,37.841202844232726
2026-04-02,3450,251.0,257.5,241.0,241.0,9144116.0,2275938117.0,251.9,262.05,271.4,260.8,253.09583333333333,233.60208333333333,38.405797101449274,45.84615384615385,-3.6179682268166857,0.7754366301954756,-4.393404857012161,22.680112557681245,30.067777902123343,12.518934271495727,,310.73473087020585,271.4,232.0652691297941,8399409.2,21527361.4,1.0886618073090188,248.89646161531635
2026-04-02,3455,202.0,202.0,183.5,193.5,18832638.0,3655320144.0,167.4,146.45,131.7,116.35833333333333,112.42916666666666,110.46458333333334,97.97297297297297,85.44600938967136,16.86622105693081,8.867903430546756,7.998317626384056,43.87212414186251,4.755425150999246,46.86367746043285,,186.42938208273407,131.7,76.97061791726591,12155182.8,4718737.7,1.5493504548528878,194.09496131131496
2026-04-02,3465,38.35,38.35,36.9,37.8,15092.0,568393.0,37.989999999999995,39.815,41.660000000000004,44.21,44.705000000000005,44.9525,10.526315789473657,25.24271844660194,-1.8780368633956641,-1.3841963273884101,-0.49384053600725397,5.747143255407073,25.564133147816197,46.839550751857914,,46.750196976852465,41.660000000000004,36.56980302314754,18255.2,14265.9,0.82672334458127,37.66187384044527
2026-04-02,3466,34.65,34.75,33.8,33.95,231438.0,7905787.0,34.190000000000005,35.055,35.540000000000006,37.44583333333333,37.99791666666667,38.27395833333333,5.405405405405489,23.91304347826089,-0.8860125731069033,-0.7294736375105075,-0.15653893559639576,8.074758363755265,19.41002007290655,34.841867235574824,,37.319591910641606,35.540000000000006,33.76040808935841,328662.8,433221.35,0.7041806982719067,34.1594163447662
2026-04-02,3467,41.0,41.65,40.8,41.0,63668.0,2612881.0,42.12,40.085,39.625,39.57416666666667,39.46208333333334,39.40604166666667,67.5392670157068,57.19696969696968,0.4909834786944245,0.15796103843587378,0.3330224402585507,29.49035220166506,18.656610950818223,35.23757951957581,,43.52594455498314,39.625,35.72405544501686,111800.8,70510.7,0.5694771414873596,41.03915624803669
2026-04-02,3479,89.0,90.0,88.5,89.8,622982.0,55486152.0,88.14,87.75,88.75,88.78,88.74,88.72,69.2307692307692,46.38554216867469,-0.17639456637246553,-0.32847394990468237,0.15207938353221684,20.904641974635517,21.553561429173357,24.700042785751453,,92.39446227352686,88.75,85.10553772647314,444389.2,354258.4,1.4018837541506408,89.06541762041279
2026-04-02,3481,25.3,25.9,24.65,24.65,280976969.0,7092162089.0,24.59,25.165,26.3,20.24,17.01833333333333,14.981458333333332,51.64835164835163,38.86925795053002,0.6789256225853819,1.2765992140935722,-0.5976735915081903,22.550536089379428,18.845403825213523,29.155120673886277,,29.656062856195838,26.3,22.943937143804163,257109037.0,611620036.45,1.0928319450708377,25.241079773339003
2026-04-02,3483,77.8,78.9,77.4,78.0,346683.0,27061012.0,78.4,80.22999999999999,83.6,84.11833333333333,84.10916666666667,84.10458333333332,18.604651162790645,20.975609756097555,-1.9903081635183781,-1.2949837418046617,-0.6953244217137164,14.453073670246216,27.927576496214563,30.995584363692377,,93.47607422538248,83.6,73.72392577461751,387209.8,518527.75,0.8953363267148714,78.05693385600101
2026-04-02,3484,46.8,47.2,45.65,45.7,245492.0,11297671.0,45.46,45.620000000000005,46.4275,48.09416666666666,48.47208333333333,48.66104166666666,58.333333333333435,44.041450777202094,-0.7874847173789306,-0.7806126537232944,-0.006872063655636196,19.285764994886,20.289766973922145,21.841765674756832,,48.957836986086626,46.4275,43.89716301391338,207895.2,257941.2,1.1808449641934975,46.020526127124306
2026-04-02,3489,23.2,23.75,23.2,23.7,101101.0,2374731.0,23.409999999999997,23.154999999999998,21.755000000000003,20.871666666666666,20.68583333333333,20.592916666666667,88.88888888888877,80.14705882352936,0.8717305719435267,0.6750710845215472,0.19665948742197947,29.698159329938406,14.138402024227984,46.11343702391401,,25.21771873715317,21.755000000000003,18.292281262846835,99460.6,191762.0,1.016492963042652,23.48869941939249
2026-04-02,3490,27.25,27.7,26.55,26.75,1522504.0,41434790.0,26.75,26.145,25.417499999999997,24.16583333333333,23.807916666666667,23.628958333333333,71.875,61.72839506172839,0.7312912390812158,0.591952505940516,0.1393387331406999,24.57333631053852,16.439351893733594,23.33031384306001,,27.38092209312958,25.417499999999997,23.454077906870413,1706902.4,761080.75,0.8919689842840458,27.214897300762427
2026-04-02,3491,1780.0,1830.0,1745.0,1815.0,2285545.0,4095774005.0,1715.0,1535.5,1475.0,1350.9166666666667,1315.4583333333333,1297.7291666666667,100.0,73.70892018779342,102.09363528826157,52.03942291779346,50.05421237046811,36.14104330116257,14.19600918202129,39.10633002115218,,1863.0043407244984,1475.0,1086.9956592755016,2385927.0,962765.65,0.9579274638327158,1792.033849694493
2026-04-02,3492,24.0,24.55,23.7,23.75,43493.0,1042443.0,23.7,23.875,23.777499999999996,24.415000000000003,24.6325,24.741249999999997,45.454545454545396,51.260504201680654,-0.1365564943606863,-0.1472178204832949,0.010661326122608616,22.68020936494559,23.435365778094653,22.373978922585447,,25.076274726222223,23.777499999999996,22.47872527377777,52495.8,107428.95,0.8285043755881423,23.96806382636286
2026-04-02,3494,7.92,8.08,7.8,8.04,104781.0,823558.0,7.9879999999999995,8.111,8.269000000000002,8.514000000000001,9.565416666666666,12.249583333333334,46.66666666666655,49.70414201183428,-0.2146847336168669,-0.19417983517471332,-0.020504898442153585,19.713790793875845,21.457010308753457,11.676240488549764,,8.774585642699883,8.269000000000002,7.763414357300122,99954.2,135432.85,1.0482901168735281,7.859802826848379
2026-04-02,3498,90.0,90.1,79.5,79.7,8582951.0,711479586.0,77.76,76.15,68.58000000000001,54.907500000000006,51.403749999999995,49.651875000000004,73.37278106508876,69.78260869565217,7.146640701389842,6.560245922601866,0.5863947787879757,37.602403444862134,10.840309205842203,50.238878232508256,,88.70953838987563,68.58000000000001,48.450461610124385,8150570.6,7242525.4,1.053049095728341,82.89451798105337
2026-04-02,3499,17.5,17.85,17.2,17.85,199212.0,3469741.0,18.139999999999997,18.3,17.8875,17.0025,16.701249999999998,16.550625,40.54054054054058,50.39370078740157,0.3080950992123803,0.38285075348462905,-0.07475565427224873,17.879141579862903,12.286308402673317,38.17490963121222,,19.360011281343613,17.8875,16.414988718656385,230527.2,392698.6,0.8641583292557233,17.41732927735277
2026-04-02,3501,49.45,49.45,47.8,47.85,65938.0,3173028.0,47.7,47.885000000000005,48.9975,49.532500000000006,50.407916666666665,54.06229166666666,54.68750000000007,44.84848484848484,-0.7951553470847017,-0.6985891611100985,-0.0965661859746032,26.12395959787995,27.43330884567107,16.969030466162458,,51.87087597151672,48.9975,46.12412402848329,105922.6,174371.1,0.6225111543712106,48.121386757256815
2026-04-02,3504,53.0,53.5,51.1,51.2,183538.0,9532708.0,52.54,54.96,57.29,54.1975,55.522083333333335,53.212291666666665,34.965034965034974,40.72580645161291,-0.9030016899844355,0.03578843018759782,-0.9387901201720333,19.59339648785283,28.34703883915858,22.4106800595381,,65.01253026437644,57.29,49.567469735623554,292072.4,802156.5,0.6283989860048399,51.93860671904456
2026-04-02,3508,23.75,23.75,23.75,23.75,317946.0,7551112.0,31.939999999999998,38.735,38.6,32.895833333333336,31.047916666666662,30.123958333333334,22.827938671209523,37.43016759776536,-0.991541276640703,1.6454611881905998,-2.637002464831303,23.60109970118053,38.83108634227397,46.78825037580906,,54.87875593332738,38.6,22.32124406667262,1340367.6,2899075.5,0.2372080614303121,23.74966818264737
2026-04-02,3511,19.25,19.4,19.0,19.25,99653.0,1909363.0,19.080000000000002,18.9,19.197499999999998,20.03083333333333,20.240416666666665,20.345208333333332,83.33333333333347,47.50000000000001,-0.2780045715662638,-0.3554239932013859,0.07741942163512211,16.598895186425032,17.946441572026668,26.89860114508541,,20.487328629988035,19.197499999999998,17.90767137001196,85791.8,164084.6,1.1615678887725867,19.160115601135942
2026-04-02,3512,21.4,21.6,21.25,21.5,58178.0,1247136.0,21.52,21.29,20.9625,20.527499999999996,20.41375,20.356875,64.70588235294116,67.34693877551021,0.2968479275814815,0.23928661577166588,0.05756131180981561,18.295263344325914,10.877284872402775,39.64836945718565,,21.947586157065516,20.9625,19.97741384293448,102706.8,134370.6,0.5664474017299731,21.436556774038298
2026-04-02,3515,209.5,209.5,201.0,201.0,409621.0,83048519.0,207.0,211.85,215.275,230.65833333333333,257.9875,244.00458333333333,31.25,40.366972477064216,-5.828263160035192,-5.201957372942242,-0.6263057870929503,16.50354101219529,33.46008369768109,22.440433243498536,,230.49090234625143,215.275,200.05909765374858,374561.2,560742.5,1.0936023272031379,202.7447787100759
2026-04-02,3516,19.75,19.75,19.1,19.65,19982.0,388269.0,19.24,19.214999999999996,19.34,19.745,19.8475,19.89875,61.99999999999998,50.79365079365075,-0.11207076938815064,-0.1676045475034394,0.05553377811528876,21.64435975381221,24.007908051979612,28.825936323037524,,20.169457654133094,19.34,18.510542345866906,61789.2,47569.2,0.323389848064063,19.430937844059653
2026-04-02,3518,20.95,20.95,20.2,20.45,83439.0,1713396.0,20.729999999999997,21.53,21.169999999999998,21.15,21.350833333333334,19.833333333333332,26.98412698412706,54.48717948717948,-0.09913776837687038,0.02873397647295355,-0.12787174484982394,16.688936753838707,23.852276667728717,15.868611462432105,,23.046559000993863,21.169999999999998,19.293440999006133,212990.4,296113.9,0.3917500507065107,20.534713982669974
2026-04-02,3520,14.25,14.45,13.95,14.05,159423.0,2247193.0,14.319999999999999,14.645,14.5725,14.82,14.860000000000001,14.88,9.999999999999986,42.85714285714286,-0.15461214778999377,-0.08537961802789953,-0.06923252976209424,13.506913019141379,21.299033838330185,29.995930815054013,,15.341282359182019,14.5725,13.80371764081798,130653.8,205451.35,1.2201941313608942,14.095789189765592
2026-04-02,3521,14.3,14.75,13.85,13.85,148941.0,2105327.0,13.76,13.745,14.227500000000001,15.31,15.555,15.677500000000002,54.99999999999999,25.531914893617,-0.4761672216628856,-0.4967936730188765,0.020626451355990894,10.683893009279032,14.061738960123188,41.62075980200828,,15.532742465880123,14.227500000000001,12.922257534119879,160564.6,160286.85,0.9276079534343186,14.135308612135006
2026-04-02,3522,12.75,13.0,12.55,13.0,95748.0,1222948.0,12.959999999999999,12.98,13.6975,15.145833333333334,15.572916666666666,15.786458333333334,50.0,23.214285714285694,-0.6389934220293476,-0.6439973307160718,0.005003908686724179,1.3477348381031187,27.24094946489954,81.7617239944376,,15.387867446818337,13.6975,12.007132553181663,106848.8,127784.25,0.8961073966202708,12.772569662029493
2026-04-02,3523,13.0,13.0,12.2,12.65,38201.0,475659.0,,,,,,,19.99999999999993,43.93939393939394,-1.2229882771184055,-0.9371302198910412,-0.28585805722736435,12.657429896560219,23.859406440379754,43.866420897677926,,,,,,,,12.45148032774011
2026-04-02,3526,296.0,296.0,290.0,290.5,388918.0,113522370.0,287.2,289.35,288.5,272.05833333333334,266.77916666666664,264.13958333333335,54.54545454545455,58.33333333333333,3.945420061569166,4.805531861770063,-0.8601118002008965,30.232023621448633,18.23083427711623,26.250932282091558,,302.81230607774916,288.5,274.18769392225084,515350.8,681185.25,0.7546665300606887,291.8928154521004
2026-04-02,3527,55.1,55.5,53.2,53.2,108601.0,5889706.0,53.02,52.86,54.8,54.38666666666667,54.04333333333334,53.87166666666667,80.0,29.523809523809547,-0.708134855803074,-0.5288366877266271,-0.17929816807644694,17.489920164179512,13.945915386836791,34.801945523030696,,60.083539483498164,54.8,49.51646051650183,102160.6,218250.65,1.063041916355229,54.23252087918159
2026-04-02,3528,65.4,65.4,63.3,63.9,117375.0,7528614.0,63.760000000000005,63.08,65.17499999999998,67.39166666666667,70.08416666666666,73.50979166666666,63.29113924050634,46.8208092485549,-1.3713669137650157,-1.444391325990775,0.07302441222575928,21.255928433709222,27.151051107308703,17.498582912057593,,71.70489078654465,65.17499999999998,58.645109213455314,120578.0,178292.75,0.9734362819088059,64.1415463258786
2026-04-02,3529,2980.0,3140.0,2935.0,2955.0,1685560.0,5078276730.0,2895.0,2788.0,2602.0,2013.6666666666667,1851.8333333333333,1770.9166666666667,73.33333333333333,64.59948320413437,250.2847101182274,233.21151622165624,17.073193896571155,35.435353574564274,12.323171453067706,51.59182915474964,,3103.0557275446145,2602.0,2100.9442724553855,1490936.0,1171652.65,1.1305381317507928,3012.8127921877594
2026-04-02,3530,58.3,58.7,57.1,57.4,92700.0,5350489.0,57.3,58.31,58.98,65.30333333333334,63.69583333333333,63.09708333333333,50.64935064935066,56.249999999999986,-1.9630537582994378,-2.0617964817912817,0.09874272349184388,19.671659317507935,29.90936015298613,22.251770424740332,,63.498779527819536,58.98,54.46122047218046,113449.2,160696.8,0.8171058059466264,57.718327939590075
2026-04-02,3531,21.3,21.85,21.0,21.85,20100.0,424395.0,21.589999999999996,21.505000000000003,,,,,54.28571428571434,67.16417910447763,0.19076643692664774,0.10232566002014809,0.08844077690649965,28.911615208058272,12.862889870113134,37.705138164175,,,,,14860.0,,1.3526244952893673,21.11417910447761
2026-04-02,3532,136.0,137.5,129.5,130.5,1061919.0,140990827.0,135.6,137.45,132.975,120.525,108.2875,94.37291666666667,47.45762711864407,60.75268817204301,1.8769352526068985,2.882744680324236,-1.0058094277173373,30.792691046228065,25.828677130493354,22.14188009685865,,151.79960595799326,132.975,114.15039404200671,2372865.8,3835766.85,0.44752594099506177,132.7698506194917
2026-04-02,3533,2180.0,2190.0,2035.0,2045.0,1259571.0,2614017990.0,2140.0,2088.5,1871.25,1552.5,1492.875,1438.4645833333334,56.71641791044776,69.88847583643123,158.243266442066,146.90530749313933,11.337958948926655,35.09354188540012,18.0928608063326,39.76965042431685,,2356.4507180972687,1871.25,1386.0492819027313,2322071.8,2024188.7,0.5424341314510602,2075.324050807775
2026-04-02,3535,106.5,109.0,103.5,103.5,1954738.0,207816024.0,108.5,114.4,122.9,103.61333333333333,89.645,67.72104166666666,24.52830188679245,14.049586776859499,-0.4472668268803659,3.3413284160422614,-3.7885952429226273,20.69834813082866,27.156061543033005,30.20100443444368,,149.71437163753365,122.9,96.08562836246638,2335321.8,7309148.1,0.8370315388654361,106.31400422972285
2026-04-02,3537,44.0,44.95,44.0,44.75,230324.0,10289882.0,44.06,43.730000000000004,44.39,45.524166666666666,45.86208333333334,46.03104166666667,77.64705882352948,51.119402985074615,-0.40296723968995707,-0.5681301511236424,0.16516291143368533,19.392537107053144,23.759820276693173,28.122571715252093,,47.634687966507705,44.39,41.145312033492296,173994.4,189993.9,1.3237437526724998,44.67568295097341
2026-04-02,3540,26.3,26.5,26.1,26.25,130476.0,3419119.0,26.689999999999998,27.535000000000004,28.440000000000005,29.877499999999998,30.288749999999997,30.494374999999998,11.904761904761898,31.097560975609753,-0.9454513701187608,-0.6962288762466091,-0.24922249387215167,7.414149859893351,31.668945701252472,49.46175933368643,,31.02204325456046,28.440000000000005,25.857956745439548,152085.6,212296.25,0.8579115971531821,26.204964897758973
2026-04-02,3541,24.15,24.15,23.9,24.05,26551.0,637293.0,24.009999999999998,23.985,24.110000000000003,25.45,25.775,25.937500000000004,60.0,46.80851063829792,-0.4046273334680599,-0.4878078184859713,0.08318048501791142,12.329591107790844,28.26660015268762,46.67986774247427,,25.576682615543255,24.110000000000003,22.64331738445675,26730.6,53293.1,0.9932811085422699,24.002598772174306
2026-04-02,3543,47.55,47.95,45.85,45.95,1239450.0,57750633.0,47.629999999999995,48.935,49.125,46.06916666666667,42.46208333333333,33.09,36.075949367088626,52.815013404825756,0.36947849508343467,0.8894206618711549,-0.5199421667877202,26.79186668732159,22.043222587967374,22.805199854176657,,53.29361708736273,49.125,44.95638291263727,1180172.8,2949931.0,1.0502275598963136,46.59375771511557
2026-04-02,3545,48.7,49.2,47.0,47.7,1690779.0,80904121.0,47.74,45.38,,,,,72.1518987341772,65.28662420382166,-0.9896909056821528,-1.7315272333075484,0.7418363276253956,24.00659944997726,17.786612432258096,18.979823236552075,,,,,3802322.0,,0.4446701252550415,47.85020455068344
2026-04-02,3546,69.0,69.9,68.9,69.2,97641.0,6751488.0,69.76,70.28,69.28,72.07333333333332,72.93666666666667,73.36833333333333,32.142857142857025,56.12903225806455,-0.4636168301943542,-0.5516831268339709,0.08806629663961674,14.274442306169776,19.79510252698416,31.097577890013923,,73.05002024286054,69.28,65.50997975713946,102384.6,171676.8,0.9536688134739013,69.1460349648201
2026-04-02,3548,84.3,85.0,82.1,85.0,460480.0,38548329.0,83.5,82.6,82.42999999999999,83.23166666666667,83.46583333333335,83.58291666666668,83.75000000000003,54.26356589147288,0.204022417224067,-0.21230552811122316,0.41632794533529016,22.391390998828076,18.62389058179641,22.36778462957826,,87.01973683456099,82.42999999999999,77.840263165439,358688.0,315922.85,1.2837898117584083,83.71336214384989
2026-04-02,3550,18.55,18.8,17.55,17.6,1710771.0,30824215.0,18.32,18.4,18.072499999999998,16.055,15.180833333333334,14.723541666666666,48.03921568627452,58.33333333333335,0.34699283582381923,0.5144390538797289,-0.16744621805590965,29.885533439395427,24.545925427421267,26.014115580158553,,20.688136181042616,18.072499999999998,15.45686381895738,3192245.0,3358809.3,0.5359146932644581,18.01773294029417
2026-04-02,3551,182.0,183.5,180.5,182.5,519451.0,94545695.0,178.7,178.55,180.5,180.38333333333333,180.69166666666666,180.84583333333333,59.64912280701755,48.73949579831933,-0.12443920030810318,-0.4565856901479798,0.3321464898398766,24.272744047540343,20.266700784225446,20.42727230817093,,190.49473545633424,180.5,170.50526454366576,586070.6,661295.1,0.8863283706775259,182.01080563903045
2026-04-02,3552,54.4,58.1,53.9,57.0,1169313.0,67277156.0,54.07000000000001,49.95,49.5675,52.1725,52.93625,53.318125,100.0,71.24352331606217,0.6948945775860409,-0.675874288207179,1.3707688657932198,31.18861123915957,13.674785257116639,55.54355999671359,,57.36421152001384,49.5675,41.770788479986166,869587.8,360543.15,1.3446750287895022,57.535626474690694
2026-04-02,3555,177.5,195.0,177.5,195.0,639994.0,121180459.0,179.8,185.4,159.65,135.325,130.1625,127.58125,70.13888888888889,64.81481481481481,16.42946116588061,14.338992410559243,2.0904687553213677,35.093742096951985,18.37864565867105,39.97855894177997,,234.53805680902377,159.65,84.76194319097623,431196.4,319084.75,1.4842285325202158,189.34624230852165
2026-04-02,3556,45.35,45.8,44.6,44.75,360559.0,16229437.0,44.339999999999996,43.515,43.265,42.835,42.567499999999995,42.433749999999996,71.53846153846152,59.92063492063491,0.3896005514346257,0.14886262017825547,0.24073793125637022,23.825825873284398,12.501376361809214,21.998209811746783,,46.05598171749089,43.265,40.474018282509114,283535.4,213025.5,1.2716542625717986,45.01187600364989
2026-04-02,3557,30.7,30.7,30.1,30.25,36767.0,1118225.0,30.26,30.305,31.152500000000003,34.056666666666665,36.35125000000001,43.474583333333335,50.0,47.560975609756106,-1.046011554439911,-1.152581536064905,0.10656998162499409,19.69148434741562,31.883279804504795,34.25747912029048,,34.2140570513948,31.152500000000003,28.090942948605203,39045.6,57100.6,0.9416425922511116,30.413822177496126
2026-04-02,3558,110.0,110.5,108.0,109.0,85187.0,9290134.0,111.4,116.85,124.475,131.8,134.15,135.325,0.0,15.384615384615387,-6.166931533779135,-4.39054533019688,-1.7763862035822546,10.10979297094628,31.542796816649627,38.237535228815524,,144.44464802156673,124.475,104.50535197843325,108312.2,206460.25,0.7864949654794197,109.0557714205219
2026-04-02,3563,780.0,795.0,774.0,775.0,2249731.0,1763910177.0,796.6,756.5,688.4,559.7916666666666,545.6083333333333,513.69375,68.42105263157895,71.6566866267465,67.47120571963762,61.798260693182115,5.672945026455508,37.86068126545356,14.5293647253234,43.205464182940716,,872.7468127427783,688.4,504.0531872572217,4305939.4,3196633.9,0.5224715888941679,784.0538166563025
2026-04-02,3564,42.2,42.2,40.6,41.15,101369.0,4156801.0,41.519999999999996,42.33,43.795,46.030833333333334,46.74041666666667,47.09520833333333,23.07692307692291,35.66176470588235,-1.336750362660311,-1.1265428515948237,-0.2102075110654873,16.90694670386693,22.03626628231453,27.573419095061908,,48.73153404941694,43.795,38.85846595058306,95021.4,125380.5,1.0668017941221661,41.00662924562736
2026-04-02,3567,26.2,26.8,25.9,26.7,45602.0,1191397.0,26.259999999999998,26.189999999999998,26.445,26.9375,27.018750000000004,27.059375000000003,80.55555555555549,47.10743801652891,-0.20302706754624467,-0.2683689801243796,0.06534191257813493,25.0367630273039,18.691693971000984,34.27171676682675,,27.746780157686906,26.445,25.143219842313094,45161.2,60265.35,1.0097605909497533,26.12598131660892
2026-04-02,3570,168.0,168.0,166.5,167.0,18036.0,3016635.0,166.3,167.35,172.175,172.95,172.975,172.9875,52.94117647058823,27.272727272727266,-2.3751949839300437,-1.8212781180867843,-0.5539168658432594,10.602149833725019,25.684103352127014,38.31218337717765,,185.45052159744463,172.175,158.8994784025554,19221.6,41054.0,0.9383193906854789,167.25632069194944
2026-04-02,3576,21.35,21.55,20.1,20.55,28675658.0,589093987.0,21.67,22.065,22.2725,13.812666666666667,10.170250000000001,9.024750000000001,48.59813084112151,50.66666666666667,1.7038876392536402,2.4075125038697403,-0.7036248646161001,30.145908865439086,22.695073955416824,41.77913228745528,,26.293690580438955,22.2725,18.251309419561046,36501329.2,47867683.7,0.7856058567861687,20.543346799574746
2026-04-02,3577,80.8,83.6,76.5,76.8,538423.0,42370275.0,74.0,69.07000000000001,65.11,62.654999999999994,61.8275,61.41375000000001,100.0,81.27340823970037,3.464359200782411,1.8188743323898744,1.6454848683925367,33.703269884150025,6.48100222788051,31.952446624285102,,77.1226074123025,65.11,53.09739258769749,547853.8,234162.8,0.9827859184329834,78.69328576230956
2026-04-02,3580,81.5,82.8,77.2,79.7,1747490.0,139360557.0,77.48,74.5,71.095,68.015,67.20750000000001,66.80375000000001,72.08121827411168,67.3780487804878,2.9950515237232906,1.9428012056920594,1.0522503180312313,30.72642131775799,10.815497840461555,35.153033017752634,,81.04677318238737,71.095,61.14322681761263,1502494.0,989132.05,1.16305955298324,79.74898683254267
2026-04-02,3581,71.0,75.0,70.3,74.5,2141983.0,155898948.0,73.67999999999999,74.47,71.795,71.86,72.07999999999998,72.19,56.284153005464475,56.94760820045558,0.9620966776771667,0.6906906711937879,0.27140600648337876,22.19522388009185,16.485995743521258,24.883227933567504,,80.10541831868764,71.795,63.48458168131236,1911189.8,2723067.05,1.1207589115429561,72.7825328212222
2026-04-02,3583,470.0,480.0,461.0,461.0,2365031.0,1114587189.0,471.2,458.75,412.925,354.46666666666664,357.3958333333333,335.87291666666664,54.285714285714285,79.3103448275862,35.3270663852112,31.33066441407776,3.9964019711334373,30.406377499960286,15.702909588287467,35.35727056216344,,519.7629367867153,412.925,306.0870632132847,3095719.6,3444331.75,0.7639680932342838,471.2780462497109
2026-04-02,3587,278.0,289.0,278.0,289.0,2877995.0,819096374.0,267.0,248.45,225.975,214.25833333333333,211.12916666666666,209.56458333333333,77.8409090909091,72.45508982035929,18.07596300486236,9.217106080487094,8.858856924375266,38.164639058780004,12.256980108336116,40.724420902294156,,291.0712647485286,225.975,160.87873525147137,2247397.0,3208302.6,1.2805903896819297,284.6066007758874
2026-04-02,3588,47.0,47.15,46.0,46.35,127906.0,5942985.0,47.58,48.775,49.38250000000001,49.955,49.7825,49.554375,25.396825396825406,50.51194539249146,-0.9811638407114174,-0.6197336246517265,-0.36143021605969083,18.794727070908703,27.818957029639662,14.607040489877566,,53.46175109225729,49.38250000000001,45.30324890774273,169740.0,254422.8,0.7535407093201367,46.463692086375936
2026-04-02,3591,20.65,22.05,20.15,21.3,7428283.0,158579529.0,20.42,20.735000000000003,19.6125,19.154999999999998,18.654999999999998,19.13583333333333,55.35714285714287,69.62616822429906,0.47595900588967766,0.37659626664051976,0.0993627392491579,35.85830233184717,19.90090368483652,24.98458954715265,,22.5908207914598,19.6125,16.6341792085402,3250775.2,3295820.4,2.285080494031085,21.348073168456292
2026-04-02,3592,227.0,227.0,217.0,218.0,410096.0,90485115.0,221.0,216.65,219.275,223.125,242.1625,293.2625,64.91228070175438,58.06451612903226,-1.7257035964315435,-2.645656972286537,0.9199533758549934,28.54091473141322,26.118779362468835,16.04982873295345,,233.72445819417283,219.275,204.82554180582719,446695.2,458099.65,0.918066726483741,220.64373951465024
2026-04-02,3593,13.3,13.3,12.6,12.9,42207.0,546653.0,13.09,12.969999999999999,,,,,54.285714285714306,56.140350877192986,0.42071080259960425,0.45309266896084965,-0.032381866361245404,29.936855894360626,26.19414382110245,21.231729683258106,,,,,21464.0,23262.65,1.9664088706671636,12.951714170635203
2026-04-02,3594,42.5,45.35,42.2,44.95,1203661.0,52839488.0,42.620000000000005,41.575,41.2375,40.075,39.9625,39.90625,85.18518518518516,61.51515151515153,0.9441993446614418,0.505207971460733,0.4389913732007088,28.144170983826257,10.903667007193938,35.55630863156991,,45.37129843167084,41.2375,37.10370156832916,764396.6,541023.7,1.5746550939656194,43.89897820067278
2026-04-02,3596,170.0,174.0,165.0,165.0,3992123.0,673305093.0,161.9,174.05,186.975,183.325,196.925,203.83291666666668,34.09090909090909,31.395348837209312,-6.5793740851517555,-2.4419965711178926,-4.137377514033863,26.7176638472263,35.51743180209845,25.901327985837007,,221.37431914870908,186.975,152.5756808512909,3625051.4,3072010.15,1.1012596952418385,168.6584038117062
2026-04-02,3597,23.65,23.7,23.6,23.6,21110.0,499621.0,23.39,23.214999999999996,23.575,24.2475,24.373750000000005,24.436875,90.90909090909082,47.67441860465117,-0.28468338920605873,-0.3487902988846273,0.06410690967856858,22.248271192874203,25.074973916570965,24.202793200396776,,25.12232366566139,23.575,22.027676334338608,20266.0,32779.1,1.0416461067798284,23.66750355281857
2026-04-02,3605,57.9,60.9,56.2,60.1,2386895.0,141303430.0,57.36,58.55,60.459999999999994,61.86666666666667,66.27166666666666,61.71875,58.40707964601769,51.595744680851055,-1.5181998887932977,-1.2851866423524014,-0.23301324644089627,22.69058386398501,28.527797581904395,21.094796673681213,,66.58824350210139,60.459999999999994,54.3317564978986,1217164.6,1427414.9,1.9610289356098591,59.19968410843376
2026-04-02,3607,14.25,14.3,14.0,14.15,255122.0,3598982.0,14.190000000000001,14.309999999999999,14.117499999999998,14.194999999999999,13.834166666666668,14.531875000000001,31.578947368421012,64.86486486486487,0.024128156208170992,0.025942779303047118,-0.0018146230948761256,18.436913237289357,21.680997154296037,10.863534196360632,,14.94611647531173,14.117499999999998,13.288883524688266,277172.6,311814.95,0.9204445172430464,14.106905715696804
2026-04-02,3609,25.8,27.25,25.3,26.95,200222.0,5273786.0,27.659999999999997,27.97,29.9125,33.68416666666666,34.61708333333333,35.08354166666666,28.81355932203391,22.754491017964057,-1.89967146690865,-1.771060664360554,-0.1286108025480961,6.063105331719402,30.290331034349816,58.457945393343934,,35.22731296398146,29.9125,24.59768703601854,243133.2,179911.1,0.823507443656399,26.339692940835672
2026-04-02,3611,186.5,188.0,186.5,188.0,23732.0,4439615.0,187.5,187.9,189.775,192.14166666666668,192.82083333333333,193.16041666666666,50.0,32.0,-1.3621353169936583,-1.2769468601144842,-0.08518845687917409,17.38868917093688,22.84382088382637,31.02725929978259,,195.0112602162834,189.775,184.5387397837166,29239.2,46763.6,0.8116501135461982,187.07293949098263
2026-04-02,3615,32.35,32.55,30.9,31.3,1514805.0,47661568.0,31.720000000000006,31.890000000000004,31.995000000000005,27.97416666666667,26.86208333333333,26.30604166666667,55.932203389830526,46.30541871921183,0.9265348786088197,1.2938688557782216,-0.36733397716940197,27.605330710625577,18.22183562169225,40.865022290877945,,36.302019973558444,31.995000000000005,27.687980026441565,1910883.0,4343890.3,0.7927251432976273,31.4638306580715
2026-04-02,3617,173.5,174.0,168.5,168.5,148762.0,25232949.0,171.0,172.1,179.25,191.78333333333333,207.45,235.60041666666666,42.857142857142854,38.83495145631068,-6.205326233736116,-5.836116509343572,-0.36920972439254385,14.003464859385941,32.245747234560405,27.027222210078158,,196.83438302347093,179.25,161.66561697652907,209569.0,221111.45,0.7098473533776465,169.61958699130153
2026-04-02,3622,57.8,57.8,56.4,56.6,146837.0,8316533.0,57.3,58.2,58.864999999999995,62.61000000000001,59.54416666666667,56.710625,33.33333333333333,51.515151515151516,-1.3275374964960491,-1.2086595651093548,-0.11887793138669434,19.59619892955756,37.42292248911028,17.212390280757045,,62.02079667145725,58.864999999999995,55.70920332854274,219877.8,320320.35,0.6678118482175099,56.637856943413446
2026-04-02,3623,22.4,22.9,22.05,22.2,44227.0,985848.0,22.57,23.384999999999998,24.335,24.975000000000005,25.162500000000005,25.25625,31.34328358208957,27.956989247311824,-0.7392721906440407,-0.4583073679700017,-0.280964822674039,12.22218396415833,21.01678117836986,20.93546341991747,,27.049502959252298,24.335,21.620497040747704,65736.2,151351.95,0.6727952026432925,22.290636941234993
2026-04-02,3624,49.5,50.8,49.3,49.55,2329271.0,116359314.0,48.83,49.255,52.269999999999996,54.25666666666667,54.928333333333335,55.26416666666667,67.05882352941174,38.90063424947145,-1.6855245447827016,-1.532262827186988,-0.1532617175957136,22.95685547094944,26.90117935662309,23.844999457974993,,61.48614144628298,52.269999999999996,43.05385855371701,1653162.6,2306561.55,1.4089787659120765,49.95524951798224
2026-04-02,3625,16.7,16.7,16.35,16.45,245331.0,4050406.0,16.93,17.025,17.244999999999997,18.2875,18.51875,18.634375,38.461538461538446,44.85981308411214,-0.4364392065598075,-0.4084098389661631,-0.028029367593644383,16.751679351550305,31.707926887416814,31.184517051697295,,18.921744966955504,17.244999999999997,15.568255033044492,340398.6,369647.45,0.72071683021023,16.50996408933237
2026-04-02,3628,69.2,69.3,67.5,68.1,436328.0,29792745.0,68.1,66.97999999999999,66.41999999999999,65.05,64.775,64.6375,81.48148148148141,54.81481481481481,0.8760567505216414,0.6074626937579005,0.26859405676374093,20.258729235058333,14.174137441722296,26.64260695896989,,69.9159224368127,66.41999999999999,62.92407756318726,343596.8,194696.8,1.2698837707452457,68.28061687537816
2026-04-02,3629,,,,,,,,,,,,,100.0,100.0,-0.5761198449588392,-0.6418630746088726,0.06574322965003343,35.087177908096315,13.459690920041595,76.62151294996868,,,,,,,,
2026-04-02,3630,28.4,28.55,27.9,27.9,405215.0,11381133.0,28.159999999999997,28.82,30.080000000000002,31.594166666666663,31.87208333333333,32.011041666666664,31.57894736842097,32.967032967032964,-1.1129885639607089,-0.9001425063353858,-0.21284605762532305,12.788131086471427,24.701292915824997,31.11940801661608,,33.87201376857373,30.080000000000002,26.287986231426277,417729.0,860834.25,0.9700427789308379,28.086652764581764
2026-04-02,3631,26.3,27.05,26.3,26.55,35100.0,927869.0,27.27,27.985000000000003,27.975,28.199166666666667,28.22458333333333,28.237291666666668,16.393442622950815,40.384615384615394,-0.31021276225216,-0.13184504287855392,-0.17836771937360607,12.778131003000121,17.858028411711413,28.078764794317095,,30.032208123442523,27.975,25.91779187655748,42460.0,138240.85,0.8266603862458785,26.435014245014244
2026-04-02,3632,9.11,9.3,9.08,9.3,68266.0,623299.0,9.412,9.374,9.576,,,,44.52554744525555,38.61386138613864,-0.02171815451221626,0.018162496496793547,-0.03988065100900981,22.872007978777276,44.39943170044809,43.095177082762525,,10.267311491982719,9.576,8.884688508017282,43159.6,21153.05,1.581710673870935,9.13044560982041
2026-04-02,3645,74.6,77.3,72.9,73.2,7517795.0,564301248.0,73.84,75.8,73.765,62.63333333333333,63.485833333333325,62.599583333333335,36.84210526315788,57.475083056478404,3.0011406508660343,3.9902231688400436,-0.9890825179740093,22.84454903405891,16.11154555993723,30.03827351782616,,87.14169221956021,73.765,60.388307780439796,4941477.2,12182373.35,1.5213659186771114,75.0620691306427
2026-04-02,3646,23.5,23.65,23.3,23.45,26101.0,611012.0,23.79,24.105,,,,,4.347826086956573,11.111111111111228,-0.28391982920308934,-0.15922121044479198,-0.12469861875829735,4.131942043701225,29.412297969905797,59.63849026624691,,,,,18660.6,,1.3987224419364865,23.40952453928968
2026-04-02,3652,26.9,26.9,26.55,26.7,27049.0,721212.0,26.839999999999996,26.939999999999998,27.159999999999997,28.246666666666666,29.116666666666667,29.999375,53.333333333333265,56.382978723404236,-0.3767313041873237,-0.38291167427546724,0.006180370088143539,18.37792081855124,24.688480683494525,15.044236477499542,,28.41555607307305,27.159999999999997,25.904443926926945,30307.6,50474.85,0.8924824136520213,26.663166845354727
2026-04-02,3653,4055.0,4065.0,3710.0,3710.0,1635526.0,6259854758.0,3877.0,3888.0,3590.75,3105.0833333333335,2706.5416666666665,2002.9154166666667,33.783783783783775,64.56043956043956,226.6603057051866,236.67925204523127,-10.018946340044664,27.398932716906266,23.65995695616293,24.190252942267854,,4299.397897128937,3590.75,2882.102102871063,1510227.8,1853341.4,1.0829664240057029,3827.426013404862
2026-04-02,3661,2815.0,2830.0,2700.0,2705.0,2298688.0,6343803222.0,2742.0,2975.5,3121.5,3223.5833333333335,3359.4166666666665,3198.6375,29.23076923076924,43.095238095238095,-147.29939941505927,-85.22564987248329,-62.07374954257598,23.455379122876224,32.92541157322794,14.82474517929303,,3670.1644070640514,3121.5,2572.8355929359486,3005908.8,2074196.3,0.764723134647332,2759.7495710596654
2026-04-02,3663,71.1,71.8,66.3,70.2,6253892.0,430916445.0,71.02000000000001,72.01,67.32,60.891666666666666,58.69583333333333,57.59791666666667,44.11764705882355,70.89783281733746,3.0092298485476476,3.2018399443822076,-0.19261009583456,22.914342813448016,16.02389101914794,34.49174066846098,,81.71087430137217,67.32,52.929125698627814,5268735.2,5801396.45,1.1869816497894978,68.90372347331869
2026-04-02,3664,8.82,8.82,8.68,8.68,26396.0,232534.0,9.898,11.189,12.522,14.543166666666668,15.146583333333332,15.448291666666666,0.0,0.8237232289950498,-1.4112632476607736,-0.9552309071102926,-0.45603234055048103,8.17846007493808,45.0505142006191,52.03203996806246,,16.338240089545277,12.522,8.705759910454724,107437.6,108263.15,0.24568679866266557,8.809440824367329
2026-04-02,3665,1980.0,2075.0,1900.0,1915.0,4922718.0,9730963570.0,1861.0,1815.5,1703.0,1532.5833333333333,1388.4166666666667,1049.8333333333333,69.89247311827957,67.58241758241758,110.65353442165406,95.36883724503535,15.284697176618707,34.349855740950915,12.27422562116565,28.929879905008082,,2030.7258160815502,1703.0,1375.2741839184498,3295036.4,4549348.65,1.4939798540617033,1976.746092301042
2026-04-02,3666,25.8,26.05,25.75,25.75,27328.0,706837.0,25.82,25.77,26.435000000000002,27.503333333333334,27.80166666666667,27.950833333333332,50.0,20.930232558139522,-0.5216113101369153,-0.5142492228054077,-0.007362087331507561,10.175914317338929,23.70540766678125,43.119033492002146,,28.05009328392805,26.435000000000002,24.819906716071955,27996.8,90186.4,0.976111555606355,25.86493706088993
2026-04-02,3669,33.1,33.1,32.45,32.7,43148.0,1409643.0,32.85,33.535000000000004,33.67,32.85333333333333,31.80375,33.366458333333334,38.57142857142866,50.251256281407066,-0.27953592189432186,-0.05668664677222348,-0.22284927512209837,19.098677930343964,28.020993682801492,14.228959136825297,,35.32064580663117,33.67,32.019354193368834,77886.4,88611.65,0.5539863185357136,32.66994993974228
2026-04-02,3672,11.25,11.3,10.9,10.95,56030.0,625428.0,10.940000000000001,11.149999999999999,11.569999999999999,11.726666666666667,11.763333333333332,11.781666666666666,30.76923076923073,23.529411764705827,-0.2563707732272391,-0.1823099512662277,-0.07406082196101141,11.30027295605072,22.9167789367154,39.96019105895729,,12.648693166460424,11.569999999999999,10.491306833539573,46618.0,52837.45,1.2018962632459564,11.162377297876137
2026-04-02,3673,43.5,44.7,43.5,44.3,2805508.0,124000306.0,44.519999999999996,44.905,42.445,41.467499999999994,40.197916666666664,37.01583333333334,43.54838709677415,68.75,1.1590752959298811,0.9931249651487978,0.16595033078108334,25.121698185463405,15.446961934192673,24.190193345459555,,48.16301400929805,42.445,36.72698599070195,3680500.8,4301398.8,0.7622625703545561,44.198878064150946
2026-04-02,3675,201.5,203.5,192.0,193.0,835876.0,163075952.0,193.8,199.0,190.975,161.75833333333333,154.37916666666666,150.68958333333333,27.77777777777777,56.08465608465608,9.773949815590584,11.685684430524185,-1.9117346149336019,21.51285112242721,15.048513927144395,38.81482689780687,,221.51483593517452,190.975,160.43516406482547,750925.6,1216869.6,1.1131275854758447,195.09586589398427
2026-04-02,3679,117.5,117.5,116.5,117.0,41400.0,4847464.0,117.8,118.7,118.55,116.075,116.45833333333333,124.20333333333333,39.99999999999999,47.368421052631575,0.48690172858366054,0.8157677814245151,-0.3288660528408546,22.414079376997233,17.506405531770476,26.965055786716622,,121.3578836383157,118.55,115.7421163616843,36389.4,78702.9,1.1376939438407887,117.08850241545893
2026-04-02,3680,419.0,428.0,386.0,390.5,3888627.0,1541378205.0,394.3,394.2,394.975,401.96666666666664,404.23333333333335,405.3666666666667,54.63917525773196,48.27586206896551,-2.195132905515777,-2.4074641738570106,0.2123312683412335,21.527703938916513,13.353564392424206,26.75903920132802,,423.1688309788357,394.975,366.7811690211644,2885576.2,1590859.75,1.3476084949688731,396.38108900647967
2026-04-02,3684,59.8,59.8,56.0,56.4,433197.0,24744502.0,59.04,60.71,61.285000000000004,56.13333333333333,54.71666666666666,54.008333333333326,9.999999999999986,41.52542372881355,0.5226531808960004,1.4135706533301176,-0.8909174724341171,21.59906364628985,20.720377474697255,36.20269641703904,,68.24269925674928,61.285000000000004,54.32730074325074,309118.2,335984.7,1.4013959708616315,57.1206679639979
2026-04-02,3685,26.8,26.8,25.3,26.1,393451.0,10226660.0,27.03,28.925,31.385,35.744166666666665,36.872083333333336,37.43604166666667,10.57692307692308,23.928571428571402,-2.6469515887701363,-2.122402943065975,-0.524548645704161,5.144106932666115,30.1651686803242,69.48737533471649,,38.14643086694088,31.385,24.623569133059117,336870.6,300680.45,1.167958854230675,25.992207415917104
2026-04-02,3686,17.8,17.8,17.35,17.4,255146.0,4473575.0,18.03,18.505000000000003,18.9125,19.055,18.639166666666664,17.360333333333337,30.434782608695542,41.13475177304963,-0.45036658929044293,-0.28271179936617813,-0.1676547899242648,20.236143313952624,19.888097456129692,18.281638106174622,,20.906405186997674,18.9125,16.91859481300233,223728.8,600312.2,1.1404253721469924,17.53339264577928
2026-04-02,3687,68.4,69.5,68.1,68.1,83942.0,5737718.0,67.82000000000001,68.25,69.28999999999999,72.44166666666666,73.37083333333334,73.83541666666666,31.818181818181685,41.847826086956516,-1.2405835115816615,-1.295402770896044,0.054819259314382585,22.801051050275284,17.87593287518961,25.972003391323252,,73.8534243836469,69.28999999999999,64.72657561635309,85765.2,172295.85,0.9787419606087318,68.35336303638226
2026-04-02,3689,136.0,142.5,132.0,135.0,12698720.0,1738957264.0,125.6,121.5,115.525,113.96666666666667,113.73333333333333,113.61666666666666,84.05797101449275,67.05882352941177,4.413070423092535,1.7648284447690763,2.6482419783234583,32.64771668825582,17.714405735608967,28.025058340332322,,137.35562792934513,115.525,93.6943720706549,8684632.0,5492930.15,1.4622058827593385,136.93957060239143
2026-04-02,3691,117.0,118.0,115.0,118.0,803965.0,94736370.0,115.1,114.7,116.275,115.24166666666666,115.62083333333334,115.81041666666667,64.44444444444444,51.19047619047619,0.29783770226352146,0.043976628310083594,0.2538610739534379,23.57455020466871,20.25962146151529,23.71650907209928,,127.91646400632355,116.275,104.63353599367646,911379.0,1470677.8,0.882141238716275,117.83643566573171
2026-04-02,3693,572.0,585.0,555.0,566.0,3143395.0,1794800254.0,537.4,532.2,481.3,417.40833333333336,401.20416666666665,393.1020833333333,82.08955223880596,64.42812172088142,39.65567958093396,32.75377721825336,6.901902362680602,33.6158742582661,16.121572716385227,30.01220354315289,,617.3543235158974,481.3,345.24567648410266,2187437.0,2522775.9,1.437021957660952,570.9750934896823
2026-04-02,3694,55.7,56.5,53.6,53.6,783485.0,42802974.0,55.3,55.56,56.769999999999996,59.54666666666667,68.5625,63.11333333333333,44.68085106382978,48.14814814814815,-1.366094413037679,-1.2694666912234702,-0.09662772181420887,19.30697763175505,28.06990255864905,9.715775990706687,,61.488206617373265,56.769999999999996,52.05179338262673,717213.6,835937.45,1.0924012037697,54.631516876519655
2026-04-02,3701,57.1,57.7,53.3,53.3,3279480.0,180452436.0,57.44,59.470000000000006,59.55,49.23083333333333,43.85125,,40.625,51.010101010101,1.1622713491189387,2.448609417784475,-1.2863380686655361,22.916160868073366,26.410213057975795,26.500520042620632,,68.16491973875974,59.55,50.935080261240266,3897736.4,11299487.4,0.8413806536532332,55.02471001500238
2026-04-02,3702,90.8,90.9,87.4,88.0,12365975.0,1096271814.0,89.67999999999999,91.0,82.17999999999999,69.45333333333333,66.63666666666667,67.10333333333334,41.91616766467065,71.49643705463183,6.435620720448227,6.527692159741136,-0.09207143929290851,38.130753534680814,18.95270345048952,43.89277965015598,,103.03938889956184,82.17999999999999,61.32061110043814,15718711.0,18644635.8,0.7867041387808453,88.65227481051838
2026-04-02,3703,22.3,22.45,22.2,22.25,447026.0,9957951.0,22.389999999999997,22.575,22.3925,22.653333333333332,22.512083333333333,23.586666666666666,36.84210526315784,52.577319587628864,-0.043388170798269954,-0.030634678345742964,-0.01275349245252699,23.2006335704703,27.983911882988323,8.57238880695347,,23.114540237980474,22.3925,21.670459762019522,757683.0,1301113.05,0.5899908009022243,22.275999606286884
2026-04-02,3704,33.1,33.7,32.4,32.4,1813693.0,59723523.0,32.87,32.910000000000004,32.9375,34.18416666666667,34.46458333333333,32.28395833333333,52.1739130434783,59.35483870967744,-0.3951106785735803,-0.43692155994474435,0.041810881371164066,18.827610494713724,23.80863058873538,11.330856200543009,,34.65731486151607,32.9375,31.217685138483933,3411073.0,2520753.15,0.5317074715199587,32.92923499180953
2026-04-02,3705,54.5,55.7,54.5,55.5,365120.0,20221428.0,54.660000000000004,53.7,53.910000000000004,55.605,56.05916666666666,58.06270833333334,84.99999999999997,63.76811594202895,-0.24541774276548267,-0.5491711978751944,0.30375345510971175,26.87012560172244,20.238681463953306,28.858823451791352,,55.79947221814883,53.910000000000004,52.02052778185118,293086.4,285932.65,1.2457759896057954,55.382964504820336
2026-04-02,3706,76.9,77.2,74.5,74.7,6335854.0,476899776.0,76.16,78.25999999999999,79.595,82.24499999999999,86.53333333333333,76.34229166666665,28.828828828828833,42.25352112676058,-1.391370244707673,-0.8239557605520789,-0.5674144841555941,17.821965073779676,37.94633079141806,16.1929553947569,,84.94249326418594,79.595,74.24750673581406,8009718.8,11824414.4,0.7910207784073519,75.2700071687258
2026-04-02,3707,50.4,51.9,50.3,50.7,3264245.0,167275888.0,52.260000000000005,55.8,55.86,56.144999999999996,56.4725,56.63625,15.596330275229334,39.590443686006836,-0.9333023745535911,-0.07145005988290688,-0.8618523146706842,14.594653755881204,28.163468650259954,27.608359305891664,,63.05280342096402,55.86,48.66719657903598,3373947.0,4681250.9,0.9674855591981736,51.24489368904601
2026-04-02,3708,123.0,124.5,116.0,116.0,1803406.0,214811532.0,121.3,120.4,121.3,114.54166666666667,116.9625,102.48625,46.15384615384615,46.95652173913044,1.233748599353234,1.8160080404750634,-0.5822594411218294,21.81462527767207,20.722572572981054,12.491136085533583,,128.9047076832313,121.3,113.69529231676869,1798699.4,1858483.15,1.002616668466115,119.11434918149324
2026-04-02,3709,69.0,70.2,67.9,68.1,1827848.0,126163774.0,67.3,68.33000000000001,69.0,66.025,65.4625,65.18125,56.75675675675676,46.7391304347826,0.44005417625501764,0.7666480541086401,-0.3265938778536225,23.825318603274688,13.104959995596587,43.41417421487489,,75.83304663497843,69.0,62.16695336502158,1777708.8,4281969.85,1.0282043943305,69.02312117856627
2026-04-02,3710,6.16,6.21,6.1,6.16,336562.0,2073317.0,6.287999999999999,6.186999999999999,6.355,6.708500000000001,6.804250000000001,6.852125,51.914893617021264,38.60182370820667,-0.1432930442129834,-0.15133347111984444,0.008040426906861048,25.74387816643021,23.667336227632184,27.323861637406896,,7.041087304556558,6.355,5.668912695443443,870937.2,457353.75,0.38643658808005904,6.160282503669458
2026-04-02,3711,375.5,375.5,356.0,361.0,24470659.0,8925309806.0,351.5,346.25,348.9,293.475,241.85416666666666,194.575,68.15286624203821,64.43661971830986,11.3309651669897,12.877439275693064,-1.5464741087033644,35.00852449530233,23.203432136684988,20.046465333032007,,383.6193257271359,348.9,314.18067427286405,20760392.2,21306716.05,1.1787185311460542,364.73516328268886
2026-04-02,3712,19.7,19.7,19.7,19.7,1449183.0,28552775.0,21.770000000000003,22.475,23.032500000000002,24.934166666666666,,,12.64367816091962,41.6243654822335,-1.0189950368013676,-0.8214337513556056,-0.197561285445762,13.893833374393097,40.16280364494336,20.847370188962643,,25.697729327547776,23.032500000000002,20.36727067245223,632370.4,724981.0,2.2916679844597407,19.70267040118467
2026-04-02,3713,13.9,14.0,13.65,14.0,90461.0,1251713.0,15.289999999999997,16.25,17.407500000000002,18.5875,18.84375,18.971875,27.966101694915224,21.8181818181818,-1.1040075573158425,-0.710328492489975,-0.39367906482586756,11.603885593835761,36.08074602221436,35.71790968525884,,20.919625612188383,17.407500000000002,13.89537438781162,148476.6,138697.95,0.609260987926717,13.837045798741999
2026-04-02,3714,51.7,54.2,50.0,54.2,45397542.0,2386194315.0,49.1,48.415,44.32,37.63166666666667,37.052499999999995,37.16395833333333,77.25631768953068,81.51571164510165,3.55390583068602,3.0609917401032747,0.49291409058274516,37.722752779987026,15.020725717675077,38.27360172222587,,54.830966704001604,44.32,33.8090332959984,17056948.4,14655255.7,2.66152777949425,52.56219191338597
2026-04-02,3715,183.0,185.5,172.0,172.0,32760078.0,5834592369.0,183.1,180.45,166.025,141.11666666666667,119.78666666666666,88.20229166666667,53.5031847133758,60.24844720496895,10.494527108401684,10.602399236251628,-0.10787212784994438,29.92933791809841,17.076136320203954,37.90801174702127,,200.4778281628822,166.025,131.57217183711782,53304642.4,41655656.8,0.614582080002848,178.1006861155825
2026-04-02,3716,32.95,33.15,32.85,32.85,70466.0,2323112.0,32.96,33.055,33.4525,33.73166666666667,33.73083333333334,34.867916666666666,42.857142857143,34.61538461538463,-0.2443700586028399,-0.19103723319663993,-0.05333282540619996,10.807092029367201,22.767275221101542,27.536766403220447,,34.3652604170579,33.4525,32.539739582942104,161791.6,130363.8,0.43553559022841726,32.967842647517955
2026-04-02,4102,19.45,19.45,19.0,19.3,63019.0,1206312.0,19.25,19.225,19.560000000000002,19.796666666666667,19.823333333333334,19.836666666666666,80.00000000000028,26.666666666666643,-0.19702587989225862,-0.18177292747814874,-0.015252952414109872,4.653914582878416,11.869202856428078,57.41781752941278,,20.36759552148077,19.560000000000002,18.752404478519235,43411.4,56932.4,1.4516693771682092,19.142036528665958
2026-04-02,4104,77.5,78.0,77.5,77.9,251402.0,19585201.0,77.56,76.73,76.97,79.08999999999999,82.06,83.790625,77.49999999999994,60.29411764705885,-0.30036153718889125,-0.6080816278826856,0.30772009069379436,23.465791987741795,17.79863608155912,30.785142765538072,,79.02513477596298,76.97,74.91486522403702,192869.2,243365.75,1.3034844340101996,77.90391882323928
2026-04-02,4105,75.0,75.6,74.5,74.5,994626.0,74509008.0,74.22,76.99000000000001,79.97,82.74833333333332,83.42416666666666,83.76208333333332,19.047619047618994,18.439716312056703,-2.4606175722138346,-1.7793549510679743,-0.6812626211458603,10.491578153749579,35.37511347534157,54.4248973395624,,87.62962758473552,79.97,72.31037241526448,1546575.6,1227381.2,0.6431150213413427,74.91158284621557
2026-04-02,4106,22.35,22.35,22.15,22.3,60780.0,1350295.0,22.190000000000005,22.285,22.465,22.485,22.16541666666667,22.44375,45.454545454545396,42.553191489361765,-0.14433763828042956,-0.11058089070863314,-0.03375674757179642,14.338141923931541,24.792048294263992,24.814192293050272,,23.005077967081327,22.465,21.924922032918673,71337.0,74502.25,0.85201227974263,22.21610727212899
2026-04-02,4107,121.5,122.5,120.5,122.5,71686.0,8705576.0,120.5,119.35,119.85,119.35833333333333,119.17916666666666,119.08958333333334,76.47058823529412,54.54545454545455,0.3698140070744387,-0.009645573989970731,0.3794595810644094,25.097876995846498,14.738743518737513,19.70046510712528,,124.05651124354912,119.85,115.64348875645086,57411.6,74351.15,1.2486326805035917,121.44039282426137
2026-04-02,4108,12.65,12.85,12.65,12.65,75708.0,964166.0,12.8,12.995000000000001,13.3125,13.754166666666666,14.335416666666667,14.265625,27.77777777777777,38.888888888888864,-0.3118544036191544,-0.2506365783687174,-0.06121782525043701,16.421457219453977,30.483576385099298,19.678863187720953,,14.24826594014566,13.3125,12.37673405985434,125904.2,159789.3,0.6013143326433907,12.735325196808791
2026-04-02,4109,12.5,12.55,12.4,12.45,99314.0,1237500.0,12.61,12.905000000000001,13.125,13.688333333333333,13.844166666666666,13.922083333333331,0.0,34.54545454545452,-0.3146327741276398,-0.2515010812720034,-0.06313169285563641,10.19560237453604,39.073907930416155,52.0464830866382,,14.012634348615528,13.125,12.237365651384472,110188.4,166302.65,0.9013108457877599,12.460478885152144
2026-04-02,4111,29.4,29.4,29.0,29.35,138128.0,4034388.0,29.3,29.315000000000005,29.5525,29.67833333333333,29.714166666666664,29.732083333333335,85.71428571428557,41.55844155844158,-0.1262070510586959,-0.10700618478767283,-0.019200866271023062,16.843292469534717,25.36316205945389,27.24819689664761,,30.26292981800864,29.5525,28.842070181991357,144076.8,148411.8,0.9587109097370292,29.207604540715856
2026-04-02,4113,16.25,16.45,16.25,16.45,227015.0,3712938.0,16.759999999999998,17.0,18.185,19.8325,20.26625,20.483124999999998,37.499999999999915,28.455284552845498,-0.9661928802628026,-0.8348378651641991,-0.13135501509860348,6.190998496857859,33.75251890582637,57.17144285010064,,20.898339368069497,18.185,15.4716606319305,242609.0,660623.55,0.9357237365472839,16.35547430786512
2026-04-02,4114,31.05,31.1,30.85,30.95,783267.0,24246125.0,31.029999999999994,30.96,31.252499999999998,31.7425,31.821250000000003,31.860625000000002,59.9999999999999,34.6153846153846,-0.25195701444063445,-0.2528072253796386,0.0008502109390041701,16.295273133269607,23.49546594632906,28.660508411544228,,32.249587864997984,31.252499999999998,30.25541213500201,648960.2,823266.7,1.2069569135364542,30.955121306016977
2026-04-02,4116,39.6,39.8,39.5,39.55,26132.0,1034144.0,39.48,39.57,40.2,41.47,41.76,41.905,50.0,38.749999999999936,-0.6114582757258518,-0.6137762450572525,0.0023179693314007155,14.787039378717731,22.605152224751613,31.655243489433445,,42.38511712320079,40.2,38.01488287679921,23879.2,31580.3,1.0943415189788603,39.573855808969846
2026-04-02,4119,51.7,52.1,51.5,51.6,55002.0,2846154.0,51.620000000000005,51.95,52.645,51.0975,54.00625,61.412708333333335,40.624999999999964,47.9591836734694,-0.12293759039798857,0.1324761618555917,-0.25541375225358026,20.739029612937117,26.6934456274245,14.157955976366038,,55.11884210022473,52.645,50.171157899775274,107812.2,165015.8,0.5101648978501505,51.74637285916876
2026-04-02,4120,47.2,47.35,47.1,47.1,6440.0,303709.0,46.78000000000001,46.67,45.730000000000004,45.03666666666667,44.89333333333333,44.821666666666665,64.44444444444446,62.85714285714284,0.6344120433882097,0.5150449763742143,0.11936706701399535,37.400818664179084,11.862943468903541,34.24129614198523,,48.68250116983798,45.730000000000004,42.77749883016203,14464.0,37036.8,0.4452433628318584,47.15978260869565
2026-04-02,4121,15.55,15.6,15.45,15.55,89598.0,1391693.0,15.73,16.305,17.947499999999998,18.509166666666665,18.754583333333336,18.877291666666668,17.647058823529278,5.660377358490507,-0.893732662388647,-0.5898097016921606,-0.3039229606964864,10.364839432485098,27.497401720098257,39.05339720424507,,21.709844593748052,17.947499999999998,14.185155406251942,122358.8,552394.2,0.7322562823434031,15.532634657023594
2026-04-02,4123,40.1,40.85,39.9,39.95,2086516.0,83957636.0,40.35,41.27,43.33,40.77166666666667,40.11083333333333,39.780416666666675,0.0,5.882352941176492,-0.3593449826278743,0.25276585625586584,-0.6121108388837402,19.448468863755956,24.708237021088706,27.109512942200023,,48.96713252974372,43.33,37.692867470256274,1909909.6,8617218.5,1.092468460287335,40.23819419549143
2026-04-02,4126,80.5,80.5,80.0,80.2,95538.0,7659890.0,80.04,80.3,80.73,80.73666666666666,80.76833333333333,80.78416666666666,33.33333333333373,38.46153846153851,-0.19114772458577534,-0.09796194901978685,-0.09318577556598849,18.60589190933714,27.30679515958265,27.307299927203594,,82.12034263100108,80.73,79.33965736899893,100122.8,83784.95,0.9542082322907469,80.17636961209152
2026-04-02,4127,35.8,38.4,35.8,36.3,102768.0,3758555.0,35.96999999999999,35.655,35.989999999999995,37.01166666666666,37.18083333333334,37.26541666666666,85.71428571428557,51.68539325842695,-0.33514723032352123,-0.44577629523310724,0.11062906490958602,14.7590728213626,7.0809207632366995,22.09107930490439,,37.40145688078518,35.989999999999995,34.57854311921481,69060.8,69677.4,1.4880800685772535,36.57320372100265
2026-04-02,4128,16.9,16.95,16.65,16.9,603679.0,10147192.0,16.869999999999997,16.915,17.3675,18.645833333333332,19.022916666666667,19.211458333333333,55.555555555555465,37.3333333333333,-0.49569805565653624,-0.5152255242459365,0.019527468589400243,12.506771676398765,19.688059337649666,41.45444104113737,,18.643709436697467,17.3675,16.091290563302532,590807.4,1138493.15,1.0217864569739648,16.80891997236942
2026-04-02,4129,104.0,104.0,100.5,102.5,215383.0,21995815.0,102.1,102.85,105.7,107.70833333333333,108.10416666666667,108.30208333333333,75.0,46.03174603174603,-1.7780649828636257,-1.3291751161397463,-0.4488898667238794,18.128611630404407,23.90758783378103,28.566865881571925,,114.61125840248103,105.7,96.78874159751898,189229.8,244943.6,1.1382086753777683,102.12419271715966
2026-04-02,4130,33.9,34.3,33.75,34.05,752173.0,25655090.0,33.8,32.64,32.63250000000001,31.913333333333338,31.68166666666667,31.565833333333334,82.97872340425525,47.63948497854076,0.4540243261045944,0.260401005764236,0.1936233203403584,19.560058479408884,14.944969660424604,29.49027085075338,,35.59263424304409,32.63250000000001,29.672365756955923,869703.8,1493829.55,0.8648611170837703,34.107964524118785
2026-04-02,4131,35.7,35.8,34.75,35.6,194034.0,6913562.0,35.55,35.815000000000005,36.71,38.45,38.9,39.125,18.749999999999886,11.666666666666714,-0.8615797496664115,-0.8173179668204287,-0.04426178284598281,5.734827786999143,18.21151848864318,48.529239282043456,,39.19163782929532,36.71,34.228362170704685,168420.4,101558.2,1.1520813393151899,35.63067297483946
2026-04-02,4133,22.85,22.85,22.15,22.8,137652.0,3105597.0,22.79,22.93,23.5125,23.853333333333335,24.460833333333333,26.344375000000003,38.095238095238145,38.297872340425506,-0.5010381071289878,-0.4349480288501127,-0.06609007827887509,20.543124723370944,28.617699365699924,17.43752177396459,,25.22955837806482,23.5125,21.79544162193518,100598.2,100598.05,1.3683346222894646,22.561219597245227
2026-04-02,4137,105.5,108.0,105.5,106.0,134562.0,14376821.0,105.9,106.75,108.85,104.19500000000001,103.89416666666668,107.65875,50.0,29.787234042553195,-0.13306626289423207,0.570735763322688,-0.7038020262169201,19.956466620245344,20.746517148246557,20.59499123545256,,114.7891652789388,108.85,102.91083472106119,138457.8,256638.05,0.9718629069651548,106.84161204500528
2026-04-02,4138,62.5,62.8,62.4,62.5,27053.0,1691118.0,61.86,61.45,60.645,60.05499999999999,59.927499999999995,59.863749999999996,94.99999999999993,74.24242424242428,0.6316295883261205,0.4545964460034528,0.1770331423226677,30.784988388996975,15.496985986953229,43.06621131346935,,63.673617888705884,60.645,57.61638211129412,26231.8,38248.65,1.031305514680655,62.5112926477655
2026-04-02,4139,25.1,25.1,25.1,25.1,9035.0,226755.0,,,,,,,81.24999999999983,74.50980392156859,0.284757010199268,0.18610748884969242,0.09864952134957561,31.312190570790253,13.370712676584798,50.7731820311283,,,,,,,,25.097399003873825
2026-04-02,4142,18.95,19.05,18.8,18.9,1651835.0,31264846.0,18.610000000000003,18.455000000000002,18.1525,18.86583333333333,18.82,18.73479166666667,76.19047619047612,74.54545454545453,0.025176554670220952,-0.11222511334701271,0.13740166801723366,27.329236863743645,11.892334384811916,20.03374343510552,,18.930807881173003,18.1525,17.374192118826997,1506557.0,1416287.6,1.0964304702709555,18.927342016605774
2026-04-02,4147,55.0,56.1,54.3,55.0,857821.0,47175473.0,55.080000000000005,53.739999999999995,52.839999999999996,55.218333333333334,56.009166666666665,56.40458333333333,63.636363636363626,54.491017964071865,0.10010699829103231,-0.4065324228314805,0.5066394211225128,24.743938815526526,11.961552384251231,35.77930834169347,,56.629959033246124,52.839999999999996,49.05004096675387,1101892.6,1367445.25,0.7784978318213589,54.99454198486631
2026-04-02,4148,43.8,43.8,43.0,43.25,71015.0,3084084.0,43.25,42.555,40.307500000000005,39.218333333333334,,,84.09090909090905,65.18987341772151,1.4371885930469332,1.1100263080049444,0.32716228504198885,35.89558098595532,14.180604632301238,37.76600245133644,,46.30120503111386,40.307500000000005,34.31379496888615,128283.4,122147.3,0.5535790289312569,43.42862775469971
2026-04-02,4153,32.8,32.95,32.5,32.55,24401.0,795455.0,32.75,32.79,33.3975,33.33083333333334,33.26541666666667,33.232708333333335,60.869565217391255,36.89320388349517,-0.2548617986134829,-0.13696986199783567,-0.11789193661564723,13.500591399995713,23.990559809792686,26.7198502330273,,34.85730351958388,33.3975,31.937696480416122,19240.6,23013.6,1.2682036942714885,32.59927871808532
2026-04-02,4154,14.45,14.45,14.45,14.45,12544.0,181076.0,14.37,12.754999999999999,,,,,88.88888888888886,77.77777777777777,0.4171896790523686,-0.04304052050163019,0.4602301995539988,49.67270886107807,12.558104438244081,57.36444894448353,,,,,28126.4,,0.44598668866260877,14.435267857142858
2026-04-02,4155,13.25,13.4,13.25,13.35,41941.0,558378.0,13.26,13.325,13.642500000000002,14.389999999999999,14.681666666666667,16.107291666666665,46.15384615384609,40.9090909090909,-0.3023569746876671,-0.3017174816488412,-0.0006394930388258779,15.065790750309125,27.702032669611338,30.20643030285592,,14.476813458701047,13.642500000000002,12.808186541298957,124963.2,185235.6,0.33562680853243193,13.313416465987935
2026-04-02,4157,11.2,11.25,11.05,11.25,953845.0,10621126.0,11.23,11.265,11.5375,12.613333333333335,12.956666666666667,13.128333333333334,25.000000000000227,33.33333333333333,-0.36938918845012303,-0.402807467855139,0.03341827940501596,8.382151470676169,22.33726554567335,57.82998601328487,,12.354989739192023,11.5375,10.720010260807976,897507.0,1392843.35,1.0627716552628559,11.135064921449501
2026-04-02,4160,45.9,45.9,45.5,45.5,11301.0,518538.0,45.33,45.635000000000005,47.075,50.13833333333333,51.01916666666666,51.45958333333333,36.734693877551024,26.17449664429529,-1.3785083064340355,-1.3609637539521922,-0.01754455248184339,10.75525739319327,24.191977929600718,42.63090109802553,,50.795993076277036,47.075,43.35400692372297,18980.6,69896.2,0.5953974057722096,45.88425803026281
2026-04-02,4161,24.7,24.7,24.5,24.55,32639.0,802197.0,24.75,24.88,25.244999999999997,25.255000000000003,25.177500000000002,25.13875,31.999999999999986,37.83783783783787,-0.22676195086774698,-0.1403511454758282,-0.08641080539191878,8.224029990136183,20.221875218805927,48.766494713781384,,26.631362146049863,25.244999999999997,23.858637853950132,33183.4,48448.7,0.9835942067419251,24.57786696896351
2026-04-02,4162,57.8,58.3,57.1,57.2,270610.0,15585789.0,57.48,57.279999999999994,59.364999999999995,62.74666666666667,63.623333333333335,64.06166666666667,55.55555555555564,34.645669291338564,-1.6822324265608373,-1.6953143288800014,0.013081902319164174,10.303338369762427,24.17215768258801,46.940159616537386,,65.69630068951491,59.364999999999995,53.033699310485076,238366.0,350469.2,1.1352709698530832,57.59502235689738
2026-04-02,4163,107.5,110.0,107.5,109.5,36523.0,3978770.0,107.2,105.85,105.55,98.235,95.81750000000001,94.60875000000001,92.85714285714286,60.46511627906977,2.327819473416497,2.225882454284816,0.10193701913168107,30.165787631402402,9.180021632310712,57.93250880222147,,110.61692058458854,105.55,100.48307941541145,24313.8,31420.65,1.5021510417951947,108.93875092407524
2026-04-02,4164,31.05,31.4,30.9,30.95,512439.0,15951452.0,30.5,30.705000000000002,31.29,34.785833333333336,40.08125,43.07583333333333,56.060606060606034,53.51351351351351,-0.9725785073336723,-1.1327207242095103,0.16014221687583796,22.086340899259557,23.682063370157042,25.070507496859836,,33.31630075182422,31.29,29.263699248175776,601138.6,971375.5,0.8524473390995022,31.128489439718678
2026-04-02,4166,25.35,25.65,25.35,25.4,116410.0,2963794.0,25.630000000000003,25.27,25.01,26.24083333333333,26.570416666666667,26.735208333333333,61.24999999999998,54.430379746835435,-0.14923983492330706,-0.3124938621352976,0.16325402721199056,33.4037200738741,19.855151525142478,48.984875198548586,,26.9543846273172,25.01,23.065615372682803,753646.0,336585.5,0.15446243992537612,25.45996048449446
2026-04-02,4167,20.4,20.5,20.2,20.45,805893.0,16431162.0,20.68,20.835,20.270000000000003,20.360833333333332,20.455416666666668,20.50270833333333,33.33333333333333,52.439024390243894,0.17511863465271205,0.17462940164682045,0.0004892330058915983,25.138641207971908,20.745814866879055,27.88494612207295,,22.273785890442596,20.270000000000003,18.26621410955741,906335.8,1838272.6,0.8891770577748335,20.388763768887433
2026-04-02,4168,23.0,23.15,22.7,22.8,159993.0,3659191.0,23.41,23.740000000000002,24.332500000000003,26.296666666666667,26.848333333333336,27.124166666666667,21.153846153846175,32.283464566929126,-0.8511684407801248,-0.7719616895115284,-0.07920675126859633,12.698755796042155,32.5102795833963,42.889736906620314,,26.413561217137474,24.332500000000003,22.251438782862532,147795.8,227632.35,1.0825273789918253,22.870944353815478
2026-04-02,4171,18.65,18.9,18.5,18.6,46122.0,858799.0,18.660000000000004,18.705000000000002,19.067500000000003,20.84916666666667,21.37458333333333,21.637291666666663,50.0,21.052631578947413,-0.6030926567438755,-0.6506713615976595,0.047578704853784015,11.949122695991091,16.055948137041728,27.65869021823087,,20.288489676235525,19.067500000000003,17.84651032376448,49873.2,111427.85,0.9247852554077141,18.62015957677464
2026-04-02,4173,20.65,20.75,20.55,20.6,100824.0,2078996.0,20.55,20.54,20.91,21.15,21.2,21.225,71.42857142857143,15.789473684210577,-0.2068632098078922,-0.19358814200110655,-0.01327506780678564,13.87215554388677,18.880123670897163,24.12559545956759,,21.981938725664353,20.91,19.838061274335647,86894.4,113327.05,1.1603049218361599,20.620050781559947
2026-04-02,4174,38.0,38.55,37.55,38.0,345592.0,13110258.0,38.04,38.31,38.972500000000004,46.2125,48.35625,49.428125,34.28571428571436,37.50000000000002,-2.114783868035815,-2.392966509370348,0.2781826413345332,7.99757441391878,19.6202238961263,57.888357563433836,,41.31287221511095,38.972500000000004,36.63212778488906,318355.2,341566.5,1.0855547514223107,37.93565244565846
2026-04-02,4175,56.3,56.3,55.2,55.8,8866.0,494318.0,55.9,55.27,55.05,56.97,57.434999999999995,57.667500000000004,65.625,57.95454545454544,-0.3222657050315618,-0.6103142953363321,0.28804859030477026,23.028706376101475,23.586924450432484,31.54735802264698,,58.03734171569383,55.05,52.06265828430617,15119.6,40388.9,0.5863911743696923,55.754342431761785
2026-04-02,4183,15.45,16.0,15.3,16.0,17008.0,261876.0,,,,,,,100.0,47.82608695652171,-0.09882616706303082,-0.11649531306788011,0.017669146004849284,9.084088884881998,0.5177984343260121,80.28425798475807,,,,,,,,15.39722483537159
2026-04-02,4188,12.1,12.1,11.8,12.0,68117.0,816470.0,12.209999999999999,12.52,12.9275,13.588333333333335,13.744166666666667,13.822083333333333,0.0,7.142857142857238,-0.42866724907985265,-0.33598772196772636,-0.09267952711212629,7.737389166459821,34.54299345878425,51.45112869552217,,14.084390114419724,12.9275,11.770609885580276,52070.2,48445.85,1.3081762697281747,11.98628829807537
2026-04-02,4190,27.3,27.5,27.25,27.4,17863.0,488095.0,27.310000000000002,27.639999999999997,28.309999999999995,29.34,31.145833333333332,,24.999999999999886,21.276595744680833,-0.5739348454606414,-0.4982348126610553,-0.07570003279958615,18.76333073931548,30.64770948445962,26.78335711015635,,29.858377758886654,28.309999999999995,26.761622241113336,35543.8,41709.95,0.5025630349034149,27.32435761070369
2026-04-02,4192,20.45,20.45,20.45,20.45,1161.0,23634.0,20.380000000000003,20.28,,,,,91.66666666666657,69.99999999999993,-0.529553358400058,-0.6011195177019102,0.07156615930185217,19.500262488622173,37.08269078104994,56.961450369249086,,,,,3696.6,,0.3140723908456419,20.356589147286822
2026-04-02,4198,39.4,40.9,39.4,40.9,6991.0,282440.0,39.83,38.785000000000004,39.14,,,,69.09090909090912,49.78723404255317,1.3527765059680874,1.338524802754696,0.014251703213391309,22.027295428765473,14.368197788851752,28.228779568344002,,42.055584260306546,39.14,36.224415739693455,5994.6,10342.5,1.1662162613018383,40.400514947790015
2026-04-02,4205,77.5,77.5,76.6,76.7,45428.0,3498282.0,77.68,77.27000000000001,76.98,77.61666666666666,77.75833333333335,77.82916666666668,51.51515151515154,49.549549549549575,-0.08486761808065069,-0.1457256474878464,0.0608580294071957,32.987362892089735,21.99824611803981,32.04100426859052,,79.05704243171823,76.98,74.90295756828178,46256.8,31808.85,0.9820826343370055,77.00717619089548
2026-04-02,4207,18.25,18.25,17.7,18.0,755524.0,13595121.0,18.64,19.12,19.5475,19.08583333333333,18.94291666666667,18.871458333333337,11.111111111111256,9.090909090909193,-0.2199523320028014,0.025025573144575885,-0.24497790514737727,7.97662546000226,32.70038124771454,42.62153706483297,,20.974854933176452,19.5475,18.120145066823547,613914.4,466747.8,1.2306666857789945,17.994294026397572
2026-04-02,4303,54.1,54.4,53.4,53.6,586000.0,31503661.0,54.34000000000001,54.98,55.135000000000005,56.123333333333335,56.36166666666667,56.48083333333333,42.37288135593222,50.23041474654379,-0.522815895829865,-0.3238481983093037,-0.19896769752056126,22.181530241156267,24.30028004097499,20.444615406085717,,60.00305916151396,55.135000000000005,50.26694083848605,812000.0,984705.85,0.7216748768472906,53.76051365187713
2026-04-02,4304,29.9,29.9,27.0,27.0,37318.0,1047770.0,26.660000000000004,26.419999999999998,28.264999999999997,29.648333333333333,30.074166666666663,30.28708333333333,95.4545454545454,36.66666666666668,-0.9702152875439651,-0.9103318487838753,-0.059883438760089835,26.453859163914906,23.62503666636362,36.296781771171304,,32.42155474743456,28.264999999999997,24.10844525256543,28790.8,34067.85,1.2961779457326645,28.07679939975347
2026-04-02,4305,43.8,43.8,43.8,43.8,6047.0,264915.0,43.96,43.82,43.542500000000004,,,,50.0,54.43037974683536,0.34611392865991064,0.34508597899776666,0.0010279496621439788,44.37061964676678,17.43989642105825,48.4993076433014,,44.389336217309705,43.542500000000004,42.6956637826903,5628.2,13833.5,1.0744110017412316,43.809326938978
2026-04-02,4306,13.85,13.85,13.55,13.6,944509.0,12857217.0,13.74,13.555000000000001,13.522499999999999,13.756666666666666,13.77375,14.988541666666666,65.21739130434786,56.25,0.006749793691643191,-0.038212352936013154,0.044962146627656345,29.2359023687262,17.39302662649437,22.69510709386546,,13.934778648744905,13.522499999999999,13.110221351255094,2005084.0,1624520.4,0.47105707292063576,13.612593421555538
2026-04-02,4401,15.0,15.0,14.7,14.8,42790.0,635339.0,14.820000000000002,14.905000000000001,15.154999999999998,15.99,16.22,16.334999999999997,0.0,20.689655172413822,-0.33505941167131326,-0.3419908499435997,0.006931438272286428,9.966606661195003,16.74973445284666,37.03429827631444,,15.985282133405622,15.154999999999998,14.324717866594373,49674.0,66328.9,0.8614164351572251,14.847838279971956
2026-04-02,4402,16.6,17.0,16.6,17.0,45681.0,764452.0,17.0,17.025,17.8775,19.13,19.465,19.6325,50.0,8.510638297872447,-0.6626721152964627,-0.6355972623356849,-0.02707485296077783,13.024127228239845,21.69403331953639,40.58850657114994,,19.927525673780163,17.8775,15.82747432621984,38408.6,54465.75,1.1893430117213333,16.73457236049999
2026-04-02,4406,,,,,,,,,,,,,100.0,60.86956521739133,0.005383960991395043,0.002734288535413201,0.0026496724559818417,12.291028563286236,7.954218474218018,27.10300961613425,,,,,,,,
2026-04-02,4413,18.05,18.1,17.35,17.35,15058.0,271600.0,,,,,,,0.0,22.857142857142932,-0.12667890865630937,-0.033163752405604194,-0.09351515625070518,5.099209513185642,17.35389309964357,38.6474102488442,,,,,,,,18.036923894275468
2026-04-02,4414,12.05,12.3,11.8,11.8,462023.0,5534217.0,11.860000000000001,11.85,11.134,10.864666666666666,10.985083333333332,8.256125,42.85714285714287,73.68421052631581,0.3908011272718017,0.30559740456756135,0.08520372270424037,27.567410048089013,15.595467809724106,28.554472500658527,,12.765678502904944,11.134,9.502321497095057,741928.2,817754.05,0.6227327657851528,11.978228356596967
2026-04-02,4416,12.35,12.9,12.15,12.7,261100.0,3267440.0,13.15,13.485,16.2575,24.66,26.83,27.915000000000003,39.99999999999999,32.30088495575221,-3.4474295055840276,-3.5436812027551277,0.09625169717110005,11.486030748424927,45.36226470788643,75.60851696786723,,25.11296367177382,16.2575,7.402036328226179,284260.0,435918.0,0.9185252937451629,12.514132516277288
2026-04-02,4417,50.4,50.7,50.2,50.6,64395.0,3246535.0,50.6,50.959999999999994,51.665,51.843333333333334,51.87166666666666,51.88583333333334,33.33333333333333,21.052631578947356,-0.4150079645317817,-0.2701906578199829,-0.14481730671179877,7.7593550898400725,22.92898905845283,38.76367720252117,,53.42571157864025,51.665,49.90428842135975,91837.0,130359.75,0.7011879743458519,50.41594844320211
2026-04-02,4419,45.0,45.0,44.6,44.7,8011.0,358061.0,46.86,46.83,45.83,46.685833333333335,47.06791666666666,47.25895833333334,35.92233009708738,48.48484848484849,0.03545982362687283,0.09181438962908336,-0.05635456600221053,25.5489531176842,24.774523559076066,29.56510055818445,,49.51830299017968,45.83,42.14169700982032,19606.6,12542.5,0.4085869044097396,44.69616776931719
2026-04-02,4420,41.65,42.6,41.55,41.75,45994.0,1918025.0,43.45,46.385000000000005,48.5125,49.78916666666667,50.094583333333325,50.24729166666667,0.0,6.220095693779939,-1.9787197681059467,-1.0248584163276695,-0.9538613517782772,3.5235387310330184,46.69272303761745,50.727849560665945,,55.0566717742222,48.5125,41.9683282257778,54396.4,68405.3,0.8455338956254458,41.70163499586903
2026-04-02,4426,9.0,9.0,8.82,8.9,281560.0,2512107.0,8.989999999999998,9.011,9.126000000000001,9.5025,9.848416666666669,10.662708333333335,12.499999999999858,21.05263157894744,-0.13516900566209067,-0.13780996823632152,0.002640962574230854,21.582829144888166,24.676468501695282,13.057805371820923,,9.447535788300321,9.126000000000001,8.804464211699681,119579.8,112377.95,2.3545782816161256,8.92210186105981
2026-04-02,4430,17.9,17.9,17.55,17.85,25725.0,454904.0,17.94,18.02,18.325,18.355,18.352500000000003,18.35125,41.17647058823539,20.588235294117695,-0.15392547990701289,-0.09523180929206926,-0.05869367061494363,9.635489281573426,17.807605236139427,35.45611638045206,,19.06234944939718,18.325,17.58765055060282,17435.0,16024.5,1.4754803556065386,17.683343051506316
2026-04-02,4432,15.45,15.45,15.35,15.4,9057.0,139227.0,15.430000000000001,15.334999999999999,15.377500000000001,16.157500000000002,16.378750000000004,16.489375000000003,63.6363636363636,51.219512195121965,-0.19905910634869706,-0.2589742780661872,0.05991517171749017,15.039644701225804,22.419654913889715,47.317920296451106,,15.991781780018933,15.377500000000001,14.76321821998107,11834.2,24766.45,0.7653242297747207,15.372308711493872
2026-04-02,4433,20.7,20.95,20.4,20.4,42779.0,883112.0,20.669999999999998,20.795,20.8725,21.659166666666668,21.854583333333334,21.952291666666667,39.534883720930196,50.561797752808964,-0.30171152291281444,-0.26551337526446944,-0.036198147648345,14.50530122231787,16.11565981623192,29.203589944150707,,21.81866956308332,20.8725,19.92633043691668,36267.4,34417.85,1.1795441636290442,20.64358680661072
2026-04-02,4438,57.0,57.5,56.1,56.3,31384.0,1774611.0,56.58,56.93000000000001,60.725,70.23833333333332,72.19083333333333,77.82708333333333,45.945945945945894,24.03100775193799,-3.5452235595654074,-3.573689832097265,0.02846627253185785,14.383199072309887,31.88147759817681,47.267397243574074,,69.89196012289395,60.725,51.558039877106054,54328.8,93789.65,0.5776678299539102,56.54508666836605
2026-04-02,4439,86.5,86.8,84.2,84.2,26346.0,2254249.0,84.98,84.42999999999999,88.91,98.14,96.22583333333334,93.35125000000001,55.31914893617023,38.26714801444043,-3.964157564803827,-4.200294834597871,0.23613726979404426,17.378622897520863,36.677134682848255,40.11369694744808,,103.51611263532456,88.91,74.30388736467543,27336.0,47493.2,0.963784021071115,85.5632354057542
2026-04-02,4440,17.5,17.5,17.2,17.2,5290.0,91716.0,17.24,17.215,17.46,17.6075,17.971666666666668,18.387708333333332,57.14285714285709,44.26229508196719,-0.09835054971765089,-0.06344702041705973,-0.034903529300591166,27.62895902993429,20.00848644236885,15.1836551983231,,18.11260611155779,17.46,16.807393888442213,42796.6,87610.2,0.12360795016426539,17.337618147448016
2026-04-02,4442,60.8,60.8,59.7,60.8,113138.0,6821493.0,61.0,61.15,59.225,57.47333333333333,57.13666666666667,56.968333333333334,38.095238095238095,70.16129032258067,1.222278420506548,1.175510629381448,0.0467677911251001,28.30045803940274,12.54841031635983,46.87389969652435,,64.78988047821713,59.225,53.66011952178287,83482.8,56272.35,1.355225267959388,60.29356184482667
2026-04-02,4502,15.95,15.95,15.75,15.85,5852.0,92349.0,15.8,15.785,15.779999999999998,15.797500000000001,15.798750000000002,15.799375,59.999999999999716,50.0,0.005032730148380793,-0.004511607104395087,0.00954433725277588,34.3328157556992,14.121710995274494,37.93123820084372,,15.874032469200747,15.779999999999998,15.685967530799248,32111.2,29130.85,0.18224171005755002,15.780758714969242
2026-04-02,4503,40.1,40.65,40.0,40.3,185681.0,7458775.0,39.4,38.205,37.847500000000004,38.166666666666664,38.233333333333334,38.266666666666666,88.42105263157899,66.1764705882353,0.4153822183024545,0.007797626835850978,0.4075845914666035,27.10551671288019,20.309547426954136,32.415100762535275,,40.80019279418671,37.847500000000004,34.8948072058133,167408.6,202149.1,1.109148514472972,40.169834285683514
2026-04-02,4506,118.5,121.0,118.5,120.5,107110.0,12875383.0,119.3,118.05,117.25,113.64166666666667,112.57083333333334,112.03541666666666,100.0,69.23076923076923,1.6007449938976777,1.3380003574151833,0.26274463648249435,19.424615279882534,8.664363603733525,32.06249522153999,,120.81148993067727,117.25,113.68851006932273,74466.0,83414.15,1.4383745602019713,120.20710484548594
2026-04-02,4510,41.6,41.95,40.85,40.95,618376.0,25443791.0,41.81,42.305,42.8025,47.2725,48.611250000000005,49.28062500000001,41.50943396226419,46.38554216867472,-1.4497366752512164,-1.4829860845711047,0.03324940931988829,18.314643917375218,23.960446016440397,22.139180526211227,,46.46201895026756,42.8025,39.14298104973244,1032425.6,1243186.5,0.5989545396782102,41.14614894497846
2026-04-02,4513,16.25,16.35,16.0,16.3,276776.0,4477106.0,16.740000000000002,17.27,17.4675,18.2,18.375,18.4625,21.21212121212126,46.496815286624205,-0.4389811519765807,-0.29862538196511296,-0.14035577001146776,20.201191508786827,29.450910302845635,26.451037503766504,,19.386456679251047,17.4675,15.548543320748955,233065.6,467634.4,1.187545480757349,16.17591843223401
2026-04-02,4523,29.5,29.75,29.4,29.7,108712.0,3218031.0,29.9,30.244999999999997,31.745000000000005,29.87,29.334999999999997,29.067500000000003,16.666666666666373,33.19838056680162,-0.21172212307053329,0.13514749803568546,-0.3468696211062188,21.91190451963823,31.24210036705049,27.017860101531692,,35.60708288498918,31.745000000000005,27.88291711501083,117227.2,429272.75,0.927361567963749,29.601433144455076
2026-04-02,4526,34.55,34.9,33.05,33.15,2736533.0,92394819.0,33.47,33.57,33.160000000000004,32.6,33.45291666666667,30.800833333333333,37.12121212121211,61.66666666666666,0.11652947439683459,0.10185979563568863,0.014669678761145957,25.37764493626686,25.27671451196317,9.25200906640304,,36.46176986032145,33.160000000000004,29.858230139678554,3283791.8,5074873.2,0.8333454636192222,33.76345872679043
2026-04-02,4527,43.85,43.85,42.85,43.05,31045.0,1336090.0,42.989999999999995,42.714999999999996,42.0175,41.270833333333336,41.060416666666676,40.95520833333333,100.0,88.88888888888874,0.5278959849011358,0.42295856926341235,0.10493741563772341,22.471119893672157,4.40853501999683,57.292063901764955,,43.693420799535545,42.0175,40.34157920046445,23627.0,33842.05,1.3139628391247302,43.037204058624575
2026-04-02,4528,17.2,17.3,16.9,17.0,32601.0,556098.0,17.25,17.575,18.145,19.39,19.745,19.922500000000003,25.0,29.508196721311506,-0.6397329448954281,-0.5443357452208379,-0.09539719967459015,13.355097474650973,31.230771414348986,42.989398158106944,,19.65562900806257,18.145,16.63437099193743,26960.6,21132.65,1.2092089938651218,17.057697616637526
2026-04-02,4529,3.01,3.28,3.01,3.17,40209.0,123521.0,3.242,3.287,3.342,3.334,3.332,3.3310000000000004,21.875000000000043,34.09090909090909,-0.03478048180187843,-0.008558419479902234,-0.026222062321976193,12.688795667427023,21.84746121856334,41.38515776762614,,3.5947824111136315,3.342,3.0892175888863687,25525.4,30904.2,1.5752544524277778,3.0719739361834417
2026-04-02,4530,27.65,28.3,27.15,27.85,21406.0,591692.0,28.130000000000003,28.49,,,,,15.384615384615358,44.910179640718574,-0.10035933501588445,0.0589576271675936,-0.15931696218347804,17.821750931207312,20.18073887045963,36.020429569920545,,,,,32843.6,,0.651755593174926,27.64140895076147
2026-04-02,4532,26.15,26.4,25.85,26.05,1139971.0,29735863.0,26.410000000000004,26.51,26.1875,25.270833333333332,24.49958333333333,25.63583333333333,39.58333333333332,57.77777777777777,0.24406380724684595,0.3291435110741473,-0.08507970382730135,19.880561968583496,19.247194789244134,16.309770149176924,,27.309000404767705,26.1875,25.065999595232295,1487449.8,1312253.3,0.7663929229746106,26.084753910406494
2026-04-02,4533,30.0,30.5,29.2,29.25,1675184.0,49713032.0,30.410000000000004,31.794999999999998,32.74249999999999,34.469166666666666,35.18458333333333,35.542291666666664,0.0,27.888446215139453,-1.1081615089909285,-0.7179540409627075,-0.3902074680282209,20.92130150524189,21.750684170934996,24.557048830539827,,36.96365910746397,32.74249999999999,28.52134089253602,3409710.4,9744796.85,0.4912980292989106,29.67616214099466
2026-04-02,4534,24.4,26.75,24.05,26.75,1635678.0,42542029.0,26.089999999999996,26.095,27.119999999999997,24.021666666666665,23.310833333333335,22.955416666666668,57.8125,41.50943396226415,0.5405724066214859,0.7454010670957814,-0.2048286604742955,21.004773655501864,11.127754873924896,35.62313106923948,,30.683321927344586,27.119999999999997,23.55667807265541,1396806.8,1706088.9,1.1710123404324777,26.008804300112857
2026-04-02,4535,28.2,28.3,28.2,28.3,8402.0,237365.0,28.15,27.835,28.192500000000003,28.805,28.9025,28.95125,77.27272727272748,48.214285714285744,-0.24829132932950415,-0.33715679318690467,0.08886546385740052,18.90219038063892,23.541443069147046,46.59546145691608,,29.92918619714916,28.192500000000003,26.455813802850844,8241.2,9737.15,1.0195117215939424,28.25101166388955
2026-04-02,4536,151.0,152.0,149.0,149.5,127598.0,19146397.0,149.4,150.35,156.775,160.175,172.16666666666666,179.43666666666667,50.0,27.65957446808511,-3.5627572307730873,-2.9579957313259047,-0.6047614994471826,15.838335913066343,33.78355384744418,29.01922574434748,,171.48437760320348,156.775,142.06562239679653,167858.6,346217.5,0.7601516991086545,150.05248514867003
2026-04-02,4538,18.95,18.95,18.55,18.8,22036.0,413825.0,18.85,18.8,18.8525,18.1425,17.94625,17.848125,53.84615384615389,44.11764705882354,0.17039934734710727,0.20882258353372957,-0.0384232361866223,16.51131438123265,9.184129195623218,38.83412268316739,,19.159394461543858,18.8525,18.54560553845614,21421.6,36821.15,1.0286813309930165,18.77949718642222
2026-04-02,4540,42.5,42.85,40.7,40.8,767047.0,31748727.0,41.92,43.235,45.82,42.130833333333335,41.389583333333334,41.61020833333334,30.40540540540539,43.12169312169311,-0.9478821725522053,-0.09622214474922877,-0.8516600278029766,22.15316811014151,27.92074078043368,17.249408507762947,,52.81679625934139,45.82,38.82320374065861,985313.2,2092944.85,0.7784803857291266,41.39084958288084
2026-04-02,4541,45.0,45.45,44.4,44.75,1013806.0,45377195.0,43.660000000000004,42.67,42.9275,43.417500000000004,43.58375,43.666875000000005,80.95238095238096,52.307692307692314,0.10698353646686343,-0.27156915198120984,0.37855268844807327,27.172846535863222,15.237995860766166,26.693252345955287,,46.68816553460394,42.9275,39.166834465396065,836683.6,874184.4,1.2116957951607992,44.75924881091649
2026-04-02,4542,172.5,182.5,171.0,171.0,1195313.0,209808038.0,173.0,178.4,167.85,132.675,121.5875,116.04375,37.2093023255814,57.00934579439252,11.040006808798609,13.265657094549315,-2.2256502857507066,25.505034563441264,7.560593854398645,64.05909586485907,,200.98465350894566,167.85,134.71534649105433,1073187.8,1518298.35,1.1137966719338404,175.52560542719772
2026-04-02,4543,35.1,35.25,33.65,34.4,1108593.0,38068530.0,34.309999999999995,33.480000000000004,31.8625,31.031666666666663,30.84083333333333,30.745416666666664,75.55555555555551,68.30985915492957,1.04347128370312,0.7205583882854177,0.3229128954177022,26.2770066560872,16.90386512413933,31.578422121654736,,36.53457549957021,31.8625,27.190424500429792,897955.8,463639.75,1.2345741293725148,34.339500610232975
2026-04-02,4545,30.95,30.95,30.1,30.2,85033.0,2582058.0,30.48,31.345,32.375,34.49333333333333,33.59625,34.448125000000005,24.637681159420268,38.82352941176468,-1.1853368027987123,-1.0516954985763025,-0.13364130422240983,17.94481709844293,24.8648267377302,13.46485268475462,,35.74787945077681,32.375,29.002120549223193,112570.8,162168.2,0.7553735071617151,30.365364035139297
2026-04-02,4549,99.3,100.5,96.1,96.5,210152.0,20545002.0,93.62,91.99000000000001,94.7,100.88000000000001,102.69,103.595,80.7017543859649,45.64315352697096,-1.9917509494585772,-2.7208411080161077,0.7290901585575305,20.818462562586888,19.851698017990387,43.416893610949415,,103.73117407999413,94.7,85.66882592000587,171091.2,144234.3,1.2283039688774173,97.76258136967529
2026-04-02,4550,24.55,24.7,24.5,24.7,6532.0,160696.0,24.71,24.689999999999998,25.335,25.958333333333332,26.079166666666666,26.139583333333334,64.28571428571425,30.882352941176478,-0.43115008229757024,-0.3932992516039829,-0.037850830693587356,9.493698245405236,27.559027696859754,46.563885854901095,,26.90011307814114,25.335,23.769886921858863,7719.2,15584.5,0.8462016789304592,24.601347213717084
2026-04-02,4551,132.0,133.5,129.5,131.5,264441.0,34819108.0,131.4,130.4,125.675,120.30833333333334,130.61666666666667,122.23375,62.96296296296296,73.03370786516854,3.0886536803576803,2.49077496949793,0.5978787108597503,22.880251782639306,16.821570430647277,14.507416400623017,,137.884896762354,125.675,113.46510323764599,349446.8,494445.25,0.7567417987516268,131.67061083568734
2026-04-02,4552,20.55,21.2,20.55,20.9,19904.0,414107.0,20.99,21.065,21.97,23.1425,22.897916666666667,23.234375,52.17391304347814,29.166666666666657,-0.6762424374391145,-0.6171006636346238,-0.059141773804490705,12.806480138438864,40.30442328305611,38.04203228349008,,24.240729073737498,21.97,19.6992709262625,101989.6,130915.6,0.19515715327837346,20.80521503215434
2026-04-02,4554,29.85,29.85,29.0,29.0,54591.0,1593463.0,28.869999999999997,28.920000000000005,27.5875,27.06833333333333,26.934166666666666,26.867083333333333,57.14285714285709,69.93006993006995,0.6379101952089421,0.4854765136174419,0.15243368159150023,23.90156026961806,14.598842712039115,27.020486480731126,,30.812545899306173,27.5875,24.362454100693824,51554.6,54839.05,1.0588967812765495,29.189115421956
2026-04-02,4555,35.5,35.7,34.8,34.8,108328.0,3806003.0,35.309999999999995,35.82,35.88,38.36083333333333,41.312083333333334,39.79020833333333,39.189189189189165,55.29411764705882,-0.809263086511713,-0.850896327669791,0.04163324115807798,26.227314578261417,22.361154787159958,14.259248890923283,,38.28446952241245,35.88,33.475530477587554,95410.4,118852.55,1.135389852678534,35.13406506166457
2026-04-02,4556,27.65,27.65,27.05,27.5,81680.0,2219646.0,27.6,28.355,28.110000000000003,27.827499999999997,27.76375,27.731875,17.741935483870975,50.0,0.011824332673857185,0.1599301722414369,-0.14810583956757972,23.035425251572526,24.281483249240353,22.2857471731703,,29.964893953558366,28.110000000000003,26.25510604644164,88208.0,87852.1,0.9259931072011609,27.174902056807053
2026-04-02,4557,57.9,57.9,57.0,57.5,32079.0,1840536.0,57.5,58.92,61.775,70.13833333333334,72.17583333333332,87.6075,26.415094339622627,29.824561403508767,-3.2162740111118637,-3.093457534692438,-0.12281647641942595,10.03846857155332,32.521926347688904,44.093535262732594,,69.14631710004686,61.775,54.40368289995314,94483.8,114137.45,0.3395185206352835,57.375105209015246
2026-04-02,4558,19.1,19.5,19.0,19.0,58181.0,1112203.0,19.35,19.095,19.0325,19.299166666666668,19.399583333333332,19.449791666666666,53.94736842105264,50.47619047619049,-0.007821522553040694,-0.046333830992363496,0.0385123084393228,25.202671670292077,27.730665343302658,32.26416951636382,,19.89899627204834,19.0325,18.166003727951658,71708.6,40779.65,0.8113531710283006,19.116257884876507
2026-04-02,4560,32.9,32.95,32.4,32.4,126000.0,4118150.0,32.51,32.545,32.885000000000005,32.6,32.59041666666666,34.24645833333333,44.44444444444436,30.76923076923073,-0.04602548157883746,0.020716982669813856,-0.06674246424865131,21.131108446111888,12.708832147505156,18.169245976061173,,33.902271893479245,32.885000000000005,31.867728106520765,244613.0,273270.55,0.5150993610315069,32.68373015873016
2026-04-02,4561,32.85,32.85,31.85,31.95,64921.0,2086636.0,32.23,32.595,34.62,41.29833333333333,43.274166666666666,44.26208333333333,38.88888888888895,32.89473684210526,-2.553788644444502,-2.638248906387703,0.08446026194320089,12.633391082296727,28.938415927582952,48.32056902093055,,40.4810579249824,34.62,28.758942075017597,90952.6,162537.95,0.7137893804025393,32.14115617442738
2026-04-02,4562,30.85,31.0,29.8,29.8,190931.0,5738443.0,30.18,31.129999999999995,32.792500000000004,35.825,39.33625,46.418124999999996,30.000000000000043,42.70833333333334,-1.766281557895816,-1.555899658046733,-0.21038189984908295,16.38133570911009,33.028908195546265,21.814366631507497,,37.740894210566054,32.792500000000004,27.844105789433954,183121.0,241420.4,1.0426493957547196,30.055061776243775
2026-04-02,4563,39.8,40.4,39.6,39.75,134002.0,5346106.0,40.95,41.525,44.71,51.19500000000001,52.947500000000005,53.823750000000004,39.63963963963966,22.711864406779668,-3.174896425195726,-2.9505479532668093,-0.22434847192891683,8.587912185845346,29.361527199876434,51.6137054818216,,52.95050330603914,44.71,36.46949669396086,144601.2,174824.05,0.9267004699822684,39.89571797435859
2026-04-02,4564,19.1,19.1,18.65,18.85,471985.0,8862438.0,18.9,19.335,19.697499999999998,17.916666666666668,18.17625,18.037708333333335,43.4782608695653,47.222222222222236,0.24810246719084716,0.46816313635809303,-0.22006066916724587,26.4393374056707,19.66919324322055,25.78538607379127,,21.209374054904806,19.697499999999998,18.18562594509519,829089.0,1838927.7,0.5692814643542491,18.776948419970974
2026-04-02,4566,57.8,58.0,56.3,56.5,296889.0,16921925.0,57.92,59.55999999999999,58.05500000000001,57.425,56.843333333333334,59.01833333333333,30.208333333333343,57.5609756097561,0.10382787628898882,0.3304981686424202,-0.2266702923534314,25.33553362389111,24.98860376907731,17.481265338924217,,63.44445363894239,58.05500000000001,52.66554636105762,304571.6,632787.25,0.9747757177622602,56.997480539865066
2026-04-02,4568,41.05,41.9,41.05,41.5,45000.0,1862100.0,41.720000000000006,41.93,,,,,18.18181818181789,17.50000000000007,-0.16863378410440077,-0.08265271870165765,-0.08598106540274313,5.505355295026025,29.521153835303565,51.29001939848733,,,,,30000.0,,1.5,41.38
2026-04-02,4569,129.0,130.5,127.0,127.0,29794.0,3805582.0,129.2,138.25,144.4,146.9,154.42916666666667,154.09583333333333,14.63414634146342,34.12698412698413,-5.2039432352978565,-2.8497104883593116,-2.354232746938545,23.526205697882883,32.304006485236734,14.95607977252574,,167.10311826484406,144.4,121.69688173515596,62570.6,136314.4,0.47616612274774417,127.72981137141706
2026-04-02,4571,152.5,152.5,147.0,148.5,210600.0,31246208.0,152.2,157.05,164.025,167.775,170.27916666666667,169.84791666666666,13.513513513513516,38.66666666666667,-5.815319330062749,-4.071727172399462,-1.7435921576632873,20.418406136989162,40.07631908713349,16.99127150020551,,186.19533342578595,164.025,141.85466657421406,224656.8,380696.3,0.937429893063553,148.36755935422602
2026-04-02,4572,141.5,142.5,140.0,142.5,18621.0,2620663.0,142.4,142.65,144.0,148.725,155.15,161.28333333333333,50.0,56.14035087719298,-1.5092313044115997,-1.5506471824884878,0.04141587807688807,20.59059748107641,19.341323744081862,13.307917936708288,,149.89379691754633,144.0,138.10620308245367,36047.8,34777.7,0.5165641176437952,140.73696364319855
2026-04-02,4576,131.5,133.5,129.5,130.5,1328179.0,174365645.0,133.3,127.2,123.075,114.7,114.40750000000001,119.08125,70.9090909090909,72.44897959183673,4.602323097430755,3.583348071502128,1.018975025928627,29.911829022982783,12.596180668606333,29.38883254134211,,137.84080330928228,123.075,108.30919669071774,3462219.4,1902190.35,0.3836206913981246,131.28173612141134
2026-04-02,4577,116.0,127.5,116.0,127.5,4370313.0,540195562.0,119.7,104.63,95.4,68.91000000000001,61.955000000000005,58.4775,100.0,74.28571428571428,14.643718558927901,11.206124375374616,3.4375941835532853,35.13269430739534,4.070424314029157,66.81400751534082,,128.88382170227098,95.4,61.91617829772903,4356387.8,2212035.85,1.0031965014684874,123.60569185776853
2026-04-02,4580,79.4,81.2,79.2,79.8,56070.0,4491467.0,79.8,79.86,80.455,80.90833333333333,81.00416666666666,81.05208333333333,58.6206896551724,39.99999999999999,-0.36949076754608257,-0.3288373284388081,-0.04065343910727448,13.264681729577227,9.262988233469516,26.108498382814116,,82.42474484054206,80.455,78.48525515945794,44242.0,59805.65,1.2673477690881967,80.10463706081684
2026-04-02,4581,49.0,49.0,48.8,49.0,4000.0,195800.0,49.1,49.03,49.542500000000004,51.02916666666667,,,58.97435897435896,47.77777777777775,-0.5255641904236654,-0.5548421395302745,0.02927794910660908,25.935738444714957,33.508754869441674,22.438118076032605,,50.92634475855789,49.542500000000004,48.15865524144212,5649.4,15408.85,0.7080397918363013,48.95
2026-04-02,4583,646.0,655.0,629.0,632.0,86823.0,55350845.0,642.6,641.8,649.25,671.8833333333333,666.8166666666667,706.1083333333333,47.0,51.35135135135135,-12.883246287843804,-13.18674410856769,0.3034978207238872,20.181220779627438,31.14166787865843,19.591787635865046,,698.2478517252084,649.25,600.2521482747916,169272.4,175943.4,0.5129188219697954,637.5136196629925
2026-04-02,4584,42.5,42.5,42.0,42.0,2482.0,104554.0,,,,,,,12.500000000000213,12.500000000000213,-1.1244124189940976,-0.96239488641487,-0.16201753257922757,7.177417089097314,15.760694549901643,43.44399402739401,,,,,,,,42.12489927477841
2026-04-02,4588,57.6,57.6,57.2,57.4,35956.0,2062988.0,57.879999999999995,58.50999999999999,60.29,62.98166666666667,62.745,67.88333333333334,38.77551020408161,42.727272727272734,-1.771102581263996,-1.5783454613251306,-0.19275711993886535,20.11514210816098,37.22896875072683,22.375543524666497,,65.91846150802826,60.29,54.66153849197175,74586.6,94816.8,0.4820705059621969,57.375347647124265
2026-04-02,4609,,,,,,,,,,,,,100.0,46.25000000000001,-0.08513081796773658,-0.09127383924908138,0.006143021281344793,11.273710858126849,15.261691285523895,22.696199390573426,,,,,,,,
2026-04-02,4702,9.99,10.05,9.98,10.05,72457.0,724522.0,10.1,10.120000000000001,10.05,9.919,9.894499999999999,9.882249999999999,50.0,54.16666666666669,0.05404668071200902,0.06254591058640467,-0.00849922987439565,12.66165156671424,8.082811925488233,40.83075926687208,,10.277850366411121,10.05,9.82214963358888,80874.2,101393.15,0.895922308968744,9.999337538126062
2026-04-02,4706,31.5,32.45,30.75,31.0,13030.0,408821.0,30.77,30.32,30.229999999999997,30.251666666666665,30.275833333333335,30.287916666666664,100.0,81.81818181818194,0.15806080705141312,0.018733125013953102,0.13932768203746002,25.006412691746107,10.215886699064278,31.70284256402742,,31.269433043842497,30.229999999999997,29.190566956157497,26818.0,18404.5,0.48586770079797154,31.375364543361474
2026-04-02,4707,12.15,12.65,11.9,12.6,4614224.0,56869036.0,12.0,11.25,10.775,10.241666666666667,10.100833333333332,10.030416666666667,100.0,81.69014084507042,0.5451563242989845,0.30238373703368204,0.2427725872653025,42.779403124776884,5.971074544718833,61.00123704662496,,12.49500611994015,10.775,9.05499388005985,3717534.4,1457736.05,1.2412054613401828,12.324723723859092
2026-04-02,4711,15.35,15.5,15.2,15.25,72448.0,1107680.0,15.520000000000001,15.865,15.559999999999999,15.185,15.0925,15.046249999999999,33.33333333333333,51.0204081632653,0.10340940494728912,0.19279872566810397,-0.08938932072081485,22.340563556004383,20.604323748703454,25.411370644713937,,16.94738679007093,15.559999999999999,14.17261320992907,78468.8,117441.9,0.9232714148808189,15.289310954063604
2026-04-02,4714,14.3,14.65,14.15,14.65,978389.0,14033488.0,14.560000000000002,14.61,15.260000000000002,16.211666666666666,16.45583333333333,16.577916666666667,75.00000000000006,35.06493506493506,-0.5103300871106153,-0.49383668491484484,-0.0164934021957705,9.618308649970123,27.00093417315908,35.489513489131056,,17.009466083966018,15.260000000000002,13.510533916033985,933633.4,1114730.25,1.0479370168205207,14.343464613768143
2026-04-02,4716,14.4,14.5,14.25,14.35,247448.0,3555381.0,14.309999999999999,14.404999999999998,14.497500000000002,15.018333333333334,15.159166666666668,15.229583333333334,41.666666666666686,42.62295081967211,-0.19318474134096597,-0.20093445031730583,0.007749708976339864,13.526577961855171,23.738807363148766,29.672277934431186,,15.07649640940618,14.497500000000002,13.918503590593824,275068.8,312071.2,0.8995858490675788,14.368194529759787
2026-04-02,4720,17.55,17.8,17.15,17.5,981292.0,17064198.0,17.96,17.435,16.932499999999997,15.791666666666666,15.371666666666666,15.986875,65.15151515151516,66.18705035971223,0.49660807710727894,0.4377088877337626,0.05889918937351635,30.46802197051347,26.132187454588358,19.993604878026726,,18.69087095661085,16.932499999999997,15.174129043389144,3589024.8,2143472.55,0.27341466127511854,17.389521161896766
2026-04-02,4721,74.9,78.8,74.2,78.2,2066116.0,158180925.0,76.18,74.47999999999999,70.23,66.14333333333333,65.07166666666666,64.53583333333333,81.4814814814815,78.0590717299578,3.276879762060247,2.4168880695572095,0.8599916925030375,23.62748106670037,8.585544623552458,36.51287863805642,,80.51460269682696,70.23,59.945397303173046,1446269.6,926055.5,1.4285828866208623,76.55955667542383
2026-04-02,4722,166.0,166.5,159.0,159.0,814588.0,131310326.0,165.0,169.95,178.575,171.20833333333334,169.1375,117.94916666666668,28.84615384615384,45.88235294117647,-2.7153255114012893,-0.012916875684969612,-2.7024086357163197,23.223428400767354,26.5204736213628,14.85235331355314,,207.8940704957849,178.575,149.2559295042151,1211084.4,2646186.25,0.6726104307841799,161.19845369683816
2026-04-02,4726,30.75,30.8,30.4,30.6,194617.0,5946335.0,30.880000000000003,31.390000000000004,31.932499999999997,32.64416666666667,32.79708333333333,32.87354166666667,18.18181818181816,31.19266055045871,-0.559050666419143,-0.3947801647351118,-0.16427050168403123,13.185370781602321,23.406496182344902,25.352979143732394,,33.61968856775347,31.932499999999997,30.245311432246528,193970.2,239682.5,1.0033345328303007,30.554036903251
2026-04-02,4728,384.0,386.5,384.0,384.5,6152.0,2371226.0,387.2,388.6,390.025,,,,31.42857142857143,42.64705882352941,-0.9051825372477538,-0.13376903124350137,-0.7714135060042524,28.23731920610564,13.653846354271124,53.087637067212064,,396.64613839790485,390.025,383.4038616020951,7691.2,6223.4,0.7998751820262118,385.4398569570871
2026-04-02,4729,19.65,20.5,19.6,19.6,184403.0,3653583.0,19.79,20.235,20.810000000000002,21.212499999999995,21.33125,21.390625,0.0,26.250000000000014,-0.4493424139233362,-0.3128251668046658,-0.13651724711867036,10.626683124897712,21.190944657840287,28.746417230004706,,22.60607759766723,20.810000000000002,19.013922402332774,171841.8,232413.5,1.0730974652267378,19.813034495100403
2026-04-02,4735,31.5,31.5,30.95,31.3,11680.0,362693.0,31.24,30.9,30.982499999999998,32.17583333333333,32.53791666666667,32.71895833333333,81.24999999999997,51.64835164835167,-0.24171258434868292,-0.3852413614493346,0.14352877710065165,24.944884241103065,21.841827564492913,26.34897068279247,,32.06162001186154,30.982499999999998,29.90337998813845,15408.0,16771.3,0.7580477673935618,31.05248287671233
2026-04-02,4736,122.0,122.5,121.0,122.5,120191.0,14640086.0,122.7,123.25,124.725,125.55,124.54583333333333,128.75416666666666,39.99999999999999,46.15384615384615,-1.1807560502050336,-0.8536215738614251,-0.3271344763436085,17.189531547189183,27.948202574609077,13.84174686154177,,129.3187600698087,124.725,120.13123993019131,105271.2,219896.9,1.1417272720364164,121.80684077842767
2026-04-02,4737,72.0,72.2,69.2,70.3,284492.0,20020901.0,68.2,65.97999999999999,62.36500000000001,58.468333333333334,61.71000000000001,65.09604166666666,84.09090909090905,80.89171974522293,3.3198624400386834,2.422630788086881,0.8972316519518024,41.524902743546754,5.3144266456206335,49.65446339224839,,72.02670411034154,62.36500000000001,52.70329588965848,292736.8,320422.55,0.9718354508213521,70.37421438915682
2026-04-02,4739,78.1,78.6,75.8,76.4,1460955.0,112515485.0,79.8,82.25,78.235,72.14333333333335,69.01833333333333,60.336666666666666,6.611570247933855,65.78947368421052,2.439600548454237,3.02527221124943,-0.585671662795193,24.77507577423969,20.21018692109822,29.341017497116752,,89.71262583188923,78.235,66.75737416811077,3007007.8,4137668.55,0.4858500865877369,77.01502441895883
2026-04-02,4741,50.0,51.5,48.0,51.5,466818.0,23378863.0,43.82000000000001,35.11,29.067500000000003,23.766666666666666,22.383333333333333,21.691666666666666,100.0,89.69359331476322,6.3545843355980764,3.308438767178573,3.0461455684195036,60.09815024547747,5.08829714991572,62.92524860370786,,49.46619126348937,29.067500000000003,8.668808736510634,1541290.8,858001.4,0.30287470735567873,50.081322913855075
2026-04-02,4743,53.5,53.9,52.6,52.9,1263330.0,67015244.0,52.660000000000004,52.529999999999994,54.169999999999995,60.94166666666667,63.17083333333334,64.28541666666668,64.8648648648649,43.97590361445783,-2.1635804547624105,-2.4534993777761205,0.28991892301371003,15.364922218469806,22.129527394688314,45.33914734772459,,59.47703604462919,54.169999999999995,48.8629639553708,1165198.0,1999560.05,1.0842191627517384,53.04650724672097
2026-04-02,4744,33.3,33.6,32.3,33.2,637754.0,20997999.0,34.5,34.970000000000006,33.7025,31.144166666666667,30.347083333333334,29.948541666666667,38.311688311688336,53.69318181818183,0.8799061065356639,1.119470147993159,-0.2395640414574951,25.626880479890573,21.298597036801404,41.77358345814484,,37.99404309139069,33.7025,29.410956908609315,670252.4,505465.6,0.9515131911500802,32.92491932626059
2026-04-02,4745,20.0,20.2,20.0,20.2,198350.0,3987560.0,19.619999999999997,19.330000000000002,19.767500000000002,21.16416666666667,21.532083333333333,21.716041666666666,80.43478260869566,46.6019417475728,-0.4222926516067922,-0.5782299606232043,0.15593730901641212,28.58579920182268,26.84434106018505,25.084337830887453,,21.611487384361457,19.767500000000002,17.923512615638547,181410.0,199005.1,1.0933796372857063,20.10365515502899
2026-04-02,4746,56.1,56.9,55.6,55.6,850485.0,47818457.0,54.92,54.83,54.404999999999994,58.47,61.39083333333333,64.295,58.00000000000006,68.08510638297875,-0.6217543527381295,-1.0023166344090402,0.38056228167091066,19.323955614924508,20.299653365902174,16.951205972086345,,57.67816039133052,54.404999999999994,51.131839608669466,779464.2,818085.9,1.0911148966174458,56.22492695344421
2026-04-02,4747,55.0,55.0,53.9,54.3,17611.0,957144.0,54.31999999999999,54.620000000000005,55.355,57.12166666666667,57.660833333333336,57.93041666666667,11.111111111110588,21.052631578947313,-0.7816936822145237,-0.7388412703604469,-0.042852411854076844,5.045114462315291,14.220567095757666,58.69781914456206,,57.47505461697267,55.355,53.23494538302732,14566.6,20600.95,1.2089986681861244,54.349213559707
2026-04-02,4749,899.0,910.0,877.0,893.0,1989433.0,1781477471.0,877.2,883.6,906.0,862.1,852.05,847.025,58.24175824175824,36.622807017543856,3.4872934754479274,8.608311945220352,-5.121018469772425,21.434675179475605,23.709510965358575,33.18338962721141,,991.5816015643308,906.0,820.4183984356692,1936059.8,2548960.15,1.0275679501222017,895.4699509860347
2026-04-02,4754,37.15,37.3,37.15,37.15,32844.0,1222038.0,37.269999999999996,37.485,37.92,38.185833333333335,38.242916666666666,38.271458333333335,23.52941176470553,30.769230769230617,-0.29752027983885654,-0.20391251041215866,-0.09360776942669788,13.507202645862415,19.604414480458367,22.771307922828598,,38.98246981381267,37.92,36.85753018618733,22706.4,21245.25,1.4464644329352077,37.20734380708805
2026-04-02,4755,140.5,140.5,136.0,138.0,499548.0,68754225.0,141.0,144.65,145.425,123.4,120.27416666666666,115.92333333333333,38.46153846153846,49.137931034482754,3.474279436539888,5.707267512366503,-2.232988075826615,21.501404162441705,23.24413362232192,27.617328546957346,,155.88431969207682,145.425,134.9656803079232,524302.4,1240860.2,0.9527860257744385,137.6328701145836
2026-04-02,4760,245.0,265.0,244.0,253.0,1715387.0,436903415.0,231.4,208.2,195.125,184.80833333333334,182.90416666666667,181.95208333333332,100.0,75.87412587412587,15.199557081905368,6.962210323021857,8.237346758883511,41.12167815107207,10.07168708194738,36.67440147812679,,248.67760571575724,195.125,141.57239428424276,1518632.2,812337.05,1.1295605348023043,254.69670400906617
2026-04-02,4763,43.05,43.3,42.0,42.2,2738465.0,116041734.0,43.029999999999994,43.98,44.559999999999995,49.561666666666675,55.86833333333333,320.76166666666666,35.18518518518525,53.074433656957936,-1.7754987949664525,-1.7464780206762884,-0.02902077429016403,22.254969544473543,32.87471479527061,14.444567389283039,,48.44053170577597,44.559999999999995,40.67946829422402,3709708.2,5724040.8,0.7381887880022477,42.374736942046
2026-04-02,4764,126.0,129.0,120.0,121.0,2050347.0,254749796.0,124.7,131.95,135.625,112.43666666666667,82.36791666666666,,37.87878787878788,45.54455445544555,1.896029132217393,5.585438122850267,-3.6894089906328738,23.893371989025503,24.754006951579356,24.593599813046175,,159.3001590891115,135.625,111.94984091088851,2371180.6,4331549.75,0.8646945745085802,124.24716206573814
2026-04-02,4766,317.0,318.0,307.0,308.0,451357.0,140349927.0,313.6,324.95,322.9,320.075,349.40833333333336,343.7125,18.085106382978722,49.624060150375946,-1.0303155500346861,1.1635315915520266,-2.193847141586713,23.364866138238366,29.406298473683755,16.464617199244987,,345.7348763725029,322.9,300.06512362749703,422523.2,569978.45,1.0682419332240218,310.9510365409199
2026-04-02,4767,25.3,25.5,25.25,25.5,36025.0,913782.0,25.5,25.52,25.2625,25.451666666666664,25.550833333333333,25.600416666666664,63.6363636363634,60.65573770491802,0.06328330254820358,0.023467545891445618,0.03981575665675796,17.23541480627787,13.705038177328891,31.579051399064614,,26.016349768645807,25.2625,24.508650231354192,31015.0,17073.75,1.1615347412542318,25.365218598195696
2026-04-02,4768,475.5,496.0,459.0,482.0,2381946.0,1141211116.0,476.4,480.9,465.05,418.64166666666665,406.5708333333333,400.53541666666666,75.9493670886076,55.278592375366564,17.36335913145956,18.306368321568723,-0.9430091901091622,24.72103082861472,12.150809223882586,44.39809193967044,,542.0940065635765,465.05,388.0059934364235,2148367.6,1719019.6,1.1087236653541042,479.10872706602083
2026-04-02,4770,221.5,221.5,215.5,216.5,146855.0,31934097.0,219.9,222.2,232.3,233.60833333333332,251.76666666666668,256.62916666666666,45.28301886792453,48.660714285714285,-5.63772882064535,-3.579552708716035,-2.058176111929315,25.768730237305764,30.7988238343411,14.639575163810225,,260.21792482109026,232.3,204.3820751789098,233382.6,726896.55,0.6292457106913711,217.45324980422865
2026-04-02,4771,182.5,183.5,179.0,179.5,219535.0,39531386.0,184.5,189.25,184.0,179.75,179.30416666666667,184.175,13.15789473684211,55.78947368421053,1.7033181269355566,2.6388021645455524,-0.9354840376099958,21.304692135860247,26.17164081614853,19.33965772719377,,199.0297949700621,184.0,168.9702050299379,195176.6,239151.4,1.124801846122947,180.06871797207734
2026-04-02,4772,295.5,300.0,292.0,296.0,1628985.0,480664994.0,292.3,298.1,310.825,316.2916666666667,318.6458333333333,319.8229166666667,52.631578947368425,38.94389438943895,-6.966802419409248,-5.055633592169069,-1.9111688272401794,17.15476115579254,25.133325776194926,32.77042824131884,,346.4993679175369,310.825,275.15063208246306,1668191.0,2097705.75,0.9764978950252099,295.0702394435799
2026-04-02,4804,3.72,4.0,3.63,3.63,405322.0,1520442.0,4.5,4.75,5.216,5.893833333333333,6.076916666666666,6.168458333333333,30.919220055710312,24.778761061946895,-0.49468173086660805,-0.33995375444288933,-0.15472797642371872,23.812785795406104,48.79095351309156,44.13066527926256,,6.882542591872857,5.216,3.5494574081271426,291193.2,114508.15,1.3919349765035722,3.751195345922501
2026-04-02,4806,12.0,12.0,11.05,11.1,27736.0,316882.0,,,,,,,50.0,49.27536231884057,0.11434308486425415,0.24553473015023647,-0.13119164528598232,17.04696808598171,14.339967537296463,35.725111491271505,,,,,,,,11.424935102394
2026-04-02,4807,14.35,14.55,14.25,14.25,61205.0,875402.0,14.55,15.26,16.1175,,,,2.8571428571428896,20.0,-0.8318105336371069,-0.6403495812310209,-0.19146095240608596,14.04908817040339,39.22307145854174,38.171866223792165,,18.382862757055324,16.1175,13.852137242944675,213208.2,97675.1,0.2870668201316835,14.302785720120905
2026-04-02,4903,44.65,48.0,43.15,47.5,10540455.0,486286041.0,46.989999999999995,46.595,44.31,40.18833333333334,38.96916666666666,38.35958333333333,47.340425531914896,66.497461928934,2.107967964106294,1.9058686979938926,0.20209926611240125,22.280002553101976,11.847546077372849,42.99534335383008,,50.311543661075056,44.31,38.30845633892495,14512473.0,10844187.15,0.7263031600472228,46.135203935693475
2026-04-02,4904,93.5,93.7,92.4,92.5,3354406.0,311221171.0,92.3,92.91,92.77,90.20166666666665,89.82249999999999,88.41708333333334,41.17647058823527,53.6231884057971,0.42748291334996225,0.6038481612118444,-0.17636524786188212,19.439518958731163,17.50711906684449,16.643195543771476,,95.14805758860722,92.77,90.39194241139278,6222621.8,7185648.9,0.5390663466000778,92.77981586009565
2026-04-02,4905,85.3,88.7,83.5,83.5,62010.0,5242363.0,83.78,84.19000000000001,73.75500000000001,,,,11.111111111111128,80.97982708933716,5.9086598752306685,5.138267877178801,0.7703919980518679,41.83940159726219,12.007431578085425,59.88532285294326,,96.05633109079035,73.75500000000001,51.45366890920967,67006.0,102906.45,0.9254395128794436,84.5406063538139
2026-04-02,4906,41.55,42.0,39.0,39.3,188353559.0,7633250948.0,37.42,35.04,31.195,28.730000000000004,27.1925,26.983333333333334,82.37410071942445,74.28571428571428,2.7525722894194544,1.7907586642665807,0.9618136251528737,44.39225182877583,9.103945953527337,35.95578866113818,,40.478482785656425,31.195,21.911517214343576,108020616.8,35927244.65,1.7436815728310118,40.52618378185251
2026-04-02,4907,41.55,42.0,41.3,42.0,158472.0,6611706.0,41.5,40.87,40.7325,41.674166666666665,41.937083333333334,42.06854166666667,86.36363636363646,66.00000000000003,-0.0029818309796141307,-0.26306314775922607,0.26008131677961194,21.535513180167932,13.570018445752979,34.03746616274691,,42.27634175627595,40.7325,39.188658243724056,103283.2,48299.55,1.5343444045110919,41.72160381644707
2026-04-02,4908,120.0,129.0,117.0,129.0,12469052.0,1577282191.0,119.7,115.65,105.585,83.25500000000001,77.37750000000001,74.43875,76.3157894736842,68.99879372738239,11.483547681655523,9.616031397402686,1.8675162842528366,31.406261647023165,9.156978413709131,62.179514178179225,,132.3057213107807,105.585,78.86427868921928,10033631.2,8169088.0,1.2427257641281455,126.49575853882075
2026-04-02,4909,59.5,60.9,57.6,60.1,1834441.0,108636485.0,58.48,57.94,60.480000000000004,56.07833333333333,54.98916666666666,54.44458333333333,74.76635514018695,39.2,0.4726847149461264,0.7098084165043931,-0.23712370155826668,23.47605417777289,19.727680424407513,30.103471631530667,,68.21633940364697,60.480000000000004,52.74366059635303,1626264.6,3685840.5,1.128008935323317,59.22048460539205
2026-04-02,4911,38.8,38.8,37.1,37.9,35533.0,1349812.0,36.769999999999996,36.035000000000004,35.82,39.6925,40.87125,41.460625,77.027027027027,65.38461538461539,-0.5951835810282731,-1.1297147820356164,0.5345312010073433,30.25440859750696,21.262236975492534,44.69584445910236,,38.61857106395396,35.82,33.02142893604604,28519.8,40933.3,1.2459063527794725,37.98756085891988
2026-04-02,4912,90.6,90.6,88.0,88.2,244172.0,21710551.0,90.14,90.03999999999999,90.935,89.59666666666666,84.605,87.58,44.217687074829925,58.36431226765799,-0.25428960262655664,-0.08896212537648186,-0.1653274772500748,23.613413074281073,23.188785012646537,12.631972991862092,,99.20346259495808,90.935,82.66653740504192,503036.0,561013.1,0.48539667141119125,88.91499025277264
2026-04-02,4915,72.4,72.7,70.9,71.0,1044871.0,74555871.0,71.5,71.85999999999999,73.515,77.27333333333334,78.855,78.02874999999999,44.927536231884034,47.916666666666686,-1.8024092758062835,-1.7672987854580955,-0.03511049034818803,15.490852624937121,25.43788189410509,25.63588968445163,,80.71391073631828,73.515,66.31608926368172,1589023.0,3311534.8,0.6575556175083683,71.35413941051097
2026-04-02,4916,57.5,58.5,54.6,54.6,2884387.0,162581210.0,57.14,59.23,60.125,58.51,57.562083333333334,51.10020833333333,19.047619047619065,46.411483253588514,-1.0808115207792923,-0.3650160959944697,-0.7157954247848226,21.142539970593198,26.282037537610865,15.422659873651005,,65.74596639003475,60.125,54.50403360996525,3186948.4,4412274.7,0.9050623474167326,56.365948813387384
2026-04-02,4919,94.5,97.0,91.6,92.4,11710588.0,1097344472.0,94.66,98.43,89.3,66.72833333333332,63.36583333333333,68.11666666666666,35.00000000000003,57.20108695652174,7.975924471774462,9.082926803940449,-1.1070023321659868,27.96108206098223,14.116625247201437,46.53283157490197,,111.10922064777104,89.3,67.49077935222896,17690227.0,21603365.15,0.6619806518028287,93.70532649598807
2026-04-02,4923,36.55,36.6,35.45,35.45,78736.0,2829495.0,35.19,36.13,34.0025,31.901666666666667,31.250833333333333,30.925416666666667,36.36363636363641,62.389380530973455,1.1351961709711063,1.164383292688934,-0.02918712171782767,29.240219450114946,28.183591244234258,22.02996076140635,,40.84835737200934,34.0025,27.15664262799066,71241.6,210643.1,1.1051969635718455,35.93648394635237
2026-04-02,4924,10.1,10.1,9.39,9.75,128505.0,1239694.0,10.0,10.28,10.4825,10.788333333333332,10.869166666666667,10.909583333333332,17.391304347826036,21.276595744680847,-0.245065792512575,-0.15885773297265038,-0.08620805953992461,14.277812846659788,20.5030086194995,27.1795811833794,,11.306019405069668,10.4825,9.658980594930332,106503.0,63933.8,1.2065857299794371,9.64704875296681
2026-04-02,4927,42.05,42.3,40.7,40.85,3466316.0,142920038.0,41.5,42.69,43.725,34.766666666666666,29.3775,27.735000000000003,34.545454545454604,48.48484848484849,1.3897436910399534,2.2902246455379354,-0.9004809544979819,24.747918381689633,22.984457644554375,27.47552529787487,,48.996821816332535,43.725,38.45317818366747,5190589.6,11193535.1,0.6678077573306894,41.23110472328547
2026-04-02,4930,19.5,19.5,19.35,19.45,47571.0,925145.0,19.48,19.785,20.4775,21.44583333333333,22.196666666666665,23.484375,5.882352941176549,16.27906976744191,-0.589449837096037,-0.5103674777535265,-0.07908235934251051,10.769398426399157,42.095406759980946,39.24865261430999,,22.15473927301609,20.4775,18.800260726983907,37376.6,78571.9,1.2727481900440383,19.447667696705977
2026-04-02,4931,137.0,138.0,134.0,135.5,3078473.0,417229173.0,138.2,140.35,138.7,144.775,146.8875,147.94375,35.71428571428572,52.07100591715976,-1.3193840156887688,-1.2974181427130187,-0.021965872975750145,26.386286311997893,20.135265719518188,28.93827299602216,,154.6023334931171,138.7,122.79766650688288,5571683.8,4338436.15,0.5525211247630384,135.53121076585697
2026-04-02,4933,59.8,61.0,59.8,60.4,320242.0,19310864.0,59.35999999999999,59.239999999999995,59.044999999999995,57.15,56.575,56.2875,84.21052631578945,49.35622317596565,0.6299428740120732,0.5728149400054812,0.057127934006591996,27.285009087093854,18.48697557542866,23.097715788728717,,63.07931335056246,59.044999999999995,55.01068664943753,236545.2,335465.95,1.3538300502398695,60.300847484090156
2026-04-02,4934,17.05,17.05,15.9,15.95,1129659.0,18252694.0,16.69,17.65,18.3825,15.950833333333332,14.812083333333334,12.99,23.88059701492533,33.93939393939392,-0.04735499835695478,0.4201054242926439,-0.4674604226495987,17.617745890227404,20.199142848702984,32.36727257730959,,20.892537743478037,18.3825,15.872462256521963,1122726.0,2537056.45,1.0061751487005735,16.157702457113164
2026-04-02,4935,36.85,36.85,35.4,35.4,53406.0,1909026.0,36.7,36.325,36.8825,39.40416666666667,41.67625,42.810833333333335,46.61654135338345,44.23076923076922,-0.7986851724771427,-0.8618462967273124,0.06316112425016973,23.045831632431437,33.6454675316821,23.746191404357955,,39.67106216487564,36.8825,34.09393783512436,84753.0,110162.3,0.6301369863013698,35.74553420963937
2026-04-02,4938,78.8,78.8,77.9,78.0,5945310.0,464719191.0,78.38,77.57000000000001,74.925,71.75666666666667,71.82,76.98208333333334,57.017543859649095,67.93248945147678,1.9856473576069789,1.7786917692658077,0.20695558834117112,32.34003555853009,22.872533549127617,22.982736463156417,,82.11062160809567,74.925,67.73937839190432,10033180.4,10144223.75,0.5925648461379205,78.16567866099497
2026-04-02,4939,29.5,31.5,29.0,31.0,3340551.0,102112007.0,30.04,29.839999999999996,31.485000000000003,33.7075,34.42875000000001,34.78937499999999,71.55172413793105,43.7869822485207,-1.0329359431681908,-1.1240029901913118,0.09106704702312096,18.451230307175212,18.757461194186973,32.551588279229904,,35.81544303069621,31.485000000000003,27.154556969303798,2496330.6,2212701.1,1.3381845337312293,30.567414477432017
2026-04-02,4942,38.9,39.0,38.5,38.65,137433.0,5324153.0,38.1,37.879999999999995,37.9,38.18333333333333,37.78916666666667,38.15,74.07407407407412,62.22222222222225,0.04950886762024709,-0.06850662262188904,0.11801549024213613,28.950047921179422,18.881546752305884,11.56190820587985,,38.856968899016145,37.9,36.94303110098385,142426.8,140577.9,0.9649377785641468,38.73998966769262
2026-04-02,4943,10.9,10.9,10.7,10.7,20222.0,217807.0,,,,,,,58.064516129032185,39.08045977011492,-0.32145970520906886,-0.2546550780943639,-0.06680462711470497,17.5500324969906,33.94787631191891,17.211389681487375,,,,,11806.2,25294.8,1.71282885263675,10.770794184551479
2026-04-02,4946,110.0,112.5,109.0,110.5,52125.0,5773760.0,112.5,120.05,133.725,123.48333333333333,121.24166666666666,120.12083333333334,0.0,0.0,-4.268598441758002,-0.23025251660823343,-4.038345925149768,18.361056183957277,34.5602787087355,34.46510335702647,,168.29068879836277,133.725,99.15931120163722,61075.0,222429.15,0.8534588620548506,110.76757793764988
2026-04-02,4949,69.0,69.4,63.3,64.1,4206166.0,278766406.0,67.17999999999999,66.38,59.897499999999994,47.710833333333326,43.47875,44.54666666666667,58.37837837837835,64.52830188679243,5.384577255587303,5.4378462136401104,-0.05326895805280785,31.264846349760422,14.414496686224808,47.87982010660361,,77.14667923295261,59.897499999999994,42.64832076704738,7986421.4,5254206.4,0.5266646711128967,66.27565483625706
2026-04-02,4950,16.05,16.65,16.05,16.65,25155.0,409275.0,15.839999999999998,15.280000000000001,15.455000000000002,17.495833333333334,18.122916666666665,18.436458333333334,87.27272727272728,61.6,-0.3668007228670742,-0.6657046980181471,0.2989039751510729,19.578351144348368,14.585731705019741,47.12956778392477,,17.068724035626303,15.455000000000002,13.841275964373699,28893.0,31658.25,0.8706261032083896,16.270125223613597
2026-04-02,4951,72.0,72.8,71.4,71.4,94156.0,6761333.0,69.86,69.24,69.735,68.74333333333334,68.32166666666667,68.11083333333335,79.71014492753633,53.37078651685394,0.28277417610196665,0.14203467614210305,0.1407394999598636,27.34608023670996,17.63536825758045,21.779632289289605,,73.3175747871138,69.735,66.1524252128862,81493.6,152626.4,1.1553790727124582,71.80990059050937
2026-04-02,4952,40.2,40.2,38.9,39.1,215729.0,8453260.0,39.730000000000004,40.894999999999996,43.0925,39.33666666666667,39.5275,41.130833333333335,38.888888888888864,22.846441947565538,-0.35523467020203014,0.4000878534289067,-0.7553225236309369,18.779772587859025,25.185037796515115,25.837651870688717,,48.995244678270126,43.0925,37.189755321729876,227911.0,1539577.45,0.9465493109152257,39.18462515470799
2026-04-02,4953,117.5,118.5,116.0,116.0,302217.0,35410688.0,114.1,114.55,113.95,117.925,119.2125,119.85625,51.99999999999999,57.14285714285714,-0.6385711138559458,-1.0218493597905842,0.38327824593463844,23.445523803346266,19.625228331590655,32.63574862856154,,118.93312943313431,113.95,108.9668705668657,298530.2,329692.15,1.0123498393127395,117.16974227128189
2026-04-02,4956,32.5,34.2,32.05,32.95,5565133.0,183994459.0,32.87,34.050000000000004,30.2925,24.725,22.457083333333333,23.82208333333333,35.63218390804599,72.3991507430998,2.4981138636408,2.6472650492639818,-0.14915118562318197,30.251119948887894,19.153679791538497,36.2107460648922,,39.62012027528983,30.2925,20.964879724710173,5560091.6,11095134.85,1.0009067116807933,33.0620057058834
2026-04-02,4958,230.0,237.0,213.0,213.5,39861027.0,8896622212.0,219.2,212.05,199.525,171.975,167.1,139.90916666666666,60.9271523178808,68.88888888888889,11.086502370969555,10.086680784668031,0.9998215863015236,33.93603393110231,16.46469368476832,29.679953469251366,,237.62939261872708,199.525,161.42060738127293,39657566.2,30015107.75,1.005130440909407,223.19099334796365
2026-04-02,4960,21.9,22.2,20.0,20.4,22769320.0,472668181.0,23.88,24.595,21.415,16.210833333333333,15.084583333333333,14.285,31.65137614678899,57.60368663594469,2.2595434039221267,2.6529820962053625,-0.3934386922832358,30.21907292211704,25.88015666820858,46.33489732701543,,30.721879176179293,21.415,12.108120823820705,19193076.8,18895683.7,1.18632985410656,20.758994164076924
2026-04-02,4961,153.5,154.0,148.0,149.0,955606.0,143023980.0,149.6,145.75,145.95,144.80833333333334,152.525,178.42708333333334,75.0,58.10810810810811,0.8768837127568645,-0.04095576189935043,0.917839474656215,29.229637452916556,16.936517500059132,14.313683607938342,,154.41603119593177,145.95,137.4839688040682,1608309.6,1024856.0,0.5941679388097914,149.66835704254683
2026-04-02,4966,498.0,537.0,498.0,533.0,1928878.0,1014268858.0,516.2,507.3,513.85,520.85,523.425,524.7125,80.8,52.77777777777777,-0.5083966842601058,-3.800043039065065,3.2916463548049593,19.76305555755737,17.714473141293418,29.90042702451759,,548.6790562303195,513.85,479.0209437696805,1366126.8,896770.8,1.411931893876908,525.8335975629356
2026-04-02,4967,220.0,223.0,208.0,209.0,8795138.0,1891374632.0,214.0,236.4,217.675,189.41666666666666,149.6216666666667,112.48875,22.727272727272734,57.25806451612903,5.1775237021339535,9.15890897837666,-3.9813852762427064,29.26914438365576,25.53355822174933,23.589170694698456,,273.13695946203444,217.675,162.21304053796555,11196318.6,14254527.75,0.7855383822321741,215.0477493360536
2026-04-02,4968,105.5,106.5,101.5,102.0,928404.0,95540029.0,104.3,105.85,109.15,122.15833333333333,135.02916666666667,137.59416666666667,41.66666666666667,47.67441860465116,-4.683650606663306,-4.727798244883087,0.04414763821978074,13.775267949850594,24.320229671479122,14.854507619264327,,123.32967411101885,109.15,94.97032588898117,835322.8,1283771.5,1.1114314131016176,102.9078170710165
2026-04-02,4971,640.0,652.0,608.0,647.0,519287.0,329025212.0,620.4,537.6,494.25,429.0833333333333,413.0416666666667,405.0208333333333,100.0,79.6472184531886,55.09452080692995,33.605645052383004,21.488875754546946,38.849735722191284,11.462994447614838,40.7091717481005,,660.6763706330983,494.25,327.8236293669017,4174772.2,2532033.15,0.12438690666762607,633.6095685045071
2026-04-02,4972,17.45,17.45,17.1,17.15,96974.0,1672247.0,17.35,17.55,17.6575,17.918333333333337,17.98416666666667,18.017083333333336,0.0,26.086956521739154,-0.17525136529819108,-0.11294678415814752,-0.06230458114004356,10.4193554397241,18.273879874459233,36.89238248262495,,18.124601927341686,17.6575,17.19039807265831,67584.4,40731.95,1.4348577482377591,17.24428197248747
2026-04-02,4973,74.5,78.4,74.1,78.3,12176454.0,939393796.0,73.26,77.7,64.97999999999999,51.774166666666666,48.537083333333335,46.91854166666666,65.13761467889906,67.39961759082217,7.718199944370923,7.39887568028438,0.3193242640865428,35.641374627482364,21.17846975549843,40.68481120751979,,102.17573263582521,64.97999999999999,27.784267364174767,7872272.4,4922699.6,1.5467521169618064,77.14838786398734
2026-04-02,4974,70.1,70.5,69.7,70.1,123854.0,8667164.0,70.46,70.93,72.01,73.825,74.0625,74.18124999999999,37.03703703703699,44.53124999999998,-1.1282849712846712,-0.9708916874589321,-0.15739328382573914,15.391821743498909,27.74973792976126,27.583328757075492,,76.36522674495815,72.01,67.65477325504186,125912.4,200380.5,0.9836521263989886,69.97887835677491
2026-04-02,4976,27.95,28.4,27.1,27.1,308287.0,8438002.0,27.78,28.5,29.2875,30.445,34.4625,32.07645833333333,22.413793103448327,42.7586206896552,-0.8279130170432403,-0.6290110246407126,-0.1989019924025277,19.182894414563613,30.60923223774595,15.480366685935813,,31.903820236314527,29.2875,26.671179763685476,373017.2,474805.25,0.8264685917968394,27.37060596132824
2026-04-02,4977,186.0,191.0,178.0,178.0,5730747.0,1058633014.0,185.5,188.6,176.85,147.00833333333333,131.47166666666666,114.67041666666667,46.601941747572816,60.22304832713755,11.272749362656157,12.796566663640009,-1.5238173009838523,26.543916486941367,21.316632966239784,27.249720778365187,,209.88602499345868,176.85,143.8139750065413,7684590.0,15057478.1,0.7457453162758195,184.72862508151206
2026-04-02,4979,442.0,449.5,434.0,449.5,3871736.0,1712912615.0,427.7,412.1,402.65,345.0416666666667,329.5208333333333,321.7604166666667,70.09646302250803,62.390158172231985,24.18883632818188,20.077286189531705,4.111550138650173,34.275858906155726,15.57110232743815,42.08252254704095,,466.5768496428784,402.65,338.72315035712154,9116441.6,13538074.8,0.42469816293234414,442.4146209865549
2026-04-02,4987,81.4,81.4,81.4,81.4,14984.0,1219668.0,81.30000000000001,81.19,80.98499999999999,,,,79.99999999999943,80.0,0.2852500879377686,0.26698940279013866,0.018260685147629963,13.59451279597019,0.8251147491329587,61.68606567688431,,81.48877522138893,80.98499999999999,80.48122477861104,31590.4,39716.1,0.4743213128038898,81.39802455953017
2026-04-02,4989,66.6,67.9,62.7,63.4,11365489.0,741865901.0,64.74,67.41,66.855,53.809999999999995,44.50833333333333,31.647083333333335,29.333333333333343,52.857142857142854,2.5887012818558333,3.723437178260087,-1.1347358964042535,25.63276036582097,21.349268800672586,30.354839187713115,,74.13307811531558,66.855,59.576921884684424,13306608.2,28307089.55,0.854123667667618,65.27355760935583
2026-04-02,4991,529.0,552.0,510.0,552.0,885516.0,474686086.0,505.6,453.7,392.75,295.05,268.275,254.8875,93.27731092436974,82.96529968454259,64.5375822916958,46.673857693512396,17.863724598183403,44.7015978538044,7.72341814641934,59.64429928621223,,554.7946657073619,392.75,230.70533429263816,4201109.6,4800428.0,0.21078145640380344,536.055910903925
2026-04-02,4994,98.9,99.3,97.1,98.0,16006.0,1572491.0,96.0,93.61,97.295,98.06166666666667,97.125,96.34208333333335,89.77272727272722,42.29074889867841,-1.1898214206502047,-1.5280895879373078,0.33826816728710307,31.6083600812123,26.01602971005854,22.171853294299964,,107.00348245499508,97.295,87.58651754500492,18685.4,27660.15,0.8566046217902747,98.24384605772835
2026-04-02,4995,41.5,41.75,41.35,41.4,52275.0,2166997.0,41.19,41.185,41.1125,40.4925,40.346250000000005,40.27312500000001,56.52173913043473,51.219512195121965,0.2207400376230524,0.21324728718878616,0.0074927504342662266,25.27953826038985,14.186635174313608,31.96430040428589,,42.25538416321439,41.1125,39.96961583678561,37165.0,40974.8,1.4065653168303511,41.45379244380679
2026-04-02,4999,21.35,21.4,21.25,21.35,88254.0,1885914.0,21.509999999999998,21.765,22.177500000000002,23.043333333333333,24.34125,25.5625,0.0,24.242424242424335,-0.4859005926007107,-0.4299371490311661,-0.055963443569544635,14.299626982899106,25.915023802844644,27.599288138350854,,23.342550258682788,22.177500000000002,21.012449741317216,73970.2,93005.0,1.1931020870566795,21.369161737711604
2026-04-02,5007,55.9,55.9,55.2,55.4,46371.0,2565355.0,57.3,56.980000000000004,57.19499999999999,56.9,54.32083333333333,53.68958333333333,37.99999999999997,51.351351351351326,-0.22755332453873223,-0.11473835655578209,-0.11281496798295014,23.73714809840968,29.454909466561936,16.874251942583506,,60.68421647063445,57.19499999999999,53.70578352936553,168154.2,94065.05,0.27576474450236743,55.3223997757219
2026-04-02,5009,32.0,32.3,31.85,31.95,1224029.0,39189574.0,32.44,32.945,33.8125,33.4575,33.27875,33.189375000000005,37.20930232558135,33.175355450236964,-0.4479127632257658,-0.17070544723461972,-0.27720731599114606,16.926462449154283,21.355501838274144,25.890765095340658,,36.387455288319,33.8125,31.237544711680993,1459617.4,3201993.85,0.8385957854435006,32.016867247426326
2026-04-02,5011,13.45,13.5,13.1,13.1,278709.0,3689786.0,13.37,13.604999999999999,13.989999999999998,12.6025,12.25125,12.075624999999999,10.526315789473657,6.8965517241379075,0.14866060726571106,0.3620830311642335,-0.21342242389852245,23.849386720989642,19.09216533790144,41.026812616918264,,16.29710572841932,13.989999999999998,11.682894271580675,268025.4,688636.85,1.0398604012903254,13.238847687014054
2026-04-02,5013,,,,,195.0,5799.0,,,,,,,0.0,40.54054054054055,-0.1499115553199566,-0.14061936832282168,-0.00929218699713491,20.089175984786962,17.27209522509688,22.040962032140634,,,,,,,,29.73846153846154
2026-04-02,5014,10.2,10.25,10.0,10.25,626302.0,6331353.0,10.330000000000002,10.434999999999999,10.6075,11.110000000000001,11.255,11.327500000000002,0.0,25.000000000000014,-0.2220532132764994,-0.20269733804141524,-0.01935587523508417,6.899722706173729,20.278998884132367,46.320893324653824,,11.116653063533212,10.6075,10.098346936466788,478381.2,280306.25,1.3092111479297264,10.109105511398655
2026-04-02,5015,25.3,25.55,25.3,25.4,15995.0,407459.0,25.54,25.994999999999997,26.647499999999997,28.189999999999998,28.595000000000002,28.797500000000003,0.0,15.517241379310335,-0.7725602478527094,-0.6874589398484263,-0.08510130800428306,11.032356501400507,20.273857650265903,44.50231920992579,,28.469146161262376,26.647499999999997,24.82585383873762,18397.0,35615.8,0.8694352340055443,25.474148171303533
2026-04-02,5016,34.4,34.4,32.2,32.3,676398.0,22196678.0,30.57,27.71,26.2275,25.427500000000002,25.21375,25.106875,98.71794871794874,83.64485981308411,1.589444709657112,0.6707276723136412,0.9187170373434709,56.382410578631635,8.479692101972464,50.12178076267758,,32.10927157343817,26.2275,20.345728426561827,644838.8,170242.45,1.0489412237601086,32.81600182141284
2026-04-02,5201,38.9,38.95,38.4,38.95,23358.0,906499.0,39.04,39.225,39.652499999999996,41.32083333333333,41.860416666666666,42.130208333333336,44.117647058823636,39.13043478260871,-0.612973109197327,-0.621303570152032,0.008330460954705021,7.752698048533856,14.50714046278319,35.62063335330636,,41.06129754624854,39.652499999999996,38.24370245375145,118214.8,146913.65,0.19758947272253558,38.80893055912321
2026-04-02,5202,12.85,12.9,12.7,12.7,130017.0,1662346.0,13.030000000000001,13.584999999999999,13.925,14.601666666666667,14.800833333333335,14.900416666666667,3.703703703703752,28.76712328767124,-0.45662373446572957,-0.3016068120596808,-0.15501692240604875,12.34657342038419,31.161479800421766,32.51030055433617,,15.226214008046645,13.925,12.623785991953357,145210.2,210865.2,0.8953709863356706,12.785604959351469
2026-04-02,5203,63.9,66.1,62.6,63.7,808122.0,52238067.0,63.1,62.970000000000006,64.33500000000001,80.82833333333333,89.55666666666667,96.75375000000001,60.869565217391305,56.296296296296305,-4.261470484493785,-5.103565554619816,0.8420950701260317,20.884490931556606,30.30495324284857,48.52827669220364,,71.31716525004572,64.33500000000001,57.3528347499543,328387.0,444494.75,2.460883043482233,64.64131282157892
2026-04-02,5205,29.8,30.35,29.8,30.35,2009.0,60409.0,29.759999999999998,29.350000000000005,28.7175,28.089166666666664,27.99458333333333,27.947291666666665,57.14285714285715,61.19402985074627,0.6217729801398164,0.4186978694251897,0.2030751107146267,12.528409839540972,21.388022082230535,37.78731926799419,,31.091321037018176,28.7175,26.343678962981826,3005.4,3932.7,0.668463432488188,30.069188651070185
2026-04-02,5206,29.35,29.35,28.6,28.8,32288.0,932230.0,28.65,28.584999999999997,28.8325,29.605000000000004,29.802500000000002,29.901249999999997,84.61538461538444,42.10526315789475,-0.27929095492770273,-0.3373058656218577,0.058014910694154986,19.448916821128822,12.215598626903487,34.2577792722118,,29.981996457264287,28.8325,27.68300354273571,57172.8,57993.65,0.5647440741051689,28.872336471754213
2026-04-02,5209,166.5,166.5,166.0,166.5,18507.0,3077566.0,167.2,167.85,167.8,171.275,172.6375,173.31875,39.99999999999999,42.30769230769231,-0.9094933342152274,-0.9119457914652066,0.002452457249979223,14.43438153237277,26.07309529477277,33.33978248368188,,170.88476732893798,167.8,164.71523267106204,17504.2,39404.85,1.0572891077569955,166.2919976225212
2026-04-02,5210,23.2,23.7,22.35,23.05,423490.0,9768641.0,22.75,22.465,21.9725,21.598333333333336,21.524166666666666,21.48708333333333,77.14285714285718,74.66666666666669,0.38147138161784966,0.24280541727490562,0.13866596434294404,21.36789104059684,7.203013994464393,38.27936342566657,,23.287784639996417,21.9725,20.657215360003583,303694.0,182500.2,1.394462847471468,23.066993317433706
2026-04-02,5211,21.15,21.7,21.15,21.3,47551.0,1017662.0,21.360000000000003,22.1,22.692500000000003,24.509166666666665,25.054583333333333,25.327291666666667,14.583333333333371,21.621621621621642,-0.8454778959048674,-0.7304663235511694,-0.11501157235369808,7.4683296163792035,24.159430717164692,40.051318290776436,,24.437349563716033,22.692500000000003,20.947650436283972,68930.6,48968.45,0.6898387653669052,21.401484721667263
2026-04-02,5212,49.95,49.95,48.9,49.2,37045.0,1826136.0,51.08,52.629999999999995,52.529999999999994,52.19500000000001,52.0975,52.04875,2.0833333333333712,32.63157894736844,-0.4001937462289291,0.14521214997123175,-0.5454058962001609,12.119557393029892,31.403787856200722,27.67323143338166,,56.12537714879888,52.529999999999994,48.934622851201105,38627.0,19053.1,0.9590441918865042,49.29507355918477
2026-04-02,5213,27.1,27.15,26.9,27.15,404030.0,10930346.0,27.110000000000003,27.165,26.5525,24.815833333333334,24.357916666666664,24.128958333333333,55.555555555555294,54.83870967741933,0.6890290575900018,0.7398435298142022,-0.050814472224200435,27.96446077423247,11.9846692740904,51.609646392132255,,28.652243092054707,26.5525,24.45275690794529,395018.0,884212.85,1.0228141502412549,27.053302972551542
2026-04-02,5215,37.15,37.15,36.6,36.7,49117.0,1806497.0,37.15,37.595,37.8675,37.041666666666664,36.18416666666667,37.454791666666665,22.85714285714309,51.456310679611704,-0.11368463073296198,0.0606312596962609,-0.17431589042922288,27.019385166249933,21.864346498218527,10.723153982712878,,39.92157810029317,37.8675,35.81342189970683,44060.2,48752.45,1.114770246163204,36.779465358226275
2026-04-02,5220,19.3,19.85,19.3,19.8,130678.0,2568299.0,19.48,19.365,19.445,18.61916666666667,18.359583333333333,18.229791666666667,80.95238095238103,50.793650793650805,0.2231186634147555,0.22616288534651677,-0.003044221931761265,33.41161228840411,13.541885673439852,49.32166169913998,,20.09945839399776,19.445,18.79054160600224,87406.8,103955.95,1.4950553046216084,19.65364483692741
2026-04-02,5222,127.5,128.0,122.0,122.5,873594.0,108352623.0,128.6,131.1,134.3,134.34166666666667,137.76666666666668,127.06750000000001,16.666666666666657,32.786885245901644,-2.4422079220402964,-1.2389520875944753,-1.203255834445821,17.733096350379842,28.264073332472368,14.279538865311268,,144.8849943440303,134.3,123.7150056559697,636391.0,776506.05,1.3727315439721806,124.03086903069389
2026-04-02,5223,26.5,26.5,25.5,25.6,36150.0,930109.0,26.119999999999997,26.77,28.1875,28.204166666666666,28.20208333333333,28.201041666666665,16.279069767441797,17.07317073170732,-0.7356190594070213,-0.36451373957989586,-0.37110531982712547,9.286930548002246,16.400020254678658,34.333646783182864,,31.44081814419808,28.1875,24.93418185580192,36490.0,71361.0,0.9906823787338997,25.729156293222683
2026-04-02,5225,79.0,79.0,77.7,77.7,231352.0,18078762.0,79.74,85.64,90.19,97.73666666666666,103.28416666666666,100.67708333333333,3.597122302158269,23.111111111111114,-5.005275537242497,-3.5923513852242728,-1.412924152018224,15.68686840454948,49.1824897866583,24.97621510864912,,103.89530438994379,90.19,76.4846956100562,342209.4,479605.4,0.6760539015000756,78.14396244683427
2026-04-02,5227,21.85,22.1,21.7,21.95,207331.0,4538978.0,22.77,23.635,24.427500000000002,25.151666666666667,25.325833333333332,25.412916666666664,17.91044776119398,28.67132867132868,-0.760875777478816,-0.4303588110909156,-0.33051696638790035,9.280508318681434,30.87434523232695,31.64605103855618,,26.843341359378602,24.427500000000002,22.011658640621402,168598.6,196215.65,1.2297314449823427,21.89242322662795
2026-04-02,5228,27.65,27.65,27.65,27.65,481922.0,13325129.0,26.259999999999998,25.73,24.4,23.065,22.7575,22.603749999999998,71.79487179487177,67.77777777777777,1.1062830959099053,0.7249315805691804,0.38135151534072487,32.64861610196179,16.756429809890214,29.15166256762771,,28.221132375563403,24.4,20.578867624436594,364953.2,357354.2,1.3205035604565187,27.649970327148377
2026-04-02,5230,16.1,16.2,15.9,16.05,153213.0,2463969.0,16.32,16.57,16.61,17.33083333333333,17.540416666666665,17.645208333333336,17.391304347826036,36.61971830985916,-0.2787359908335745,-0.24671735257771718,-0.032018638255857296,10.710462112778012,22.969248526509926,46.03661853093364,,17.612418128957774,16.61,15.607581871042226,105527.8,118049.75,1.4518733452227754,16.08198390476004
2026-04-02,5234,363.0,372.5,355.0,357.0,1444956.0,523169149.0,349.2,359.5,377.625,352.6,363.49583333333334,292.39166666666665,50.60240963855422,51.12359550561798,-3.70703404801435,1.1849035222724278,-4.891937570286778,28.785115816874534,26.873894254765414,16.745556019804607,,433.5618770179972,377.625,321.6881229820028,957238.2,1439995.75,1.5095051576504157,362.06579923540926
2026-04-02,5236,137.0,140.5,137.0,139.5,291707.0,40586375.0,135.2,132.0,130.325,122.8,120.65,119.575,79.06976744186046,64.70588235294119,3.6969076293912337,2.8116096786885656,0.8852979507026681,38.03967768148595,18.448891308634703,28.945073030689773,,139.0805997119436,130.325,121.56940028805637,199824.2,172398.65,1.4598181801803785,139.13404546342736
2026-04-02,5243,90.0,97.2,89.4,93.7,17950793.0,1687590375.0,84.46000000000001,77.76,77.115,80.53500000000001,78.665,67.00625,100.0,85.79545454545455,1.2219522180327118,-1.175419464261276,2.397371682293988,44.68098693166315,16.806215629665296,21.278703379705462,,91.82815558839802,77.115,62.40184441160197,13803484.4,4503287.55,1.300453746301912,94.01202359138117
2026-04-02,5244,38.7,40.5,38.2,40.2,1949079.0,77236151.0,39.11,38.955,37.877500000000005,39.19916666666667,40.8375,43.00979166666666,58.33333333333333,59.68992248062016,0.29348117914769745,-0.05585901549777559,0.34934019464547306,20.047683114726112,14.272849678714273,17.478079098407378,,41.822580213979876,37.877500000000005,33.932419786020134,2493862.6,1231606.25,0.7815502746622849,39.62699870041183
2026-04-02,5245,23.0,23.25,22.85,22.95,66766.0,1536396.0,23.77,24.325,25.73,30.206666666666663,31.75333333333333,32.526666666666664,36.363636363636346,28.971962616822424,-1.7777172725754582,-1.7027535492097226,-0.07496372336573565,7.854210720207609,22.41955162923211,46.3216710879514,,29.683066764185156,25.73,21.776933235814845,52259.6,116586.3,1.277583448782616,23.01165263757002
2026-04-02,5251,30.4,30.4,29.1,29.9,133006.0,3938024.0,29.809999999999995,30.325,31.057499999999997,32.424166666666665,32.83708333333333,33.04354166666666,45.16129032258063,39.893617021276576,-0.7338597243799541,-0.6487429589116291,-0.08511676546832492,12.93676021093927,17.168355003742068,31.27123017050263,,33.43287254695805,31.057499999999997,28.682127453041943,113003.6,135679.2,1.1770067502274264,29.6078673142565
2026-04-02,5258,48.6,48.6,46.6,46.9,223302.0,10560635.0,47.21999999999999,46.345,47.682500000000005,59.55416666666667,66.02291666666666,68.05729166666667,61.077844311377255,47.38154613466333,-2.7615279857446993,-3.4947636039249423,0.7332356181802431,19.836036779891657,32.488478855090804,42.68215691234609,,52.870367932416734,47.682500000000005,42.494632067583275,373342.6,466435.9,0.5981155110614219,47.293060518938475
2026-04-02,5263,96.3,99.5,95.1,96.0,212162.0,20504593.0,94.44000000000001,95.22999999999999,97.62,103.37333333333332,105.18666666666667,106.09333333333333,59.43396226415095,41.197183098591545,-2.394122722738672,-2.429715448697331,0.035592725958659255,17.415316024419276,19.95802372195432,28.94758979452631,,104.85808640021095,97.62,90.38191359978906,243497.2,245469.2,0.8713118672411838,96.64592622618565
2026-04-02,5269,1100.0,1125.0,1060.0,1060.0,799622.0,863081335.0,1099.0,1139.0,1196.75,1229.25,1347.6666666666667,1599.4916666666666,25.641025641025635,26.470588235294116,-46.191487661871406,-30.931676682312567,-15.25981097955884,14.33882856759572,40.18172583095275,23.29887531026623,,1345.4735159970562,1196.75,1048.0264840029438,694743.0,1067331.0,1.1509608589075384,1079.3616671377226
2026-04-02,5272,21.65,21.75,21.35,21.4,203147.0,4368571.0,22.229999999999997,22.335,22.1875,20.8675,20.50875,20.329374999999995,47.422680412371136,43.58974358974359,0.2723335252307315,0.45993390280253454,-0.18760037757180303,25.021940186049953,19.84326553981684,33.20079355176608,,24.219578272425334,22.1875,20.155421727574666,454688.2,397901.6,0.4467830922377137,21.50448197610597
2026-04-02,5274,12565.0,12980.0,12320.0,12580.0,415926.0,5234976110.0,12102.0,11793.0,10846.25,10099.0,9944.5,9867.25,85.83690987124464,69.6514012303486,683.1887566555979,506.40382729340604,176.78492936219186,24.550308895963667,14.262455046007656,35.90956100760648,,13387.52169781298,10846.25,8304.97830218702,378955.6,350165.8,1.0975586585869164,12586.316099498468
2026-04-02,5276,15.55,15.55,15.5,15.5,3129.0,48688.0,,,,,,,0.0,40.90909090909092,-0.14970060579336852,-0.1635446660982817,0.01384406030491317,5.2243143905973195,16.666261534623377,50.582482728467866,,,,,,,,15.56024288910195
2026-04-02,5278,23.7,23.7,23.3,23.45,366945.0,8588792.0,24.39,24.275,25.6,27.813333333333333,28.43166666666667,28.74083333333333,44.24778761061945,26.635514018691566,-1.1641420418465103,-1.0659943557721574,-0.09814768607435287,17.165842902660227,36.86944247319746,50.19342783110313,,29.5520813969883,25.6,21.647918603011703,548367.0,508075.75,0.6691595227283917,23.40621074002916
2026-04-02,5283,53.9,54.5,53.8,54.5,44679.0,2418095.0,54.260000000000005,55.31,56.585,59.895,63.545833333333334,74.10583333333334,34.000000000000014,38.157894736842145,-1.4995216978061734,-1.3442154614133959,-0.15530623639277752,20.25911201560032,33.703692865254844,17.328566343529353,,60.44479274054693,56.585,52.72520725945307,95005.4,87193.95,0.47027853153610216,54.12151122451264
2026-04-02,5284,280.5,283.5,273.0,273.5,654901.0,181405042.0,276.1,278.05,272.65,280.1166666666667,282.35833333333335,228.35375000000002,51.30434782608696,57.088122605363985,1.167884114343508,0.8615175678374473,0.30636654650606066,17.365506006671442,20.661392925400467,9.568334022743796,,292.20854907974945,272.65,253.09145092025054,1065955.8,1344214.75,0.6143791327933109,276.996129185938
2026-04-02,5285,48.85,49.5,47.8,48.2,126598.0,6135690.0,48.24,47.845,48.12,50.40833333333333,50.489583333333336,48.749166666666675,53.03030303030307,58.27067669172933,-0.768683410253459,-0.9612103036157094,0.19252689336225037,19.94903675495595,18.939943413325675,14.062561146718739,,50.78643858673662,48.12,45.45356141326337,129317.2,152507.95,0.9789726347307242,48.46593153130381
2026-04-02,5287,168.5,168.5,167.0,167.0,69803.0,11703052.0,166.5,166.75,165.2,165.36666666666667,165.43333333333334,165.46666666666667,80.0,62.22222222222223,0.5252530190948335,0.3484489745414449,0.17680404455338855,26.78042347504304,15.104423530823214,31.555399135060917,,170.90687489372738,165.2,159.4931251062726,55281.8,87602.85,1.2626759620706995,167.65829548873256
2026-04-02,5288,141.0,141.0,138.5,140.5,70766.0,9886638.0,140.3,139.7,140.125,138.69166666666666,130.40833333333333,139.26583333333335,63.15789473684211,61.81818181818181,-0.06975183332531287,-0.10424530372146384,0.03449347039615097,18.829630307735336,21.433061074906476,11.950582430131965,,146.588460047799,140.125,133.661539952201,131732.0,132201.6,0.537196732760453,139.70887149195943
2026-04-02,5289,1190.0,1215.0,1150.0,1155.0,4173844.0,4928031860.0,1064.4,1096.3,990.3,850.7666666666667,818.8833333333333,802.9416666666667,73.6,63.866877971473855,78.53181692148917,71.840663534519,6.691153386970171,33.338170912824104,15.304270162231923,49.487225205132425,,1372.2667111425455,990.3,608.3332888574544,2851106.4,3168090.0,1.4639383503891683,1180.693830435445
2026-04-02,5291,70.5,71.8,68.9,70.9,1362305.0,95944899.0,73.38000000000001,69.64,61.05500000000001,44.76083333333334,40.580416666666665,38.490208333333335,61.14285714285716,71.59420289855073,8.277395929183577,7.615592320013989,0.6618036091695876,30.506466419109646,9.155911894360154,61.94432877499748,,81.66449959810299,61.05500000000001,40.44550040189702,5037983.0,4630999.35,0.27040682749425715,70.42835414976823
2026-04-02,5292,229.5,229.5,211.0,211.5,546329.0,119519387.0,237.3,218.9,199.475,178.125,165.6875,157.6625,56.02094240837696,64.0,13.874928001008527,10.917704675200364,2.9572233258081635,39.33138987411287,28.809845951448214,26.642478542014505,,251.37923874790891,199.475,147.57076125209107,1044598.2,432511.85,0.523003964586575,218.76815435387834
2026-04-02,5299,80.5,80.5,79.4,79.8,74078.0,5911551.0,78.73999999999998,78.09,76.92999999999999,73.97166666666666,73.08583333333334,72.64291666666666,63.41463414634148,61.33333333333331,1.4479738630760153,1.2180526390015411,0.22992122407447413,29.528547194767125,18.646728440688783,26.76150285637945,,81.65534042215619,76.92999999999999,72.2046595778438,96046.8,142898.95,0.771269839286681,79.8017090094225
2026-04-02,5301,9.16,9.25,9.16,9.16,23750.0,218986.0,9.26,,,,,,59.420289855072525,29.054054054054063,-0.5231786250497308,-0.4511968747273448,-0.07198175032238596,16.861746742611047,25.230409613724753,36.61657009483817,,,,,15850.0,,1.498422712933754,9.220463157894736
2026-04-02,5302,11.15,11.15,10.85,10.95,410670.0,4508683.0,11.05,11.375,11.544999999999998,11.395,11.3475,11.32375,0.0,39.43661971830985,-0.11804545357834506,-0.01857989873456168,-0.09946555484378339,21.38276629724324,20.49104657634884,21.2343501795219,,12.606726498630762,11.544999999999998,10.483273501369235,427202.0,902614.35,0.9613016792992543,10.978846762607446
2026-04-02,5306,87.3,87.3,86.6,86.6,90261.0,7832162.0,87.34,87.88,88.99,90.32666666666665,90.06500000000001,94.91333333333334,22.22222222222217,46.835443037974684,-1.0310166999753392,-0.8393246574859786,-0.19169204248936056,16.52569688589435,30.438792866834714,21.56618474668297,,93.24151366234464,88.99,84.73848633765535,83625.8,117238.9,1.0793439345273828,86.77238231351303
2026-04-02,5309,56.3,57.5,55.5,56.4,2441638.0,137406222.0,57.879999999999995,58.94000000000001,60.39,63.864999999999995,64.7325,65.16625,25.373134328358162,39.887640449438194,-1.862264614631485,-1.5734161758791465,-0.28884843875233845,14.804977069918298,22.633850088148236,28.964570471434353,,67.3611888286153,60.39,53.418811171384704,3932982.8,5806425.8,0.6208107495410354,56.27624651975436
2026-04-02,5310,26.0,26.0,25.95,26.0,17487.0,452967.0,,,,,,,50.0,47.058823529411725,0.21853705789456512,0.42964781438248467,-0.21111075648791955,24.2595416991363,8.06494878973765,52.59100276973637,,,,,,,,25.903070852633384
2026-04-02,5312,97.8,99.0,97.8,98.4,47096.0,4634655.0,97.88,97.78,98.17,98.22333333333334,98.21166666666667,98.20583333333335,71.42857142857163,40.47619047619051,-0.09913786490461973,-0.11791793918028932,0.018780074275669592,19.499720707821222,16.947860597236094,20.30652888321169,,99.77931498993891,98.17,96.56068501006109,42057.6,53263.15,1.1197976108955339,98.40867589604213
2026-04-02,5314,80.0,81.5,78.2,78.4,3482194.0,274850812.0,78.56,75.78,78.72,87.64833333333333,90.22416666666666,91.51208333333332,77.53623188405801,48.19587628865981,-2.782995678493535,-3.6344153898192864,0.8514197113257516,22.64355064088145,21.15222813947149,28.79586871236932,,91.44338915458242,78.72,65.99661084541758,5430716.4,4998251.7,0.6412034331234825,78.93035597672042
2026-04-02,5315,22.95,23.0,22.75,22.8,177326.0,4055123.0,22.810000000000002,22.915,23.1525,24.38,24.69,24.845000000000002,50.0,44.59459459459461,-0.44379330512720827,-0.4699951989435105,0.026201893816302224,14.36833157825627,24.902614370950925,33.30260600980998,,24.414693162296228,23.1525,21.890306837703772,213595.6,499015.85,0.8301950040169367,22.868180639048983
2026-04-02,5321,24.4,26.25,24.0,26.25,491237.0,12788430.0,25.480000000000004,24.99,25.26,27.459999999999997,28.030000000000005,28.315,100.0,61.53846153846155,-0.5224197814020215,-0.8147046970341433,0.2922849156321218,17.56978925361748,14.649273793297073,32.97443585223124,,27.60960242997567,25.26,22.910397570024333,310742.2,167382.5,1.58085062151198,26.033116397991193
2026-04-02,5324,12.0,12.2,11.8,12.0,766439.0,9176899.0,11.86,11.45,10.907499999999999,11.076666666666666,11.163333333333334,11.206666666666667,100.0,100.0,0.28727789575227547,0.11500929637789714,0.17226859937437833,31.109591042454728,7.22021819689375,50.06064649155657,,12.268333722779026,10.907499999999999,9.546666277220972,605263.4,346319.85,1.2662900152231242,11.97342384716853
2026-04-02,5328,24.65,25.2,24.2,24.55,3355790.0,82743568.0,24.53,25.5,26.275,26.197499999999998,26.34875,26.424375,42.10526315789475,40.88888888888889,-0.4434676877890382,-0.17681637613334475,-0.26665131165569345,21.113191171812975,24.501867340709715,23.282578857601987,,29.513501927873765,26.275,23.036498072126232,2926274.0,6589800.4,1.1467791464504007,24.656956484166173
2026-04-02,5340,121.5,122.5,111.5,114.0,8816632.0,1014933911.0,110.9,108.29,109.39500000000001,105.7,104.85,104.425,100.0,50.0,1.4813578893317612,1.066764161154098,0.41459372817766327,24.299684054407685,16.62356171575138,28.544924990619016,,122.18652268620036,109.39500000000001,96.60347731379966,5625379.2,3899865.8,1.5672955878245505,115.11583005846224
2026-04-02,5344,14.1,14.1,13.6,13.7,38020.0,527821.0,13.729999999999999,13.9,13.989999999999998,14.173333333333336,14.211666666666668,14.230833333333331,0.0,43.661971830985905,-0.11181962995237349,-0.08189084323688496,-0.02992878671548853,19.331837613217743,22.440426450638515,19.86618175531846,,14.794984471899928,13.989999999999998,13.185015528100068,53812.0,54879.0,0.7065338586188954,13.882719621251972
2026-04-02,5345,23.5,23.5,23.5,23.5,12000.0,282000.0,23.29,22.904999999999998,,,,,95.23809523809517,52.307692307692285,-0.045358246237206856,-0.1662770451789963,0.12091879894178945,28.983008718387104,26.18071375065786,25.702198437426112,,,,,16000.0,,0.75,23.5
2026-04-02,5347,133.5,133.5,128.0,129.0,19753578.0,2571930219.0,124.2,120.6,120.425,128.96666666666667,132.23333333333332,133.86666666666667,76.66666666666666,59.130434782608695,-0.5374772393950025,-2.499727168101897,1.9622499287068944,27.03849158960276,19.079357703809265,28.58532339034203,,134.30901200927468,120.425,106.54098799072531,20226746.8,19176713.55,0.9766067769237117,130.20072712902947
2026-04-02,5348,17.0,17.05,17.0,17.05,10005.0,170234.0,17.1,17.14,17.125,17.11,17.08,17.065,33.33333333333333,49.15254237288135,-0.014283082871141772,-0.001983600639710817,-0.012299482231430955,11.068271149860818,33.54024488542514,47.817822716778885,,17.575146175089124,17.125,16.674853824910876,22603.0,13013.9,0.4426403574746715,17.01489255372314
2026-04-02,5351,74.5,75.9,69.1,70.7,29500774.0,2125310570.0,70.94,73.74,66.48,59.288333333333334,57.494166666666665,56.59708333333334,54.666666666666686,67.3249551166966,3.9893455828281645,4.191859672815074,-0.20251408998690934,22.922387687522285,16.04572112334506,34.403782980587316,,88.19747780257325,66.48,44.762522197426755,19241864.4,21856735.8,1.5331556956611752,72.04253590092246
2026-04-02,5353,25.35,25.35,24.7,24.9,36933.0,920767.0,24.82,24.805,24.610000000000003,25.146666666666665,25.32333333333333,25.41166666666667,69.23076923076927,62.33766233766234,-0.045585823889439325,-0.1227721887676191,0.07718636487817977,28.174288802594294,16.978738828060525,24.594389822620276,,25.813766020279278,24.610000000000003,23.406233979720728,38159.8,63514.0,0.967850984543944,24.930739447106923
2026-04-02,5355,6.45,6.98,6.45,6.51,39098.0,255414.0,6.676,6.892999999999999,7.167999999999999,,,,1.6393442622951824,19.72789115646262,-0.16735422150622803,-0.0695318318324404,-0.09782238967378763,10.512492386098828,16.698574931841343,37.78582240935031,,7.880995164964782,7.167999999999999,6.455004835035217,53058.8,124908.5,0.7368805928517042,6.532661517213157
2026-04-02,5356,25.1,26.0,25.0,25.5,165749.0,4220040.0,25.169999999999998,24.939999999999998,24.939999999999998,25.3825,25.51625,25.583124999999995,83.99999999999986,57.69230769230764,-0.02785823439631585,-0.1410916990871116,0.11323346469079576,24.01742818835251,9.857538325677554,32.77399958211885,,25.64082657964496,24.939999999999998,24.239173420355037,138249.4,118259.95,1.198912979007504,25.460425100603924
2026-04-02,5364,11.15,11.2,10.8,11.05,314696.0,3443356.0,11.270000000000001,11.48,11.9825,12.56,12.705000000000002,12.7775,27.272727272727224,17.777777777777743,-0.41667552013131903,-0.33297495163049873,-0.0837005685008203,8.58091826129065,30.111204524788764,43.832616654702626,,13.29490037215864,11.9825,10.67009962784136,216617.6,128907.3,1.4527720739219712,10.94184864122836
2026-04-02,5371,74.9,74.9,72.0,72.6,4426223.0,323205063.0,73.62,75.02,78.92,83.13333333333334,84.31666666666666,84.90833333333333,32.35294117647058,29.875518672199163,-2.978984829503034,-2.420234032043261,-0.5587507974597727,11.116680600869952,24.80444937463015,30.81328578168463,,89.07430424681286,78.92,68.76569575318715,3939133.8,5502136.9,1.1236538855318903,73.02051048941728
2026-04-02,5386,331.0,350.5,331.0,339.0,255304.0,86442332.0,318.5,344.35,304.0,179.825,146.9125,130.45625,58.33333333333333,59.924623115577894,43.43437813543386,49.58571605160148,-6.15133791616762,35.25260609399286,20.385085383138865,55.4621067398026,,453.5002200315229,304.0,154.4997799684771,364182.4,738156.05,0.7010333283541433,338.5858897627926
2026-04-02,5388,78.4,81.9,77.5,79.8,8389602.0,669668424.0,77.18,77.39,78.55,81.20166666666665,88.62583333333333,96.37583333333333,69.07216494845362,60.773480662983395,-1.2657207161062871,-1.371140189905679,0.10541947379939187,21.558065964360253,21.237131341053473,21.39169125735982,,83.52721122506833,78.55,73.57278877493167,3773107.8,2539457.25,2.223525657019394,79.82123871907153
2026-04-02,5392,37.1,37.45,36.15,36.15,836090.0,30502420.0,36.58,37.589999999999996,39.5625,42.575,43.4125,43.83125,20.312500000000114,29.27927927927928,-1.8042281769297475,-1.5278842266569876,-0.2763439502727598,13.323018562452551,29.17827177652003,38.62817342333795,,45.14082978210276,39.5625,33.98417021789724,781454.0,1085022.4,1.0699158235801467,36.48222081354878
2026-04-02,5398,21.7,22.0,19.8,20.75,929437.0,19121776.0,21.57,21.11,21.580000000000002,20.93916666666667,20.719583333333333,20.609791666666663,51.69491525423727,45.50898203592814,-0.012467226231891004,0.05650107310419669,-0.0689682993360877,24.956134215727886,20.154441449831122,29.508512190720214,,24.122356966943922,21.580000000000002,19.03764303305608,614062.2,280064.0,1.513587711472877,20.573504175108155
2026-04-02,5403,99.9,100.0,99.0,99.2,51021.0,5075436.0,99.82000000000001,104.41,107.28,109.44333333333334,109.97166666666666,110.23583333333333,0.0,13.513513513513516,-2.7676334898557116,-1.5483789641532477,-1.2192545257024638,6.029861001177081,44.581187076936395,47.70003768955,,116.43885536401505,107.28,98.12114463598495,83612.6,131699.55,0.6102070740534321,99.47739166225672
2026-04-02,5410,30.25,30.6,30.25,30.35,251680.0,7647022.0,30.28,30.389999999999997,30.440000000000005,30.089999999999996,29.994999999999997,29.947499999999998,60.00000000000014,40.00000000000003,0.05223953209602783,0.10464909117230677,-0.052409559076278936,21.164996158522705,23.710599360772633,18.745904258114045,,31.344142513219378,30.440000000000005,29.535857486780632,218008.0,275602.4,1.1544530475945838,30.383908137317228
2026-04-02,5425,57.8,58.5,56.4,56.4,2590685.0,148119438.0,56.82000000000001,58.35,58.685,60.60666666666667,61.20333333333333,61.50166666666666,40.15151515151514,42.68774703557311,-0.9507484733210347,-0.6779242476235756,-0.2728242256974591,20.151099068977096,22.606188780152475,19.134347760315702,,63.430424388985514,58.685,53.93957561101449,3897611.0,3756172.7,0.6646853675238499,57.173850931317396
2026-04-02,5426,19.8,19.85,19.1,19.35,322892.0,6240789.0,19.419999999999998,19.560000000000002,19.785000000000004,19.44083333333333,19.295416666666668,19.222708333333333,41.666666666666806,40.74074074074074,-0.06170806418707642,0.012592609576189401,-0.07430067376326582,18.090498189104768,20.696278806633824,21.72741754657603,,20.941264402470768,19.785000000000004,18.62873559752924,269935.2,353542.05,1.19618338030757,19.32779071640053
2026-04-02,5432,131.0,134.5,131.0,131.0,53061.0,6997910.0,132.1,134.65,141.0,150.58333333333334,153.29166666666666,154.64583333333334,44.73684210526316,31.19266055045871,-5.551961144521584,-4.6916216040262455,-0.8603395404953389,6.741198570794643,22.063016566077064,37.55967288799908,,157.2836695722079,141.0,124.71633042779209,71036.6,94896.65,0.7469529791684849,131.88424643335028
2026-04-02,5434,329.0,336.5,326.5,331.5,1330306.0,442678741.0,317.6,320.95,325.65,315.5416666666667,312.425,290.88125,61.94690265486725,59.5959595959596,-0.5427762252205639,0.2519207508174773,-0.7946969760380411,32.3116412351012,27.338239850505943,10.998783401338638,,347.0388805346699,325.65,304.26111946533007,718514.0,599638.0,1.8514684473788958,332.764597769235
2026-04-02,5438,19.2,19.3,19.0,19.0,77712.0,1486802.0,19.32,19.64,20.3975,21.096666666666668,21.24833333333333,21.324166666666667,33.33333333333327,20.95238095238092,-0.588116790955322,-0.44498899613952636,-0.14312779481579563,9.04188598184825,25.70545226311664,40.89566650675551,,22.39156355808541,20.3975,18.403436441914593,88627.2,145802.45,0.8768414211438476,19.13220609429689
2026-04-02,5439,334.5,348.5,328.0,334.5,11921277.0,4034804005.0,319.4,301.8,288.05,296.8333333333333,298.4166666666667,299.2083333333333,88.8157894736842,69.16167664670658,7.65787764900557,0.2426656316289104,7.41521201737666,24.765145967349543,10.121022006469122,32.07885575520175,,336.4158209025645,288.05,239.6841790974355,9811966.2,5201779.25,1.2149733047388607,338.4540100024519
2026-04-02,5443,118.5,118.5,111.0,116.0,13546941.0,1550327424.0,110.7,106.65,99.9,92.85833333333333,91.42916666666666,90.71458333333334,80.3921568627451,72.09302325581396,6.0312896889132475,4.237143192678439,1.7941464962348084,32.98814936650899,12.837096719729454,39.390033111483525,,118.04502976749177,99.9,81.75497023250824,10605964.6,5740782.15,1.2772945706418821,114.44114387152051
2026-04-02,5450,14.45,14.55,14.25,14.25,23530.0,337359.0,14.35,14.405000000000001,14.48,14.409166666666666,14.404583333333333,14.402291666666667,25.000000000000227,33.33333333333337,-0.022887761417267782,0.01515574593821455,-0.03804350735548233,11.235452073770915,12.541610126222821,28.139098144138348,,14.828530750738766,14.48,14.131469249261235,24118.0,50285.5,0.9756198689775272,14.337399065023375
2026-04-02,5452,32.85,32.95,32.25,32.7,1347814.0,44056158.0,33.190000000000005,34.355000000000004,33.4925,32.24583333333334,32.172916666666666,32.13645833333333,24.705882352941146,47.45222929936306,0.4509429133735239,0.6777822059620684,-0.22683929258854452,15.875685708131929,10.54170982081173,37.86936025254012,,36.86503223620035,33.4925,30.119967763799654,2087288.4,4425227.85,0.6457248552715571,32.68712003288287
2026-04-02,5455,23.8,23.8,23.8,23.8,1067.0,25310.0,23.610000000000003,,,,,,45.45454545454549,16.16161616161618,-1.1588902233369325,-1.1135543233512808,-0.045335899985651684,10.387361671795333,23.035781978794255,50.13655125459179,,,,,1640.2,,0.6505304231191318,23.72071227741331
2026-04-02,5457,38.95,40.0,37.7,38.6,2897519.0,112153594.0,37.160000000000004,35.88,35.1375,35.641666666666666,35.69583333333333,35.72291666666667,94.3396226415095,66.97819314641745,0.5252208935655105,-0.01595540015329242,0.5411762937188029,36.37077501747854,17.138875297786022,29.904455656067103,,39.07154505900934,35.1375,31.203454940990667,1866111.4,1177441.45,1.5527041954730034,38.70676741032587
2026-04-02,5460,14.7,14.7,14.6,14.7,20812.0,304644.0,14.76,14.770000000000001,14.827499999999997,15.278333333333334,15.389166666666666,15.444583333333332,59.99999999999993,57.44680851063829,-0.15298419952415365,-0.16981305511022726,0.01682885558607361,17.372874856930164,20.570073026583945,17.380488261346326,,15.596282359182036,14.827499999999997,14.058717640817958,43687.2,64564.05,0.4763866761889066,14.6379012108399
2026-04-02,5464,28.8,29.1,28.55,28.8,153992.0,4432127.0,28.440000000000005,28.185000000000002,27.752499999999998,26.111666666666668,25.63083333333333,25.390416666666667,96.1538461538461,68.53932584269668,0.6623101144666599,0.6066740858369996,0.05563602862966033,26.582165629422295,11.463817127816991,45.586492870628476,,29.001699743836028,27.752499999999998,26.503300256163968,139395.2,123678.8,1.104715226923165,28.78154059951166
2026-04-02,5465,25.8,26.15,25.8,26.1,104826.0,2724354.0,26.0,26.135,27.1375,28.72666666666667,29.113333333333333,29.306666666666665,56.25000000000005,23.529411764705927,-0.841402164978625,-0.8028734526318839,-0.038528712346741045,6.005892856287885,24.754604363934906,51.52799384535905,,29.748786232773735,27.1375,24.526213767226263,102895.6,169926.05,1.018760763336819,25.989296548566195
2026-04-02,5468,20.45,20.45,18.5,18.5,186188.0,3576024.0,18.43,18.705,17.642500000000002,18.026666666666667,18.188333333333336,18.269166666666667,59.154929577464756,60.55045871559633,0.2619070620424111,0.14087150331682222,0.12103555872558888,30.258515374343613,14.141315403332225,40.26607856143019,,20.40508364960279,17.642500000000002,14.879916350397213,194512.8,238940.55,0.9572017882627776,19.20652243968462
2026-04-02,5469,83.1,83.3,79.4,79.4,2073397.0,167039953.0,81.4,82.68,86.265,94.29833333333333,92.0475,75.4475,38.679245283018886,45.21072796934865,-3.8411874617177233,-3.4701487213873077,-0.3710387403304156,16.208326059491938,31.841564849519077,19.752787106669505,,97.27222729081168,86.265,75.25777270918832,1892089.2,3368091.4,1.0958241292218147,80.5634198371079
2026-04-02,5471,38.45,38.7,36.7,36.85,469308.0,17485227.0,38.410000000000004,39.825,41.375,37.15083333333334,36.719166666666666,35.92999999999999,20.512820512820554,33.09352517985613,-0.07699736391760581,0.7110496558205921,-0.7880470197381979,20.390268687800624,23.46193340490092,36.0959754728648,,46.0669303624751,41.375,36.6830696375249,446229.6,1209557.3,1.0517186668029195,37.257466312102075
2026-04-02,5474,136.0,139.0,136.0,137.0,87920.0,12041022.0,135.1,135.2,139.3,147.14166666666668,149.32083333333333,150.41041666666666,69.23076923076923,43.75,-3.4819454137084733,-3.6785874695237526,0.19664205581527927,19.318532188705756,26.50596380703339,32.46438313831462,,151.53196846920298,139.3,127.06803153079703,89552.0,114886.05,0.981775951402537,136.95429936305732
2026-04-02,5475,277.0,300.0,273.0,292.0,4695613.0,1352593534.0,261.6,232.85,216.225,156.70833333333334,139.85416666666666,131.42708333333334,100.0,72.96587926509187,30.751686801285814,22.989278575693515,7.762408225592299,41.19820931183068,14.157612260365497,49.751853978244554,,287.0565087484303,216.225,145.39349125156969,4786167.8,4120400.9,0.9810798944408092,288.05472980844036
2026-04-02,5478,99.0,100.5,99.0,100.0,159813.0,15912801.0,100.46,102.22,104.38499999999999,104.21166666666666,104.35583333333334,104.42791666666668,61.42857142857139,38.17567567567568,-1.239428330787291,-0.40903604319719394,-0.8303922875900971,18.550071784374257,24.375500449268404,41.36303998376508,,114.90220895535151,104.38499999999999,93.86779104464847,203687.8,391449.05,0.784597801144693,99.57138030072647
2026-04-02,5481,21.8,22.2,21.75,22.0,107546.0,2353489.0,22.23,22.035,21.979999999999997,22.318333333333335,22.409166666666668,22.454583333333332,52.380952380952415,49.48453608247422,-0.03616556175764174,-0.07775531664357996,0.04158975488593822,14.477635349184473,9.239854860518587,26.72776000052752,,22.978103464734893,21.979999999999997,20.9818965352651,167727.6,307572.25,0.6411944128455901,21.88355680360032
2026-04-02,5483,115.0,122.0,114.5,119.5,15423329.0,1835514996.0,117.7,118.45,116.25,115.325,114.9125,114.70625,62.16216216216216,52.694610778443106,0.9372175812303709,0.7178673488127478,0.21935023241762308,27.09487171563828,21.637323792626937,28.14495939441796,,127.83719801741287,116.25,104.66280198258713,12246797.4,10142957.1,1.259376512589324,119.00900227181823
2026-04-02,5484,44.75,46.0,42.0,43.35,1894627.0,82907663.0,42.39,41.25,39.5625,39.2275,39.93333333333333,40.320791666666665,65.44850498338869,69.14285714285715,1.021927949615133,0.4766515612315001,0.5452763883836329,26.94161995019948,13.692555849288219,15.410346584552316,,45.078970553571104,39.5625,34.046029446428896,1167602.2,554479.35,1.6226648082711732,43.75935896617118
2026-04-02,5487,27.6,28.15,27.6,28.15,9002.0,251206.0,28.009999999999998,27.925,,,,,62.962962962962834,63.492063492063444,-0.08813647575034977,-0.14280588905887454,0.05466941330852476,11.266506175305508,8.396284654949485,32.4291255338734,,,,,22201.2,,0.4054735780047925,27.90557653854699
2026-04-02,5488,10.7,10.8,10.35,10.5,1060918.0,11166337.0,10.303999999999998,10.217,10.0435,9.8435,9.781749999999999,9.750875000000002,70.27027027027025,63.8655462184874,0.15194723673196542,0.09906714376989956,0.05288009296206586,27.284184734644136,13.356821831075145,27.436167053446507,,10.617398028719759,10.0435,9.469601971280241,725750.8,410238.45,1.4618213304070762,10.525164998614407
2026-04-02,5489,40.9,41.3,40.65,41.3,174203.0,7135412.0,40.739999999999995,40.215,40.11,41.47749999999999,41.888749999999995,42.094375,91.30434782608685,69.13580246913578,-0.13348017086182296,-0.3962610606250352,0.26278088976321223,19.64062734235265,21.535278820184704,42.11500610214781,,41.38716791955359,40.11,38.83283208044641,111721.8,49487.45,1.5592570116127737,40.960327893319864
2026-04-02,5490,26.7,26.8,26.2,26.25,391690.0,10336095.0,26.93,27.79,26.970000000000006,25.74166666666667,25.395833333333332,25.222916666666666,14.754098360655803,48.29545454545454,0.36551415517548236,0.5770517499334049,-0.21153759475792255,20.420613084977532,21.197484448051842,24.36035144317026,,29.403840370149247,26.970000000000006,24.536159629850765,417014.0,753178.15,0.9392730220088534,26.388457708902447
2026-04-02,5493,78.7,85.9,78.5,81.9,301983.0,25108466.0,81.06,82.39,83.9,82.79,82.24500000000002,81.97250000000001,63.76811594202902,47.058823529411775,-0.68491394037828,-0.32713115009219934,-0.3577827902860807,25.257949349575725,20.989144451449828,20.330994052195454,,92.15973110305276,83.9,75.64026889694725,223589.8,403119.55,1.3506117005337452,83.14529625839864
2026-04-02,5498,64.0,69.1,63.9,65.6,44751627.0,3009368159.0,61.94,60.17999999999999,60.74000000000001,60.96666666666667,61.53333333333333,61.81666666666667,89.36170212765957,54.88888888888887,0.6365475868637418,-0.09116759508166523,0.7277151819454071,26.985611755668042,14.047491437091569,32.024192131027064,,68.9443377486996,60.74000000000001,52.53566225130042,28759576.2,16707824.05,1.556060029841469,67.24600558098145
2026-04-02,5508,50.5,50.7,50.0,50.4,436073.0,21904462.0,50.62,51.5,52.739999999999995,56.87,57.934999999999995,58.4675,25.0,33.66336633663367,-1.8020408469952116,-1.6866364633438486,-0.11540438365136296,11.558191008535422,23.558915468638965,44.391245660652416,,56.749147435290354,52.739999999999995,48.730852564709636,449243.8,623528.1,0.9706822887705963,50.231181476495905
2026-04-02,5511,73.5,73.7,73.2,73.6,79673.0,5853369.0,73.94,74.22999999999999,71.32,68.79166666666667,68.19583333333334,67.89791666666666,41.37931034482761,78.98550724637678,1.7380596576495435,1.6680736553102333,0.06998600233931018,27.122844346139935,14.107022046533027,44.74785661765183,,79.1904243181272,71.32,63.44957568187278,81003.8,258737.75,0.9835711411069604,73.46741054058464
2026-04-02,5512,7.82,7.85,7.8,7.82,530811.0,4152786.0,7.876,7.922,7.966000000000001,7.860833333333333,7.8254166666666665,7.807708333333334,31.034482758620726,37.11340206185565,-0.006137804566270333,0.022191686978793645,-0.02832949154506398,22.736830440651865,26.436941519607643,25.652131199680504,,8.152649121982508,7.966000000000001,7.779350878017494,501686.6,796072.1,1.058052975702361,7.8234738918372075
2026-04-02,5514,15.8,16.8,15.8,16.05,52723.0,849695.0,16.020000000000003,,,,,,50.0,60.000000000000085,0.04912448450146911,0.035225511486013134,0.013898973015455979,21.776038761025887,9.819723361479738,28.541139145379834,,,,,33033.8,,1.5960319430401588,16.116211141247653
2026-04-02,5515,36.5,36.6,35.85,36.15,649310.0,23464424.0,36.5,37.144999999999996,35.364999999999995,34.005833333333335,29.93791666666667,28.551875,20.338983050847474,71.29629629629629,0.9561390757324304,0.9999884395059452,-0.04384936377351478,32.82223241028092,23.64998414754937,28.59335027340355,,40.08306160018665,35.364999999999995,30.646938399813337,420370.6,570089.15,1.5446132531628045,36.13747516594539
2026-04-02,5516,12.4,12.4,12.3,12.35,11378.0,140690.0,12.469999999999999,12.7,13.34,13.934166666666668,13.992083333333335,14.021041666666667,7.692307692307779,25.000000000000014,-0.5044392941441522,-0.3935447690820354,-0.11089452506211683,14.240111378319668,33.88569850176944,39.79241762473293,,14.888717635913487,13.34,11.791282364086513,12826.8,35631.55,0.887048991174728,12.365090525575672
2026-04-02,5519,33.2,33.5,33.2,33.2,318238.0,10589525.0,33.230000000000004,33.53,33.1975,32.3975,30.75041666666667,31.458541666666665,41.86046511627923,56.140350877192986,0.39072698093731617,0.4651774377647412,-0.07445045682742502,28.132188140002313,20.520292302333264,24.9571755457042,,34.59202878289226,33.1975,31.80297121710774,409147.0,557556.0,0.7778084649282532,33.27548878512308
2026-04-02,5520,,,,,44.0,3655.0,,,,,,,0.0,23.880597014925385,-0.5367957323087467,-0.13648338190888043,-0.40031235039986623,12.497619216139803,39.59889691398586,55.284053539380736,,,,,8426.4,16729.8,0.005221684230513624,83.06818181818181
2026-04-02,5521,12.7,12.85,12.35,12.65,3907873.0,48993475.0,12.680000000000001,13.015,16.5125,18.865833333333335,15.975833333333334,14.028541666666666,40.42553191489364,17.46031746031747,-2.220339448162971,-1.9741626121110003,-0.2461768360519705,20.428377621946613,44.061716182268135,30.65437010006554,,26.417728550193992,16.5125,6.607271449806005,4905594.4,8664323.35,0.7966155946361974,12.537120576845767
2026-04-02,5522,73.0,73.0,70.2,72.7,1201553.0,86059350.0,71.55999999999999,70.89,68.905,67.81833333333333,63.56083333333333,64.523125,67.05882352941174,70.29702970297028,1.2370995922390051,0.8052434359038636,0.4318561563351415,30.89639062437499,19.23453016571876,20.749428388710427,,73.99843230362265,68.905,63.81156769637736,951720.4,977206.8,1.2625062991189429,71.62343234131161
2026-04-02,5523,30.4,30.6,30.4,30.6,7000.0,213900.0,30.040000000000003,29.770000000000003,30.0925,30.336666666666666,30.39333333333333,30.42166666666667,78.94736842105269,51.51515151515154,-0.07542110253850254,-0.16887536358957633,0.0934542610510738,25.266671888228327,24.995198203011675,57.3460754445333,,31.247933388728864,30.0925,28.93706661127114,19400.0,25782.25,0.36082474226804123,30.557142857142857
2026-04-02,5525,24.95,25.1,24.6,24.6,48777.0,1208028.0,24.98,25.235,25.2925,26.66583333333333,27.740416666666665,29.76604166666667,26.666666666666643,52.17391304347826,-0.36027746359640744,-0.3607786264209643,0.0005011628245568667,24.823158741941246,29.875304247452007,21.602310619332787,,26.534007996455912,25.2925,24.05099200354409,41837.8,65373.7,1.1658595815267532,24.766344793652745
2026-04-02,5529,25.15,26.15,25.1,26.15,34749.0,882515.0,26.07,26.225,26.27,26.901666666666664,27.075833333333332,27.162916666666668,59.9999999999999,57.14285714285714,-0.22753844926090494,-0.25709332782322425,0.02955487856231931,13.977604993344139,20.02834104631471,23.16711364661248,,27.644734424113278,26.27,24.89526557588672,29449.4,68861.6,1.179956128138434,25.39684595240151
2026-04-02,5530,46.6,47.15,45.6,45.75,816714.0,37662140.0,46.42,46.769999999999996,48.8925,49.1925,49.12125,49.085625,41.86046511627903,19.889502762430908,-1.1031951575626948,-0.7591362465525844,-0.34405891101011044,8.68650599636026,18.83251440454411,36.50533450219434,,54.26036490927358,48.8925,43.52463509072642,574428.4,423635.5,1.421785552385641,46.114233379126595
2026-04-02,5531,8.86,8.89,8.75,8.88,500661.0,4413632.0,8.894,8.929,8.956999999999999,9.030166666666666,9.106750000000002,9.554291666666666,38.709677419355096,45.00000000000012,-0.03451966654651173,-0.027310477950810756,-0.007209188595700973,17.943881721836664,21.73635806035009,15.525289673292448,,9.07071247212016,8.956999999999999,8.843287527879838,511991.0,470741.35,0.977870704758482,8.815609763892134
2026-04-02,5533,14.45,14.55,14.35,14.4,415048.0,5972666.0,14.49,14.419999999999998,14.365,14.351666666666665,14.707083333333333,16.188541666666666,55.55555555555564,65.38461538461542,0.03873349106636326,0.02270690115276611,0.016026589913597147,25.072307315752607,11.970460187916688,23.345779116192407,,14.655371812461832,14.365,14.074628187538169,282534.8,241054.4,1.469015498267824,14.390301844605926
2026-04-02,5534,79.0,79.0,77.4,77.7,553613.0,43089224.0,78.42,77.48,76.66,78.72666666666667,78.28583333333333,82.91208333333334,65.625,60.8187134502924,0.034940122932937356,-0.3187717083918511,0.35371183132478845,28.777615523974138,20.799984430502132,19.938501014195158,,79.75117589616887,76.66,73.56882410383112,1011906.0,969584.6,0.547099236490346,77.8327532048561
2026-04-02,5536,705.0,729.0,701.0,723.0,1503213.0,1080762336.0,732.8,732.4,704.75,666.2333333333333,658.6166666666667,654.8083333333333,39.37007874015748,60.147601476014756,21.984769957396793,20.950398196401565,1.0343717609952279,25.86513020806805,23.02713774770189,30.883748753628076,,785.1251074321949,704.75,624.3748925678051,1772127.8,1752548.4,0.848253156459709,718.9681941281774
2026-04-02,5538,29.55,30.1,29.4,29.45,9040.0,266980.0,29.630000000000003,29.740000000000002,30.660000000000004,30.42666666666667,,,41.666666666666686,33.80281690140842,-0.4218079649261419,-0.2793873245635535,-0.14242064036258845,33.65494389646398,21.429201786121613,17.431192508625106,,33.20839474757622,30.660000000000004,28.111605252423786,21086.8,37050.5,0.4287042130622001,29.533185840707965
2026-04-02,5543,27.0,27.25,27.0,27.25,6497.0,175462.0,27.639999999999997,27.7,26.9275,28.77583333333333,29.26291666666667,29.506458333333335,30.555555555555586,58.82352941176471,-0.24075321613385015,-0.3815749329454978,0.14082171681164768,14.965457170911767,24.730402705695166,40.050167158342504,,29.413984518986172,26.9275,24.441015481013824,7298.2,28379.05,0.890219506179606,27.006618439279666
2026-04-02,5546,16.45,16.75,16.15,16.75,30020.0,493645.0,16.66,16.755,18.330000000000002,21.071666666666665,23.069166666666664,26.198958333333334,51.35135135135137,29.285714285714292,-1.3954261829344894,-1.36975297985068,-0.02567320308380938,9.707756911517484,37.064959212589734,47.8832886168595,,22.52679075384696,18.330000000000002,14.133209246153044,32790.8,34946.25,0.9155006892177073,16.443870752831447
2026-04-02,5547,22.3,22.3,22.1,22.1,48452.0,1073916.0,22.330000000000002,22.494999999999997,22.517500000000002,23.141666666666666,23.370833333333334,23.48541666666667,23.809523809523867,43.10344827586209,-0.2047286190427826,-0.1755861712356885,-0.029142447807094102,9.089766068469922,10.805049863709995,34.74273868715639,,23.179454840246905,22.517500000000002,21.8555451597531,47271.2,88731.05,1.0249792685609844,22.16453397176587
2026-04-02,5548,25.0,25.1,24.95,25.05,101669.0,2543582.0,25.310000000000002,24.505,23.8575,23.527499999999996,23.438750000000002,23.394375000000004,74.19354838709677,76.13636363636363,0.488636640930487,0.30668105067305473,0.18195559025743224,34.169550152172526,12.066339587127299,46.82792889088284,,25.794202297585993,23.8575,21.92079770241401,137001.4,87041.65,0.7421019055279727,25.018265154570223
2026-04-02,5601,36.5,37.0,36.05,37.0,17100.0,626585.0,,,,,,,0.0,40.90909090909099,0.006180497003036578,-0.035179734834833595,0.04136023183787017,2.042352273146561,13.85363355925918,51.42552562224932,,,,,,,,36.642397660818716
2026-04-02,5603,16.85,17.0,16.75,16.8,70901.0,1191716.0,16.970000000000002,17.16,17.4425,17.520833333333332,17.535416666666666,17.542708333333337,17.647058823529562,19.444444444444514,-0.19153700189887246,-0.10220618502943264,-0.08933081686943982,11.276494516742039,25.552651792217766,40.085650572408,,18.176110394232737,17.4425,16.70888960576726,53740.6,85674.25,1.3193190995262427,16.808169137247713
2026-04-02,5604,35.0,35.0,34.95,35.0,9351.0,327235.0,34.88,34.75,35.085,37.67583333333334,38.26291666666667,38.55645833333333,100.0,44.26229508196717,-0.8090228857486608,-0.9353655842919001,0.12634269854323932,18.02321200476311,35.249408327185684,50.67406266082167,,36.08977805876155,35.085,34.08022194123845,11210.6,36474.8,0.8341212780761065,34.99465297829109
2026-04-02,5607,45.55,46.1,45.55,45.55,213880.0,9795223.0,45.51,46.075,49.0175,48.4775,49.085,45.245416666666664,38.095238095238116,25.6281407035176,-1.1006730761819412,-0.642547353883406,-0.4581257222985352,22.87853269129215,34.43326426954035,18.42065659076693,,56.02450964823985,49.0175,42.01049035176015,383640.8,741996.5,0.5575006620776518,45.79775107536937
2026-04-02,5608,16.5,16.5,16.25,16.25,582203.0,9510021.0,16.3,16.625,16.93,17.66,17.476666666666667,17.030375,41.304347826086975,43.52941176470586,-0.3493356839615558,-0.2874617857722315,-0.06187389818932426,15.830285003632577,20.399780151900014,13.0151577629267,,17.94742709553898,16.93,15.912572904461019,1076352.6,2721533.15,0.5409036035217455,16.33454482371269
2026-04-02,5609,79.1,79.5,79.0,79.2,148965.0,11807568.0,79.02,79.13,78.905,78.33833333333332,78.16916666666665,78.08458333333334,85.71428571428629,53.164556962025316,0.21325059254563428,0.2341878823811003,-0.020937289835466028,20.50377948961321,15.52214871575856,33.02291248044839,,80.45211956466468,78.905,77.35788043533532,116579.0,155013.05,1.277803034851903,79.26404188903433
2026-04-02,5701,3.5,3.65,3.41,3.48,165283.0,581964.0,3.478,3.496,3.6470000000000007,3.816333333333333,3.858166666666667,3.8790833333333334,72.22222222222229,29.48717948717946,-0.10957391278890727,-0.09660559439050159,-0.012968318398405676,12.404424602875586,19.718407827602142,40.9682402742543,,3.9964416599151544,3.6470000000000007,3.297558340084847,105969.8,108731.9,1.5597179573803102,3.521015470435556
2026-04-02,5703,13.8,14.05,13.8,14.0,7001.0,97263.0,,,,,,,100.0,79.99999999999994,-0.3119853522910603,-0.2845346871872929,-0.02745066510376737,17.391588857568355,10.497180264810874,23.561312920803793,,,,,,,,13.892729610055707
2026-04-02,5704,21.65,21.9,21.65,21.8,18104.0,394512.0,21.78,21.85,21.880000000000003,22.198333333333334,22.27416666666667,22.31208333333333,33.33333333333333,48.14814814814812,-0.11116048700511527,-0.11261568107024456,0.0014551940651292838,12.636938530030339,16.260754016111957,26.281775452651075,,22.243318042491705,21.880000000000003,21.5166819575083,15462.4,31448.9,1.1708402317880795,21.791427308882014
2026-04-02,5706,52.7,52.8,51.3,51.5,140040.0,7241642.0,51.64,51.6,50.8275,50.780833333333334,51.90541666666666,55.593125,51.16279069767444,63.2075471698113,0.32837393683922755,0.23552649394986322,0.09284744288936433,30.877314243934904,18.800080297856077,15.904110609014122,,53.545369715324725,50.8275,48.109630284675276,202176.6,289713.8,0.6926617620436786,51.71123964581548
2026-04-02,5864,23.8,24.4,23.5,24.25,2447302.0,58691322.0,24.29,24.615000000000002,24.6875,23.6275,23.36375,23.231875000000002,39.53488372093026,45.04950495049505,0.181743424549051,0.30629881948190174,-0.12455539493285073,16.659263898074027,25.8283731658109,24.832054672246098,,26.688256435898538,24.6875,22.686743564101462,2333781.2,5004714.15,1.0486424348606458,23.9820512548104
2026-04-02,5871,109.5,109.5,106.5,107.5,4783000.0,514028365.0,110.0,107.85,105.525,105.15,107.02916666666667,113.73541666666667,60.71428571428572,66.66666666666666,1.1612622820196066,0.7082530791523802,0.45300920286722635,29.613525535913087,19.791969582466578,17.703914403641196,,112.47197965419427,105.525,98.57802034580574,9325748.2,7152367.8,0.5128811005212429,107.46986514739703
2026-04-02,5876,39.45,39.65,39.25,39.55,4893610.0,193268782.0,39.26,39.25,39.2575,39.72666666666667,40.25,42.876041666666666,60.71428571428568,56.896551724137915,-0.12633464698108554,-0.17089450344063664,0.0445598564595511,18.82810452155622,22.97827502583575,14.796967287640511,,40.12095389661417,39.2575,38.39404610338583,6633186.0,7363564.95,0.7377465368828795,39.494112117639126
2026-04-02,5878,41.0,41.1,40.95,41.0,20460.0,838999.0,,,,,,,0.0,34.28571428571409,-0.11942691003685013,-0.04835931301317806,-0.07106759702367207,16.18633561666568,20.4202047450101,24.33339894442495,,,,,,,,41.00679374389052
2026-04-02,5880,23.85,23.9,23.6,23.65,9246456.0,218925923.0,23.5,23.22,23.3325,23.828333333333333,23.964583333333334,24.2725,75.8620689655172,60.317460317460295,-0.07609176758757741,-0.17119104636213564,0.09509927877455823,27.284005256003773,26.09362154008263,19.455269270016938,,24.135307573457172,23.3325,22.529692426542827,17437562.6,18526614.1,0.5302608060601313,23.67673874184877
2026-04-02,5902,39.4,39.4,38.5,38.85,36017.0,1413310.0,38.89,38.940000000000005,39.05,39.55333333333333,39.65166666666667,39.700833333333335,14.28571428571371,31.428571428571388,-0.20723387339486266,-0.20956287345341332,0.002329000058550662,11.430746515191755,15.915847229037777,19.501325360256452,,39.77909460796823,39.05,38.32090539203176,25810.2,21644.15,1.3954560600072838,39.24008107282672
2026-04-02,5903,191.0,191.0,190.5,190.5,9768.0,1862114.0,190.2,190.2,191.95,193.16666666666666,193.33333333333334,193.41666666666666,66.66666666666666,16.666666666666657,-1.0440831336302097,-0.9555507513089084,-0.08853238232130123,16.873050249747816,16.168488431525287,32.44244385251952,,196.45613616726055,191.95,187.44386383273942,17660.8,36465.2,0.5530893277767712,190.63411138411138
2026-04-02,5904,509.0,509.0,500.0,503.0,255001.0,128349482.0,504.0,509.4,502.9,444.55,427.775,419.3875,29.629629629629633,50.87719298245614,16.01885420369922,19.69860903826166,-3.6797548345624413,23.39095825223255,10.684592632643705,65.36878095083715,,528.7815113851357,502.9,477.01848861486434,225400.6,465528.05,1.1313235191033209,503.3293281202819
2026-04-02,5905,7.8,7.8,7.63,7.63,693984.0,5337327.0,7.744,7.878,8.1665,8.689666666666666,8.809833333333334,8.869916666666667,18.749999999999986,25.41436464088396,-0.29577021359246025,-0.25161309156597517,-0.044157122026485085,12.885522811858898,28.393172693808122,34.27793809321913,,8.919550637844448,8.1665,7.41344936215555,599990.4,897518.45,1.1566585065361046,7.690850221330751
2026-04-02,5906,46.5,47.0,46.5,47.0,3000.0,140500.0,,,,,,,100.0,43.495934959349626,-1.2468944727346596,-1.0797188356419718,-0.1671756370926878,16.85989276217803,23.15994029844854,27.404823232032395,,,,,,,,46.833333333333336
2026-04-02,5907,5.78,5.85,5.76,5.79,135200.0,782316.0,5.856,5.8759999999999994,5.8915,5.842333333333333,5.8585,6.744375,38.70967741935481,56.66666666666668,-0.008485862517233933,0.006133310574575335,-0.014619173091809268,17.4332017748105,17.451509484464086,15.41172123450527,,6.052323538470094,5.8915,5.730676461529906,219231.2,242520.0,0.6167005426234952,5.786360946745562
2026-04-02,6005,28.2,28.25,27.65,27.75,3417731.0,95136005.0,27.9,27.825,28.627499999999998,27.2025,25.710416666666667,24.530416666666664,53.12499999999999,47.586206896551715,-0.11962184227733275,0.027024191903638563,-0.1466460341809713,27.383399843040095,21.350003203278682,22.96424577037557,,31.3857364693863,28.627499999999998,25.869263530613697,4897282.4,8453746.1,0.6978831770044545,27.836013132689494
2026-04-02,6015,13.4,13.45,13.35,13.45,1298042.0,17391756.0,13.469999999999999,13.575,13.6125,13.432500000000001,13.391249999999998,13.370625,42.10526315789473,50.0,0.009543981574639204,0.04363630032058613,-0.034092318745946926,21.38923385345495,25.461966753524557,18.14819215951508,,14.47753726722276,13.6125,12.747462732777242,1233825.2,2887237.7,1.0520469188017882,13.398453979147053
2026-04-02,6016,16.65,17.05,16.55,16.95,5775776.0,97436435.0,16.93,17.154999999999998,17.07,16.608333333333334,16.504166666666666,16.45208333333333,42.857142857142854,52.252252252252255,0.11327519441961797,0.17656385456386695,-0.06328866014424897,18.947089260045267,21.63875175093249,23.260915598225132,,18.12551184889507,17.07,16.01448815110493,5069065.6,8283863.95,1.13941630583751,16.8698431171846
2026-04-02,6020,19.4,19.45,19.4,19.45,5000.0,97050.0,19.439999999999998,19.35,19.294999999999998,19.25166666666667,19.250833333333333,19.250416666666663,100.0,56.666666666666664,0.05534921821681493,0.03191299119244437,0.023436227024370565,25.49412877854231,23.670846295141114,21.27434763748838,,19.60602546857977,19.294999999999998,18.983974531420227,15800.0,12512.55,0.31645569620253167,19.41
2026-04-02,6021,29.85,30.0,29.35,29.95,259389.0,7733018.0,30.1,30.595,31.4775,31.27,31.235,31.217499999999998,34.21052631578942,36.507936507936506,-0.40320296422367363,-0.18094531413704534,-0.2222576500866283,18.098419567050854,35.16291972048263,31.24229985443932,,34.04295368922905,31.4775,28.912046310770943,208433.4,246309.0,1.2444694564306873,29.81243614802478
2026-04-02,6023,98.2,98.4,97.7,98.2,179376.0,17585094.0,97.08000000000001,95.63,94.95,95.10666666666665,95.15333333333334,95.17666666666668,93.47826086956528,71.91011235955058,0.6595357333063419,0.14329250242583985,0.5162432308805021,23.61591736799507,11.141770883731741,28.600610661342053,,98.11394157907341,94.95,91.7860584209266,261825.6,233547.6,0.6850972555777586,98.0348207118009
2026-04-02,6024,56.5,56.8,55.8,55.9,275065.0,15421068.0,55.660000000000004,55.31,54.425,52.2425,50.709583333333335,50.385416666666664,75.99999999999994,72.46376811594205,1.007742670887076,0.9338186013189074,0.07392406956816866,37.38736938355519,20.71905059601875,32.390894133740076,,57.1517678958607,54.425,51.698232104139294,505164.4,523012.25,0.544505907383814,56.06335956955628
2026-04-02,6026,14.75,14.85,14.65,14.8,1924992.0,28342981.0,14.74,14.74,14.4175,14.590833333333334,14.670416666666664,14.710208333333332,60.00000000000004,61.62790697674418,0.10118310049955781,0.04654417645557943,0.05463892404397838,26.422958780984523,25.824904743515482,21.647665690087344,,15.49613217475702,14.4175,13.33886782524298,1629195.2,2214652.85,1.1815600733417335,14.723687682857904
2026-04-02,6101,39.75,39.85,38.85,39.8,189354.0,7503601.0,39.239999999999995,38.44,37.955,38.839166666666664,39.11958333333334,39.25979166666666,81.08108108108114,74.80314960629926,0.21408065379193886,-0.11864103633288861,0.33272169012482744,27.95541089270112,20.00187219860907,39.71644347119011,,40.012310456831756,37.955,35.89768954316824,214812.4,94721.6,0.8814854263534135,39.62736989976446
2026-04-02,6103,42.65,43.15,40.05,43.15,20030.0,845909.0,44.86,46.255,,,,,22.627737226277404,63.279445727482674,1.8292464042144587,2.151080855925383,-0.3218344517109242,22.539087624445692,25.67150780092456,44.31078025404803,,,,,14018.0,,1.4288771579397916,42.23210184722915
2026-04-02,6104,90.2,90.7,88.2,88.7,677973.0,60298551.0,90.3,92.28,93.85,97.52333333333333,98.76166666666667,99.38083333333334,30.973451327433636,40.06514657980457,-2.025318345154645,-1.518821697804045,-0.5064966473505998,12.596773772455204,25.451049204885134,30.538526422221427,,100.68320068335088,93.85,87.01679931664911,687783.8,1086240.4,0.985735633784919,88.93945776601723
2026-04-02,6108,16.2,16.4,16.1,16.25,201605.0,3263790.0,16.31,16.475,16.04,14.969166666666668,14.586666666666668,14.735416666666667,28.571428571428868,56.000000000000014,0.38192122130301165,0.4284475747258381,-0.04652635342282646,25.594770340715883,14.021731560257782,37.294547702937535,,17.186436125335163,16.04,14.893563874664833,236991.4,466878.65,0.8506848771727582,16.189033010093997
2026-04-02,6109,11.85,11.9,11.75,11.75,285346.0,3370092.0,11.75,11.9,12.072500000000002,11.951666666666666,11.875833333333334,11.837916666666668,27.27272727272731,32.14285714285717,-0.0834136888271928,-0.02621558538145362,-0.05719810344573918,18.837231787221857,24.768292511316968,22.724540551922313,,12.557512208202384,12.072500000000002,11.587487791797619,223607.6,242930.55,1.276101527855046,11.810545793527858
2026-04-02,6111,43.0,44.05,42.4,44.05,522594.0,22636896.0,43.209999999999994,43.084999999999994,43.214999999999996,43.68500000000001,43.8425,43.92124999999999,74.68354430379745,50.442477876106175,-0.06959939178101848,-0.20210799650642086,0.13250860472540238,19.014312619155106,18.34686534933612,24.44771299507252,,45.10349703537805,43.214999999999996,41.326502964621945,391756.4,296786.6,1.333976930561951,43.31641006211323
2026-04-02,6112,43.7,44.0,42.85,42.95,204822.0,8828901.0,43.39,44.94,45.657500000000006,45.9875,48.51208333333333,50.979375000000005,30.00000000000003,44.76534296028882,-0.6899501202196632,-0.2914482937773684,-0.39850182644229476,23.297553700976152,28.402074982447928,15.09937980781009,,49.623841944543955,45.657500000000006,41.69115805545606,362749.0,1078204.05,0.5646383587549517,43.10523771860445
2026-04-02,6113,21.55,21.85,21.25,21.85,358069.0,7796391.0,20.98,20.595,20.9675,20.525000000000002,20.3125,20.20625,78.2608695652174,54.2483660130719,0.09871819606701848,-0.0017404992315229403,0.10045869529854143,26.13169679366042,19.960518828300543,19.83478623431079,,22.731250489574336,20.9675,19.203749510425666,242041.4,189497.55,1.4793708844850508,21.773431936302778
2026-04-02,6114,29.65,29.65,29.25,29.3,32005.0,938645.0,29.72,30.140000000000004,30.385,30.904999999999998,30.9525,30.97625,27.50000000000003,35.779816513761475,-0.4053757389783357,-0.2770861056721027,-0.128289633306233,19.761825697476194,27.07220812241578,16.705206379395882,,31.84755004412806,30.385,28.922449955871944,25803.0,41215.85,1.2403596481029338,29.328073738478363
2026-04-02,6115,47.4,47.4,46.75,46.9,103241.0,4845674.0,46.92,46.89,46.985,47.0375,46.963750000000005,48.78479166666666,50.0,64.28571428571425,-0.033970779071658797,-0.04151661353463605,0.007545834462977255,23.71170634787502,20.836509175703615,12.778709380546065,,48.080493159796,46.985,45.889506840204,82038.0,107065.65,1.2584533996440674,46.93555854747629
2026-04-02,6116,8.3,8.49,8.21,8.21,19195547.0,159884436.0,8.14,8.36,8.6045,8.130166666666666,7.8254166666666665,7.5905000000000005,43.02325581395353,45.51083591331271,-0.0665025376702868,0.023466419499409075,-0.08996895716969587,20.86349452973065,18.80547428950432,18.070681276878965,,9.389583971372025,8.6045,7.819416028627976,17485204.0,22877564.85,1.0978165882422648,8.329246152766576
2026-04-02,6117,70.7,71.0,69.6,69.7,140879.0,9908745.0,70.46000000000001,71.4,71.64000000000001,76.84333333333333,80.08666666666666,85.05208333333333,41.333333333333336,58.63453815261044,-1.5707351524120412,-1.5893185757028137,0.01858342329077245,19.425292527659828,24.254437663705918,9.543648221562378,,77.0027958144408,71.64000000000001,66.27720418555923,219841.6,328197.05,0.6408204816558831,70.3351457633856
2026-04-02,6118,17.1,17.1,16.85,16.85,115584.0,1958804.0,17.23,17.565,17.98,18.254166666666666,18.302083333333332,18.326041666666665,10.71428571428585,31.95876288659794,-0.3459150864725373,-0.20778245744341348,-0.13813262902912385,19.208903359578276,24.85400776247289,18.977175744057845,,19.386526142477862,17.98,16.57347385752214,130350.4,226021.35,0.8867176472032308,16.94701688815061
2026-04-02,6120,12.95,13.25,12.8,12.85,3509947.0,45765027.0,12.620000000000001,12.985,13.0775,12.7375,11.995833333333334,11.7605,47.61904761904763,51.37614678899083,-0.06046178848975359,0.024204991948912825,-0.0846667804386664,23.989279114750843,20.656502101419434,15.910510802254173,,14.001720866744618,13.0775,12.153279133255383,2757751.2,3127547.2,1.272756947762365,13.038666110912786
2026-04-02,6121,347.0,352.5,347.0,352.5,357266.0,125277073.0,349.1,348.75,340.575,343.2916666666667,344.8958333333333,345.6979166666667,62.7906976744186,70.25316455696202,3.2120093596809625,1.6938984446186351,1.5181109150623273,25.35700509572748,22.321534059104277,17.871972432237307,,368.35283099410117,340.575,312.7971690058988,291759.6,505747.15,1.2245218323578728,350.65489859096584
2026-04-02,6122,51.2,51.7,50.9,51.5,201492.0,10330775.0,51.12,51.04,51.504999999999995,52.00333333333333,52.251666666666665,52.37583333333334,64.2857142857143,48.14814814814815,-0.2138399191756335,-0.24157848492438572,0.02773856574875222,22.826321540548925,23.094068039412523,16.622630629704965,,53.66635922146471,51.504999999999995,49.34364077853528,303095.2,406441.05,0.6647812304516865,51.27139042741151
2026-04-02,6123,43.5,43.6,43.15,43.2,42398.0,1834139.0,43.10000000000001,43.15,43.0775,43.49666666666666,43.54833333333333,43.57416666666666,60.00000000000014,64.10256410256412,-0.11113999903743377,-0.14488137076324936,0.033741371725815594,22.502522520265792,17.725830735619585,30.429299098237657,,44.36160320949351,43.0775,41.79339679050649,45838.8,63880.8,0.9249369529743361,43.26003585074768
2026-04-02,6124,32.75,33.7,31.2,31.7,121641.0,3911435.0,31.140000000000004,31.660000000000004,32.78,29.303333333333335,28.326666666666668,27.838333333333335,52.23880597014924,32.47232472324721,0.3992925630527111,0.7854342743787999,-0.38614171132608877,29.472191072531377,15.564832398561142,42.518919580517995,,37.182439515110985,32.78,28.37756048488902,98384.6,328396.5,1.2363825232810826,32.15556432452873
2026-04-02,6125,52.2,52.4,51.6,52.2,1058457.0,55169210.0,53.879999999999995,56.55,58.67999999999999,63.81333333333334,65.30666666666666,66.05333333333333,9.722222222222257,36.904761904761905,-2.8673146469170447,-2.178814161734589,-0.6885004851824559,12.580715246198857,36.78148693108129,43.68302031017418,,65.84999596270889,58.67999999999999,51.510004037291104,1021074.2,1549767.05,1.036611247253138,52.12229689066254
2026-04-02,6126,32.3,33.1,32.05,32.15,1121659.0,36460531.0,31.4,31.85,32.894999999999996,36.56583333333333,37.48291666666667,37.94145833333334,62.162162162162154,49.82456140350876,-1.4557054611988818,-1.556378640712706,0.10067317951382426,21.011387581285035,25.798536995209343,34.41342118828489,,37.93378640359481,32.894999999999996,27.856213596405183,951995.4,1662668.15,1.1782189283687714,32.5058961770021
2026-04-02,6127,39.5,42.75,39.2,42.75,13919237.0,578092627.0,42.02,42.160000000000004,39.475,36.21166666666667,35.43083333333333,35.040416666666665,72.32142857142854,61.599999999999994,1.9132490076473232,1.6551871315521973,0.2580618760951259,22.070713767919496,9.298511201324766,38.68998107605446,,46.01930246373456,39.475,32.93069753626544,11544942.2,10449090.95,1.2056567074021385,41.5319192424125
2026-04-02,6128,20.9,21.0,20.7,20.95,170384.0,3552929.0,21.169999999999998,21.43,22.8325,23.179166666666667,25.2,28.53375,31.818181818181685,20.238095238095156,-0.7937645941020115,-0.595021253942384,-0.19874334015962747,17.93400810235196,33.29185123760073,22.372425611082775,,26.269799276435585,22.8325,19.395200723564415,141419.2,151636.35,1.204815187753855,20.85248027983848
2026-04-02,6129,15.45,15.8,15.35,15.8,724125.0,11299116.0,15.59,15.844999999999999,15.557500000000001,15.35,15.3,15.275,63.636363636363654,53.61445783132531,0.11837964697123127,0.12352550011881717,-0.005145853147585908,22.743268366786992,20.24330632950689,23.925162777523674,,17.287506084564903,15.557500000000001,13.8274939154351,596075.0,964878.1,1.2148219603237849,15.603819782496116
2026-04-02,6130,25.45,26.7,24.7,25.7,210896.0,5372701.0,26.629999999999995,28.075,31.915,37.405833333333334,38.85291666666667,39.576458333333335,3.1250000000000426,5.1851851851851904,-3.3654175417062397,-2.868533668903853,-0.4968838728023868,4.163785777630652,29.11460457969796,59.93329342336702,,41.44291466663798,31.915,22.387085333362016,169137.6,114813.0,1.2468901060438364,25.47559460587209
2026-04-02,6133,23.0,23.0,21.95,21.95,1018105.0,22656379.0,22.43,23.134999999999998,23.98,22.449166666666663,19.59333333333333,17.626458333333336,27.9999999999999,40.93023255813953,-0.28569514046785827,0.07102133095015228,-0.35671647141801055,24.013449062507508,24.81506746403954,18.154906506915772,,26.885059108013728,23.98,21.074940891986273,1159205.2,4733393.6,0.8782784963352477,22.25347974914179
2026-04-02,6134,33.1,34.35,32.05,33.2,4263684.0,141413864.0,31.540000000000003,31.095,31.372500000000002,30.245,29.822499999999998,29.61125,80.67226890756305,53.91849529780565,0.38048206239466253,0.18552870450384504,0.1949533578908175,27.40211555763675,16.00115058699721,20.769492195678907,,34.35516482758023,31.372500000000002,28.389835172419772,2778610.4,2064119.55,1.5344662929354904,33.16706022303717
2026-04-02,6136,24.25,24.35,24.25,24.3,93341.0,2268023.0,24.3,24.175,24.029999999999998,24.008333333333333,23.798750000000002,23.715416666666666,71.4285714285715,72.50000000000001,0.08962789576752783,0.052383913477352974,0.03724398229017486,26.60802075800045,12.971241694490153,21.632793313480054,,24.520327495284263,24.029999999999998,23.539672504715732,182589.0,196898.4,0.5112082326974791,24.298250500851715
2026-04-02,6138,222.0,222.5,220.0,220.0,257963.0,56980977.0,219.2,224.05,225.8,246.23333333333332,253.11666666666667,256.55833333333334,44.73684210526316,47.972972972972975,-6.5926713294815045,-6.743880475045774,0.15120914556426968,17.714295837449708,28.37941350716644,44.48224291565522,,241.20813182432644,225.8,210.39186817567358,274977.8,462623.25,0.9381230048389362,220.8881777619271
2026-04-02,6139,535.0,543.0,520.0,521.0,2425334.0,1282201338.0,537.8,575.3,560.15,544.05,475.43333333333334,374.9427083333333,14.649681528662413,53.63321799307959,0.13207542470763656,7.593467064640116,-7.461391639932479,30.029830476218883,32.1396990092372,19.534251916209886,,640.9415446331525,560.15,479.35845536684747,3421684.8,4398809.5,0.70881280473292,528.6700050384813
2026-04-02,6140,17.5,17.6,17.0,17.1,180646.0,3106455.0,18.04,19.195,20.6325,22.31833333333333,22.809166666666666,23.054583333333333,17.10526315789471,24.861878453038685,-1.3278657008115786,-0.9269522870677271,-0.4009134137438515,10.501450270561662,37.465971948155044,31.214651638523268,,24.5289592564073,20.6325,16.7360407435927,139387.6,141062.6,1.2959976353707217,17.19636748115098
2026-04-02,6141,21.3,21.3,20.5,20.95,567841.0,11843565.0,21.110000000000003,22.73,19.97,14.0625,12.984999999999998,12.627625,48.79999999999998,58.31663326653307,2.208752652977136,2.6169684611572586,-0.4082158081801226,32.530284085121835,22.440728150115714,36.00197712258554,,28.666787065529352,19.97,11.273212934470646,743979.4,2218640.7,0.7632482834874191,20.857185374074785
2026-04-02,6142,9.51,9.57,9.35,9.38,512582.0,4818689.0,9.59,9.823,9.771,9.641666666666667,9.764333333333333,9.641416666666666,19.801980198019777,50.537634408602166,-0.03457966512686639,0.025224547150494766,-0.05980421227736116,18.88715684523193,21.48732792658537,14.767657990690331,,10.292976002675005,9.771,9.249023997324997,545802.4,603391.95,0.939134749132653,9.400815869460887
2026-04-02,6143,94.5,94.6,92.0,92.1,1662023.0,154298991.0,94.25999999999999,96.84,99.635,102.23666666666666,102.86833333333334,103.18416666666667,3.797468354430336,25.847457627118658,-2.5479178819147705,-1.6360697006883151,-0.9118481812264554,11.151454369932862,27.9166446869676,28.757423533411497,,108.52100910953489,99.635,90.74899089046512,1259013.8,1047239.1,1.3200991124958281,92.83806000277974
2026-04-02,6144,16.5,16.8,16.15,16.75,28583.0,467858.0,16.76,16.69,16.905,18.34916666666667,18.849583333333335,19.09979166666667,59.99999999999993,41.37931034482761,-0.4022682278900831,-0.48554153905217184,0.08327331116208875,5.353067645773865,13.998643844089331,54.25251007324214,,17.734013364123193,16.905,16.07598663587681,20549.8,16746.9,1.3909137801827756,16.36840079767694
2026-04-02,6146,200.0,206.5,200.0,201.5,515905.0,104683315.0,199.1,198.95,197.725,182.74166666666667,178.62083333333334,176.56041666666667,65.21739130434783,57.377049180327866,4.6579093903861235,5.065224744764413,-0.4073153543782899,28.457223097100314,20.6058294364318,29.392362684282723,,205.1268134335626,197.725,190.32318656643739,472143.0,569193.4,1.0926880203667109,202.9119993021971
2026-04-02,6147,103.5,106.0,102.5,106.0,48200296.0,5077233641.0,94.5,81.45,68.67,58.986666666666665,56.64333333333333,55.471666666666664,97.48283752860414,86.45690834473324,11.438071603543804,6.5915842875085575,4.846487316035247,54.2527101391429,7.831222452171362,52.17597184704421,,105.21920835775992,68.67,32.12079164224008,47789177.6,25082752.5,1.008602751096516,105.33615065351466
2026-04-02,6148,33.0,33.8,31.0,32.5,370212.0,12050004.0,33.64,35.575,34.589999999999996,35.2125,35.45625,35.57812500000001,19.819819819819827,50.51813471502592,-0.3074151437975772,0.06120231445523079,-0.36861745825280795,17.00110051056144,24.205852475707932,35.77470848867264,,39.76439037853481,34.589999999999996,29.415609621465183,303927.2,1033716.8,1.2180943331166147,32.54892872192149
2026-04-02,6150,57.3,57.3,55.4,56.1,118893.0,6693053.0,56.38000000000001,57.77,57.705000000000005,59.52833333333333,60.11416666666666,60.40708333333334,35.416666666666686,51.00401606425703,-0.753319842575479,-0.5746407630155119,-0.1786790795599671,13.785248142247985,23.390592181115892,29.231749319180864,,62.93224643222015,57.705000000000005,52.477753567779864,143335.8,299257.45,0.8294717718811352,56.29476083537298
2026-04-02,6151,34.95,35.1,33.3,33.45,779903.0,26536068.0,32.260000000000005,31.575,30.744999999999997,30.004166666666666,29.802083333333332,29.701041666666665,78.2608695652174,70.55555555555556,0.770618689019166,0.41189880909664855,0.3587198799225174,29.31105257110127,14.704275397884894,32.102969195067,,33.540466254303084,30.744999999999997,27.94953374569691,596341.8,297172.1,1.3078120634843977,34.02483129312235
2026-04-02,6152,16.05,17.0,15.55,16.5,4320035.0,69400802.0,16.54,17.77,18.195,13.772333333333332,11.451083333333333,10.50475,30.6818181818182,40.932642487046635,0.4482711817308562,1.0334676596598429,-0.5851964779289867,22.562341758576377,16.684731032459247,40.45914477147867,,21.19199849849798,18.195,15.19800150150202,4551676.2,7289176.6,0.9491085943239986,16.06487030776371
2026-04-02,6153,16.4,16.8,16.1,16.2,2220014.0,36346086.0,16.400000000000002,16.575,16.34,16.025,15.453750000000001,14.416249999999998,49.05660377358482,63.565891472868216,0.09099899100200304,0.15123235315773598,-0.06023336215573294,20.991339113874307,19.72121887414878,17.453559762517393,,17.749964538561347,16.34,14.930035461438653,3641869.0,4783386.15,0.6095809596665888,16.372007563916263
2026-04-02,6154,13.3,13.3,13.2,13.25,48676.0,644892.0,13.34,13.459999999999999,13.5,13.71,13.78,13.815,0.0,35.294117647058854,-0.09985632346958262,-0.07254775636243758,-0.027308567107145035,6.852722929473725,19.71275353319813,39.62903284124253,,13.771448357015316,13.5,13.228551642984684,34605.6,29420.6,1.406593152553344,13.248664639658148
2026-04-02,6155,45.3,45.75,42.0,42.0,1199289.0,51657492.0,43.989999999999995,44.989999999999995,46.2675,46.148333333333326,36.467083333333335,29.55666666666667,39.49579831932773,47.32620320855615,-1.1006397163607744,-0.6778953568830192,-0.42274435947775524,23.244581977601765,26.685970521506842,13.417642345623273,,52.677465514317475,46.2675,39.85753448568252,1699730.0,1824535.55,0.705576179746195,43.073431007872166
2026-04-02,6156,19.8,19.95,19.4,19.5,322486.0,6311075.0,19.5,19.52,20.067500000000003,20.375,20.4375,20.46875,60.0,37.36263736263735,-0.3087040488091439,-0.2722182490869891,-0.03648579972215482,16.545404381542173,23.405272224841845,30.81272626645539,,21.7987225677097,20.067500000000003,18.336277432290306,286891.6,368584.95,1.1240691606167628,19.57007435981717
2026-04-02,6158,18.15,18.15,17.9,18.1,37158.0,670798.0,18.050000000000004,18.08,18.9525,20.058333333333334,20.329166666666666,20.464583333333334,44.4444444444448,9.615384615384613,-0.6391728687944394,-0.605853656424551,-0.03331921236988833,5.135449275436079,32.25398973043062,57.8644761704183,,21.059749391980002,18.9525,16.84525060802,54694.8,83645.55,0.6793698852541741,18.052586253296734
2026-04-02,6160,15.2,15.7,15.2,15.3,112499.0,1726658.0,15.59,16.009999999999998,16.235000000000003,16.798333333333332,16.94916666666667,17.024583333333336,5.555555555555273,37.037037037037024,-0.3601773188424158,-0.24757817975442706,-0.11259913908798871,10.593776596890324,27.767839369310167,39.46930475294902,,17.37752720801416,16.235000000000003,15.092472791985847,88699.4,112693.1,1.268317485800355,15.348207539622575
2026-04-02,6161,40.75,40.85,40.6,40.8,82860.0,3374482.0,40.739999999999995,41.035,41.75,42.457499999999996,42.60375,42.676875,46.15384615384601,40.9090909090909,-0.5421987841764988,-0.4522658399607432,-0.0899329442157556,12.927467485237901,23.796401005610218,32.20013698860739,,43.93101859351608,41.75,39.56898140648392,81716.0,112518.7,1.0139997062998678,40.725102582669564
2026-04-02,6163,60.5,64.8,59.1,64.5,5355940.0,331398606.0,63.779999999999994,61.77,57.404999999999994,56.08,55.99,55.945,62.88659793814434,66.92913385826772,2.6750324119941524,1.7056282059608763,0.9694042060332762,22.26117672547982,15.115257893198338,37.64372553406347,,68.53570196868958,57.404999999999994,46.27429803131041,8324164.0,7781894.0,0.6434207687402603,61.8749661123911
2026-04-02,6164,11.85,12.0,11.6,11.6,291495.0,3420525.0,11.879999999999999,12.295,12.195,11.871,10.95875,11.126125,24.242424242424306,53.6082474226804,-0.058664382299104645,0.053897247427396315,-0.11256162972650097,22.44236458610918,29.626052459707235,19.39081479168318,,13.42954658201221,12.195,10.960453417987791,321355.2,898038.1,0.9070803895502546,11.734420830545979
2026-04-02,6165,45.4,45.55,45.05,45.4,178265.0,8067551.0,45.6,46.575,45.03,45.7425,49.56375,51.55291666666666,34.117647058823536,68.97810218978098,0.3999577438034123,0.4220808820398302,-0.022123138236417872,27.517194826237095,28.607138615315154,16.886115283271984,,49.94061149584817,45.03,40.119388504151836,282446.0,424027.15,0.6311471927377269,45.25594480127899
2026-04-02,6166,58.4,58.9,56.9,57.0,291451.0,16729062.0,58.4,59.39,60.92999999999999,62.75666666666667,61.63166666666667,65.92083333333333,14.89361702127654,42.26190476190476,-1.2190120403696554,-0.8258874948611505,-0.39312454550850484,21.356301867790076,28.84207010089329,10.816448026423394,,65.40124143834831,60.92999999999999,56.45875856165168,331016.0,378588.5,0.880474055634773,57.39922662814676
2026-04-02,6167,14.8,15.0,13.8,13.95,2807686.0,40231995.0,13.969999999999999,14.395000000000001,13.482499999999998,12.283333333333333,11.966666666666667,11.808333333333334,37.499999999999915,60.571428571428584,0.5602332415116393,0.6133297575790876,-0.05309651606744825,28.57211219815908,15.949205643994874,34.24164271459935,,16.38118845115202,13.482499999999998,10.583811548847976,1862011.6,2331869.45,1.5078778241768203,14.329235890338165
2026-04-02,6168,24.1,26.0,23.2,26.0,13553796.0,340114270.0,24.07,24.39,22.365000000000002,20.993333333333336,20.827499999999997,19.143958333333334,50.0,73.21428571428572,1.1181753772484306,0.9090813314041872,0.2090940458442434,40.380847130422104,18.8113282174404,27.741820818358086,,27.44292954077272,22.365000000000002,17.287070459227284,6195437.2,9277353.1,2.1877061396086783,25.093654205803304
2026-04-02,6169,16.25,16.25,16.25,16.25,1062.0,17255.0,16.45,16.655,16.8275,17.97416666666667,18.31208333333333,18.481041666666666,13.333333333333456,34.042553191489375,-0.42105639130859984,-0.4016261779344697,-0.019430213374130145,13.089595663368847,32.103368906042014,45.44795015593915,,17.47514756497731,16.8275,16.179852435022692,8037.2,20418.75,0.1321355696013537,16.247645951035782
2026-04-02,6170,51.5,51.7,51.2,51.2,162192.0,8341939.0,51.220000000000006,51.71,50.2175,49.31083333333333,49.03041666666666,48.89020833333334,27.272727272727153,67.41573033707868,0.6753285593314331,0.6530132618042177,0.022315297527215394,26.374449402940535,15.593436992963985,29.1784866471369,,53.90535702999499,50.2175,46.529642970005014,205115.2,411912.25,0.7907361326708113,51.4324935878465
2026-04-02,6171,26.35,26.55,26.2,26.35,22309.0,588899.0,26.77,27.065000000000005,27.275,27.424999999999997,27.4125,27.40625,17.857142857142875,38.46153846153848,-0.2455404978636473,-0.12028888082952696,-0.12525161703412033,15.092687206875349,25.08926699206614,31.377333491601764,,28.225623064377423,27.275,26.324376935622574,22785.4,16983.05,0.9790918746214681,26.397373257429738
2026-04-02,6173,64.1,67.0,64.0,65.3,3754306.0,246329804.0,63.620000000000005,63.08,64.275,63.861666666666665,63.880833333333335,63.89041666666666,92.98245614035089,52.343750000000014,-0.0653482513405308,-0.2789557463846416,0.2136074950441108,24.368940799123152,23.60882730647616,26.20577487470215,,71.53552774651367,64.275,57.014472253486346,2810183.6,2712948.25,1.3359646679313053,65.61260696384365
2026-04-02,6174,22.8,23.6,22.8,23.2,247283.0,5726160.0,22.869999999999997,22.23,22.095000000000002,22.134999999999998,22.1425,22.14625,100.0,62.85714285714281,0.21088826761581814,0.013326167528029419,0.1975621000877887,18.996037603163742,9.36096191982637,21.32645994830545,,23.417636919586265,22.095000000000002,20.77236308041374,200369.8,126835.95,1.234133087920435,23.156302697718807
2026-04-02,6175,52.3,53.7,52.2,52.8,4236238.0,224235535.0,50.58,48.51,47.0675,46.4525,46.37625,46.338125,89.99999999999997,68.64406779661017,1.4197430764011045,0.5959449272778888,0.8237981491232157,34.44153720943205,19.727568964624133,27.514682184897303,,53.67477469894877,47.0675,40.46022530105124,3724342.8,1949747.35,1.1374457796956823,52.932704678065775
2026-04-02,6176,93.5,94.0,91.8,92.0,1917521.0,177365455.0,92.12,92.4,98.885,114.13666666666667,124.31833333333333,138.54541666666668,52.94117647058822,31.05263157894734,-7.047892965498505,-7.2908305892409455,0.24293762374244032,16.104668395819747,32.25866522628573,33.08479950453203,,120.7822024168459,98.885,76.9877975831541,2013803.2,3762227.3,0.9521888732722245,92.4972686087923
2026-04-02,6177,47.05,47.3,46.5,46.9,494958.0,23169379.0,47.36,47.529999999999994,47.105000000000004,48.20166666666667,48.01791666666667,47.435208333333335,38.18181818181818,62.12121212121212,-0.18417875230558423,-0.2319754684710506,0.04779671616546638,24.104583498943562,24.07557605421622,11.61592898425813,,49.29898699799439,47.105000000000004,44.91101300200562,562483.8,892360.45,0.8799506759127995,46.81079808791857
2026-04-02,6179,25.0,25.3,24.6,25.0,1165514.0,29027256.0,25.04,26.189999999999998,26.189999999999998,26.90333333333333,27.076666666666664,27.163333333333338,15.517241379310335,50.0,-0.4593223831792912,-0.2473468796257735,-0.21197550355351769,18.21513697165507,23.95658735146476,20.919704318229936,,28.795985014296278,26.189999999999998,23.584014985703718,1402108.4,3429413.5,0.8312581252633534,24.90511139291334
2026-04-02,6180,42.75,43.05,42.05,42.45,440460.0,18635485.0,42.7,43.160000000000004,46.2,49.12833333333333,49.76416666666667,50.08208333333333,5.882352941176549,20.284697508896812,-2.1356396717553707,-1.869954785271595,-0.26568488648377575,8.249486056883647,31.26380625972338,52.087529360186515,,54.194669276593324,46.2,38.20533072340668,404076.0,625203.9,1.0900424672586344,42.309142714434905
2026-04-02,6182,33.4,36.3,33.4,35.95,17652368.0,623818991.0,35.37,35.345000000000006,34.597500000000004,35.2625,35.53125,35.665625,67.44186046511632,55.23809523809524,0.16033673619238442,-0.038720515396824584,0.199057251589209,23.733352827505634,18.58950250284094,22.403091570307883,,37.89398536921882,34.597500000000004,31.30101463078119,13481620.8,13795068.4,1.309365413986425,35.3391109340118
2026-04-02,6183,92.8,92.8,91.0,91.5,50245.0,4598922.0,92.3,92.55,93.65,94.86166666666666,96.07666666666665,94.69208333333334,31.11111111111113,29.473684210526343,-0.7932092346270139,-0.6591070573792126,-0.13410217724780127,18.187288758893626,30.974129871076766,25.978127460623583,,96.47954338886656,93.65,90.82045661113345,34492.2,51012.5,1.4567061538550745,91.5299432779381
2026-04-02,6184,47.85,47.85,47.6,47.7,32504.0,1552858.0,47.58,47.67,47.7875,48.11666666666667,48.70041666666667,50.501666666666665,45.45454545454575,56.45161290322588,-0.13030982943941893,-0.12252709975132069,-0.007782729688098247,13.828941487429027,27.466376458312237,29.648166244673682,,48.29933364896428,47.7875,47.275666351035724,32604.8,58800.9,0.9969084306605163,47.77436623184839
2026-04-02,6185,14.0,14.05,13.95,14.0,88206.0,1234629.0,13.959999999999999,14.035,14.1725,14.316666666666666,14.308333333333334,14.304166666666667,60.00000000000014,47.222222222222236,-0.1275364202520919,-0.10842015877771628,-0.019116261474375604,14.161024101324838,24.131394355296248,26.380590359428897,,14.896869053946803,14.1725,13.448130946053196,94923.6,213185.35,0.9292315082866641,13.997109040201346
2026-04-02,6186,40.3,40.35,39.85,40.3,293436.0,11768101.0,40.2,40.790000000000006,41.6875,44.642500000000005,45.396249999999995,45.77312500000001,37.25490196078419,38.41059602649006,-1.2650238880574491,-1.234769784440717,-0.030254103616732086,12.854600408342623,30.214009216008968,38.956516361471245,,44.91466675478011,41.6875,38.46033324521989,341661.6,339567.25,0.8588498092849768,40.10448956501588
2026-04-02,6187,930.0,974.0,900.0,974.0,1350344.0,1281691407.0,952.2,894.4,734.1,495.1666666666667,434.5833333333333,404.2916666666667,74.4186046511628,81.37254901960785,141.62164363627778,121.27967121304934,20.34197242322844,43.33408225032649,4.359229793568223,75.9711976356167,,1102.2126257861278,734.1,365.98737421387216,2919006.4,4525334.95,0.4626039874390135,949.1591824009289
2026-04-02,6188,88.0,88.8,86.5,87.5,1859855.0,162877195.0,88.32000000000001,91.83000000000001,94.03,99.16666666666667,100.58333333333333,101.29166666666667,10.84337349397596,39.076923076923094,-3.0290198778212982,-2.285064564050214,-0.7439553137710844,13.037979990911413,29.36391499162989,26.28367693373025,,102.92496605123544,94.03,85.13503394876456,1712913.0,1656669.5,1.0857848588924248,87.57521150842405
2026-04-02,6189,45.2,45.5,44.6,44.7,305451.0,13687323.0,45.370000000000005,46.13,45.515,45.938333333333325,47.13291666666667,58.559375,30.769230769230774,57.87037037037039,-0.22318689545933523,-0.1044118427836235,-0.11877505267571173,22.124575269084687,31.349397883952264,12.581967668695198,,48.52744785934218,45.515,42.50255214065782,441409.6,827948.05,0.6919899340657748,44.81020851134879
2026-04-02,6190,64.8,66.5,62.0,63.3,19843980.0,1268048970.0,59.08,56.730000000000004,53.1875,49.85666666666667,49.02833333333333,48.61416666666667,83.33333333333334,69.29133858267716,3.1439207818793946,1.9010800043243894,1.2428407775550052,30.24400026934125,7.399297316456282,45.735109356864875,,63.536660911829934,53.1875,42.838339088170066,14774388.0,11312926.75,1.3431338069637808,63.900939730840285
2026-04-02,6191,92.1,92.1,88.3,88.3,2944703.0,263313153.0,91.02,92.71,96.765,109.405,114.79416666666667,98.09854166666666,41.379310344827594,46.933333333333344,-4.814380959377672,-4.507731889164925,-0.3066490702127469,12.682464110805084,33.2986035907076,23.983816293293003,,109.82990276314905,96.765,83.70009723685095,3617535.0,4827994.95,0.8140081574884556,89.41925654301978
2026-04-02,6192,117.5,118.0,115.0,115.5,125714.0,14605132.0,116.8,117.35,120.8,114.44166666666666,108.81916666666666,104.82916666666667,45.833333333333336,45.0,-0.6532707464288023,0.24438041132965554,-0.8976511577584578,23.65398181392705,28.803738463413385,15.055994839256595,,131.19939269481824,120.8,110.40060730518175,151859.8,341019.4,0.8278293531270291,116.17745040329638
2026-04-02,6194,33.0,33.2,32.8,33.0,36380.0,1201990.0,32.910000000000004,32.769999999999996,32.28,33.2875,33.618750000000006,33.784375000000004,60.60606060606066,68.35443037974686,-0.010263792466965072,-0.17636341078251613,0.16609961831555106,15.573242014070962,19.45505363719754,40.965446687571664,,33.584808919263885,32.28,30.975191080736117,87428.0,110066.15,0.4161138308093517,33.039857064321055
2026-04-02,6195,24.55,24.55,24.35,24.45,53115.0,1297681.0,24.580000000000002,24.665,24.935,25.14333333333333,25.19666666666667,25.223333333333336,11.1111111111112,27.272727272727295,-0.1887489896106871,-0.13390313279305827,-0.054845856817628824,16.462171504177604,32.88395268362477,33.88854413959794,,25.609419828640245,24.935,24.260580171359752,35669.0,27822.1,1.489108189183885,24.43153534783018
2026-04-02,6196,281.0,286.0,279.0,282.0,1123143.0,316613458.0,281.9,283.2,283.55,269.5833333333333,258.55833333333334,218.69958333333335,51.35135135135135,57.07964601769911,1.9434142038278424,2.8260528838328054,-0.882638680004963,22.76298983294861,22.347283230212938,12.050759740279258,,303.06220940308066,283.55,264.03779059691936,1361856.2,2155972.2,0.8247148267195905,281.89950700845753
2026-04-02,6197,164.5,164.5,157.0,157.5,1745762.0,278720883.0,162.6,173.4,166.25,149.0,154.34583333333333,147.20499999999998,23.33333333333333,55.8252427184466,3.9384871789008287,6.72006831801567,-2.7815811391148415,26.029492840948322,30.853571423112815,22.75035735726026,,197.53897569432297,166.25,134.96102430567703,2017323.0,3520045.35,0.8653854638052508,159.65571652951547
2026-04-02,6198,,,,,13.0,294.0,,,,,,,33.3333333333332,28.571428571428555,-1.0799965319537428,-1.0716254297317003,-0.008371102222042515,4.5484797605916505,32.50004365039683,84.54565973154637,,,,,2607.8,18704.45,0.004985044865403789,22.615384615384617
2026-04-02,6199,127.5,127.5,109.5,110.5,2769265.0,335728925.0,109.9,106.5,101.36500000000001,98.75999999999999,98.23,97.96499999999999,91.66666666666667,77.94117647058823,3.5422022389431618,2.259992552248217,1.2822096866949448,25.801190160580617,4.347967889962791,36.56924951143912,,113.94941391897972,101.36500000000001,88.7805860810203,1808959.0,563175.25,1.5308611195720854,121.23394655260512
2026-04-02,6201,49.85,51.0,49.85,50.9,19799.0,998895.0,50.3,50.6,51.645,54.29833333333333,55.641666666666666,57.501666666666665,62.06896551724132,44.0,-1.073099975923455,-1.0687936027156286,-0.004306373207826342,18.41206660209244,32.75364030093789,44.2960790823211,,54.26835662844428,51.645,49.021643371555726,27694.2,39121.2,0.7149150363614042,50.45179049446942
2026-04-02,6202,47.95,48.2,44.95,45.3,1942136.0,89085288.0,47.88,50.57,54.025,46.218333333333334,43.037083333333335,43.01479166666666,21.578947368421026,33.27067669172931,-0.6784536817937195,0.831573758430586,-1.5100274402243055,17.861930316225905,30.535254510249505,23.303570703528806,,64.43675954592236,54.025,43.61324045407764,1818222.8,4503173.85,1.0681507238826837,45.869747535702956
2026-04-02,6203,63.0,65.2,63.0,64.8,462071.0,29808779.0,65.36,65.53,65.83,65.35333333333332,65.17666666666666,65.08833333333334,46.15384615384621,43.03030303030305,-0.10737616246821347,0.019959695825703706,-0.12733585829391716,16.128215107230417,25.800323477175784,16.793857379724326,,69.40541311562293,65.83,62.254586884377055,317242.6,194906.8,1.4565225477284578,64.5112525997087
2026-04-02,6204,59.0,60.5,59.0,59.4,54251.0,3233000.0,59.86,60.839999999999996,63.510000000000005,66.965,67.7325,68.11625,28.00000000000003,29.05027932960894,-2.2895854637590958,-1.9598590721199953,-0.32972639163910045,11.0538681393835,22.947342273913833,30.06179158407584,,71.44258436682792,63.510000000000005,55.577415633172095,42750.6,78872.1,1.269011429079358,59.593371550754824
2026-04-02,6205,54.0,54.6,51.4,51.8,559371.0,29414641.0,53.4,56.31,54.4775,48.677499999999995,45.13458333333333,47.963125000000005,17.72151898734178,52.78195488721803,1.0122057060003087,1.785639615843663,-0.7734339098433543,28.906273141749566,20.711040706867035,31.25316806371477,,61.706715215470446,54.4775,47.24828478452955,921089.4,1489587.0,0.6072928425840097,52.58520910093659
2026-04-02,6206,99.0,99.0,96.3,96.7,479629.0,46595526.0,98.56,99.64,98.495,94.36166666666666,99.96,108.5,37.16814159292039,56.10687022900764,1.200401209898473,1.7376343187725385,-0.5372331088740654,21.436700774834488,28.53713847864684,16.653168428887046,,106.01856998127634,98.495,90.97143001872367,418784.2,1009653.6,1.1452891489220463,97.14910065905106
2026-04-02,6207,55.9,56.5,53.4,54.0,2059787.0,112173133.0,53.379999999999995,53.50999999999999,53.825,52.95166666666667,52.72583333333333,52.61291666666667,39.28571428571431,48.08743169398907,0.20068922556695412,0.19365391862667616,0.007035306940277958,24.013250509428417,17.02263131831348,23.985467219817778,,58.08985021641129,53.825,49.56014978358871,1739072.2,3215022.05,1.1844171852094467,54.458608098798564
2026-04-02,6208,55.0,55.8,52.3,55.0,592651.0,31812597.0,52.04,49.995,48.04,45.95916666666667,45.45458333333333,45.20229166666666,90.86021505376343,82.60869565217388,2.040270565863757,1.1746601637361151,0.8656104021276421,33.62496951333615,7.529018611144325,36.779109499760494,,54.391013180670676,48.04,41.68898681932932,388590.6,151265.75,1.5251295322120506,53.6784667536206
2026-04-02,6209,50.3,51.0,49.4,50.2,1210171.0,60754108.0,50.06,53.15,54.635000000000005,59.72833333333333,51.5425,39.359375,20.967741935483858,46.08695652173913,-2.734629622580435,-2.350984113196411,-0.3836455093840243,23.241098681558363,32.493943357099255,15.825040818004688,,63.45609314147162,54.635000000000005,45.81390685852839,1729424.4,2975658.75,0.699753629010901,50.20291181989983
2026-04-02,6210,19.35,19.8,19.35,19.8,22050.0,432350.0,19.77,19.905,20.152499999999996,20.30166666666667,20.325833333333335,20.33791666666667,30.000000000000213,28.000000000000043,-0.1723027378778852,-0.13536584483421996,-0.036936893043665237,5.757026039537475,24.705558098404598,50.03885102105442,,20.92741935064237,20.152499999999996,19.377580649357622,59030.0,30352.25,0.37353887853633744,19.607709750566894
2026-04-02,6212,27.5,28.15,27.45,27.45,6757.0,186640.0,,,,,,,0.0,0.0,-2.6652901010621157,-2.33703626628777,-0.3282538347743458,7.370798936609521,25.257407422232326,58.64872602201086,,,,,,,,27.621725617877757
2026-04-02,6213,167.5,176.0,167.0,170.0,59038515.0,10110235908.0,158.1,149.95,141.55,122.50833333333334,116.37083333333334,99.789375,83.1858407079646,73.5042735042735,10.371788714494443,8.129321952377738,2.2424667621167043,43.51101394321059,14.604552237832344,30.39818200976409,,169.07778500657915,141.55,114.02221499342087,33923322.6,21103614.9,1.7403517838196663,171.24814043849173
2026-04-02,6214,107.5,108.5,106.5,107.5,322381.0,34661872.0,107.0,108.95,110.25,116.03333333333333,120.1375,118.7975,41.1764705882353,47.72727272727273,-2.1020280784097167,-1.9483198407140123,-0.1537082376957044,16.283079549611514,28.576145646847724,22.002753661765496,,115.58607385729803,110.25,104.91392614270197,403403.0,796473.85,0.7991536998981168,107.51834630452787
2026-04-02,6215,98.6,98.9,94.1,94.1,816402.0,77925732.0,97.47999999999999,100.53999999999999,105.17999999999999,107.835,113.395,109.80604166666666,34.31372549019608,45.70230607966456,-3.685372703391323,-2.4652283298036592,-1.2201443735876638,16.563976745245597,33.95362702494344,17.73843906768341,,119.06215059935458,105.17999999999999,91.2978494006454,788323.0,1149741.65,1.0356186487011034,95.45019732925691
2026-04-02,6216,25.0,25.0,24.8,24.9,79348.0,1974777.0,25.1,25.315,25.8,26.651666666666667,26.982083333333332,30.055000000000003,42.85714285714275,43.05555555555555,-0.5254928791494606,-0.46502507169819796,-0.06046780745126268,11.952413138156212,29.036463778126905,26.651120307341923,,27.28961316066323,25.8,24.310386839336772,114945.4,119519.35,0.690310356047306,24.887545999899178
2026-04-02,6217,230.0,236.5,215.0,236.5,24356056.0,5595730037.0,213.2,191.0,149.43,92.59166666666667,78.64583333333333,71.67291666666667,100.0,80.35800677310112,38.17911849816957,29.51321726759771,8.665901230571862,47.92183566628797,10.027379637060386,64.0008172788122,,253.1231728961129,149.43,45.73682710388712,16098433.6,9157519.7,1.5129457067177021,229.74696876210172
2026-04-02,6218,36.95,37.7,34.8,35.5,7481509.0,273047746.0,31.570000000000004,28.455000000000002,26.190000000000005,23.53916666666667,22.794583333333332,22.42229166666667,90.76305220883535,87.13826366559488,2.608572078910722,1.392619263117624,1.215952815793098,41.35256741393696,7.5408486485942685,40.03160546356976,,34.44007814955013,26.190000000000005,17.939921850449878,4708905.4,1791562.1,1.5888000213382922,36.49634665947739
2026-04-02,6219,14.2,14.4,14.1,14.1,404631.0,5724784.0,14.430000000000001,14.495000000000001,14.964999999999998,15.444999999999999,15.5975,15.67375,30.769230769230774,39.04761904761905,-0.33993006780110946,-0.2760197328485226,-0.06391033495258686,17.412949682434643,19.677268548140106,20.181320219591814,,16.534478626135037,14.964999999999998,13.395521373864959,338378.6,627682.15,1.1957937056303207,14.148159681289867
2026-04-02,6220,34.05,34.75,33.15,33.9,353732.0,11911744.0,33.269999999999996,33.035,35.78,31.36583333333333,30.182916666666664,29.591458333333335,100.0,29.09090909090908,0.2106884570297609,0.7353655733957396,-0.5246771163659787,28.38346415792333,21.436562579382905,30.788915834987378,,44.366856541433556,35.78,27.193143458566446,401239.2,1425832.75,0.8815988068962355,33.67448803048636
2026-04-02,6221,26.7,27.0,26.05,27.0,238643.0,6349589.0,26.580000000000002,26.665000000000003,27.357499999999998,28.661666666666665,29.030833333333337,29.215416666666666,64.44444444444441,38.39999999999999,-0.5890772446806771,-0.6192325695397056,0.0301553248590285,18.261954803081217,25.703420848895814,35.96045840755486,,29.267384262131234,27.357499999999998,25.447615737868762,198185.8,179638.0,1.2041377333794854,26.60706159409662
2026-04-02,6222,20.7,20.7,20.7,20.7,5002.0,103541.0,20.7,20.759999999999998,20.0325,19.0875,18.818750000000005,18.684375,55.55555555555564,71.6666666666667,0.5012182970843426,0.4847215937887794,0.016496703295563242,37.46942847992347,8.063983970819535,50.713162322104665,,21.753355050625476,20.0325,18.31164494937452,15401.2,58228.05,0.3247798872815105,20.699920031987205
2026-04-02,6223,4595.0,4800.0,4510.0,4620.0,1042901.0,4839860600.0,4250.0,3967.0,3485.75,3048.5,2946.75,2895.875,91.66666666666667,83.43434343434343,405.1956350974897,278.16748333856077,127.02815175892891,40.870936898765045,7.256714257064624,53.74953397842186,,4766.519813740733,3485.75,2204.9801862592667,1071940.6,1299105.8,0.9729093197888017,4640.7670526732645
2026-04-02,6224,40.7,40.7,39.5,39.85,72842.0,2898592.0,39.989999999999995,40.065,41.08,41.61583333333333,43.00833333333333,44.725,53.12500000000005,43.243243243243256,-0.5575053627605655,-0.46391095595796134,-0.09359440680260417,27.147291621354704,24.733187906104558,8.765960511466496,,43.81079899624426,41.08,38.34920100375574,107728.8,153716.25,0.6761608780567498,39.79286675269762
2026-04-02,6225,19.1,20.9,19.1,19.4,10602.0,211433.0,19.419999999999998,20.69,,,,,23.80952380952374,42.05607476635512,0.2267744482426579,0.7003318786661041,-0.4735574304234462,35.51605438770461,21.52700355062579,33.718681199606365,,,,,16392.6,24458.8,0.6467552432195015,19.942746651575174
2026-04-02,6226,12.8,12.8,12.0,12.0,1146480.0,13936339.0,12.3,13.115,11.237,9.016666666666667,7.959083333333334,7.648375,30.26315789473685,65.99496221662469,1.0349320329370482,1.0792662097371053,-0.044334176800057135,38.45263059145525,24.205328358364724,31.02331494691707,,15.695170972613361,11.237,6.778829027386639,1233175.4,2455181.8,0.9296974299033212,12.15576285674412
2026-04-02,6227,91.9,94.6,90.5,93.8,1276830.0,118728521.0,91.06,88.45,86.065,84.02,83.41,83.10499999999999,85.83333333333331,72.24489795918367,2.2375524806095797,1.2035721851794199,1.0339802954301598,27.756142806212274,12.700958795479414,26.434018500975224,,93.96577278032464,86.065,78.16422721967535,847298.0,427614.85,1.5069432478301612,92.98694501225691
2026-04-02,6228,23.85,23.85,22.95,23.7,8172.0,190550.0,,,,,,,50.0,60.294117647058826,-0.24927505266659722,-0.18182472122618706,-0.06745033144041016,8.954475755962179,10.049730202492201,20.191123401550588,,,,,,,,23.317425354870288
2026-04-02,6229,20.3,20.45,20.2,20.45,86442.0,1755998.0,20.69,20.945,21.625,22.095833333333335,22.222916666666666,22.286458333333332,22.72727272727269,8.771929824561397,-0.4649543970709402,-0.34127757821881316,-0.12367681885212706,10.910705247503577,31.353555705512225,36.58557370957377,,23.302874595401796,21.625,19.947125404598204,68065.2,70294.2,1.269988187796407,20.314175979269336
2026-04-02,6230,145.5,147.5,142.0,142.0,61643.0,8905595.0,144.9,155.1,161.0,132.475,134.53333333333333,,36.666666666666664,31.012658227848107,2.253058616722967,6.942045935649023,-4.688987318926056,29.28679248392244,28.157142342434405,26.136400827671814,,191.48554446049226,161.0,130.51445553950774,123679.0,379969.15,0.49841120966372626,144.47049948899308
2026-04-02,6231,271.5,274.5,252.5,256.5,1999870.0,518415092.0,263.5,262.8,231.4,212.5,208.5,206.5,40.59405940594059,72.72727272727272,17.180148238970702,15.000714006264708,2.1794342327059937,24.99015010103596,13.02595873547834,48.4440986342659,,302.3845053515203,231.4,160.4154946484797,1964522.0,1687144.1,1.0179931810384408,259.22439558571307
2026-04-02,6233,25.75,26.3,25.55,25.6,304494.0,7861491.0,25.870000000000005,26.860000000000003,26.7575,24.71166666666667,24.155833333333337,23.877916666666668,20.454545454545553,45.23809523809524,0.321690387592934,0.662396750163921,-0.34070636257098696,19.28400027221671,18.671972713184527,30.054163490154913,,29.586164367729584,26.7575,23.928835632270417,305096.4,1011387.4,0.9980255420909587,25.818213166761907
2026-04-02,6234,29.9,29.95,28.85,29.85,1131666.0,33558617.0,29.190000000000005,29.075,27.9475,27.0575,26.853749999999998,26.751874999999995,60.95238095238096,68.44660194174756,0.7855249856330246,0.5815487526872756,0.20397623294574907,24.642488028335322,10.148042844968625,27.851197026699186,,31.09517667034793,27.9475,24.799823329652074,1361799.6,940875.65,0.8310077341776279,29.654170930292153
2026-04-02,6235,47.1,47.35,46.0,46.0,437160.0,20261261.0,46.980000000000004,47.34,49.80499999999999,56.63333333333333,61.608333333333334,57.30875,43.262411347517705,45.56213017751479,-2.9093230443835836,-2.933312864852746,0.023989820469162204,22.371667835045837,40.451249842192155,31.1888059819068,,57.46294393183708,49.80499999999999,42.147056068162904,788358.0,687120.65,0.554519647165374,46.34747232134688
2026-04-02,6236,,,,,,,,,,,,,50.0,50.0,-0.8685612830188703,-0.8625413798733004,-0.006019903145569883,1.4637683421558774,16.447177878865144,85.53348120264927,,,,,,,,
2026-04-02,6237,36.6,36.6,35.6,35.8,185009.0,6653564.0,36.17999999999999,36.86,37.4225,38.18083333333334,38.39041666666667,38.49520833333334,17.948717948718,37.912087912087905,-0.6065069447738765,-0.41318235480625365,-0.1933245899676228,12.577881805664479,22.200631416194973,24.653204287073727,,39.868221290658234,37.4225,34.976778709341765,196405.4,239387.7,0.941975118810379,35.9634612370209
2026-04-02,6239,199.5,209.5,197.5,202.0,13058004.0,2681858520.0,195.0,196.95,211.325,202.05,176.68333333333334,149.6225,61.11111111111111,49.714285714285715,-7.512830957848337,-5.599430613470825,-1.9134003443775116,26.214169979001532,27.709225104243124,20.331624261191298,,254.9263942316927,211.325,167.72360576830727,7912110.6,8752290.9,1.6503818841966138,205.38043333422166
2026-04-02,6240,18.45,18.9,18.4,18.85,7007.0,130830.0,18.87,18.744999999999997,18.57,,,,69.23076923076917,51.35135135135137,0.05023467805928661,-0.0014112452084938103,0.05164592326778042,29.64922765067865,16.657851938591918,34.234955024011974,,19.369605165724288,18.57,17.770394834275713,93204.2,84606.05,0.0751790155379264,18.67132867132867
2026-04-02,6241,10.75,10.8,10.1,10.35,292637.0,3018893.0,10.930000000000001,11.465,11.695,12.415,12.632499999999999,12.74125,6.060606060606034,32.467532467532465,-0.4427750653340219,-0.2889189041507115,-0.1538561611833104,5.4776992104869064,25.785833703901385,53.92188997987518,,13.036993803421261,11.695,10.35300619657874,199382.2,99130.25,1.4677187833216805,10.316169862320896
2026-04-02,6242,37.8,37.8,37.5,37.55,10132.0,380665.0,37.48,37.525,37.6525,,,,62.499999999999105,46.15384615384612,-0.2278082615659187,-0.2545766233392978,0.0267683617733791,12.991577720327,23.896807809569452,62.33958341315966,,38.24319539750332,37.6525,37.061804602496686,7879.2,8973.95,1.285917352015433,37.570568495854715
2026-04-02,6243,29.3,29.75,28.6,28.65,109986.0,3202734.0,28.869999999999997,29.77,31.51,33.02333333333333,33.27791666666666,35.594791666666666,32.39436619718312,35.96059113300494,-1.4215847588513952,-1.1302373453571273,-0.29134741349426796,19.150140481508046,31.805283410626384,20.447990238968863,,35.830769911900184,31.51,27.18923008809982,136110.0,164989.2,0.8080670046286093,29.119469750695544
2026-04-02,6244,26.0,26.7,25.45,25.8,6100382.0,157942790.0,26.9,28.645,30.552500000000002,26.719999999999995,25.61,25.055000000000003,23.76237623762377,29.069767441860463,-0.2712727048417811,0.6489160192456521,-0.9201887240874332,17.819056992427345,23.011759533510766,29.1660620555001,,36.576266525845305,30.552500000000002,24.5287334741547,7390829.2,25354838.45,0.8253988605229843,25.890639307505662
2026-04-02,6245,72.5,75.6,72.5,74.5,2542526.0,189579843.0,71.97999999999999,69.54,66.325,67.12333333333333,67.46166666666666,67.63083333333333,89.28571428571422,78.68852459016394,1.9001478915082117,0.7140750951482825,1.1860727963599293,30.002278721968345,9.283233097727967,39.733925562582314,,75.04518227718711,66.325,57.60481772281289,1853115.6,992249.25,1.372027735344735,74.56358086406982
2026-04-02,6246,17.05,17.05,16.9,16.9,38237.0,649453.0,16.610000000000003,16.515,15.2125,14.054166666666667,13.827083333333333,13.713541666666666,80.76923076923073,72.78481012658227,0.884381262173564,0.7536177512873494,0.13076351088621463,41.909642283051454,7.412753620605418,54.67430815179843,,18.532594323327203,15.2125,11.8924056766728,38942.2,130212.25,0.9818911104149227,16.98493605669901
2026-04-02,6248,20.2,20.3,20.1,20.15,109040.0,2196857.0,20.2,20.18,20.3975,21.225833333333334,21.412916666666668,21.506458333333335,28.57142857142857,45.1612903225806,-0.31377581797361387,-0.34029224761433596,0.026516429640722095,15.199364272093142,21.7328717882571,48.41637225789537,,21.60557589514113,20.3975,19.189424104858873,109024.0,146773.2,1.000146756677429,20.14725788701394
2026-04-02,6257,157.0,159.0,150.5,151.0,16219418.0,2488683655.0,150.1,140.65,136.325,119.72666666666666,106.225,90.92145833333332,85.5072463768116,75.78125,6.951876534623352,5.107452882181394,1.8444236524419582,36.43270009059831,14.421529205920816,31.647144419875485,,157.0392844179407,136.325,115.61071558205927,23313368.6,12454994.35,0.6957131883549423,153.43852997684627
2026-04-02,6259,18.05,19.1,18.05,19.1,937445.0,17810938.0,18.52,17.94,17.745,17.193333333333335,16.996666666666666,16.898333333333333,100.0,71.62162162162163,0.38147180157393734,0.21286104770575776,0.16861075386817959,29.995595871631085,6.085514124835707,52.04423657797143,,19.0552430469593,17.745,16.4347569530407,574067.0,176161.05,1.6329888323139983,18.999448500978723
2026-04-02,6261,81.6,82.6,78.7,79.2,1259166.0,101076949.0,77.06,72.65,72.08500000000001,72.28166666666667,72.29083333333332,72.29541666666665,100.0,59.83263598326359,1.3327335262270026,0.06502116904969965,1.267712357177303,29.205672219307242,11.32426544176693,38.082387845460666,,80.6724510647499,72.08500000000001,63.49754893525013,1115499.6,767883.6,1.1287910815924989,80.27293383080547
2026-04-02,6263,128.0,128.0,127.0,127.5,86482.0,11019787.0,126.1,124.85,123.825,122.55,122.275,122.1375,84.61538461538461,63.333333333333336,1.1558430752446753,0.7034136719105112,0.45242940333416415,26.30175587765392,15.757060813674062,29.673022734037804,,128.14478313295805,123.825,119.50521686704197,71289.2,68737.35,1.2131150300466271,127.42289725029485
2026-04-02,6264,6.37,6.52,6.3,6.3,33145.0,211240.0,6.273999999999999,6.351,6.5575,6.884666666666666,6.967333333333333,7.008666666666667,38.028169014084526,33.05084745762713,-0.18236762504748416,-0.16123322567087844,-0.021134399376605717,19.090558558239753,18.826439379081926,31.81007151450286,,7.038808523440886,6.5575,6.0761914765591145,31887.0,68618.75,1.0394518142189606,6.373208628752451
2026-04-02,6265,40.5,40.5,40.5,40.5,2416963.0,97886975.0,40.05,41.54,39.8725,39.04333333333333,38.77166666666667,38.63583333333334,47.49999999999996,57.91505791505792,0.5241940237561664,0.6299079242985602,-0.10571390054239382,18.387089795251548,17.870276868584657,31.159530628135762,,47.13911254607241,39.8725,32.60588745392759,3493177.8,7611985.9,0.6919095271932623,40.49998903582719
2026-04-02,6266,27.95,28.1,27.8,27.95,262897.0,7345738.0,28.259999999999998,28.490000000000002,28.622499999999995,28.814999999999998,28.8825,28.916249999999998,26.086956521739154,35.38461538461537,-0.1771400808569652,-0.09571863312712602,-0.08142144772983918,14.753218825584295,26.08078221125733,21.827216192210113,,29.389225779567003,28.622499999999995,27.855774220432988,215338.2,211960.35,1.220856308820265,27.941505608660425
2026-04-02,6269,59.3,60.4,58.8,59.2,1063906.0,63181134.0,59.660000000000004,59.98,59.285000000000004,58.72833333333333,60.215,59.58625,47.50000000000002,56.86274509803922,0.05065748192023278,0.06827574197151197,-0.017618260051279186,24.539141928829196,17.52018518943041,17.6938191986782,,65.92721744838046,59.285000000000004,52.64278255161955,2342528.8,2770391.4,0.4541698697578446,59.386011546132835
2026-04-02,6270,25.3,25.3,24.35,24.4,531535.0,13071039.0,24.880000000000003,25.07,24.557499999999997,26.75166666666667,27.52583333333333,27.912916666666668,43.103448275862064,54.042553191489354,-0.3637065005177611,-0.49890847795334614,0.13520197743558504,20.517531249011537,16.68122453498712,23.947025052567565,,27.125373377760358,24.557499999999997,21.989626622239637,927321.0,708974.95,0.5731941797931892,24.59111629525807
2026-04-02,6271,149.0,155.0,149.0,151.5,5005875.0,761166818.0,148.1,149.35,154.1,141.98333333333332,130.025,119.50208333333333,61.666666666666664,56.666666666666664,-0.1576515034581405,1.0817738018606071,-1.2394253053187476,29.59292524195845,23.14901024131883,20.521884274555607,,173.44343353835183,154.1,134.75656646164816,3878838.2,6216485.45,1.29056040543274,152.05469932828927
2026-04-02,6274,838.0,838.0,786.0,808.0,14760338.0,11879780010.0,726.4,646.2,579.475,532.575,518.7875,511.89375,98.54545454545455,80.52208835341365,61.95143980201931,30.695163590987143,31.256276211032166,44.24152099635408,8.110762553777143,42.80327993002624,,792.8134943180548,579.475,366.13650568194515,14779602.8,13695692.85,0.9986965278931582,804.8447135831171
2026-04-02,6275,48.0,48.3,47.5,47.85,214413.0,10282393.0,47.93000000000001,48.475,49.682500000000005,49.71666666666666,49.55833333333333,49.479166666666664,44.44444444444451,40.4332129963899,-0.6830432631371224,-0.43395978038557675,-0.24908348275154563,17.987321533760095,27.83753823848567,27.567842799948867,,53.63568326096031,49.682500000000005,45.729316739039696,232047.8,448556.75,0.9240035889157321,47.9560147938791
2026-04-02,6276,31.9,32.35,31.6,31.6,64399.0,2048132.0,32.230000000000004,33.105000000000004,33.215,34.50833333333333,34.75416666666667,34.87708333333333,8.571428571428868,39.85765124555161,-0.7214502119082482,-0.5756840923580783,-0.14576611955016994,15.194469770437191,16.844777245755786,18.909169077553344,,36.4379603913499,33.215,29.99203960865011,55039.4,73050.85,1.170052725865471,31.80378577307101
2026-04-02,6277,71.8,73.3,70.5,72.1,394217.0,28172288.0,71.1,65.16,62.339999999999996,61.79666666666666,61.315000000000005,63.365,85.79234972677592,81.16591928251115,2.7077872804609555,1.1958283015506588,1.5119589789102967,50.69883373258105,8.45222352998578,30.480759732182698,,72.85963577516415,62.339999999999996,51.82036422483584,1174578.0,360246.75,0.33562436892228525,71.46390947117958
2026-04-02,6278,95.2,95.2,92.9,94.1,1602049.0,150156791.0,94.47999999999999,96.15,97.88,97.46666666666667,101.3525,103.1175,36.47058823529405,47.668393782383404,-0.810014299343365,-0.21643331429345558,-0.5935809850499094,16.426197994986417,30.141504154042607,17.88768621686862,,103.50161243023693,97.88,92.25838756976306,1326438.8,1369364.9,1.2077820703073523,93.72796400110109
2026-04-02,6279,104.0,105.0,102.5,103.5,562451.0,58248476.0,106.6,110.55,111.475,112.16666666666667,112.33333333333333,112.41666666666667,0.0,33.33333333333333,-1.702498172045253,-0.47488153396150895,-1.227616638083744,13.06461423953558,27.166949858570668,26.72116374269495,,120.06186267074976,111.475,102.88813732925023,476070.6,490149.95,1.18144451684267,103.5618676115786
2026-04-02,6281,56.1,56.5,55.5,55.6,131062.0,7321498.0,56.5,58.27,59.239999999999995,61.345,64.49916666666667,68.80458333333333,0.0,28.39506172839505,-1.299792483818635,-0.8870119962568169,-0.41278048756181807,17.759583044507554,44.42513946644996,23.82965673862758,,62.81264460500831,59.239999999999995,55.66735539499168,115621.6,113729.45,1.133542521466577,55.862858799652074
2026-04-02,6282,45.6,46.1,44.0,44.0,12110032.0,542723764.0,46.220000000000006,46.93,47.495,45.740833333333335,40.51625000000001,33.9575,43.67816091954022,51.906779661016955,-0.5437905107978764,-0.10610316435917286,-0.43768734643870355,24.250706904377893,29.87728615870911,12.769962970340291,,52.897036652967564,47.495,42.09296334703243,14503414.0,17006729.25,0.8349780265529205,44.81604705916549
2026-04-02,6283,20.4,20.5,20.2,20.3,91720.0,1862804.0,20.4,20.395000000000003,20.869999999999997,23.355,24.576666666666668,24.445,50.0,50.96153846153848,-0.6970360032691474,-0.7693769274958936,0.0723409242267462,23.105703677792917,28.56518710746718,16.908326983433426,,22.24511721988398,20.869999999999997,19.494882780116015,134939.2,166587.65,0.6797135302417681,20.309681639773224
2026-04-02,6284,85.9,87.5,85.5,85.6,2025663.0,174679857.0,84.25999999999999,83.56,81.7,82.63000000000001,82.91499999999999,83.05750000000002,80.30303030303033,60.27397260273973,0.7165329915372638,0.04070432215687776,0.675828669380386,25.2510212600401,19.378601083398006,21.532322676929834,,89.62172230077063,81.7,73.77827769922938,1587797.8,1420056.55,1.2757688667914768,86.23342431589064
2026-04-02,6285,181.5,185.0,176.0,179.5,26648359.0,4796286960.0,179.0,175.45,173.425,144.81166666666667,130.61583333333334,127.79125,62.62626262626262,65.89595375722543,5.303829084554167,6.095432975844621,-0.7916038912904542,28.139826426746247,13.217592596459859,36.20531293300254,,193.90676339036523,173.425,152.9432366096348,30576771.2,23229770.3,0.8715229880125472,179.98432698989083
2026-04-02,6290,221.5,227.0,218.5,221.0,8794022.0,1958860759.0,216.6,219.85,219.275,188.76666666666668,180.63333333333333,176.56666666666666,68.05555555555556,42.44897959183674,7.5315650692308225,9.3462043903028,-1.8146393210719776,23.728854702424083,14.565571408308752,39.7800871828493,,243.39198462429334,219.275,195.15801537570667,6971613.2,10338375.6,1.2614041754353211,222.7491310574388
2026-04-02,6291,367.0,397.5,366.5,397.5,3069869.0,1202270708.0,383.7,369.05,327.575,263.675,246.3375,237.66875,84.70588235294117,75.28735632183908,36.982514540801105,31.10672336885312,5.875791171947984,26.72478095815702,10.059667601151649,52.16378796380649,,426.58976498083774,327.575,228.56023501916223,2868521.4,2248177.45,1.0701921205817047,391.6358346235621
2026-04-02,6292,45.7,45.7,44.65,45.5,90643.0,4089357.0,45.84,45.955,43.964999999999996,41.77583333333334,41.23791666666667,40.96895833333333,62.234042553191486,58.14393939393939,1.2462201893318152,1.2063756526554,0.0398445366764153,38.47845538509802,25.63650525485373,40.17064393289171,,50.51288836994517,43.964999999999996,37.41711163005482,324385.8,282532.35,0.2794296174493458,45.114978542193
2026-04-02,6294,41.2,41.8,41.2,41.6,23251.0,967334.0,41.21,40.82,41.332499999999996,43.44833333333334,43.99916666666666,44.27458333333333,100.0,51.041666666666686,-0.6369151140522291,-0.8213357487582145,0.18442063470598535,16.81195738210899,18.492228705032556,48.131328648876746,,43.42365304380908,41.332499999999996,39.24134695619091,21150.6,25402.7,1.0993068754550699,41.60397402262268
2026-04-02,6405,37.15,37.15,36.2,37.15,1276619.0,47419657.0,32.78,31.404999999999994,31.6,29.0475,27.774583333333336,26.610625000000002,91.30434782608695,81.4516129032258,0.8943278765110811,0.46296630636242925,0.4313615701486519,37.47925030355638,13.893534219721074,21.610369511139087,,35.78506115153743,31.6,27.414938848462576,1111877.2,601250.2,1.1481654628766558,37.14472133032643
2026-04-02,6409,782.0,783.0,739.0,739.0,600389.0,451760308.0,746.4,747.9,797.55,920.2333333333333,985.6916666666667,1175.4833333333333,49.693251533742334,34.98233215547704,-45.676065041448396,-47.544318322793224,1.8682532813448276,17.111745557276173,27.027493256625256,29.367909810809294,,925.6707900463413,797.55,669.4292099536586,760464.0,759444.9,0.7895035136443014,752.4460108363078
2026-04-02,6411,76.5,78.7,75.8,78.7,484013.0,37444862.0,77.4,77.03999999999999,79.53999999999999,80.34666666666666,80.67333333333335,80.83666666666666,67.34693877551021,44.44444444444446,-0.9224060099038951,-0.9508925860841623,0.028486576180267176,17.248281241610258,24.660610381943837,28.212963270471235,,86.89316616374074,79.53999999999999,72.18683383625924,384407.8,472129.0,1.2591133686673373,77.36333941443722
2026-04-02,6412,73.2,74.0,72.7,73.0,616638.0,45100445.0,73.94,75.53,81.175,86.875,92.24916666666668,102.66125000000001,33.78378378378376,18.30065359477122,-4.097273952333111,-3.3678247914464086,-0.7294491608867029,15.119240321374349,35.37133676291315,27.677892416080372,,95.60127354589646,81.175,66.74872645410353,878542.8,1802735.7,0.7018872614971063,73.139256743827
2026-04-02,6414,275.0,275.5,271.0,272.5,1048650.0,286637431.0,270.2,269.05,272.3,284.025,289.80833333333334,292.4916666666667,67.44186046511628,57.57575757575757,-3.3571772933967736,-4.233960733982745,0.8767834405859718,27.73397159374556,26.060981998839033,16.846625664461893,,284.22255712592914,272.3,260.3774428740709,1686850.2,874683.95,0.6216616033836319,273.33946598006963
2026-04-02,6415,285.5,287.0,270.5,274.0,3853247.0,1064476578.0,283.2,283.7,273.325,245.14166666666668,245.64583333333334,310.0625,37.3134328358209,70.91836734693878,7.1277570301853075,8.047600761468347,-0.9198437312830396,27.87993296047904,20.077215450097647,28.029363600489944,,304.9065985729019,273.325,241.74340142709806,4698466.0,5462705.0,0.8201074563485189,276.2544363234436
2026-04-02,6416,80.0,80.0,78.1,78.2,108741.0,8540920.0,79.14,79.93,80.325,83.07833333333333,83.24416666666666,88.24333333333334,44.444444444444464,54.54545454545455,-1.1712862499046253,-1.074392161779226,-0.09689408812539924,15.86570229275191,25.650782009729923,15.731837068324937,,83.63678120305399,80.325,77.01321879694602,137185.8,171238.95,0.7926549249266324,78.54369557020811
2026-04-02,6417,106.5,109.5,106.0,108.0,149056.0,15995460.0,107.1,106.15,106.3,108.31666666666666,108.90833333333333,109.20416666666667,76.92307692307693,51.35135135135135,-0.2916672979559962,-0.6799709567136802,0.388303658757684,22.29223754783619,15.18364040231357,17.50538391067382,,109.88945824969677,106.3,102.71054175030322,111433.6,84226.85,1.3376216868161845,107.31174860455131
2026-04-02,6418,28.9,29.15,28.4,28.4,71644.0,2050340.0,29.29,29.814999999999998,30.929999999999996,32.95,33.475,33.7375,47.89915966386555,37.95379537953796,-1.1777225432565608,-0.9606942796977285,-0.2170282635588323,24.528716995499607,28.103197461822738,27.21374021447012,,34.61944440261674,30.929999999999996,27.240555597383246,136586.4,181215.85,0.5245324571113962,28.618446764558094
2026-04-02,6419,91.8,100.5,91.8,100.5,636845.0,62936543.0,95.17999999999999,90.01,82.41,74.14333333333335,72.07166666666667,71.03583333333333,91.88034188034186,75.91973244147157,6.786979744849944,4.736179932551189,2.050799812298755,30.367965662805336,12.175065072713224,39.48326157926534,,104.18452881839615,82.41,60.63547118160385,613107.0,328889.0,1.0387175484866427,98.8255274046275
2026-04-02,6423,80.6,82.2,80.4,82.2,102454.0,8342223.0,83.72,85.9,87.57000000000001,86.42333333333335,83.2225,,32.743362831858434,34.49197860962569,-1.0382849459107888,-0.13552381595885163,-0.9027611299519371,19.436005121426117,25.84949080526617,15.678239588525,,95.85088477347534,87.57000000000001,79.28911522652467,101472.4,196095.8,1.0096735664082057,81.42408300310383
2026-04-02,6425,66.0,66.8,64.5,65.1,168610.0,10998698.0,65.22,64.31,66.42,66.14833333333334,66.07416666666667,66.03708333333333,70.29702970297028,44.160583941605836,-0.5777556656962162,-0.5076657365571591,-0.0700899291390571,23.018257318741302,15.704146760834126,26.55735785719662,,73.37083486087519,66.42,59.46916513912481,263966.0,319328.75,0.6387565065197791,65.23158768756302
2026-04-02,6426,156.0,162.0,153.5,157.5,448311.0,70351466.0,149.9,154.35,155.325,119.90666666666667,96.58916666666667,84.87708333333333,62.13592233009709,57.87671232876713,5.91653912351768,8.471011411608137,-2.554472288090457,30.24346548780362,27.86248068623129,19.290823802826335,,191.97882151398306,155.325,118.67117848601693,316529.8,1657997.7,1.4163311005788397,156.92558514067244
2026-04-02,6431,22.55,22.55,21.15,22.5,174114.0,3839378.0,23.34,22.285000000000004,23.3625,26.1025,21.378333333333334,19.22895833333333,64.02877697841726,45.34412955465588,-0.8953784076263638,-1.0373028910907385,0.1419244834643747,27.052160729755144,28.676262758953268,18.385691237365137,,26.652656771180975,23.3625,20.072343228819026,380518.2,231238.5,0.457570754828547,22.050943634630183
2026-04-02,6432,33.6,35.9,32.85,35.9,610479.0,21391674.0,35.12,35.260000000000005,35.05,33.0775,32.66375,32.456875,71.42857142857144,50.69637883008357,0.65475304733787,0.6645824484162602,-0.009829401078390254,22.002678813852704,14.716433963572516,31.55973425841382,,38.50344983885298,35.05,31.596550161147015,421687.4,509017.45,1.4477051009823865,35.04080238632287
2026-04-02,6435,161.5,163.0,156.5,157.0,818728.0,130120676.0,156.2,161.65,156.925,144.00833333333333,141.25416666666666,139.87708333333333,29.09090909090908,50.920245398773005,4.5299930159187625,5.731177084816846,-1.2011840688980833,25.09416713811712,21.23625829978522,35.97585775347896,,176.86774699971727,156.925,136.98225300028275,783636.8,1223280.05,1.0447799286608286,158.93028698175706
2026-04-02,6438,176.0,176.5,166.0,170.0,3120537.0,533210121.0,171.7,171.0,160.775,148.275,155.76666666666668,164.775,47.368421052631575,69.33333333333334,6.785182721871763,6.102716429411519,0.6824662924602443,25.42363695563838,22.832606736667575,18.887626434318477,,184.26850414140307,160.775,137.28149585859694,3028894.8,4009574.6,1.030255986440995,170.87127023329637
2026-04-02,6441,18.65,18.9,18.35,18.9,194668.0,3617037.0,19.439999999999998,19.59,20.36,21.196666666666665,21.423333333333332,21.536666666666665,32.55813953488371,22.222222222222157,-0.6050522204890996,-0.48643007659231435,-0.11862214389678521,19.360463924690965,27.459838546093174,32.130417239657625,,22.55870775444886,20.36,18.161292245551138,158200.8,172562.1,1.230512108661903,18.580542256559887
2026-04-02,6442,2095.0,2180.0,1985.0,2000.0,3799843.0,7912621595.0,2031.0,2004.0,1954.75,1605.3333333333333,1256.9833333333333,874.9866666666666,55.65217391304348,60.0,87.98195957322923,96.86159578182802,-8.879636208598782,26.395693029173987,18.960978949833816,25.121829384350338,,2304.3132613479543,1954.75,1605.1867386520457,2851205.8,2337586.7,1.3327143905220733,2082.3548749250954
2026-04-02,6443,41.55,41.9,38.75,38.8,37560091.0,1499035688.0,41.69,43.980000000000004,46.325,34.05833333333333,24.252916666666668,20.124166666666667,25.125628140703512,30.651340996168585,0.6936795939201019,2.395125887618073,-1.701446293697971,19.599007623166447,29.811944674891862,25.789475970047764,,54.33975612788562,46.325,38.310243872114384,32284894.4,91844241.95,1.1633951945030987,39.91033163364806
2026-04-02,6446,642.0,642.0,628.0,632.0,854965.0,542045773.0,624.4,628.2,656.3,609.9666666666667,558.1958333333333,549.0,56.12244897959183,40.22346368715084,-9.442012303254955,-2.843943793723099,-6.598068509531856,26.869830185287473,28.904534730661457,15.52828132648398,,728.1392943348274,656.3,584.4607056651726,1571996.8,2069878.9,0.5438719722584677,633.9976174463283
2026-04-02,6449,152.0,153.0,147.0,147.5,405282.0,60282962.0,152.7,155.4,161.25,165.3,175.17916666666667,144.32458333333335,38.18181818181818,49.61240310077519,-4.029794997815912,-2.891157116563553,-1.1386378812523597,23.16879468392318,23.941707074097444,8.050312185079243,,184.27972907032594,161.25,138.22027092967406,460521.4,695784.05,0.8800503081941469,148.74325037874863
2026-04-02,6451,307.5,317.0,295.5,295.5,1815436.0,547207663.0,318.0,302.6,252.775,194.59166666666667,173.02083333333334,163.52916666666667,51.692307692307686,72.11367673179396,35.66797315709624,32.15315416918217,3.5148189879140688,41.2234815737578,17.100571463898554,38.0813860457978,,368.6998735853939,252.775,136.8501264146061,2648259.8,4171049.4,0.6855203556690322,301.4194182554494
2026-04-02,6456,55.4,57.9,55.2,56.0,5806701.0,329286777.0,55.580000000000005,58.510000000000005,57.3375,47.55499999999999,51.31916666666667,49.55041666666667,40.55944055944055,49.29178470254958,2.360855559339825,3.4812572014261876,-1.1204016420863625,28.421581229995112,18.72388356100189,43.56296676272924,,67.78762591211009,57.3375,46.88737408788992,5493844.6,10383192.5,1.0569467145102722,56.70806487194708
2026-04-02,6461,18.75,20.0,18.25,18.8,279872.0,5339121.0,18.65,18.65,20.025,20.165000000000003,20.032500000000002,19.96625,75.0,29.032258064516114,-0.6278498255129534,-0.5056132608699816,-0.12223656464297183,19.828884191021093,15.74919535975827,28.91651396748785,,23.788606892610492,20.025,16.261393107389505,229523.2,499864.05,1.219362574240861,19.07701020466499
2026-04-02,6462,104.5,106.5,103.0,105.0,759076.0,79735566.0,104.4,101.21000000000001,104.405,107.11833333333334,107.55916666666667,107.77958333333332,75.0,49.397590361445786,-1.3298793904658055,-1.8667870008467693,0.5369076103809638,20.624082577177365,16.51830032331644,24.635856139933484,,117.18269026158691,104.405,91.62730973841309,837645.6,1007845.95,0.9062018591155974,105.0429285078174
2026-04-02,6464,75.9,76.0,75.8,75.9,21704.0,1647236.0,76.34,76.3,76.97,,,,53.333333333333584,40.0000000000001,-0.22801508364095469,-0.161702380566258,-0.0663127030746967,25.547034759134352,29.148957219700495,11.988062821032972,,79.49157010401777,76.97,74.44842989598223,14066.4,27641.4,1.5429676391969516,75.89550313306303
2026-04-02,6465,46.0,47.0,43.0,44.5,675944.0,30073084.0,45.2,44.29,39.405,36.24333333333333,35.62166666666666,35.310833333333335,73.33333333333333,64.86486486486487,2.8738619457641335,2.325500707765821,0.5483612379983125,25.353150271929835,19.114867609201447,37.50262430462713,,50.350842758061624,39.405,28.459157241938378,533766.4,474871.75,1.266366710231292,44.490496254127564
2026-04-02,6469,81.4,82.0,80.4,80.4,280684.0,22676906.0,80.94000000000001,80.91,82.865,91.29166666666667,93.79583333333332,95.04791666666667,45.94594594594599,35.00000000000003,-2.9062884660731925,-3.138201310990553,0.23191284491736042,12.988871660520415,20.194587468767487,47.77498772837479,,88.78028795401777,82.865,76.94971204598222,271810.4,618085.4,1.0326462857933323,80.79158769292158
2026-04-02,6470,47.65,47.9,47.1,47.6,44017.0,2089541.0,47.95,48.84,50.980000000000004,52.665,53.0825,53.29125,8.333333333333272,10.897435897435912,-1.5137999759722476,-1.13235341430452,-0.3814465616677276,8.391887043435991,33.145526233192285,70.52519329012142,,55.80530609882611,50.980000000000004,46.1546939011739,80610.2,203580.1,0.5460475225219638,47.471227025921806
2026-04-02,6472,458.0,469.0,449.0,449.0,577317.0,264895956.0,450.2,458.8,471.025,510.4583333333333,582.0041666666667,677.09375,43.85964912280702,48.54771784232365,-19.71779669999006,-19.26174236073741,-0.45605433925264904,21.314436629732082,27.386754005347747,21.70937710120791,,513.2829484893485,471.025,428.7670515106514,548886.4,774879.0,1.0517968745445323,458.8396946564886
2026-04-02,6474,36.2,36.8,36.2,36.5,30793.0,1126699.0,36.3,36.1,35.935,35.72666666666667,35.61333333333334,35.556666666666665,84.61538461538444,60.0,0.15332502011992233,0.0750944881675982,0.07823053195232413,31.051964696531094,13.290402108781073,38.5589993364861,,36.91216022496985,35.935,34.95783977503015,21875.8,29339.15,1.4076285210140886,36.58945214821551
2026-04-02,6477,33.9,34.05,32.75,32.75,684366.0,22622199.0,33.55,34.815000000000005,36.362500000000004,35.58666666666667,37.676249999999996,34.89041666666666,26.50602409638546,32.54901960784311,-0.7123179013704188,-0.1787965673503288,-0.53352133402009,20.101330662352442,23.84833295032268,18.779130091316677,,40.69995923687806,36.362500000000004,32.02504076312195,689101.0,1680078.35,0.9931287285898583,33.05570265033622
2026-04-02,6482,31.3,31.7,31.0,31.7,29813.0,930182.0,31.759999999999998,32.089999999999996,32.5125,34.575833333333335,35.16291666666667,35.45645833333333,13.51351351351353,31.386861313868593,-0.7633913887448855,-0.7800287441450591,0.016637355400173526,24.02658948224251,19.163110466739102,28.620439193886913,,34.611842002177234,32.5125,30.413157997822772,30687.8,49063.9,0.9714935577004543,31.20055009559588
2026-04-02,6485,78.1,80.1,77.3,78.7,529331.0,41468114.0,80.47999999999999,85.35,85.295,91.08833333333332,92.69416666666666,93.49708333333334,14.529914529914564,45.4337899543379,-2.773360165724725,-1.9666916724104968,-0.8066684933142281,12.544809168763846,24.780230494159117,33.474302538233125,,96.93277424912871,85.295,73.65722575087129,474398.6,765054.4,1.1157937649900316,78.34061107322262
2026-04-02,6486,87.3,87.5,86.7,87.5,217401.0,18934179.0,86.66,85.34,85.325,81.30166666666668,80.30083333333333,79.80041666666666,100.0,58.41584158415842,1.4662704116178418,1.3100083307178851,0.15626208089995663,29.070364131019762,11.32993575414619,39.94154441365762,,88.36153195533787,85.325,82.28846804466214,229840.6,264193.45,0.9458772732058652,87.09333903707895
2026-04-02,6488,457.5,492.0,457.5,490.5,10213267.0,4960944230.0,472.6,462.0,456.875,468.0416666666667,471.5208333333333,473.2604166666667,81.38297872340425,53.74800637958533,2.982239536263819,-2.0300487680163832,5.012288304280203,26.722705424539278,20.507026631866427,23.934124157059365,,501.5337941478144,456.875,412.2162058521856,7026360.2,4772845.15,1.4535643931263302,485.735292145011
2026-04-02,6491,284.0,290.0,281.5,290.0,471160.0,135231506.0,281.6,280.65,282.9,287.43333333333334,303.06666666666666,316.8958333333333,61.702127659574465,62.03703703703704,-1.3570419146857375,-2.1536944229778228,0.7966525082920852,23.66968682462266,22.386313462443272,13.924244145767249,,294.9420316523253,282.9,270.85796834767467,283802.8,299145.5,1.6601668482481498,287.01822310892265
2026-04-02,6492,52.8,53.2,50.9,51.7,349490.0,18094411.0,51.96,53.07000000000001,52.197500000000005,57.8175,59.908750000000005,60.954375,16.6666666666667,49.695121951219534,-1.1891508111573756,-1.4006335346009118,0.21148272344353614,12.060514287864855,15.923178113966449,35.45024615900136,,55.85154966405334,52.197500000000005,48.54345033594667,361694.0,523969.4,0.9662587712265064,51.773758905834214
2026-04-02,6494,48.0,49.7,48.0,49.2,561158.0,27515698.0,47.720000000000006,47.56,46.8425,41.056666666666665,39.42833333333333,38.61416666666666,61.42131979695432,56.750000000000014,1.9066437607997244,1.9228307077731037,-0.0161869469733793,28.437933135697502,15.541078433682673,46.818622928184546,,50.63560662844282,46.8425,43.04939337155718,377894.8,294661.1,1.4849582476392902,49.03378014748075
2026-04-02,6496,,,,,669.0,17674.0,,,,,,,80.0,51.282051282051256,-0.08500148265019192,-0.12156777993950446,0.036566297289312544,21.66940053641298,13.277728920572866,21.800899808944486,,,,,,,,26.418535127055307
2026-04-02,6498,88.3,89.9,87.7,88.0,46293.0,4104701.0,88.78,90.2,88.755,86.31833333333334,85.50916666666667,85.10458333333334,33.33333333333343,50.63291139240506,0.7007827118259513,1.0490781749940739,-0.34829546316812254,15.073061465524873,14.521765697351466,32.586526920659026,,94.36006350027414,88.755,83.14993649972585,35775.8,46953.95,1.2939752570173133,88.66785475125829
2026-04-02,6499,88.0,88.0,86.0,87.1,404257.0,35066016.0,89.96000000000001,97.42,94.56500000000001,94.17333333333333,94.13666666666667,94.11833333333333,16.528925619834695,52.417302798982185,-0.9007798279127286,0.7393457070218322,-1.640125534934561,28.079512367528697,30.147940363748972,34.898017720798734,,118.40192624126651,94.56500000000001,70.72807375873352,501154.2,1787425.5,0.8066519246970294,86.74188944161759
2026-04-02,6504,41.75,41.75,40.75,40.75,32241.0,1318666.0,40.739999999999995,40.205,40.08,41.70166666666667,43.86083333333333,51.593333333333334,60.31746031746025,67.28971962616819,-0.2255307897133818,-0.4895714722108531,0.2640406824974713,28.562006468638124,13.553890548817316,24.08273074216574,,41.95403308402156,40.08,38.205966915978436,73902.2,62331.35,0.436265767460238,40.90028224930988
2026-04-02,6505,55.8,55.8,54.6,54.7,9622606.0,530065212.0,55.64,55.61,56.995000000000005,52.42416666666667,48.184999999999995,43.38833333333333,46.296296296296305,18.309859154929512,0.6706909291772334,1.1964158013884088,-0.5257248722111754,23.65777195314117,26.16046895576385,12.597724045475546,,63.9047871092189,56.995000000000005,50.08521289078111,18077575.6,29799362.25,0.532295160198362,55.08541158185215
2026-04-02,6506,16.75,16.8,16.65,16.8,190286.0,3183766.0,16.7,16.615,16.354999999999997,15.795,15.6475,15.57375,89.99999999999993,66.66666666666661,0.27424134949643175,0.24594876303804789,0.028292586458383867,22.436673460987382,10.725752146289306,39.15053993951073,,17.041639413528316,16.354999999999997,15.668360586471678,144171.6,86338.45,1.3198577250998116,16.731477880663842
2026-04-02,6508,27.15,27.2,26.5,26.9,61480.0,1644459.0,27.24,27.675,26.8675,24.575,23.9875,23.693749999999998,31.42857142857143,52.58620689655171,0.7883726299351181,0.980587303286439,-0.1922146733513208,34.94299606769627,20.922186128151143,51.922652214850714,,30.24611307577375,26.8675,23.48888692422625,97288.0,307309.15,0.631938162980018,26.747869225764475
2026-04-02,6509,44.25,47.5,43.5,47.25,16676305.0,774524666.0,46.54,45.62,43.195,37.35,35.8,35.025,100.0,70.58823529411767,2.7084378972505974,2.4790373671832966,0.22940053006730077,20.668035202655823,5.911037461712347,65.46065380888554,,49.35205842274158,43.195,37.03794157725842,13034383.0,8511583.6,1.2794088527243674,46.44462103565508
2026-04-02,6510,3475.0,3575.0,3420.0,3485.0,418184.0,1463907900.0,3370.0,3354.5,3513.5,3705.5,3740.25,3757.625,76.63551401869158,44.95192307692308,-103.73195849774856,-108.00606752484953,4.2741090271009625,15.31226710047181,17.70966790401065,29.75178925244347,,4001.5476680774013,3513.5,3025.4523319225987,621310.4,697404.85,0.6730677612993441,3500.6310619248943
2026-04-02,6512,20.25,20.25,19.7,19.7,4570.0,91151.0,,,,,,,0.0,43.548387096774206,-0.0760302994190809,-0.045223479653465536,-0.03080681976561537,18.293304243696156,22.510574694378864,21.249624571896177,,,,,,,,19.94551422319475
2026-04-02,6515,7600.0,7600.0,6565.0,6605.0,435413.0,2918500355.0,7327.0,7630.0,6505.75,4394.0,3260.0833333333335,2170.008333333333,16.771488469601678,64.2919964819701,814.6778070108803,912.0037702569762,-97.32596324609585,36.42743423576668,17.88520057493703,61.62799313119674,,9095.562582123717,6505.75,3915.9374178762832,239692.6,506983.75,1.816547527958727,6702.832379832481
2026-04-02,6516,61.5,62.3,61.4,62.1,40024.0,2467976.0,61.64000000000001,61.660000000000004,62.220000000000006,62.93,63.06500000000001,63.13250000000001,62.068965517241466,44.444444444444464,-0.3907396435270485,-0.4345323804380245,0.043792736910976016,15.341834318185626,20.096695274069173,33.30688676608744,,64.53480361790668,62.220000000000006,59.905196382093344,40014.4,39895.2,1.0002399136310929,61.66240255846492
2026-04-02,6517,56.2,57.9,55.9,57.3,211160.0,12008143.0,57.260000000000005,57.370000000000005,58.09999999999999,63.01833333333334,64.45916666666668,65.17958333333334,78.57142857142864,45.283018867924525,-1.543527300202662,-1.742777974242705,0.19925067404004304,8.056600661386678,17.722034111412338,47.52603323830988,,61.43845220991629,58.09999999999999,54.76154779008368,166496.0,196462.2,1.2682586969056313,56.86750805076719
2026-04-02,6523,116.5,116.5,116.0,116.0,21788.0,2532269.0,116.4,117.05,117.275,117.39166666666667,117.44583333333334,117.47291666666666,28.57142857142857,36.36363636363636,-0.27538766445036345,-0.08109809867211827,-0.1942895657782452,12.22818796604214,23.353309301931393,34.026860150990835,,118.91255273117187,117.275,115.63744726882814,20272.8,27512.0,1.0747405390473936,116.22310446117129
2026-04-02,6525,80.5,81.0,79.6,79.6,163072.0,13039592.0,80.66,81.67999999999999,81.73499999999999,78.52,79.25916666666667,73.79208333333332,37.28813559322035,58.63874345549737,0.3138913294108505,0.7865731684901495,-0.47268183907929895,22.277502449457316,27.72084147105881,13.291683960905788,,85.81280900923237,81.73499999999999,77.6571909907676,153275.4,280093.05,1.0639150183264894,79.9621762166405
2026-04-02,6526,488.0,491.0,472.5,476.5,374998.0,179666047.0,478.8,486.45,497.65,464.73333333333335,487.50416666666666,518.20625,47.61904761904762,49.7191011235955,2.4548788960902925,7.28472858076927,-4.829849684678978,28.300575958572338,21.279832583269876,21.80054914991201,,544.255963024856,497.65,451.0440369751439,357309.8,837877.95,1.04950381993441,479.11201393074094
2026-04-02,6527,70.5,72.4,69.9,72.4,26061.0,1829180.0,72.32000000000001,72.74,73.73,75.10833333333333,75.55416666666666,75.77708333333334,36.363636363636594,17.142857142857324,-0.799497393210757,-0.6964002511447114,-0.10309714206604559,7.391199442750828,23.658542046362378,33.98681860945422,,76.43757222773846,73.73,71.02242777226155,25436.6,19769.0,1.0245473058506247,70.18840412877479
2026-04-02,6530,98.7,103.0,96.4,101.5,8952820.0,894710670.0,97.86,92.74,84.00500000000001,70.86999999999999,67.685,66.0925,72.91666666666667,68.98222940226171,8.476151041098106,6.688586111124033,1.7875649299740735,30.316169250642456,7.894523341558774,59.24271100306151,,105.76556065454206,84.00500000000001,62.24443934545796,7985492.0,8483437.05,1.1211356795548728,99.93618435308652
2026-04-02,6531,465.5,473.0,440.0,440.0,2564980.0,1164867403.0,466.8,497.3,475.35,434.65,398.6666666666667,339.7270833333333,23.931623931623918,54.90716180371353,10.10943004324514,18.802430846989267,-8.693000803744127,24.498271146523717,31.122424085421546,20.288108359686643,,580.4184488672443,475.35,370.2815511327558,3487457.4,4621445.95,0.7354871202154326,454.1428794766431
2026-04-02,6532,78.0,83.9,75.0,82.1,4226362.0,339687169.0,78.9,76.21,68.35999999999999,60.67166666666666,58.98583333333333,58.142916666666665,72.78911564625848,79.50819672131146,6.173377376077312,4.797856855334942,1.37552052074237,34.35954265758839,7.890310927329149,59.10142997305423,,87.59455224329379,68.35999999999999,49.12544775670618,2971817.2,1674580.35,1.4221473649186767,80.37342021341286
2026-04-02,6533,178.5,181.0,174.0,174.5,253529.0,44665029.0,176.6,182.2,191.05,229.49166666666667,257.35833333333335,277.04375,29.508196721311464,41.6243654822335,-13.42224289737672,-13.567003184338027,0.14476028696130783,19.90303657165238,28.251387803484697,26.39842611331859,,220.49915332532962,191.05,161.6008466746704,480733.0,788306.1,0.527380063361575,176.17325434171238
2026-04-02,6534,90.5,93.8,90.5,91.0,509181.0,46857483.0,88.66,88.91,85.485,87.4,97.03916666666666,,48.876404494382,65.02732240437157,1.1815186983839965,0.3850871419257226,0.7964315564582739,33.15123236394123,17.388669111745774,15.5371922152183,,93.711088153903,85.485,77.25891184609699,261219.2,412842.15,1.9492479878967548,92.02519929062554
2026-04-02,6535,138.0,140.5,137.5,139.0,125530.0,17418198.0,141.7,142.8,151.95,165.425,167.7125,168.85625,41.02564102564102,29.885057471264375,-8.06832793805512,-7.228325798269546,-0.8400021397855735,12.897861466635657,29.352626910900685,39.35685045972523,,176.3499568593238,151.95,127.55004314067617,158118.0,196504.75,0.7939007576619993,138.75725324623596
2026-04-02,6538,71.1,71.2,69.7,70.8,147068.0,10329018.0,71.8,68.82,67.78,66.42999999999999,65.765,65.43249999999999,68.62745098039217,58.113207547169814,1.2253173211896922,0.6951290262389755,0.5301882949507166,32.91332215280067,21.72925975268718,30.08581490415873,,73.66435928632218,67.78,61.89564071367782,278640.8,146339.45,0.5278049732846015,70.23293986455245
2026-04-02,6541,41.35,42.95,41.35,41.9,465512.0,19649863.0,41.14,41.470000000000006,43.17,51.181666666666665,52.837916666666665,55.218333333333334,53.40909090909087,48.61660079051383,-2.497723094803561,-2.7743795729680216,0.2766564781644605,20.147738338099003,31.578980499295472,31.613573662675517,,48.62897619088483,43.17,37.711023809115176,405330.0,402100.1,1.148476549971628,42.21129208269604
2026-04-02,6542,54.1,54.1,53.3,53.3,5081.0,272390.0,54.64,54.760000000000005,52.9375,51.972500000000004,51.58625,51.393125000000005,14.28571428571432,54.864864864864856,0.7532066505313608,0.6828945768863712,0.07031207364498959,25.612799934696795,22.963593449548338,34.076160443649925,,58.48422734236382,52.9375,47.39077265763618,9848.6,43145.1,0.515910890888045,53.60952568392049
2026-04-02,6546,70.8,71.5,68.9,69.7,763070.0,53503985.0,69.66,72.09,74.71000000000001,65.57000000000001,63.385,62.292500000000004,41.28440366972483,30.97643097643099,0.9055671268055931,2.230623435392169,-1.3250563085865759,23.614634766496668,20.021280599226156,36.537402285321136,,85.55821595810498,74.71000000000001,63.861784041895035,828042.0,1811455.4,0.9215353810555503,70.11674551482825
2026-04-02,6547,58.3,59.8,55.3,55.5,8826892.0,504790078.0,55.4,53.870000000000005,45.2975,39.70916666666666,38.37958333333333,37.71479166666666,43.33333333333333,74.0979381443299,5.2713053660468105,4.119670555663603,1.1516348103832073,34.54660660739871,8.752071051400058,47.29938060234952,,64.2897276346488,45.2975,26.3052723653512,7287935.2,8617439.65,1.2111649949906251,57.18774830370645
2026-04-02,6548,51.5,52.8,49.7,51.7,12894812.0,662206125.0,50.089999999999996,48.605000000000004,47.7525,50.901666666666664,52.05083333333334,52.625416666666666,80.00000000000003,57.94871794871795,0.14145634962336118,-0.6300128884876198,0.771469238110981,21.658380245393477,12.023718257584532,38.94708306328007,,52.29591339338141,47.7525,43.209086606618584,12348687.2,7162367.3,1.04422533271391,51.35446139113932
2026-04-02,6550,20.15,20.8,19.8,19.9,3687999.0,73607381.0,19.59,19.92,24.7075,28.723333333333333,32.00291666666667,35.860416666666666,46.47887323943663,26.370757180156673,-2.9774821551194464,-2.673298547741817,-0.3041836073776292,20.407380977247417,34.167005483001724,27.527960479280598,,36.094393435229456,24.7075,13.320606564770543,1654740.2,2133938.45,2.228748053621952,19.958622819583194
2026-04-02,6552,25.9,26.0,25.6,25.7,58001.0,1494315.0,26.290000000000003,26.77,27.2725,27.105833333333337,27.057916666666667,27.410624999999996,33.33333333333337,52.84552845528453,-0.5980091012091933,-0.3915980425661166,-0.20641105864307668,20.19348353814536,30.46204935266487,16.09053625179963,,30.17394700741559,27.2725,24.37105299258441,102025.0,161872.4,0.5684979171771625,25.763607524008208
2026-04-02,6556,66.2,69.9,66.2,68.9,10131.0,685817.0,67.58,67.14000000000001,67.445,68.21333333333334,68.50666666666666,68.65333333333334,77.08333333333344,51.37614678899088,-0.07044807985417378,-0.31347151891375535,0.24302343905958157,30.530946438368765,22.122279565439413,23.95853890305746,,69.88801366952241,67.445,65.00198633047758,9678.6,6500.0,1.0467422974397123,67.69489685124864
2026-04-02,6558,28.0,28.5,27.2,27.2,342526.0,9430896.0,28.07,28.660000000000004,29.877500000000005,34.8875,39.90083333333334,45.42854166666667,30.107526881720403,39.99999999999999,-1.8546013459781285,-1.8631468082204259,0.008545462242297353,13.67309213995089,39.16615387438405,30.64169791455051,,33.65241373202185,29.877500000000005,26.10258626797816,378177.6,490322.4,0.9057278908110898,27.533372649083574
2026-04-02,6560,38.0,39.55,37.6,38.0,189624.0,7244986.0,38.95,39.75,41.144999999999996,40.61083333333333,40.38041666666666,40.265208333333334,16.176470588235404,30.514705882352942,-0.7085593714962286,-0.27556633273826786,-0.43299303875796075,20.851802280342806,26.01486944074359,33.467303631454236,,45.46483186807321,41.144999999999996,36.82516813192678,132574.4,149141.9,1.4303213893481699,38.20711513310551
2026-04-02,6561,363.5,363.5,356.5,359.0,52834.0,18943143.0,358.9,356.35,356.775,332.28333333333336,326.14166666666665,323.0708333333333,63.63636363636363,43.38235294117648,7.067377582294057,7.879297113277311,-0.8119195309832543,17.073958991700017,12.68469702341102,30.512419849660876,,370.58375008635244,356.775,342.9662499136475,74100.4,146244.4,0.7130055978105382,358.54076920165045
2026-04-02,6568,223.0,226.5,215.0,216.5,1034721.0,228221372.0,218.0,212.35,192.475,166.69166666666666,159.09583333333333,155.29791666666668,76.47058823529412,68.68686868686868,15.300161142128502,13.54018014528111,1.7599809968473927,23.90767674901972,7.6082118031291195,50.632558550271376,,239.04862592260744,192.475,145.90137407739255,1241832.6,1436544.4,0.8332209993520865,220.56319722901148
2026-04-02,6569,105.5,105.5,100.5,100.5,133584.0,13698042.0,97.96000000000001,96.02000000000001,96.03,101.41833333333334,102.95916666666668,103.72958333333332,89.69072164948454,60.679611650485455,-0.6958338638444701,-1.6816115015350164,0.9857776376905463,27.22352928782889,17.133525377441146,44.793245291290624,,101.46133210373385,96.03,90.59866789626615,83550.4,43023.6,1.5988433328864973,102.54253503413582
2026-04-02,6570,40.25,40.25,38.75,39.55,144547.0,5673234.0,38.94,38.49999999999999,38.725,39.60333333333334,39.851666666666674,39.975833333333334,71.08433734939756,57.02479338842969,-0.14306559577597255,-0.3317659345299715,0.18870033875399894,24.5272187183664,13.427686705274922,28.457808085410345,,40.24313597615802,38.725,37.20686402384198,102128.2,89045.6,1.4153485521139118,39.248369042595144
2026-04-02,6573,12.45,12.85,12.05,12.25,254133.0,3147868.0,12.75,13.2,13.647499999999999,14.935833333333333,13.5695,12.441624999999998,18.604651162790702,36.48648648648655,-0.5996252805586177,-0.4944868004308335,-0.10513848012778426,16.173132921065434,25.7495371454948,12.027193523026213,,15.106582263832898,13.647499999999999,12.1884177361671,202558.0,175160.15,1.2546184302767602,12.386695155686196
2026-04-02,6574,101.0,101.0,99.5,99.9,38067.0,3807946.0,107.44000000000001,115.47,98.85000000000001,80.33333333333333,75.16666666666667,72.58333333333333,13.071895424836597,64.70588235294119,8.630167759161552,10.12080909376088,-1.490641334599328,30.41428390896676,20.975110479482588,50.16327636285137,,139.5112449650187,98.85000000000001,58.1887550349813,56240.2,87453.9,0.6768645915199448,100.03273176241889
2026-04-02,6576,78.1,78.1,76.4,77.2,128427.0,9895796.0,77.26,77.5,79.46000000000001,82.68333333333334,83.34166666666667,83.67083333333333,47.61904761904775,21.794871794871753,-1.7357713572208127,-1.6272891876136522,-0.1084821696071605,9.036405418653851,21.662571786080274,43.77297351717516,,84.20414875066349,79.46000000000001,74.71585124933652,105656.2,150659.3,1.215517877796097,77.05385939093804
2026-04-02,6577,76.5,77.6,76.5,76.6,25522.0,1962240.0,76.7,76.78,75.6,72.78166666666668,72.09083333333334,71.74541666666667,37.49999999999978,63.85542168674698,1.1870216984071789,1.235742623447944,-0.048720925040765195,30.482396967932253,12.624253738075364,39.56716451280246,,79.21633719899599,75.6,71.983662801004,20713.2,35292.05,1.2321611339628835,76.88425671969281
2026-04-02,6578,18.15,18.15,17.8,17.9,40008.0,717897.0,17.83,17.814999999999998,18.0375,19.103333333333335,19.401666666666664,19.550833333333333,57.14285714285671,41.666666666666565,-0.3457404081525901,-0.3939515868639033,0.048211178711313196,15.298518367194166,14.314077605215367,14.872087223124302,,18.943546937322658,18.0375,17.131453062677345,33404.8,73356.9,1.1976721908228756,17.943836232753448
2026-04-02,6579,115.0,115.0,112.5,113.5,53287.0,6049996.0,114.1,114.6,112.7,111.68333333333334,118.125,121.29333333333334,47.05882352941176,71.11111111111111,0.4065239775168692,0.28397544219861015,0.12254853531825904,26.228006115832965,23.880435702919115,16.626745500129456,,119.43873328718388,112.7,105.96126671281613,93985.8,145908.4,0.5669686271755946,113.53605945164863
2026-04-02,6581,107.0,107.0,106.5,106.5,5360.0,572606.0,106.6,108.7,109.575,,,,9.090909090909093,40.74074074074074,-0.3448851915224509,0.24019740602761008,-0.585082597550061,25.388349393835103,29.235829321917006,18.780396355165347,,113.33454924509775,109.575,105.81545075490226,17690.4,23293.1,0.30298919187808077,106.8294776119403
2026-04-02,6582,33.05,34.8,33.0,33.95,303968.0,10233957.0,34.089999999999996,33.15,32.55,32.989999999999995,32.61291666666666,36.46520833333333,68.9075630252101,64.01869158878505,0.35404226179375087,0.06788635143606599,0.2861559103576849,38.82544865904286,14.379501831688193,35.04610124539268,,35.063332867979625,32.55,30.03666713202037,526706.8,201223.25,0.5771104531021812,33.66787622381303
2026-04-02,6584,615.0,631.0,597.0,629.0,244034.0,149318762.0,609.4,560.8,478.725,374.6333333333333,341.81666666666666,325.40833333333336,90.8256880733945,86.33093525179856,69.7920057405758,52.87888000225144,16.91312573832436,36.709742468306146,6.685399117098177,59.806548321507975,,674.3969798136934,478.725,283.05302018630664,250420.4,1223528.1,0.9744972853649304,611.8768778121082
2026-04-02,6585,95.1,95.1,92.1,92.2,113470.0,10505319.0,96.44,92.03,89.175,90.02333333333333,94.41416666666667,109.04166666666667,58.51063829787235,64.85788113695091,1.636451762506809,0.6240212281816958,1.0124305343251132,32.40257690718243,19.917479053330588,22.24406588045518,,100.76390122397585,89.175,77.58609877602414,285748.0,174032.35,0.39709814241919456,92.58234775711642
2026-04-02,6588,129.5,141.5,128.0,141.5,3657927.0,507504612.0,132.3,115.92,103.18499999999999,80.02166666666668,73.01083333333332,69.50541666666666,100.0,86.37440758293839,15.012591632451915,10.110939704148207,4.901651928303709,39.17765554514993,7.829446617638719,51.24996318978193,,145.28429490595948,103.18499999999999,61.0857050940405,6033356.2,2912756.7,0.6062839452442738,138.7410443128034
2026-04-02,6590,70.6,70.6,70.0,70.0,15354.0,1079768.0,71.08,72.17,71.97,71.70333333333333,71.60166666666666,71.55083333333333,2.9411764705880614,39.79591836734689,-0.19324272438063872,0.1588406295216339,-0.35208335390227263,25.361856098335622,22.775418287894357,29.480735984838073,,74.76706613210494,71.97,69.17293386789505,14212.4,24331.65,1.080324223917143,70.32486648430377
2026-04-02,6591,60.5,60.9,59.5,59.7,214786.0,12849195.0,60.82000000000001,61.93000000000001,63.42500000000001,70.025,75.645,69.37291666666667,12.820512820512832,34.61538461538463,-2.178097018183138,-2.10661973561012,-0.07147728257301766,10.681547190709523,30.898591883895183,33.343480050613884,,67.96204053785112,63.42500000000001,58.8879594621489,248846.0,259651.2,0.863128199770139,59.82324266944773
2026-04-02,6592,63.1,63.1,62.3,63.1,402416.0,25233508.0,62.720000000000006,63.5,62.45,61.748333333333335,63.655,67.12583333333333,23.076923076923094,58.783783783783775,0.5332935240156047,0.6044803898881961,-0.07118686587259138,21.614896040440374,15.22093965931364,22.854217254211413,,66.41272102156216,62.45,58.48727897843784,744437.6,2467509.7,0.5405637759296414,62.705031609081146
2026-04-02,6593,37.8,38.45,37.7,37.75,44204.0,1675315.0,37.7,37.989999999999995,38.6925,36.80916666666667,36.07958333333333,35.71479166666667,33.33333333333333,21.518987341772174,0.05974842460275909,0.3058371745386522,-0.24608874993589314,17.663348336687328,19.85536308130433,30.884085681701997,,40.504528523070505,38.6925,36.8804714769295,50522.4,63681.85,0.8749386410780169,37.8996244683739
2026-04-02,6596,97.2,102.5,97.2,101.5,667963.0,66523412.0,106.1,125.95,136.675,142.23333333333332,143.86666666666667,144.68333333333334,0.0,5.555555555555557,-10.279980749684356,-4.82833897655043,-5.451641773133925,5.673090877188548,51.82321611982788,49.53221308120461,,173.8449864774907,136.675,99.50501352250933,861977.8,915238.85,0.7749190292371798,99.59146240136056
2026-04-02,6597,58.9,60.1,58.5,60.1,20000.0,1193900.0,61.2,,,,,,15.384615384615401,15.384615384615401,0.8292402005998554,1.0598775711272996,-0.23063737052744426,12.62279629742553,23.847640864967012,43.667868386515835,,,,,13800.0,,1.4492753623188406,59.695
2026-04-02,6598,23.1,23.3,23.1,23.1,49829.0,1155993.0,23.16,23.78,24.217499999999998,23.165000000000003,22.72625,21.5425,40.98360655737709,46.52777777777777,-0.16356868753698706,0.07276214420192513,-0.23633083173891217,24.34285361428945,22.687020508197236,15.282722603637218,,25.86011505244742,24.217499999999998,22.574884947552576,127140.4,190707.05,0.3919210573507713,23.199201268337713
2026-04-02,6603,21.5,22.4,21.5,22.15,1142962.0,25147599.0,21.96,22.04,22.779999999999998,24.4375,24.89375,25.121875,57.894736842105225,32.53012048192767,-0.716841131490547,-0.7397327126910608,0.022891581200513822,9.671389651468232,20.756784689541295,39.1606536152512,,24.776154197187022,22.779999999999998,20.783845802812973,1062377.2,980566.75,1.0758532845019642,22.00213042953309
2026-04-02,6605,135.5,135.5,132.0,132.0,190170.0,25304971.0,134.1,135.4,136.125,142.075,139.28333333333333,160.61875,30.0,50.0,-2.5840766609211414,-2.565789043766601,-0.018287617154540303,16.047248454577595,33.335529857661776,27.06185489332475,,142.51475331044549,136.125,129.73524668955451,193667.0,309407.9,0.98194323245571,133.06499973707736
2026-04-02,6606,24.85,25.25,24.05,24.15,71794.0,1761746.0,23.97,24.06,24.5,25.0825,25.147083333333335,25.274375000000003,55.88235294117643,44.28571428571426,-0.3536441371352197,-0.33203213203603776,-0.02161200509918193,24.024982383587908,22.421219163720625,26.220015709801235,,25.55381512410363,24.5,23.44618487589637,88760.4,93047.0,0.8088516951253036,24.538902972393235
2026-04-02,6609,38.6,39.0,37.75,38.0,226778.0,8646343.0,38.89,36.515,36.65,38.927499999999995,39.53875,39.844375,66.16541353383458,53.38541666666666,-0.2107038727098356,-0.7264831710639297,0.5157792983540941,33.096570311515784,20.46142671220103,47.634026884923806,,41.514262804534624,36.65,31.78573719546537,1027466.8,412479.0,0.22071564745449682,38.12690384428824
2026-04-02,6612,69.5,69.5,68.0,68.4,30152.0,2069101.0,68.70000000000002,69.38,69.17999999999999,74.55333333333333,76.32666666666665,77.21333333333332,16.66666666666687,49.107142857142904,-1.3364486595543639,-1.4855382615642396,0.14908960200987575,15.951386663476022,24.931291403898985,40.34142128009422,,71.76627958760524,69.17999999999999,66.59372041239475,19691.2,30872.4,1.5312423823840091,68.62234677633325
2026-04-02,6613,214.0,220.0,212.5,215.5,294917.0,63948660.0,210.3,207.6,200.05,197.3,197.4,197.45,60.273972602739725,67.85714285714286,5.239410518730978,3.091818887655812,2.1475916310751657,22.801264900416022,15.404290410445096,27.57701175947959,,221.04849618675738,200.05,179.05150381324265,316550.2,323090.5,0.9316594966611931,216.83612677465186
2026-04-02,6615,34.05,34.05,33.45,33.55,53309.0,1798852.0,33.92,34.31,34.5775,34.90416666666667,35.102083333333326,35.20104166666666,9.3749999999999,32.39436619718309,-0.2709994437221681,-0.15262525151915046,-0.11837419220301765,30.480659081807833,16.141321908678286,38.66726172299561,,36.0257203234533,34.5775,33.1292796765467,39185.4,36655.35,1.3604301602127322,33.74387064097995
2026-04-02,6616,10.1,10.25,10.0,10.1,20100.0,202420.0,10.120000000000001,10.105,10.1335,10.102000000000002,10.076,10.063,66.66666666666627,46.57534246575344,-0.008687386393573249,-0.0006832242814292197,-0.008004162112144029,24.040214862418118,8.743282750163212,42.82996708741847,,10.392020079643702,10.1335,9.874979920356298,34460.0,54600.05,0.583284968078932,10.070646766169155
2026-04-02,6617,68.4,69.5,67.3,67.3,182783.0,12465226.0,67.76,68.6,73.09,74.60833333333333,75.25416666666666,75.57708333333335,42.22222222222221,22.978723404255334,-2.2804463231356493,-1.6038234036148786,-0.6766229195207707,13.588540549788899,22.68582704061351,34.25200887886975,,83.22901272054474,73.09,62.95098727945527,247069.8,251892.55,0.7398030839867924,68.19685638161098
2026-04-02,6620,69.8,74.7,69.5,72.8,887781.0,64624479.0,71.34,71.09,74.785,78.055,79.12750000000001,79.66375,84.31372549019612,30.113636363636402,-2.0280217825498994,-2.045337278921478,0.017315496371578476,14.400003871985087,21.561983899146565,52.87224459153763,,83.67337798239339,74.785,65.8966220176066,614468.6,420788.5,1.4447947380875117,72.79326658263693
2026-04-02,6624,58.5,58.7,57.5,57.9,54013.0,3133357.0,58.21999999999999,59.0,60.205,61.81666666666667,62.05833333333333,62.17916666666667,17.99999999999997,51.21951219512195,-1.153486491817901,-0.9515556091047829,-0.2019308827131182,17.78823771609886,19.595209265632267,32.158868214362954,,66.09074549228893,60.205,54.31925450771106,49807.8,63008.5,1.084428543320524,58.01116397904208
2026-04-02,6625,77.5,77.5,76.1,76.2,142358.0,10910502.0,75.64,76.59,78.5,81.78,82.84166666666667,83.53958333333334,41.55844155844158,36.363636363636374,-1.7324096561665243,-1.5575898559006334,-0.17481980026589095,20.102268284591254,26.031945881588502,14.82727620439537,,83.19041575982398,78.5,73.80958424017602,193945.2,240054.85,0.7340114630318254,76.64129869764959
2026-04-02,6629,115.5,117.5,114.5,117.5,81151.0,9350446.0,112.7,109.1,108.525,120.7,124.35,126.175,93.10344827586206,65.21739130434783,-1.5420686552955232,-3.55666208691042,2.014593431614897,21.463232581716085,12.67537639523127,34.780512555205256,,118.298621857353,108.525,98.75137814264701,54290.6,48640.9,1.4947523143969674,115.22280686621237
2026-04-02,6637,71.8,71.8,71.0,71.3,78940.0,5636276.0,71.8,72.69,73.42999999999999,75.685,76.3425,76.67125,12.50000000000037,35.65891472868222,-1.0927087499120915,-0.8579354751693291,-0.23477327474276244,17.39087509221054,22.736801511234457,28.79923543396113,,77.02888871737068,73.42999999999999,69.83111128262931,62364.0,58234.9,1.265794368545956,71.39949328604003
2026-04-02,6640,1625.0,1625.0,1520.0,1600.0,904559.0,1430707910.0,1495.0,1299.5,1082.4,889.35,844.675,822.3375,100.0,87.75292864749734,190.232055555515,125.43058039194057,64.80147516357442,41.58261843599953,4.451389566941418,56.398881097289426,,1652.2559005296175,1082.4,512.5440994703825,914735.4,801816.5,0.9888750342448756,1581.6634514719328
2026-04-02,6641,18.55,18.7,18.35,18.55,31286.0,580019.0,18.59,18.715,19.4575,20.145833333333332,20.360000000000003,,50.0,42.10526315789475,-0.6299074932301671,-0.5857423932944036,-0.04416509993576356,17.975944593678765,31.297822025068722,21.429864934600484,,21.859533130057827,19.4575,17.055466869942173,34177.4,34621.4,0.9154002352431724,18.53925078309787
2026-04-02,6642,55.1,55.1,54.4,55.0,76750.0,4198691.0,54.67999999999999,54.82000000000001,55.73499999999999,55.12666666666667,54.81333333333334,54.65666666666666,56.66666666666663,34.782608695652186,-0.2554381610313001,-0.13134484455219173,-0.1240933164791084,15.658872442907908,22.232411758839763,34.62951438331739,,58.28411749434975,55.73499999999999,53.185882505650234,65650.0,113442.85,1.169078446306169,54.706071661237786
2026-04-02,6643,467.0,468.0,446.0,454.0,1804220.0,822705851.0,462.1,470.9,461.3,466.01666666666665,468.2583333333333,469.37916666666666,46.875,50.17543859649123,0.034930479732338426,1.365965711220914,-1.3310352314885756,13.948270267214069,13.85042481660518,21.929273920179703,,509.59231169058955,461.3,413.00768830941047,1518532.0,1256329.55,1.1881343297342433,455.9897634434825
2026-04-02,6645,13.3,13.55,13.15,13.3,82750.0,1102455.0,13.73,13.855,14.7775,17.004166666666666,19.595000000000002,19.859583333333333,25.00000000000003,27.77777777777777,-0.9811061951707973,-0.9794615545566584,-0.001644640614138937,21.38871614489429,34.64402969203177,23.571043160295236,,17.441781279602985,14.7775,12.113218720397013,48708.8,50474.45,1.6988716617941726,13.322719033232628
2026-04-02,6649,42.65,42.65,40.0,40.5,508848.0,20706344.0,42.25,41.720000000000006,41.515,45.5325,46.94125,47.645625,39.35483870967744,47.05882352941177,-0.848801079953482,-1.0412462883169546,0.19244520836347268,19.92942068414235,24.30432147864987,45.21775031229329,,44.58490485023124,41.515,38.44509514976876,356908.8,176299.45,1.4257087524880305,40.69259189384649
2026-04-02,6651,91.0,92.0,90.0,91.9,144175.0,13183198.0,90.52000000000001,91.27000000000001,94.27000000000001,97.625,98.51250000000002,98.95625000000001,51.200000000000045,35.825545171339556,-2.0968155215104503,-1.9752825709453126,-0.12153295056513769,17.541658740107042,31.446108327842776,38.136998428766695,,102.7612586631319,94.27000000000001,85.77874133686812,131305.0,174513.0,1.0980160694566086,91.43886249349748
2026-04-02,6654,89.0,89.2,88.9,89.2,24481.0,2178529.0,89.55999999999999,90.02000000000001,,,,,35.71428571428574,52.94117647058825,-0.5262140894488283,-0.17212724592082676,-0.35408684352800157,22.42146794795844,12.562501194343504,42.86439970686509,,,,,23488.6,,1.042250283116065,88.98856255871901
2026-04-02,6655,128.5,128.5,128.5,128.5,1123.0,144196.0,,,,,,,50.0,45.833333333333336,1.288927142088582,1.8852265976748879,-0.5962994555863059,20.992233925585506,20.51728982948082,14.206044301276007,,,,,5756.8,10344.6,0.19507365202890495,128.40249332146038
2026-04-02,6657,42.1,42.1,40.6,40.7,143341.0,5903881.0,41.6,43.255,45.235,45.49583333333333,47.55708333333333,55.38729166666666,14.423076923077033,31.759656652360533,-1.4958468780844498,-0.8961634196002395,-0.5996834584842103,21.77588816795778,31.227732128834347,12.112417276703905,,50.60402421792273,45.235,39.86597578207727,217052.6,272229.25,0.6603975257610367,41.187664380742426
2026-04-02,6658,74.1,75.5,71.0,73.0,1588117.0,116963259.0,71.34,69.31,64.545,56.361666666666665,57.08291666666666,64.578125,76.31578947368418,76.53958944281523,4.459200005705242,3.7224482156140795,0.7367517900911622,34.00924737119132,10.60795237107832,43.64127346907395,,76.65423527508534,64.545,52.43576472491467,1927956.8,1051717.2,0.8237305939635162,73.6490189324842
2026-04-02,6661,18.55,18.55,18.15,18.45,4000.0,73650.0,18.64,18.72,,,,,30.76923076923083,50.0,-0.132655464380953,-0.12057032773485302,-0.012085136646099975,14.859554815170096,20.7611094689261,23.711256740626567,,,,,5600.0,,0.7142857142857143,18.4125
2026-04-02,6662,29.0,30.7,28.65,30.7,29963.0,871772.0,30.04,29.45,29.6025,30.07083333333333,30.235416666666666,30.31770833333333,81.48148148148148,55.75221238938052,0.027573802172312867,-0.16797545430485172,0.1955492564771646,15.714179168034944,11.961077881155877,29.294062828283977,,30.93566994612956,29.6025,28.269330053870437,20977.8,15833.8,1.4283194615259942,29.094950438874612
2026-04-02,6664,413.0,416.0,362.0,385.5,5288797.0,2019464018.0,349.9,314.55,295.725,290.525,289.5125,289.00625,100.0,82.9971181556196,19.883519337847474,6.6460075388240565,13.237511799023418,37.82242336161373,10.726895388574768,29.276379615991278,,376.1838649395977,295.725,215.26613506040235,3577878.2,1307721.95,1.4781936959173176,381.83806601009644
2026-04-02,6666,40.35,40.65,40.2,40.2,8060.0,325337.0,40.31,40.834999999999994,41.5225,43.62666666666667,47.2,,19.14893617021268,42.47787610619473,-0.9679860478332927,-0.9298988700315125,-0.03808717780178017,19.751568246207057,29.924538363149132,25.11905560033597,,44.18954547748088,41.5225,38.855454522519125,17093.2,16641.45,0.47153253925537636,40.36439205955335
2026-04-02,6667,251.0,262.5,250.0,257.0,886065.0,227782578.0,251.7,250.6,253.525,244.98333333333332,242.99166666666667,241.99583333333334,65.33333333333334,44.15584415584415,1.9696684655534682,1.8367025140372082,0.13296595151626,26.374842591929276,21.481201593998183,23.78096142334886,,268.88891877093846,253.525,238.16108122906155,660839.0,535917.75,1.3408182628446565,257.0720861336358
2026-04-02,6668,34.4,34.4,33.3,34.15,158985.0,5361738.0,34.06999999999999,33.695,34.64,36.85666666666667,39.48708333333334,41.975625,65.68627450980392,49.222797927461144,-0.8606378604771834,-0.9580330642789391,0.0973952038017557,16.655652223384926,29.551931903075086,24.343973828566128,,37.16765753842948,34.64,32.11234246157052,214698.8,219130.3,0.7405025086306957,33.72480422681385
2026-04-02,6669,3495.0,3510.0,3375.0,3410.0,1307355.0,4492280295.0,3379.0,3559.5,3803.25,4012.4166666666665,3837.4583333333335,3103.9791666666665,24.799999999999997,33.64779874213836,-147.42860152228877,-95.8616003970895,-51.56700112519927,20.94668630632561,31.40838762204341,19.271122997465,,4402.181285049067,3803.25,3204.318714950933,1558928.0,1785538.45,0.838624362382355,3436.159493787074
2026-04-02,6670,265.0,265.0,253.5,257.0,486722.0,124768819.0,261.4,269.0,270.375,263.85,258.8375,285.9145833333333,25.0,44.07894736842105,-1.3959601049504613,0.9692699863368953,-2.3652300912873567,17.927966617273718,27.302537972643425,15.06383681242019,,284.84775116609154,270.375,255.9022488339085,431782.8,316215.4,1.1272380465363605,256.34513952523207
2026-04-02,6671,30.4,30.95,30.4,30.5,75177.0,2305480.0,30.01,30.440000000000005,32.8175,,,,34.883720930232585,21.904761904761898,-1.6850356803408921,-1.5306880622236492,-0.15434761811724296,26.04104979786562,30.67906900206212,24.148195346760875,,39.05948644157771,32.8175,26.575513558422294,36756.6,90848.0,2.0452653401021856,30.66735836758583
2026-04-02,6672,132.0,134.5,127.5,129.5,6111173.0,796008512.0,129.0,125.55,111.705,98.92000000000002,97.7925,86.8025,50.0,80.2731411229135,9.171580708131799,7.348064529283761,1.8235161788480383,34.33896577972168,10.707120936680106,33.76344472969495,,141.99541710543178,111.705,81.41458289456821,5372256.2,5179852.1,1.1375431052599465,130.25461920322007
2026-04-02,6674,18.05,18.35,17.9,18.05,12006.0,217561.0,18.050000000000004,18.279999999999998,18.735000000000003,19.764166666666668,20.45125,22.274166666666662,50.0,40.54054054054055,-0.5196888786055212,-0.4782218070205437,-0.04146707158497748,14.491364280216814,28.093267071758927,30.679724500757658,,20.15667432794504,18.735000000000003,17.313325672054965,10877.4,22544.9,1.103756412377958,18.121022821922374
2026-04-02,6679,255.0,269.0,245.0,249.0,875509.0,221244290.0,246.6,247.0,238.9,204.96666666666667,196.23333333333332,191.86666666666667,65.0,52.57142857142857,12.415048655971816,13.392863604500334,-0.9778149485285184,27.296568620900548,8.190795545396016,58.04779882015927,,269.48998804218513,238.9,208.31001195781485,702705.4,716986.8,1.2459118714613548,252.70361583947167
2026-04-02,6680,55.2,56.8,53.0,54.4,22866.0,1251610.0,55.379999999999995,56.529999999999994,,,,,0.0,0.0,-2.689078985400549,-2.3109033070738096,-0.3781756783267394,2.7026334842997763,26.52806191119261,63.680547142652706,,,,,14319.6,,1.5968323137517808,54.73672701828042
2026-04-02,6683,1615.0,1730.0,1610.0,1700.0,3044432.0,5107510150.0,1576.0,1360.0,1146.15,851.1833333333333,773.5916666666667,734.7958333333333,100.0,89.14116485686081,220.24555888943019,156.07455628217204,64.17100260725815,45.67200465825136,8.878976000953747,57.65465626958897,,1751.4140224250118,1146.15,540.8859775749884,2594059.2,1287426.5,1.1736170092031823,1677.6561769157597
2026-04-02,6684,43.1,43.1,41.6,42.35,113002.0,4780324.0,42.83,43.730000000000004,44.8675,46.61833333333333,47.05916666666666,47.279583333333335,26.31578947368419,37.27598566308244,-1.1554716897538455,-0.885817123293969,-0.2696545664598765,14.124326803565374,24.330958418797596,32.978018743795445,,48.59707948807834,44.8675,41.137920511921656,131201.2,140484.75,0.8612878540745054,42.303003486663954
2026-04-02,6689,77.2,77.8,74.0,74.2,529589.0,39954348.0,76.28,80.19000000000001,74.61999999999999,66.30833333333334,69.05916666666667,78.63125,20.382165605095494,59.039548022598886,3.4824959693389843,4.075327637524146,-0.5928316681851618,28.150938303429218,27.288900437976345,22.006017048027573,,88.7080838038096,74.61999999999999,60.53191619619038,744262.6,1652584.5,0.7115620212543261,75.44406700290224
2026-04-02,6690,168.5,170.0,168.5,168.5,63185.0,10686254.0,168.1,168.9,167.175,163.45,162.475,161.9875,100.0,52.83018867924528,1.4354624541071246,1.5852823915228933,-0.1498199374157687,22.043103667625243,19.016337617687455,22.807611120975647,,174.56115347511104,167.175,159.78884652488898,52711.0,68340.15,1.1987061524160043,169.12643823692332
2026-04-02,6691,578.0,580.0,561.0,561.0,461761.0,262331104.0,572.2,592.0,612.05,583.4916666666667,520.9458333333333,477.18333333333334,28.431372549019613,37.575757575757585,-7.188757278680555,1.184943118221404,-8.37370039690196,18.68713288042328,30.425845576192646,17.783082181146757,,677.7013117678706,612.05,546.3986882321293,565048.0,749125.6,0.817206679786496,568.110134896624
2026-04-02,6692,32.7,32.7,32.2,32.5,54795.0,1775722.0,31.8,31.270000000000003,30.9275,30.895,30.872500000000002,30.86125,96.07843137254898,60.576923076923066,0.3004421912037252,0.08380260868698997,0.2166395825167352,24.151029955378803,5.739037049131883,46.30965450523957,,32.79986832858675,30.9275,29.05513167141325,45477.0,45142.9,1.204894781977703,32.40664294187426
2026-04-02,6693,140.0,146.0,138.0,139.5,2010057.0,283658501.0,125.4,113.95,101.41499999999999,90.30333333333333,87.35166666666667,85.87583333333333,96.25,95.9807073954984,11.634405849459142,6.906682326828444,4.727723522630698,41.32688739942418,6.096471646428042,37.90590706262214,,138.05580411666475,101.41499999999999,64.77419588333524,1596434.2,1277851.7,1.2590916681689732,141.1196304383408
2026-04-02,6695,39.7,39.7,38.1,38.25,216125.0,8313618.0,38.95,39.765,40.4,42.940000000000005,46.44291666666666,46.729375,37.93103448275864,50.74626865671643,-1.080457430174782,-0.9533823709147772,-0.12707505926000484,16.177190869590742,27.128989470078853,14.026082555895805,,43.4300251866253,40.4,37.3699748133747,240066.8,283415.35,0.9002702581114923,38.46671139386929
2026-04-02,6697,42.65,42.65,41.9,42.0,37008.0,1559546.0,42.529999999999994,43.925,44.092499999999994,44.11333333333334,44.13166666666667,44.14083333333333,12.94117647058819,40.71428571428574,-0.4379986900973094,-0.0860634263240261,-0.3519352637732833,23.41929741932133,26.920980275866093,27.253914572719335,,46.85717852894709,44.092499999999994,41.3278214710529,36604.8,57399.6,1.011014948859166,42.1407803718115
2026-04-02,6698,29.55,29.8,29.35,29.8,71011.0,2096146.0,30.26,31.080000000000002,31.557499999999997,31.555,33.09708333333334,31.97833333333333,34.21052631578948,49.01960784313726,-0.6659827118702175,-0.42822509538937675,-0.23775761648084076,18.22028516028865,29.42653561241293,14.552717989898595,,34.81298524962567,31.557499999999997,28.302014750374326,141312.6,295798.95,0.5025100380291637,29.518609792848995
2026-04-02,6703,119.5,120.0,117.5,118.5,104064.0,12285218.0,116.6,118.25,114.8,108.55833333333334,107.02916666666667,106.26458333333333,46.666666666666664,65.27777777777777,2.8905007317841154,3.0512245516450136,-0.16072381986089823,33.78949940359652,20.04534234978647,49.01511969923924,,127.06634248236766,114.8,102.53365751763234,89438.4,141838.3,1.1635270756185263,118.05444726322263
2026-04-02,6706,118.0,123.0,118.0,119.5,6320204.0,762284511.0,119.2,120.4,121.25,115.91333333333334,94.9675,83.38166666666667,48.61111111111111,57.971014492753625,0.5434929809202202,1.2310625802838695,-0.6875695993636493,26.951744397272602,23.627917150661187,13.68937776453855,,136.25701590309674,121.25,106.24298409690326,4974599.2,6758200.05,1.2704951184811029,120.61074468482346
2026-04-02,6708,39.0,40.0,39.0,39.0,18937.0,743343.0,39.269999999999996,39.17,40.04,41.792500000000004,42.32125,42.58562500000001,60.344827586206925,35.85858585858588,-0.7789618059204528,-0.791022822545177,0.012061016624724141,18.083237145293566,14.246730874193823,28.473704162350874,,42.90496073271526,40.04,37.17503926728474,14362.2,13701.9,1.3185305872359387,39.25347203886571
2026-04-02,6712,142.0,142.0,140.5,141.0,229773.0,32448475.0,141.0,140.95,143.425,150.675,152.5875,153.54375,33.33333333333333,40.54054054054053,-2.8231081122602006,-3.0254241329781526,0.20231602071795196,17.46844684070934,27.775171656662266,32.36004008061,,152.2762562296042,143.425,134.57374377039582,182463.8,292517.55,1.2592799229216973,141.21970379461467
2026-04-02,6715,325.0,330.5,303.0,312.0,2007613.0,635420168.0,327.0,322.25,277.25,166.38333333333333,130.91583333333332,126.40375,62.58992805755396,61.32756132756133,44.53939805362853,46.732378827383485,-2.192980773754954,40.610893528757316,22.16069196108309,58.615147775939036,,400.2675426086612,277.25,154.2324573913388,701348.6,1003703.8,2.8625037534829327,316.5053065506151
2026-04-02,6716,71.9,72.7,70.6,71.9,214802.0,15448182.0,70.7,72.44,78.15,65.55833333333334,61.87916666666667,60.03958333333333,63.01369863013701,39.75903614457832,0.5828008258286133,2.080453683895598,-1.4976528580669846,30.53430758448074,20.858732527264596,44.99969277834163,,95.53608033668557,78.15,60.76391966331444,190881.2,787689.45,1.1253177368960379,71.91824098472081
2026-04-02,6719,164.0,164.5,159.0,159.5,281820.0,45204343.0,163.6,164.95,170.65,188.70833333333334,192.67916666666667,194.73125,41.30434782608696,45.45454545454546,-7.267255428109877,-7.127202182079402,-0.1400532460304751,15.885195982704072,34.93768828445866,29.438464397042903,,187.47448091011535,170.65,153.82551908988466,236720.0,305805.45,1.1905204460966543,160.4014725711447
2026-04-02,6720,164.0,169.0,164.0,165.0,86332.0,14302806.0,167.6,165.4,167.9,167.29166666666666,167.64583333333334,167.82291666666666,64.1025641025641,47.15447154471545,-0.4091879549680755,-0.3262954911822337,-0.08289246378584175,18.793143523889377,15.005757965634494,24.568171563796586,,179.0666797590916,167.9,156.7333202409084,141399.2,172549.25,0.6105550809339798,165.6721262104434
2026-04-02,6721,58.5,58.5,58.0,58.5,57010.0,3323208.0,,,,,,,50.0,9.090909090909022,-0.9800092861432503,-0.8355567478142248,-0.1444525383290255,6.164738683507297,31.989395696391203,76.21614223890204,,,,,,,,58.29166812839853
2026-04-02,6725,330.0,341.0,329.0,341.0,2927591.0,990066935.0,311.1,288.05,261.075,247.85,244.425,242.7125,72.72727272727272,71.26436781609196,22.226892215508258,11.31597750132461,10.910914714183647,42.55609657485196,14.8062934883854,45.943846146899055,,342.70528011454405,261.075,179.4447198854559,2312754.6,1121115.75,1.2658459310814905,338.1848540318644
2026-04-02,6727,420.0,420.0,396.5,400.0,258963.0,104240769.0,361.7,319.3,268.675,205.75833333333333,188.87916666666666,180.43958333333333,100.0,79.93920972644376,48.67811970639974,33.519621854426084,15.158497851973657,46.057524944121454,6.055024745323753,72.5548833084099,,408.7641727286215,268.675,128.58582727137858,390577.8,998448.9,0.6630253946844905,402.5315160853095
2026-04-02,6728,119.5,119.5,118.0,118.0,35513.0,4206367.0,117.7,119.3,125.6,,,,37.5,8.333333333333329,-5.201425611954292,-4.709297264003365,-0.49212834795092686,8.511790078656981,37.791688562866625,73.57342773146522,,139.65478004471308,125.6,111.54521995528691,29907.8,40776.35,1.1874159918148444,118.44583673584322
2026-04-02,6730,37.0,37.2,36.7,37.15,110894.0,4097378.0,36.82,36.459999999999994,36.510000000000005,37.399166666666666,37.69958333333333,37.84979166666667,87.49999999999983,46.1538461538461,-0.1165877354306275,-0.2774031026996921,0.1608153672690646,23.86184808894047,11.887279956393431,29.782271864618085,,37.451778832009445,36.510000000000005,35.568221167990565,70736.4,33628.1,1.5677077148398846,36.94859956354717
2026-04-02,6732,151.5,153.0,150.0,151.0,135254.0,20430806.0,151.1,152.85,160.625,170.30833333333334,172.90416666666667,174.20208333333332,39.99999999999999,26.966292134831463,-5.929199477196448,-5.161808486476993,-0.7673909907194556,11.294385839060922,23.121047782971115,39.799492068484945,,178.49256838520563,160.625,142.75743161479437,127152.4,170722.2,1.0637156671836316,151.05509633726174
2026-04-02,6733,31.55,32.0,31.55,31.65,129591.0,4121702.0,32.56,33.4,34.707499999999996,35.6175,35.75875,35.829375,22.36842105263159,22.222222222222214,-1.0569434334658396,-0.6743136185805214,-0.3826298148853182,8.570018671362249,37.306337650658946,37.67234919386147,,38.084554929964845,34.707499999999996,31.33044507003515,128954.6,209751.3,1.004935070171983,31.805464885678788
2026-04-02,6735,64.6,70.2,64.5,70.2,420618.0,28568898.0,65.0,60.79,58.904999999999994,60.70666666666667,61.45333333333334,61.826666666666675,91.81286549707603,77.23577235772359,1.7688644354666607,-0.053387219824566325,1.8222516552912271,33.10328381512762,11.208720054441002,24.036145621491023,,69.28016772216996,58.904999999999994,48.529832277830025,261770.8,96624.0,1.6068178727344686,67.92124445458825
2026-04-02,6739,1510.0,1535.0,1450.0,1485.0,729984.0,1085320770.0,1381.0,1278.5,1148.0,966.9833333333333,923.4916666666667,901.7458333333333,84.46601941747574,72.53886010362694,131.14508445453862,94.05228419909658,37.09280025544204,37.20262653578166,9.638706293887118,53.27383041773526,,1507.1205632477327,1148.0,788.8794367522675,796790.4,789796.45,0.9161556163327269,1486.773367635455
2026-04-02,6741,61.9,62.1,60.4,60.9,209418.0,12768803.0,61.1,61.589999999999996,61.53000000000001,63.85166666666667,64.42583333333333,64.71291666666667,51.61290322580647,46.15384615384615,-0.7508343537643469,-0.7687882493405167,0.017953895576169776,15.600769503603463,15.40379800679052,25.747077875641878,,64.01964169901464,61.53000000000001,59.04035830098537,255650.8,369320.45,0.8191564430856465,60.97280558500224
2026-04-02,6742,40.65,40.8,39.8,40.1,108966.0,4392415.0,40.07,40.760000000000005,41.529999999999994,44.153333333333336,47.57875,51.95875,36.61971830985923,55.55555555555556,-1.084120493729607,-0.9964075230693685,-0.08771297066023842,16.813862065979517,26.467791937053597,13.85429565675922,,44.80500903976124,41.529999999999994,38.25499096023875,136128.4,257387.45,0.8004648552396121,40.309959069801586
2026-04-02,6743,22.55,22.6,22.1,22.2,107085.0,2386079.0,22.73,23.555,24.285000000000004,26.7025,28.90375,30.995833333333334,10.25641025641022,39.285714285714285,-1.1102087649588057,-0.9754990172142732,-0.13470974774453248,18.7902833409824,36.99318997499768,19.57664799234142,,27.016897354933086,24.285000000000004,21.55310264506692,136403.4,174282.95,0.785061076190183,22.2821030022879
2026-04-02,6751,51.9,51.9,51.2,51.2,46172.0,2370539.0,51.48,51.96,53.19,55.91833333333334,56.70916666666667,57.10458333333333,33.33333333333333,31.192660550458726,-1.3192894848966077,-1.2133569291827262,-0.1059325557138815,8.227754999887003,16.381029422394754,35.03182443586667,,56.82312247899358,53.19,49.55687752100641,42703.2,39796.3,1.0812304464302442,51.34148401628693
2026-04-02,6752,109.0,109.0,104.5,105.0,37709.0,3961268.0,108.6,112.5,114.95,115.81666666666666,116.15833333333333,116.32916666666667,22.85714285714286,33.33333333333333,-2.364664029035538,-0.909352065151795,-1.4553119638837428,15.717516452818039,34.97661187029825,16.414770936905093,,125.61178616417183,114.95,104.28821383582817,40025.4,57015.5,0.9421267495140585,105.0483438966825
2026-04-02,6753,129.5,130.0,126.0,126.0,400089.0,50852933.0,128.5,129.0,134.775,135.50833333333333,138.3125,121.50916666666667,50.0,45.45454545454546,-3.3844668938567395,-2.6274904677099005,-0.756976426146839,22.36837266943061,21.02777776470304,14.095743676836126,,152.35332097844022,134.775,117.19667902155977,735521.4,1083724.3,0.5439529019821857,127.10405184846371
2026-04-02,6754,45.0,45.1,45.0,45.0,15396.0,693341.0,44.589999999999996,44.65,44.11,45.314166666666665,46.70708333333334,53.192083333333336,61.03896103896105,63.74501992031876,0.08643199401829804,-0.10850775026321685,0.1949397442815149,37.65164304736649,27.19273294908308,18.645156216635247,,46.31301229181582,44.11,41.90698770818418,18784.6,20558.4,0.8196075508661351,45.03383995843076
2026-04-02,6756,71.3,72.4,70.4,70.5,71673.0,5077139.0,71.91999999999999,73.66999999999999,75.27,78.985,82.72833333333332,91.56041666666667,30.434782608695656,47.98387096774193,-2.077405651901728,-1.635636199605299,-0.44176945229642883,15.958584687980759,31.950573295858998,20.72319234421598,,81.97839223031231,75.27,68.56160776968768,107837.4,174049.55,0.664639540641744,70.83753993833103
2026-04-02,6757,51.0,51.0,49.0,49.0,1719120.0,85037924.0,50.230000000000004,51.895,53.927499999999995,62.63916666666667,68.95541666666666,78.47604166666666,22.95918367346944,47.352941176470594,-3.4628998386940424,-3.391912741295517,-0.07098709739852538,19.02015469473484,46.47694201793233,35.824990081973475,,63.11120840129327,53.927499999999995,44.74379159870672,1181093.8,2178672.6,1.4555321516377446,49.46596165480013
2026-04-02,6761,182.5,200.0,178.5,192.5,3954017.0,750907656.0,182.7,178.45,169.775,153.18333333333334,149.09166666666667,147.04583333333332,63.63636363636363,60.526315789473685,9.882509414873397,7.769142500799574,2.113366914073823,32.866306109859394,15.292365626712698,42.563219198898736,,196.2434022145176,169.775,143.3065977854824,3101610.2,2525503.25,1.2748271849247852,189.91007271845316
2026-04-02,6762,165.0,165.0,165.0,165.0,1760.0,287510.0,,,,,,,50.0,40.0,-0.08599046211156747,0.316768064054433,-0.40275852616600044,5.310891976036292,19.93882799221807,51.52869764342607,,,,,,,,163.35795454545453
2026-04-02,6763,47.2,47.35,46.9,47.1,216236.0,10186951.0,47.34,47.754999999999995,49.207499999999996,51.427499999999995,52.01375,52.306875,46.5517241379311,28.712871287128735,-1.254637150065797,-1.0979527051041111,-0.15668444496168576,12.87818079927786,33.27795574322081,43.79011477780175,,52.841878973954685,49.207499999999996,45.57312102604531,221741.6,400541.25,0.9751711000551994,47.110337779093214
2026-04-02,6767,28.4,28.4,28.1,28.1,12020.0,338660.0,27.95,27.925,28.642499999999995,28.769166666666667,28.784583333333334,28.792291666666667,86.66666666666654,27.86885245901648,-0.3013416841706338,-0.24815832416859993,-0.05318336000203386,22.394033769554422,27.31318844732689,25.60751375511094,,30.31747839734694,28.642499999999995,26.96752160265305,11812.0,25263.05,1.017609210971893,28.174708818635608
2026-04-02,6768,88.0,88.0,84.5,84.6,885633.0,75616973.0,87.61999999999999,90.11999999999999,92.83500000000001,104.00166666666668,107.19333333333334,109.82666666666667,16.1290322580645,44.18604651162791,-4.085814869340055,-3.713766889751742,-0.3720479795883129,15.430699931873445,35.34295602317981,31.214273882956743,,102.14764561877931,92.83500000000001,83.52235438122071,498988.8,627090.6,1.7748554676978723,85.38183762348513
2026-04-02,6770,56.5,57.2,53.5,53.5,155762985.0,8583324534.0,55.760000000000005,62.61,65.24000000000001,52.94166666666667,39.748333333333335,27.722291666666667,23.56321839080458,43.91752577319588,-0.8887727463119575,1.6152887103400873,-2.5040614566520447,22.328245969741506,28.581017507271856,23.74971088363746,,80.34390677937283,65.24000000000001,50.13609322062719,187940329.4,261385573.45,0.8287895711222479,55.105033676646606
2026-04-02,6771,44.1,44.3,43.85,43.9,123245.0,5421552.0,43.96999999999999,43.985,43.9325,44.79,47.76583333333333,52.065416666666664,71.42857142857113,55.55555555555553,-0.1585471913509764,-0.2198170434944861,0.06126985214350972,25.64924387555298,22.391138172715916,9.944268341918242,,44.69011050957208,43.9325,43.174889490427915,55279.0,29055.95,2.2295084932795457,43.99003610694146
2026-04-02,6776,58.5,59.1,57.0,57.0,317871.0,18302381.0,58.3,62.120000000000005,59.410000000000004,55.64,54.2225,55.26916666666667,22.98850574712644,56.161137440758296,0.5702000541127319,1.2966359938353584,-0.7264359397226265,29.491892130318,29.63121403075395,26.993159683915298,,69.71868821099837,59.410000000000004,49.10131178900164,464905.6,1434587.5,0.6837323534067992,57.57801435173388
2026-04-02,6781,1010.0,1015.0,957.0,957.0,1169779.0,1144654918.0,1005.0,1039.5,1053.5,1198.0833333333333,1214.4583333333333,1117.475,20.96069868995633,48.24902723735409,-44.24754059760994,-42.17258140478562,-2.0749591928243234,18.407935863638787,32.06885266591997,18.4032048291801,,1201.1717554863528,1053.5,905.8282445136473,1035727.4,1245388.75,1.1294274922146503,978.5223687551238
2026-04-02,6782,198.5,198.5,191.0,191.5,138301.0,26826223.0,193.0,201.0,196.75,181.48333333333332,186.75416666666666,182.10625,22.97297297297297,51.90839694656488,3.9396609268371208,5.882888492393434,-1.9432275655563132,26.222720140068972,21.22784107811095,24.47609308062337,,216.24223867135322,196.75,177.25776132864678,194148.6,377077.45,0.7123461101444976,193.9698411435926
2026-04-02,6785,168.0,170.0,167.5,168.5,59750.0,10080466.0,168.7,172.35,186.425,232.38333333333333,243.19166666666666,248.59583333333333,44.444444444444436,37.948717948717956,-18.877563148778165,-18.99480891147288,0.11724576269471498,18.233139345367807,38.49417819455614,48.30087996656419,,238.368567556786,186.425,134.48143244321403,66650.0,197745.45,0.8964741185296324,168.7107280334728
2026-04-02,6788,380.0,382.5,360.5,365.0,5242796.0,1931476541.0,368.2,373.9,354.3,331.60833333333335,327.5541666666667,325.52708333333334,39.495798319327726,58.77659574468085,13.007702850884243,13.308672966581337,-0.3009701156970941,28.78743432069531,16.9455697783616,36.85064131200805,,407.0041394559237,354.3,301.59586054407634,4189877.6,3148744.05,1.2513005153181562,368.4058164765518
2026-04-02,6789,325.0,327.0,314.0,318.0,2504599.0,803505725.0,318.2,324.4,331.2,293.84166666666664,279.7083333333333,255.46666666666667,53.125,52.050473186119866,4.702535339532858,8.968275006234805,-4.265739666701947,23.086639384134354,19.953738887939405,23.077912770467027,,368.8904287724685,331.2,293.50957122753147,2705135.2,4945386.9,0.9258683262855032,320.81212401665897
2026-04-02,6790,40.7,40.9,40.5,40.7,101699.0,4138064.0,40.790000000000006,40.290000000000006,40.04,38.9175,38.67166666666667,40.17333333333333,79.16666666666671,71.01449275362305,0.5335712823656849,0.4720883013868,0.06148298097888483,31.17013383128853,18.00709653566984,26.041714663605134,,41.12511459496732,40.04,38.95488540503268,230546.2,234761.1,0.4411219963720937,40.689328311979466
2026-04-02,6791,100.0,100.5,99.5,100.0,13123.0,1311283.0,99.52000000000001,98.69,100.545,103.88166666666667,104.94083333333333,105.47041666666665,78.31325301204822,44.18604651162791,-1.299704166149965,-1.4759837878012334,0.17627962165126831,20.122665948934706,17.503521531465566,18.432300075399326,,105.72450414208703,100.545,95.36549585791298,18873.8,29188.1,0.695302482806854,99.92250247656786
2026-04-02,6792,55.3,56.4,54.2,54.2,32453.0,1787560.0,55.779999999999994,56.35,57.88000000000001,54.65,55.71666666666667,55.98833333333334,35.80246913580248,44.07582938388626,-0.294243077033876,0.2822605284726553,-0.5765036055065313,21.206476372011046,23.780125150435378,19.70316753801598,,63.017519368640734,57.88000000000001,52.742480631359285,68868.4,115275.9,0.4712320890277689,55.081502480510274
2026-04-02,6794,81.2,81.6,79.6,81.6,23091.0,1859125.0,80.0,80.03999999999999,82.17,83.73166666666667,79.81583333333333,73.29958333333333,69.04761904761904,48.41269841269839,-1.4352360689752146,-1.395653748816519,-0.03958232015869556,12.590290844416357,19.53747509199081,28.582828622711443,,88.50888583934285,82.17,75.83111416065715,24419.0,67606.6,0.9456161185961751,80.5129704213763
2026-04-02,6796,75.8,75.8,72.0,72.2,53989.0,3948281.0,74.08,73.22999999999999,76.59,87.58333333333333,84.71666666666667,,55.84415584415589,33.54037267080744,-3.6960984860938026,-3.9385766533306423,0.24247816723683968,20.310373631689988,27.245409064517457,30.57682221253174,,84.6828558488015,76.59,68.49714415119851,60869.8,84919.15,0.8869587217306447,73.13121191353794
2026-04-02,6799,74.6,74.6,73.2,73.8,150014.0,11048271.0,75.2,77.19,77.89500000000001,81.73166666666667,82.65666666666667,91.86958333333334,20.512820512820554,52.63157894736841,-1.8789422900069468,-1.497942388110815,-0.38099990189613187,18.244394965680115,33.286215262398294,16.4949272948306,,84.5042359618944,77.89500000000001,71.28576403810563,131789.4,183667.45,1.13828578019173,73.64826616182489
2026-04-02,6803,292.5,292.5,290.5,290.5,58067.0,16934271.0,290.8,291.55,293.675,297.34166666666664,298.17083333333335,298.5854166666667,33.33333333333333,38.46153846153846,-2.0028253725872105,-1.7670650895778626,-0.23576028300934793,8.540271044951721,22.3582342376445,44.85873580535223,,299.3807219664033,293.675,287.9692780335967,62840.2,71455.25,0.9240422532073418,291.6333029087089
2026-04-02,6804,16.75,16.75,16.5,16.65,24250.0,404896.0,16.740000000000002,16.81,16.752499999999998,16.9525,17.02625,17.063125,0.0,52.38095238095223,-0.045211405818221806,-0.040987177023277296,-0.0042242287949445095,14.297041416165607,19.962515859034017,28.339588584136088,,17.019007628013618,16.752499999999998,16.485992371986377,32350.0,42179.55,0.749613601236476,16.696742268041238
2026-04-02,6805,1940.0,2005.0,1880.0,1885.0,1699169.0,3289333900.0,1859.0,1887.5,1807.25,1619.6666666666667,1416.7083333333333,1068.03125,55.68181818181818,59.32203389830509,77.23864482346244,82.43154709584452,-5.192902272382085,32.52945127020854,16.072049682530018,30.792761001155416,,2048.55075141114,1807.25,1565.94924858886,1208965.0,1980663.95,1.4054741038822465,1935.848582454129
2026-04-02,6806,34.75,34.75,34.75,34.75,694249.0,24125020.0,37.73,38.695,40.43,42.060833333333335,,,30.857142857142833,30.42071197411005,-1.892854059636143,-1.4655782825871253,-0.42727577704901765,16.52551971930654,34.704504870634814,21.81162731138569,,45.103261005011355,40.43,35.756738994988645,897551.6,1646300.9,0.7734920198459899,34.749808786184786
2026-04-02,6807,42.2,42.2,42.05,42.05,3000.0,126350.0,42.470000000000006,42.8,43.815000000000005,,,,28.94736842105266,31.57894736842117,-0.854549099449045,-0.7400404348809074,-0.11450866456813757,22.10610138299743,29.47076022409931,24.854066088334076,,46.58838857907723,43.815000000000005,41.04161142092278,10478.4,10622.75,0.2863032524049473,42.11666666666667
2026-04-02,6811,189.0,189.5,188.5,188.5,96164.0,18184024.0,187.6,188.45,192.625,200.55,202.275,203.1375,62.50000000000001,43.20987654320988,-3.9791834185730295,-3.805557304025965,-0.17362611454706434,13.100993296578304,25.351883568058888,33.80868017990112,,203.96136440375562,192.625,181.28863559624438,84098.4,107711.25,1.143470030345405,189.0938812861362
2026-04-02,6821,55.0,59.5,55.0,59.0,1401758.0,81165094.0,57.779999999999994,49.31,43.06,39.3825,38.466249999999995,38.00812499999999,90.43062200956938,91.88679245283019,5.446459604753372,3.029161586382719,2.4172980183706527,44.83932125606795,5.1258297979051815,51.36612699451503,,61.56543590123553,43.06,24.55456409876447,2553854.8,734095.75,0.5488792863243439,57.90235832433273
2026-04-02,6823,62.3,66.1,61.8,63.4,272559.0,17521990.0,63.56,64.41,63.275,62.42499999999999,62.3625,62.33125,27.777777777777715,53.71900826446281,0.6157752247540529,0.7053979356335447,-0.08962271087949181,29.476637878418288,17.66195225211255,26.818614594317577,,69.20116855010137,63.275,57.34883144989863,227535.4,365872.95,1.1978751438237742,64.28696172204917
2026-04-02,6829,127.5,139.0,127.0,136.0,2818529.0,379493706.0,129.2,120.35,115.15,110.0,108.75,108.125,100.0,74.48979591836735,5.970014453393233,3.0405430558366406,2.9294713975565925,37.30038519878144,6.914154162515695,36.948241413835405,,134.60061222145643,115.15,95.69938777854358,1986117.4,688194.65,1.4191150029701165,134.6424698841133
2026-04-02,6830,533.0,565.0,533.0,565.0,5759569.0,3198408320.0,486.6,459.95,403.8,254.50833333333333,210.0,171.1525,100.0,74.48559670781893,69.68844629091154,60.69259276042602,8.995853530485526,47.39521507124524,11.591837912628684,50.04580132214838,,554.6852474390262,403.8,252.91475256097382,5363259.0,3426319.6,1.0738935039310986,555.3207748704807
2026-04-02,6834,32.0,32.5,31.25,31.3,195922.0,6178396.0,30.880000000000003,30.895,30.492499999999996,29.86916666666667,29.30708333333333,30.35145833333333,61.11111111111116,65.14084507042254,0.24414039178283886,0.1672727776746466,0.07686761410819226,31.89065982992389,17.27929530848858,22.02179349290986,,33.751217054625,30.492499999999996,27.23378294537499,348313.4,521152.7,0.5624876906831606,31.534978205612436
2026-04-02,6835,37.5,37.7,36.8,37.4,226022.0,8406667.0,37.54,37.695,38.582499999999996,38.97,39.35541666666667,40.73979166666667,47.82608695652171,46.511627906976734,-0.4899592421563099,-0.3521453783308381,-0.13781386382547184,10.913640830897037,24.3175077105949,28.854834149837604,,41.063856802023125,38.582499999999996,36.10114319797687,274163.8,232958.55,0.8244049725018402,37.19402093601508
2026-04-02,6838,28.3,28.4,27.85,27.95,174910.0,4917219.0,27.48,26.75,26.759999999999998,27.450833333333332,28.463749999999997,29.65895833333333,88.88888888888886,69.74789915966386,-0.006292053913675488,-0.2863045111609649,0.2800124572472894,37.94511850438427,20.778836009891677,13.87568542861654,,28.792525004702597,26.759999999999998,24.7274749952974,320968.6,209871.9,0.5449442718072735,28.11285232405237
2026-04-02,6840,68.0,68.0,65.6,65.6,165549.0,11021263.0,63.6,63.15999999999999,62.370000000000005,64.74999999999999,65.675,66.1375,59.130434782608674,58.33333333333332,0.10679004172493478,-0.5226442391662327,0.6294342808911675,24.725145686208116,16.5626333238976,29.63959490023728,,67.48925159003797,62.370000000000005,57.25074840996204,148529.4,174293.15,1.114587415016825,66.57402340092662
2026-04-02,6841,59.2,59.4,58.7,58.9,186994.0,11028891.0,60.120000000000005,60.7,60.94,64.77666666666667,65.73833333333333,66.21916666666667,2.0833333333333712,43.27485380116959,-1.3203968140394124,-1.3168117547608005,-0.0035850592786119684,20.938400227073448,22.78839291129254,29.796117400456858,,65.78774499937322,60.94,56.092255000626785,257596.4,596235.45,0.7259185299173436,58.979919141790646
2026-04-02,6843,45.5,46.0,45.25,45.5,16349.0,744630.0,45.910000000000004,46.695,47.37,,,,3.8461538461538964,35.39823008849558,-0.7649241759916521,-0.5555256216978882,-0.20939855429376386,16.672584172103278,22.29694506514593,28.513461374472943,,49.92742469148784,47.37,44.81257530851215,67009.4,27416.05,0.24398069524574167,45.545904948314885
2026-04-02,6844,63.0,63.8,63.0,63.8,5510.0,349409.0,,,,,,,0.0,43.18181818181823,-0.7329328269099307,-0.8254091222683391,0.0924762953584084,7.568271455679448,23.38432414942374,57.63715888252573,,,,,,,,63.41361161524501
2026-04-02,6846,72.3,72.3,70.7,71.5,15247.0,1085437.0,71.14,70.97,71.33,73.34166666666667,73.92083333333333,74.21041666666666,72.41379310344828,46.75324675324675,-0.5835923326560959,-0.7286464558340432,0.1450541231779473,13.693301466188402,16.94186497423727,42.16278607963996,,72.81267184146508,71.33,69.84732815853492,12348.2,17589.65,1.2347548630569638,71.19020135108546
2026-04-02,6854,142.0,142.5,138.0,139.0,600835.0,84056738.0,143.2,142.65,139.525,131.19166666666666,141.74166666666667,152.86041666666668,50.649350649350644,58.82352941176471,3.562787882721807,3.7941642543390004,-0.2313763716171935,23.111621942040507,22.04876152163085,15.968924602266409,,153.9635266780082,139.525,125.0864733219918,1093052.8,1096206.15,0.5496852485076659,139.89986934849003
2026-04-02,6855,110.0,110.0,110.0,110.0,11171.0,1228810.0,109.9,,,,,,100.0,47.05882352941176,-1.8478478704170698,-1.7733290448425194,-0.07451882557455036,9.42448797998108,20.179581660479645,47.27704496433752,,,,,7502.6,,1.4889504971609842,110.0
2026-04-02,6856,,,,,,,,,,,,,90.90909090909138,90.90909090909138,-1.176141596370691,-1.0546371731597848,-0.12150442321090615,8.594584977966045,1.9350911734979426,51.26745690522653,,,,,,,,
2026-04-02,6859,109.5,114.5,109.5,114.0,42752.0,4812634.0,115.7,119.6,119.8,114.30833333333334,113.15416666666667,112.57708333333333,26.08695652173914,43.689320388349515,0.4270853831411472,1.7744314489823478,-1.3473460658412006,19.4534091746629,28.867663922385738,27.581645902149607,,130.087447640079,119.8,109.51255235992097,40251.2,118138.0,1.0621298247008786,112.57096744011976
2026-04-02,6861,132.5,136.5,129.0,129.0,350711.0,46330375.0,131.9,141.25,140.565,88.67666666666668,74.83666666666667,63.63312499999999,30.769230769230774,46.91943127962085,11.314329622802944,16.53515679695888,-5.220827174155936,33.10833781740047,17.695484268553898,51.05577949218189,,175.29677068242958,140.565,105.83322931757041,698879.8,1030318.3,0.5018187676908104,132.10413987585218
2026-04-02,6862,162.0,164.5,157.5,159.5,344848.0,55183711.0,168.2,178.55,189.6,177.88333333333333,171.14583333333334,155.34375,16.666666666666657,37.810945273631845,-5.073332332207713,-0.2607814734985717,-4.812550858709141,20.423911216660372,30.00179235628626,18.67915951063753,,226.57879904685146,189.6,152.62120095314853,519899.0,940942.55,0.6632980636623652,160.02328852131953
2026-04-02,6863,91.9,92.0,88.4,88.5,69849.0,6282435.0,89.04,89.56,94.005,106.87666666666668,121.82583333333334,149.83583333333334,43.56435643564358,43.58974358974359,-5.1580168210633985,-5.423392871386405,0.26537605032300604,15.137001483047635,32.23484539333574,35.28089974265215,,110.08826688469117,94.005,77.92173311530883,77580.6,144310.25,0.9003410646476051,89.9430915260061
2026-04-02,6865,37.8,37.8,34.8,37.0,129481.0,4617749.0,36.870000000000005,35.89,35.970000000000006,,,,61.206896551724164,54.651162790697676,-1.1133492480715148,-1.6392272772722114,0.5258780292006966,23.710827104005464,26.455048777564816,45.285029483158034,,40.60810306051948,35.970000000000006,31.331896939480526,95688.6,41738.55,1.353149695993044,35.66352592272225
2026-04-02,6869,88.7,89.0,85.0,85.0,842967.0,72720587.0,88.34,91.09,98.77000000000001,99.98166666666665,108.02916666666667,131.27708333333334,27.559055118110237,23.6180904522613,-4.746180039110413,-3.1725211327985328,-1.5736589063118807,13.50635689948369,35.02324961624582,24.45265809497534,,115.93742325023861,98.77000000000001,81.60257674976141,607041.2,1114064.45,1.388648744105013,86.26741853477064
2026-04-02,6870,186.5,192.0,186.5,190.5,79186.0,15010955.0,188.7,189.15,189.4,193.84166666666667,195.17083333333332,195.83541666666667,69.23076923076923,51.85185185185185,-1.2011767330583325,-1.3451236608635155,0.14394692780518303,18.42514558629848,20.31894629381815,15.104047452249661,,200.82296855140177,189.4,177.97703144859824,71711.6,60262.8,1.1042286045772232,189.56576920162655
2026-04-02,6872,16.8,17.0,16.75,16.75,25360.0,426185.0,16.8,16.985,17.795,19.160833333333333,19.530416666666667,19.715208333333333,14.285714285714434,19.73684210526315,-0.7199937452587086,-0.670225951515484,-0.0497677937432246,15.149387414186933,32.47168096278992,52.20931657746979,,19.8645537276377,17.795,15.725446272362305,22816.0,43255.05,1.1115007012622722,16.805402208201894
2026-04-02,6873,84.5,85.6,81.4,82.5,750999.0,62222343.0,84.08,89.31,95.77000000000001,103.33999999999999,114.08500000000001,163.31125,17.777777777777814,29.866666666666674,-6.569494657006246,-5.118747127454833,-1.4507475295514123,16.456109951821116,39.30293168239326,29.90373807708974,,112.48924198735254,95.77000000000001,79.05075801264748,902600.2,747692.2,0.832039478830162,82.85276411819457
2026-04-02,6874,88.5,91.4,88.1,88.1,62672.0,5568136.0,88.56,89.76,81.88,69.05666666666666,65.52833333333334,63.76416666666667,27.272727272727394,78.38827838827835,6.054452338556402,6.204788892380418,-0.15033655382401623,33.23785121994806,7.143259455866915,69.17688192917171,,101.08850688736908,81.88,62.67149311263091,56603.2,60365.5,1.1072165531277385,88.84567270870564
2026-04-02,6875,38.4,38.4,37.5,37.5,51391.0,1930513.0,38.08,38.989999999999995,39.480000000000004,41.719166666666666,42.35958333333333,42.67979166666667,8.888888888888985,27.611940298507477,-1.0326189634078276,-0.8418518940626765,-0.19076706934515109,7.70487166746091,18.113255390736942,44.44713786994399,,41.61920792030967,39.480000000000004,37.34079207969034,55434.6,105200.8,0.9270563871661381,37.56519624058687
2026-04-02,6877,125.0,130.0,118.5,126.0,1042481.0,129953399.0,122.8,118.3,111.575,93.65666666666667,89.37833333333333,87.23916666666668,100.0,61.42857142857143,8.687664709770132,7.690800941760226,0.9968637680099066,34.36254876552474,9.638819032315585,49.516908182300014,,134.94000982688704,111.575,88.20999017311298,1079088.6,1007392.2,0.9660754455194874,124.65781055002441
2026-04-02,6881,239.5,240.0,239.5,240.0,4546.0,1089940.0,238.3,238.35,233.4,,,,70.58823529411765,73.33333333333333,3.1677497447766996,2.662152460654084,0.5055972841226155,38.45769562108296,13.458103628084464,42.07331088804313,,246.0432840503939,233.4,220.7567159496061,4927.6,13243.55,0.9225586492410097,239.7580290365156
2026-04-02,6884,33.8,33.8,33.8,33.8,5013.0,169429.0,34.0,34.13,34.675,34.972500000000004,34.96125,34.955625000000005,44.999999999999964,37.80487804878056,-0.37531526887021016,-0.2787761838037684,-0.09653908506644177,23.449455369299905,19.855018546090154,30.117861270597952,,36.216188878072636,34.675,33.13381112192736,6807.8,17530.95,0.7363612327036634,33.79792539397566
2026-04-02,6885,24.45,25.35,24.25,25.05,323340.0,8055812.0,24.240000000000002,24.1,25.055,27.45,29.475416666666668,29.279375,92.59259259259251,52.05479452054797,-0.887963964848268,-1.0039819565407642,0.11601799169249616,25.540625811322098,29.145232531694127,22.793405726120685,,27.849901372894728,25.055,22.260098627105272,243625.8,328476.95,1.3271993360309131,24.91436877590153
2026-04-02,6890,168.0,173.0,165.5,168.0,673570.0,113416890.0,163.9,167.6,174.325,223.65,226.79166666666666,271.74791666666664,53.65853658536585,48.92086330935252,-13.606262870506526,-15.270925134753584,1.6646622642470579,22.9298585869536,27.89482561478674,30.626301297105318,,199.83511151431827,174.325,148.8148884856817,494651.4,784949.15,1.3617064461962505,168.38174206095877
2026-04-02,6894,396.0,418.0,386.0,389.5,770984.0,309874076.0,372.6,373.65,336.725,265.6666666666667,247.33333333333334,238.16666666666666,57.5,76.77595628415301,34.43062405198589,32.51747280648492,1.9131512455009698,33.70991718149165,12.140299801815713,57.510132631879074,,428.89673616336177,336.725,244.55326383663825,544590.4,480460.85,1.415713534428811,401.92024218401417
2026-04-02,6895,173.5,187.5,169.5,170.0,109962.0,19015156.0,168.3,163.45,164.625,175.24166666666667,178.62083333333334,180.31041666666667,74.50980392156863,53.21100917431193,-1.719373885596923,-3.5880389096849243,1.8686650240880014,18.559790261870276,11.562974673189364,42.182305375299514,,180.36591216510223,164.625,148.88408783489777,93377.2,89121.9,1.1776108086342276,172.92479220094214
2026-04-02,6899,56.2,56.5,55.3,56.0,61338.0,3426123.0,53.96,,,,,,100.0,79.54545454545462,0.7546635711645564,0.12853390708421,0.6261296640803464,48.969514257398565,7.700461329778201,31.643586415215175,,,,,43802.8,,1.4003214406384978,55.85645113958721
2026-04-02,6901,14.05,14.4,14.0,14.25,404020.0,5728587.0,13.99,14.005,14.87,16.164166666666667,17.402916666666666,20.191458333333337,70.58823529411764,34.78260869565217,-0.6807933994584143,-0.6942890993260544,0.013495699867640099,18.501697881571314,30.767944645951484,26.91485533584026,,17.341820126312193,14.87,12.398179873687805,397987.4,522503.95,1.0151577663011442,14.178968862927578
2026-04-02,6902,74.5,74.5,73.3,74.0,28605.0,2110537.0,74.68,75.52,76.24000000000001,77.80999999999999,77.71333333333334,,40.00000000000006,36.36363636363641,-0.8900994350613018,-0.626295947061367,-0.2638034879999348,11.956036581026886,30.551581796353645,26.817400947163,,79.03277262722634,76.24000000000001,73.44722737277368,21692.8,44761.25,1.3186402861779023,73.78210103128824
2026-04-02,6903,384.0,391.0,375.5,391.0,2288203.0,883656920.0,351.9,331.45,312.575,272.75,262.375,257.1875,78.1456953642384,65.84362139917695,26.0257662549987,17.683884003073512,8.341882251925188,42.39009910449063,14.384382330692189,48.4411137878702,,386.90022770691144,312.575,238.24977229308857,1877921.8,1716664.9,1.218476190009616,386.1794255142573
2026-04-02,6904,117.0,119.0,115.0,119.0,9122.0,1067147.0,,,,,,,44.444444444444436,33.33333333333333,-1.6959667067877575,-1.242360779071965,-0.45360592771579245,4.1336351113643826,26.650479741595756,49.64895642437795,,,,,,,,116.98607761455821
2026-04-02,6906,68.8,68.8,67.2,68.0,20192.0,1368353.0,67.66,68.03999999999999,70.235,77.83666666666666,92.45,113.65625,48.333333333333314,50.2283105022831,-2.549122215308202,-2.780256607338666,0.23113439203046404,12.82196083481354,23.09666687359651,28.951451668208207,,77.27960226361202,70.235,63.19039773638797,68471.0,64390.8,0.2948985701976019,67.76708597464342
2026-04-02,6907,123.0,123.0,117.0,121.5,341545.0,41135491.0,121.3,132.6,115.335,69.55166666666668,57.65083333333334,51.70041666666667,17.948717948717942,62.10045662100457,15.974266779306475,18.856603842295222,-2.8823370629887464,35.550812797494366,27.826960805943067,54.965690922889536,,165.75004683493245,115.335,64.91995316506754,412327.0,704477.9,0.8283352775830833,120.43944721778975
2026-04-02,6910,29.6,30.0,29.6,29.9,45554.0,1355055.0,29.71,30.139999999999997,31.115,33.27916666666666,33.78958333333333,34.04479166666667,75.0,40.66666666666666,-1.0675024751743472,-1.0025136997324313,-0.06498877544191584,9.421476371952428,27.253870332424935,59.160611646146194,,34.26127599418408,31.115,27.96872400581591,42932.4,97616.9,1.0610634392673133,29.746125477455326
2026-04-02,6913,124.5,129.0,122.0,126.0,872249.0,109267860.0,119.7,116.6,115.825,116.125,116.0625,116.03125,81.81818181818181,56.060606060606055,1.3685512248526237,-0.11978508769227596,1.4883363125448996,30.850579172669157,17.50400134865261,20.37389385609618,,127.96139589265128,115.825,103.68860410734872,554349.4,317560.85,1.5734643169091551,125.27140759118096
2026-04-02,6914,149.5,150.5,148.0,148.5,31798.0,4744488.0,149.5,149.4,146.975,145.35833333333332,146.3375,142.57291666666666,50.0,67.34693877551021,1.4930048064693437,1.4801310264429752,0.01287378002636852,27.780006369344346,22.265499435649698,22.025377779483275,,154.6833345187298,146.975,139.2666654812702,76166.6,89808.1,0.41747957766265,149.2071199446506
2026-04-02,6916,17.35,17.5,17.25,17.3,26070.0,451677.0,17.630000000000003,17.77,18.047500000000003,18.1875,18.221666666666668,20.133958333333336,36.58536585365847,50.94339622641511,-0.18420307884409937,-0.11546838020609675,-0.06873469863800262,28.60230372974431,21.972658275005873,19.058032577945013,,19.10055320503388,18.047500000000003,16.994446794966127,24098.0,55833.25,1.081832517221346,17.32554660529344
2026-04-02,6919,96.0,103.0,94.5,95.8,47321422.0,4644830104.0,87.34,92.22999999999999,116.915,147.11333333333332,160.59416666666667,440.74916666666667,54.74683544303798,28.743961352656996,-17.965593822655748,-16.54047563181229,-1.4251181908434596,24.083925346020493,41.413515780318654,39.21517724855327,,173.124692927034,116.915,60.70530707296601,26901435.6,12689422.1,1.7590667912161535,98.15491394151258
2026-04-02,6922,164.0,166.0,162.0,165.0,74133.0,12201460.0,162.9,162.95,161.25,158.10833333333332,157.05416666666667,156.52708333333334,57.142857142857146,55.04587155963303,1.5483274474020732,1.1822787076948964,0.3660487397071768,24.30382813010872,21.087694121470978,14.593440502707109,,172.2260504832352,161.25,150.2739495167648,49679.8,53931.5,1.492216152238938,164.58877962580766
2026-04-02,6923,76.0,76.0,74.7,74.7,182330.0,13679963.0,75.82,78.05,83.55,93.77833333333335,99.25916666666667,90.46375000000002,22.972972972972997,20.000000000000014,-5.0226235797061065,-4.42834270684018,-0.5942808728659266,8.19942687931493,44.69533207864601,45.15178690974247,,96.1141930647546,83.55,70.98580693524539,163242.4,226193.0,1.1169279549920854,75.02859101628914
2026-04-02,6924,79.7,80.5,76.5,79.5,31000.0,2445400.0,80.04,77.92999999999999,71.47,,,,74.99999999999996,80.17492711370261,4.510675566851248,3.7467888219798304,0.7638867448714173,46.32911020162504,24.211442451308958,30.43375251294823,,87.9546467644099,71.47,54.9853532355901,39117.2,29734.85,0.7924902600390622,78.88387096774194
2026-04-02,6925,70.1,72.5,69.7,69.8,53043.0,3726461.0,72.72,74.02000000000001,73.71000000000001,80.08999999999999,81.845,82.7225,32.37410071942445,41.10169491525424,-2.111395887484292,-1.9509452538504228,-0.16045063363386936,13.588852493873722,21.923443997707476,39.14772583227885,,79.87915928760054,73.71000000000001,67.54084071239947,68625.8,88898.1,0.7729308802228899,70.25358671266709
2026-04-02,6928,48.4,48.4,46.4,46.4,60083.0,2839829.0,46.559999999999995,46.455,48.4825,50.6375,55.141666666666666,54.6,56.249999999999986,44.557823129251695,-1.3414124186736984,-1.2660654000560683,-0.07534701861763016,23.92433786870295,23.64827100800061,10.819334377867959,,53.47747378951144,48.4825,43.48752621048856,81123.4,121605.85,0.74063710347446,47.26509994507598
2026-04-02,6929,30.3,30.3,29.0,29.8,13800.0,406759.0,30.439999999999998,31.55,,,,,0.0,37.162162162162176,-0.6875456552477281,-0.45017061562236366,-0.2373750396253645,11.143732620805615,19.374212013701193,24.894965864648277,,,,,10880.0,,1.2683823529411764,29.475289855072464
2026-04-02,6931,50.5,50.8,49.8,50.5,79269.0,3987914.0,50.64,50.97,51.735,57.945,56.02125,56.58979166666666,50.0,37.93103448275864,-1.4912801854660387,-1.6940789734294974,0.20279878796345874,20.166265512608675,24.350807401968584,8.22208533398241,,54.499645213745495,51.735,48.970354786254504,84552.4,201098.25,0.9375133053585706,50.30862001539063
2026-04-02,6933,131.0,139.5,127.0,139.5,337257.0,45946923.0,130.5,128.6,131.2,142.43333333333334,162.9,165.03333333333333,69.73684210526315,60.526315789473685,-2.5595706805684983,-3.701661065963639,1.1420903853951407,31.32913687008063,22.00509336055807,11.692488297020965,,143.97085497694837,131.2,118.42914502305159,164083.6,123734.1,2.055397370608641,136.23712183883507
2026-04-02,6937,249.0,251.5,240.5,240.5,374148.0,91830223.0,245.0,254.0,251.6,229.88333333333333,238.25833333333333,226.92916666666667,40.90909090909091,53.38345864661654,4.2286993107287,7.5641707943389225,-3.335471483610222,24.73498323459131,21.899913818917536,24.914505995980186,,280.7793005218996,251.6,222.42069947810043,520674.8,828437.95,0.7185828851329084,245.43823032596725
2026-04-02,6949,578.0,578.0,556.0,562.0,103713.0,58479366.0,566.0,562.0,585.55,500.5083333333333,446.92083333333335,306.9829166666667,75.34246575342465,50.43859649122807,1.500192650797885,8.51601324761762,-7.015820596819735,22.843881827013902,23.989076190807218,19.62227545341014,,681.903461140142,585.55,489.1965388598579,122606.0,240993.5,0.8459047681190154,563.8576263342107
2026-04-02,6951,78.5,78.7,78.5,78.6,18718.0,1471893.0,78.86,78.97,77.715,75.45333333333333,75.01583333333333,73.41124999999998,41.93548387096781,67.92452830188677,0.7952281096955147,0.868918005353532,-0.07368989565801731,34.28907374575367,23.16252394360764,29.145084662329047,,81.53587066407344,77.715,73.89412933592656,52113.0,112172.85,0.35918101049642126,78.63516401324928
2026-04-02,6952,38.3,38.35,38.05,38.05,3000.0,114700.0,38.529999999999994,39.05,40.2125,,,,15.789473684210648,33.333333333333385,-1.2133524215001188,-1.072829366393609,-0.14052305510650975,28.54951762758691,42.27498693817123,21.08871281572451,,43.615420572251374,40.2125,36.80957942774862,113906.4,47085.6,0.026337413876656626,38.233333333333334
2026-04-02,6953,217.0,217.5,200.0,203.0,151388.0,31378327.0,208.9,213.8,219.0,223.2,224.35,224.925,35.526315789473685,35.365853658536594,-4.6649108286189005,-2.703303903744319,-1.9616069248745815,12.287904242618287,24.659192151013258,26.367582977881362,,238.07878402833936,219.0,199.92121597166064,113632.8,75070.55,1.3322561795537908,207.270899939229
2026-04-02,6955,163.5,163.5,162.0,162.0,11009.0,1793967.0,164.3,,,,,,0.0,44.444444444444436,-0.43641688461192985,0.721949029462116,-1.1583659140740459,16.64780301403207,29.2373589079521,20.87596278024951,,,,,7906.2,,1.3924514937643875,162.95458261422473
2026-04-02,6957,156.5,158.0,156.0,156.0,40716.0,6385764.0,157.9,159.9,165.25,185.65833333333333,186.525,179.8375,37.83783783783784,45.55555555555555,-6.876724266699085,-7.031149157262058,0.15442489056297237,16.65144954064166,33.54540715310062,29.899301343768055,,180.95953448337315,165.25,149.54046551662685,35802.4,101057.35,1.1372421960538959,156.83672266430887
2026-04-02,6958,17.9,18.0,17.6,17.95,151424.0,2700864.0,17.509999999999998,17.365000000000002,17.302500000000002,16.273333333333333,16.994999999999997,19.447916666666668,94.73684210526308,77.64705882352942,0.3760523264544453,0.3387098197305895,0.037342506723855806,29.821638357006353,17.457729600660198,20.44575200731993,,18.58701301441789,17.302500000000002,16.017986985582112,126192.8,120409.8,1.19994167654573,17.83643279797126
2026-04-02,6961,57.2,57.2,56.8,56.9,27670.0,1578743.0,57.4,58.0,57.81999999999999,57.44500000000001,57.27250000000001,57.18625,32.00000000000007,28.813559322033967,-0.026892827386603813,0.20447266058557478,-0.2313654879721786,26.947261907959273,29.526916706353195,28.959018452565722,,61.77958530524013,57.81999999999999,53.860414694759854,29402.0,81733.65,0.9410924426909734,57.056125767979765
2026-04-02,6962,33.5,33.65,32.45,32.6,2124569.0,69491976.0,33.42,32.089999999999996,32.3675,37.08833333333333,40.06666666666667,46.200208333333336,64.96350364963507,63.0630630630631,-1.0740127511683113,-1.5390723775361286,0.4650596263678173,29.27141677441568,29.62433832174904,23.9522231686978,,36.44068251364538,32.3675,28.29431748635462,5231426.2,3163998.6,0.4061165958911931,32.7087404551229
2026-04-02,6967,68.6,71.0,66.3,70.5,294452.0,20333107.0,69.05999999999999,70.44,69.015,69.12166666666667,69.26083333333332,69.33041666666668,46.51162790697672,53.81679389312977,0.37583129633982537,0.2661869341482268,0.10964436219159857,27.16693768373465,19.50380933382645,31.902149309806806,,73.95858702073497,69.015,64.07141297926503,206871.2,183275.95,1.42335907559873,69.05406314102129
2026-04-02,6968,46.25,46.3,45.5,45.8,19269.0,885831.0,46.07,46.755,47.2,48.29666666666667,48.548333333333325,48.674166666666665,0.0,39.65517241379309,-0.6659949105688838,-0.5099554735788542,-0.15603943699002965,12.100819918169028,23.953826841235625,31.795966944516824,,49.51289292536657,47.2,44.887107074633434,26161.4,51344.2,0.7365431513604012,45.97182002179667
2026-04-02,6969,28.5,28.5,28.1,28.15,24000.0,678200.0,28.28,28.22,29.155,,,,52.38095238095225,25.352112676056265,-0.780568686472602,-0.8055231560270414,0.024954469554439362,21.09593571996416,30.07665848409679,19.05827458936637,,31.810262897083053,29.155,26.49973710291695,53134.4,97565.5,0.4516847842452347,28.258333333333333
2026-04-02,6971,29.4,29.55,29.25,29.3,27065.0,795711.0,29.48,29.669999999999998,29.8525,29.855000000000004,29.852500000000003,29.85125,33.33333333333346,32.07547169811323,-0.13170787002004047,-0.04984979426689624,-0.08185807575314424,15.04436607363306,21.824722933698588,37.27780849703657,,30.448517484731166,29.8525,29.256482515268832,28639.0,37414.9,0.9450399804462446,29.4
2026-04-02,6982,54.8,55.0,53.8,54.3,44612.0,2419245.0,53.3,53.04,54.29,57.065000000000005,57.63250000000001,57.916250000000005,69.04761904761904,42.39999999999998,-1.1354171143323484,-1.3457540502951795,0.2103369359628311,23.15929534552835,19.239488630037567,20.287096492685574,,59.19537835871046,54.29,49.38462164128954,55167.2,75868.45,0.8086689192128657,54.228570788128756
2026-04-02,6988,14.0,15.35,14.0,15.35,96235.0,1411776.0,14.289999999999997,14.23,14.790000000000001,15.645833333333334,,,71.4285714285714,62.03703703703703,-0.6173940856293338,-0.693485500687239,0.07609141505790518,27.44734680181879,28.680335483861967,21.46628034806941,,17.345818954135126,14.790000000000001,12.234181045864878,48622.4,45608.95,1.9792317943992892,14.670088845014808
2026-04-02,6994,69.3,70.4,65.6,65.6,2305492.0,153393007.0,70.84,72.75,78.62,88.00500000000001,90.43666666666667,,37.70491803278687,35.55555555555554,-5.000348894998737,-4.229905609422182,-0.7704432855765555,18.31957104803436,38.527829434060635,20.489973239508693,,93.02578831033199,78.62,64.21421168966802,658318.6,974240.7,3.5020915404790327,66.53374073733502
2026-04-02,6996,169.5,174.0,169.5,173.0,150050.0,25824653.0,170.7,168.9,169.025,165.8,164.9,164.45,75.86206896551724,41.463414634146346,1.4319648124227626,1.120999676602216,0.3109651358205465,21.65778857224608,16.364168009436174,32.40691908073973,,178.16412929170656,169.025,159.88587070829345,112230.0,115384.95,1.3369865454869465,172.10698433855381
2026-04-02,6997,82.2,82.4,82.2,82.4,4000.0,329300.0,82.34,,,,,,36.00000000000023,64.44444444444457,-1.1562443973082281,-0.98248360344451,-0.17376079386371812,8.992399412059463,16.54281724533759,45.74554016367424,,,,,3400.0,,1.1764705882352942,82.325
2026-04-02,7402,114.0,116.0,114.0,115.0,208218.0,23982915.0,118.3,119.25,122.9,122.99166666666666,123.24583333333334,123.37291666666667,28.0,34.375,-1.8763944894249107,-1.1311177770788488,-0.745276712346062,17.747781165830173,21.794157920453287,30.27815141112576,,137.22553847614736,122.9,108.57446152385265,347330.8,639459.35,0.5994803800872253,115.1817566204651
2026-04-02,7547,71.3,71.9,67.4,68.3,342465.0,23714354.0,73.36,72.05,63.27,57.31166666666666,55.655833333333334,54.82791666666667,48.05653710247348,66.46464646464646,4.736824554725672,4.3180921163471995,0.4187324383784725,30.827584739407627,15.484450599762619,56.97643485530307,,83.78044406612091,63.27,42.759555933879106,1106679.0,575391.95,0.3094528765793875,69.24606602134524
2026-04-02,7556,184.5,199.0,184.5,199.0,262340.0,51558083.0,189.0,181.45,178.3,168.76666666666668,166.13333333333333,164.81666666666666,78.0952380952381,61.904761904761905,6.345411071957955,3.886480889625049,2.4589301823329057,31.142262839449458,13.866666810432267,36.75903133652402,,197.8324291749315,178.3,158.76757082506853,186404.0,106331.5,1.4073732323340702,196.5315354120607
2026-04-02,7584,33.85,33.9,32.5,33.7,29075.0,967317.0,33.47,34.025,35.06,36.97666666666667,37.438333333333325,37.66916666666667,32.075471698113276,36.81318681318682,-1.0393607436059682,-0.9846864105331687,-0.05467433307279945,5.386485450541247,18.06385181601192,53.52653967492697,,38.87735648404957,35.06,31.24264351595043,37645.0,48738.65,0.7723469252224731,33.269716251074804
2026-04-02,7642,72.8,74.7,72.8,73.1,30614.0,2243916.0,73.84,73.51,74.875,78.33500000000001,79.2675,79.73375000000001,58.20895522388054,36.84210526315786,-1.4266956747597277,-1.4659165151227047,0.039220840362977016,18.258228052791477,20.820517856522258,39.65877155298578,,79.14182428436942,74.875,70.60817571563058,23168.4,21413.3,1.321368760898465,73.29705363559155
2026-04-02,7703,218.5,218.5,210.5,215.0,436991.0,93468541.0,217.6,213.7,208.425,208.425,209.2125,209.60625,59.13978494623657,59.3939393939394,3.1198091158430827,1.7124190950351825,1.4073900208079002,27.557001131076298,15.952146608373017,38.19823101675525,,227.0155323951963,208.425,189.83446760480373,509994.6,224779.2,0.8568541706127869,213.89122659276737
2026-04-02,7704,50.9,55.9,50.9,55.9,517318.0,27513181.0,51.54,48.315000000000005,46.5625,45.49333333333333,45.17166666666667,45.01083333333334,100.0,84.7560975609756,2.0526617216027176,0.7698907321262732,1.2827709894764445,34.07200741005196,10.017583991580535,40.44601736992612,,54.73168954944349,46.5625,38.39331045055651,318590.8,116628.7,1.623769424603598,53.18427156990478
2026-04-02,7705,34.6,34.95,34.6,34.65,12775.0,443407.0,34.69,34.86,35.977500000000006,38.64416666666667,40.29958333333333,47.95729166666667,52.94117647058809,38.679245283018865,-1.1819436321158818,-1.1716440687430376,-0.010299563372844212,24.07946521415167,33.96343737132457,25.4921640791227,,38.97161264422439,35.977500000000006,32.98338735577562,25613.4,59426.95,0.4987623665737465,34.70896281800391
2026-04-02,7708,91.7,92.1,91.6,92.1,18577.0,1703838.0,92.11999999999999,92.45,92.39000000000001,93.45333333333333,93.77666666666666,93.93833333333333,42.857142857142854,43.1372549019608,-0.3198077138283537,-0.3212832840009592,0.001475570172605467,21.65638631622478,20.183431817430943,21.43268554836952,,93.60897282038701,92.39000000000001,91.17102717961302,12946.2,18834.85,1.4349384375337937,91.71760779458471
2026-04-02,7709,74.3,76.4,71.2,72.6,728189.0,53562177.0,70.47999999999999,63.019999999999996,59.55499999999999,59.35166666666667,58.67583333333334,58.337916666666665,100.0,75.12077294685992,2.9932664915950937,0.8353733379324444,2.1578931536626493,33.51055334530606,13.446975816928372,36.024214066885484,,74.88003627539278,59.55499999999999,44.2299637246072,974313.4,371794.45,0.7473868264564564,73.55532286260848
2026-04-02,7712,117.0,117.5,109.5,111.0,391839.0,43944168.0,111.7,116.75,110.88499999999999,92.47333333333333,87.48666666666666,84.99333333333334,35.294117647058826,54.41176470588235,6.003413165295271,7.595972501165444,-1.592559335870173,22.046836752991087,17.700025877997977,41.40566322051586,,134.60017613148517,110.88499999999999,87.16982386851481,530103.4,1020624.3,0.739174659132539,112.14853039130867
2026-04-02,7713,67.8,68.2,66.5,68.2,14000.0,940300.0,69.06,70.92,70.69500000000001,,,,19.999999999999957,41.80327868852458,,,,16.874419826427552,38.410686640705464,,,74.51322499405984,70.69500000000001,66.87677500594017,14400.0,13823.7,0.9722222222222222,67.16428571428571
2026-04-02,7714,127.5,129.0,127.0,127.5,70793.0,9038457.0,130.5,130.8,135.525,143.06666666666666,145.53333333333333,146.76666666666668,42.42424242424243,34.14634146341464,-4.014949671638419,-3.56167624710304,-0.4532734245353791,14.461501911598546,24.259179000757495,39.44713614599942,,148.7098198199371,135.525,122.3401801800629,84675.8,81516.4,0.8360476074628169,127.67444521350981
2026-04-02,7715,29.0,29.0,28.6,28.75,23336.0,670276.0,28.869999999999997,29.155,30.047499999999996,30.800833333333333,31.02541666666667,31.137708333333332,27.272727272727153,9.43396226415095,-0.6141044931433193,-0.4869181732437534,-0.12718631989956586,11.955405031025732,23.478545689366985,37.3746785451827,,32.22573564526792,30.047499999999996,27.869264354732074,22001.6,54777.55,1.0606501345356703,28.722831676379844
2026-04-02,7716,,,,,,,,,,,,,28.57142857142857,31.37254901960786,,,,19.33054718133909,28.973575984842782,8.629267450777286,,,,,,,,
2026-04-02,7717,910.0,959.0,892.0,924.0,1393221.0,1295343197.0,841.2,737.4,711.6,640.7166666666667,621.8583333333333,612.4291666666667,100.0,71.24600638977635,57.873231075050626,26.989084264018715,30.88414681103191,36.75143111477867,14.292216757551124,34.05925379330339,,944.0608852213522,711.6,479.1391147786478,1464532.6,618766.65,0.9513076048972894,929.7471090372597
2026-04-02,7718,47.5,47.7,47.1,47.7,18100.0,857876.0,47.739999999999995,49.11,47.4225,45.505,45.002500000000005,44.75125,59.374999999999986,55.4524361948956,0.754446531340399,0.9556192515963258,-0.2011727202559268,24.719047110495136,17.674742490555566,51.1239202899235,,53.392113846278846,47.4225,41.45288615372115,21060.0,110628.7,0.8594491927825261,47.39646408839779
2026-04-02,7722,309.0,309.5,297.5,300.0,133649.0,40154128.0,307.9,316.0,347.825,465.1333333333333,523.4833333333333,593.8895833333333,32.222222222222214,19.70443349753694,-40.40036438653436,-41.5387698665069,1.1384054799725334,9.716423678858321,38.282680906041115,48.92965089158967,,428.1619712359787,347.825,267.4880287640213,143355.8,192064.8,0.9322887528792,300.44465727390406
2026-04-02,7723,34.8,35.0,34.5,34.65,41297.0,1434937.0,34.65,34.455,32.9125,32.471666666666664,32.31083333333333,32.23041666666666,51.851851851851755,78.94736842105264,0.7390113261815898,0.5245227031027067,0.21448862307888317,25.372602090525014,16.227342851146904,43.92179941745944,,36.516426951768594,32.9125,29.30857304823141,107178.2,126084.1,0.3853115652250178,34.74676126595152
2026-04-02,7728,854.0,879.0,813.0,857.0,587689.0,498781698.0,810.6,796.1,784.65,804.5666666666667,810.2833333333333,813.1416666666667,61.224489795918366,58.47457627118644,7.585329198863747,-5.4125383443886435,12.99786754325239,29.933195859837898,12.327138109307857,48.87118842711454,,903.8036381051127,784.65,665.4963618948873,575213.4,607914.1,1.0216886463354296,848.7170901616331
2026-04-02,7732,34.95,34.95,34.0,34.0,3002.0,103469.0,34.27,35.32,36.5325,,,,33.33333333333333,39.682539682539684,-1.0546324679120076,-0.8120938473191155,-0.2425386205928921,24.212207427514475,37.1995594226713,15.59941219457043,,39.90784013880551,36.5325,33.157159861194486,5883.6,15123.25,0.5102318308518594,34.46668887408394
2026-04-02,7734,2555.0,2695.0,2555.0,2695.0,181550.0,487858290.0,2386.0,2070.5,1870.25,1505.9166666666667,1402.9583333333333,1351.4791666666667,99.52153110047847,76.16580310880829,268.6555428413733,168.03155381842328,100.62398902295001,43.47679842053794,9.252915384741367,46.247498283231046,,2621.953153897167,1870.25,1118.5468461028333,460930.0,448355.4,0.3938775952964658,2687.184191682732
2026-04-02,7738,190.0,190.0,182.0,188.0,43480.0,8141288.0,186.0,189.25,181.825,173.28333333333333,171.14166666666668,170.07083333333333,51.851851851851855,64.17910447761194,4.485828471107823,4.644805998039208,-0.1589775269313849,26.572083179726093,18.42439524457909,37.082482783726576,,204.30370337148398,181.825,159.346296628516,39288.0,56364.55,1.1066992465892893,187.2421343146274
2026-04-02,7743,20.05,20.15,20.0,20.0,16007.0,321054.0,20.27,20.165,20.2875,20.305833333333336,20.30291666666667,20.301458333333336,47.82608695652171,49.549549549549546,-0.05810559604195831,-0.022941213970114886,-0.03516438207184342,32.40130542756008,14.788252413391401,47.54693009917136,,21.130973395206425,20.2875,19.444026604793578,16604.2,20001.2,0.9640331964201828,20.0571000187418
2026-04-02,7744,480.5,503.0,473.0,496.0,231556.0,114416229.0,472.0,469.15,464.475,362.9,332.45,317.225,72.18934911242604,59.437751004016064,29.736522418208608,31.53241448373406,-1.7958920655254502,31.59065314089144,12.678561304829374,56.755037845997286,,526.2977304476262,464.475,402.6522695523738,183733.6,209142.7,1.2602811897225112,494.11904247784554
2026-04-02,7747,115.0,116.5,112.5,116.5,17954.0,2059459.0,117.2,117.85,118.15,118.95,119.225,119.3625,27.272727272727266,45.16129032258065,-0.4773611626285259,-0.2712259393482545,-0.2061352232802714,6.149628573439251,19.070440368439197,47.44827759702843,,120.55831891575858,118.15,115.74168108424143,17572.4,9148.55,1.0217158726184243,114.70753035535257
2026-04-02,7751,1975.0,2030.0,1930.0,1995.0,400901.0,793290320.0,1821.0,1701.5,1455.5,1050.4333333333334,946.2166666666667,894.1083333333333,83.33333333333333,75.56270096463022,242.5754006063628,193.6834769214393,48.89192368492348,42.82801923424457,11.312483166396289,61.13345249664594,,2085.662051004594,1455.5,825.3379489954059,275740.6,427208.1,1.4539063162987245,1978.7686236751717
2026-04-02,7753,40.0,40.6,39.8,40.0,22193.0,888234.0,39.739999999999995,39.745000000000005,40.63,42.27166666666667,42.685833333333335,42.89291666666667,77.7777777777776,25.000000000000057,-0.7681364138847115,-0.7944837562036563,0.026347342318944755,14.591674653812312,20.29732395768285,52.054438349308555,,43.03403170134107,40.63,38.225968298658934,22515.8,21614.3,0.9856634008118743,40.02316045599964
2026-04-02,7757,108.5,110.5,108.5,109.0,18630.0,2043135.0,108.9,107.7,107.9,108.725,108.8625,108.93125,85.71428571428571,43.99999999999999,-0.01607434439117128,-0.2634747077344697,0.2474003633432984,20.4520806784016,14.636240132538383,35.06714135473543,,110.60671679151582,107.9,105.19328320848419,29178.0,33443.6,0.6384947563232573,109.66908212560386
2026-04-02,7767,44.35,44.35,44.1,44.3,22000.0,974200.0,44.3,,,,,,100.0,57.14285714285699,-0.772416587754897,-0.7238596417862191,-0.04855694596867788,26.373644147857554,19.38350076875984,33.98116458085826,,,,,19400.0,,1.134020618556701,44.28181818181818
2026-04-02,7770,45.5,46.7,45.5,46.55,39281.0,1819408.0,48.48,48.47,48.675,52.405,53.5525,54.126250000000006,43.13725490196078,44.71299093655589,-1.1566003742291144,-1.137238317798016,-0.01936205643109834,24.312568107017633,27.69271833716974,53.068479670818014,,51.92615364140182,48.675,45.423846358598176,52768.6,29654.6,0.7444010263679537,46.31776176777577
2026-04-02,7777,25.0,25.0,24.5,24.75,422386.0,10422987.0,25.360000000000003,26.28,28.1975,33.16833333333333,34.409166666666664,35.02958333333333,22.222222222222214,35.13513513513513,-2.335843748704555,-2.141391364409039,-0.19445238429551592,11.856009885734865,22.57280515720656,34.798627970253506,,33.887794137249955,28.1975,22.507205862750048,533431.6,1000264.85,0.7918278557175841,24.676449977035222
2026-04-02,7782,28.0,28.15,28.0,28.05,37055.0,1041965.0,27.309999999999995,27.014999999999997,,,,,78.18181818181816,56.521739130434796,0.0431612129660941,-0.058280677727296254,0.10144189069339035,33.314851710397264,17.58522137523072,43.374590120550614,,,,,44633.0,,0.8302153115407882,28.119417082714882
2026-04-02,7792,348.5,368.0,342.5,359.0,748291.0,266584783.0,340.1,325.65,333.225,339.475,343.2375,345.11875,90.97222222222223,52.3219814241486,1.0535040088287815,-3.7405235341474796,4.794027542976261,21.803103982437975,13.14406536950122,31.70293896951047,,376.3276620254969,333.225,290.1223379745031,509774.6,321621.3,1.4678860029511083,356.25817095220975
2026-04-02,7805,704.0,717.0,695.0,697.0,137767.0,97053411.0,692.2,672.4,652.75,605.8,591.9,584.95,77.55102040816327,66.21160409556313,23.882418521624345,20.38223030645915,3.5001882151651955,33.713981473279844,12.159666820847706,47.80231700256951,,734.1169401376777,652.75,571.3830598623223,140460.2,126477.95,0.9808258851973726,704.4750266754738
2026-04-02,7810,253.5,253.5,243.0,246.0,251400.0,61762099.0,254.2,249.05,223.625,211.34166666666667,209.17083333333332,208.08541666666667,28.181818181818187,65.4353562005277,14.458474089863586,11.300503938579004,3.157970151284582,26.025731666771534,16.564731776874787,43.55478195931108,,291.5071540767915,223.625,155.74284592320848,482440.0,441962.45,0.5211010695630545,245.6726292760541
2026-04-02,8011,20.5,20.6,19.8,20.1,965826.0,19455833.0,20.44,20.415,20.5075,21.4,21.829166666666666,21.682916666666664,47.72727272727278,51.2820512820513,-0.20894896267921226,-0.24775845956503773,0.03880949688582547,16.40943240275131,22.466888714097028,9.311134606650011,,21.46241801797474,20.5075,19.55258198202526,1801945.4,1460012.65,0.5359907131481343,20.14424233764674
2026-04-02,8016,194.5,196.0,190.0,191.0,403010.0,77216678.0,194.7,196.05,195.9,188.86666666666667,195.70833333333334,200.14583333333334,40.54054054054054,51.16279069767442,0.7821532335952099,1.7268861247078062,-0.9447328911125963,20.991781035005154,22.2231442904867,14.586107684309749,,203.47836255053312,195.9,188.3216374494669,511364.8,595565.1,0.7881066510639763,191.59990570953573
2026-04-02,8021,250.0,259.0,242.5,242.5,13313455.0,3363868273.0,253.3,250.8,244.075,200.70833333333334,154.43916666666667,98.44479166666666,57.93103448275862,59.06432748538012,10.936533839908236,12.811932566123456,-1.87539872621522,27.85054034018144,18.98706901323447,26.804897095941207,,272.56188525582996,244.075,215.58811474417,15542433.6,14890367.55,0.8565875423781769,252.66681511298157
2026-04-02,8024,13.0,13.45,12.7,12.95,114722.0,1491545.0,12.88,12.86,12.8625,13.0725,13.111250000000002,13.130625,79.99999999999972,55.99999999999994,-0.04857267103922602,-0.06937863472725016,0.020805963688024134,8.697692002789331,7.804961233540047,20.97280646380942,,13.188359188187654,12.8625,12.536640811812347,83233.2,56122.1,1.378320189539751,13.001385959101132
2026-04-02,8027,152.0,157.0,148.0,152.5,14388180.0,2183526803.0,147.0,129.65,113.915,113.955,115.4775,116.23875,100.0,90.23383768913342,11.145903772919809,5.1118259034182465,6.034077869501562,38.15582697500076,6.408384171668112,50.807939935248534,,157.12246889625746,113.915,70.70753110374255,13445308.0,6332355.9,1.070126470884862,151.7583740959593
2026-04-02,8028,179.0,180.5,170.0,170.0,8528090.0,1485718164.0,181.6,184.4,181.4,172.39166666666668,171.2625,152.67000000000002,37.89473684210526,56.21301775147929,2.129096563928698,3.5455870140771633,-1.4164904501484652,21.882629311657272,23.031208233331327,16.827832400467056,,199.29030904972464,181.4,163.50969095027537,10274419.0,9724047.05,0.8300313623573264,174.2146440762234
2026-04-02,8032,34.0,34.35,33.8,34.35,63124.0,2151079.0,34.480000000000004,34.655,35.45,36.345000000000006,36.5725,36.686249999999994,44.44444444444436,40.86021505376344,-0.6052195068482504,-0.5209659297522441,-0.08425357709600634,21.59032203495721,27.567302620566704,18.741903981773188,,37.7420916671299,35.45,33.15790833287011,57674.4,59762.65,1.0944890627384074,34.07703884417971
2026-04-02,8033,139.0,140.0,133.0,134.0,2281017.0,308688345.0,138.4,144.15,146.3,144.7,143.2625,107.66583333333332,29.6875,47.747747747747745,-2.014997992444563,-0.5200413866201483,-1.4949566058244148,28.180441069886346,24.965245014626618,19.782403433652267,,163.05960054793462,146.3,129.5403994520654,2675834.0,4253520.85,0.8524508620489911,135.3292610269893
2026-04-02,8034,24.2,24.6,24.15,24.45,607529.0,14778739.0,24.2,24.215,25.1875,24.139166666666668,23.869583333333335,23.73479166666667,67.24137931034484,39.655172413793096,-0.09106112125945032,0.03255193581241017,-0.12361305707186049,21.4365809625688,22.60603572188776,30.605213011719442,,28.020923631172046,25.1875,22.354076368827954,534717.4,1134557.95,1.1361683760431212,24.32598114657901
2026-04-02,8038,39.3,41.2,39.3,41.0,456982.0,18610206.0,40.91,41.95,42.12,45.5725,46.61125,47.130624999999995,36.70886075949371,50.0,-1.1520370414398826,-1.1446654940353398,-0.007371547404542822,13.593055113089065,23.272538520001067,38.72948989814092,,45.31282089431245,42.12,38.92717910568754,411589.2,495125.9,1.110286664470302,40.72415543719446
2026-04-02,8039,111.5,122.0,111.5,122.0,16524819.0,1979555766.0,112.7,113.05,109.205,94.85499999999999,79.105,62.55625,75.0,69.98420221169036,5.806382312271339,6.001498104651205,-0.1951157923798661,28.37351317818141,16.761206115204374,26.516501120674693,,127.18750319206522,109.205,91.22249680793477,10195739.0,19330576.7,1.6207573575588783,119.79288644553384
2026-04-02,8040,48.4,48.4,47.1,47.15,266942.0,12695093.0,47.980000000000004,48.595,49.0125,47.37083333333333,46.98541666666667,46.79270833333333,8.1967213114754,40.213523131672595,0.10170620999305413,0.4592620180024515,-0.35755580800939735,16.482669822299194,18.861215772283675,26.240394326996913,,51.73025352276951,49.0125,46.2947464772305,217365.2,209949.85,1.2280806679266045,47.557495635756084
2026-04-02,8042,56.7,57.6,55.7,56.0,1119198.0,63237258.0,55.58,55.07000000000001,55.394999999999996,55.16166666666667,55.08083333333333,55.040416666666665,65.55555555555554,53.91705069124425,0.06874571005084817,-0.08497929296840552,0.15372500301925368,17.131348488622766,18.51098685864895,19.977132799628432,,60.33782041796083,55.394999999999996,50.452179582039165,1143118.8,1252202.8,0.9790740909868685,56.502297180659724
2026-04-02,8043,74.4,74.4,74.4,74.4,1042693.0,77576289.0,73.06,72.99,72.425,74.89,75.99499999999999,76.54749999999999,75.67567567567573,59.541984732824424,-0.1306537930621232,-0.5902343494893597,0.4595805564272365,23.13036963357728,23.55436611418471,24.760741195975633,,78.83843162925729,72.425,66.01156837074271,901215.8,1726260.15,1.1569848198400428,74.39993267433464
2026-04-02,8044,22.5,22.65,22.1,22.2,413130.0,9197999.0,22.68,22.86,24.4075,26.450833333333332,26.925416666666663,27.16270833333333,36.95652173913039,14.655172413793068,-1.2464421847946028,-1.1156158147555637,-0.13082637003903907,10.198883477534435,30.78426566333042,52.23375400091714,,28.596618108422792,24.4075,20.218381891577206,397478.0,514602.65,1.0393782800557516,22.264175925253554
2026-04-02,8045,75.5,75.5,72.1,72.2,179639.0,13080128.0,75.3,75.07,77.34,79.17,85.39750000000001,90.60875,52.74725274725275,45.7471264367816,-1.5967716111528318,-1.2056427995054646,-0.39112881164736724,23.792390500593292,22.576213243441,9.998869419921649,,84.77346628784943,77.34,69.90653371215058,241299.4,244332.3,0.7444651747994401,72.8134091149472
2026-04-02,8046,588.0,627.0,564.0,568.0,46908295.0,27952637013.0,561.0,547.2,521.65,381.6666666666667,312.8875,219.48125,68.78048780487805,65.86433260393873,43.360439666514026,44.95198193062733,-1.5915422641133077,38.096101822639554,13.461001552919555,40.428216349424815,,618.9948022562872,521.65,424.3051977437127,26504434.4,17495769.35,1.769828183920801,595.8996593886006
2026-04-02,8047,57.0,58.7,55.0,57.5,747800.0,43228039.0,57.0,55.480000000000004,52.78249999999999,49.619166666666665,48.85958333333333,48.479791666666664,70.0,62.361623616236166,2.2892557811639946,1.8967567334368185,0.39249904772717614,20.14325691252357,12.168606019989557,41.756864027552155,,61.773447201432475,52.78249999999999,43.79155279856751,589480.0,330095.1,1.2685756938318518,57.80695239368815
2026-04-02,8048,55.2,56.8,54.7,56.3,340716.0,19036901.0,56.06,57.6,59.385000000000005,56.135,55.2675,54.83375,43.99999999999998,32.835820895522374,-0.17411656977547096,0.5003647305922454,-0.6744813003677164,19.816073885649125,22.90960853664251,33.44371898856348,,66.051893855778,59.385000000000005,52.71810614422201,368229.6,1075432.7,0.9252814005175033,55.87322286009462
2026-04-02,8049,25.65,25.7,25.25,25.35,89599.0,2279542.0,25.28,25.32,25.5775,26.175833333333333,26.312916666666663,26.381458333333335,57.89473684210538,43.39622641509439,-0.26885330213210423,-0.2741445700525712,0.005291267920466969,18.794158649981203,18.68150397580552,28.186988353170356,,26.454981443798413,25.5775,24.700018556201588,82559.4,112678.4,1.0852670925418548,25.44160091072445
2026-04-02,8050,40.5,41.2,40.5,41.2,266817.0,10903927.0,40.85,40.895,41.1175,41.704166666666666,41.85208333333333,41.92604166666667,68.75000000000003,45.96273291925468,-0.22650454209049542,-0.2620288571678513,0.03552431507735587,18.820622855444604,23.87466711260649,30.898687288965387,,42.37585105134495,41.1175,39.85914894865505,242090.2,317467.1,1.1021387895916481,40.866687654834585
2026-04-02,8054,96.5,102.0,95.6,98.1,2362078.0,232803658.0,98.32000000000001,97.64,102.75,118.20833333333333,122.10416666666667,124.05208333333333,56.47058823529409,38.92215568862275,-5.968326948627549,-6.428259585684458,0.4599326370569088,11.536628947611687,19.06752418696349,42.3465115499007,,118.51184600463031,102.75,86.98815399536969,2313846.8,2281528.45,1.0208445952428657,98.55883590635025
2026-04-02,8059,18.0,18.25,17.6,17.7,268295.0,4752981.0,17.82,18.514999999999997,18.29,19.3,19.575,19.7125,0.0,48.124999999999986,-0.35971915802564425,-0.30827939972470886,-0.05143975830093539,11.932074599973793,13.616419647727406,29.748955364218745,,19.870672741521606,18.29,16.709327258478393,311577.0,441448.75,0.8610873074713473,17.715503457015597
2026-04-02,8064,80.0,81.9,74.3,77.8,18921942.0,1455847697.0,74.96,70.6,61.06,55.35583333333333,54.17791666666666,53.58895833333334,72.60273972602741,78.47082494969817,6.497416939837144,4.572829894741747,1.9245870450953975,32.57434702654405,8.353345713641662,45.36286539143675,,84.02951297515449,61.06,38.090487024845515,16510365.2,9798763.2,1.1460644129180135,76.93965540112109
2026-04-02,8066,18.3,18.75,18.15,18.45,135213.0,2487522.0,18.59,18.845,19.3075,20.026666666666664,20.238333333333333,20.344166666666663,7.14285714285721,17.073170731707364,-0.42866118035876255,-0.3495440585915116,-0.07911712176725094,3.660661166891346,25.508959431540063,51.25303457584105,,20.41454680640841,19.3075,18.200453193591592,88727.8,56360.95,1.5239079521863497,18.397062412637837
2026-04-02,8067,13.85,14.0,13.85,14.0,2324.0,32616.0,,,,,,,50.0,48.78048780487803,0.007880489627142495,0.1449858095512542,-0.1371053199241117,24.75643972731847,20.876607871999845,25.1741151143647,,,,,,,,14.034423407917384
2026-04-02,8068,21.2,21.5,21.05,21.4,338533.0,7199761.0,21.54,21.875,22.1325,23.109166666666667,23.40458333333333,23.55229166666667,25.80645161290319,47.154471544715435,-0.4280077164710612,-0.38258548563268524,-0.04542223083837593,15.207838362503423,20.362634608215053,18.82834205722638,,23.961009603043177,22.1325,20.303990396956824,288719.8,324885.75,1.172531291584436,21.267530787249694
2026-04-02,8069,145.5,146.5,143.0,143.0,5090107.0,732042641.0,142.7,143.15,154.95,166.40833333333333,168.45416666666668,169.47708333333333,53.57142857142858,28.431372549019613,-8.037098307570858,-7.370910295518659,-0.6661880120521992,11.595330513393032,29.542480953288536,55.39759919903947,,187.75709165954643,154.95,122.14290834045354,5396464.2,8172517.4,0.9432300134595537,143.81674903887088
2026-04-02,8070,43.4,43.75,42.65,43.0,1496515.0,64271553.0,43.92999999999999,44.045,43.435,44.473333333333336,43.86916666666666,43.078125,34.8214285714284,57.711442786069625,-0.1277537346274471,-0.14928702969646668,0.021533295069019576,18.150862343940606,31.045015897392837,20.274770037202135,,45.75382456611523,43.435,41.11617543388478,2014224.8,2448108.3,0.742973177571838,42.947483319579156
2026-04-02,8071,15.75,15.85,15.6,15.7,123079.0,1933995.0,16.02,16.270000000000003,16.6025,17.13583333333333,17.267916666666665,17.33395833333333,20.833333333333343,27.777777777777814,-0.3559642702779655,-0.2581522649456688,-0.09781200533229673,12.18191947024317,31.004164847934256,28.714338712657007,,17.70153067339023,16.6025,15.503469326609768,131447.4,216151.3,0.9363365117910283,15.713444210628946
2026-04-02,8072,28.25,28.25,26.6,26.7,180547.0,4881322.0,26.919999999999998,27.24,28.15,29.728333333333335,31.78625,36.317083333333336,43.74999999999997,47.24409448818896,-0.8883898878155279,-0.8259887880255342,-0.06240109978999364,18.411074255200184,26.154268924907036,25.670696722636734,,31.149298163519408,28.15,25.15070183648059,163772.0,184195.25,1.1024289866399628,27.03629525829839
2026-04-02,8074,65.5,68.7,65.0,66.8,11509553.0,769906075.0,62.48,60.89,62.345000000000006,63.70666666666666,64.35333333333332,64.67666666666666,83.4355828220859,53.21782178217822,-0.08711118302110776,-0.8438689844594743,0.7567578014383666,27.20595950644482,16.748882300703187,29.320555792945616,,70.95404664934081,62.345000000000006,53.7359533506592,7472131.8,4475574.1,1.5403305653682393,66.89278680066897
2026-04-02,8076,23.05,24.5,23.0,24.05,977995.0,23186381.0,24.23,25.06,24.35,23.348333333333336,23.074166666666667,22.93708333333333,28.88888888888887,56.25,0.32746779308729046,0.5075304687721892,-0.18006267568489875,18.963390251085823,23.424311406856205,30.025025000069576,,27.411991096277752,24.35,21.28800890372225,888797.0,1147080.95,1.1003581245211225,23.70807723965869
2026-04-02,8077,,,,,51.0,2149.0,,,,,,,50.0,0.0,-0.6671067021117238,-0.5580581741743156,-0.10904852793740827,2.336187912074622,7.119099674136228,41.65660381646613,,,,,,,,42.13725490196079
2026-04-02,8080,29.0,30.0,29.0,29.95,36069.0,1065980.0,29.65,29.605,30.2275,30.588333333333335,30.694166666666668,30.747083333333332,80.95238095238096,43.925233644859794,-0.2952707444021634,-0.2853258955449188,-0.009944848857244615,19.823067849866376,16.65607413550045,18.9692286259075,,31.905366753382186,30.2275,28.549633246617812,42441.4,56737.7,0.8498541518423048,29.553910560314954
2026-04-02,8081,233.0,233.5,227.5,230.5,269478.0,61852267.0,230.1,232.7,236.625,224.84166666666667,224.58333333333334,224.57041666666666,45.09803921568627,52.88461538461538,-0.4068850356397604,1.1002891774110297,-1.5071742130507901,18.485221734330025,26.980120330225322,18.881214677566554,,249.69112736087135,236.625,223.55887263912865,320416.2,455168.5,0.8410248919998426,229.52622106442826
2026-04-02,8083,169.5,171.5,169.5,171.5,194896.0,33181914.0,169.8,170.25,171.325,169.59166666666667,168.54583333333332,168.02291666666667,59.25925925925926,50.0,-0.21181011096581415,-0.1177898105539858,-0.09402030041182835,16.43087200113311,23.23068407083329,25.670810541499016,,178.6968882819876,171.325,163.95311171801237,144337.6,108973.25,1.3502787908348206,170.25446391921847
2026-04-02,8084,49.55,51.0,49.55,50.1,134295.0,6740933.0,47.65,45.89,49.06,51.98500000000001,52.7425,53.121249999999996,100.0,38.56502242152466,-1.4001478068172233,-1.8480986785063132,0.44795087168908987,21.98021109842139,19.220320047152267,36.662362157864926,,58.028400667137674,49.06,40.09159933286233,104177.0,163811.75,1.2891041208712095,50.194966305521426
2026-04-02,8085,15.05,15.05,14.5,14.75,785213.0,11556578.0,15.219999999999999,15.85,16.6,16.799166666666668,16.774583333333332,16.762291666666666,15.384615384615273,31.623931623931625,-0.5593262342240983,-0.2947872746072046,-0.2645389596168937,15.194799478272738,29.647784501429562,33.19461180859515,,18.74966337634033,16.6,14.450336623659673,632327.8,538946.9,1.2417815569709254,14.717761932112689
2026-04-02,8086,145.0,147.5,140.0,144.5,8425403.0,1213122899.0,136.8,132.35,129.8,115.95,111.975,109.9875,94.33962264150944,66.66666666666666,6.173185301987374,5.044990524084868,1.1281947779025057,32.688758084196614,16.12809973087445,33.06908982051257,,147.19449398668,129.8,112.40550601332004,7534641.8,7119994.8,1.1182221031396609,143.98396124197265
2026-04-02,8087,33.2,33.2,31.2,32.95,97499.0,3134905.0,33.410000000000004,33.885000000000005,34.2325,30.534166666666668,29.717083333333335,29.308541666666663,0.0,37.12871287128713,0.7367271297152627,1.0721234187936683,-0.3353962890784057,16.78772611084733,31.82868337976202,32.38215936444419,,37.554401009330235,34.2325,30.910598990669765,66499.4,82294.55,1.4661636044836497,32.15320157129817
2026-04-02,8088,50.0,51.9,49.6,50.4,1819413.0,92058357.0,51.12,54.15,52.817499999999995,53.64083333333334,54.02041666666666,54.21020833333333,18.33333333333333,54.53125000000001,-0.41656843987474446,0.07213665819625004,-0.4887050980709945,14.75914862294346,21.585763393887653,32.5089022143088,,62.13275489099522,52.817499999999995,43.50224510900477,2579447.8,4254710.45,0.705349803938657,50.59783402668883
2026-04-02,8089,22.95,23.3,21.7,22.0,407936.0,9057016.0,22.59,23.165,24.060000000000002,26.158333333333335,26.77916666666666,27.08958333333333,15.789473684210549,30.188679245283026,-1.0594398529220292,-0.9033543231305805,-0.15608552979144874,10.564432782247854,23.92953914379094,45.71024218463941,,26.67646607790779,24.060000000000002,21.443533922092215,294561.6,270437.1,1.3848919886366724,22.202051302165046
2026-04-02,8091,187.0,189.0,177.5,183.0,2468694.0,450783478.0,169.7,158.2,147.125,140.475,139.2375,138.61875,83.52941176470588,80.64516129032258,10.114235680315744,5.204251091479786,4.909984588835958,40.856318707112955,9.34881228642678,33.92608430706973,,181.65778381327996,147.125,112.59221618672004,1686416.4,922142.25,1.4638697773574783,182.59998120463695
2026-04-02,8092,12.0,12.0,11.7,11.8,107176.0,1261006.0,12.15,12.594999999999999,13.0475,13.930833333333334,14.165416666666665,14.282708333333334,13.636363636363669,25.0,-0.5485396143342225,-0.41501215723571994,-0.13352745709850256,6.2181650003551034,32.22642925263688,60.243450459331925,,14.473010065684704,13.0475,11.621989934315295,85705.6,93747.25,1.2505133853563828,11.765749794730164
2026-04-02,8093,20.0,20.8,20.0,20.7,63908.0,1293812.0,20.2,19.87,19.5375,19.799999999999997,19.875,19.9125,82.92682926829262,69.14893617021278,0.18789565739717418,0.016787961454373987,0.17110769594280018,22.986408528400002,14.106057101742525,18.41397631590127,,20.74575014837685,19.5375,18.329249851623153,49744.8,30270.85,1.2847171965712998,20.244914564686738
2026-04-02,8096,97.5,99.3,93.8,95.3,23796577.0,2292282109.0,93.34,89.97,80.3,75.01333333333334,74.45666666666668,74.17833333333334,92.1052631578947,89.81042654028437,6.409027058909572,4.59796215086308,1.8110649080464922,27.71122853903765,10.601426867182937,43.23511040476854,,104.11781730244466,80.3,56.48218269755533,26128346.2,23786943.75,0.9107571071604984,96.3282285935494
2026-04-02,8097,55.0,55.6,54.9,55.3,67740.0,3745627.0,55.2,55.79,55.68000000000001,55.97666666666667,56.038333333333334,56.06916666666667,69.99999999999979,52.252252252252255,-0.17488623348202736,-0.04313841608182066,-0.1317478174002067,13.666908994884752,14.337003615249595,23.903931849093933,,59.21663533230163,55.68000000000001,52.143364667698386,53444.0,153742.2,1.2674949479829354,55.29416888101565
2026-04-02,8099,66.5,68.0,66.5,67.4,161450.0,10856221.0,64.08000000000001,62.529999999999994,62.46,67.48333333333333,68.84166666666667,69.52083333333333,86.45833333333337,62.81407035175882,-0.6851204487990543,-1.7083091641192318,1.0231887153201775,25.54733624885514,15.633314235455856,42.07950567765175,,68.94963546133776,62.46,55.97036453866223,117670.0,146503.9,1.3720574487974846,67.2420006193868
2026-04-02,8101,13.65,13.9,13.65,13.7,17665.0,243759.0,,,,,,,29.166666666666615,19.44444444444443,-0.48378962952614835,-0.4542700872826216,-0.029519542243526764,25.452215338939755,50.96514671719361,18.913610307904698,,,,,8155.6,7199.1,2.165996370591986,13.798981035946788
2026-04-02,8102,58.5,59.6,57.2,59.4,55954.0,3275958.0,,,,,,,100.0,67.94258373205741,1.1471225398768041,0.23251182601903805,0.914610713857766,23.407183817661007,14.71044286143364,36.533603719859435,,,,,,,,58.547342459877754
2026-04-02,8103,81.8,81.9,78.5,79.3,492912.0,39382451.0,80.67999999999999,82.41,86.55499999999999,87.55999999999999,74.66666666666667,60.708125,42.944785276073624,44.56140350877191,-2.9168208072650117,-2.00054738597761,-0.9162734212874017,17.603270636143293,26.096363854718007,13.334878039200326,,98.99525300131985,86.55499999999999,74.11474699868013,776305.2,2200013.55,0.6349461526214175,79.89752937644042
2026-04-02,8104,33.0,33.0,32.0,32.0,436671.0,14044241.0,33.02,33.480000000000004,34.485,34.12166666666666,34.908750000000005,36.458333333333336,42.22222222222219,41.752577319587616,-0.740432862327765,-0.4641350952133613,-0.2762977671144036,25.793119427154075,25.688668215684686,13.734178096972084,,38.029914815990715,34.485,30.94008518400928,531762.2,1157342.45,0.8211772104147306,32.162064803937064
2026-04-02,8105,13.05,13.35,12.95,13.15,2428683.0,31907526.0,12.84,13.040000000000001,12.915000000000001,12.056666666666667,12.254583333333333,12.695666666666666,60.60606060606059,60.46511627906978,0.17458018899934657,0.22286546870380802,-0.04828527970446145,30.519821041138464,20.817516102511323,21.69792939570043,,13.669704543095241,12.915000000000001,12.16029545690476,1437993.4,2008643.25,1.6889389061173716,13.137789493317984
2026-04-02,8107,12.65,12.85,12.65,12.7,132871.0,1691450.0,12.879999999999999,13.080000000000002,13.507499999999999,14.663333333333332,14.981666666666667,15.140833333333335,9.090909090908909,8.69565217391289,-0.5268845454993301,-0.4853119023823931,-0.04157264311693698,4.878098662596684,25.92169213086539,73.26159959178177,,14.68146090672869,13.507499999999999,12.333539093271307,122122.6,112893.25,1.0880131932991928,12.730016331629926
2026-04-02,8109,107.5,108.0,105.5,106.0,164975.0,17580694.0,104.5,102.65,103.55,105.39166666666667,105.69583333333334,105.84791666666666,82.3529411764706,50.0,-0.341961372527507,-0.956452810527741,0.614491438000234,25.396636408681516,20.342346983583358,33.27042600341039,,109.69645811573051,103.55,97.40354188426949,224585.0,179420.0,0.7345771088897299,106.56580694044553
2026-04-02,8110,51.6,52.2,48.4,48.7,17086660.0,863122487.0,49.629999999999995,53.645,55.847500000000004,56.59916666666667,39.9025,26.49833333333333,31.954887218045087,47.74436090225564,-2.8484201094147537,-1.8706406445849968,-0.9777794648297569,23.237497949233845,30.267102205671996,15.679313294655772,,66.66111106247692,55.847500000000004,45.03388893752309,13259752.2,20897353.85,1.2886108082773975,50.51440638486398
2026-04-02,8111,61.5,66.9,60.9,65.0,4757690.0,305013801.0,63.660000000000004,63.45,65.06,65.36666666666666,65.38333333333334,65.39166666666668,70.87378640776699,48.66666666666667,-0.5815099982642948,-0.6371077689355903,0.055597770671295454,18.288220445464383,15.599428821355014,20.404477592391565,,71.31540608299396,65.06,58.804593917006045,3487214.0,3230109.75,1.3643240707338293,64.10964165382781
2026-04-02,8112,78.5,78.8,74.1,75.0,7937133.0,603455652.0,76.3,80.55,78.925,75.00666666666666,65.35208333333334,57.38791666666667,37.572254335260126,53.507014028056105,0.5162306657952627,1.6251870034023794,-1.1089563376071168,22.368144385509765,31.154206640898575,16.02522213983678,,92.63306524027293,78.925,65.21693475972707,9868674.6,21702249.95,0.8042754799109497,76.02942422660676
2026-04-02,8114,170.5,171.0,166.0,167.0,257433.0,43128083.0,169.5,174.15,175.0,177.91666666666666,197.74166666666667,237.51666666666668,22.85714285714286,47.61904761904762,-2.4764883634732087,-1.4935167695217195,-0.9829715939514891,20.50084715078088,30.321717682925296,12.170083991810067,,184.6299969940515,175.0,165.3700030059485,346641.0,529889.0,0.7426501769842575,167.5312916370473
2026-04-02,8121,24.2,24.5,23.55,23.75,365685.0,8692552.0,24.1,24.544999999999998,25.192500000000003,26.415833333333335,26.75791666666667,26.928958333333338,34.1463414634147,38.01169590643275,-0.7099535933846184,-0.5965385541094873,-0.11341503927513108,13.502716979338356,25.51897426924637,30.903581059401073,,27.74103415040677,25.192500000000003,22.643965849593236,308011.0,313848.8,1.187246559376126,23.770600380108565
2026-04-02,8131,61.5,62.0,58.9,58.9,2782016.0,167373773.0,60.64,62.14,64.225,60.325833333333335,47.395833333333336,37.229791666666664,45.801526717557245,50.561797752808985,-1.288406915284881,-0.4247506423066166,-0.8636562729782644,20.470096596352892,26.605944968381163,16.144288878857928,,72.51726018328887,64.225,55.93273981671111,4213788.2,5897247.7,0.6602173312839976,60.162764340679566
2026-04-02,8147,143.5,155.5,142.0,155.5,2334691.0,357448443.0,149.2,145.45,137.8,119.3,113.15,110.075,85.45454545454545,70.13888888888889,8.606907261326398,7.291562571406359,1.315344689920039,24.384247779054697,9.957300951363083,35.57190067596889,,159.29026707482655,137.8,116.30973292517348,1496614.6,860097.25,1.5599814407797437,153.1031057214852
2026-04-02,8150,57.0,57.7,55.6,56.7,8772457.0,496868474.0,55.720000000000006,57.9,60.510000000000005,53.90416666666667,43.30291666666667,35.39666666666667,48.18181818181819,46.8864468864469,-0.21798642895220155,0.8073839019254975,-1.0253703308776991,24.34664077244535,28.436252095048648,19.659225927512683,,69.30447194788354,60.510000000000005,51.71552805211646,7591492.6,21762899.1,1.1555641903675176,56.63960210919244
2026-04-02,8155,323.5,335.5,316.0,322.0,7053960.0,2298484598.0,299.0,280.2,240.575,223.05,218.775,216.6375,95.0,82.46913580246914,26.023141928426327,15.743330523052842,10.279811405373485,37.5745863123946,11.708210874845705,41.67751770676439,,335.43516023600216,240.575,145.71483976399782,4488576.0,2328041.7,1.5715362734194542,325.84315731872596
2026-04-02,8162,38.95,38.95,38.25,38.25,35086.0,1352499.0,38.660000000000004,38.714999999999996,38.82,36.69166666666667,37.942499999999995,,40.298507462686594,53.96825396825397,0.3473660600512787,0.4681516884176383,-0.12078562836635964,28.049466884996377,16.986621676031803,31.518788238332448,,41.73265839867479,38.82,35.90734160132521,85167.6,210068.8,0.41196417416951986,38.548110357407516
2026-04-02,8163,27.4,27.5,27.0,27.0,337654.0,9164735.0,27.35,27.685000000000002,28.484999999999996,30.217499999999998,32.99,35.09770833333333,30.95238095238092,42.59259259259259,-0.9063082500264983,-0.8362672945442569,-0.07004095548224143,16.0565289960892,29.6327929580809,22.052493869211236,,30.908590203331133,28.484999999999996,26.06140979666886,528041.4,659294.95,0.639446073735885,27.142385400439505
2026-04-02,8171,24.0,24.35,22.8,23.35,238309.0,5606070.0,24.15,25.270000000000003,26.04,27.563333333333336,27.956666666666663,28.153333333333332,6.8965517241379075,27.745664739884404,-1.03605830916295,-0.7267828997088184,-0.3092754094541317,7.875271297828809,29.05273194736939,35.739848700361286,,29.006408425582777,26.04,23.07359157441722,158585.4,121516.15,1.502717147984619,23.52437381718693
2026-04-02,8176,11.1,11.1,10.95,11.0,117668.0,1290244.0,11.27,12.01,11.540000000000001,11.176666666666666,11.088333333333333,11.044166666666667,24.242424242424264,50.67567567567568,0.0673203219318026,0.21305249295605144,-0.14573217102424885,21.64069517336949,14.066748438999888,38.369751857143804,,13.588516793348795,11.540000000000001,9.491483206651207,189800.8,625613.35,0.6199552372803487,10.965122208246932
2026-04-02,8182,28.95,30.15,28.35,29.7,1980688.0,58631791.0,28.889999999999997,27.934999999999995,27.534999999999997,27.386666666666667,27.368333333333336,27.359166666666667,94.82758620689648,72.89719626168221,0.49586617992163795,0.15508853010026924,0.3407776498213687,23.388905907529,7.161707118404036,35.850914763103326,,29.685422235160733,27.534999999999997,25.38457776483926,1580212.8,487215.9,1.2534311834456726,29.60172980297755
2026-04-02,8183,34.1,35.2,34.1,34.9,430420.0,14955304.0,34.33,34.635000000000005,35.459999999999994,32.7025,31.95125,31.575625,60.869565217391305,41.15226337448561,0.37294191745974814,0.6190477690482294,-0.2461058515884813,21.667289258746305,24.0483011126656,24.610280615905005,,38.427295419277094,35.459999999999994,32.492704580722894,391252.0,611820.1,1.1001093924120515,34.74583894800428
2026-04-02,8201,12.6,12.6,12.3,12.35,52314.0,653101.0,12.489999999999998,12.834999999999999,13.254999999999999,13.9775,14.879999999999999,13.443791666666668,34.883720930232556,39.99999999999999,-0.4465561087691654,-0.35607965973119676,-0.09047644903796864,13.144462523957468,34.73966143710176,25.197572668527513,,14.503114367229085,13.254999999999999,12.006885632770913,59768.4,67390.7,0.8752785753006606,12.484248958213863
2026-04-02,8210,910.0,910.0,840.0,841.0,5623445.0,4897777746.0,882.2,888.0,894.6,924.2333333333333,833.55,608.795,42.19653179190751,44.71830985915493,-15.62522494279051,-13.016529147860098,-2.608695794930412,12.523375469789311,25.576770415095893,15.921773192238414,,944.3209052718753,894.6,844.8790947281248,3120291.8,3045774.75,1.8022176643863885,870.9568149061652
2026-04-02,8213,33.7,34.4,32.9,33.3,565065.0,18878633.0,33.05999999999999,32.964999999999996,34.705,34.3175,34.4925,33.150416666666665,60.638297872340424,38.88888888888886,-0.6927512087747729,-0.5283639926614163,-0.1643872161133566,24.24142535722087,23.805842433252025,17.50874389067426,,39.134672674137384,34.705,30.275327325862616,631838.2,915877.3,0.8943191468955186,33.40966614460283
2026-04-02,8215,24.55,24.9,23.8,24.2,6834396.0,165860318.0,23.27,23.955000000000002,22.3625,20.625833333333333,21.479166666666668,22.916875,55.91397849462366,65.9090909090909,0.907430813601728,0.8851708316944785,0.022259981907249426,31.14005816254223,23.96941270190494,19.74441136828621,,26.643778092492994,22.3625,18.081221907507008,3005455.4,3418966.45,2.2739968125961876,24.268467615865397
2026-04-02,8222,35.2,35.35,34.2,34.2,289498.0,10030882.0,35.08,36.144999999999996,37.46,39.97166666666667,43.886250000000004,47.88520833333333,24.999999999999957,36.95652173913042,-1.4187904822998476,-1.1646308025735528,-0.25415967972629483,16.449320321770198,32.39669470800881,16.58682330375131,,41.2773564840496,37.46,33.642643515950404,303478.8,395215.7,0.9539315431588632,34.64922728309004
2026-04-02,8227,124.5,125.5,122.0,122.0,195591.0,24034380.0,121.2,122.55,127.0,134.85,136.925,137.9625,52.17391304347826,38.554216867469876,-4.00612080675171,-3.80219968006442,-0.2039211266872898,15.199498197200455,20.58053969467731,27.087370335368615,,139.57817658946607,127.0,114.42182341053393,236954.6,311451.0,0.8254366026234561,122.88080739911345
2026-04-02,8234,59.9,60.2,59.1,59.2,354824.0,21135156.0,60.620000000000005,63.21,64.76,68.41166666666666,69.45583333333335,69.97791666666667,19.999999999999957,40.20618556701031,-2.2565187928628916,-1.6369957089927192,-0.6195230838701724,13.980364093197247,32.40110992278542,37.222671381165284,,72.46601951996665,64.76,57.05398048003336,400894.4,614423.6,0.8850809589757302,59.565181611164974
2026-04-02,8240,62.0,63.4,60.6,63.4,7891385.0,492868100.0,58.779999999999994,57.769999999999996,50.3125,43.09166666666667,41.295833333333334,40.39791666666667,73.79679144385027,73.59913793103448,5.44575678825624,4.240301068340998,1.2054557199152418,32.29201248568733,14.649997061322107,38.59976445172327,,69.05689916348346,50.3125,31.568100836516535,5092431.0,3537183.55,1.5496302257212715,62.45647627127558
2026-04-02,8249,48.5,48.7,47.0,47.0,254274.0,12088745.0,48.029999999999994,49.2,52.114999999999995,54.02333333333333,55.28791666666667,53.18062499999999,31.654676258992836,29.629629629629633,-2.4358309727628367,-1.9001486684742945,-0.5356823042885421,11.022048560386713,32.89408320720418,32.904233213110096,,60.49267082314953,52.114999999999995,43.73732917685046,490745.2,915608.3,0.5181385370656707,47.5421985731927
2026-04-02,8255,122.0,124.0,122.0,122.5,235181.0,28903472.0,124.3,127.1,125.875,125.43333333333334,125.21666666666667,125.10833333333333,27.272727272727266,51.807228915662655,-0.1840393511783276,0.4148665963183049,-0.5989059474966325,18.997993842671214,24.59895853719939,21.675509417935743,,135.1365503987979,125.875,116.61344960120209,379308.6,394028.3,0.6200254884808835,122.89883961714594
2026-04-02,8261,99.9,102.0,99.3,100.5,1481869.0,148972351.0,99.64,103.22,102.255,94.88333333333334,94.51416666666667,87.64541666666666,30.468750000000014,55.15463917525773,1.429089895895629,2.5073292486178858,-1.0782393527222567,27.21529926848771,24.08956139713246,23.181064526253913,,113.06269219243052,102.255,91.44730780756947,1407586.2,3619265.5,1.052773180072382,100.53004077958308
2026-04-02,8271,146.5,147.5,142.0,145.5,1091301.0,158898668.0,141.4,158.65,148.025,119.14333333333335,103.30583333333334,77.42708333333333,42.30769230769231,55.80246913580246,6.906400700848565,10.991230438119539,-4.084829737270974,33.43817393289454,30.936632046783085,22.42165242886399,,203.14064397270835,148.025,92.90935602729166,1174438.8,5810833.25,0.9292106153168644,145.60480380756547
2026-04-02,8272,72.0,72.0,71.1,71.9,14052.0,1007997.0,72.36,73.53,74.785,77.66333333333334,78.53166666666667,78.96583333333335,0.0,15.714285714285808,-1.5194619273412542,-1.2587776679973404,-0.2606842593439138,7.543694423728989,25.840870357757716,50.37059955630965,,78.35344356459296,74.785,71.21655643540703,10631.2,11320.65,1.3217698848671833,71.73334756618274
2026-04-02,8277,7.42,7.61,7.42,7.56,196597.0,1481163.0,7.772,8.032,8.426,9.311166666666667,9.580583333333331,9.715291666666667,13.043478260869549,21.20000000000003,-0.45198030020180724,-0.38674504622257816,-0.06523525397922908,11.537182312158132,34.61970804392228,39.42565745174907,,9.519818035477961,8.426,7.332181964522039,207558.2,420008.45,0.9471897520791758,7.534006114030224
2026-04-02,8279,108.0,108.0,105.0,106.5,48191.0,5129027.0,107.9,108.35,111.55,124.48333333333333,128.24166666666667,130.12083333333334,47.05882352941176,30.0,-4.718135099075795,-4.881456742336236,0.16332164326044118,9.926076705098378,30.14227272059623,55.70879757488922,,120.72605579756348,111.55,102.37394420243652,32314.6,34367.15,1.4913073347650907,106.4312215973937
2026-04-02,8284,63.6,63.7,63.5,63.7,23032.0,1465049.0,63.660000000000004,63.65,62.985,63.045,63.0725,63.08625,64.70588235294116,62.68656716417912,0.24681440254646247,0.15644968316024818,0.09036471938621429,27.30352991840901,32.02912169462584,31.536172079923727,,64.86931196433801,62.985,61.10068803566199,16819.2,17238.55,1.3693873668188736,63.60928273706148
2026-04-02,8289,36.35,38.3,35.8,37.75,1835329.0,68295297.0,37.67,37.345,36.025,28.85666666666667,26.828333333333333,25.81416666666667,56.60377358490565,55.06849315068495,2.4540689906455313,2.59360321574928,-0.1395342251037488,29.236253668128764,9.790797663313766,54.99879235035139,,41.09622947824814,36.025,30.95377052175186,4057797.4,2558662.7,0.4522968544462077,37.211473801154995
2026-04-02,8299,1660.0,1745.0,1635.0,1660.0,7911397.0,13311754645.0,1647.0,1725.0,1778.25,1911.0833333333333,1950.5416666666667,1970.2708333333333,44.18604651162791,45.49180327868853,-71.44317096893997,-58.74466677957938,-12.698504189360584,15.44416543585968,21.145647075695766,37.16750511882916,,2040.010738481779,1778.25,1516.489261518221,7193438.2,7469732.95,1.0998074606382244,1682.6048098711265
2026-04-02,8341,76.5,76.7,76.0,76.2,138443.0,10566535.0,76.35999999999999,76.44000000000001,77.08,77.91666666666667,78.80083333333332,78.80416666666666,44.9999999999999,53.191489361702175,-0.37267114457257833,-0.3429715258722254,-0.029699618700352926,19.344910532246068,26.280304961380384,10.805071987554978,,79.48753204055743,77.08,74.67246795944257,147525.6,219685.4,0.9384337362464548,76.32408283553521
2026-04-02,8342,89.8,94.3,89.0,93.8,23253.0,2142762.0,,,,,,,100.0,100.0,1.6915073965270722,0.6197847332526877,1.0717226632743846,4.521454062328695,2.2388892909196416,30.400542393751206,,,,,,,,92.14991613985292
2026-04-02,8349,42.6,44.2,42.6,43.75,483676.0,21126228.0,42.76,42.394999999999996,41.505,42.72833333333333,43.064166666666665,43.23208333333333,80.51948051948052,65.66523605150215,0.19412460100883777,-0.1417976710954649,0.3359222721043027,25.22828059916292,18.432229258724885,38.93132603210121,,44.75152040450116,41.505,38.25847959549885,362605.6,243310.25,1.3338900447207656,43.67847071179881
2026-04-02,8354,15.2,16.0,15.2,15.7,151749.0,2388897.0,15.49,15.360000000000003,15.304999999999998,15.246666666666668,15.223333333333333,15.211666666666666,77.27272727272727,62.22222222222221,0.07833635054272925,0.028222759442465505,0.05011359110026374,21.383259047210075,12.050522983408017,22.29216331816727,,15.770550042535987,15.304999999999998,14.839449957464009,99449.4,59906.2,1.5258915589234325,15.742423343811161
2026-04-02,8358,279.0,285.0,267.0,273.5,28861334.0,7977729282.0,260.7,251.15,255.5,251.225,249.3625,248.43125,80.95238095238096,53.5796766743649,1.7828442913403535,-0.9167136429050434,2.699557934245397,29.33007080865461,18.19999718260117,33.739348595993725,,300.4549482084125,255.5,210.54505179158753,24554400.4,17695990.9,1.1754037374091204,276.41581924106487
2026-04-02,8367,43.1,43.3,43.1,43.1,15150.0,654127.0,43.230000000000004,44.55,45.0075,44.0725,44.1875,45.778125,17.10526315789471,24.545454545454504,-0.1613518062178656,0.22319401231875258,-0.3845458185366182,21.78359545026337,28.730659250167434,30.26385549978268,,47.38619380344039,45.0075,42.62880619655961,26968.2,64167.05,0.5617727545776137,43.17669966996699
2026-04-02,8374,68.2,68.2,64.4,65.3,202566.0,13288458.0,67.02,68.63999999999999,73.505,79.92,86.7475,92.76125,30.5263157894737,40.18691588785047,-4.502012408662338,-3.940125784777376,-0.5618866238849622,13.458900398321822,35.9602126067398,28.649264201225595,,87.42499319419221,73.505,59.58500680580778,193221.6,275881.9,1.0483610528015501,65.60063386748023
2026-04-02,8383,49.4,49.95,48.25,48.75,3534097.0,173849285.0,47.160000000000004,46.115,43.715,41.65833333333333,41.12916666666668,40.864583333333336,77.77777777777777,79.25925925925927,1.858390799331687,1.2786620974330087,0.5797287018986783,34.708132474567954,6.884958590445517,42.601780332332055,,49.59906411643483,43.715,37.830935883565175,2755058.2,1097595.8,1.2827667306628947,49.191995862026424
2026-04-02,8390,95.1,95.7,93.6,94.3,585131.0,55350125.0,92.63999999999999,92.64,95.73499999999999,94.82166666666667,94.06083333333332,93.68041666666666,68.14159292035394,48.5639686684073,-0.9989024702023102,-0.6982824556819245,-0.30062001452038567,22.723932573751046,21.789093237599673,25.47416335891706,,104.64963019866484,95.73499999999999,86.82036980133513,584278.6,1182351.15,1.0014588930691626,94.594415609496
2026-04-02,8401,25.05,25.05,24.7,24.85,73800.0,1834226.0,25.290000000000003,25.935000000000002,27.145,28.253333333333334,28.526666666666667,28.663333333333334,2.777777777777814,1.190476190476204,-0.9546092141940434,-0.7032569171162333,-0.25135229707781015,5.49239266067742,40.22748375753118,50.9983331212133,,30.186796560552573,27.145,24.103203439447427,83280.0,86989.25,0.8861671469740634,24.8540108401084
2026-04-02,8403,22.3,22.4,22.2,22.25,107097.0,2382882.0,22.32,22.415,22.7375,23.272499999999997,23.41125,23.480625,14.285714285714434,19.230769230769212,-0.29297712142688326,-0.26524979463365556,-0.027727326793227702,7.237313312600602,21.10915307077141,46.04554880369234,,23.606180184623692,22.7375,21.86881981537631,127858.2,142004.45,0.8376232419977757,22.2497548950951
2026-04-02,8404,18.65,18.65,17.95,18.05,322654.0,5860205.0,18.36,18.805,20.205000000000002,22.790833333333335,23.853333333333335,23.086875,22.222222222222214,21.111111111111114,-1.284338159516306,-1.1712525189684737,-0.11308564054783221,11.205518260654955,43.51877364679573,40.56780843895343,,23.72679679021662,20.205000000000002,16.683203209783382,428112.0,550870.45,0.7536672646410285,18.162505346284256
2026-04-02,8409,20.5,21.05,20.5,20.8,33190.0,687904.0,,,,,,,100.0,59.37500000000013,0.03175992391265936,-0.009148620325053914,0.04090854423771327,21.1804735863318,11.150578514569785,25.68399252897754,,,,,,,,20.72624284423019
2026-04-02,8410,36.05,36.35,35.95,36.2,34000.0,1232000.0,36.39,36.644999999999996,36.697500000000005,37.129999999999995,37.214999999999996,37.2575,43.478260869565275,49.42528735632187,-0.2287078016335613,-0.17555655671669385,-0.05315124491686746,12.636728744342607,18.859804023098672,27.7734266937521,,37.88359265636109,36.697500000000005,35.51140734363892,26200.0,38459.15,1.297709923664122,36.23529411764706
2026-04-02,8411,12.15,12.3,12.15,12.25,27377.0,334280.0,12.28,12.275,12.28,12.235000000000001,12.47875,12.786249999999999,66.66666666666657,51.219512195121965,0.006961938775813081,0.010018263684643461,-0.00305632490883038,14.223035945955036,20.494027611437005,12.99361912788806,,12.534227415806205,12.28,12.025772584193794,93784.8,92625.0,0.2919129752369254,12.210249479490082
2026-04-02,8415,34.75,34.75,34.0,34.2,389411.0,13351756.0,34.040000000000006,33.81,33.865,33.93333333333333,33.916666666666664,33.90833333333333,100.0,55.2631578947369,0.012101440787482431,-0.047624180112998175,0.05972562090048061,21.130036317690802,8.789220342395767,35.8831918650579,,34.38420992610738,33.865,33.34579007389262,828046.6,495992.5,0.4702766728345965,34.28705403802152
2026-04-02,8416,170.5,170.5,169.5,169.5,7124.0,1212076.0,169.5,169.1,169.65,176.23333333333332,178.11666666666667,179.05833333333334,83.33333333333334,42.10526315789474,-1.8186800046222231,-2.2149178055820546,0.3962378009598315,8.522798802494775,26.713432672339167,58.442358923532325,,174.04018043029396,169.65,165.25981956970605,5674.4,8528.0,1.2554631326660088,170.13980909601347
2026-04-02,8421,13.5,13.7,13.5,13.65,51319.0,698109.0,13.64,13.63,13.5275,13.228333333333333,13.139166666666666,13.094583333333334,57.14285714285728,53.48837209302327,0.11791751257092287,0.12548861893409302,-0.007571106363170155,20.938434833425433,12.400948280968564,33.96029609244093,,13.956053257760141,13.5275,13.098946742239859,47391.4,52769.25,1.0828757960305033,13.603324304838363
2026-04-02,8422,29.7,29.7,28.6,28.75,9346852.0,270267041.0,29.119999999999997,29.26,30.7,29.899166666666666,108.38666666666667,147.41833333333335,48.64864864864863,41.71779141104293,-2.0419787372993703,-2.3690589975641094,0.32708026026473913,23.932964822748577,33.911864327770594,22.775139725261393,,34.72622978927645,30.7,26.673770210723543,8787612.8,16851455.35,1.0636394903516913,28.91530121585321
2026-04-02,8423,18.4,18.4,18.2,18.2,14751.0,269539.0,18.41,18.655,18.6575,,,,35.294117647058854,43.54838709677419,-0.07888667391586068,-0.004380964303339977,-0.0745057096125207,24.88401541366517,15.498246579207512,35.175555401715684,,19.53546115487741,18.6575,17.779538845122588,9650.6,17478.15,1.528505999626966,18.27259168869907
2026-04-02,8424,74.5,74.5,74.3,74.3,7197.0,534937.0,74.34,74.41999999999999,74.76,73.54833333333335,73.22416666666668,73.06208333333333,0.0,11.1111111111112,0.16520960018289088,0.29190321381907797,-0.12669361363618709,18.02491122657254,17.648405131407227,36.642804940068835,,76.12944091550254,74.76,73.39055908449747,9318.2,17557.05,0.7723594685668905,74.32777546199806
2026-04-02,8426,24.95,24.95,24.75,24.8,22046.0,548040.0,24.9,25.015,25.777499999999996,26.884999999999998,27.1675,27.308749999999996,56.52173913043487,34.44444444444446,-0.6315494505563635,-0.5726317039350943,-0.05891774662126914,26.206971726828282,26.970692790735164,25.46968304960299,,27.69404156723705,25.777499999999996,23.860958432762942,21227.6,63275.3,1.038553581186757,24.858931325410506
2026-04-02,8429,6.9,6.9,6.8,6.81,148089.0,1010421.0,6.874,6.926,7.0615,7.4285,7.6290000000000004,8.166,26.66666666666663,34.24657534246573,-0.15844000979773742,-0.1501208237451215,-0.008319186052615918,17.36879306263954,34.7697169823754,25.26797949337971,,7.416392125938245,7.0615,6.7066078740617545,142379.6,211579.5,1.0400998457644213,6.823065859044223
2026-04-02,8431,70.9,72.1,67.0,67.0,4202273.0,289659994.0,65.54,66.72,67.065,63.56000000000001,62.78,62.38999999999999,60.91954022988509,49.75247524752475,0.6950670544483444,0.9856154863830636,-0.29054843193471924,23.33456929817436,13.953348175315117,34.38735780073786,,73.56950046627642,67.065,60.56049953372357,2941963.8,2719619.85,1.4283904513033099,68.92936132421669
2026-04-02,8432,51.5,51.5,50.9,51.2,18240.0,931759.0,51.2,51.32000000000001,52.120000000000005,54.67666666666666,55.28833333333333,55.59416666666666,46.15384615384636,37.83783783783784,-1.0419338348212719,-1.0938612820383689,0.05192744721709697,17.251690170967244,20.964662485835483,28.903808523043132,,55.17293646390395,52.120000000000005,49.06706353609606,17944.0,33205.6,1.016495764600981,51.08327850877193
2026-04-02,8433,61.9,63.6,61.9,62.9,193537.0,12203709.0,62.48,61.45,58.48,56.12166666666666,55.560833333333335,55.280416666666675,92.50000000000006,81.48148148148151,2.0524527422627443,1.5702341257263792,0.4822186165363651,30.459016131256107,7.954820904034202,52.97154660475415,,65.32185262691482,58.48,51.63814737308518,131122.2,88077.5,1.47600482603251,63.056206306804384
2026-04-02,8435,56.7,57.0,56.7,57.0,18891.0,1072558.0,57.0,56.98,57.105,54.75333333333333,54.026666666666664,53.663333333333334,63.6363636363634,47.169811320754754,0.5284039446900977,0.6638879238160972,-0.13548397912599952,36.133099680862586,21.454677012048958,46.09592268741401,,58.536193833648646,57.105,55.67380616635135,16934.6,30936.9,1.115526791303013,56.7761367847123
2026-04-02,8436,125.0,127.0,125.0,125.5,433170.0,54448427.0,125.7,124.75,125.875,141.79166666666666,146.64583333333334,149.07291666666666,64.28571428571428,50.0,-4.152071252426637,-5.217182711113017,1.0651114586863795,11.38896637370107,21.224777861673203,57.48271362088288,,135.1592537891343,125.875,116.59074621086569,494502.0,493025.6,0.8759721902034774,125.6975944779186
2026-04-02,8437,12.35,12.5,12.35,12.35,81185.0,1010272.0,12.51,12.705000000000002,13.565000000000001,14.889166666666664,15.194583333333332,15.347291666666669,0.0,0.0,-0.7580724041320472,-0.6814229711742311,-0.07664943295781612,1.300776283803119,35.01970603730486,80.48485796546804,,15.68510426754515,13.565000000000001,11.444895732454853,64711.0,71580.9,1.2545780470090093,12.44407218082158
2026-04-02,8438,71.4,75.5,69.1,71.2,11027213.0,808636622.0,68.82000000000001,65.77000000000001,66.535,50.38250000000001,40.48875,35.79895833333333,90.4347826086957,58.21325648414986,3.585646450296288,3.7955956405078592,-0.20994919021157132,31.989481630234494,10.924758033760316,45.46858855164346,,75.20831661203675,66.535,57.86168338796324,4159999.0,3468441.25,2.6507729929742774,73.33100593957874
2026-04-02,8440,22.75,22.75,22.1,22.4,99123.0,2201226.0,22.66,23.165,24.0325,25.05666666666667,25.328333333333333,25.464166666666667,9.090909090908909,6.779661016949021,-0.7452447048475399,-0.5679463645801955,-0.17729834026734437,8.421722008273273,26.54284765442426,40.90095845088492,,26.167736952215197,24.0325,21.8972630477848,93873.8,112866.4,1.0559176255781697,22.20701552616446
2026-04-02,8442,53.4,53.4,51.3,51.7,12316.0,637606.0,52.2,52.61,57.80499999999999,65.97666666666667,68.93583333333332,76.28541666666666,52.941176470588275,30.188679245283026,-4.2931979045596975,-3.9871328928141283,-0.3060650117455692,12.92698008627503,38.10485202642902,45.127939151002984,,69.89352870765433,57.80499999999999,45.71647129234565,45157.0,89579.95,0.27273733861859734,51.77054238389088
2026-04-02,8443,12.2,12.2,12.0,12.05,59308.0,713352.0,12.03,11.92,11.872499999999999,11.458333333333336,11.655416666666666,11.776875,83.33333333333363,65.38461538461544,0.13164273368545665,0.12339259623323104,0.008250137452225609,24.669224226727287,9.457816200561627,23.33539839240729,,12.114150029675415,11.872499999999999,11.630849970324583,62935.2,58447.9,0.9423661162592636,12.02792203412693
2026-04-02,8444,6.13,6.3,6.13,6.3,155864.0,958883.0,7.289999999999999,8.001000000000001,8.544500000000001,9.545833333333333,9.79791666666667,9.923958333333335,3.831417624521052,11.076923076923066,-0.7283983741400606,-0.4736549887813288,-0.2547433853587318,4.471288807773358,47.61164879849916,68.5359580577639,,10.613239509434365,8.544500000000001,6.475760490565637,102518.4,56549.75,1.5203514686144146,6.152049222399015
2026-04-02,8446,97.9,98.3,97.8,98.3,295560.0,28959119.0,98.62,98.9,97.245,95.09166666666667,94.54583333333333,94.27291666666666,24.999999999999844,63.750000000000036,1.1151230676729824,1.1388727548358184,-0.023749687162835986,27.921036354701478,13.98257160242338,48.74422173554854,,101.1369485040136,97.245,93.3530514959864,230736.0,160843.3,1.2809444560016643,97.9805081878468
2026-04-02,8450,17.45,17.45,16.9,17.2,28310.0,484097.0,17.34,17.544999999999998,17.277499999999996,17.065,17.0075,16.97875,8.695652173912904,52.54237288135592,0.10291517961062269,0.1351659267691396,-0.03225074715851692,15.875699452258592,15.838348135044528,28.7293929418777,,18.141685043537375,17.277499999999996,16.413314956462617,35186.0,70878.5,0.8045813675893821,17.09985870717061
2026-04-02,8454,180.5,182.0,179.5,181.0,281688.0,50856018.0,179.8,178.4,180.6,196.675,219.08333333333334,259.6125,65.38461538461539,54.794520547945204,-3.6856901286330412,-4.833724321551786,1.148034192918745,21.333373288807483,22.934940627232248,16.998059066609922,,190.72344854912262,180.6,170.47655145087737,295487.6,453509.75,0.953298886315365,180.54023600579364
2026-04-02,8455,19.65,20.6,19.65,20.5,15010.0,298357.0,20.580000000000002,20.975,21.35,,,,44.64285714285713,33.61344537815127,-0.07503507021751332,0.09196324745133998,-0.1669983176688533,17.532148903288512,23.935695472879,20.384024320911667,,22.794408456591732,21.35,19.90559154340827,12806.0,9653.6,1.172106824925816,19.877215189873418
2026-04-02,8462,139.0,142.0,138.5,138.5,55742.0,7811072.0,140.1,141.1,141.225,145.775,153.22083333333333,142.64791666666667,42.857142857142854,54.8780487804878,-1.1563509426152052,-1.0338692439447923,-0.12248169867041292,23.41973125256353,29.326628259078465,12.554845670642855,,148.08813569579615,141.225,134.36186430420383,111879.4,168144.6,0.49823291866062924,140.12902299881597
2026-04-02,8463,22.1,22.35,22.1,22.2,78025.0,1735332.0,22.43,22.89,24.675,26.19333333333333,25.822083333333335,24.924791666666668,15.789473684210378,14.414414414414424,-1.1922732418942559,-0.9469500078388479,-0.245323234055408,13.032520637638045,39.66590615964399,37.24240580014949,,28.640708272838932,24.675,20.70929172716107,81869.6,116572.25,0.9530399562230668,22.24071771867991
2026-04-02,8464,345.0,345.0,334.0,337.0,1385984.0,465723473.0,338.5,356.4,372.125,386.31666666666666,398.07916666666665,405.2416666666667,22.289156626506028,40.72847682119205,-15.536598974775472,-10.587295345338388,-4.949303629437084,17.871555206793797,35.610531731222004,25.843536889253294,,423.04999644730424,372.125,321.20000355269576,1245706.6,1836523.45,1.1126086993518376,336.0237008508035
2026-04-02,8466,18.6,18.6,18.05,18.25,20100.0,367439.0,18.130000000000003,18.235,19.384999999999998,21.371666666666666,22.789583333333333,26.693958333333335,82.35294117647071,34.782608695652186,-0.997670643169215,-0.988548120499443,-0.009122522669772093,20.847999293540802,34.21566146725936,35.36163240137953,,22.539795847929,19.384999999999998,16.230204152070996,39566.2,46146.15,0.5080093615257467,18.28054726368159
2026-04-02,8467,150.5,150.5,146.0,148.0,13390.0,1969344.0,148.5,150.85,156.7,164.95,164.75,,31.25,36.73469387755102,-6.274935515195182,-5.534655883687092,-0.7402796315080895,15.928652452698758,30.89703877051242,26.956143212690982,,173.05912750214574,156.7,140.34087249785424,18127.0,29210.85,0.7386771114911458,147.07572815533982
2026-04-02,8472,77.7,77.7,75.8,75.8,21171.0,1609534.0,76.53999999999999,77.7,70.875,,,,9.677419354838648,80.63241106719369,4.1264195028271615,4.094178646029415,0.03224085679774635,28.68658995793029,11.693219471522127,57.32578151066593,,89.50738550142425,70.875,52.24261449857575,33102.6,53836.05,0.6395570136484747,76.02541212035331
2026-04-02,8473,38.3,38.35,37.5,37.7,318502.0,12057084.0,38.29,39.055,38.3625,37.26583333333334,37.56041666666667,35.34145833333333,33.0097087378641,57.96460176991151,0.2912240289569539,0.45386538796698506,-0.16264135901003118,24.414508442164788,21.884056764749513,17.04919530798231,,41.081221642320365,38.3625,35.64377835767963,529093.8,772636.45,0.6019764359363122,37.85559902292607
2026-04-02,8476,19.0,19.15,18.5,18.5,322846.0,6040631.0,18.9,19.3,19.325,18.71916666666667,18.96375,20.553541666666664,36.9230769230769,47.457627118644055,0.006749459925558199,0.1298219720932848,-0.1230725121677266,21.60318614793317,19.165581471359797,16.575195035042245,,20.28334286799241,19.325,18.36665713200759,380083.8,697811.15,0.8494074201531346,18.710564789404238
2026-04-02,8477,13.65,13.85,13.5,13.6,35017.0,479783.0,13.7,13.76,13.459999999999999,13.142500000000002,13.09625,13.073125000000001,0.0,62.49999999999999,0.1939074657440596,0.19384473102171756,6.273472234202826e-05,21.846662117224096,17.914106068566852,21.699357951313054,,14.315693009388175,13.459999999999999,12.604306990611823,30810.2,54611.25,1.1365391980577861,13.701430733643658
2026-04-02,8478,159.5,160.5,156.0,156.0,93104.0,14704384.0,158.4,160.2,163.6,182.41666666666666,192.56666666666666,183.98666666666668,41.02564102564102,47.22222222222223,-5.993969578306121,-6.131288822077385,0.13731924377126425,17.834391918573225,32.89578361813539,26.97989140163326,,173.8731125811728,163.6,153.3268874188272,125275.2,145006.5,0.7431957801703769,157.93504038494586
2026-04-02,8481,42.0,42.1,42.0,42.1,10000.0,420200.0,41.980000000000004,41.87,41.852500000000006,41.49166666666667,42.076249999999995,,67.85714285714278,59.701492537313364,0.06702845272456415,0.06417547161801122,0.0028529811065529237,28.23603902570204,21.76934492441686,19.71943353209696,,42.422333770775744,41.852500000000006,41.28266622922427,7932.8,19735.5,1.2605889471561114,42.02
2026-04-02,8482,46.85,48.15,46.85,47.0,7000.0,331350.0,47.760000000000005,47.654999999999994,49.1,,,,48.23529411764708,47.148288973384034,-0.5676450800106068,-0.41101874029568825,-0.15662633971491852,28.54936081297671,27.343940154723594,11.236581683381504,,54.22424577248859,49.1,43.975754227511416,10851.2,11222.9,0.6450899439693305,47.33571428571429
2026-04-02,8487,79.5,81.0,79.5,80.4,9857.0,791873.0,79.5,79.6,80.71000000000001,79.54333333333334,79.08250000000001,,53.22580645161295,46.825396825396844,-0.29863140807421473,-0.10306168132301223,-0.1955697267512025,30.217297157811533,24.367699259827948,14.180037485189484,,83.98407680841103,80.71000000000001,77.43592319158898,19693.0,24782.15,0.5005331843802366,80.33610632038146
2026-04-02,8488,9.82,9.82,9.77,9.77,3000.0,29360.0,9.84,,,,,,47.916666666666714,50.0,-0.04610948263118608,-0.0432922964417276,-0.002817186189458483,18.398862867616952,19.269398844308732,14.465834016583337,,,,,243203.2,93092.85,0.012335364008368311,9.786666666666667
2026-04-02,8489,25.85,26.1,25.35,25.4,116227.0,2969695.0,25.419999999999998,25.23,26.297500000000003,33.7,35.575,36.51250000000001,62.71186440677965,51.209677419354826,-2.3561603858000133,-2.7456039766475357,0.38944359084752245,11.58188381428593,28.178615572096056,55.036468780335554,,33.77205156197557,26.297500000000003,18.822948438024433,120936.2,544083.6,0.9610604599780711,25.550818656594423
2026-04-02,8499,265.0,265.0,248.5,254.0,98803.0,25164412.0,251.5,255.05,264.4,306.19166666666666,289.2416666666667,235.27291666666667,54.90196078431373,51.68067226890757,-12.45348787407778,-13.344725499116116,0.891237625038336,19.05129049884082,27.44514564154159,22.347774767134528,,291.93676967638993,264.4,236.86323032361,93659.0,147207.15,1.0549226449139966,254.6927927289657
2026-04-02,8905,40.1,40.5,40.05,40.1,16145.0,647747.0,40.120000000000005,40.07,39.2475,37.405,36.72749999999999,36.388749999999995,60.0,93.65079365079357,0.731846368879836,0.7349138585976014,-0.0030674897177653815,13.219674868396188,23.004177773770742,35.76144946432069,,41.53717361498494,39.2475,36.95782638501507,96287.0,89641.5,0.16767580254863065,40.12059461133478
2026-04-02,8906,29.9,29.9,29.3,29.3,31663.0,929354.0,29.380000000000003,29.564999999999998,30.757500000000004,32.41833333333333,32.73416666666666,32.89208333333333,0.0,25.51020408163265,-1.000036989878435,-0.9187209762545351,-0.08131601362389984,18.372679220767914,27.540876360300114,31.261757333222786,,34.05746411463742,30.757500000000004,27.457535885362592,34597.8,37893.1,0.9151737971778552,29.351419638063355
2026-04-02,8908,40.3,40.35,39.8,40.35,224311.0,8995088.0,40.61,41.69500000000001,42.55,42.0075,41.878750000000004,41.814375000000005,10.869565217391312,38.10888252148998,-0.46003067754481464,-0.07516970406848046,-0.3848609734763342,22.743656637275986,26.17773740383319,25.151603985100756,,47.04186399006728,42.55,38.05813600993272,176586.6,669099.9,1.2702605973499688,40.100966961049615
2026-04-02,8916,47.8,48.15,47.45,47.7,57890.0,2760921.0,47.46,47.4,47.3175,48.41333333333333,48.73166666666666,48.89083333333333,100.0,53.33333333333333,-0.2146551975779829,-0.3216153617478254,0.1069601641698425,19.86384748305215,17.76749757545645,39.236370310982615,,48.07162898519795,47.3175,46.56337101480206,72134.0,96272.4,0.8025341725122689,47.69253757125583
2026-04-02,8917,53.0,53.0,53.0,53.0,1060.0,56184.0,53.81999999999999,54.839999999999996,56.69500000000001,56.733333333333334,56.71666666666667,56.70833333333334,0.0,31.34328358208954,-1.0550574567325484,-0.5111587657463577,-0.5438986909861907,33.20056761543308,31.54042959588979,25.311522249954724,,64.31643100252937,56.69500000000001,49.07356899747064,10036.0,143096.4,0.10561976883220406,53.00377358490566
2026-04-02,8921,17.4,17.4,17.3,17.3,16338.0,283760.0,,,,,,,69.23076923076927,55.55555555555559,-0.28648175386264185,-0.2950902568518497,0.008608502989207845,17.543791010469747,34.822666635194366,42.43804241450241,,,,,,,,17.368098910515364
2026-04-02,8923,19.25,19.4,19.25,19.3,7441.0,143613.0,19.450000000000003,,,,,,5.000000000000071,63.4615384615385,-0.0987584576629672,-0.04621995884602085,-0.052538498816946354,13.578059113480146,11.385757475101181,38.3103109825189,,,,,5264.6,,1.413402727652623,19.30022846391614
2026-04-02,8924,67.6,68.5,67.6,68.2,49663.0,3378271.0,67.96000000000001,67.98,68.595,70.23333333333333,70.66666666666667,70.88333333333334,65.2173913043479,33.84615384615397,-0.6541140730337531,-0.6917833919095759,0.03766931887582281,8.982259258019651,22.507641259129876,41.11259273140916,,70.34756203434026,68.595,66.84243796565974,45197.8,98650.3,1.0987924191000447,68.0239010933693
2026-04-02,8926,43.7,43.8,43.0,43.45,1389137.0,60168111.0,44.08,45.095,45.660000000000004,43.350833333333334,45.19958333333333,44.306875,28.40909090909085,42.58373205741627,-0.07026092218809765,0.3824179894849142,-0.45267891167301183,19.694839061997886,23.769449470517742,28.978634453194232,,48.09561296726609,45.660000000000004,43.224387032733915,1843299.6,1973755.45,0.7536143337740647,43.31330243165361
2026-04-02,8927,23.2,23.4,22.65,23.1,1420696.0,32544310.0,23.15,23.285,23.830000000000002,23.923333333333336,23.936666666666664,23.94333333333333,28.571428571428868,10.000000000000114,-0.27610068812963817,-0.18252441382772755,-0.09357627430191062,20.5270143826459,16.774473269907553,38.923946855667424,,25.25363508038587,23.830000000000002,22.406364919614134,1010817.6,940023.7,1.4054919502786656,22.907300365454677
2026-04-02,8928,22.9,23.3,22.9,22.9,28029.0,648840.0,23.16,,,,,,11.1111111111112,5.882352941176549,-0.7583971243823981,-0.7165056578552821,-0.04189146652711606,7.3025447132923365,37.2651414497776,55.36852624481395,,,,,21817.4,,1.2847085353891847,23.148881515573155
2026-04-02,8929,15.9,15.9,15.7,15.75,30125.0,475438.0,15.89,15.844999999999999,16.0625,16.351666666666667,16.425833333333333,16.462916666666665,53.57142857142856,40.62499999999998,-0.16393106161736526,-0.1501582418149735,-0.013772819802391756,27.082760271940344,21.21261461265984,24.219866579698795,,16.71613356867992,16.0625,15.408866431320082,47875.0,30608.6,0.6292428198433421,15.78217427385892
2026-04-02,8930,30.2,30.2,30.1,30.2,35392.0,1068021.0,30.5,31.339999999999996,31.579999999999995,30.618333333333332,30.30916666666667,30.154583333333335,19.298245614035096,17.777777777777786,-0.08270558545775586,0.22540504897898966,-0.3081106344367455,16.422754125798637,29.51910572598524,41.904860204657425,,33.57457158043368,31.579999999999995,29.585428419566316,80435.2,103086.8,0.4400063653723743,30.17690438517179
2026-04-02,8931,42.2,42.2,41.65,41.85,42801.0,1790663.0,43.010000000000005,44.0,45.4425,45.11666666666667,45.03333333333333,44.99166666666667,9.999999999999872,15.116279069767359,-0.806698144291417,-0.28443014532865285,-0.5222679989627641,20.096947232860234,32.64322613624736,38.56658148881722,,49.31973110642526,45.4425,41.565268893574746,34480.6,64253.65,1.241306705799783,41.83694306207799
2026-04-02,8932,82.7,82.7,80.0,81.0,2452185.0,197922816.0,81.66,82.05,115.875,176.9,192.45,200.225,40.384615384615415,6.842923794712306,-29.674516777078594,-29.739391892414414,0.0648751153358198,5.250047920222805,45.17804723187858,81.20313363543147,,214.46125664868305,115.875,17.288743351316953,2116311.0,2044850.2,1.1587072977459363,80.7128401813077
2026-04-02,8933,6.85,6.85,6.56,6.6,286786.0,1893320.0,6.702,6.699,6.718500000000001,7.236833333333334,7.403416666666668,7.4867083333333335,50.0,46.71532846715327,-0.1404494677561665,-0.1577254316811193,0.017275963924952786,15.03514477669238,9.979231388415284,24.360787475398908,,7.110594242162296,6.718500000000001,6.326405757837705,505671.6,420993.6,0.5671388308143072,6.601856436506663
2026-04-02,8935,19.5,19.5,19.5,19.5,537519.0,10481609.0,19.32,18.75,19.35,19.97166666666667,19.985833333333336,19.992916666666662,80.43478260869566,45.370370370370374,-0.30903469261736305,-0.4163045773042905,0.10726988468692744,20.998247901079516,15.511252945217644,20.079772254900607,,21.547606353333226,19.35,17.152393646666777,663911.4,491892.0,0.8096245974990036,19.49997860540744
2026-04-02,8936,51.5,51.5,50.6,50.7,1728151.0,88056794.0,51.7,53.02,52.67999999999999,51.30833333333333,50.95416666666667,50.77708333333333,26.47058823529416,46.15384615384618,0.11771376844522763,0.512124455813806,-0.3944106873685783,18.9296390827061,24.192150490544822,17.668432726840372,,56.002396091599444,52.67999999999999,49.35760390840054,2263490.6,2442588.0,0.7634893646123381,50.95434021679819
2026-04-02,8938,63.7,63.8,61.7,61.9,798328.0,49952491.0,62.58,64.22,66.09,68.99666666666666,69.89833333333333,70.34916666666666,2.5641025641027824,26.612903225806434,-1.8467926542653714,-1.365580942564377,-0.4812117117009944,12.095130713621572,29.232221590562112,39.460103760752126,,70.97042275994504,66.09,61.20957724005497,646596.8,459294.3,1.2346612293781842,62.57138795081721
2026-04-02,8940,18.85,18.85,18.25,18.4,28229.0,521199.0,18.4,18.505,18.947499999999998,19.815833333333334,20.102083333333333,20.7875,50.0,37.5,-0.4279449144184255,-0.39809417022930044,-0.02985074418912509,17.01926071805851,16.834427928067836,10.816080225499318,,19.99855210447224,18.947499999999998,17.896447895527757,26437.8,48139.05,1.067751477051797,18.463247015480533
2026-04-02,8941,46.0,46.5,46.0,46.2,4135.0,191077.0,45.970000000000006,45.705,45.965,46.24083333333333,46.32041666666667,46.360208333333325,88.46153846153854,44.44444444444447,-0.09048321085542455,-0.15627327835885463,0.06579006750343008,14.353250125438413,20.098276515612348,61.93477023819399,,46.95020636363525,45.965,44.979793636364754,3681.0,7118.6,1.1233360499864167,46.20967351874244
2026-04-02,8942,40.15,42.65,39.9,42.5,1728053.0,71805301.0,40.059999999999995,38.595,37.55,37.6475,37.698750000000004,37.724375,95.41984732824432,70.4968944099379,0.9224342398892418,0.21240289832676748,0.7100313415624743,30.084274100315767,7.218373676566346,41.50906896159229,,42.24198644948013,37.55,32.858013550519864,1105231.8,528593.6,1.5635208831305794,41.55271915849803
2026-04-02,8996,915.0,936.0,865.0,866.0,4300820.0,3864658750.0,876.0,865.4,852.15,708.9916666666667,580.125,422.0495833333333,67.02898550724638,61.52777777777778,29.395062982054128,34.92470755919914,-5.529644577145014,30.694148758378503,25.15722509450282,20.319183943769147,,986.7578514954138,852.15,717.5421485045862,4313745.4,3169183.95,0.997003671102147,898.5864904832101
2026-04-02,9103,5.22,5.22,5.1,5.13,503878.0,2587521.0,5.118,5.141,5.201,5.029833333333333,4.904,5.062458333333334,57.77777777777779,52.554744525547456,-0.02548233285239654,-0.01148353168259977,-0.013998801169796769,27.559832229195187,23.449288950766864,10.346296047651535,,5.591891019945011,5.201,4.810108980054988,946128.6,1185033.15,0.5325681942179953,5.135213285755679
2026-04-02,9105,5.62,5.67,5.53,5.54,7408993.0,41300988.0,5.532,5.572,5.6795,5.839333333333333,5.985416666666667,6.1952083333333325,55.000000000000014,57.24637681159422,-0.10532592961174014,-0.09679540991826942,-0.008530519693470726,24.058647607374716,26.1905778914797,12.249266621737974,,6.125085363078109,5.6795,5.233914636921891,6689090.8,11432542.55,1.1076233260281054,5.574440143215144
2026-04-02,9110,3.08,3.14,3.0,3.1,25000.0,75800.0,3.1100000000000003,3.1229999999999998,,,,,36.84210526315797,46.8085106382979,-0.00655995600957171,-0.004503761161545145,-0.0020561948480265655,22.1975529754533,14.811527035075004,14.602850130551847,,,,,45600.0,,0.5482456140350878,3.032
2026-04-02,9136,8.88,8.88,8.61,8.7,1086271.0,9464279.0,8.92,9.860000000000001,9.128,8.023,7.394083333333334,7.032958333333334,8.480565371024682,52.33494363929146,0.33089590902441124,0.5229574540775371,-0.1920615450531259,30.98807440116604,28.175422612042826,35.40514817653648,,11.532684901121984,9.128,6.723315098878016,2543710.2,3181411.55,0.42704196413569434,8.71263156247382
2026-04-02,9802,78.2,78.4,75.5,76.8,1456493.0,111293661.0,78.4,79.39,84.23,96.705,100.06500000000001,104.67583333333333,30.769230769230802,21.965317919075133,-4.763727788829485,-4.583643595341015,-0.1800841934884696,7.488829646477191,36.84967635010279,46.13515207542563,,95.9425393893606,84.23,72.5174606106394,1066865.4,1056911.1,1.3652078322157604,76.41208093688057
2026-04-02,9902,14.45,14.45,14.2,14.2,124150.0,1771287.0,14.25,14.37,15.02,16.488333333333333,16.4125,16.429625,38.4615384615385,30.232558139534873,-0.6485154514782998,-0.638110215858369,-0.010405235619930786,12.483701002166994,28.6027780074432,35.717164429515606,,16.704105259868243,15.02,13.335894740131758,143708.0,208072.1,0.8639045842959334,14.267313733387033
2026-04-02,9904,28.85,28.85,28.4,28.45,5987253.0,170773922.0,28.610000000000003,28.575,29.290000000000003,30.31,29.660833333333336,30.539583333333333,47.36842105263154,38.297872340425506,-0.532450939030916,-0.501924349082161,-0.030526589948755012,14.935400392590587,24.503181561577897,20.69431645558896,,31.09746988036382,29.290000000000003,27.482530119636184,6108632.4,7498302.3,0.9801298568890804,28.522917271075734
2026-04-02,9905,21.45,21.5,21.0,21.05,59681.0,1257561.0,21.110000000000003,20.990000000000002,20.889999999999997,20.3175,20.43708333333333,21.55166666666667,60.52631578947376,56.97674418604653,0.2187409863223877,0.21775103886581368,0.0009899474565740196,30.453291566111503,18.951713313252906,30.987995718686495,,21.58099470635477,20.889999999999997,20.199005293645225,126393.8,132089.2,0.4721829710001598,21.071379501013723
2026-04-02,9906,42.5,42.5,40.25,41.2,50918.0,2090865.0,41.39,41.215,41.4925,46.04416666666667,51.02916666666667,66.856875,51.40845070422538,55.07812500000003,-1.0313245917391924,-1.259569295513332,0.22824470377413952,27.77004684011119,28.983381838604654,12.030924550098169,,43.83012700190929,41.4925,39.15487299809071,212030.8,263981.15,0.24014435638595905,41.0633764091284
2026-04-02,9907,18.75,18.75,18.45,18.5,1443763.0,26788483.0,18.360000000000003,18.160000000000004,18.42,18.3325,18.251250000000002,18.322083333333335,71.42857142857137,48.93617021276594,-0.0009946833072724814,-0.029719517844072948,0.028724834536800466,31.19591855877389,20.745697782289312,13.365965593597904,,19.235249396778297,18.42,17.604750603221706,2766420.0,3132773.35,0.5218885780177992,18.55462634795323
2026-04-02,9908,29.95,30.0,29.85,29.9,292487.0,8755798.0,29.889999999999997,29.97,30.46,30.111666666666668,30.06083333333333,30.41166666666667,50.0,8.928571428571416,-0.11095738385280995,-0.008056818604709833,-0.10290056524810012,37.92776080587404,25.68376755800364,27.067712991159482,,32.62323344726554,30.46,28.29676655273446,451366.0,2456861.55,0.6480040587904273,29.935682611534872
2026-04-02,9910,81.1,81.1,78.8,79.0,2078819.0,164855610.0,80.46,80.59,85.175,102.25,112.35833333333333,115.49583333333334,34.285714285714306,29.729729729729726,-4.9797292752996185,-5.398038090962609,0.41830881566299016,15.625249187358726,30.15385743555463,36.336042052428915,,96.54103898046016,85.175,73.80896101953984,1331326.4,4244793.05,1.5614645664654438,79.30253187025903
2026-04-02,9911,84.7,85.3,83.9,84.6,363383.0,30716534.0,86.74,88.67,88.785,85.62666666666668,85.52333333333334,85.73979166666666,4.285714285714235,41.29032258064517,0.19966591632672248,0.998307047738328,-0.7986411314116055,21.521313016499104,44.27878007180617,28.07218529573381,,93.15102914858798,88.785,84.41897085141201,807860.2,530197.8,0.4498092615529271,84.52936433460013
2026-04-02,9912,12.65,12.8,12.4,12.8,205891.0,2595439.0,12.6,12.6,12.4175,,,,66.66666666666666,78.2608695652173,0.1407441653765158,0.11468574874702685,0.026058416629488948,25.20258593854233,6.893154410768219,32.38206114778668,,12.859117839075259,12.4175,11.975882160924742,82885.0,100570.2,2.484056222476926,12.605888552680787
2026-04-02,9914,65.2,65.4,63.8,64.6,1986645.0,127687595.0,65.34,66.59,69.09,81.11833333333334,91.86333333333333,107.84375,13.333333333333215,31.09243697478992,-4.2599099459517475,-4.374455617142564,0.11454567119081638,13.997152145067341,34.65676978224938,33.675059629215085,,76.02697947313001,69.09,62.15302052687,2046534.4,1904293.6,0.9707361869900648,64.27298032612772
2026-04-02,9917,116.0,116.0,114.5,115.5,484619.0,55994313.0,114.3,113.65,110.75,108.025,108.92916666666666,112.82458333333334,77.77777777777777,76.74418604651163,2.1781133664866843,1.800288671198759,0.3778246952879254,32.49838320686441,10.837066592476756,33.86669352985082,,118.98663191256972,110.75,102.51336808743028,719681.4,832755.65,0.6733799150568571,115.54295848903985
2026-04-02,9918,45.6,47.7,45.0,46.5,482702.0,22473220.0,47.98,48.31,48.4825,,,,33.98692810457517,30.77922077922078,1.2970929623087528,1.89382653343914,-0.5967335711303872,31.906525732882972,30.365322189957844,22.85236629164382,,58.60783430247324,48.4825,38.35716569752676,898159.4,1342427.55,0.5374346691689693,46.55713048630418
2026-04-02,9919,15.75,15.75,15.55,15.65,248397.0,3876401.0,15.6,15.61,15.782499999999999,16.504166666666666,16.740416666666665,17.184375,74.99999999999977,53.191489361702146,-0.27304416402033027,-0.30554463277422866,0.03250046875389839,30.757730999429793,17.7001214377586,21.848534879056356,,16.587271952007114,15.782499999999999,14.977728047992882,478179.0,593399.7,0.5194644683267144,15.6056675402682
2026-04-02,9921,71.6,71.8,70.3,71.1,1233185.0,87463092.0,71.56,71.41,74.47,87.885,93.8375,107.8875,52.94117647058804,38.036809815950924,-4.26721921556387,-4.702842835548352,0.43562361998448207,14.379532991982385,28.840079987515388,33.828121052308916,,83.06181985501311,74.47,65.87818014498689,1223622.8,2107848.85,1.0078146631461917,70.92455065541667
2026-04-02,9924,45.35,45.35,44.8,45.05,194211.0,8749776.0,45.39,45.765,46.045,49.69916666666667,49.22333333333333,48.440000000000005,48.74371859296483,50.226244343891395,-0.8620809680191215,-0.9730018184376743,0.11092085041855282,27.578362900893598,25.89774705104318,34.729813478952714,,48.80713113755605,46.045,43.282868862443955,128943.8,126287.25,1.506167803337578,45.05293726925869
2026-04-02,9925,40.65,40.8,40.65,40.8,119959.0,4884483.0,40.75,40.725,40.775000000000006,40.7675,40.74541666666667,40.93208333333334,66.66666666666666,57.142857142857075,-0.011088420545654287,-0.012597915586946118,0.0015094950412918307,19.431172727734015,14.93845941831396,10.943198229754437,,40.965567020949116,40.775000000000006,40.584432979050895,165755.2,243352.25,0.7237118352848055,40.71793696179528
2026-04-02,9926,49.7,49.8,49.7,49.7,36337.0,1806906.0,49.7,49.905,50.56,,,,37.500000000000334,10.106382978723431,-0.10883228041906534,0.06340189320211063,-0.172234173621176,34.53904749030833,27.572124575555858,19.18464197737242,,53.917568042184,50.56,47.202431957816,86362.0,379016.5,0.42075218267293485,49.726339543715774
2026-04-02,9927,68.1,69.0,67.8,68.2,83624.0,5711092.0,68.08,67.74000000000001,68.005,68.62666666666668,62.635,65.78166666666667,70.58823529411771,60.81081081081084,-0.14430617066153673,-0.17805147561030185,0.033745304948765126,29.042066246766684,21.159670200218702,18.55652831337613,,69.95864706180743,68.005,66.05135293819257,116855.8,114654.15,0.7156170254279205,68.29489141873147
2026-04-02,9928,17.8,18.15,17.8,17.9,111371.0,2002717.0,17.89,17.875,17.8825,18.3175,18.058333333333334,,50.0,56.666666666666664,-0.09632029562067146,-0.13362080782384264,0.03730051220317118,24.843210287650802,18.381842992755544,8.662531668621211,,18.15253898354081,17.8825,17.61246101645919,53821.6,38094.0,2.069262154971238,17.982392184680034
2026-04-02,9929,12.8,13.4,12.65,12.7,91411.0,1187055.0,12.22,12.934999999999999,11.7075,,,,48.97959183673468,60.24096385542168,0.5013786977180583,0.47852613862483834,0.022852559093219982,37.407352187803994,18.321768627392057,31.71882887837474,,14.649263702986758,11.7075,8.765736297013241,83887.0,89212.7,1.089692085782064,12.985909792038157
2026-04-02,9930,70.1,70.5,70.1,70.3,24620.0,1731268.0,70.2,70.08000000000001,70.56,70.5,70.52666666666667,71.79375,62.49999999999989,51.6666666666667,-0.07420021624912465,-0.05891231471894432,-0.01528790153018033,37.22741001681658,21.003500001217894,18.072731919676414,,72.14731816198757,70.56,68.97268183801243,45327.6,94045.65,0.5431569286703907,70.3195775792039
2026-04-02,9931,36.7,37.8,36.3,37.3,199749.0,7402094.0,37.89,39.17,40.05,,,,28.333333333333286,29.88505747126436,0.3317754552401695,1.0293766886978533,-0.6976012334576838,33.994681007643294,31.267765600410595,16.92264296309689,,48.58309347250622,40.05,31.516906527493774,615173.4,991010.85,0.32470357138328804,37.05697650551442
2026-04-02,9933,35.7,36.0,34.6,35.65,4752354.0,167319229.0,35.62,35.78,33.685,32.60333333333333,32.17916666666667,,44.13793103448274,68.20987654320987,1.2027582295854913,1.0464723614389586,0.15628586814653267,32.63621287456503,18.799266719837014,26.4379214361735,,38.85292740701827,33.685,28.517072592981737,7792948.0,7915721.75,0.6098275004529736,35.20765267065543
2026-04-02,9934,9.41,9.42,9.31,9.35,570439.0,5334317.0,9.392,9.455000000000002,9.557,9.8775,10.022166666666667,10.562583333333333,29.032258064516043,47.999999999999964,-0.14785784764539933,-0.14049270613844456,-0.007365141506954775,18.52507770529015,20.00338104952228,9.714664465230397,,9.934922297778535,9.557,9.179077702221466,493979.6,560502.25,1.1547825051884735,9.351248775066221
2026-04-02,9935,19.35,19.35,19.0,19.05,95275.0,1820064.0,19.26,19.490000000000002,19.195,19.910000000000004,19.991666666666667,22.200625000000002,23.809523809523796,66.19718309859158,-0.0840323458983363,-0.09076144561434951,0.006729099716013209,18.82386163652735,22.277626641938888,17.129041877590723,,20.259202196853884,19.195,18.130797803146116,139193.8,275023.8,0.6844773258579047,19.10326948307531
2026-04-02,9937,56.3,56.5,56.2,56.5,50013.0,2819835.0,56.5,56.58,57.64,57.745,58.69416666666667,,39.99999999999999,2.8571428571428896,-0.4241822919341658,-0.30566186054404826,-0.11852043139011753,25.3737728738784,31.151901245267123,14.162498760196476,,60.907318230760296,57.64,54.372681769239705,82795.6,272747.2,0.6040538386097811,56.38204066942595
2026-04-02,9938,46.9,46.9,45.85,45.9,1561331.0,71962366.0,46.55,47.045,48.542500000000004,51.18916666666667,53.44291666666666,55.592916666666675,20.408163265306086,34.7222222222222,-1.3290213522486098,-1.1632186288929363,-0.1658027233556736,13.796776813119038,36.953260516627374,27.639607605377762,,52.30061752988505,48.542500000000004,44.784382470114956,1131761.4,1354414.55,1.3795584475667753,46.09039723159279
2026-04-02,9939,117.0,118.5,116.0,116.0,477431.0,55832137.0,117.2,117.4,119.75,120.56666666666666,124.425,137.62625,42.10526315789474,42.857142857142854,-1.1313314495545086,-0.6989269645859534,-0.4324044849685552,25.405651162149333,25.25860555939781,9.90568930192948,,125.5764370262699,119.75,113.9235629737301,699417.8,1138101.2,0.6826120238861522,116.94283990775631
2026-04-02,9940,20.05,20.1,19.85,20.0,183228.0,3655288.0,19.98,20.035,20.4075,21.779999999999998,22.64125,24.84645833333333,46.15384615384607,46.34146341463416,-0.47708393469044097,-0.5102849749873386,0.03320104029689763,21.919332927468872,31.851502924636204,24.6675674656089,,21.707813727326293,20.4075,19.107186272673705,387850.4,478368.95,0.47241926268478773,19.949396380465867
2026-04-02,9941,77.2,77.2,75.7,76.1,1288397.0,97883811.0,77.22,77.53,76.345,83.03666666666666,90.31666666666666,98.86999999999999,16.666666666666657,55.99999999999996,-0.7713877121410064,-1.1291415879406157,0.35775387579960927,16.86527085370661,18.94087510636083,20.19064059607536,,79.83542298748628,76.345,72.85457701251372,1661157.0,2302364.5,0.7756021857055052,75.97333042532698
2026-04-02,9942,114.5,115.5,114.5,115.0,62955.0,7229242.0,114.6,114.6,115.775,110.90833333333333,109.075,111.66375,62.50000000000001,50.0,0.39317616575067404,0.8013278367124371,-0.4081516709617631,19.970667313121147,19.93700792783524,21.19225174460607,,119.43811630345485,115.775,112.11188369654516,49431.6,89969.95,1.2735780351030515,114.83189579858629
2026-04-02,9943,57.9,58.4,57.5,57.6,36690.0,2121648.0,57.739999999999995,58.120000000000005,57.995000000000005,59.77,61.7325,68.38583333333332,48.88888888888887,59.340659340659364,-0.4358498346380202,-0.47667921176332745,0.040829377125307265,27.409228623819576,27.342310217124393,17.564545066275002,,59.90505648856393,57.995000000000005,56.08494351143608,49574.0,86353.5,0.7401057005688466,57.826328699918236
2026-04-02,9944,16.2,16.4,16.2,16.4,42664.0,693196.0,16.369999999999997,16.35,16.44,16.705000000000002,16.790833333333335,17.100416666666668,41.666666666666565,50.0,-0.10296874829053593,-0.11129677636604968,0.00832802807551375,13.346054169751692,21.87604522423845,18.492356677855742,,16.79183728296559,16.44,16.08816271703441,34734.8,44422.35,1.2282782684800257,16.24779673729608
2026-04-02,9945,25.6,25.65,25.3,25.4,2908810.0,73957120.0,25.19,25.335,26.797500000000003,28.683333333333334,29.32541666666667,30.832916666666666,63.41463414634137,31.932773109243684,-1.046881039903223,-0.980155887936662,-0.06672515196656092,13.257451243549703,35.00182060971703,41.05780508492743,,30.223173195461726,26.797500000000003,23.37182680453828,4109160.8,7523752.45,0.7078841986422143,25.42521512233525
2026-04-02,9946,17.6,17.6,17.05,17.1,304658.0,5257383.0,17.51,17.93,17.6125,17.726666666666667,17.857916666666668,19.161875,18.918918918918976,56.04395604395605,0.058544622354357756,0.12674287637434342,-0.06819825401998567,20.414724047083876,25.437993500087813,16.808229111992116,,18.909815041071205,17.6125,16.315184958928796,398221.0,393830.8,0.7650475489740621,17.256671415160607
2026-04-02,9949,33.0,33.2,32.0,32.8,110297.0,3602318.0,31.189999999999998,29.135,28.557499999999997,26.99,26.569999999999997,26.36,100.0,69.85645933014354,1.2485390349530192,0.6766958762517976,0.5718431587012216,39.90293138232674,18.7754141166291,27.6493012805968,,32.72621493514805,28.557499999999997,24.38878506485194,203178.2,221982.7,0.5428584365842398,32.66016301440656
2026-04-02,9950,10.6,10.6,10.45,10.6,100263.0,1057999.0,10.629999999999999,10.64,10.669999999999998,10.811666666666667,10.855833333333333,10.877916666666668,59.99999999999986,46.15384615384617,-0.04876026890888596,-0.0434367692870282,-0.005323499621857762,12.762228690501107,10.119047091071073,29.33989505372788,,10.946062540587798,10.669999999999998,10.393937459412198,78957.8,73411.75,1.2698302131011756,10.55223761507236
2026-04-02,9951,54.5,54.7,53.9,54.5,73568.0,3994199.0,54.14,54.120000000000005,54.205,54.62833333333333,54.714166666666664,54.75708333333333,57.142857142857046,53.33333333333332,-0.1207199052562089,-0.18711555957755902,0.06639565432135011,16.428156282219064,20.199891133192896,25.960727611492594,,55.66819765186424,54.205,52.74180234813576,64740.8,81543.0,1.1363467859525986,54.29261363636363
2026-04-02,9955,31.9,31.95,30.45,30.45,319472.0,9886217.0,30.830000000000002,31.525,33.0225,32.714999999999996,31.09666666666667,30.091250000000002,42.85714285714287,39.72602739726026,-0.7694990618634883,-0.4105734164790365,-0.35892564538445176,24.25382684377478,35.458561917504305,16.680224810357313,,36.87456369844044,33.0225,29.170436301559562,340748.8,740464.0,0.937558694263927,30.945488180497822
2026-04-02,9958,113.0,113.5,101.5,103.0,5589406.0,586148493.0,113.1,118.6,122.825,132.09166666666667,146.925,167.85104166666667,8.510638297872333,29.2929292929293,-5.440825455275771,-3.7131841325755883,-1.7276413227001828,11.48189361250618,39.126847521626324,23.39174013373745,,137.06828096442302,122.825,108.581719035577,2132675.8,1531035.5,2.620841855100527,104.86776108230463
2026-04-02,9960,25.35,25.4,25.2,25.4,74578.0,1889193.0,24.74,23.82,23.2625,,,,100.0,85.89743589743581,0.5144922504421849,0.19856180877214327,0.3159304416700417,54.375370603569806,10.56612345067327,43.58179320588047,,25.269297658486085,23.2625,21.255702341513913,59546.8,22569.3,1.2524266627257887,25.33177344525195
2026-04-02,9962,10.4,10.55,10.35,10.35,44022.0,460164.0,10.6,10.765,11.067499999999999,11.388333333333334,11.469166666666666,11.509583333333333,6.6666666666667425,22.72727272727272,-0.26094428362498867,-0.18482778045193224,-0.07611650317305643,7.7905890069663535,23.37666667237478,42.85284678024307,,11.905589933624144,11.067499999999999,10.229410066375854,42013.2,59056.85,1.0478135443146441,10.453046204170642
