trade_date,stock_id,open,high,low,close,volume,amount,ma_5,ma_10,ma_20,ma_60,ma_120,ma_240,rsi_6,rsi_14,macd_dif,macd_dea,macd_hist,dmi_pdi,dmi_mdi,dmi_adx,dmi_adxr,bb_upper,bb_mid,bb_lower,vol_ma5,vol_ma20,vol_ratio,vwap
2026-03-06,0050,76.8,77.3,76.3,76.85,151611764.0,11638160681.0,79.03,77.11,74.9275,66.84416666666667,62.01791666666667,103.04208333333334,47.878787878787826,62.39067055393585,3.1896145794673885,3.135711264226606,0.0539033152407824,44.02657200144191,28.048828662206336,40.683726021057964,,80.96592738327782,74.9275,68.88907261672217,171436711.0,131739798.55,0.8843599665184897,76.76291320639208
2026-03-06,0051,106.0,108.2,105.4,106.6,133081.0,14239949.0,110.00999999999999,107.745,106.725,95.82416666666667,90.63000000000001,81.993125,51.140065146579786,49.82394366197182,3.549621237157268,3.8673447922946163,-0.31772355513734807,36.15291050670022,24.613335568131166,39.75778580736083,,112.38887444106932,106.725,101.06112555893067,105654.4,117790.95,1.2595878638277251,107.00211901022685
2026-03-06,0052,45.4,45.92,45.35,45.6,44815274.0,2043191706.0,47.010000000000005,45.846,44.5595,89.953,156.29441666666668,168.77720833333333,45.884413309982506,60.12216404886562,-3.9967128645137464,-6.646265660219492,2.6495527957057456,28.936225511237907,50.27832543115013,44.043711854539765,,48.206909895726376,44.5595,40.912090104273624,66318279.6,55127539.6,0.6757605032926698,45.591413900537574
2026-03-06,0053,168.65,171.0,168.65,169.6,17133.0,2907608.0,174.6,170.005,165.475,145.80166666666668,135.31041666666667,116.86570833333333,51.364764267990026,60.15132408575028,7.565308374207746,7.530386260497576,0.03492211371016918,46.07744335942524,27.382412686434442,41.992175628678105,,178.6527923236935,165.475,152.2972076763065,25733.0,28887.85,0.6657987797769401,169.70804879472362
2026-03-06,0055,32.5,32.86,32.5,32.8,182699.0,5981252.0,33.734,33.436,32.8055,31.486166666666666,30.9965,29.541541666666667,41.982507288629705,56.98729582577126,0.529427880020279,0.5471046156038835,-0.017676735583604497,32.45883389776345,24.074645492963008,37.38960314075875,,34.53167587687185,32.8055,31.07932412312815,460792.0,253807.05,0.39648908835222835,32.73828537649358
2026-03-06,0056,38.3,38.74,38.1,38.63,36627259.0,1409560900.0,39.408,38.876000000000005,38.393,36.961666666666666,36.55774999999999,35.525999999999996,49.002849002849,58.56443719412728,0.5968854973789774,0.5672893291841865,0.02959616819479094,33.95653486829707,31.64166175883959,22.039018151298492,,40.08421693961553,38.393,36.70178306038447,62430665.2,68897253.6,0.5866869892009415,38.48393077953226
2026-03-06,0057,225.6,227.5,225.6,226.5,39164.0,8882171.0,232.95999999999998,227.64499999999998,221.40749999999997,196.4058333333333,182.38166666666666,159.964,49.03474903474904,60.72106261859584,9.53041828491061,9.562477071030633,-0.03205878612002344,47.25677840748174,30.661711326230712,39.37157558913367,,238.69912483613632,221.40749999999997,204.11587516386362,40307.6,43357.15,0.971628179301174,226.79427535491777
2026-03-06,0061,23.65,23.65,23.43,23.6,171448.0,4026938.0,23.744,23.715,23.5885,22.91133333333333,22.101166666666664,20.26954166666667,41.07142857142874,51.33333333333342,0.19943156567356013,0.22531880001746063,-0.0258872343439005,19.52380080356108,25.816124270317687,10.755965892813375,,23.959857396305758,23.5885,23.217142603694242,470645.2,389229.8,0.3642829035545247,23.48780971489898
2026-03-06,1101,24.65,25.25,24.55,25.15,19804652.0,495234086.0,25.830000000000002,25.73,25.877499999999998,23.48916666666667,,,37.73584905660372,36.263736263736234,0.4730484578636869,0.6615371253683051,-0.18848866750461823,23.025110269278386,26.03053358140946,34.53654454755037,,26.841851431901418,25.877499999999998,24.913148568098578,31463988.0,31915531.6,0.6294387094223403,25.005947390542385
2026-03-06,1102,34.3,34.7,34.15,34.45,6976666.0,240332043.0,35.2,35.34,35.29,36.664166666666674,36.96166666666667,39.688541666666666,22.727272727272947,42.222222222222285,-0.40054973184442133,-0.39635203044561623,-0.004197701398805098,18.553665207217136,28.66731697243235,15.481909551204222,,36.29031573962977,35.29,34.28968426037023,9966227.2,8897464.6,0.7000308000202926,34.44797887701662
2026-03-06,1103,13.6,13.85,13.5,13.8,251635.0,3449636.0,13.940000000000001,13.955000000000002,14.02,13.870833333333334,13.614166666666668,14.487083333333334,36.84210526315793,38.88888888888896,-0.019683414726967996,0.01622144749112219,-0.03590486221809019,16.832814227082117,23.11517232952586,17.39909613988931,,14.357794705638725,14.02,13.682205294361275,240186.8,337040.05,1.0476637350595455,13.708887873308562
2026-03-06,1104,28.85,29.2,28.7,28.9,656902.0,19034531.0,29.54,29.565000000000005,29.702499999999997,30.36,30.148750000000003,29.331875000000004,32.35294117647058,37.28813559322038,-0.2453904306681629,-0.21269597486828565,-0.03269445579987726,18.26954135373789,30.10084001020778,15.932245003224136,,30.427595275046496,29.702499999999997,28.977404724953498,617659.8,591153.5,1.063533679867137,28.976211063446296
2026-03-06,1108,15.05,15.15,15.0,15.1,241450.0,3627775.0,15.2,15.169999999999998,15.125,15.016666666666667,15.063333333333333,14.805208333333333,44.44444444444436,58.33333333333331,0.046648723751763654,0.049677421067666185,-0.00302869731590253,23.499047069063927,19.441603057438865,19.109471464441704,,15.292017175290741,15.125,14.957982824709259,201947.4,183834.45,1.1956083613851924,15.024953406502382
2026-03-06,1109,15.35,15.5,15.3,15.5,113437.0,1751017.0,15.65,15.55,15.492499999999998,15.536666666666665,15.6475,16.292916666666667,52.380952380952415,51.724137931034505,0.019376413857386865,0.0063643806020679495,0.013012033255318915,21.963786210777844,22.149829439858998,23.326167407249088,,15.79210500312025,15.492499999999998,15.192894996879746,150738.0,120581.75,0.7525441494513659,15.436030572035579
2026-03-06,1110,15.7,16.05,15.7,16.0,185284.0,2934436.0,16.32,16.36,16.2775,16.465,16.825416666666666,17.97645833333333,35.71428571428574,45.45454545454546,-0.048331019835082145,-0.026029779098123793,-0.022301240736958352,10.346449595202033,24.097858793602125,15.606333706241076,,16.735728855716157,16.2775,15.819271144283842,200910.4,181246.45,0.9222220452500219,15.837503508128062
2026-03-06,1201,14.2,14.4,14.2,14.35,252312.0,3613569.0,14.459999999999999,14.464999999999998,14.475,14.719999999999999,15.06875,15.905,43.750000000000036,42.42424242424246,-0.06812909257637223,-0.06668914113181172,-0.0014399514445605083,14.050955664899027,22.955913809111863,24.421724940537338,,14.69860679775052,14.475,14.25139320224948,366144.4,306668.85,0.6891051727132792,14.321827737087416
2026-03-06,1203,39.35,39.8,39.35,39.8,20832.0,825208.0,40.510000000000005,40.285,39.955,39.77583333333334,,,46.93877551020404,53.06122448979589,0.1939902183616411,0.16610429724563475,0.02788592111600635,25.04681436232535,27.7078139122978,14.968975320323802,,41.255161933233744,39.955,38.65483806676625,32643.0,23494.0,0.6381766381766382,39.61251920122888
2026-03-06,1210,50.5,51.5,50.2,51.3,1496544.0,76326046.0,51.06,51.08,51.24499999999999,51.675,52.373333333333335,55.71479166666667,48.48484848484846,53.70370370370371,-0.12379487691705293,-0.1366260967931491,0.012831219876096173,21.9485251729405,18.91901302632626,9.424119249504736,,52.274000537055706,51.24499999999999,50.215999462944275,1641463.6,1750173.8,0.9117131808466541,51.001538210704126
2026-03-06,1213,9.85,9.86,9.85,9.86,4001.0,39429.0,9.824000000000002,,,,,,53.846153846153854,40.95744680851065,-0.1568749352025396,-0.1530947575717628,-0.0037801776307767876,16.340001555354515,37.1733508150755,20.394588749445553,,,,,6090.0,8974.1,0.6569786535303777,9.854786303424143
2026-03-06,1215,157.0,163.5,154.5,163.5,1084201.0,173619998.0,155.9,152.4,151.025,142.90833333333333,138.82083333333333,122.82,100.0,77.77777777777777,3.961610728703647,2.936057214280522,1.025553514423125,36.891973111199164,14.75372871483535,26.740456577487986,,158.78098241088006,151.025,143.26901758911995,978702.8,762263.4,1.1077939084265418,160.1363566349782
2026-03-06,1216,70.9,72.0,70.6,71.9,9018816.0,644979782.0,72.64,73.21000000000001,72.925,75.14666666666668,76.71666666666667,78.35333333333332,41.17647058823527,50.73529411764707,-0.7837458705949558,-0.7496295599171819,-0.034116310677773876,19.43488119549722,28.89759208328734,17.47928986178797,,74.86393622489655,72.925,70.98606377510345,14398147.6,10747985.45,0.6263872444258038,71.51490639126023
2026-03-06,1217,10.35,10.4,10.25,10.4,339896.0,3516308.0,10.459999999999999,10.5,10.5375,10.439166666666667,10.559166666666666,10.866291666666667,38.461538461538375,40.90909090909092,-0.01670834069177829,0.006274556453177634,-0.022982897144955924,15.617492366597919,23.312650515800637,13.142557345815561,,10.777839671912096,10.5375,10.297160328087903,701345.8,579919.1,0.48463397086002363,10.345246781368418
2026-03-06,1218,17.9,18.2,17.85,18.1,436041.0,7883312.0,18.169999999999998,18.155,18.252499999999998,18.199166666666667,18.53916666666667,19.399791666666665,44.44444444444458,45.45454545454549,-0.03444909747635805,-0.01419636318077089,-0.02025273429558716,20.87310810789543,21.307890199210654,13.569319212840165,,18.63290836783126,18.252499999999998,17.872091632168736,574446.4,546046.1,0.7590629865554036,18.079290708901226
2026-03-06,1219,13.4,13.5,13.3,13.5,151555.0,2038651.0,13.540000000000001,13.559999999999999,13.532500000000002,13.569166666666668,13.611250000000002,14.146666666666667,45.454545454545396,46.666666666666615,-0.005406345042080929,0.0007981111661077286,-0.006204456208188658,13.270572833431757,20.17079310653348,11.633547607539798,,13.674941123570479,13.532500000000002,13.390058876429526,232950.4,250180.05,0.6505891382886657,13.451558840025074
2026-03-06,1220,12.9,12.95,12.85,12.9,95205.0,1229086.0,13.05,12.99,12.897499999999999,12.678333333333335,12.875833333333333,13.75,38.461538461538375,54.166666666666664,0.10341075669738409,0.10173324638108538,0.0016775103162987026,23.52478037217013,18.7954274778079,22.614696073083685,,13.216173236371327,12.897499999999999,12.57882676362867,133345.6,176017.2,0.7139718145930574,12.909889186492306
2026-03-06,1225,31.1,32.9,30.7,32.8,508591.0,16386200.0,31.15,29.890000000000004,29.165000000000003,29.77,30.264166666666664,,82.11382113821136,76.02339181286547,0.574001513155519,0.0550978722243292,0.5189036409311898,38.852499037853136,13.567290502395753,32.178594970073895,,32.009403554156464,29.165000000000003,26.32059644584354,615735.4,281065.45,0.8259895403122834,32.21881629836155
2026-03-06,1227,29.4,29.75,29.3,29.6,514364.0,15197319.0,29.82,29.55,29.317500000000003,30.216666666666665,30.516666666666666,32.471666666666664,54.545454545454604,59.67741935483873,-0.08641415664964214,-0.20419945712704413,0.11778530047740199,23.690753318554364,23.680676987214984,20.99292362770317,,30.265780993223867,29.317500000000003,28.369219006776138,905513.2,920279.65,0.5680358938997245,29.545844965821868
2026-03-06,1229,44.0,46.95,43.65,45.25,4844552.0,219510278.0,44.75,44.915,45.4825,46.87166666666667,47.55666666666666,47.16354166666667,48.07692307692306,42.70833333333332,-0.621381376089154,-0.6145841062653304,-0.00679726982382356,31.018410529003642,22.04017732144978,19.906961940466108,,47.0783086549331,45.4825,43.8866913450669,2652886.6,2003165.85,1.8261436429284237,45.310748651268476
2026-03-06,1231,81.5,84.8,80.5,84.5,661213.0,54776145.0,85.78,89.26,91.85,96.50833333333334,112.90833333333333,125.94937499999999,19.178082191780803,23.91304347826089,-3.2577781241687376,-2.348353572211754,-0.9094245519569837,13.593117502805141,44.30212914380689,26.19086103578963,,99.80950276151894,91.85,83.89049723848105,854687.8,495331.65,0.7736310264402978,82.84190570965785
2026-03-06,1232,152.0,152.0,151.0,151.5,65409.0,9907768.0,151.9,150.25,148.025,145.85833333333332,146.64166666666668,149.30916666666664,70.0,72.0,1.778493802611564,1.2897549463589648,0.48873885625259916,30.885449490057994,8.539837857411458,41.371883334938346,,153.57358919954115,148.025,142.47641080045886,112934.8,96230.65,0.5791748867488143,151.47407849072758
2026-03-06,1233,32.35,32.4,32.3,32.4,10030.0,324521.0,32.879999999999995,32.565000000000005,32.355000000000004,31.866666666666667,31.328333333333333,31.535833333333336,52.17391304347829,55.769230769230695,0.21949797499585344,0.18885740823276526,0.030640566763088184,28.016561837802307,41.24050144067527,11.216512290353263,,33.13291895126478,32.355000000000004,31.57708104873523,38694.2,34005.3,0.25921197492130604,32.355034895314056
2026-03-06,1234,36.3,36.55,36.3,36.45,80644.0,2935521.0,36.94,37.004999999999995,37.0,37.461666666666666,38.02916666666667,39.244791666666664,25.000000000000128,36.734693877551024,-0.18971423403096566,-0.15910688713215643,-0.03060734689880923,12.861406068818043,32.06257752490001,26.571713575022343,,37.51298917604405,37.0,36.48701082395595,191901.6,125143.35,0.42023620438808224,36.40098457417787
2026-03-06,1235,42.35,42.45,41.55,41.65,17911.0,750488.0,44.129999999999995,42.900000000000006,42.2625,46.01333333333333,,,52.058823529411754,47.663551401869164,-0.4538271961136289,-0.9011911539839279,0.44736395787029903,26.631951744932408,29.64419932656494,25.87138315187454,,46.06220566725623,42.2625,38.462794332743776,34190.2,23193.8,0.5238635632432685,41.90095472056278
2026-03-06,1236,27.95,28.0,27.45,27.75,101892.0,2819416.0,27.169999999999998,26.77,26.372499999999995,25.598333333333336,24.582083333333333,,91.42857142857133,79.24528301886792,0.47729111324899165,0.3456186358884649,0.13167247736052673,37.489127228838214,13.625686238596927,33.164671404165766,,27.823262050205322,26.372499999999995,24.921737949794668,119465.4,112850.0,0.8528996680210338,27.67063164919719
2026-03-06,1240,59.0,59.5,58.6,58.8,15000.0,884900.0,59.04,59.339999999999996,59.74000000000001,59.980000000000004,60.04,60.07000000000001,41.4634146341463,38.98305084745759,-0.32179116681239606,-0.17787806419757554,-0.14391310261482052,22.676038310529187,27.525530393377167,56.49268034143743,,60.90691225485309,59.74000000000001,58.57308774514693,17000.0,17918.9,0.8823529411764706,58.99333333333333
2026-03-06,1256,165.5,168.0,165.5,166.5,60021.0,10003939.0,161.7,160.15,159.35,147.00833333333333,147.88333333333333,135.9125,68.42105263157895,60.91954022988505,4.251134479580088,3.995645816571341,0.2554886630087472,32.4675764320493,7.628343267451974,46.71504800155486,,167.33749021908525,159.35,151.36250978091473,97254.6,82928.6,0.6171533274518635,166.67398077339598
2026-03-06,1259,59.9,59.9,59.9,59.9,1000.0,59900.0,,,,,,,11.764705882352715,55.319148936170144,0.18396265807044188,0.2725643907243751,-0.08860173265393323,3.157385119174055,4.097041488446586,77.79240856505417,,,,,,,,59.9
2026-03-06,1264,278.5,284.5,278.5,281.0,22000.0,6213000.0,282.2,282.9,280.8,279.26666666666665,278.8833333333333,278.69166666666666,31.578947368421055,57.57575757575758,0.9188236678622843,1.043162737420554,-0.12433906955826979,29.12758145040676,16.565060582215548,54.48013181674435,,285.8617242745513,280.8,275.7382757254487,23400.0,18635.95,0.9401709401709402,282.40909090909093
2026-03-06,1268,159.5,161.5,159.5,159.5,31000.0,4961000.0,160.2,160.7,160.175,159.725,159.6125,159.55625,28.57142857142857,50.0,0.14944893663732728,0.27898747162439236,-0.12953853498706508,15.837167455151471,15.864183602291742,55.23267039759698,,161.83806628661773,160.175,158.5119337133823,34000.0,33022.45,0.9117647058823529,160.03225806451613
2026-03-06,1294,79.2,80.5,78.8,79.3,242000.0,19173700.0,79.06,79.50999999999999,79.14,78.78,78.69,78.64499999999998,33.33333333333333,54.92957746478875,0.13647392531464675,0.20693665617914486,-0.07046273086449811,7.51718337235014,3.4113322873163785,36.89568036160763,,80.59443061747635,79.14,77.68556938252365,120400.0,105648.3,2.009966777408638,79.23016528925619
2026-03-06,1295,74.0,74.6,73.5,73.5,47000.0,3478600.0,75.66,75.89000000000001,77.61,78.86999999999999,79.185,79.3425,24.9999999999999,27.272727272727295,-1.2015312049473863,-0.7841405753535425,-0.41739062959384376,6.360061373858961,21.03622324965534,,,81.92491903930883,77.61,73.29508096069117,88600.0,75833.35,0.5304740406320542,74.0127659574468
2026-03-06,1301,46.75,50.3,46.75,50.2,38820011.0,1915465020.0,49.7,47.985,47.7625,42.924166666666665,40.74583333333333,38.63520833333334,65.2892561983471,56.38766519823789,1.7675435293011788,1.6452410739920766,0.12230245530910211,37.55687422493884,24.06330376933931,23.376499311269765,,52.39884100285317,47.7625,43.12615899714684,52004206.0,53137689.55,0.7464782944671822,49.34220703852969
2026-03-06,1303,81.5,86.2,81.4,82.3,82759323.0,6935918862.0,87.36,82.35,79.55499999999999,64.37916666666666,52.530416666666675,41.745000000000005,57.77777777777777,55.860805860805854,5.5692383719570415,5.451223083315118,0.11801528864192345,33.03618116219438,22.465722040645534,32.85016453457369,,91.48470198595368,79.55499999999999,67.62529801404631,110892274.2,107736042.1,0.7463037763184407,83.80830836424315
2026-03-06,1304,12.1,13.1,12.0,13.1,23980167.0,310772475.0,12.379999999999999,11.975,11.9125,11.353333333333332,10.926250000000001,10.671916666666666,83.33333333333329,60.39603960396038,0.2631046050624182,0.1657335276119281,0.09737107745049006,32.03100062168344,13.641131146257354,24.129504216955795,,12.986535675189089,11.9125,10.83846432481091,10292782.4,8412870.95,2.3298041353715977,12.959562583529964
2026-03-06,1305,12.1,13.25,12.1,13.25,14481007.0,190126887.0,12.39,12.095,12.122499999999999,11.517500000000002,11.50375,11.436333333333332,81.3953488372093,58.0,0.24034332562797545,0.16559098153575186,0.07475234409222359,34.75570270697767,10.728554213055421,29.737075666431572,,13.061410342673472,12.122499999999999,11.183589657326525,5903737.4,4402038.1,2.4528541869087874,13.129396802308015
2026-03-06,1307,34.15,36.2,33.7,35.25,4790967.0,169857430.0,34.55,33.215,32.540000000000006,32.795833333333334,31.8725,35.0625,74.19354838709683,68.6868686868687,0.5550956182304958,0.15587378825521284,0.399221829975283,41.22558364106531,22.434311807187175,21.354527870262718,,35.492893317979,32.540000000000006,29.58710668202102,2310924.0,1494602.1,2.07318241534555,35.45368398488238
2026-03-06,1308,13.8,15.0,13.75,15.0,13471084.0,200355312.0,14.059999999999999,13.76,13.739999999999998,13.365833333333335,12.827083333333333,12.803125,84.78260869565219,60.95238095238096,0.17562228747033792,0.08566907208556061,0.08995321538477731,30.985587868537714,10.7428615269717,22.78337063727575,,14.671665175908307,13.739999999999998,12.80833482409169,4741558.2,2974009.25,2.841066888095985,14.87299106738552
2026-03-06,1309,13.0,13.95,12.9,13.95,11050554.0,152953997.0,12.74,12.389999999999999,12.305,11.595,11.420833333333333,11.649375,95.12195121951221,66.99029126213594,0.33282457886663863,0.21342213169108734,0.11940244717555129,33.019335440841196,9.418650275832483,24.37972807419561,,13.321133020716122,12.305,11.288866979283878,4261611.4,2500986.2,2.593045907470587,13.841296734987223
2026-03-06,1310,9.85,10.65,9.85,10.65,10424095.0,109639498.0,9.556000000000001,9.273,9.120000000000001,8.882333333333333,8.915166666666668,8.974124999999999,89.4230769230769,86.86440677966101,0.24163524666614222,0.10935820073580288,0.13227704593033934,36.89151847617907,8.468547483958373,23.573347611664232,,9.938676724322372,9.120000000000001,8.30132327567763,6362446.6,3661246.75,1.6383783873329485,10.517891289363728
2026-03-06,1312,12.9,14.05,12.9,14.05,29362240.0,407236634.0,13.39,13.094999999999999,13.1525,11.836666666666668,10.881666666666666,10.781791666666667,65.57377049180326,54.700854700854705,0.3503542322768691,0.34995100631437637,0.0004032259624927592,29.010458603468418,18.61074253315753,21.97472639621259,,14.06237274992297,13.1525,12.24262725007703,13091727.6,9071609.05,2.2428086572775925,13.86939940549495
2026-03-06,1313,12.4,13.5,12.2,13.5,44374083.0,587829187.0,11.879999999999999,11.194999999999999,11.0,10.5725,10.408999999999999,9.541166666666667,100.0,71.96261682242991,0.41791505806123297,0.15863151830010536,0.2592835397611276,40.76816364318795,12.713922313058962,19.447197876248254,,12.60591013709388,11.0,9.39408986290612,16804160.4,7656178.5,2.6406605235689136,13.247128667425082
2026-03-06,1314,8.14,8.92,8.1,8.92,134119859.0,1167119698.0,8.41,8.187999999999999,8.136000000000001,8.178666666666667,7.753333333333333,7.4735000000000005,79.4117647058823,67.96874999999999,0.11355920619151405,0.045484429091340546,0.06807477710017351,39.459363182645966,14.532657383905837,19.650977933449486,,8.658278409320205,8.136000000000001,7.613721590679797,53386813.4,30855114.35,2.512228216265854,8.702064755376757
2026-03-06,1315,63.6,63.8,63.5,63.5,18352.0,1167723.0,64.53999999999999,64.53,,,,,20.833333333333286,46.3414634146342,-0.025338540680067467,0.041432867631213954,-0.06677140831128142,24.329715484378216,27.383143832477913,18.597530541306554,,,,,34558.4,33717.45,0.5310431038474003,63.62919572798605
2026-03-06,1316,13.0,13.25,12.9,13.2,1292874.0,16994086.0,13.45,13.580000000000002,13.8,14.7225,,,24.99999999999997,39.393939393939384,-0.41039073228796497,-0.37678116153955316,-0.03360957074841181,20.255828564934138,32.70682178187213,18.79392403313135,,14.513774252975262,13.8,13.08622574702474,2056923.4,2253414.85,0.6285474704600084,13.144425520197638
2026-03-06,1319,93.5,94.4,92.8,93.0,1475693.0,137786234.0,97.25999999999999,100.33000000000001,105.215,99.13333333333334,98.105,107.00666666666666,0.0,17.64705882352942,-1.1883311173348687,0.771118045905144,-1.9594491632400128,17.460949042641715,31.387035000274743,24.17715401545241,,117.19626168560508,105.215,93.23373831439493,2778878.2,3385064.9,0.5310391077953686,93.37052760973997
2026-03-06,1321,33.4,34.2,33.35,34.05,161000.0,5443200.0,33.81,33.464999999999996,33.4275,34.82416666666666,35.60333333333333,35.670833333333334,76.00000000000009,62.29508196721318,-0.21999387317620034,-0.3852385522476871,0.16524467907148677,24.074998303808545,21.04007498456285,23.947383775822257,,34.087224823017124,33.4275,32.76777517698288,129155.4,158107.6,1.2465603451346208,33.80869565217391
2026-03-06,1323,18.4,18.7,18.4,18.7,81541.0,1516547.0,18.68,18.685,18.7625,19.289166666666667,19.514583333333334,20.517708333333335,33.33333333333333,47.619047619047606,-0.1649903574822531,-0.18751143155062366,0.02252107406837056,6.8144254499798125,22.1128827520578,56.81314194105931,,19.09475703429908,18.7625,18.43024296570092,54732.0,49102.55,1.489823138200687,18.59858230828663
2026-03-06,1324,10.4,10.9,10.4,10.8,251076.0,2684736.0,10.63,10.635,10.7125,10.6,10.832916666666668,11.209375,41.17647058823539,51.51515151515154,9.038411766937315e-05,0.004587100918199046,-0.0044967168005296725,26.43267838395759,19.89509523038453,14.956680017077812,,11.076505494463989,10.7125,10.348494505536012,120497.6,78970.75,2.083659757538739,10.69292166515318
2026-03-06,1325,27.6,28.1,27.1,27.9,215855.0,5994745.0,28.5,29.165,30.130000000000003,30.804166666666667,30.138333333333332,30.228749999999998,16.90140845070418,32.55813953488375,-0.711005024731719,-0.4500713709174038,-0.2609336538143152,25.15360018731267,33.425291811098774,12.547080071933046,,33.730058479057156,30.130000000000003,26.529941520942845,324441.0,1292716.6,0.6653135701098196,27.772092376827036
2026-03-06,1326,43.3,46.0,43.3,46.0,46537129.0,2106079658.0,46.769999999999996,44.21,42.332499999999996,35.69916666666666,32.46458333333333,29.327916666666667,60.44568245125348,55.69422776911074,2.9782613813517713,2.700241494797927,0.27801988655384413,35.4052542927161,17.411417637223582,42.62929276297798,,49.45934140563351,42.332499999999996,35.20565859436648,73161135.2,58153648.15,0.6360908544240302,45.25590003629145
2026-03-06,1336,14.9,15.05,14.9,14.95,69000.0,1033300.0,15.36,15.475,15.622499999999999,15.707500000000001,15.72875,15.739374999999999,35.714285714285666,36.2068965517241,-0.14302948863716303,-0.056953389133826283,-0.08607609950333675,5.229404553845662,24.221980557827045,65.11642193478083,,16.244445165970184,15.622499999999999,15.000554834029813,175000.0,163935.2,0.3942857142857143,14.97536231884058
2026-03-06,1337,5.3,5.77,5.25,5.77,1578680.0,8923701.0,5.4079999999999995,5.345999999999999,5.513,5.149666666666667,5.154583333333333,5.54325,80.85106382978724,57.24137931034483,0.05810343028980913,0.06542891860140643,-0.007325488311597295,38.22188304758246,18.22223458780079,28.070438023982156,,6.022493040084694,5.513,5.003506959915306,645629.6,1237956.2,2.445179093399683,5.652634479438518
2026-03-06,1338,17.0,17.25,17.0,17.25,152895.0,2611536.0,18.080000000000002,18.675,19.330000000000002,20.129166666666666,21.105833333333333,23.60604166666667,6.666666666666757,8.955223880597018,-0.6678787253496914,-0.4424333063609752,-0.22544541898871617,3.1864781686919015,48.44460275788284,53.19498229740858,,21.138285026437615,19.330000000000002,17.52171497356239,313677.6,156866.0,0.4874272182648682,17.08058471500049
2026-03-06,1339,42.65,42.65,41.5,42.15,31171.0,1313797.0,43.25,43.165,43.177499999999995,44.15333333333333,44.270833333333336,48.11875,35.93750000000007,46.49681528662419,-0.2775723407368247,-0.26505543964366196,-0.012516901093162724,19.722441103941904,30.76616350752231,12.546037083949093,,44.69250390827869,43.177499999999995,41.6624960917213,72569.0,65918.7,0.42953602778045724,42.14805428122293
2026-03-06,1340,6.99,7.4,6.82,7.27,482189.0,3499682.0,7.078,6.981,6.8785,7.100833333333332,6.86025,7.289416666666667,52.94117647058822,62.14953271028037,-0.02520313260563256,-0.07564731052601928,0.05044417792038672,31.238818612723694,20.238039417081698,20.19416761474998,,7.393057551382415,6.8785,6.363942448617585,217277.4,244436.2,2.2192321888976947,7.257905095304953
2026-03-06,1341,58.7,60.0,58.7,60.0,4009.0,238134.0,61.120000000000005,60.48,59.38000000000001,,,,41.17647058823527,65.06024096385542,0.6980263462591907,0.5729221959695975,0.1251041502895932,29.00668254914731,36.294792438240684,15.300232401739084,,62.437071181788546,59.38000000000001,56.32292881821147,6492.0,7421.65,0.6175292667898953,59.39985033674233
2026-03-06,1342,97.0,98.0,96.3,97.2,314403.0,30546940.0,100.12,100.76,97.785,90.29666666666667,87.97083333333333,90.82375,30.120481927710856,60.000000000000014,2.579060443177511,2.996807669697962,-0.41774722652045115,29.387622564560374,22.66076599190057,36.41559210790593,,104.63966418233849,97.785,90.9303358176615,570650.6,612141.35,0.5509553481587508,97.15855128608824
2026-03-06,1402,27.85,29.3,27.8,29.25,18623955.0,536697252.0,28.660000000000004,28.425,28.32,28.083333333333332,27.816666666666666,29.878750000000004,61.33333333333336,61.41732283464565,0.1639230687554445,0.09128601193642404,0.07263705681902045,38.66174335706975,19.577466996560457,19.200801255458558,,29.208167836201532,28.32,27.431832163798468,31250354.8,15058989.05,0.5959597937108861,28.81757671772725
2026-03-06,1409,14.8,15.7,14.75,15.55,8892407.0,137137864.0,15.34,15.275,15.194999999999999,15.174166666666668,14.743333333333334,13.971666666666668,57.575757575757585,59.67741935483873,0.05079837523303077,0.03162206431800662,0.01917631091502415,32.579662990573915,23.60318866795813,15.155709813684656,,15.766148427570213,15.194999999999999,14.623851572429784,5154758.0,4406345.0,1.7250871912900665,15.421905902417647
2026-03-06,1410,33.2,33.65,33.0,33.1,18594.0,618116.0,33.339999999999996,33.455,33.477500000000006,,,,35.48387096774211,42.10526315789476,-0.18064135681921556,-0.18487838742162593,0.004237030602410374,11.410709438161735,12.714930775150165,9.147864197917317,,33.95042482990165,33.477500000000006,33.00457517009836,41384.8,45497.9,0.44929539347779857,33.242766483811984
2026-03-06,1413,9.78,9.8,9.78,9.8,9156.0,89632.0,9.908,9.934000000000001,9.929,,,,22.22222222222217,42.400000000000006,-0.034070640553307996,-0.027058058502368403,-0.007012582050939593,26.071222709105278,23.71895314051213,11.005051800730223,,10.142827279044123,9.929,9.715172720955877,19851.8,34063.8,0.4612176225833426,9.789427697684578
2026-03-06,1414,21.1,21.1,20.4,20.9,392529.0,8128707.0,20.229999999999997,20.0,19.6625,18.144166666666667,17.93166666666667,19.001875,91.66666666666706,71.69811320754727,0.6223480513652575,0.5628513302061321,0.05949672115912541,34.905688918671416,6.136874010223951,45.398805412407924,,20.601073946277804,19.6625,18.7239260537222,346362.2,423253.0,1.1332905265066453,20.708551470082465
2026-03-06,1416,11.55,11.75,11.55,11.7,274225.0,3190351.0,11.709999999999999,11.709999999999999,11.7325,11.7,11.569583333333334,11.922708333333334,42.85714285714278,46.666666666666636,-0.014893629809680675,-0.005706853709509858,-0.009186776100170817,19.947524582102794,12.869463839814888,23.356265210662396,,11.85071033884805,11.7325,11.61428966115195,222108.8,240232.75,1.234642661614488,11.634063269213238
2026-03-06,1417,8.75,8.84,8.7,8.83,217581.0,1912421.0,8.804,8.801,8.7765,8.807666666666668,8.522749999999998,8.408875,55.55555555555545,55.384615384615415,-0.010186535650012374,-0.016499440259863742,0.0063129046098513684,13.903278006739919,19.183060455144528,15.095420378487642,,8.926064279439355,8.7765,8.626935720560645,164021.8,146399.2,1.326537082265894,8.78946691117331
2026-03-06,1418,20.35,20.35,19.25,19.25,6078.0,118243.0,19.52,19.639999999999997,19.775,,,,37.14285714285714,42.85714285714284,-0.0985283820026055,-0.05464653692973183,-0.04388184507287367,36.00977807640555,25.556520937105674,13.205189253449724,,20.22747855430276,19.775,19.322521445697237,33405.6,20668.7,0.1819455420648035,19.454261270154657
2026-03-06,1419,64.7,66.4,64.7,65.4,93095.0,6103563.0,66.75999999999999,68.05,71.08000000000001,69.14,62.03666666666666,56.605625,5.7142857142857935,31.645569620253198,-1.2204295741821767,-0.47517476049804697,-0.7452548136841297,21.808019669203393,33.142459776721864,15.879118075578086,,80.36283078421697,71.08000000000001,61.79716921578306,210830.8,304129.45,0.4415626179856074,65.56273698909716
2026-03-06,1423,38.4,38.4,38.05,38.05,24399.0,932123.0,38.17999999999999,38.19,,,,,30.769230769230518,56.09756097560962,-0.03004708006546508,-0.051432240813395605,0.021385160747930523,25.724051760958222,12.7122448897346,21.363666734428996,,,,,28341.2,21058.2,0.8609021495208389,38.203328005246114
2026-03-06,1432,17.3,17.5,16.95,17.2,784981.0,13500358.0,17.95,18.544999999999998,18.56,18.131666666666668,17.669583333333332,17.765,14.545454545454618,33.75000000000003,-0.07928670061991738,0.10732651511106556,-0.18661321573098294,22.174716529363224,29.144378785030888,31.959623917927498,,19.605088764802176,18.56,17.514911235197822,771531.2,456353.6,1.017432606743577,17.198324545434858
2026-03-06,1434,17.15,17.65,17.15,17.6,1731948.0,30322845.0,17.8,17.665,17.395,16.3825,15.919999999999998,16.535625,50.0,61.176470588235325,0.3787943921486878,0.39827824418992047,-0.019483852041232652,27.659753061549647,21.46171543075441,32.38538996846264,,18.29230590922884,17.395,16.49769409077116,2795304.4,4321795.15,0.6195919127805902,17.507941924353386
2026-03-06,1435,21.0,21.15,20.65,20.8,5329.0,111473.0,22.44,22.04,21.67,,,,39.80582524271843,50.89820359281438,-0.16616339408457748,-0.28501690910465055,0.11885351502007308,30.875375857942178,31.42434144630238,18.515491819974997,,23.548801409634574,21.67,19.79119859036543,9114.8,8318.8,0.5846535305217888,20.918183524113342
2026-03-06,1436,54.2,55.3,54.2,54.9,151178.0,8285552.0,56.2,56.89,58.995000000000005,61.89666666666667,66.22916666666667,91.55625,35.71428571428572,27.067669172932327,-1.9178089636895521,-1.531039113074229,-0.3867698506153232,19.898350532805352,39.61561510689548,22.783481116773313,,64.013481632397,58.995000000000005,53.976518367603006,370278.4,303598.15,0.4082819845824115,54.8065988437471
2026-03-06,1437,32.0,32.1,31.9,32.05,65114.0,2084322.0,32.67,32.475,32.475,32.98416666666667,31.78916666666667,32.219166666666666,43.18181818181807,38.57142857142853,-0.21853264798372152,-0.23406864452229784,0.015535996538576319,25.284934804033625,32.03363736046733,18.22523948836661,,33.29482026271529,32.475,31.65517973728471,85087.8,89171.05,0.7652565937772512,32.01035107657339
2026-03-06,1438,31.2,32.0,31.2,31.9,14380.0,452307.0,33.019999999999996,32.485,32.464999999999996,33.45166666666667,35.318333333333335,39.55499999999999,47.88732394366194,45.192307692307686,-0.22722623155539878,-0.2735341548309599,0.0463079232755611,25.29450564380948,29.907749478812622,17.683359878365177,,34.85821409076061,32.464999999999996,30.07178590923938,45170.8,38934.55,0.3183472508788863,31.453894297635603
2026-03-06,1439,27.65,28.5,27.6,27.9,12045.0,336307.0,28.839999999999996,29.395,29.615,28.55166666666667,,,16.393442622950815,23.376623376623357,-0.09864203612276867,0.17952082086787868,-0.27816285699064736,17.378874649286814,31.482959379063637,18.12759412142029,,30.850910063156242,29.615,28.379089936843755,51014.4,34979.1,0.23610980429055325,27.9208800332088
2026-03-06,1440,12.75,13.15,12.7,13.05,1093701.0,14172054.0,13.190000000000001,13.275,13.4725,13.644166666666667,13.5225,13.438333333333334,31.578947368421012,37.77777777777777,-0.135164373885992,-0.08465643309272611,-0.0505079407932659,22.41563176667,24.742726575570533,11.11624311992664,,14.072039296811479,13.4725,12.872960703188522,1615455.6,1568747.9,0.6770232496640576,12.957887027624551
2026-03-06,1441,10.0,10.1,10.0,10.0,19231.0,193101.0,10.059999999999999,10.040000000000001,10.0525,10.448333333333334,10.889583333333333,11.762208333333332,51.61290322580641,50.0,-0.09825521834080142,-0.12001876691428258,0.02176354857348116,23.27986653735777,18.058277236143137,24.376426246135807,,10.235673774265306,10.0525,9.869326225734694,23713.4,31759.5,0.8109760726003019,10.041131506421923
2026-03-06,1442,27.45,28.25,27.35,27.75,258040.0,7195713.0,28.360000000000003,29.1,29.302500000000002,30.877499999999998,39.37833333333334,57.052083333333336,3.8461538461538964,25.301204819277118,-0.6475041406488558,-0.5320886084712586,-0.11541553217759715,14.64610412905974,29.87077240664516,27.6833346360977,,30.707931194367955,29.302500000000002,27.89706880563205,494927.0,554366.25,0.5213698181752057,27.886037048519608
2026-03-06,1443,26.0,26.5,26.0,26.25,11893.0,311981.0,26.8,26.835,26.959999999999997,,,,40.298507462686594,39.837398373983746,-0.13257128353203385,-0.0811485352654437,-0.05142274826659014,26.30250630013704,25.47664180689329,12.64076186847153,,27.881440519827535,26.959999999999997,26.03855948017246,23267.4,25562.3,0.5111443478858833,26.23232153367527
2026-03-06,1444,6.02,6.31,6.02,6.27,1185415.0,7338971.0,6.29,6.288,6.414499999999999,6.2235,6.3790000000000004,6.902041666666666,48.333333333333286,38.79310344827583,-0.001229450427064016,0.025934408846165453,-0.02716385927322947,28.251635867758445,28.042574009774036,14.6563158345263,,6.891926213643081,6.414499999999999,5.937073786356918,742710.6,1495221.35,1.5960658162142833,6.19105629673996
2026-03-06,1445,13.35,13.35,13.25,13.3,13202.0,175987.0,14.209999999999999,14.73,14.74,14.12,14.492083333333333,14.783,2.380952380952337,38.46153846153848,0.012899418244920469,0.2403155773857144,-0.22741615914079394,24.292899113470657,28.997949473626726,30.82461411440499,,16.107132997033922,14.74,13.372867002966078,68025.2,159707.15,0.19407513686104563,13.330328738069989
2026-03-06,1446,15.35,15.6,15.3,15.45,116720.0,1801994.0,15.95,16.22,16.6725,17.66166666666667,18.81208333333333,23.903333333333332,30.000000000000057,26.15384615384619,-0.5413771031001957,-0.4458450426341436,-0.09553206046605212,10.572417709627677,37.99840012232172,36.200492911438154,,17.88839256797125,16.6725,15.456607432028749,213307.8,202188.4,0.5471904918619948,15.438605209047292
2026-03-06,1447,5.41,5.7,5.4,5.7,1598047.0,8935474.0,5.5280000000000005,5.465999999999999,5.5265,5.4865,5.612916666666667,6.027916666666667,82.1428571428572,60.00000000000004,0.002241079281718683,-0.012712983204938822,0.014954062486657505,30.693580991001383,25.687702835705018,12.964118262608954,,5.97476096722461,5.5265,5.078239032775391,946337.2,1566772.05,1.688665520070436,5.5914963702569445
2026-03-06,1449,10.45,11.1,10.3,10.8,974028.0,10564375.0,10.739999999999998,10.85,11.175,10.813500000000001,11.371333333333332,13.129791666666666,50.0,39.53488372093026,-0.11445816362253325,-0.034590981467670964,-0.07986718215486228,29.12316780676297,25.03877015082192,16.92803596679693,,12.026932787068974,11.175,10.323067212931027,587832.8,569818.15,1.6569813729346166,10.846069106842924
2026-03-06,1451,18.3,18.55,18.1,18.55,262555.0,4829986.0,18.380000000000003,18.035000000000004,17.9375,17.514166666666664,17.57541666666667,18.467708333333334,86.66666666666688,68.18181818181826,0.22839119044749978,0.15651957370114655,0.07187161674635323,34.41822293789332,15.573787363766778,31.337878366937243,,18.65851901573552,17.9375,17.21648098426448,249633.2,185784.25,1.0517631468891158,18.396092247338654
2026-03-06,1452,11.25,11.45,11.2,11.35,112366.0,1270774.0,11.45,11.575,11.725,11.776666666666667,12.232083333333332,12.617291666666667,26.666666666666742,30.434782608695613,-0.11837014029081061,-0.07144357805106098,-0.04692656223974963,19.442114342942578,24.164410982678774,16.967395084808917,,12.162095677832353,11.725,11.287904322167646,121698.8,100557.15,0.9233123087491413,11.309239449655589
2026-03-06,1453,12.3,12.65,12.3,12.4,23884.0,297176.0,12.830000000000002,12.98,12.995,12.569166666666666,12.942083333333333,13.69125,16.666666666666657,37.09677419354841,0.02550520000219869,0.12261016197253267,-0.09710496197033398,20.852589741640397,23.71191919854267,21.288486756150725,,13.946397863533816,12.995,12.043602136466182,63774.4,266076.2,0.3745076394289872,12.442471947747446
2026-03-06,1454,12.85,13.0,12.8,13.0,44182.0,571401.0,13.62,13.9,14.032499999999999,,,,12.121212121212182,40.764331210191095,-0.0061036400145990655,0.18377416819095072,-0.18987780820554978,29.162312515352724,28.093611500596964,24.428995760932942,,16.116088756271918,14.032499999999999,11.94891124372808,69948.4,415216.9,0.6316370353003071,12.932891222669866
2026-03-06,1455,8.17,8.95,8.17,8.85,2041897.0,17626869.0,8.416,8.469,8.7715,8.135166666666667,8.447166666666668,8.86075,66.03773584905656,49.52380952380953,0.05506823659928095,0.1044618968803016,-0.04939366028102064,39.57443311226429,26.746692543526635,16.996411476475746,,9.793845600233045,8.7715,7.749154399766954,966041.6,1893748.45,2.113673986710303,8.6325945921856
2026-03-06,1456,12.6,13.0,12.4,12.95,127628.0,1640917.0,13.020000000000001,13.059999999999999,13.05,12.874166666666667,12.616666666666667,13.136249999999999,48.88888888888887,47.457627118644055,0.011450510594269048,0.035471585407195846,-0.0240210748129268,15.069211901723401,24.894294186653802,12.857046469622466,,13.387170892168708,13.05,12.712829107831293,74233.4,41987.9,1.7192800006466094,12.857029805371862
2026-03-06,1457,15.2,15.35,15.2,15.35,33893.0,518368.0,15.669999999999998,15.375,15.3125,15.757499999999999,16.208333333333332,17.189166666666665,56.249999999999986,52.38095238095237,-0.03408495918668919,-0.09799663304327434,0.06391167385658515,27.847840999557867,27.63602372195629,13.247696368426066,,15.967742020373525,15.3125,14.657257979626475,150862.2,132082.05,0.22466197629359771,15.294249550054584
2026-03-06,1459,12.0,12.15,11.9,11.95,162770.0,1953983.0,12.15,11.985000000000001,11.897499999999999,11.8675,11.828750000000001,11.511375,54.54545454545451,53.3333333333333,0.07308460856249965,0.04072656296970444,0.03235804559279521,31.489633001521916,15.960980783662071,29.475085927684553,,12.309778648744555,11.897499999999999,11.485221351255444,223652.0,148577.8,0.7277824477312969,12.004564723229096
2026-03-06,1460,6.61,6.7,6.58,6.65,730763.0,4857123.0,6.782000000000001,6.793000000000001,6.713000000000001,6.222333333333333,6.094416666666667,6.513666666666667,28.94736842105273,50.0,0.12111439558475379,0.14907639980254214,-0.027962004217788355,19.69672825839605,22.504301496237193,21.594805160240348,,6.948492764443526,6.713000000000001,6.477507235556476,935222.0,837400.85,0.781379180558199,6.646646039824129
2026-03-06,1463,18.0,18.0,17.8,17.9,29261.0,522806.0,18.23,18.154999999999998,17.8475,18.55,19.090833333333332,20.714166666666664,38.888888888888715,60.97560975609754,-0.1103075698586764,-0.1739545095050239,0.06364693964634749,18.3782786312263,33.82873081216556,26.244535889835646,,18.62783393661376,17.8475,17.06716606338624,57670.8,54881.75,0.5073798178627659,17.86699019172277
2026-03-06,1464,10.8,11.35,10.8,11.3,766368.0,8517339.0,11.02,11.06,11.209999999999999,11.150833333333333,11.185833333333333,13.008541666666668,58.823529411764724,51.724137931034505,-0.05755135957606328,-0.04322052372180969,-0.014330835854253585,29.540411799324463,25.352870055609856,12.60972489948289,,11.668372406627944,11.209999999999999,10.751627593372055,510305.4,412163.45,1.5017830499148157,11.113902198421647
2026-03-06,1465,12.4,12.5,12.35,12.45,86740.0,1075579.0,12.459999999999999,12.415000000000001,12.432500000000001,12.661666666666665,12.91125,13.361875,66.66666666666666,50.0,-0.05094193460512031,-0.07326039657408936,0.022318461968969056,9.787444160020511,17.812647463681127,16.01523063936492,,12.595611198750733,12.432500000000001,12.269388801249269,69146.0,66804.15,1.2544471119081364,12.400034586119437
2026-03-06,1466,18.2,18.2,16.35,17.1,1607442.0,27503619.0,18.500000000000004,17.93,16.295,15.099166666666667,15.729166666666666,15.336458333333333,47.272727272727295,63.687150837988824,1.020782726670383,0.8336038372211645,0.18717888944921857,36.111987630040815,27.18630086729662,36.75616676059776,,19.972942788828444,16.295,12.617057211171558,1701318.2,1260658.6,0.9448214919466564,17.1101781588387
2026-03-06,1467,7.25,7.3,7.25,7.29,89017.0,649049.0,7.42,7.391,7.523000000000001,7.210333333333334,7.3389999999999995,8.167041666666668,44.28571428571428,38.235294117647044,0.02410793084592111,0.057272804593788446,-0.033164873747867335,25.428610698775046,25.677235744449,28.122483839003934,,7.943581051704255,7.523000000000001,7.102418948295746,121598.4,231413.5,0.7320573297017067,7.291292674432974
2026-03-06,1468,13.1,13.15,12.95,13.15,31000.0,405750.0,13.310000000000002,13.14,13.094999999999999,12.1475,12.605833333333331,13.149583333333334,58.823529411764724,57.14285714285714,0.27677244999305906,0.28939726214321815,-0.012624812150159093,25.42615767250931,21.3673655333619,21.247348895051797,,13.565050389236141,13.094999999999999,12.624949610763856,40204.0,54592.75,0.7710675554671177,13.088709677419354
2026-03-06,1470,22.5,23.9,22.5,23.5,6020.0,140071.0,23.359999999999996,,,,,,61.22448979591839,66.07142857142856,0.1631331035506811,0.1461802880928765,0.01695281545780461,33.74099596610246,19.245753295589186,24.652454597886962,,,,,13009.0,,0.46275655315550773,23.267607973421928
2026-03-06,1471,12.55,12.8,12.3,12.7,602368.0,7555566.0,12.930000000000001,12.315,12.67,10.13,9.9125,10.459416666666668,68.62745098039214,50.99999999999999,0.6665785698190021,0.7090314136211093,-0.04245284380210723,36.28132855807454,19.163275811505066,25.35381357572818,,14.698585195336134,12.67,10.641414804663865,3365169.4,3231795.9,0.17900079562116547,12.543106539524011
2026-03-06,1472,90.7,90.8,89.1,90.2,9834.0,883545.0,89.84,90.2,88.97999999999999,89.85833333333333,90.41583333333332,90.33166666666666,47.999999999999964,66.33663366336636,0.2452378253931471,0.13596711704660036,0.10927070834654673,26.722562797482208,22.899469310175704,27.45610719610119,,91.98077183053898,88.97999999999999,85.979228169461,70028.6,38340.15,0.14042833927852333,89.84594264795606
2026-03-06,1473,24.35,24.8,24.25,24.8,70242.0,1723008.0,25.12,25.14,25.5175,25.125833333333333,25.95125,28.241458333333338,32.35294117647065,35.21126760563379,-0.08046003826138559,-0.012719816951416583,-0.06774022130996901,17.44599390224565,21.026986130846904,15.145737601839299,,26.93960925629546,25.5175,24.095390743704538,90290.8,211701.05,0.7779530140390826,24.529597676603743
2026-03-06,1474,10.2,10.25,10.15,10.2,83699.0,852802.0,10.260000000000002,10.205,10.290000000000001,10.949166666666665,11.448749999999999,12.100416666666668,59.999999999999716,44.44444444444436,-0.16612627920338063,-0.19893692255858114,0.03281064335520051,18.98063458883663,23.79130853078874,23.963183100934494,,10.552778674132139,10.290000000000001,10.027221325867863,114887.0,169116.35,0.728533254415208,10.188915040800966
2026-03-06,1475,29.5,29.7,29.5,29.6,11013.0,326186.0,30.18,30.48,31.192499999999995,33.12916666666667,34.04708333333333,40.67104166666666,30.769230769230774,26.54867256637168,-0.6084980792402597,-0.5440279676354077,-0.06447011160485194,15.16832744853296,34.47515480146336,22.62428573863058,,33.03134259937418,31.192499999999995,29.353657400625814,49748.4,35698.3,0.2213739537351955,29.618269318078635
2026-03-06,1476,391.0,399.5,390.0,394.0,552855.0,218005693.0,411.7,419.2,412.375,412.125,415.4291666666667,427.18333333333334,20.909090909090907,48.58490566037736,1.505861492091924,3.5718120240591427,-2.0659505319672187,16.361030731689468,27.219917404136602,16.086012507495465,,438.3484175851544,412.375,386.4015824148456,3860333.4,1567381.5,0.14321431407971136,394.327071293558
2026-03-06,1477,308.0,309.0,301.0,308.0,973177.0,296947175.0,315.3,315.3,314.7,305.475,291.75,287.5208333333333,45.76271186440678,52.17391304347826,2.4385489177859085,3.399037376328641,-0.9604884585427325,20.41338265296366,22.860406424551655,15.57682166697064,,324.4516530312617,314.7,304.9483469687383,1429730.8,1123956.85,0.6806714942421328,305.13172321170765
2026-03-06,1503,206.0,224.0,203.0,218.5,7232213.0,1576289058.0,222.3,216.1,221.05,188.41666666666666,185.72916666666666,178.699375,55.38461538461538,45.45454545454546,7.3791432814705615,9.008285040570618,-1.6291417591000563,36.38175090737037,21.180238393668105,34.192425852192756,,244.85601427768833,221.05,197.2439857223117,5941840.4,6682818.05,1.2171671591852247,217.95390401250626
2026-03-06,1504,71.6,73.1,71.0,72.3,6987794.0,504485864.0,78.08,79.16,81.545,88.01,87.98583333333333,,23.7762237762238,31.0756972111554,-2.7778331961760188,-2.2106426580186986,-0.5671905381573201,18.866599993410915,36.968700057112144,11.901909984466343,,90.0030637326318,81.545,73.0869362673682,13362402.0,18536627.35,0.5229444526515518,72.19529711379586
2026-03-06,1506,11.25,11.55,11.25,11.55,132086.0,1511146.0,11.57,11.675,11.985,11.876666666666667,12.360416666666667,12.226458333333333,42.85714285714293,25.64102564102565,-0.12266822273300981,-0.05937238184136236,-0.06329584089164746,16.019080439289308,23.132084010751225,15.497378316373233,,12.846516410938195,11.985,11.123483589061804,207366.2,248165.2,0.6369697665289714,11.440622018987629
2026-03-06,1512,7.26,7.33,7.2,7.21,115483.0,833117.0,7.587999999999999,7.764999999999999,7.9395,7.760666666666666,7.899500000000001,7.791124999999999,3.7500000000000284,25.65789473684208,-0.08143974065176884,0.011626230514724063,-0.0930659711664929,20.20163644947928,30.243557812010195,23.344964146374252,,8.547013482631424,7.9395,7.331986517368576,109800.0,115493.6,1.0517577413479053,7.214196028852731
2026-03-06,1513,159.0,164.0,157.0,160.0,4891399.0,788137242.0,167.0,165.1,169.625,156.175,158.19166666666666,153.65458333333333,43.63636363636363,42.47787610619469,1.5121222576359798,2.795703194302042,-1.2835809366660622,30.691420267718538,26.728715071888658,22.066874662360682,,185.88886048559016,169.625,153.36113951440984,7720757.0,10121054.45,0.6335387838265082,161.12716259704024
2026-03-06,1514,116.0,122.0,114.5,117.5,5232541.0,623175422.0,121.9,121.7,126.0,109.03999999999999,106.74833333333335,104.47666666666667,39.02439024390244,41.66666666666667,2.3830806885517717,3.9843423614711946,-1.601261672919423,31.102651803804633,22.88282477873811,26.2959592912389,,140.75769201752718,126.0,111.24230798247284,6652869.4,8784140.15,0.7865089009563302,119.09613742157013
2026-03-06,1515,25.0,25.8,25.0,25.8,174473.0,4444831.0,26.28,26.244999999999997,26.619999999999997,27.53416666666667,28.576666666666668,29.529374999999998,44.26229508196725,43.11926605504588,-0.41758569299415527,-0.39942896936126426,-0.018156723632891003,20.7965187873952,29.869336587097056,13.301960586240801,,28.002370199483714,26.619999999999997,25.23762980051628,354692.8,339047.15,0.4918989051934519,25.475752695259438
2026-03-06,1516,23.0,23.55,22.15,22.6,60371.0,1362778.0,22.119999999999997,21.865000000000002,21.9375,20.604166666666668,18.060416666666665,17.355416666666663,82.22222222222229,53.3980582524272,0.22116714867279086,0.20637487002264107,0.014792278650149787,38.14528472838026,20.989187362597487,35.802451040275756,,23.066950262179184,21.9375,20.808049737820816,56768.6,131792.6,1.063457615653724,22.57338788491163
2026-03-06,1517,11.75,12.2,11.75,12.1,169132.0,2044249.0,12.07,11.945,12.1,11.654166666666667,11.408333333333333,11.529625,58.33333333333331,49.18032786885245,0.09467873501931479,0.10652111085872887,-0.011842375839414082,32.45042237241331,17.266928058905062,27.191449166532973,,12.768068701162997,12.1,11.431931298837002,429743.6,374336.95,0.3935649070748232,12.086707423787338
2026-03-06,1519,940.0,956.0,910.0,926.0,5461679.0,5087736988.0,986.6,968.7,980.6,830.8166666666667,721.5166666666667,615.2991666666666,42.37918215613382,45.45454545454545,34.35063623934229,44.192001813218944,-9.84136557387665,33.48776437803075,23.508479520590175,35.15379984643636,,1066.6119942676262,980.6,894.5880057323739,5222803.8,4334191.1,1.045736966033455,931.5335060885124
2026-03-06,1521,25.85,25.85,25.25,25.5,19257.0,494547.0,26.330000000000002,26.560000000000002,26.8825,25.238333333333333,,,21.153846153846217,41.22807017543859,0.20367406770244756,0.42725250488190986,-0.2235784371794623,26.217063148372908,26.997978104972788,24.496064653254663,,28.58953652105419,26.8825,25.17546347894581,39140.8,46175.75,0.4919930098516126,25.681414550553047
2026-03-06,1522,42.0,42.45,41.5,41.9,377550.0,15862025.0,43.160000000000004,44.595,47.1625,47.40083333333334,45.0775,47.88229166666667,0.0,18.644067796610145,-1.4368317033058773,-0.7527815983158187,-0.6840501049900586,14.689171990106145,40.66684276870937,23.085085477782926,,53.29445898980311,47.1625,41.03054101019689,864464.0,1398659.15,0.4367446186307353,42.01304462985035
2026-03-06,1524,28.8,29.25,28.8,28.95,407985.0,11828490.0,30.01,30.559999999999995,32.2875,30.305,29.639166666666668,31.265416666666667,10.416666666666671,10.317460317460302,-0.2858512079487312,0.22144697736499627,-0.5072981853137275,20.415646983264544,35.12084042955657,20.0269812316866,,36.2774709799762,32.2875,28.297529020023802,775401.2,2434930.5,0.5261598769772345,28.99246295819699
2026-03-06,1525,63.5,63.5,61.9,62.0,16003.0,999785.0,63.04,62.980000000000004,63.120000000000005,63.87333333333333,65.555,,29.032258064516228,37.113402061855666,-0.30897111194673954,-0.2821049530023182,-0.026866158944421348,22.966487515303097,22.294640612757906,13.270853252236057,,64.83752576016855,63.120000000000005,61.402474239831456,23912.6,33168.15,0.669228774788187,62.47484846591264
2026-03-06,1526,18.35,19.0,18.35,19.0,95353.0,1789804.0,19.4,19.695,20.5025,18.30916666666667,18.063750000000002,19.774166666666662,0.0,37.73584905660377,0.17655613079323373,0.46801363889538794,-0.2914575081021542,27.02467421065848,28.215313601990754,24.49027893394673,,22.74549494332696,20.5025,18.259505056673042,122396.6,324849.8,0.77904941803939,18.770295638312376
2026-03-06,1527,32.95,33.45,32.85,33.4,76301.0,2532862.0,33.64,33.92999999999999,34.4675,33.63333333333333,33.2425,36.044583333333335,29.999999999999815,38.235294117646994,-0.08828519093745513,0.08470765000042275,-0.17299284093787787,23.741172351354226,27.596830150046475,12.851426573273603,,36.354372935225804,34.4675,32.5806270647742,180066.4,248839.95,0.42373813215569367,33.19565929673268
2026-03-06,1528,22.1,22.7,21.8,22.4,3400022.0,75708276.0,23.36,23.439999999999998,25.7175,19.378333333333334,18.006666666666668,15.754166666666666,50.84745762711862,36.67481662591686,0.43253919911271765,1.2115696122474866,-0.779030413134769,25.25990033122084,20.48714200172236,33.98109770743415,,31.084384325977172,25.7175,20.35061567402283,6453434.0,7340587.2,0.5268546947253199,22.26699591943817
2026-03-06,1529,26.5,27.05,26.5,27.05,5572523.0,150429133.0,25.630000000000003,24.6,24.6625,21.158333333333335,22.513333333333335,23.848791666666667,68.10344827586209,63.02521008403362,1.1625016323687802,1.0445632857615372,0.117938346607243,37.49480001983553,15.25492391139774,33.4038469073835,,27.40089657271811,24.6625,21.924103427281892,3177702.6,3086424.0,1.7536326401344167,26.994798047491233
2026-03-06,1530,27.9,28.1,27.75,28.1,29039.0,808601.0,28.49,28.709999999999997,28.947499999999998,27.67,27.725416666666664,28.984583333333333,28.571428571428626,26.92307692307699,0.14044986493506428,0.31262220832923887,-0.1721723433941746,23.25620563658027,24.92233945794601,29.212135090011216,,29.809245474695825,28.947499999999998,28.08575452530417,31078.6,36808.2,0.9343728481977953,27.8453459141155
2026-03-06,1531,11.9,12.05,11.9,12.05,75164.0,900373.0,12.27,12.294999999999998,12.285,11.9425,11.91,12.360833333333334,33.33333333333337,44.68085106382978,0.04947602224560299,0.09477307514084209,-0.045297052895239096,22.588721273997564,26.211852777383044,23.037764382351877,,12.679835075496074,12.285,11.890164924503926,88073.8,114643.6,0.8534206540424053,11.978779734979511
2026-03-06,1532,23.3,23.75,23.25,23.75,612586.0,14387242.0,23.990000000000002,24.1,24.35,25.993333333333332,26.067083333333336,26.773541666666667,31.24999999999997,39.6825396825397,-0.5893744728406034,-0.6054188787013162,0.016044405860712763,12.87253324989725,36.334597978758005,38.82157821433148,,25.224191355664146,24.35,23.475808644335856,595077.2,589961.7,1.0294227370835247,23.48607705693568
2026-03-06,1533,29.9,30.3,29.9,30.3,74721.0,2246790.0,30.48,30.570000000000004,30.975,32.01416666666667,31.649583333333332,32.05375,39.99999999999997,39.99999999999998,-0.4309130783339441,-0.3889719483007928,-0.04194113003315131,18.328926143518682,26.911237320781744,14.529618442839643,,32.30936363701817,30.975,29.640636362981827,76830.8,96387.05,0.9725396585744258,30.06905689163689
2026-03-06,1535,50.1,50.7,50.0,50.5,39801.0,2007415.0,50.42,48.665,49.955,52.516666666666666,54.065000000000005,55.50729166666667,82.14285714285715,44.52054794520548,-0.7058945948849598,-1.088143669875609,0.3822490749906493,32.737535321600205,31.64870256846762,22.874444635716113,,54.444508237048375,49.955,45.46549176295162,93552.2,157444.3,0.4254416251034182,50.43629557046305
2026-03-06,1536,56.3,56.5,55.3,55.7,1026269.0,57280415.0,59.5,60.45,61.44500000000001,59.169999999999995,61.625,61.64145833333334,23.232323232323154,36.68122270742359,-0.28448108650901105,0.37357329736349576,-0.6580543838725068,24.350913260843573,28.44037509043988,25.487271159923637,,66.63708912420478,61.44500000000001,56.252910875795244,1775133.4,3459395.1,0.5781362685193124,55.81423096673484
2026-03-06,1537,123.0,124.5,122.5,124.0,42870.0,5293617.0,124.5,123.85,123.75,123.9,126.9375,135.67916666666667,54.54545454545455,52.38095238095237,-0.028889142258393008,-0.13359684895769136,0.10470770669929835,15.105505182734804,16.06685656555763,15.655226982484821,,125.76311489461636,123.75,121.73688510538364,67309.0,61044.0,0.6369133399693949,123.48068579426172
2026-03-06,1538,19.5,19.5,17.75,17.8,33816.0,619227.0,21.79,23.85,,,,,3.0487804878048763,9.523809523809518,-1.3286219750798836,-0.49444583702114736,-0.8341761380587362,12.560602842617211,40.726323371649386,27.1045849841545,,,,,23480.6,13689.4,1.4401676277437545,18.31165720369056
2026-03-06,1539,17.25,17.25,17.05,17.1,110692.0,1897459.0,17.73,17.875,18.3225,17.561666666666664,17.744583333333335,18.945625,20.000000000000057,28.846153846153925,-0.07133374653430025,0.08933339859469441,-0.16066714512899466,21.41395136456931,33.67193485829675,15.590719636496171,,19.765623440027507,18.3225,16.879376559972496,123576.4,140308.45,0.895737373802765,17.14178983124345
2026-03-06,1540,22.1,22.65,22.1,22.5,185279.0,4157376.0,23.339999999999996,23.72,24.515,23.24,24.125,27.351041666666667,31.818181818181827,32.53968253968256,-0.18934290841749757,0.10962254831022056,-0.2989654567277181,26.219410733119116,32.56175345640242,21.282998192529455,,26.8494333246793,24.515,22.1805666753207,285005.4,512012.95,0.6500894369018972,22.438463074606403
2026-03-06,1541,24.7,25.2,24.35,24.8,18171.0,447745.0,25.009999999999998,25.025,25.2325,24.434166666666666,,,36.95652173913052,46.666666666666664,0.13325131807719615,0.2120956950617673,-0.07884437698457114,30.971874143097338,22.890762595628626,22.102093303278718,,26.322780021974257,25.2325,24.142219978025746,26754.0,58247.75,0.6791881587799955,24.640636178526222
2026-03-06,1558,95.5,95.6,94.8,95.4,26193.0,2493362.0,97.30000000000001,96.86,96.61,98.46833333333332,95.81500000000001,98.83833333333334,51.304347826087,47.50000000000001,-0.585821989492942,-0.6064760380217054,0.020654048528763402,29.966340562086298,29.915329117530277,14.21115019509263,,100.0071505087277,96.61,93.2128494912723,42472.4,42230.25,0.616706378730658,95.19192150574581
2026-03-06,1560,483.0,490.0,474.0,486.5,1521475.0,737241535.0,498.7,460.9,439.675,373.44166666666666,349.6875,314.71458333333334,70.29702970297029,69.23076923076923,30.085927394602777,24.731957808469723,5.353969586133054,38.65435207971718,14.419577595008503,41.92877699849689,,517.0355876807802,439.675,362.3144123192198,3650725.6,2692879.05,0.41675961622533336,484.5571139847845
2026-03-06,1563,41.95,43.25,41.9,43.0,338255.0,14367248.0,43.64,44.660000000000004,45.6875,43.8075,46.22958333333334,52.04020833333333,13.333333333333329,32.35294117647061,-0.3611070017466318,0.11658514184165931,-0.4776921435882911,16.37992018547341,33.049711651676866,20.26508717448803,,48.97413561780293,45.6875,42.40086438219707,499928.0,468923.3,0.6766074314701317,42.47460643597286
2026-03-06,1565,107.0,110.5,107.0,110.0,229000.0,24902000.0,110.0,111.3,111.925,111.975,111.9875,111.99375,39.99999999999999,45.65217391304348,-0.6528571802386125,-0.15210729028582176,-0.5007498899527907,15.037569154848438,15.579261841936354,61.300429041337686,,115.80850086228502,111.925,108.04149913771498,216400.0,157169.65,1.0582255083179297,108.74235807860262
2026-03-06,1568,21.45,21.8,21.2,21.55,75263.0,1624462.0,22.279999999999998,22.615000000000002,23.2825,22.328333333333333,22.76833333333333,23.811249999999998,10.71428571428585,15.625,-0.18721795820178855,0.06306214436371663,-0.25028010256550515,15.425627049352636,38.09156480678129,24.914991719988535,,24.998147798477653,23.2825,21.566852201522345,103129.2,154345.9,0.7297933078119485,21.58380611987298
2026-03-06,1569,52.4,54.0,52.4,52.6,827000.0,43870800.0,54.02,52.709999999999994,52.279999999999994,51.96,51.879999999999995,51.839999999999996,57.33333333333334,52.17391304347828,0.41047901285893573,0.26226111617170267,0.14821789668723306,19.84625035115677,14.200232313838606,31.96106177967372,,55.60429652233699,52.279999999999994,48.955703477663,1331800.0,684062.95,0.6209641087250338,53.048125755743655
2026-03-06,1570,30.6,30.9,30.5,30.5,51000.0,1560800.0,30.889999999999997,31.28,31.107499999999998,30.8025,30.726249999999997,30.688125,9.374999999999929,48.421052631578966,0.036217855319307546,0.16281314702556132,-0.12659529170625378,13.278984942420683,15.439607867268885,42.22312638486429,,32.29439111813839,31.107499999999998,29.920608881861604,103000.0,84170.7,0.49514563106796117,30.603921568627452
2026-03-06,1580,128.5,130.5,128.5,129.5,45000.0,5843500.0,130.6,129.95,129.95,129.98333333333332,129.99166666666667,129.99583333333334,50.0,47.368421052631575,0.020175319248068035,0.034494292058688064,-0.014318972810620029,12.713618284663072,16.99374491688367,51.33385705084885,,131.724082416646,129.95,128.17591758335396,62400.0,54381.35,0.7211538461538461,129.85555555555555
2026-03-06,1582,82.0,90.5,80.4,90.5,15779298.0,1397073927.0,78.12,73.15,70.91499999999999,68.0,68.33166666666666,74.78833333333334,99.54954954954958,90.32258064516132,3.4468275643306043,1.4140111032068687,2.0328164611237356,50.37683634430071,7.229060061782186,31.46371760560925,,82.78451424537053,70.91499999999999,59.045485754629446,7049565.4,2777029.65,2.2383362809854916,88.53840817253086
2026-03-06,1583,46.55,46.55,46.0,46.05,24000.0,1110350.0,48.14,48.095000000000006,48.3575,,,,36.58536585365851,36.07305936073057,0.2500144294686635,0.5210126746420815,-0.270998245173418,23.05831418445657,31.029886969912386,17.29437706446654,,50.320117747052954,48.3575,46.39488225294705,27012.4,38452.85,0.8884808458337652,46.264583333333334
2026-03-06,1584,23.1,23.85,23.05,23.75,1614000.0,38046900.0,23.68,23.634999999999998,24.175,24.491666666666667,24.570833333333333,24.610416666666662,51.94805194805194,44.078947368421055,-0.30760521937922647,-0.221758692252542,-0.08584652712668447,4.487430919777776,15.931202525198977,56.70916049059373,,25.500260649636694,24.175,22.849739350363308,1470000.0,2629952.25,1.0979591836734695,23.573048327137545
2026-03-06,1586,23.6,23.85,23.25,23.8,293000.0,6881050.0,24.25,24.525,24.552500000000002,24.550833333333333,24.550416666666667,24.55020833333333,26.31578947368432,35.29411764705884,-0.11746856116751303,-0.004920410101152488,-0.11254815106636054,2.394413285565661,18.674124841785236,64.66466346037329,,25.25248120275514,24.552500000000002,23.852518797244866,431000.0,329351.85,0.679814385150812,23.48481228668942
2026-03-06,1587,39.65,40.05,39.15,39.4,307790.0,12166206.0,42.25,43.760000000000005,45.464999999999996,45.623333333333335,41.68958333333333,36.26020833333334,2.0408163265306882,27.424749163879625,-1.619512548985405,-0.9176475217007463,-0.7018650272846587,16.879929267283313,38.35853981660294,20.232554319775574,,51.78640057765362,45.464999999999996,39.14359942234637,597118.6,737336.7,0.5154587380128504,39.52761948081484
2026-03-06,1589,7.38,7.38,7.38,7.38,749453.0,5530832.0,10.884,13.637,15.471,16.806166666666666,19.25808333333333,24.624458333333333,3.546099290780134,9.900990099009874,-1.9119659549493626,-0.9401342586744176,-0.971831696274945,10.058820343878715,64.6791517139746,26.960450492041556,,21.785414253786637,15.471,9.156585746213363,364932.8,1127347.4,2.0536739914855557,7.379825019047225
2026-03-06,1590,1075.0,1080.0,1025.0,1040.0,1111123.0,1155656505.0,1153.0,1178.0,1141.75,1001.0,910.0083333333333,891.7416666666667,23.33333333333333,40.38461538461539,40.87288494658378,59.38420822266999,-18.51132327608621,23.775466603594037,23.561378141039203,40.15997615344534,,1312.4536521053594,1141.75,971.0463478946406,1040816.6,1261029.65,1.0675492685262706,1040.0797256469357
2026-03-06,1591,46.15,47.35,45.5,45.9,112000.0,5192900.0,47.959999999999994,49.2,49.53,49.61,49.629999999999995,49.64,7.407407407407376,31.34328358208954,-0.5803554480939397,-0.08664283113394274,-0.49371261695999696,6.345066598112122,19.653613626218903,35.409629952159676,,52.407389167466334,49.53,46.65261083253367,203000.0,214640.45,0.5517241379310345,46.36517857142857
2026-03-06,1593,31.75,31.75,31.35,31.35,33000.0,1037300.0,31.610000000000003,30.369999999999997,29.7925,29.430833333333336,29.340416666666666,29.29520833333333,64.70588235294119,62.068965517241395,0.591925497273099,0.30105152011350617,0.2908739771595928,44.33646960644591,21.256319302798175,56.58815186789047,,32.49362549641227,29.7925,27.09137450358773,171600.0,57996.75,0.19230769230769232,31.433333333333334
2026-03-06,1595,40.15,40.6,40.05,40.2,80000.0,3222700.0,40.81,40.7,40.81,40.769999999999996,40.76,40.755,52.47524752475248,46.78362573099417,-0.08314506121173082,0.007491053591362039,-0.09063611480309286,6.988479061500636,8.40425433662248,27.31710115034912,,42.03414309449078,40.81,39.585856905509225,249000.0,275321.55,0.321285140562249,40.28375
2026-03-06,1597,76.3,76.5,74.0,74.4,321675.0,24077990.0,78.1,78.47,79.63,75.16166666666668,78.7325,83.74499999999999,41.4201183431953,41.860465116279094,0.4214701188892178,1.042945876773972,-0.6214757578847543,21.33428970381598,19.701586796792693,16.946335060031664,,85.05745457446474,79.63,74.20254542553525,496460.4,557328.05,0.6479368747235429,74.85191575347788
2026-03-06,1598,19.9,20.05,19.55,19.8,284015.0,5626694.0,19.369999999999997,19.610000000000003,19.907500000000002,21.169166666666666,21.64,23.272083333333335,52.38095238095242,47.887323943662,-0.4019084921002154,-0.4252356113561183,0.023327119255902917,21.747492329298034,26.972086821408208,33.521454497259334,,20.829325991113585,19.907500000000002,18.98567400888642,383560.8,356940.15,0.7404693076039053,19.811256447722833
2026-03-06,1599,26.8,26.8,26.65,26.7,12000.0,320500.0,27.859999999999996,26.975,26.7875,26.69583333333333,26.672916666666662,26.661458333333332,55.37190082644628,50.318471337579616,0.19549711315534068,0.12170152788851207,0.07379558526682861,27.522658724030503,21.502683008169896,51.66163074335968,,28.517992780440846,26.7875,25.057007219559157,88000.0,38261.4,0.13636363636363635,26.708333333333332
2026-03-06,1603,37.15,37.85,36.85,37.85,228381.0,8578220.0,38.1,38.11,39.7575,38.39666666666667,38.88458333333334,37.644999999999996,49.152542372881406,24.218750000000043,-0.3261326738387922,-0.05238390328953868,-0.2737487705492535,21.430294352111886,29.938380552366095,16.817613922875633,,43.78271983708246,39.7575,35.73228016291754,375823.4,736485.15,0.6076816930505126,37.561005512717784
2026-03-06,1604,24.15,24.15,24.05,24.05,170782.0,4115215.0,24.27,24.105,24.06,24.41166666666667,24.58791666666667,25.461666666666666,46.66666666666657,48.57142857142854,-0.039939496338408986,-0.08430942759038498,0.044369931251976,14.47163809297502,20.474515405072275,38.297801698259654,,24.456829540496198,24.06,23.6631704595038,231432.4,234977.35,0.7379347057715342,24.096304060146853
2026-03-06,1605,32.7,32.95,32.15,32.75,26081168.0,849715911.0,35.17999999999999,35.05499999999999,37.5175,32.925,29.089166666666667,25.560000000000002,34.146341463414586,23.456790123456784,0.06461754753397742,0.7800275412253782,-0.7154099936914008,24.78619662930872,30.80405531270836,21.13253698035173,,44.18322339818086,37.5175,30.85177660181914,42991183.8,110802032.95,0.6066631735783931,32.57967246712264
2026-03-06,1608,33.6,34.75,33.5,34.55,2361926.0,81181212.0,35.55,34.775,36.04,36.445,33.43958333333333,29.389791666666667,50.0,36.86131386861313,-0.5356840777143503,-0.47841181622367035,-0.05727226149067999,22.53164367876472,26.987413876651235,21.24870007195505,,41.04427185933213,36.04,31.03572814066787,3503542.8,8297905.25,0.6741536024620565,34.37076860155653
2026-03-06,1609,37.9,38.6,37.4,37.9,3538574.0,134273071.0,39.760000000000005,39.195,40.325,39.4375,40.21916666666666,39.11875,38.461538461538446,34.46808510638297,-0.19038579525771837,-0.020877262050209438,-0.16950853320750894,26.12258923797579,26.15904547565591,18.3576791179977,,44.556274537361844,40.325,36.09372546263816,4888083.8,11654760.65,0.7239184401871342,37.94553144854396
2026-03-06,1611,12.45,12.8,12.45,12.7,529630.0,6722113.0,13.010000000000002,13.1,13.267499999999998,12.778333333333334,12.910416666666666,13.312624999999999,33.33333333333324,43.63636363636359,-0.01619695704932944,0.07122087615705197,-0.08741783320638141,24.7471184609066,27.787909914598576,23.368444991549058,,14.072271952006638,13.267499999999998,12.462728047993359,521968.4,527120.55,1.0146782832064163,12.692092592942243
2026-03-06,1612,34.8,35.0,34.35,34.8,355757.0,12365496.0,35.52,35.644999999999996,36.222500000000004,35.57416666666667,36.61916666666666,35.129999999999995,30.4347826086955,35.92233009708737,-0.10787415704679404,0.06023737301878312,-0.16811153006557716,19.733675885176137,28.830065200342993,12.535460370858653,,38.254474668304844,36.222500000000004,34.19052533169516,744452.2,1079803.8,0.47787755882782,34.758264770615895
2026-03-06,1614,33.35,33.65,33.35,33.6,21384.0,716865.0,34.290000000000006,34.095000000000006,33.989999999999995,34.107499999999995,35.49166666666667,37.10625,34.28571428571436,40.47619047619048,0.0005506825032739471,-0.01817143137537851,0.01872211387865246,19.451410529093966,32.23967644353592,18.734791740006898,,35.022931444201824,33.989999999999995,32.957068555798166,55179.2,68983.0,0.3875373329080523,33.52342873176207
2026-03-06,1615,46.0,46.25,45.6,45.95,81188.0,3731189.0,47.6,47.685,48.385,48.432500000000005,48.67666666666666,50.93458333333333,31.730769230769283,32.82051282051286,-0.46571884547658016,-0.25087328225582256,-0.2148455632207576,15.226671903021579,30.363941851294417,18.656240099664966,,50.85909738990548,48.385,45.91090261009452,124375.8,147079.55,0.652763640515277,45.95739518155393
2026-03-06,1616,27.3,28.15,27.2,28.05,734088.0,20411227.0,28.51,28.490000000000002,28.642500000000002,29.2025,32.849583333333335,29.926625,46.75324675324675,42.975206611570265,-0.20204109953938953,-0.19747197000001493,-0.004569129539374606,17.325549463190164,28.10262914489102,13.432924214741895,,30.185318678162947,28.642500000000002,27.099681321837057,811101.8,1253480.2,0.9050503894825532,27.804877616852476
2026-03-06,1617,14.95,15.45,14.95,15.4,89206.0,1365922.0,15.65,15.825,16.252499999999998,15.184166666666668,15.307083333333333,15.966875,29.032258064516157,30.86419753086419,0.052111844033492005,0.21205044406218568,-0.15993860002869367,20.88922133353265,28.222155845466894,18.186642610489592,,17.487291693491624,16.252499999999998,15.01770830650837,155971.6,289851.45,0.5719374552803203,15.311996950877743
2026-03-06,1618,43.4,44.55,42.8,44.0,760920.0,33386400.0,45.11,44.86,45.7,43.46,44.97833333333334,45.29449999999999,44.000000000000014,43.77510040160644,0.1895886772116384,0.4120839931524717,-0.22249531594083327,27.64852941362863,27.07036832325619,15.660603305737315,,49.450087718272165,45.7,41.94991228172784,1094706.4,2576032.8,0.6950904827084231,43.87636019555275
2026-03-06,1626,10.75,10.75,10.6,10.7,209089.0,2241742.0,10.940000000000001,10.87,11.035,11.6125,11.815833333333334,12.159583333333334,40.0,31.249999999999986,-0.17193699445675747,-0.1779378170588668,0.006000822602109324,23.987099805564494,23.55387783948298,18.450669464240153,,11.72941380049317,11.035,10.34058619950683,149345.8,200063.1,1.4000326758435793,10.721472674315722
2026-03-06,1702,37.35,37.4,37.0,37.3,394666.0,14674117.0,37.839999999999996,37.675,37.6875,38.255,38.873333333333335,42.21479166666666,48.571428571428456,46.376811594202884,-0.175748255500352,-0.18954764240848496,0.013799386908132955,22.474669030622593,32.15946461180658,11.779514412883763,,38.293500694808934,37.6875,37.081499305191066,420347.0,348109.75,0.9389052378154239,37.181102501862334
2026-03-06,1707,121.0,122.5,120.0,120.5,89419.0,10805046.0,122.3,122.15,121.975,125.50833333333334,126.37083333333334,131.48333333333332,36.36363636363636,47.82608695652174,-0.9018765545089167,-0.9829059745045569,0.08102941999564017,9.355169344726383,20.58987579996835,31.57271028423432,,123.93445749742048,121.975,120.0155425025795,170422.6,109775.15,0.5246898005311502,120.83613102360796
2026-03-06,1708,35.65,36.45,35.3,36.35,1885770.0,68084806.0,36.3,35.64,34.785000000000004,33.12083333333333,32.04833333333333,33.01729166666667,64.2857142857143,67.0520231213873,0.895925719489675,0.7479744837023368,0.14795123578733826,32.60980762047736,19.813542771844723,28.757009055546963,,37.12618728313987,34.785000000000004,32.44381271686014,2754712.6,2099819.0,0.6845614311997557,36.1045122151694
2026-03-06,1709,16.55,17.3,16.55,17.15,951241.0,16274303.0,16.88,16.79,16.9225,16.789166666666667,16.90625,17.713124999999998,65.625,53.06122448979588,0.011413624780097109,-0.000429597660683476,0.011843222440780584,30.6727447819857,17.32366654290127,17.356051869659424,,17.399855654677104,16.9225,16.445144345322895,702624.4,438224.2,1.3538399748144243,17.10849616448408
2026-03-06,1710,12.65,13.85,12.65,13.7,8598640.0,116394477.0,13.190000000000001,12.955000000000002,13.092499999999998,12.483333333333333,12.395833333333334,12.921249999999999,70.37037037037035,54.44444444444443,0.16595187415309098,0.15077718044114716,0.015174693711943826,37.45735039801051,21.9402580609178,22.065175617038776,,14.058923139318765,13.092499999999998,12.12607686068123,3789123.0,4190512.9,2.2692955599488327,13.536382148804927
2026-03-06,1711,26.8,28.25,26.55,27.45,24440107.0,669058788.0,27.35,25.445,23.697499999999998,20.264166666666664,19.603333333333335,18.709375,88.03418803418805,75.0,1.950468453027117,1.564840769901986,0.38562768312513107,32.95533195875468,9.316845578499324,43.09540632760745,,28.554451068747813,23.697499999999998,18.840548931252183,36633195.0,22241129.0,0.6671573964542268,27.375444305542526
2026-03-06,1712,47.0,47.0,46.6,46.95,571303.0,26762409.0,46.27,46.14,46.0575,44.169999999999995,43.60333333333333,42.85708333333333,72.72727272727272,63.71681415929211,0.5209107252991032,0.5135839659987801,0.007326759300323116,33.02822338417345,15.552888085740554,32.706381357634534,,47.12287613817351,46.0575,44.992123861826485,794606.8,566264.6,0.7189757248490699,46.84450983103537
2026-03-06,1713,46.5,46.5,45.95,46.1,144661.0,6686089.0,47.46,47.3,47.94500000000001,45.29083333333333,46.9275,49.65791666666667,36.89320388349513,37.654320987654316,0.36951730138994776,0.6396756723711888,-0.27015837098124107,28.408662044901323,25.62160830097992,27.86789720686466,,50.18480732254043,47.94500000000001,45.705192677459586,273401.6,332821.45,0.5291154111753553,46.219015491390216
2026-03-06,1714,9.92,10.35,9.79,10.2,14666109.0,148234487.0,9.846,9.508,9.345,8.644833333333333,8.313666666666666,8.178708333333335,82.75862068965516,77.61194029850748,0.34045306655458774,0.26985599059261484,0.0705970759619729,46.414965245399934,9.818132230729178,44.492235831744324,,10.00802337817002,9.345,8.681976621829982,7321399.4,4500776.95,2.003183844880802,10.107281147303624
2026-03-06,1717,60.0,64.7,59.9,62.8,21905707.0,1372545308.0,64.8,60.42,60.705,47.17666666666666,43.771249999999995,35.15020833333333,64.01869158878505,51.44356955380577,4.148972774997937,4.1725814492880895,-0.023608674290152898,39.479065524841126,19.84681164429168,42.43166336606313,,69.43136054842142,60.705,51.97863945157857,58752952.0,37556929.15,0.37284436363299667,62.65697372835307
2026-03-06,1718,7.02,7.62,7.0,7.54,23177809.0,172662033.0,7.18,7.100999999999999,7.120500000000002,6.962999999999999,6.748916666666667,6.709375,79.22077922077928,66.88741721854306,0.06254204593266799,0.04085447688769345,0.021687569044974542,34.08208453843806,17.51157718530829,16.24441394449798,,7.47104694107166,7.120500000000002,6.769953058928343,8178433.8,5848348.7,2.834015603329821,7.449454476046463
2026-03-06,1720,64.3,64.9,63.7,64.6,346785.0,22308598.0,64.3,62.56,61.875,61.26,58.505,58.513333333333335,81.96721311475413,72.15189873417725,0.9505828532973197,0.48449389208864646,0.46608896120867327,40.26775483241002,19.204727130457012,23.907387938809727,,65.32989736308863,61.875,58.42010263691137,619010.6,320671.5,0.5602246552805397,64.32976628170192
2026-03-06,1721,17.0,17.25,16.55,17.2,890371.0,15126761.0,17.990000000000002,17.73,18.0625,14.066666666666666,13.442916666666667,13.134999999999998,52.74725274725275,48.8479262672811,0.7681345261116057,1.0715556883440083,-0.30342116223240256,29.27492747988318,24.063718139219723,27.262572462425315,,19.985456878844232,18.0625,16.139543121155768,1847289.8,1955252.8,0.4819877206056137,16.989278626550057
2026-03-06,1722,45.7,47.65,45.4,47.5,3669011.0,171609406.0,46.9,46.555,46.5975,47.10916666666667,48.81333333333334,50.55833333333333,62.22222222222226,57.14285714285717,-0.06624908110606498,-0.17985077527806181,0.11360169417199684,28.23031637993008,19.291541099619455,17.50414189607588,,47.9151833738367,46.5975,45.279816626163296,2425360.0,2179447.15,1.5127696506910315,46.772660534405595
2026-03-06,1723,68.9,69.7,68.0,69.1,488472.0,33514978.0,70.9,71.63000000000001,72.375,72.68666666666668,77.7325,84.90166666666666,21.818181818181657,29.508196721311407,-0.3375360297629584,0.025851904683582647,-0.36338793444654105,16.548998383777054,36.55758900409133,17.472334182291497,,75.13476734335747,72.375,69.61523265664253,497849.2,428368.35,0.9811645775467752,68.61187130480356
2026-03-06,1725,29.95,29.95,28.0,28.3,50172.0,1427139.0,28.589999999999996,27.885,27.942499999999995,26.709166666666665,27.290833333333335,29.051875000000003,60.46511627906977,52.47524752475247,0.4251503264884846,0.3411941029637987,0.0839562235246859,35.57724933379351,12.871027986544037,26.10518815384371,,29.85128164503473,27.942499999999995,26.03371835496526,97177.2,70280.7,0.5162939454933874,28.444929442717054
2026-03-06,1726,76.0,76.7,76.0,76.7,13700.0,1045295.0,77.06,76.7,76.29499999999999,,,,52.50000000000003,55.000000000000085,0.27327819503599926,0.21416733152851297,0.05911086350748629,22.63408042114907,16.631482314459518,25.344404874998663,,77.6192276795807,76.29499999999999,74.97077232041927,20548.6,21615.15,0.6667120874414803,76.29890510948906
2026-03-06,1727,48.55,49.25,47.5,47.5,8855918.0,427105342.0,48.019999999999996,45.06,44.635000000000005,41.248333333333335,38.9525,32.223333333333336,84.5161290322581,62.20238095238096,1.5187716614833349,1.0634890849524958,0.45528257653083903,33.90297223229171,13.887777962281453,33.796689780503506,,50.2035299959497,44.635000000000005,39.06647000405031,7668860.4,4080933.6,1.1547893087218017,48.22824036988599
2026-03-06,1730,53.3,53.4,53.2,53.3,16510.0,880443.0,53.44,53.31,53.125,52.96000000000001,52.75333333333334,53.6675,57.14285714285671,63.6363636363634,0.13710169804230787,0.11484903774641379,0.02225266029589408,35.22012767175441,9.018846450953388,44.845897169925244,,53.789514068600226,53.125,52.460485931399774,61132.0,61190.15,0.27007132107570503,53.32786190187765
2026-03-06,1731,22.0,22.05,21.9,22.0,96529.0,2122926.0,22.060000000000002,21.985,21.9625,21.874166666666667,21.854166666666668,22.144375,57.14285714285728,57.14285714285743,0.0531475728637929,0.04234424107165746,0.01080333179213544,21.286000237349082,10.373252127673743,25.356019281410987,,22.186987720915685,21.9625,21.738012279084312,138164.8,111855.95,0.6986511759869374,21.992623978286318
2026-03-06,1732,27.0,27.0,26.55,26.75,100131.0,2682178.0,27.170000000000005,27.380000000000003,28.1475,28.4575,28.65,27.84541666666667,25.000000000000014,30.508474576271183,-0.44497958036203755,-0.30669471868916415,-0.1382848616728734,29.249770724427766,28.394703001690846,18.618299664053747,,31.228080088913522,28.1475,25.06691991108648,238685.0,1156979.4,0.4195110710769424,26.786689436837744
2026-03-06,1733,29.25,29.5,29.2,29.4,61767.0,1811705.0,29.919999999999998,30.22,29.85,30.59333333333333,31.54375,30.876875000000002,6.6666666666667425,53.33333333333333,-0.163925373383762,-0.16000186719202267,-0.00392350619173934,19.738570226009166,27.28429271974277,13.204685099408715,,31.04780501005177,29.85,28.65219498994823,122419.6,169345.9,0.5045515587373264,29.331277219227097
2026-03-06,1734,30.75,30.8,30.5,30.8,165607.0,5083825.0,30.759999999999998,30.714999999999996,30.85,30.8475,31.134166666666665,31.4,66.66666666666666,41.37931034482756,-0.016849264386607388,-0.015964540025305687,-0.0008847243613017003,16.466613244389563,22.386214932761696,14.097903904845468,,31.28042206947834,30.85,30.419577930521662,191933.6,218198.05,0.8628348553874882,30.698128702289154
2026-03-06,1735,18.65,20.8,18.65,20.8,748343.0,15154949.0,19.35,18.115000000000002,17.622500000000002,16.171666666666667,15.651250000000001,16.408541666666668,78.125,65.55183946488296,0.8013226529172783,0.5198224446275665,0.2815002082897118,35.2730628240949,13.830843842055751,25.071979939733463,,20.433282809112008,17.622500000000002,14.811717190887997,881415.8,608722.55,0.8490238091942531,20.251340628562037
2026-03-06,1736,135.5,144.5,133.5,142.5,1960366.0,275170423.0,137.1,138.0,142.275,149.6,152.82916666666668,160.31041666666667,62.16216216216216,41.53846153846154,-3.4471828926918135,-3.4335814645339795,-0.01360142815783405,24.406104193739882,32.4067048707767,20.048663439087004,,152.69499595918805,142.275,131.85500404081196,858071.8,670147.5,2.284617674185307,140.36686159625293
2026-03-06,1737,31.55,31.65,31.55,31.6,60994.0,1926759.0,31.68,31.595,31.6025,31.6525,31.960416666666667,32.145625,64.28571428571443,50.0,-0.0008512133233580244,-0.011802226118203148,0.010951012794845123,15.298682384791562,16.27546270408546,9.188499025540146,,31.841962116549766,31.6025,31.363037883450232,102285.2,100689.75,0.5963130540879815,31.58932026100928
2026-03-06,1742,17.55,17.55,16.95,17.0,18000.0,306200.0,16.98,16.645,16.752499999999998,16.850833333333334,16.875416666666666,16.88770833333333,83.33333333333314,51.851851851851876,0.018160281343604368,-0.04290755419677317,0.061067835540377535,12.534011593487815,8.048812956668637,44.22870383412618,,17.37275037389411,16.752499999999998,16.132249626105885,37200.0,87938.05,0.4838709677419355,17.011111111111113
2026-03-06,1752,37.0,37.0,36.55,36.85,43455.0,1594969.0,37.05,36.92,36.725,37.538333333333334,37.44041666666667,37.538333333333334,43.478260869565275,60.46511627906981,-0.07055751372345043,-0.15718495443862848,0.08662744071517806,34.29701720157387,19.00054927838923,27.975150793825108,,37.37752545826744,36.725,36.07247454173256,73567.2,83748.55,0.590684435454931,36.70392359912553
2026-03-06,1760,61.7,61.7,60.5,61.2,107304.0,6579756.0,61.82000000000001,61.98,63.61,64.58500000000001,66.91833333333334,71.10416666666667,45.45454545454549,29.5918367346939,-0.9239806233393537,-0.7391099090822442,-0.18487071425710955,21.83277933150435,31.45027909597632,14.279535305788498,,67.90976743557141,63.61,59.310232564428595,138427.4,199875.85,0.7751644544360438,61.318832475956164
2026-03-06,1762,26.8,26.95,26.6,26.9,78464.0,2107907.0,26.99,26.645,26.595,25.439999999999998,26.058333333333334,27.824583333333337,50.0,55.95238095238097,0.40384765631019803,0.3813362897371511,0.02251136657304692,35.62465003788277,23.003583535210133,35.95344529455059,,27.767895652019238,26.595,25.42210434798076,73458.6,106645.2,1.0681390606409595,26.86463856035889
2026-03-06,1773,149.0,152.0,147.0,149.0,576698.0,86190352.0,153.7,149.55,147.6,141.35833333333332,140.89166666666668,139.07416666666668,56.52173913043478,56.52173913043478,2.985257717739586,2.5335435040917123,0.45171421364787356,32.56450798827368,22.76507952713085,20.525735387639827,,159.70306616218633,147.6,135.49693383781366,1583367.6,1098686.1,0.3642224332492341,149.45491747847225
2026-03-06,1776,14.95,15.15,14.95,15.15,23183.0,349360.0,15.170000000000002,,,,,,52.63157894736845,40.62499999999998,-0.027703241831581238,-0.014140562082207993,-0.013562679749373245,21.21203879624789,19.85197539123906,11.185288049437267,,,,,28017.6,35543.7,0.8274441779452916,15.069663115213734
2026-03-06,1777,71.4,71.5,71.2,71.3,30000.0,2142500.0,71.82,71.57000000000001,71.72,71.77333333333333,71.78666666666666,71.79333333333332,51.47058823529414,47.57281553398058,-0.07729725937950604,-0.027083347445226346,-0.050213911934279695,14.873591267284592,20.78754582171826,57.75822525028478,,73.00898164618839,71.72,70.43101835381161,59000.0,31467.3,0.5084745762711864,71.41666666666667
2026-03-06,1781,12.6,12.65,12.5,12.5,107000.0,1341350.0,12.51,12.535,12.747499999999999,12.915833333333333,12.957916666666668,12.978958333333333,58.33333333333331,32.142857142857125,-0.13880074311035884,-0.11174006803516609,-0.027060675075192747,11.430264382465952,5.870000383226196,39.988592305889846,,13.235756834915911,12.747499999999999,12.259243165084087,63600.0,71521.35,1.6823899371069182,12.535981308411214
2026-03-06,1783,43.0,43.0,42.55,42.95,75200.0,3213736.0,43.86,44.135,45.295,43.71333333333334,43.860416666666666,44.348333333333336,27.868852459016466,22.222222222222186,-0.16976452672827236,0.17765417663571187,-0.3474187033639842,25.035617086227763,31.134111452751945,14.218709858576911,,48.00538936802741,45.295,42.584610631972595,82669.4,102397.8,0.9096473423056174,42.735851063829784
2026-03-06,1784,98.7,98.7,95.1,95.3,484000.0,46850900.0,99.32000000000001,96.19000000000001,95.65,95.08333333333333,94.94166666666666,94.87083333333334,59.15492957746477,50.67750677506775,0.7797353990540898,0.4847059749304924,0.29502942412359745,17.82539728079628,10.81407801281122,38.257793981861376,,101.84116518240222,95.65,89.45883481759779,691800.0,347812.4,0.6996241688349234,96.79938016528925
2026-03-06,1785,58.7,62.7,58.7,62.7,16303000.0,1006048600.0,61.3,60.470000000000006,60.30499999999999,60.16833333333334,60.134166666666665,60.11708333333333,58.9041095890411,56.132075471698116,0.25045507238709064,0.12750561866146057,0.12294945372563007,19.985355044923253,17.814671524574564,20.297421898063003,,63.05452627498691,60.30499999999999,57.55547372501307,10183200.0,6652244.95,1.6009702254694005,61.70941544501012
2026-03-06,1786,70.1,70.3,68.8,70.1,119977.0,8367413.0,72.34,72.72,75.64,77.04666666666667,85.19583333333334,94.01854166666666,42.71844660194176,25.581395348837205,-1.628626042286001,-1.2053087102243076,-0.4233173320616934,23.923495787960427,32.68333391551291,15.347769587385477,,83.0706336061883,75.64,68.2093663938117,272815.0,312397.0,0.43977420596374833,69.74180884669562
2026-03-06,1788,136.5,137.0,136.5,136.5,7000.0,956500.0,136.5,136.4,136.45,136.48333333333332,136.49166666666667,136.49583333333334,50.0,50.0,0.005266155232135361,-0.016252096233508487,0.02151825146564385,18.82564427985227,2.7262126359745507,56.7688725517063,,136.89721359549995,136.45,136.00278640450003,14600.0,12414.9,0.4794520547945205,136.64285714285714
2026-03-06,1789,20.4,21.9,20.1,21.65,2150173.0,45823218.0,21.31,21.835,23.44,19.519166666666667,18.903750000000002,19.050625000000004,50.0,31.249999999999986,0.24756817932916775,0.727498409138411,-0.47993022980924327,32.22234098680887,27.904266069924823,20.318427424422243,,27.412351815659076,23.44,19.467648184340927,1547580.2,2345990.1,1.3893774293571346,21.311409826093062
2026-03-06,1795,269.0,270.0,265.0,268.0,1257081.0,336296365.0,276.4,295.1,322.1,300.56666666666666,265.59166666666664,249.5625,5.454545454545453,10.593220338983045,-9.1664748262736,0.18315407820080687,-9.349628904474407,14.6801627997781,39.59570075459282,33.21276807052601,,390.18786892492017,322.1,254.01213107507988,4092838.2,5786518.0,0.3071416309591715,267.521635439562
2026-03-06,1796,41.2,41.75,41.2,41.55,16000.0,663100.0,42.55,43.22,43.73,44.04333333333334,44.12166666666667,44.160833333333336,13.333333333333115,19.540229885057272,-0.5115197395007129,-0.22781543797194273,-0.28370430152877024,1.964711225265724,47.94385118796264,57.03608163488769,,45.50805334121671,43.73,41.951946658783285,19400.0,12670.75,0.8247422680412371,41.44375
2026-03-06,1799,28.5,29.8,28.5,29.0,179000.0,5189550.0,30.560000000000002,31.365,31.9625,32.354166666666664,32.45208333333333,32.501041666666666,14.953271028037335,27.388535031847155,-0.626650477883171,-0.25066741275107873,-0.37598306513209223,13.088844123667117,28.65520277574615,41.571666747976245,,34.394063283157564,31.9625,29.530936716842433,160000.0,121270.1,1.11875,28.99189944134078
2026-03-06,1802,58.2,60.5,58.2,59.1,7468591.0,442453374.0,60.94,53.839999999999996,52.085,40.39750000000001,34.717083333333335,25.46625,71.32743362831859,60.0,5.2649278825338115,4.323273332662618,0.9416545498711937,38.52527529743575,19.241263609182397,30.865651130714262,,64.44755381553915,52.085,39.72244618446085,149514371.6,76542070.6,0.049952328462316196,59.24188029576128
2026-03-06,1805,10.95,11.05,10.8,10.9,16165.0,176804.0,11.32,11.595,11.782499999999999,11.736666666666668,11.67,13.099375,22.58064516129032,23.809523809523768,-0.13391188938444998,-0.0126397854563922,-0.12127210392805778,18.01273393814509,32.06267537063079,18.480434049769734,,12.442862739234187,11.782499999999999,11.122137260765811,65709.6,62566.05,0.24600667178007474,10.937457469842252
2026-03-06,1806,8.85,9.0,8.73,8.9,372233.0,3301366.0,8.9,8.873999999999999,8.9215,9.030666666666667,9.334083333333332,9.896125000000001,52.173913043478215,48.11320754716986,-0.05333149116050606,-0.0572468861803913,0.003915395019885241,17.77391125155546,23.324198553527975,13.013959389273944,,9.112042162760515,8.9215,8.730957837239485,316765.2,376835.3,1.1751069877625446,8.869084686204609
2026-03-06,1808,29.45,29.9,29.35,29.7,593600.0,17579251.0,30.139999999999997,30.85,31.340000000000003,33.2025,32.11708333333333,32.69541666666667,18.46153846153841,36.36363636363635,-0.760378256290501,-0.5716290964328218,-0.18874915985767926,15.288973759404389,28.875483879897207,18.3438279107698,,33.051755024286486,31.340000000000003,29.628244975713525,1699756.0,1253940.25,0.3492265948759704,29.61464117250674
2026-03-06,1809,25.0,25.7,24.65,25.4,2154103.0,54161194.0,25.679999999999996,24.615,25.1025,20.417500000000004,19.868333333333336,18.379166666666666,67.92452830188677,52.79999999999999,1.29193631111281,1.3775971570679264,-0.08566084595511647,34.532832106633734,14.229625906067195,38.5404288452186,,27.741374361301833,25.1025,22.463625638698165,5287880.4,5495114.75,0.40736605918696644,25.14327030787293
2026-03-06,1810,18.4,18.65,18.1,18.5,939147.0,17241960.0,18.93,18.775,18.925,17.8675,18.951666666666664,17.74279166666667,43.90243902439024,50.0,0.19982273104071524,0.26659370734788895,-0.06677097630717371,34.84736575593853,29.15204804446794,23.93293799501885,,19.983549156057183,18.925,17.86645084394282,1814045.8,1420604.85,0.5177085385606031,18.359170609073978
2026-03-06,1813,13.3,13.4,13.25,13.4,25000.0,332750.0,13.36,13.37,13.372499999999999,13.357499999999998,13.35375,13.351875,50.0,52.941176470588275,0.0009244003345383334,0.004999167455284791,-0.004074767120746458,21.435887116257664,11.949416872700338,62.20529771143917,,13.491597483291274,13.372499999999999,13.253402516708723,30800.0,15531.8,0.8116883116883117,13.31
2026-03-06,1815,110.0,113.0,105.0,108.0,85182000.0,9315328500.0,107.6,99.57,97.67999999999999,96.35999999999999,96.03,95.86500000000001,68.75,61.75908221797323,2.859618447274073,1.2593081399546082,1.6003103073194649,26.164307974675665,10.901705348420355,62.03181952329842,,111.08190088638253,97.67999999999999,84.27809911361746,86804800.0,73690120.35,0.9813051812802979,109.35794534056491
2026-03-06,1817,38.7,39.05,38.7,38.75,41249.0,1598001.0,38.9,38.834999999999994,38.7525,38.61416666666666,38.770833333333336,41.10375,45.83333333333326,55.813953488372086,0.09137597994428148,0.08282781458342914,0.008548165360852344,24.266400903952924,13.941921351657369,13.06525015087585,,39.15443610384586,38.7525,38.350563896154135,49503.6,42070.85,0.8332525311290492,38.74035734199617
2026-03-06,1903,51.8,53.0,51.8,52.5,149165.0,7790402.0,53.279999999999994,53.839999999999996,55.35,55.41166666666666,54.51083333333334,53.918958333333336,8.82352941176481,31.034482758620697,-0.785801882220909,-0.4717606453306096,-0.3140412368902994,15.059157314156618,25.840833912298717,16.122117876683195,,59.7973528495523,55.35,50.902647150447706,186477.2,353625.85,0.7999101230606208,52.22674219823685
2026-03-06,1904,18.0,18.4,17.8,18.4,1377888.0,25177563.0,18.34,18.305,18.0125,17.98,17.857916666666664,18.08125,45.652173913043406,59.210526315789465,0.144488753670867,0.11771812280245891,0.026770630868408085,32.32795361385368,19.139127342017627,22.531370233936848,,18.783606518684287,18.0125,17.24139348131571,1403480.6,1137614.65,0.9817649064760852,18.272575855221906
2026-03-06,1905,11.75,12.25,11.7,12.25,1819299.0,21939711.0,12.29,12.129999999999999,12.17,12.058333333333334,12.120416666666667,12.906458333333331,56.818181818181834,48.27586206896552,0.04572070481336965,0.04655672760720708,-0.0008360227938374321,29.91914567128213,23.65955944951924,16.029151460161994,,12.63271509934082,12.17,11.70728490065918,5432620.2,2639720.5,0.3348842608213252,12.05943113254061
2026-03-06,1906,11.55,11.65,11.5,11.6,53082.0,616129.0,11.8,11.790000000000001,11.805,12.033333333333333,12.428333333333335,12.743333333333334,18.18181818181816,40.740740740740726,-0.06556721185467396,-0.0681481824991365,0.0025809706444625408,21.098078444146807,27.982066499041057,14.496980179967235,,12.070369652808392,11.805,11.539630347191608,81818.4,65408.0,0.6487782699246136,11.60711729023021
2026-03-06,1907,23.95,24.95,23.9,24.8,1012561.0,24845879.0,25.38,25.654999999999994,25.404999999999998,26.081666666666667,25.720833333333335,26.126875,34.285714285714334,48.21428571428572,-0.16635529021651863,-0.10194958698534912,-0.06440570323116951,28.820662644818395,29.299005203001084,15.735708043683687,,26.562992818812855,25.404999999999998,24.24700718118714,1371556.0,1125453.1,0.7382571327747464,24.5376614347185
2026-03-06,1909,9.31,9.56,9.26,9.54,1887525.0,17872720.0,9.736,9.812000000000001,9.8375,10.150166666666667,10.068000000000001,10.027708333333333,31.1320754716981,39.06250000000001,-0.12739122518292412,-0.11079921948526894,-0.016592005697655177,21.019906193655657,29.560141896102802,13.792594905831843,,10.213622880257088,9.8375,9.461377119742913,2662230.2,2098418.75,0.7090014229423135,9.468865313042212
2026-03-06,2002,19.1,19.9,19.1,19.9,34595686.0,679618864.0,20.18,20.35,20.317500000000003,19.054166666666667,19.220833333333335,19.686458333333334,32.142857142857125,41.584158415841564,0.2420490685669776,0.4021657587440071,-0.1601166901770295,26.7560542947616,26.510130227362517,26.450034568151544,,21.536764230246284,20.317500000000003,19.09823576975372,54901017.2,82259028.4,0.6301465394342456,19.64461303065359
2026-03-06,2006,80.0,80.8,77.6,80.4,2966317.0,235743603.0,77.0,74.27000000000001,72.34,68.03666666666666,65.025,65.33791666666667,93.75000000000006,88.73239436619721,2.7126537483291457,1.757169946175816,0.9554838021533298,45.17071795042749,15.16196614892826,35.9307189991812,,79.04283522100931,72.34,65.6371647789907,3312476.2,1982508.3,0.8954983585995274,79.4735030005222
2026-03-06,2007,8.02,8.32,8.02,8.26,211250.0,1738598.0,8.35,8.301,8.3585,7.640166666666667,7.733083333333332,8.03525,49.45054945054946,31.924882629108012,0.15727623264522883,0.207742341349374,-0.05046610870414517,32.63214173726153,18.60387499954873,43.124964221750375,,8.92132277289044,8.3585,7.79567722710956,289118.0,796124.7,0.7306705220705733,8.230049704142012
2026-03-06,2008,29.0,29.3,29.0,29.0,30739.0,892619.0,29.5,29.494999999999997,29.459999999999997,29.0,27.64041666666667,,27.77777777777777,37.499999999999986,0.0801902704473143,0.14458210617289594,-0.06439183572558163,34.09467571556895,13.834997231795956,44.17308667065731,,30.219223980543095,29.459999999999997,28.7007760194569,34408.8,24294.85,0.8933470507544581,29.038647971632127
2026-03-06,2009,42.7,43.6,42.25,43.0,1235210.0,53060123.0,45.160000000000004,44.61,46.75750000000001,44.21,40.683749999999996,37.873958333333334,34.25925925925921,30.706521739130423,-0.46690172020776544,-0.026503987539298533,-0.4403977326684669,26.48772820077778,29.704425925401278,19.258622021951464,,53.62184533237531,46.75750000000001,39.89315466762471,2580399.6,10043126.2,0.47868942469220654,42.95635802818954
2026-03-06,2010,22.6,23.05,22.5,22.85,1387753.0,31696938.0,22.81,22.520000000000003,22.035,20.93166666666667,20.640416666666667,19.737291666666668,73.33333333333343,70.9677419354839,0.5245115519877146,0.483013261213946,0.0414982907737686,31.231170916865214,11.862319158639526,33.71745157655304,,23.41763668782741,22.035,20.65236331217259,1406459.2,1973980.5,0.9866997919313977,22.84047521424922
2026-03-06,2012,16.7,16.85,16.4,16.75,42668.0,712995.0,17.05,16.985,17.044999999999998,15.9125,16.585416666666667,,37.49999999999997,36.0,0.25001740655870464,0.3333270146061907,-0.08330960804748605,26.81694339646742,23.053162411171716,39.567098390210354,,17.488550270101957,17.044999999999998,16.60144972989804,49002.6,59604.55,0.8707293082407872,16.710298115683884
2026-03-06,2013,42.3,43.0,42.15,42.9,105804.0,4520015.0,42.83,42.21,42.1275,41.7125,41.845000000000006,43.548125000000006,66.17647058823525,49.565217391304316,0.24337318155891552,0.13467935953087662,0.1086938220280389,31.1603229260968,22.861189484431645,16.05873297295813,,43.416512269755685,42.1275,40.83848773024431,134879.4,181747.85,0.7844340944577156,42.72064383199123
2026-03-06,2014,17.0,18.1,16.95,18.05,10150469.0,181145497.0,17.880000000000003,17.98,18.167499999999997,16.114166666666666,15.937083333333332,16.28,47.727272727272776,31.1111111111111,0.4041009985715185,0.5992686706448839,-0.19516767207336538,34.7975048241271,24.467033592016453,29.919012816800777,,20.12232533881225,18.167499999999997,16.212674661187744,8010440.0,23170101.55,1.267154987740998,17.846022385763654
2026-03-06,2015,66.0,67.8,66.0,67.8,139347.0,9348128.0,67.74000000000001,67.00999999999999,65.91999999999999,63.95,64.64166666666667,64.70541666666666,55.31914893617023,66.66666666666671,1.150466198876586,0.9919596437164965,0.1585065551600896,25.798340903238575,16.733720916045666,28.2492460974956,,68.96879613860072,65.91999999999999,62.871203861399245,334477.6,288096.6,0.4166108582458138,67.08524761925266
2026-03-06,2017,9.45,9.99,9.4,9.99,1389967.0,13591019.0,9.62,9.181999999999999,9.039,8.752500000000001,9.15375,9.665875000000002,77.40384615384619,66.7832167832168,0.2619139032659046,0.14273402611899474,0.11917987714690984,40.88705403830258,5.899583189705982,40.66908434457046,,9.884094824950337,9.039,8.193905175049663,2584276.4,1700744.4,0.5378553934865481,9.777943649021884
2026-03-06,2020,23.8,24.4,23.8,24.4,370237.0,8955972.0,24.32,24.214999999999996,24.104999999999997,23.50333333333333,23.95,25.17125,51.351351351351276,50.60240963855417,0.1987038357811457,0.20701647336712706,-0.008312637585981358,25.66655270899737,18.44774058744044,24.146791655048933,,24.727304714665678,24.104999999999997,23.482695285334316,366717.2,525878.15,1.0095981317483882,24.189835159640985
2026-03-06,2022,8.83,9.11,8.74,9.06,752836.0,6789621.0,9.062000000000001,8.914,8.912,8.403166666666667,8.185416666666667,8.233958333333332,54.05405405405408,47.6923076923077,0.15658496651622933,0.15815342795465562,-0.0015684614384262885,30.71913362820174,18.125400925748693,29.4224631866219,,9.339506848206272,8.912,8.48449315179373,683785.8,829885.2,1.1009822081710383,9.01872519380051
2026-03-06,2023,14.45,14.9,14.4,14.9,2287408.0,33619673.0,14.7,14.755,14.867500000000001,14.860833333333334,14.968333333333332,15.171041666666666,47.368421052631625,34.88372093023253,-0.05330982691968167,-0.03395061199071172,-0.01935921492896995,22.122211907033655,16.30920543456845,24.663355047883535,,15.343530737618828,14.867500000000001,14.391469262381175,2771507.0,2816823.9,0.8253300460724076,14.697715929995873
2026-03-06,2024,15.75,15.8,15.75,15.75,12214.0,192455.0,16.2,16.214999999999996,16.072499999999998,,,,31.428571428571473,41.53846153846153,0.022996703112266204,0.05044609853783464,-0.027449395425568436,27.94078277018985,40.30946181429868,12.95878538889804,,16.782188589972105,16.072499999999998,15.36281141002789,13930.6,15235.0,0.876774869711283,15.756918290486327
2026-03-06,2025,11.5,11.55,11.0,11.35,150281.0,1670193.0,11.76,11.925,12.39,10.500666666666667,10.804499999999999,12.083291666666668,5.5555555555554434,12.962962962962948,0.23060978029524648,0.4450341983458988,-0.21442441805065232,22.752841031286632,24.439049259140734,26.63172824705381,,13.573927451546847,12.39,11.206072548453154,171815.0,267263.2,0.8746675202979949,11.113800147723266
2026-03-06,2027,36.35,37.7,36.25,37.7,29093415.0,1085508533.0,37.03,37.125,37.7125,37.09666666666667,37.91041666666667,37.98645833333333,56.60377358490565,40.24390243902444,-0.0068267753610555815,0.09628309150436799,-0.10310986686542357,25.132980781362278,23.12819961084107,14.762204758637878,,39.705349058112894,37.7125,35.7196509418871,17024258.2,27317426.05,1.7089387777260099,37.311141816799434
2026-03-06,2028,17.95,18.4,17.95,18.35,92731.0,1688938.0,18.839999999999996,18.705000000000002,18.9125,17.21916666666667,17.245416666666664,18.21525,36.36363636363641,29.41176470588239,0.30277467717302997,0.4509452759552857,-0.14817059878225575,26.57230944064839,18.99673038094068,38.76237926879752,,20.20697205251288,18.9125,17.61802794748712,100071.4,500034.4,0.9266483730616341,18.213305151459597
2026-03-06,2029,21.1,21.45,21.1,21.4,123569.0,2635181.0,21.61,21.59,21.472500000000004,20.99416666666667,21.695416666666667,22.909375,36.36363636363626,44.736842105263136,0.13772823386375066,0.1680467865704631,-0.030318552706712437,31.748614888201093,23.601308302237246,21.232670632698913,,22.105350693291374,21.472500000000004,20.839649306708633,169993.8,236703.25,0.7269029811675485,21.325583277359208
2026-03-06,2030,15.65,16.2,15.45,16.1,550779.0,8819124.0,16.089999999999996,16.21,16.544999999999998,14.841666666666667,14.468333333333334,15.001875,40.90909090909094,35.416666666666686,0.2783365017074413,0.4566730153551247,-0.17833651364768344,31.52615596745283,20.835501599183146,45.35209860162894,,17.661809365064148,16.544999999999998,15.42819063493585,634822.8,1967080.5,0.8676106151196837,16.012091964290576
2026-03-06,2031,38.05,39.15,37.9,39.05,911862.0,35334862.0,38.95,39.205,39.1725,38.361666666666665,40.25958333333333,41.73187500000001,34.426229508196656,46.85314685314683,0.1422765664299277,0.24352020293965634,-0.10124363650972865,27.59032009800165,25.868837155838037,18.976313629951946,,40.15416078394536,39.1725,38.19083921605464,759064.2,1081567.2,1.2012975977526013,38.75022974967703
2026-03-06,2032,15.15,15.8,14.9,15.7,543942.0,8418608.0,15.919999999999998,16.205000000000002,16.542499999999997,15.032499999999999,14.974166666666665,15.014583333333333,29.999999999999943,27.272727272727252,0.14888201265297774,0.3628831792733715,-0.21400116662039376,22.91378593914899,25.5106984454334,32.37119531126718,,17.72048891961546,16.542499999999997,15.364511080384535,519383.2,1436105.1,1.0472845482872761,15.477032477727406
2026-03-06,2033,16.6,16.6,16.3,16.45,79001.0,1300466.0,16.470000000000002,16.375,16.360000000000003,15.886666666666667,16.596666666666668,17.612458333333333,53.846153846153754,44.285714285714256,0.13383705259046863,0.14048637862267832,-0.00664932603220969,21.863119503585377,12.659396586568697,28.419923580836745,,16.848391559907576,16.360000000000003,15.871608440092432,153194.2,223979.8,0.515691847341479,16.46138656472703
2026-03-06,2034,19.85,20.35,19.6,20.2,1162974.0,23361379.0,20.419999999999998,20.75,21.3275,20.482499999999998,20.353333333333335,21.05604166666667,25.641025641025735,21.686746987951835,-0.15034096649591788,0.07127855347480837,-0.22161951997072626,22.258294226915204,23.054160731523222,26.854701069365618,,22.78477756269592,21.3275,19.870222437304083,1779413.4,2980725.15,0.653571564651587,20.087619327689183
2026-03-06,2035,27.9,28.65,27.9,28.65,7000.0,197800.0,28.619999999999997,28.285000000000004,,,,,74.99999999999993,44.08602150537632,-0.294516033612819,-0.3119748613425625,0.017458827729743553,3.68524411735498,8.86083356229552,50.36626735150933,,,,,9600.0,,0.7291666666666666,28.257142857142856
2026-03-06,2038,14.8,15.45,14.6,15.3,826397.0,12559230.0,15.059999999999999,15.180000000000001,15.420000000000002,14.5025,14.872916666666667,15.379,39.285714285714334,32.3943661971831,0.10397609980765665,0.20803493825636699,-0.10405883844871033,27.402792239647372,14.397935818276794,37.67705129375941,,16.481478611232948,15.420000000000002,14.358521388767056,814927.0,2486320.35,1.0140748803267041,15.197574531369305
2026-03-06,2049,237.0,243.0,228.0,230.0,6689023.0,1558556830.0,237.2,233.7,238.55,211.38333333333333,213.0625,226.45208333333332,48.18181818181819,41.99999999999999,5.890570230728997,7.111337615614995,-1.2207673848859981,32.43640963780288,20.735060973442334,30.981405741510695,,261.25613179413284,238.55,215.84386820586718,6959063.2,7936624.95,0.9611958977466967,233.00216339516248
2026-03-06,2059,3315.0,3315.0,3185.0,3205.0,645400.0,2082220870.0,3303.0,3137.5,3196.25,3520.4166666666665,3450.0833333333335,2671.89375,63.3587786259542,52.995391705069125,-69.92108219522697,-112.38455359206064,42.46347139683367,27.877488434180158,27.20363999660292,22.160660581805864,,3612.4088133089804,3196.25,2780.0911866910196,894956.6,873661.8,0.7211522882785601,3226.2486365044933
2026-03-06,2061,17.5,17.5,17.15,17.25,167000.0,2897900.0,17.59,17.875,18.502499999999998,18.967499999999998,19.083750000000002,19.141875000000002,30.612244897959144,25.925925925925853,-0.4465535696478611,-0.3080333470470401,-0.13852022260082097,5.745496817324184,13.362754527810736,38.17161483353979,,19.929854933176575,18.502499999999998,17.07514506682342,245600.0,402129.5,0.6799674267100977,17.352694610778443
2026-03-06,2062,20.6,21.15,20.55,21.0,125218.0,2626905.0,21.52,21.505000000000003,21.8325,21.096666666666668,22.017916666666668,24.495,47.05882352941179,39.62264150943395,-0.02544556857774083,0.08584480049738936,-0.1112903690751302,28.293648032783736,30.379982453198352,13.216614288787031,,22.824719733731058,21.8325,20.84028026626894,307337.2,277321.15,0.4074287134782252,20.978653228769026
2026-03-06,2063,27.15,27.15,26.85,27.0,6000.0,161950.0,26.97,26.79,26.71,26.70333333333333,26.701666666666664,26.700833333333332,58.064516129032235,55.17241379310345,0.07272537239907706,0.027263013819358077,0.04546235857971898,30.385637748628476,8.39708338274956,60.54881340667442,,27.20268330812829,26.71,26.217316691871712,29200.0,17462.5,0.2054794520547945,26.991666666666667
2026-03-06,2064,12.05,12.2,12.0,12.15,8000.0,96450.0,,,,,,,50.0,61.538461538461455,0.02932690961513984,0.0030212824678705406,0.0263056271472693,37.168920924916954,16.29353007018204,28.845290991905777,,,,,,,,12.05625
2026-03-06,2065,29.85,29.9,29.75,29.75,35000.0,1044500.0,30.509999999999998,31.204999999999995,31.755000000000003,32.05166666666667,32.12583333333334,32.16291666666667,18.33333333333337,25.74257425742573,-0.5175990557246593,-0.23186416775595806,-0.28573488796870117,4.509469806522152e-12,16.070020140086477,87.11779017181743,,33.567500453720456,31.755000000000003,29.94249954627955,100200.0,66033.1,0.34930139720558884,29.84285714285714
2026-03-06,2066,51.5,51.5,50.1,50.9,108000.0,5520400.0,52.3,51.81,51.879999999999995,51.96,51.980000000000004,51.99,29.82456140350878,45.08928571428571,0.021564195927879837,0.029445143595469698,-0.007880947667589861,12.861956488783278,9.545737245074324,55.84454861547083,,54.01082637787117,51.879999999999995,49.74917362212882,49600.0,32407.0,2.1774193548387095,51.114814814814814
2026-03-06,2067,9.65,9.75,9.6,9.6,56000.0,541240.0,10.04,10.28,10.227500000000001,10.109166666666665,10.079583333333336,10.064791666666668,4.545454545454447,40.8163265306122,-0.033519277036090145,0.062410462543991636,-0.09592973958008177,8.776796498080513,25.97945791950996,44.14678465891755,,10.903770733702977,10.227500000000001,9.551229266297025,87200.0,122182.5,0.6422018348623854,9.665
2026-03-06,2069,18.15,19.0,18.05,18.9,225436.0,4183877.0,18.810000000000002,18.785,19.375,17.46916666666667,16.2875,16.207708333333333,55.88235294117645,31.632653061224488,0.18273418713991418,0.3734531286926705,-0.19071894155275632,29.893336732764404,20.17818983281068,35.699432333968744,,20.827221528700328,19.375,17.922778471299672,292360.8,629368.85,0.7710883264787892,18.55904558278181
2026-03-06,2070,39.35,40.1,39.3,39.85,205000.0,8138200.0,39.959999999999994,39.82,39.92999999999999,39.91,39.904999999999994,39.902499999999996,52.28758169934641,49.77375565610861,-0.04305477627038101,0.0010266276066821958,-0.044081403877063205,14.349702496255226,16.29341085523952,36.194673661218346,,41.138478817618065,39.92999999999999,38.72152118238192,222600.0,144440.15,0.9209344115004492,39.69853658536585
2026-03-06,2073,26.6,26.65,26.6,26.65,2000.0,53250.0,26.109999999999996,,,,,,89.28571428571415,67.56756756756752,0.027261443808360042,-0.06388597092868038,0.09114741473704042,68.83092875573674,25.737457779309224,48.47466246759761,,,,,8200.0,,0.24390243902439024,26.625
2026-03-06,2101,34.3,35.15,34.0,35.15,1642633.0,57255096.0,35.279999999999994,35.14,35.57,36.8,37.86333333333334,38.966249999999995,50.0,46.15384615384617,-0.5320609328476706,-0.5630415032337759,0.030980570386105244,18.804976338652892,31.89267274123265,21.881347504520882,,37.11490674220388,35.57,34.02509325779612,1487846.4,1400492.0,1.1040339916808617,34.85568352760477
2026-03-06,2102,18.6,19.9,18.4,19.55,972764.0,18577156.0,20.1,19.855,19.95,19.8675,19.815416666666668,,47.61904761904763,43.47826086956522,-0.00024583246706200157,0.027902015775209357,-0.02814784824227136,24.76031964582636,31.72285509456137,15.44813075298841,,20.930332918746835,19.95,18.969667081253164,921374.8,601965.85,1.0557744796145934,19.09728978457262
2026-03-06,2103,19.1,21.0,19.05,21.0,15792261.0,326619736.0,19.82,18.095,16.665,15.724166666666665,16.0475,17.507083333333334,79.87421383647798,77.25118483412321,1.1561196119468775,0.6390055000169382,0.5171141119299393,52.176423007767994,17.022343377684233,25.527367473876787,,20.739064309752656,16.665,12.59093569024734,14672487.2,7084421.3,1.0763179265203244,20.68226557299173
2026-03-06,2104,12.0,13.05,11.95,12.85,13257284.0,168350753.0,12.77,12.035,11.915,11.073666666666668,11.057250000000002,11.354041666666665,66.66666666666666,56.61764705882353,0.3316274396260379,0.23631258988439613,0.09531484974164178,39.04285141987157,25.174340068881513,24.545566485810156,,13.54404557139581,11.915,10.285954428604189,11619662.0,6129948.8,1.140935424799792,12.698736256988989
2026-03-06,2105,29.2,29.7,28.6,29.35,14590271.0,427148515.0,30.18,30.365,30.560000000000002,31.000833333333333,33.97416666666667,40.376666666666665,26.562499999999957,39.49579831932773,-0.23182442317040142,-0.1429445346914919,-0.08887988847890951,12.410205723787056,27.650116478797127,16.00051160066412,,31.832213156585077,30.560000000000002,29.287786843414928,55678134.0,21297558.55,0.2620466950275309,29.276256417718354
2026-03-06,2106,19.05,19.45,18.8,19.3,497443.0,9536842.0,19.82,19.785,19.855,20.23166666666667,20.40375,22.408333333333335,36.11111111111114,41.666666666666686,-0.13714488625575427,-0.12145491434757817,-0.0156899719081761,29.946798226822963,33.3202640099105,14.713532021080004,,20.811913899222624,19.855,18.898086100777377,1269981.0,849118.35,0.3916932615527319,19.1717282181074
2026-03-06,2107,25.05,25.4,25.05,25.35,108610.0,2739631.0,25.53,25.315,25.18,24.4425,24.264166666666664,24.833125,53.571428571428605,57.4468085106383,0.2423336905744371,0.2347463073641981,0.007587383210238996,27.08226119955468,19.10329152398745,26.41050735449577,,25.829210046295035,25.18,24.530789953704964,228197.6,203647.3,0.4759471615827686,25.224482091888408
2026-03-06,2108,24.95,26.0,24.75,25.75,919432.0,23536917.0,26.310000000000002,25.38,24.6875,23.42,23.5725,25.533333333333335,63.35877862595419,62.42424242424242,0.7190851462373544,0.5926940133125463,0.12639113292480808,34.309393489348516,20.009202193541938,33.37969116230629,,27.12727457975188,24.6875,22.24772542024812,2141570.6,1442902.9,0.42932602828970473,25.59941028809091
2026-03-06,2109,14.85,15.25,14.85,15.15,202645.0,3055800.0,15.080000000000002,14.970000000000002,14.929999999999998,15.0675,15.497499999999999,16.437291666666667,64.28571428571433,61.90476190476189,0.010951556518334016,-0.026691048316662642,0.03764260483499666,33.481889602536405,18.798618007745997,25.76067020449622,,15.194376127596149,14.929999999999998,14.665623872403847,187133.6,157278.1,1.0828894436915657,15.079572651681511
2026-03-06,2114,89.6,89.7,89.3,89.4,33530.0,2999169.0,89.64000000000001,89.53,89.535,89.82333333333332,90.48916666666668,,46.153846153846324,48.148148148148245,-0.06359330632106719,-0.09069524164443685,0.027101935323369658,17.42613015356537,17.46708189327957,16.71628299364697,,89.98584715579837,89.535,89.08415284420163,41865.8,38274.3,0.8008923751606323,89.44733074858335
2026-03-06,2115,23.65,23.75,23.5,23.75,60055.0,1418168.0,24.119999999999997,24.2,24.545,24.949166666666667,,,11.11111111111093,27.777777777777786,-0.2387502948661293,-0.1853450659579208,-0.05340522890820851,13.892699288810299,34.22688688323638,23.159140023148826,,25.49805602640934,24.545,23.591943973590663,116093.4,90907.75,0.5172990023550004,23.614486720506203
2026-03-06,2201,28.8,29.6,28.0,29.35,3757534.0,109411973.0,29.98,30.335,30.775,33.556666666666665,33.59708333333334,36.58479166666667,24.000000000000057,31.52173913043481,-0.933013654738744,-0.8966076033407067,-0.03640605139803732,14.331380344501913,37.19518187609151,22.979375194541763,,32.177441480155665,30.775,29.372558519844333,4222837.6,3832825.9,0.8898125753166545,29.118026077741412
2026-03-06,2204,55.6,56.3,55.3,55.9,736953.0,41191193.0,58.06,57.8,56.81,58.64666666666667,59.2775,63.770208333333336,18.518518518518448,51.96078431372549,-0.20650002809772872,-0.3035495890808532,0.0970495609831245,21.63781940595996,30.173468881576543,22.817411778829257,,60.04331343817235,56.81,53.57668656182766,1255568.8,1130760.8,0.5869475252969013,55.893921321983896
2026-03-06,2206,59.7,60.0,59.2,60.0,707900.0,42274318.0,60.379999999999995,60.6,60.1,60.78833333333333,61.891666666666666,64.66791666666667,40.47619047619051,51.38888888888891,-0.02263371286737481,-0.03492190673148355,0.012288193864108739,14.784190419477891,23.288124655165525,15.678069817166309,,61.54222051017785,60.1,58.657779489822154,1064611.4,1027821.85,0.6649374598092789,59.71792343551349
2026-03-06,2207,515.0,518.0,510.0,512.0,563461.0,288783483.0,549.6,543.3,538.2,,,,33.027522935779814,39.99999999999999,-5.777700389775077,-6.646075441513425,0.8683750517383473,22.113656386738754,30.691275643456013,26.883510969836728,,575.4620874065733,538.2,500.9379125934268,656584.8,404748.35,0.8581694245739468,512.5172514158035
2026-03-06,2208,22.0,22.3,21.75,22.05,3536125.0,77686958.0,23.220000000000002,23.080000000000002,22.544999999999998,21.023333333333333,21.285833333333336,18.920833333333334,26.984126984127016,50.0,0.5234025823378943,0.5926911009187402,-0.06928851858084595,26.10622843305297,25.16925225159413,28.24989207912654,,24.42254038431551,22.544999999999998,20.667459615684486,7953414.2,8368627.85,0.4446046579593453,21.969516914701828
2026-03-06,2211,102.5,102.5,99.9,100.0,591566.0,59445049.0,102.6,102.75,102.325,107.69,102.33333333333333,94.23416666666665,47.05882352941176,41.17647058823529,-0.8739042375065509,-1.0622350407206842,0.1883308032141333,17.912850970958207,26.79466175758392,15.952475159609142,,105.00582862288084,102.325,99.64417137711916,824917.8,1003987.1,0.7171211483132016,100.48760239770372
2026-03-06,2221,30.65,32.0,30.65,31.2,84000.0,2639800.0,30.859999999999996,30.504999999999995,30.330000000000002,30.209999999999997,30.179999999999996,30.165,63.07692307692306,62.65060240963856,0.20055965406569598,0.09283831166103876,0.10772134240465722,22.925107865942625,5.705275150131327,51.820202124270914,,31.15996512291973,30.330000000000002,29.500034877080274,58400.0,31301.1,1.4383561643835616,31.426190476190477
2026-03-06,2227,52.2,53.0,52.0,52.3,72396.0,3783639.0,54.4,53.96999999999999,53.80499999999999,54.80166666666667,55.44416666666667,60.152499999999996,39.43661971830962,41.90476190476206,-0.24032160439377748,-0.24921086597299263,0.008889261579215157,23.56486574921969,21.55739120459479,18.818815480211043,,56.24370112106397,53.80499999999999,51.366298878936014,54359.2,58630.3,1.3318076792888784,52.263094646113046
2026-03-06,2228,93.5,93.6,92.0,92.1,122957.0,11391674.0,94.55999999999999,94.68,96.45,99.80333333333333,103.00166666666665,97.83791666666666,37.80487804878051,37.33333333333332,-2.3599342836476325,-2.2224497057823416,-0.1374845778652909,18.765792891968744,30.29758767049214,16.149660544444508,,102.42591657801275,96.45,90.47408342198726,198797.2,323732.5,0.6185046871887532,92.64762477939442
2026-03-06,2230,30.45,30.65,27.6,30.4,903000.0,26257000.0,38.43,51.09499999999999,69.0625,81.22083333333333,84.26041666666666,85.78020833333333,0.0,0.0,-13.66368287730073,-8.718955905161907,-4.944726972138822,2.6873354392578763e-12,66.62148268560927,89.10343039606218,,111.78161780825852,69.0625,26.343382191741483,1014600.0,417360.7,0.8900059136605559,29.07751937984496
2026-03-06,2231,89.2,89.5,88.2,89.0,156296.0,13899297.0,92.16000000000001,91.5,92.675,95.775,103.14166666666667,94.45833333333333,41.81818181818184,41.29353233830845,-1.2665143312164702,-1.2612632022605106,-0.005251128955959583,26.930204044055344,30.149432845399488,10.587308395515416,,99.33007325278936,92.675,86.01992674721063,319792.6,449342.35,0.48874176575693123,88.92932000818959
2026-03-06,2233,229.0,234.0,225.5,227.0,753412.0,172688364.0,231.9,229.15,241.575,211.975,216.55416666666667,202.7,58.0,20.09569377990431,3.207667284832297,6.486715216871953,-3.2790479320396555,25.984313950320743,22.130006709971227,22.948542077532775,,281.6332142177582,241.575,201.51678578224175,1083294.0,3691644.55,0.6954824821331974,229.20840655577558
2026-03-06,2235,34.75,34.75,33.25,33.3,7000.0,235500.0,,,,,,,0.0,21.53846153846159,-0.1327355149033096,0.0601729043756615,-0.1929084192789711,2.9233783931286426,8.820531191659665,82.00971771292426,,,,,,,,33.642857142857146
2026-03-06,2236,111.5,114.0,111.5,113.0,67517.0,7589487.0,113.9,113.55,113.525,106.08333333333333,104.31666666666666,102.52041666666668,52.94117647058823,52.17391304347826,0.8065215224015958,1.255144422854447,-0.44862290045285125,15.932762213297202,19.308051911289006,11.655060079684546,,115.94150029675556,113.525,111.10849970324445,205444.6,278536.9,0.32863847480050584,112.40853414695559
2026-03-06,2239,24.4,24.9,24.15,24.9,74200.0,1815779.0,26.110000000000003,26.74,27.727500000000003,31.736666666666665,31.67625,32.09354166666667,22.222222222222257,23.357664233576642,-1.948761752474823,-1.8131154529730271,-0.13564629950179596,12.861679345812686,41.732725652477384,35.05068351229001,,30.462935114045766,27.727500000000003,24.99206488595424,131448.4,117820.0,0.5644800545309034,24.471415094339623
2026-03-06,2241,29.7,30.25,29.7,29.95,201684.0,6043318.0,29.810000000000002,29.815000000000005,30.9275,34.81666666666667,32.28875,29.195625000000003,52.83018867924525,33.59999999999998,-1.4744215533648237,-1.5944884583455239,0.12006690498070016,10.885609007532656,25.825325395585814,43.98788735675386,,33.96887693885709,30.9275,27.886123061142907,393573.8,380048.85,0.5124426473510177,29.964290672537235
2026-03-06,2243,11.95,12.0,11.9,11.9,347609.0,4138544.0,12.05,11.91,11.692499999999999,11.481666666666666,11.735416666666667,12.629166666666666,53.3333333333334,66.66666666666677,0.14324061272699495,0.1107996938178207,0.03244091890917425,23.42278961287134,21.52516733891236,13.120612417535199,,12.300581538854878,11.692499999999999,11.08441846114512,353934.6,256704.9,0.9821277716278658,11.90574467289397
2026-03-06,2247,249.0,249.5,247.0,247.0,80969.0,20100555.0,260.6,270.75,271.7,282.80833333333334,289.4,293.9375,0.0,35.11904761904762,-6.256749320835183,-3.687875053201076,-2.5688742676341074,15.792558226931247,37.21806742049922,28.797611199273714,,292.42222300613133,271.7,250.97777699386864,146282.8,175830.4,0.5535100503955352,248.25000926280427
2026-03-06,2250,64.8,66.6,64.8,66.6,59212.0,3901446.0,68.6,69.78,71.9,73.85166666666666,83.16916666666667,93.80416666666666,31.63265306122443,33.73493975903612,-1.6633049839038279,-1.1129367553769627,-0.5503682285268652,18.92349359011208,39.7718001383864,14.331477740533769,,78.0760147259164,71.9,65.72398527408362,90579.8,97747.3,0.6536998315297671,65.88944808484767
2026-03-06,2254,71.8,72.9,71.4,72.5,60213.0,4343667.0,68.14000000000001,63.56999999999999,61.48499999999999,,,,100.0,88.23529411764706,2.5046258914606483,1.0021968880521235,1.5024290034085248,57.76667776027766,7.413629925246667,43.750539248333865,,70.53928656842471,61.48499999999999,52.43071343157527,83776.6,128588.9,0.7187329158738835,72.1383588261671
2026-03-06,2258,35.5,36.3,35.2,35.8,380563.0,13546888.0,37.85,38.265,38.295,39.513333333333335,39.342499999999994,40.96541666666666,7.9545454545454675,34.911242603550264,-0.5850338416820975,-0.36948797716657733,-0.21554586451552016,20.700535749206637,35.89391257264848,16.01488743815821,,40.42570287389857,38.295,36.16429712610143,605537.8,566355.6,0.628471088014654,35.59696554841117
2026-03-06,2301,158.5,161.0,157.0,159.0,15607363.0,2480717869.0,171.1,173.5,170.85,164.025,159.41666666666666,131.92375,28.865979381443296,47.19101123595505,1.2478650300934078,2.9440751945930708,-1.696210164499663,29.52671333884184,29.70435288638332,22.9496852696284,,187.62435385844913,170.85,154.07564614155086,41256664.8,33274964.35,0.37829919300699266,158.9453560476552
2026-03-06,2302,17.5,18.45,17.35,18.4,673844.0,12017394.0,18.43,18.404999999999998,19.215,18.635,17.93916666666667,17.605375,54.92957746478871,40.47619047619046,-0.14718915368536756,-0.013132776890927044,-0.13405637679444052,32.6100879536843,28.586632929571486,17.39266543882016,,21.394111359198813,19.215,17.035888640801186,735155.0,1223550.9,0.9166012609585734,17.83408919571889
2026-03-06,2303,62.1,62.3,61.0,62.0,54897422.0,3391117403.0,64.3,63.49000000000001,64.83500000000001,53.594166666666666,48.30416666666667,46.12375,46.07843137254903,48.63013698630137,2.161973982924664,2.872451015384955,-0.7104770324602909,34.80872799674634,26.243538089893942,24.183729469671842,,73.9243286185966,64.83500000000001,55.74567138140341,117159616.6,196201777.25,0.4685694917168242,61.771887995031896
2026-03-06,2305,12.5,12.85,12.5,12.75,319032.0,4055489.0,13.15,12.955000000000002,13.3,11.630833333333333,11.502916666666668,11.528041666666667,50.0,41.17647058823528,0.28967800001247035,0.4108031325915582,-0.12112513257908786,27.919808252912958,26.004120064338633,21.468365980162037,,14.339736808802789,13.3,12.260263191197213,535127.2,960327.75,0.5961797494128499,12.711856490884927
2026-03-06,2308,1340.0,1345.0,1310.0,1320.0,10679730.0,14169675625.0,1379.0,1298.5,1261.5,1054.4833333333333,947.0833333333334,675.9083333333333,60.714285714285715,59.25925925925926,82.75100689662463,76.6853415065758,6.065665390048835,37.10768620181092,22.590643690348497,32.27538863962005,,1428.1101658615578,1261.5,1094.8898341384422,13941618.4,12984611.15,0.7660322993778111,1326.7821962727521
2026-03-06,2312,22.95,23.8,22.85,23.55,9709327.0,227760003.0,24.6,24.43,25.3475,23.575833333333332,21.760416666666668,21.443125,44.08602150537634,32.716049382716065,0.010804353641404418,0.2963513738266073,-0.2855470201852029,29.366868888824875,28.723654707849246,17.401466056904443,,27.79666204789335,25.3475,22.89833795210665,22719302.8,28985284.95,0.4273602533260836,23.457856862787708
2026-03-06,2313,202.0,212.5,198.0,203.0,86330309.0,17638101766.0,212.5,198.15,187.15,121.18333333333334,99.91916666666665,80.560625,58.128078817734,60.69182389937107,23.804352020503103,23.929229664068856,-0.12487764356575326,39.51702329476059,12.060463445158847,53.41025163434036,,223.15307004453504,187.15,151.14692995546497,96585494.6,96676180.2,0.8938227148655095,204.30949420093006
2026-03-06,2314,19.35,19.35,19.0,19.05,285306.0,5428020.0,19.979999999999997,20.259999999999998,20.85,22.128333333333334,17.072,17.227625,17.777777777777743,27.777777777777743,-0.6472585403556401,-0.5080831907674876,-0.13917534958815247,27.50266279564294,41.92503380640163,9.396373410816313,,22.516070068660138,20.85,19.183929931339865,282936.6,209215.6,1.008374314245665,19.02525709238502
2026-03-06,2316,91.5,94.9,91.5,93.0,1681214.0,156735156.0,100.8,98.63,97.99,100.63166666666666,99.94166666666666,73.83541666666666,46.13259668508287,45.388788426763114,-0.6731464876752398,-0.7650250430896346,0.09187855541439482,25.261604564057766,29.181761815835532,12.86647057999686,,106.9631529399775,97.99,89.01684706002249,7963210.0,4184533.35,0.211122650288012,93.22736784252332
2026-03-06,2317,221.0,223.5,219.0,223.0,37319287.0,8284985732.0,232.2,227.1,223.875,227.85,222.74166666666667,,44.444444444444436,52.0,1.34990615863137,0.41278437514595084,0.9371217834854193,33.2284600593211,31.53028612320442,14.565343888118276,,238.86227530449275,223.875,208.88772469550725,70739423.0,56936078.65,0.5275599576208022,222.00278724510466
2026-03-06,2321,15.7,16.15,15.7,16.15,3138.0,50083.0,,,,,,,42.59259259259262,38.461538461538524,-0.23906149841733537,-0.26315345556007924,0.02409195714274387,14.41263868094996,25.208125618064347,35.06077232427585,,,,,9482.0,6766.8,0.3309428390634887,15.960165710643722
2026-03-06,2323,10.45,11.05,10.45,11.05,8057014.0,87114776.0,11.030000000000001,10.631,10.623000000000001,10.1685,9.574250000000001,9.036791666666668,67.50000000000001,53.76884422110554,0.15785662616442764,0.11391642294252859,0.04394020322189905,29.396228598923706,19.51229263473328,22.7254313806881,,11.371896732393552,10.623000000000001,9.87410326760645,9212653.6,7251033.1,0.8745595297320199,10.812290508617709
2026-03-06,2324,30.1,31.45,29.95,31.45,26261816.0,811283663.0,30.910000000000004,30.665,31.48,30.561666666666667,30.591666666666665,30.655625,57.65765765765764,42.261904761904766,-0.027944825419545793,0.036094420091353344,-0.06403924551089914,30.23672135178954,22.33194925213429,19.590627713242736,,33.562104198818126,31.48,29.397895801181875,40745880.4,43724563.85,0.6445269004421856,30.89213872338455
2026-03-06,2327,266.0,269.5,262.0,265.0,15480634.0,4097392745.0,284.7,271.35,273.825,245.825,247.0875,373.51666666666665,55.55555555555556,45.38745387453875,8.322385698341236,8.968303060656876,-0.6459173623156396,31.321679768112805,27.093358196800878,20.855856506267475,,307.6827131070933,273.825,239.96728689290669,39783815.0,31004293.3,0.3891188916900001,264.67861361492044
2026-03-06,2328,47.05,47.7,46.85,47.3,2222795.0,104940469.0,50.0,49.665,50.8725,49.13833333333333,51.54666666666667,45.65958333333334,47.422680412371136,39.40886699507389,-0.15393702627431338,0.2282593087346173,-0.3821963350089307,24.38197499840289,29.096471441217204,17.905581356219074,,54.70525014633259,50.8725,47.039749853667416,4824071.8,7620388.75,0.46077154158443495,47.211042403820414
2026-03-06,2329,52.0,53.0,51.0,51.6,6034517.0,313400152.0,54.760000000000005,52.8,55.64,51.75249999999999,48.485,42.14670833333333,54.99999999999999,37.73584905660377,-0.059644105491202026,0.30091947388494267,-0.3605635793761447,27.368919669969184,25.886524123266458,19.159475125679204,,64.91711388877346,55.64,46.362886111226544,14486676.4,14750773.0,0.4165563469064581,51.93458763973985
2026-03-06,2330,1880.0,1900.0,1880.0,1890.0,33803388.0,63831521450.0,1945.0,1901.5,1841.75,1588.5833333333333,1444.7916666666667,1231.375,44.18604651162791,62.92134831460674,93.54674081407893,95.63352145499412,-2.086780640915194,43.11229061697218,25.809355154518464,43.97860269873524,,1998.3008156948836,1841.75,1685.1991843051164,48516125.8,40215557.8,0.6967454107805121,1888.3172731088375
2026-03-06,2331,24.2,24.65,23.85,24.2,2570262.0,62289248.0,26.2,25.895,26.7575,23.4375,21.708333333333332,20.176041666666666,41.726618705035946,37.83783783783783,0.33320091683554764,0.7166001805343769,-0.38339926369882926,26.397958710587204,31.337524998615496,19.904567613498934,,29.954747994266835,26.7575,23.560252005733165,6013548.8,8587262.3,0.4274118470610898,24.234590870502696
2026-03-06,2332,15.0,16.2,14.9,16.05,5339739.0,84394105.0,15.719999999999999,15.554999999999998,15.819999999999999,15.728333333333333,16.525,17.491874999999997,64.15094339622641,53.012048192771076,-0.046887087643447956,-0.06314168060643713,0.016254592962989173,28.59787649172357,23.721449432876316,11.589832739574616,,16.721694311604058,15.819999999999999,14.918305688395941,2667638.6,2384418.95,2.0016725653917287,15.804912000380543
2026-03-06,2337,107.0,110.5,102.5,102.5,173985316.0,18623476593.0,109.9,101.07,92.4,55.82333333333334,40.06458333333333,30.371041666666663,55.26315789473684,56.20998719590269,14.677839661747669,14.430460067922807,0.24737959382486174,40.91889038509516,7.666413272201146,54.57689270349618,,118.50964733983469,92.4,66.29035266016533,139560439.4,233894969.9,1.2466664389134905,107.04050790700062
2026-03-06,2338,51.7,54.4,51.0,52.8,2578520.0,136168283.0,49.9,42.435,40.907500000000006,37.38333333333333,38.440000000000005,36.67208333333333,93.62186788154898,73.0,3.394070357457551,1.5263947191968368,1.867675638260714,53.03531987001939,14.223512298082753,28.209913861003944,,53.568475060147904,40.907500000000006,28.246524939852108,6308907.2,3289875.2,0.408711036358246,52.80869762499418
2026-03-06,2340,25.35,26.15,25.15,25.95,2094761.0,53884268.0,26.679999999999996,25.804999999999996,26.057499999999997,25.925,25.38791666666667,23.917708333333334,62.03703703703704,52.04678362573099,-0.045084745708866336,-0.1252137051031281,0.08012895939426176,28.949294112079333,24.579242130593006,15.995927468713628,,28.47220822036013,26.057499999999997,23.642791779639865,3018660.4,2494613.4,0.6939372842337614,25.72334886891631
2026-03-06,2342,30.2,30.85,29.85,30.2,1027854.0,31087722.0,31.839999999999996,31.365,32.445,30.747500000000002,29.227916666666665,27.08875,47.619047619047606,36.633663366336634,0.035333016454448085,0.2763158701078585,-0.24098285365341043,27.929931795020124,24.22966025936762,17.265316598293975,,35.86843317984206,32.445,29.021566820157943,2004548.2,2641538.6,0.5127609303682495,30.245270242660922
2026-03-06,2344,110.0,113.0,105.5,106.5,122902263.0,13409986692.0,117.5,111.67999999999999,113.31500000000001,82.19,56.961666666666666,37.041875000000005,51.35135135135135,37.695749440715886,7.689671338533543,9.223325461199044,-1.5336541226655012,29.349908848991713,20.86863744492099,32.70636115091787,,132.6938028526009,113.31500000000001,93.93619714739914,174464895.6,201321543.05,0.7044526784447289,109.1109827001314
2026-03-06,2345,1435.0,1515.0,1415.0,1465.0,6338751.0,9360000880.0,1421.0,1384.0,1270.5,1135.2833333333333,1074.8833333333334,888.8233333333334,55.99999999999999,80.17241379310344,81.97176432245942,64.74508871766223,17.226675604797194,32.87405694068073,13.270757588909424,26.618838826134294,,1530.4777318399256,1270.5,1010.5222681600745,4766780.4,5257556.4,1.3297761734524207,1476.631733917297
2026-03-06,2347,68.8,70.5,68.6,70.5,2658928.0,185821026.0,70.52000000000001,69.0,67.68499999999999,62.30499999999999,61.29083333333333,65.60291666666667,66.07142857142844,76.04166666666653,2.288085774028062,2.0880065378632704,0.2000792361647914,30.743431744871906,15.401517191812719,36.83816004896736,,71.56112122997679,67.68499999999999,63.808878770023185,4156332.8,4344121.8,0.6397293306253051,69.88569303117647
2026-03-06,2348,70.7,73.1,70.5,72.3,496212.0,35630773.0,72.42,73.53,75.45500000000001,79.42333333333333,83.98333333333333,107.196875,37.83783783783784,35.66878980891718,-2.1948843468300936,-1.8783908796706836,-0.31649346715940996,22.02914841131874,31.672129113451785,15.902102349717074,,80.14383331915772,75.45500000000001,70.7661666808423,361189.8,358994.05,1.3738261711709467,71.80554480746133
2026-03-06,2349,13.2,13.5,12.95,13.3,2938609.0,38912299.0,13.89,13.575,13.752499999999998,12.299666666666667,11.445083333333333,11.263333333333332,50.87719298245616,47.61904761904763,0.09245369123363112,0.19491658538481102,-0.1024628941511799,30.368370423455094,27.452038869298523,18.048809247942803,,14.909844965177093,13.752499999999998,12.595155034822902,7655294.6,6907040.2,0.3838662198578223,13.241740905305878
2026-03-06,2351,81.3,82.0,80.3,82.0,764706.0,62239208.0,84.47999999999999,85.17,87.15,82.44666666666667,82.52166666666668,80.26625,29.5918367346939,30.681818181818173,0.3588058698284584,1.2452462202983143,-0.8864403504698559,22.2805208722031,24.40062983268793,22.186485112470482,,93.78340826899046,87.15,80.51659173100956,1164256.4,2465648.95,0.6568192367248314,81.38972101696599
2026-03-06,2352,23.5,24.1,23.25,23.75,6167919.0,146737158.0,25.03,25.175,25.515,26.41416666666667,28.26625,28.538541666666667,27.142857142857125,36.936936936936945,-0.355326558257989,-0.2645318162866141,-0.09079474197137488,24.438881742286693,35.43249655834561,18.79482043692823,,27.435279584906983,25.515,23.59472041509302,5316061.8,6662917.45,1.1602421551984214,23.790383434023695
2026-03-06,2353,26.55,27.0,26.25,26.9,17168864.0,457833955.0,27.03,26.889999999999997,26.5425,27.08583333333333,28.800833333333333,31.55708333333333,45.652173913043406,62.49999999999999,0.114694704260355,0.03426810095285156,0.08042660330750344,27.10821912989555,23.16720134286972,18.048357793213693,,27.80460976251314,26.5425,25.28039023748686,23997763.2,44093976.45,0.7154360119696489,26.666525810909796
2026-03-06,2354,54.7,55.3,54.1,55.2,4356178.0,238506809.0,57.620000000000005,57.760000000000005,58.0,62.32333333333333,66.25083333333333,65.72208333333334,15.68627450980388,40.178571428571445,-1.2118530400196121,-1.2366876222212952,0.02483458220168311,18.19297939037689,38.79714189538724,28.401020449499537,,60.838828520433715,58.0,55.161171479566285,4417187.4,4812360.4,0.9861881793831069,54.75139193118371
2026-03-06,2355,41.25,44.25,41.0,43.45,16216472.0,703255315.0,42.39,40.225,39.605000000000004,34.329166666666666,34.873333333333335,34.18479166666667,83.99999999999997,61.04166666666667,2.1508196746409425,1.888573117951159,0.2622465566897836,34.84093514295676,9.3450982767696,43.08580789587503,,44.21276232939661,39.605000000000004,34.9972376706034,17838711.8,19878368.85,0.909060709193138,43.36672705382527
2026-03-06,2356,41.4,41.9,41.3,41.8,9072012.0,377794059.0,43.93,44.35,44.822500000000005,43.77333333333333,43.684999999999995,43.54354166666667,22.047244094488164,35.45454545454544,-0.22394501234617792,0.11885359225183156,-0.3427986045980095,28.911192589445285,32.24739562281204,22.6675275252187,,47.66974705452035,44.822500000000005,41.97525294547966,14410106.2,30341545.3,0.6295589965881029,41.64391085461527
2026-03-06,2357,514.0,530.0,513.0,527.0,3155564.0,1656351500.0,524.4,519.1,511.625,565.9583333333334,617.4625,620.8479166666667,53.33333333333333,65.04854368932038,-7.592503493125605,-13.102901615151808,5.510398122026203,23.00987742365135,26.921153985270795,28.830227293404835,,533.6223084477717,511.625,489.62769155222827,4028327.4,3942652.75,0.7833434789833617,524.898718580894
2026-03-06,2359,121.0,121.0,118.0,119.0,782720.0,93087122.0,126.8,126.2,129.2,127.975,135.18333333333334,136.40020833333332,35.71428571428572,34.883720930232556,-1.3158917800006549,-0.5871622890495326,-0.7287294909511223,24.202841850989472,28.394058761808534,21.39013079553551,,141.09161579919817,129.2,117.30838420080183,1510597.6,2678804.0,0.5181525510168955,118.92774172117743
2026-03-06,2360,1375.0,1375.0,1330.0,1375.0,1579754.0,2144133045.0,1380.0,1214.2,1113.1,893.0166666666667,748.5208333333334,550.29375,76.85950413223141,73.5399284862932,137.97109503847605,101.26114996153011,36.70994507694594,46.50995521978133,17.386076275448676,42.69392075438976,,1452.48762189381,1113.1,773.7123781061898,4498480.6,2921669.45,0.3511750167378737,1357.2575508591844
2026-03-06,2362,37.5,38.7,37.45,38.4,454183.0,17342355.0,38.89,38.56,38.33,39.72749999999999,40.57666666666667,44.086041666666674,37.99999999999994,58.91472868217056,-0.1832258408002616,-0.3162567273635817,0.13303088656332007,28.663517861042614,29.31832709417728,13.80535929566063,,39.969447917343146,38.33,36.69055208265685,544022.4,634105.35,0.8348608439652484,38.18362862546595
2026-03-06,2363,49.8,50.7,49.45,50.7,1873478.0,93936377.0,53.1,52.845000000000006,53.3125,50.39833333333333,53.375,53.283166666666666,19.718309859154985,43.85474860335197,0.5100988435769906,0.7922921288023718,-0.2821932852253811,28.046123845258798,25.857253815314518,25.679420605762857,,59.39888471897504,53.3125,47.22611528102496,5204725.4,13235217.65,0.35995712665263757,50.14010145835713
2026-03-06,2364,62.3,62.4,61.3,62.3,50753.0,3141963.0,62.739999999999995,62.35999999999999,62.94499999999999,66.54333333333334,74.6975,78.97,56.75675675675672,47.19101123595506,-1.0835043005135248,-1.2922444572407705,0.20874015672724577,18.491051053523258,26.63825554085404,19.01247691431155,,65.49840845475465,62.94499999999999,60.391591545245326,100092.6,126606.75,0.5070604620121767,61.90694146158848
2026-03-06,2365,33.4,33.9,33.15,33.65,986084.0,33079560.0,35.62,35.62,37.2725,35.835833333333326,39.129583333333336,38.721875,34.31372549019608,27.42616033755273,-0.45646642768323176,-0.07274732406115039,-0.3837191036220814,21.321627569227886,26.575806275131324,17.498439556928975,,41.95757990158219,37.2725,32.58742009841781,2333420.4,6869203.05,0.4225916598654919,33.54639158530105
2026-03-06,2367,68.5,70.9,67.4,69.0,16361622.0,1128266678.0,67.1,60.23,55.875,35.931666666666665,31.9375,29.116666666666667,90.64039408866992,70.47619047619048,8.602630330136229,7.590511242981332,1.0121190871548968,46.02807753088619,8.702292429004475,55.633225720743795,,71.16818733774566,55.875,40.58181266225434,99929762.8,135917067.7,0.16373122022461162,68.95811906667933
2026-03-06,2368,730.0,809.0,729.0,792.0,12156649.0,9495957419.0,794.8,800.9,756.9,644.4,544.5916666666667,395.44145833333334,39.66480446927375,60.22471910112359,39.89203705806847,45.66653321696393,-5.7744961588954595,34.81754904655108,22.174501010384386,34.657941063119566,,878.520462267273,756.9,635.2795377327269,8557481.2,9615594.7,1.4205872868292133,781.132812093201
2026-03-06,2369,26.9,27.95,26.65,27.15,13076625.0,356268172.0,27.8,26.610000000000003,26.867499999999996,23.6625,21.039583333333333,18.129583333333336,65.83333333333331,49.38271604938271,0.8806453977390518,0.8910993064078842,-0.010453908668832335,30.396675743597857,17.38388940775386,27.685848610939246,,29.785191048180376,26.867499999999996,23.949808951819616,14757178.6,12911761.0,0.886119586571921,27.244657700285817
2026-03-06,2371,32.9,34.45,32.9,33.85,14591802.0,493188207.0,35.739999999999995,36.235,37.635,34.330000000000005,36.70666666666666,38.898125,27.480916030534402,28.138528138528144,0.06411567326320267,0.6525696891927719,-0.5884540159295693,25.568128772657545,32.41981577091825,24.758796925108292,,41.56264828525036,37.635,33.707351714749635,16702572.2,22927311.7,0.8736260394671427,33.79899254389554
2026-03-06,2373,55.3,57.0,55.3,56.7,59420.0,3350781.0,56.56,55.83,55.285000000000004,56.26,56.73166666666667,59.13791666666667,77.27272727272731,65.51724137931038,0.1559107359342704,-0.11601091349731031,0.2719216494315807,27.207478435950726,23.590268982401373,25.23081763528462,,57.07064450991145,55.285000000000004,53.499355490088554,58703.2,48207.85,1.0122105779582715,56.39146751935375
2026-03-06,2374,72.0,72.4,70.7,72.1,2486049.0,178150761.0,77.41999999999999,77.91999999999999,81.58,80.60666666666667,81.945,67.69,31.756756756756758,22.594142259414227,-1.5108141620475948,-0.5455052185492719,-0.9653089434983229,25.627096801091202,29.844823286350152,19.279016984661588,,93.18174215592776,81.58,69.97825784407223,4789786.8,17595819.95,0.519031243728844,71.66019696313307
2026-03-06,2375,85.8,87.1,84.5,85.5,747310.0,63935135.0,90.75999999999999,87.92999999999999,90.42,91.53166666666668,81.57416666666668,70.41166666666666,50.47619047619049,42.705570291777185,-0.9837287524511567,-0.9788215673959908,-0.0049071850551658525,25.815873651990568,30.604390772776057,17.010564512670097,,104.03757378498423,90.42,76.80242621501577,1784341.6,2500262.65,0.41881554518484576,85.55369926804137
2026-03-06,2376,219.0,223.0,216.5,219.0,6433012.0,1404987503.0,228.2,227.55,230.925,241.98333333333332,261.94166666666666,260.6295833333333,36.0,37.93103448275862,-4.106862163447914,-3.8543894978597533,-0.25247266558816106,21.188229386467338,28.37426665805623,13.696223342882375,,245.34820863638157,230.925,216.50179136361845,5455521.2,4327082.9,1.1791745947206658,218.4027486657883
2026-03-06,2377,94.0,97.0,93.2,96.7,4408270.0,422632105.0,95.24000000000001,92.84,93.28,99.53666666666666,111.65166666666667,132.58833333333334,69.73684210526318,64.84018264840185,-0.8988646149960573,-1.9464696312560132,1.047605016259956,25.611206760392434,16.63614701287283,19.863911656339326,,100.47754344057668,93.28,86.08245655942332,8995588.6,8603523.3,0.49004797751644624,95.87255431268956
2026-03-06,2379,456.0,465.0,453.0,463.0,1814129.0,837704814.0,470.6,472.65,485.05,501.23333333333335,517.7166666666667,527.11875,33.75,40.375586854460096,-10.077411211508434,-9.075585998130203,-1.0018252133782308,19.971427523758987,28.97524376264682,17.545333065966478,,527.4626346617117,485.05,442.63736533828825,3242396.2,3806166.35,0.5595025678848254,461.7669493183781
2026-03-06,2380,6.05,6.05,6.05,6.05,842182.0,5095187.0,5.216,5.043,5.021,4.952666666666667,5.386416666666666,4.657375,84.61538461538463,72.52252252252254,0.10411880230611725,0.011964823012595539,0.09215397929352172,51.48845891929265,25.04075929528444,19.959845387506654,,5.598869043624076,5.021,4.443130956375924,371666.8,202734.1,2.2659597252162422,6.049983257775636
2026-03-06,2382,287.0,289.0,282.5,289.0,12981360.0,3722987338.0,291.0,287.3,283.9,280.44166666666666,280.575,270.78125,54.6875,57.25806451612903,3.5450697266835505,2.2748749576589007,1.2701947690246498,25.3667763742803,17.465403302490962,18.272372265880136,,297.06534525903123,283.9,270.7346547409687,23214298.8,17159900.95,0.5591967309389504,286.7948610931366
2026-03-06,2383,2340.0,2470.0,2325.0,2360.0,2912192.0,6964516520.0,2371.0,2233.5,2038.0,1673.0,1451.875,1084.2520833333333,72.6027397260274,79.42583732057416,195.72162131406867,166.45591214536753,29.265709168701136,37.91467115345413,12.010530357051946,43.653448688101314,,2517.082456368424,2038.0,1558.917543631576,3681053.0,4408120.95,0.7911301467270371,2391.5032113267257
2026-03-06,2385,125.0,125.5,123.0,125.5,3881893.0,483030934.0,125.1,122.7,120.275,119.45833333333333,127.23333333333333,138.49833333333333,92.85714285714286,84.0,1.9168045502036648,1.0880776518261293,0.8287268983775355,23.685554998174972,14.44396104504988,20.09781483575876,,126.73520204995694,120.275,113.81479795004307,4411100.2,3509420.25,0.8800282977022376,124.43180015523355
2026-03-06,2387,42.4,44.15,42.4,43.85,2749535.0,119750814.0,42.510000000000005,40.77,39.61749999999999,39.645,40.66625,46.8,79.87421383647798,80.19323671497587,0.9246242207616007,0.31380946166541485,0.6108147590961859,46.18694359740939,18.422708413551312,20.50512162195933,,43.627917355889664,39.61749999999999,35.60708264411032,2866339.0,1143554.85,0.9592497607575378,43.55311498126047
2026-03-06,2388,45.3,46.4,45.25,46.0,1615115.0,74207464.0,48.58,49.51,51.565,52.960833333333326,55.467083333333335,64.11979166666667,26.470588235294088,30.463576158940384,-1.8225355431341228,-1.3125034888868068,-0.510032054247316,19.405492280900088,33.621385238436815,11.867757370200245,,57.44781171586205,51.565,45.68218828413794,2433548.2,3249091.85,0.6636872859144519,45.94562244793715
2026-03-06,2390,9.8,9.99,9.78,9.97,173938.0,1725471.0,10.104,10.177,10.4135,9.880666666666666,10.174833333333334,10.662083333333332,36.27450980392161,38.32599118942733,-0.006040408755717763,0.07455457285372909,-0.08059498160944685,22.161682464650717,28.20323223854821,18.132713839319596,,11.072247615595394,10.4135,9.754752384404608,404919.4,485492.25,0.4295620313573516,9.92003472501696
2026-03-06,2392,36.55,37.8,36.55,37.75,1295867.0,48238057.0,38.56,38.785000000000004,39.44,,,,45.60000000000003,45.25862068965517,-0.29569280795173825,-0.12414264593869995,-0.1715501620130383,22.3193382307396,32.940167747590266,16.085973881580934,,41.74459495242387,39.44,37.13540504757613,1506135.4,1480235.45,0.8603921002055991,37.22454310511804
2026-03-06,2393,57.8,59.6,57.7,59.6,2781178.0,164233102.0,59.02,58.730000000000004,57.760000000000005,54.73833333333333,59.3,68.58583333333333,70.0,68.18181818181819,1.1482258908795515,1.1205968994324793,0.027628991447072204,28.638338815634352,16.088469088519386,36.73726387488782,,60.286824510188964,57.760000000000005,55.233175489811046,3194202.0,4283528.65,0.8706957168018804,59.05163279732545
2026-03-06,2395,349.0,376.5,344.5,375.0,20083460.0,7349129217.0,342.9,321.05,306.85,293.69166666666666,310.02916666666664,330.45208333333335,100.0,87.93969849246231,15.530759397864927,8.085257344018425,7.445502053846502,55.26034684015958,6.409466931885348,36.87674236080489,,355.2029784637518,306.85,258.49702153624827,8612387.4,4423754.55,2.3319271494916727,365.9294373081132
2026-03-06,2397,57.6,58.0,57.3,57.4,181833.0,10462433.0,59.959999999999994,60.2,60.5,61.27833333333333,67.08333333333333,67.04583333333333,23.72881355932202,41.49659863945578,-0.5547036044750655,-0.352406676359815,-0.20229692811525052,17.90184131595049,36.18443062625508,15.997156494131728,,63.259862696815375,60.5,57.740137303184625,180370.8,206125.55,1.0081066336679774,57.538692096594126
2026-03-06,2399,23.4,23.95,23.2,23.2,1881030.0,44150824.0,23.419999999999998,22.79,23.7225,23.66166666666667,21.936249999999998,21.189375000000002,72.72727272727275,49.629629629629626,-0.347553288398899,-0.37177498592738695,0.024221697528487962,27.826593160212433,23.173291933907386,15.511092008186436,,27.01658960348522,23.7225,20.42841039651478,2124368.0,2736906.25,0.8854539326519699,23.471621398914426
2026-03-06,2401,21.5,21.75,21.15,21.65,1445229.0,30945049.0,22.56,22.044999999999998,22.1325,20.923333333333336,21.90083333333333,22.13041666666667,51.72413793103447,47.79874213836477,0.3075654244212629,0.34639089527332745,-0.03882547085206456,26.52799632851902,22.814726040057785,18.356588405061565,,23.788835524107125,22.1325,20.476164475892876,3935739.6,3293127.95,0.3672064584760638,21.41186552442554
2026-03-06,2402,50.7,52.1,50.5,51.0,3025121.0,154827294.0,55.11999999999999,53.94,54.355000000000004,54.358333333333334,53.91,45.909375,44.444444444444436,46.25850340136054,-0.7236033692132295,-0.5975533866830509,-0.12604998253017863,28.21680344562376,24.214726093145156,13.869423998311108,,59.29398561927151,54.355000000000004,49.4160143807285,13478489.0,7326169.3,0.22444066245111005,51.18052930775331
2026-03-06,2404,1100.0,1130.0,1090.0,1100.0,3184574.0,3540539595.0,1077.0,998.4,969.25,891.35,935.0833333333334,740.3920833333334,80.8362369337979,75.39682539682539,44.16793818733697,26.307418900515497,17.860519286821475,42.21443246550163,10.77962372143881,28.01496513350494,,1113.5958930558986,969.25,824.9041069441014,4260575.2,3025912.35,0.7474516586398944,1111.7780886862733
2026-03-06,2405,15.3,15.45,15.05,15.35,929311.0,14167567.0,15.8,15.804999999999998,16.267500000000002,17.291666666666668,18.110833333333336,17.859166666666667,40.740740740740726,32.72727272727268,-0.527575282588499,-0.49985888405864487,-0.02771639852985408,13.648337480790374,35.68040106407473,33.38901763232693,,17.5843043454556,16.267500000000002,14.950695654544404,1337974.6,1693188.9,0.6945655022150644,15.245237600760133
2026-03-06,2406,31.8,34.7,31.5,34.1,55867539.0,1862449989.0,33.14,31.080000000000002,30.1375,25.176666666666666,23.219583333333336,17.867708333333333,66.30824372759855,61.46788990825688,1.9289271161404535,1.6210898906946083,0.30783722544584524,31.05867770379744,10.407467483930933,38.65016029675521,,34.85386289394351,30.1375,25.421137106056488,53885202.4,34602349.25,1.0367881442716822,33.33688976348144
2026-03-06,2408,259.0,262.0,232.5,233.0,161663082.0,39665984073.0,271.8,273.55,281.6,203.075,138.71875,89.75854166666667,23.529411764705884,27.027027027027017,14.280053744667299,22.9469101286314,-8.666856383964102,20.875696627184922,27.15344864812248,34.31675634840621,,319.4509542395226,281.6,243.74904576047743,79064602.8,104873757.4,2.044696062142236,245.36204297404154
2026-03-06,2409,15.2,16.0,14.95,15.85,153938723.0,2411495152.0,16.19,15.8,15.114999999999998,12.764166666666666,12.838333333333335,12.953125,45.31250000000002,62.96296296296296,0.918036126475867,0.9172932874195561,0.0007428390563108955,36.34218774550405,15.60708786369385,39.85145919959725,,17.136229433056155,15.114999999999998,13.093770566943842,229415794.0,233787387.3,0.6710031611860167,15.665292689221541
2026-03-06,2412,136.5,137.0,135.5,136.5,10736942.0,1462739951.0,136.2,134.65,134.0,131.95,132.90833333333333,131.0,68.42105263157895,60.714285714285715,1.2211534008116587,0.860708848733792,0.36044455207786663,22.50692623143358,4.858230993702102,35.84358140025612,,137.21182027418863,134.0,130.78817972581137,19103384.0,13343101.45,0.5620439813176555,136.23431615817614
2026-03-06,2413,49.0,50.7,47.85,49.1,3279002.0,161615566.0,52.27,47.269999999999996,45.697500000000005,34.905,27.78166666666667,23.963749999999997,66.52173913043478,60.10752688172044,3.7004513425895595,3.4300287152295765,0.270422627359983,35.173525584722874,20.5489390768336,32.0206115784922,,55.375988083318944,45.697500000000005,36.019011916681066,12882545.0,8212100.7,0.2545306071121816,49.28803520095444
2026-03-06,2414,41.55,42.1,41.5,42.1,109853.0,4592698.0,42.339999999999996,41.89,41.362500000000004,41.19583333333333,42.14625,40.834583333333335,55.00000000000006,62.62626262626259,0.315473582542694,0.19192154989459007,0.12355203264810391,27.360787894038996,23.23921106602223,18.845322087300513,,42.89559971523172,41.362500000000004,39.82940028476829,192423.4,147998.5,0.5708921056378798,41.807670250243504
2026-03-06,2415,25.9,26.25,25.65,26.0,55499.0,1443625.0,26.98,27.205000000000002,27.009999999999998,26.285000000000004,25.782499999999995,25.569374999999997,2.380952380952408,43.99999999999999,0.15347970196738103,0.2814186997103454,-0.12793899774296436,21.678688837441833,31.964396087665918,17.753939747155187,,28.37520675125928,27.009999999999998,25.644793248740715,98214.8,136942.75,0.5650777683200495,26.01172994108002
2026-03-06,2417,34.45,35.3,34.1,35.15,337077.0,11749301.0,36.089999999999996,36.62,38.29,37.20083333333333,39.851666666666674,40.28458333333334,30.000000000000014,29.556650246305452,-0.6607833957664511,-0.20459033664870546,-0.4561930591177456,20.824763285082952,31.21862116978106,16.28672043936404,,42.34067895543451,38.29,34.239321044565486,745179.4,1128576.15,0.4523434222685168,34.85643042984244
2026-03-06,2419,29.9,30.4,29.4,29.65,1753068.0,52204843.0,30.35,29.205000000000002,30.1875,25.691666666666666,24.560833333333335,24.219791666666666,62.93706293706293,48.78048780487804,0.9331553656066802,1.0813736898127022,-0.148218324206022,35.148277564277784,15.156943208903542,31.78198950425202,,33.66371618248469,30.1875,26.71128381751531,3812628.6,5778458.9,0.4598056049833965,29.779131784962136
2026-03-06,2420,52.2,52.2,51.7,52.0,82579.0,4289681.0,52.15999999999999,51.5,51.5375,50.75,52.23125,54.12895833333333,70.83333333333329,64.16666666666671,0.30582452875174226,0.18560572131108466,0.1202188074406576,30.510539894893352,21.238041420670537,17.239671140469568,,53.87818703364428,51.5375,49.19681296635572,219108.4,273248.7,0.3768865091434194,51.9463907288778
2026-03-06,2421,141.0,142.5,136.0,137.0,4276600.0,590510724.0,145.9,146.15,147.8,158.84166666666667,146.6375,122.09458333333333,38.095238095238095,43.75,-3.1955054619956798,-2.808596695262597,-0.38690876673308283,20.593710511339673,29.353400069775525,14.400821512732277,,157.0588506732473,147.8,138.54114932675273,4687305.2,2775947.55,0.9123792493819263,138.07948463732873
2026-03-06,2423,48.65,48.8,48.1,48.4,134952.0,6533309.0,49.029999999999994,47.755,49.1975,52.064166666666665,53.3875,48.41791666666666,66.24999999999997,45.91439688715952,-1.273982595375891,-1.4906958075409156,0.2167132121650246,22.797945017552113,27.74023523614971,18.638429756984433,,54.33584654953907,49.1975,44.059153450460926,165077.6,220815.9,0.817506433338018,48.412094670697726
2026-03-06,2424,32.5,33.35,32.0,33.35,27045.0,883012.0,32.93,33.559999999999995,35.89,37.04916666666667,,,60.465116279069875,23.14410480349345,-1.4291942145970822,-1.1245955333702602,-0.304598681226822,24.703587412491455,31.27761552643825,15.121951525944281,,41.67742738956205,35.89,30.10257261043795,24856.8,73237.15,1.088032248720672,32.649731928267705
2026-03-06,2425,26.85,27.05,26.5,27.0,77255.0,2077378.0,27.619999999999997,27.809999999999995,28.619999999999997,28.985,30.68375,33.12770833333334,46.666666666666686,39.597315436241615,-0.6089669890943981,-0.44201826106999936,-0.1669487280243987,16.116846803993013,35.23464130391908,21.92556269162654,,30.867899604426203,28.619999999999997,26.372100395573792,146995.2,223935.3,0.5255613788749565,26.88988414989321
2026-03-06,2426,21.55,22.8,21.2,22.8,9266319.0,207274158.0,20.49,19.625,19.34,17.4575,17.516666666666666,17.471458333333334,93.68421052631578,76.37795275590554,0.8337812640945792,0.5837638770940329,0.2500173870005463,42.160862463561855,13.23015680625799,33.446653972836934,,21.324572073720088,19.34,17.355427926279912,3960031.0,2359877.3,2.3399612275762487,22.368554115177773
2026-03-06,2427,25.7,26.1,25.55,26.0,322862.0,8357871.0,26.419999999999998,26.27,26.047500000000003,26.6975,27.014999999999997,26.84,28.571428571428626,55.23809523809524,-0.07464289293736925,-0.14055158607039397,0.06590869313302472,25.879199064761703,33.56557854365503,15.598285638087766,,27.485508491300685,26.047500000000003,24.60949150869932,854591.0,960451.3,0.37779709826103947,25.886821614188104
2026-03-06,2428,175.0,177.0,170.5,171.0,477855.0,82579019.0,181.9,177.05,174.05,179.24166666666667,171.275,155.38541666666666,46.3768115942029,53.57142857142857,0.8533847086659989,0.016256273219640398,0.8371284354463585,28.259207794920105,29.083800636197143,12.57727602216119,,188.21407613053435,174.05,159.88592386946567,835928.4,553417.45,0.5716458490942525,172.81187598748573
2026-03-06,2429,51.8,51.8,49.95,51.0,242420.0,12259026.0,55.8,56.739999999999995,60.15999999999999,74.10333333333334,90.14666666666668,72.09604166666666,35.25641025641026,31.468531468531467,-5.578417375422923,-5.501197870614871,-0.07721950480805173,20.03282400847724,40.646822311891725,23.34696516809768,,71.18807899481267,60.15999999999999,49.13192100518731,448050.4,611542.6,0.5410552027182656,50.56936721392624
2026-03-06,2430,22.85,22.9,22.8,22.9,26162.0,597735.0,23.009999999999998,22.825,22.720000000000002,23.209166666666665,23.804166666666667,25.22125,61.11111111111105,58.620689655172434,-0.011957146980652311,-0.08316039632588802,0.07120324934523571,23.274731620615498,17.548612748784905,21.829289440734744,,23.10987177379323,22.720000000000002,22.330128226206774,75518.8,92630.4,0.34643029285422966,22.847450500726243
2026-03-06,2431,12.7,13.1,12.45,12.85,1823774.0,23335656.0,14.66,15.025,15.415000000000001,12.879166666666666,12.787916666666666,12.598333333333333,28.44036697247708,34.40860215053765,0.31299903413064456,0.7000313610338025,-0.3870323269031579,25.74000892321661,24.12496356625007,29.61816230958374,,17.743111952453656,15.415000000000001,13.086888047546346,3262198.8,4731900.35,0.5590628014454545,12.795256429798867
2026-03-06,2432,23.95,25.85,23.95,25.85,191130.0,4866306.0,24.22,24.29,24.517500000000002,25.864166666666666,,,74.6031746031746,67.44186046511626,-0.3457216136041623,-0.45105147128102924,0.10532985767686692,37.3613536538908,24.31926259414577,35.834673544871606,,25.53744581899305,24.517500000000002,23.497554181006954,72034.4,43345.25,2.6533156380840266,25.460712603986817
2026-03-06,2433,46.85,46.9,46.7,46.8,26859.0,1256235.0,46.98,46.85,46.755,47.44166666666667,48.21333333333334,49.17416666666667,50.0,59.18367346938763,-0.11021638500694309,-0.17324867534205243,0.06303229033510935,25.67686908744628,22.314294967579333,18.15374444440137,,47.20794358891052,46.755,46.30205641108949,30564.8,38940.1,0.8787559545621106,46.771473249190215
2026-03-06,2434,29.5,30.0,29.3,30.0,16588.0,492278.0,29.98,29.814999999999998,29.77,30.79416666666667,29.962083333333336,29.662791666666667,59.09090909090908,53.16455696202532,-0.16419895018329456,-0.24125760842432104,0.07705865824102648,25.748440491798043,23.90956789225483,15.747477873705106,,30.302521311656562,29.77,29.237478688343437,16008.6,26793.9,1.0361930462376472,29.676754280202555
2026-03-06,2436,55.7,56.7,54.7,55.4,3253565.0,180881330.0,58.94,58.36,55.265,49.75,50.520833333333336,50.21729166666667,32.75862068965519,56.349206349206334,2.4557252637152374,2.456977726255251,-0.0012524625400134326,27.59357988922967,18.815444765140224,34.7319745313265,,63.02136241383397,55.265,47.50863758616603,5244994.2,6561246.3,0.6203181311430239,55.59481061543261
2026-03-06,2438,21.0,21.65,21.0,21.65,67700.0,1446570.0,22.009999999999998,21.92,22.1875,22.764166666666664,23.87,26.989416666666667,12.903225806451559,46.808510638297854,-0.18179290576193097,-0.19710740133055668,0.015314495568625713,31.532084870569253,23.983993647389905,20.386185088065247,,23.716130277835,22.1875,20.658869722165,132294.0,229419.15,0.5117390055482486,21.36735598227474
2026-03-06,2439,82.1,84.1,82.1,82.7,3078252.0,255828541.0,89.92,94.42999999999999,98.165,101.30999999999999,103.63833333333334,109.08916666666667,3.296703296703342,15.662650602409656,-3.4295716352363854,-1.579962573987078,-1.8496090612493075,13.394763207761121,48.72093898588825,21.0071113597621,,111.10051211526573,98.165,85.22948788473428,3673334.4,1690296.9,0.8379993936843866,83.10838131511001
2026-03-06,2440,15.2,15.55,15.1,15.55,163278.0,2491968.0,15.73,15.344999999999999,15.4875,14.0075,13.329166666666667,13.294166666666666,55.813953488372086,53.3980582524272,0.323941273418745,0.33644232127859713,-0.012501047859852121,31.312368385483097,17.774893088953085,26.136838801200046,,17.063930010798927,15.4875,13.911069989201073,270646.2,367092.55,0.6032894605577318,15.262117370374453
2026-03-06,2441,88.0,89.1,87.0,87.8,2036441.0,179397407.0,91.8,89.99000000000001,91.245,82.45166666666667,73.04083333333332,65.44208333333333,47.402597402597415,47.38562091503266,1.3156341082108582,1.8373469081418041,-0.5217127999309459,26.034793224425645,21.617857230082084,22.78662662392603,,102.30492766703381,91.245,80.1850723329662,4858438.4,9199236.95,0.41915546361563416,88.09359416747158
2026-03-06,2442,19.25,20.1,19.05,19.35,2747543.0,53832471.0,19.6,20.18,20.945,23.521666666666665,24.959166666666665,24.89558333333333,3.4482758620690106,21.212121212121275,-1.2232023515681902,-1.1353433017725985,-0.08785904979559178,18.79884477977182,33.95911840043873,32.432094961595574,,22.950230003870267,20.945,18.939769996129733,2271077.8,1806334.75,1.209796951914197,19.592949409708964
2026-03-06,2444,13.7,14.05,13.25,13.75,528661.0,7260099.0,13.820000000000002,13.16,13.154999999999998,11.899166666666666,11.680833333333334,12.553541666666666,67.10526315789474,61.29032258064517,0.4464406901259679,0.3624297364042079,0.08401095372175998,30.59981987035327,11.800062517232268,37.55296915017535,,14.489915727677076,13.154999999999998,11.82008427232292,1673203.8,1184454.85,0.31595732689586287,13.732995246481204
2026-03-06,2449,291.0,293.5,283.5,284.5,14259457.0,4099144722.0,309.7,305.55,300.375,246.78333333333333,205.15,152.74437500000002,24.10714285714286,45.525291828793776,15.146040956492982,18.508823151265773,-3.362782194772791,26.414870178141552,22.317855448796966,39.51226389409115,,328.4104568734864,300.375,272.3395431265136,16445887.6,21178003.05,0.8670530497849201,287.4685005186383
2026-03-06,2450,29.6,29.95,29.5,29.85,124278.0,3693081.0,30.060000000000002,29.580000000000002,29.252499999999998,29.075,29.182916666666664,30.407708333333336,69.3877551020409,64.51612903225814,0.27886884210965945,0.1620751813920431,0.11679366071761635,28.799407756180393,17.266950923685354,25.73290133004055,,30.368637607060165,29.252499999999998,28.13636239293983,282691.8,172876.1,0.4396236466710389,29.716289286921256
2026-03-06,2451,212.5,224.0,211.5,217.0,8487278.0,1862245859.0,217.3,218.2,230.425,198.1,155.63333333333333,126.19749999999999,47.67441860465116,27.80269058295964,3.5094964181550097,7.149614504987788,-3.6401180868327785,22.7075958676471,21.303619491590936,25.351761055396057,,263.3447988738497,230.425,197.5052011261503,5708579.0,11541961.35,1.4867584384835526,219.4161495593758
2026-03-06,2453,51.8,51.8,51.1,51.4,293030.0,15043135.0,52.4,52.6,54.86,53.934999999999995,56.950833333333335,58.335208333333334,39.99999999999993,25.806451612903217,-0.7654253469712131,-0.39332529910494785,-0.37210004786626527,23.841275227477322,24.488743390104354,13.820455503333298,,61.16234709829349,54.86,48.55765290170651,368544.4,1390843.35,0.7951009430614059,51.336501382111045
2026-03-06,2454,1745.0,1790.0,1735.0,1765.0,4669229.0,8231052570.0,1842.0,1824.5,1790.5,1492.8333333333333,1431.9583333333333,1394.8854166666667,38.46153846153846,50.322580645161295,85.19568632014898,98.61204144689253,-13.416355126743554,33.35048276281851,21.862277080040688,38.9290452451976,,1927.0322402642691,1790.5,1653.9677597357309,8623987.6,12426937.95,0.541423436183976,1762.8290602152947
2026-03-06,2455,207.0,217.0,206.5,217.0,4192918.0,891131888.0,218.3,198.6,184.425,158.01666666666668,155.17916666666667,140.48541666666668,72.8395061728395,64.41176470588235,16.98723119081754,12.623717729796986,4.363513461020553,39.862589670619414,17.812559119484057,32.83346193192187,,229.00287390741366,184.425,139.84712609258636,16962396.8,17147210.1,0.24718900574239602,212.5326295434349
2026-03-06,2457,29.25,29.5,28.4,28.8,2461218.0,71006838.0,30.03,29.27,30.175,29.848333333333336,27.589583333333334,26.824166666666667,56.43564356435646,48.96907216494846,-0.19751091390797626,-0.144453180798513,-0.05305773310946327,25.591792783463223,24.228876706035454,14.393047016606015,,34.20691217531764,30.175,26.14308782468236,4708882.4,10274681.4,0.5226756140692747,28.850283883833125
2026-03-06,2458,134.0,134.5,130.0,131.5,3868095.0,509347852.0,126.3,122.45,120.375,124.64166666666667,125.84166666666667,129.15520833333332,75.51020408163265,69.86301369863014,1.2610021596712357,-0.671548652691134,1.9325508123623698,38.56451351484711,8.867460563868498,21.80956464534083,,130.4998781669079,120.375,110.25012183309211,4050057.4,2393274.95,0.9550716491079855,131.67925089740558
2026-03-06,2459,65.7,66.0,65.7,66.0,20896.0,1375821.0,66.92,66.44,66.67999999999999,66.18166666666666,64.96166666666667,64.18333333333334,50.0,46.3768115942029,0.11504158813622212,0.1369925852459428,-0.021950997109720677,23.893624389815333,27.274002615975345,16.095912232592436,,68.66478422531354,66.67999999999999,64.69521577468645,60919.6,66875.15,0.3430094747831568,65.84135719754977
2026-03-06,2460,25.25,26.3,25.25,26.0,509690.0,13081864.0,27.580000000000002,25.909999999999997,24.134999999999998,19.998333333333335,19.22666666666667,19.087083333333332,47.586206896551715,60.714285714285715,1.8562328281943685,1.6302253735665033,0.2260074546278652,33.10034543216843,21.691941187054635,34.70028044737566,,29.382967024928377,24.134999999999998,18.88703297507162,1013702.8,760402.85,0.5028002290217606,25.666314818811433
2026-03-06,2461,15.65,16.05,15.6,15.8,357051.0,5668688.0,16.3,16.389999999999997,16.415,15.679166666666667,16.00583333333333,16.775625,25.92592592592601,39.28571428571435,0.13526030495431485,0.22712048699057533,-0.09186018203626048,22.425501373078287,30.783684200805727,14.56774977688165,,17.085506485701266,16.415,15.744493514298732,513943.4,360639.3,0.6947282521771853,15.876409812603802
2026-03-06,2462,23.45,23.95,23.45,23.65,146251.0,3461157.0,24.799999999999997,24.895000000000003,25.3725,23.2975,23.726666666666667,23.417083333333334,26.31578947368419,44.11764705882352,0.2230790349218239,0.48119040069110347,-0.25811136576927957,22.74946779876017,30.456805925041607,19.53004536871423,,27.441182519967736,25.3725,23.30381748003226,381521.4,1138767.3,0.3833362951593279,23.66586895132341
2026-03-06,2464,67.7,68.7,67.0,67.8,1456942.0,98723186.0,71.64,72.02000000000001,70.57000000000001,63.93166666666666,66.08916666666667,64.65729166666667,34.28571428571432,49.712643678160916,1.8497505017923288,2.3831581697364537,-0.5334076679441249,25.189150323599435,19.786149340112765,31.706836368247323,,75.95070627334347,70.57000000000001,65.18929372665654,6588018.2,10113340.5,0.22115026943914634,67.76054640472991
2026-03-06,2465,50.7,51.3,49.65,51.0,167135.0,8494725.0,52.160000000000004,52.28000000000001,53.535000000000004,56.67333333333333,60.440000000000005,60.442083333333336,43.39622641509431,39.41605839416057,-1.6116759767951336,-1.5450663076970852,-0.06660966909804844,20.531292981279048,36.96600084932194,17.470272674088243,,57.3370908375293,53.535000000000004,49.732909162470705,255176.2,284652.55,0.6549787950443654,50.82553025996948
2026-03-06,2466,51.4,51.8,49.2,49.9,509748.0,25584653.0,51.660000000000004,53.17999999999999,56.415,57.66583333333333,61.54916666666667,73.24749999999999,39.53488372093023,32.167832167832145,-2.640524721667461,-1.841714244860292,-0.7988104768071691,13.821683112143573,30.250638497808662,22.991738265445516,,64.17597525070966,56.415,48.65402474929035,618297.4,882279.45,0.8244382072446043,50.190786427803545
2026-03-06,2467,392.0,393.0,377.0,393.0,1120930.0,432854893.0,349.5,311.55,281.2,232.4,207.9625,181.77625,94.77611940298507,91.66666666666667,34.428672056089226,21.648049892280465,12.780622163808761,53.380742814378316,5.7005697124333645,51.74447214847995,,379.08951881962054,281.2,183.31048118037944,3577985.8,3925077.75,0.3132852008523902,386.156934866584
2026-03-06,2468,33.05,34.2,33.0,33.95,187826.0,6343610.0,34.93,35.504999999999995,37.2975,40.90333333333333,46.461666666666666,50.806875,32.53012048192775,25.465838509316768,-1.8767186712959614,-1.6873011795948554,-0.189417491701106,20.92752855891451,36.98274973479637,18.0794529609087,,41.868745943253074,37.2975,32.726254056746924,370345.8,358447.9,0.5071638452494939,33.77386517308573
2026-03-06,2471,47.7,49.95,47.7,49.95,156825.0,7730931.0,50.04,50.394999999999996,51.072500000000005,50.439166666666665,50.51,53.732083333333335,44.44444444444445,46.66666666666669,-0.22521478436927111,-0.037585870919740555,-0.18762891344953056,27.89124351031412,33.202491289259854,13.599492519430719,,53.679469404055666,51.072500000000005,48.465530595944344,313563.6,243960.85,0.5001377710933285,49.29654710664754
2026-03-06,2472,111.0,116.0,111.0,113.0,1548574.0,175472277.0,118.0,113.35,112.425,107.22833333333334,98.39750000000001,88.67333333333333,56.33802816901408,54.166666666666664,2.2168683502949875,1.8927949580019572,0.32407339229303034,33.4583798903083,25.958006866445693,19.562718575738423,,124.24503205980037,112.425,100.60496794019963,4066621.4,2856336.45,0.38080112399939664,113.3121678395737
2026-03-06,2474,187.0,190.0,186.0,187.5,1889805.0,354578405.0,189.5,192.1,197.625,199.25,195.2,202.30625,25.000000000000014,27.58620689655173,-3.189565483514798,-1.6662756869430786,-1.5232897965717194,21.273178098092835,32.56775687562523,14.541084395519253,,210.53307580751616,197.625,184.71692419248384,3380239.4,2496802.95,0.5590743069854757,187.62698003233137
2026-03-06,2476,78.2,79.6,77.4,78.0,759495.0,59633168.0,81.97999999999999,82.29,84.28999999999999,87.515,93.89166666666667,85.184375,23.076923076923023,33.13953488372091,-1.9609667618264552,-1.6342443782161598,-0.3267223836102955,19.78647088161411,39.6373079105047,20.456407605826993,,92.21169572490064,84.28999999999999,76.36830427509935,967379.0,1123205.35,0.7851059408980348,78.51686712881586
2026-03-06,2477,23.4,24.05,23.4,24.05,102117.0,2432730.0,24.029999999999998,23.905,24.4925,23.980833333333333,24.172916666666666,23.482291666666665,48.387096774193516,41.42857142857145,-0.10801086029006157,-0.04835908325390959,-0.05965177703615198,26.058584960878246,24.706628138856903,12.700611957975685,,26.39160643807999,24.4925,22.59339356192001,215180.2,317637.2,0.47456503897663443,23.82296777226123
2026-03-06,2478,70.7,72.0,69.7,69.7,1999161.0,140916105.0,71.02000000000001,65.45,66.145,62.083333333333336,55.458333333333336,49.84583333333333,80.98159509202456,56.90235690235692,2.264038212948847,1.3995269335934157,0.8645112793554315,34.59961531354355,17.528460795820486,21.106165776843923,,77.47367344861146,66.145,54.81632655138853,3294207.8,2487639.1,0.6068715519403481,70.4876220574531
2026-03-06,2480,143.0,145.0,142.0,144.5,135118.0,19399656.0,145.9,143.6,141.5,147.28333333333333,159.225,155.33875,54.54545454545455,65.11627906976744,-0.3255505451460863,-1.2645067221928297,0.9389561770467434,25.541674443893342,26.357919819230112,23.1236184276011,,148.54123194962466,141.5,134.45876805037534,330563.2,307583.7,0.40875088334091636,143.57565979366183
2026-03-06,2481,89.9,94.4,89.0,91.5,25585383.0,2353848569.0,90.88,88.66999999999999,89.695,85.63666666666667,78.56916666666666,63.440416666666664,72.67080745341617,51.54929577464788,1.2222720421016078,1.0542432463580675,0.16802879574354024,26.2477745451418,11.912825284212952,23.856720370225574,,96.05820839299042,89.695,83.33179160700956,18048671.0,21340799.8,1.4175771168968618,91.9997394215283
2026-03-06,2482,17.1,17.15,16.95,17.1,49476.0,843021.0,17.56,17.655,17.925,17.529166666666665,18.489166666666666,19.375625,26.666666666666643,36.708860759493675,-0.07333255893957258,0.02717340933179352,-0.1005059682713661,20.60359163643586,33.844114770559756,15.433443402148509,,18.837774832440775,17.925,17.012225167559226,121731.8,124797.25,0.40643447316149106,17.038988600533592
2026-03-06,2483,22.45,22.9,21.95,22.9,276516.0,6238973.0,22.44,21.315,20.62,19.5875,19.815416666666668,19.394375000000004,75.49019607843137,68.08510638297872,0.8578069386401914,0.5466353117393986,0.3111716269007928,35.57115074087554,9.371399042785463,35.75259464163708,,23.16773377110335,20.62,18.072266228896652,571346.0,444730.6,0.48397293408897585,22.562792026501178
2026-03-06,2484,27.65,28.15,27.4,27.5,669119.0,18537485.0,29.139999999999997,27.955000000000002,28.422499999999996,23.348333333333336,22.754166666666666,22.481458333333332,57.85714285714287,47.98387096774193,1.2778335823035292,1.4651826965373986,-0.18734911423386946,28.931341332955167,22.097277187950574,30.353052060071505,,31.6210975545213,28.422499999999996,25.223902445478693,3025189.8,4024156.85,0.2211824858063451,27.704317169292757
2026-03-06,2485,50.5,56.2,50.3,56.2,111767573.0,6119000471.0,48.940000000000005,44.010000000000005,42.1925,29.4825,21.3825,17.068958333333335,100.0,69.68911917098445,5.199511897751442,4.246527902967075,0.9529839947843675,47.17046699874455,13.4435648914833,43.7355801092691,,52.747682064799136,42.1925,31.637317935200873,79098374.6,53721294.0,1.4130198447845224,54.74754713516057
2026-03-06,2486,132.5,136.0,130.0,135.5,7181611.0,955291714.0,138.1,142.4,134.275,105.43833333333333,92.485,88.59083333333334,20.0,55.39568345323742,9.701956085711643,11.372697757509748,-1.6707416717981047,31.42130665840641,22.56866320774774,44.985506819617335,,157.95816079545068,134.275,110.59183920454934,13732878.2,15601098.2,0.5229501707806599,133.01913929896787
2026-03-06,2488,46.75,47.2,46.4,47.1,77942.0,3661345.0,47.45,47.18,46.6625,46.1175,46.523333333333326,47.64854166666667,45.23809523809534,61.458333333333336,0.40226036419016964,0.34221556066533637,0.06004480352483327,24.84536899836363,21.841305135506836,14.828416239950162,,48.232908930988316,46.6625,45.09209106901169,193257.8,179135.2,0.4033058432829102,46.975250827538424
2026-03-06,2489,43.45,44.9,42.2,43.65,8053930.0,352768847.0,40.6,33.160000000000004,27.6375,19.163333333333334,16.555416666666666,16.0025,99.4029850746269,98.95178197064992,6.310700113341884,4.2380178576552066,2.0726822556866775,62.76243618535051,6.289679763620571,48.99232650075254,,44.173103533301315,27.6375,11.101896466698683,23247181.4,25044517.05,0.34644759127659236,43.80083350612682
2026-03-06,2491,16.05,16.75,15.95,16.55,131129.0,2145193.0,17.02,16.869999999999997,17.4025,17.7275,15.329583333333336,13.312333333333333,54.28571428571429,39.41605839416059,-0.5671388136636608,-0.5277720915063656,-0.0393667221572952,22.83414661864535,30.07834884395547,14.853977848350569,,19.16631016999825,17.4025,15.638689830001749,245533.2,321660.5,0.5340581233006371,16.359409436509086
2026-03-06,2492,131.5,137.0,130.0,134.0,5286985.0,708878347.0,143.7,134.5,136.775,124.8,110.07000000000001,97.52458333333334,58.82352941176471,48.5207100591716,3.5670104705492065,3.410319231367275,0.1566912391819315,33.59004516688824,25.52935545261054,26.663417366154288,,160.20119990747997,136.775,113.34880009252004,12143404.6,12308583.45,0.43537913576559906,134.07988617331048
2026-03-06,2493,102.0,106.0,101.0,105.0,575039.0,59604521.0,110.6,108.7,109.8,102.48666666666666,110.87583333333333,102.38125,48.888888888888886,46.55172413793104,0.5812326004558912,1.3286031133498424,-0.7473705128939512,30.175971754606103,28.851471159415837,18.95546345324108,,119.16061176588227,109.8,100.43938823411773,1976443.8,1249351.5,0.2909462945518613,103.65300614393111
2026-03-06,2495,30.3,30.8,29.8,30.6,1476394.0,44772935.0,31.5,31.3,32.707499999999996,29.6025,25.780000000000005,25.496875,37.17948717948718,29.439252336448632,0.0455286531863095,0.44962730866342454,-0.40409865547711504,20.378211362673294,23.2802849483321,25.343613913641704,,36.555571971096285,32.707499999999996,28.85942802890371,2470604.8,7238441.45,0.5975840409603349,30.3258716846587
2026-03-06,2496,69.0,69.5,68.1,68.6,51161.0,3517070.0,68.96000000000001,69.22999999999999,69.705,68.81333333333333,68.01833333333333,72.97250000000001,0.0,0.0,-0.04069008266615981,0.15067246870891154,-0.19136255137507135,16.64475251147014,18.01732569023022,19.711742088199983,,70.94210187641686,69.705,68.46789812358314,34070.2,28552.8,1.5016348597894935,68.74513789800825
2026-03-06,2497,42.85,42.95,42.1,42.6,154312.0,6565750.0,44.38,45.13,47.8275,,,,27.678571428571402,17.64705882352942,-1.1091126626986352,-0.3786313186380603,-0.7304813440605749,14.02359327822092,32.922338149926674,24.12677927571543,,54.391554828340595,47.8275,41.263445171659406,233485.6,318339.95,0.6609058545794687,42.548538026854686
2026-03-06,2498,41.6,43.3,41.45,42.95,7378283.0,315078034.0,43.96,44.36,44.977500000000006,47.976666666666674,53.19041666666667,47.430416666666666,39.84375000000003,41.81034482758621,-1.2997741262278453,-1.2132260384128275,-0.08654808781501777,24.963170999965033,35.079512088827514,15.662994655256039,,47.64494012905664,44.977500000000006,42.31005987094337,5310952.8,6446673.85,1.389257874782845,42.70343574514558
2026-03-06,2501,22.6,23.0,22.5,22.9,816638.0,18646320.0,22.85,22.604999999999997,22.455000000000002,22.466666666666665,22.436666666666667,21.54083333333333,58.97435897435896,61.11111111111109,0.054278016251931405,-0.025280687852062757,0.07955870410399415,28.345581419164063,16.540869226512854,15.014749559995611,,23.18185334798233,22.455000000000002,21.728146652017674,2046202.0,1612270.0,0.39909940465310856,22.833030057381606
2026-03-06,2504,38.4,38.5,38.0,38.1,1766794.0,67436868.0,38.010000000000005,36.955,36.2475,36.11666666666667,36.26541666666666,38.869375000000005,68.04123711340208,71.42857142857144,0.5218978878040446,0.19100354438618336,0.33089434341786117,40.523620374038494,13.500371659573327,21.28529020965963,,38.73504264708191,36.2475,33.75995735291809,3637403.6,1982496.3,0.48572943623853015,38.16906102239423
2026-03-06,2505,18.55,18.8,18.55,18.7,114712.0,2142333.0,18.91,18.925,18.975,19.135833333333334,19.073333333333334,19.550416666666663,41.17647058823515,54.05405405405402,-0.11351473932525735,-0.10413790294130103,-0.009376836383956325,14.20651156237756,22.185702673064224,15.029302623345083,,19.63154598588256,18.975,18.318454014117442,260620.4,301216.45,0.4401497350169058,18.675753190599064
2026-03-06,2506,8.83,9.01,8.8,9.0,112811.0,1005987.0,8.996,9.017,9.000499999999999,9.319,9.512916666666666,9.995583333333334,47.500000000000064,47.272727272727344,-0.07473677717494986,-0.08523280361950591,0.01049602644455605,10.668867193952861,22.827533848067596,29.48606707475368,,9.127402366117568,9.000499999999999,8.87359763388243,162708.8,202828.0,0.6933306618941324,8.917454858125538
2026-03-06,2509,14.15,14.3,14.15,14.2,70365.0,1000081.0,14.469999999999999,14.529999999999998,14.6775,14.900833333333335,14.951249999999998,14.760416666666666,34.999999999999915,29.629629629629576,-0.19799424506372176,-0.15629610386041107,-0.041698141203310696,20.96287650553531,32.556753356826704,13.58578151118975,,15.158151969504885,14.6775,14.196848030495115,187187.2,179363.65,0.37590711330689275,14.212762026575712
2026-03-06,2511,8.1,8.27,8.08,8.27,1353219.0,11101031.0,8.242,8.245,8.3335,8.3325,8.733083333333333,9.188291666666666,55.555555555555486,35.18518518518515,-0.025548235829068844,-0.01427922919129306,-0.011269006637775783,21.80015814890636,22.079031438201618,16.629444785299665,,8.532685182285457,8.3335,8.134314817714545,1124430.2,1088774.75,1.203470877961122,8.203425314010518
2026-03-06,2514,14.4,14.55,14.35,14.5,39587.0,573750.0,14.74,14.719999999999999,14.8225,14.754999999999999,14.88125,16.218541666666667,36.84210526315788,37.83783783783787,-0.05288955299911002,-0.0193274215053318,-0.03356213149377822,17.058749296278663,25.416928032204694,15.637926425177648,,15.264356132813317,14.8225,14.380643867186683,107546.8,182545.15,0.36809091483893525,14.493394296107308
2026-03-06,2515,16.95,17.35,16.5,16.7,18786554.0,315745521.0,17.32,16.355,15.075,14.599166666666665,13.108750000000002,11.976291666666667,60.97560975609755,73.07692307692308,0.9512240014207567,0.6885772832286028,0.2626467181921539,36.799879641642036,13.593409625417785,38.46040250921714,,18.365096783090877,15.075,11.784903216909122,38671802.8,26282211.45,0.4857946265696204,16.806995098728592
2026-03-06,2516,14.5,14.6,14.4,14.5,96693.0,1396454.0,14.7,14.655000000000001,14.602500000000001,14.769166666666667,14.715416666666668,16.244458333333334,47.619047619047585,48.571428571428555,-0.03882467419400015,-0.04964313028480283,0.010818456090802675,18.572062738793242,14.56418601298034,11.825292934265846,,14.880604486233782,14.602500000000001,14.32439551376622,326212.2,313839.7,0.2964113543270301,14.442141623488773
2026-03-06,2520,30.8,32.0,30.8,31.95,1436193.0,45513355.0,31.579999999999995,31.785000000000004,31.814999999999998,32.74916666666666,34.47833333333334,43.005625,51.61290322580643,57.69230769230772,-0.38746651660597564,-0.3952075643795329,0.007741047773557275,25.933117427701536,26.24813687467026,12.324127057957087,,32.93284567243078,31.814999999999998,30.697154327569212,1824993.4,1961278.9,0.7869579144779373,31.690277699445687
2026-03-06,2524,41.05,41.05,40.35,40.9,64792.0,2634286.0,42.260000000000005,41.625,41.49249999999999,41.84583333333333,42.91833333333333,47.335208333333334,44.04761904761905,45.83333333333332,-0.05375406120649018,-0.11076722014927952,0.05701315894278934,26.573738634402392,29.160828638657428,12.533580895501517,,43.20538460913505,41.49249999999999,39.77961539086493,134865.4,110011.95,0.4804197370118652,40.65758118286208
2026-03-06,2527,30.55,30.7,30.15,30.5,101386.0,3086737.0,31.3,30.305,29.714999999999996,28.325833333333332,26.78125,28.67354166666667,60.638297872340424,57.843137254901976,0.6699812159436789,0.5167175569083794,0.15326365903529948,28.121979573120637,18.185806798150832,23.418615446444825,,32.11677565892184,29.714999999999996,27.313224341078158,530027.2,417583.5,0.191284522756568,30.445396800347186
2026-03-06,2528,27.05,27.75,26.6,27.65,1139024.0,30876297.0,27.98,27.7,27.8125,29.40583333333333,29.430416666666666,32.60875,49.438202247191,51.8796992481203,-0.439092904118084,-0.5424653445659157,0.10337244044783167,16.720093113468902,33.301007340106636,24.514778718866335,,29.27172654350346,27.8125,26.35327345649654,1191607.6,919483.1,0.955871714816186,27.10767903046819
2026-03-06,2530,26.5,26.55,26.2,26.35,389236.0,10261722.0,26.610000000000003,26.040000000000003,26.205000000000002,27.514166666666668,29.017083333333332,31.600833333333334,66.6666666666667,51.456310679611676,-0.3063135530553147,-0.491254495255834,0.18494094220051926,20.922300984177536,17.309688555840662,25.472818139214148,,27.743249175625174,26.205000000000002,24.66675082437483,771515.4,841162.15,0.504508399961945,26.363753609635285
2026-03-06,2534,20.0,20.2,19.8,20.0,716162.0,14376990.0,19.98,19.96,20.02,20.34416666666667,21.164583333333333,22.945625,64.28571428571425,48.78048780487803,-0.11094659884328095,-0.13097194540060578,0.020025346557324825,14.387910605720233,19.224829561968377,17.550874400725355,,20.280364117504703,20.02,19.759635882495296,538779.8,584274.85,1.3292294922712395,20.075052851170547
2026-03-06,2535,71.5,72.2,71.0,72.1,146956.0,10543800.0,73.25999999999999,71.85,70.45,65.52000000000001,63.0275,59.93416666666666,58.20895522388057,63.793103448275815,2.0609963403554588,1.9693300892610126,0.09166625109444615,32.552432693851216,19.66577322272611,31.870707829380642,,74.42545098401544,70.45,66.47454901598456,391749.0,384405.15,0.37512795182629693,71.74800620593919
2026-03-06,2536,23.25,23.5,22.95,23.1,387159.0,8944873.0,23.360000000000003,23.020000000000003,22.919999999999998,25.071666666666665,26.186666666666667,28.15125,56.09756097560979,60.00000000000007,-0.4555332847341731,-0.6564978715737002,0.20096458683952712,21.51835209302406,22.606810129178665,25.079851700087474,,23.79141747805209,22.919999999999998,22.048582521947907,392616.0,331201.4,0.9861009230393056,23.103874635485678
2026-03-06,2537,10.25,10.3,10.15,10.25,433712.0,4429125.0,10.41,10.45,10.5125,10.79,10.903333333333332,11.330875,24.999999999999844,40.90909090909095,-0.17044823283814559,-0.14905782737189502,-0.021390405466250567,20.36182644404869,27.311601054742347,16.122629280963906,,10.796966259214939,10.5125,10.22803374078506,703471.8,898393.7,0.6165307550352409,10.212133858412956
2026-03-06,2538,10.45,10.55,10.35,10.5,222599.0,2330596.0,10.639999999999999,10.595,10.66,10.959166666666668,11.092083333333333,12.260208333333333,50.0,37.500000000000036,-0.12426678799342383,-0.125826848540557,0.001560060547133174,10.010322474923203,22.38099243326099,33.86869409854909,,10.910473236306348,10.66,10.409526763693652,323390.8,272548.5,0.6883281775486502,10.469930233289459
2026-03-06,2539,48.5,49.7,48.25,49.6,639120.0,31466983.0,49.34,48.89,48.2025,47.55916666666667,50.41791666666666,55.416875,60.60606060606066,63.4146341463415,0.4235934126189278,0.26863759739996973,0.15495581521895807,22.086287522189714,18.728991619005246,9.914350378822217,,50.16168216019785,48.2025,46.24331783980215,839139.4,812675.3,0.7616374585676706,49.234858868444114
2026-03-06,2540,47.8,48.2,46.9,46.9,729842.0,34589349.0,47.260000000000005,47.105000000000004,47.160000000000004,47.78666666666666,58.24333333333333,69.98645833333333,50.57471264367813,49.450549450549445,-0.33484159659619195,-0.4362511786111124,0.10140958201492045,28.905894778649238,23.615674032674338,13.413184041816905,,48.82720692998895,47.160000000000004,45.49279307001106,799837.8,620078.35,0.9124875068420122,47.392927510337856
2026-03-06,2542,36.6,36.65,36.25,36.3,5372250.0,195454632.0,37.239999999999995,37.739999999999995,37.709999999999994,38.093333333333334,39.857499999999995,40.79416666666667,1.8867924528303348,40.999999999999964,-0.3326110464731542,-0.18258128638821636,-0.15002976008493785,19.37312463474077,31.002701527310077,14.896241153339199,,38.8518360099795,37.709999999999994,36.56816399002049,5107213.8,3985866.35,1.051894479138508,36.38226664805249
2026-03-06,2543,72.0,78.4,71.8,78.4,28761985.0,2208251169.0,68.14,64.66,64.3,62.701666666666675,68.94249999999998,75.2325,91.34615384615383,75.37878787878788,1.8823557864603373,0.4475102679045533,1.434845518555784,51.19163266553183,12.793763796329097,19.977739244297478,,72.78999411071577,64.3,55.81000588928423,9679768.4,3606728.85,2.971350533552022,76.77673043080998
2026-03-06,2545,37.0,37.95,36.85,37.75,318735.0,11979502.0,37.540000000000006,37.394999999999996,37.31,38.3225,40.12166666666667,46.61958333333334,53.84615384615389,59.154929577464756,-0.20427911854270064,-0.3062062527526721,0.10192713420997146,23.86893383652699,24.58152854335558,14.575703754609485,,37.97062171673675,37.31,36.64937828326325,321592.4,319881.7,0.9911148397785519,37.584520055845765
2026-03-06,2546,86.1,88.1,86.1,86.8,54377.0,4716308.0,87.6,86.6,86.75,87.75666666666666,86.03833333333334,82.04833333333335,55.263157894736814,52.7272727272727,-0.04372701880166119,-0.22875483212785952,0.18502781332619833,27.9914022971623,19.802769668975788,15.867145604769076,,89.34351417760855,86.75,84.15648582239145,117986.2,101571.25,0.46087593294809054,86.73350865255532
2026-03-06,2547,11.0,11.55,11.0,11.45,6037214.0,68364743.0,11.12,10.95,10.89,10.806666666666667,10.921249999999999,11.613125,88.23529411764707,75.0,0.08849752655940613,0.03502420020901807,0.053473326350388053,30.50733979928176,11.840655133814499,20.033168886802372,,11.293406546928951,10.89,10.48659345307105,2923981.8,1834736.45,2.064723521876915,11.323889297281825
2026-03-06,2548,114.0,116.0,112.5,114.5,1549287.0,177401025.0,112.4,109.9,108.5,106.40833333333333,103.02916666666667,105.84458333333333,73.07692307692307,71.05263157894737,1.162836047869959,0.4609803599966169,0.7018556878733422,26.207091213163963,12.74718443705694,19.635990285863148,,114.1475425489422,108.5,102.8524574510578,1852762.0,938658.0,0.8362040024568725,114.50494646892409
2026-03-06,2596,32.3,32.6,31.95,32.05,72000.0,2314700.0,32.839999999999996,33.205,34.015,34.505,34.627500000000005,34.688750000000006,19.99999999999997,23.529411764705856,-0.583822246704834,-0.3513478939103718,-0.23247435279446216,8.392953356838767,31.80173250182295,51.766214500674984,,35.99545715084066,34.015,32.034542849159344,94600.0,102900.85,0.7610993657505285,32.14861111111111
2026-03-06,2597,167.5,169.5,166.5,168.5,169382.0,28527929.0,171.8,171.05,170.25,166.90833333333333,162.525,166.643125,44.11764705882353,51.85185185185185,0.9994622615458582,1.1235103328817768,-0.12404807133591866,23.973164379949335,24.725835964150704,12.20369200081654,,176.60361480203824,170.25,163.89638519796176,327973.4,313112.75,0.5164504194547485,168.42361644094413
2026-03-06,2601,7.22,7.24,6.66,6.79,11667448.0,80825494.0,6.046000000000001,5.720000000000001,5.6315,5.599833333333334,5.753666666666667,,81.69642857142857,73.96226415094341,0.17659370952246078,0.021987273375550995,0.15460643614690978,54.15174510290635,9.16072297355548,22.04168853510566,,6.597648621017823,5.6315,4.6653513789821766,10411535.6,3824372.6,1.120627009141668,6.92743554545947
2026-03-06,2603,211.0,212.0,205.0,210.5,16360094.0,3429336470.0,203.2,195.05,191.4,186.40833333333333,186.57916666666668,200.33125,92.98245614035088,81.81818181818181,4.852228648104415,2.337077856153472,2.515150791950943,43.649801745160275,8.63297979684538,23.892534598030014,,208.01198045799586,191.4,174.78801954200415,28239506.2,13354884.6,0.5793335720579986,209.61593924827082
2026-03-06,2605,36.5,36.65,33.6,34.0,43760440.0,1529143835.0,34.14,31.525,30.309999999999995,27.196666666666665,25.35375,24.474583333333335,71.94570135746606,64.43768996960486,1.8419723588561752,1.2546409245093926,0.5873314343467826,36.966366943826316,21.879251354857978,24.35119175189771,,35.48886392744067,30.309999999999995,25.131136072559322,27879665.2,17950876.15,1.569618561990479,34.94352056332158
2026-03-06,2606,65.5,66.3,63.3,63.7,7655808.0,492712612.0,65.62,63.760000000000005,63.2,60.72666666666667,58.325833333333335,57.24604166666667,56.04395604395605,54.77707006369427,1.0356482346767066,0.763984438324113,0.27166379635259363,34.81823937474773,15.587442246509267,25.46295683482033,,67.2874647914146,63.2,59.1125352085854,10629934.8,8635169.7,0.7202121314986805,64.35801577051045
2026-03-06,2607,54.5,56.0,54.2,56.0,638608.0,35321451.0,55.8,55.81999999999999,56.3,57.281666666666666,49.791666666666664,40.785624999999996,51.66666666666669,46.75324675324675,-0.42570088111062887,-0.3859484678275063,-0.03975241328312257,16.45449580571992,23.631069522363383,15.656336804544123,,57.82453616759443,56.3,54.77546383240556,660265.4,650947.4,0.9671989475747177,55.31006658231654
2026-03-06,2608,31.15,31.9,31.1,31.55,282761.0,8942634.0,31.65,32.065000000000005,32.4125,33.16416666666667,33.71875,34.958124999999995,25.000000000000043,35.61643835616438,-0.41772874865753096,-0.3237818756260628,-0.09394687303146815,16.551022185309204,30.79818908232912,29.638760831667973,,33.45470161702423,32.4125,31.370298382975776,1174660.4,464332.85,0.24071723197615244,31.626122414335782
2026-03-06,2609,61.9,63.0,59.8,60.7,62493695.0,3829065144.0,58.8,56.0,54.785000000000004,53.44500000000001,54.99833333333333,62.98354166666666,100.0,84.11214953271032,1.5136847935253357,0.699286377111546,0.8143984164137897,49.111278979189926,8.500413641443904,27.728004694292828,,60.221823763152656,54.785000000000004,49.34817623684735,66006722.4,25200249.4,0.9467777330510203,61.271223345011045
2026-03-06,2610,18.95,19.1,18.8,18.9,42379261.0,802249692.0,19.990000000000002,21.3,21.869999999999997,20.333333333333332,20.629583333333336,21.556874999999998,0.0,20.000000000000014,-0.2396535619026814,0.27791663036303854,-0.5175701922657199,18.21544374887117,43.1027517958757,36.51648444624586,,24.386973955911635,21.869999999999997,19.35302604408836,62243283.4,42739452.6,0.6808648047638182,18.93024260144602
2026-03-06,2611,14.9,14.9,14.6,14.8,323283.0,4785123.0,14.809999999999999,14.66,14.809999999999999,14.903333333333334,15.265416666666665,17.56975,62.499999999999986,45.45454545454546,-0.04002763087690475,-0.07490269648739013,0.03487506561048538,26.71075748275599,18.79559116445672,17.34956962853808,,15.433740836870495,14.809999999999999,14.186259163129503,613399.2,443827.6,0.5270352488232786,14.801653659487199
2026-03-06,2612,63.6,64.3,61.7,62.1,1623758.0,101387960.0,64.03999999999999,62.42,62.21,60.02833333333333,56.998749999999994,50.25416666666667,57.7319587628866,49.700598802395206,0.7343208248173738,0.5566694443496334,0.17765138046774043,31.01321803463949,18.034561509251503,16.209063184974706,,65.63000307786847,62.21,58.789996922131536,2567224.2,2180298.9,0.6324955958268078,62.44031438182291
2026-03-06,2613,26.15,27.0,25.5,25.8,1712384.0,44773824.0,25.33,24.77,24.61,24.294166666666666,25.278333333333332,27.308541666666667,83.33333333333339,65.59139784946237,0.35426096945452556,0.1842632865020871,0.16999768295243847,37.94077676595826,8.397333004841563,34.26199409809557,,25.781863113974666,24.61,23.438136886025333,1536119.2,780548.4,1.1147468243349865,26.147069816116012
2026-03-06,2614,20.65,21.2,20.55,20.95,866335.0,18163915.0,20.65,20.675,20.7575,21.614166666666666,20.726666666666667,18.749958333333336,60.46511627906974,56.16438356164382,-0.3058173487519191,-0.35086062163940934,0.045043272887490216,29.931882948745823,23.188820866088424,10.307425112408279,,21.46704025144588,20.7575,20.04795974855412,910208.0,896303.35,0.9517989294754605,20.966387136615744
2026-03-06,2615,79.6,80.5,76.9,78.6,23639242.0,1869981137.0,77.86,76.28,75.35,78.37166666666667,79.735,84.31895833333333,74.32432432432427,72.56637168141589,0.14808164146172942,-0.5422670747739717,0.6903487162357012,31.87959535537,13.757627205933279,21.971507110244776,,79.01347548532483,75.35,71.68652451467516,25907699.6,10641027.6,0.9124407942417241,79.1049534075585
2026-03-06,2616,21.75,21.75,21.75,21.75,2287531.0,49753629.0,16.73,15.220000000000002,14.454999999999998,14.014999999999999,14.191666666666666,15.075208333333334,97.63313609467457,94.47513812154698,1.0625208831876893,0.29443172262118383,0.7680891605665054,79.02344164234417,3.6542263710157252,27.248414499433615,,18.86538248729184,14.454999999999998,10.044617512708156,1380920.6,404144.45,1.6565260884659117,21.749925574779095
2026-03-06,2617,32.0,32.15,31.3,31.55,1008550.0,31858133.0,31.310000000000002,30.714999999999996,30.860000000000003,30.634999999999998,29.265416666666667,28.954375000000002,74.57627118644066,53.921568627451,0.16236833628668634,0.030553444223025184,0.13181489206366115,30.3387966154677,18.267937282554886,17.809006130593872,,32.13014296750224,30.860000000000003,29.589857032497765,1441039.4,954877.9,0.6998767695040122,31.58805512865004
2026-03-06,2618,33.7,34.4,33.65,34.25,28357864.0,969603055.0,36.12,37.385000000000005,37.765,36.125833333333325,37.26166666666667,39.23708333333333,4.000000000000043,26.6666666666667,-0.24800523951928,0.31769707964647437,-0.5657023191657544,18.083232260366785,39.459435513589526,33.19266848928262,,40.52335572683978,37.765,35.00664427316022,44922502.6,32748352.55,0.6312618923416791,34.191681538496695
2026-03-06,2630,52.3,52.3,51.2,51.8,1199961.0,62101826.0,52.67999999999999,51.185,51.332499999999996,50.94333333333334,54.50208333333333,45.798750000000005,62.962962962962955,56.69291338582675,0.14263942981769873,-0.11033683557566061,0.2529762653933593,34.019232347691684,18.890568440527527,24.355155640475868,,55.82486486777937,51.332499999999996,46.840135132220624,2614916.6,2054939.85,0.45889073479437165,51.753203645785156
2026-03-06,2633,26.5,26.65,26.35,26.5,4582950.0,121574172.0,26.940000000000005,27.07,27.129999999999995,27.6175,27.66875,27.607916666666668,27.586206896551815,31.91489361702132,-0.19130009209595755,-0.1458246326678696,-0.04547545942808795,14.562554676432596,27.959656624308675,11.783776950969177,,27.625665421959248,27.129999999999995,26.634334578040743,7195231.2,5699211.5,0.6369427017161032,26.52749255392269
2026-03-06,2634,54.5,55.5,54.3,54.9,3368284.0,184812201.0,55.17999999999999,54.23,54.3,52.01499999999999,54.26,49.660624999999996,55.8139534883721,57.02479338842973,0.6934464959993321,0.6117822092381956,0.08166428676113646,35.7616032791688,18.991592693886858,24.21420895932338,,57.664207891443176,54.3,50.93579210855682,11565017.4,9121784.15,0.2912476378980632,54.86835462805393
2026-03-06,2636,65.3,66.0,64.6,65.5,182155.0,11909136.0,65.36,64.94,65.415,66.11,68.24666666666666,71.14,66.66666666666666,54.54545454545448,-0.24736453610047704,-0.3607067747723548,0.11334223867187776,30.06267629781988,21.99149422787759,14.765724051702646,,67.30711660929144,65.415,63.52288339070857,469367.8,364620.45,0.3880858465365541,65.37913315582882
2026-03-06,2637,71.0,72.0,70.1,70.4,1972083.0,139821226.0,72.22,71.02,70.905,67.92333333333333,64.48083333333334,63.252500000000005,51.42857142857145,49.0909090909091,0.8535000293975799,0.8639984450692936,-0.010498415671713723,30.172222843718338,15.703129432442681,26.832396398190923,,73.68725580571262,70.905,68.12274419428738,4568414.8,3609883.9,0.4316777451994946,70.90027448134789
2026-03-06,2640,123.5,124.0,123.0,124.0,29000.0,3584000.0,123.5,123.75,123.825,123.94166666666666,123.97083333333333,123.98541666666667,50.0,50.0,-0.09029744389040673,-0.08006985357400641,-0.010227590316400317,10.926747464113177,5.549955637805507,52.48431031417664,,124.70009397991542,123.825,122.94990602008458,159200.0,86885.55,0.18216080402010051,123.58620689655173
2026-03-06,2641,20.25,20.6,19.65,19.9,6168000.0,123527800.0,20.03,19.75,19.857499999999998,19.91916666666667,19.93458333333333,19.94229166666667,64.70588235294116,48.936170212765944,0.009581044772776437,-0.030967942933865684,0.04054898770664212,20.425825967545894,11.18464944989294,51.23149382071441,,20.38393288171178,19.857499999999998,19.331067118288217,6046400.0,3091711.9,1.0201111405133634,20.027204928664073
2026-03-06,2642,24.45,25.05,24.45,24.65,40790.0,1010332.0,24.68,24.634999999999998,25.1225,26.345833333333335,27.44833333333333,28.177083333333332,59.99999999999993,28.571428571428612,-0.4650501197347374,-0.4846818024555333,0.01963168272079585,23.75574118891926,25.17414587738729,9.692710504952371,,26.267040818060313,25.1225,23.977959181939685,51582.2,89172.4,0.7907766632675614,24.76911007599902
2026-03-06,2643,70.9,71.3,70.0,70.7,33000.0,2329800.0,71.62,72.22999999999999,72.25,72.21666666666667,72.20833333333333,72.20416666666667,24.489795918367378,38.46153846153851,-0.1988901388049129,0.018191018852820307,-0.21708115765773323,8.498209793725984,24.34134880003967,46.34886945414823,,73.71610834668196,72.25,70.78389165331804,79600.0,41503.95,0.41457286432160806,70.6
2026-03-06,2645,168.0,168.0,163.0,164.0,1672818.0,275480834.0,171.7,167.25,166.475,152.21666666666667,160.78333333333333,133.19583333333333,49.056603773584904,52.54237288135593,4.455639483365616,4.618383029162398,-0.16274354579678274,38.78905077058028,23.359635208358114,26.69125936436165,,179.81853776177866,166.475,153.13146223822133,3229960.4,3428537.05,0.5179066591652332,164.68069688394075
2026-03-06,2646,22.05,22.05,21.8,22.0,4255169.0,93317125.0,22.5,22.71,22.8675,23.220833333333335,24.103333333333335,25.068541666666665,8.695652173912904,25.64102564102555,-0.25227328266229065,-0.17106041186402465,-0.081212870798266,19.674953135706264,36.17641867339923,13.125557707443026,,23.514985013035517,22.8675,22.220014986964483,5927046.6,4755617.95,0.717923999450249,21.930298185571477
2026-03-06,2701,10.9,10.95,10.9,10.9,59898.0,654038.0,11.010000000000002,11.0,10.99,11.064166666666667,11.130833333333333,11.453750000000001,28.571428571428285,41.17647058823524,-0.01759774193392083,-0.01636850230656747,-0.0012292396273533603,15.698592108633214,20.951635594621912,16.63316358643214,,11.137255595908318,10.99,10.842744404091682,77554.8,101647.85,0.7723313063794891,10.919195966476343
2026-03-06,2702,11.5,11.65,11.5,11.65,100206.0,1159067.0,11.8,11.845,11.84,11.793333333333331,12.051666666666668,13.075416666666667,25.00000000000007,43.478260869565204,-0.023252674238717574,0.00146270603031051,-0.024715380269028083,23.697467243759423,25.245459612207412,18.085918487020333,,12.075304953312102,11.84,11.604695046687898,63176.8,61620.45,1.5861202213470766,11.566842304852004
2026-03-06,2704,42.3,43.85,42.3,43.65,115088.0,4984811.0,43.529999999999994,43.125,43.375,43.25666666666667,43.33125,45.41895833333333,65.15151515151516,52.21238938053097,-0.009812078945735436,-0.051327129407724444,0.04151505046198901,27.157346297111047,23.407552747710948,19.293636785788443,,44.5717060053173,43.375,42.1782939946827,155255.2,133720.85,0.7412827396441471,43.31303871819825
2026-03-06,2705,16.15,16.25,16.05,16.2,164044.0,2649428.0,16.19,16.205000000000002,16.275,16.518333333333334,16.79958333333333,17.276958333333333,50.0,41.666666666666686,-0.09238433673576196,-0.09307773338758113,0.000693396651819167,26.70686925985814,23.05745168455992,17.754474286268024,,16.503265773076276,16.275,16.04673422692372,225647.6,227157.4,0.7269919999149116,16.150715661651752
2026-03-06,2706,12.7,12.8,12.65,12.75,62894.0,801127.0,12.84,12.854999999999999,12.85,12.973333333333333,13.149583333333334,13.493125,33.3333333333332,44.44444444444444,-0.033088790527536105,-0.029939092817353172,-0.003149697710182933,17.787717765453127,27.689851583566366,21.480896033300848,,12.983771210812726,12.85,12.716228789187273,84883.2,115565.9,0.7409475608836613,12.737733329093395
2026-03-06,2707,185.0,185.5,184.0,185.0,196053.0,36183513.0,186.9,188.4,188.475,189.74166666666667,191.9375,193.52708333333334,0.0,35.294117647058826,-0.7625676135541539,-0.38488219638450166,-0.37768541716965226,13.543571896435996,27.512349690255455,14.772106850482606,,191.61179353547774,188.475,185.33820646452224,175590.4,140326.4,1.116535983743986,184.55985371302657
2026-03-06,2712,16.9,17.0,16.9,16.9,10001.0,169218.0,17.14,17.265,17.3575,,,,0.0,35.714285714285694,-0.28038136917132306,-0.2801480888633436,-0.00023328030797947763,12.335812650432649,28.71926324757663,32.16736551334154,,17.757861678594264,17.3575,16.95713832140574,29370.6,27493.75,0.34051057860581674,16.920107989201078
2026-03-06,2718,50.4,50.4,48.65,48.85,43000.0,2117650.0,49.11,48.66,48.585,48.495000000000005,48.4725,48.46125,55.421686746988,53.27868852459015,0.14573100313374,0.07837347177192946,0.06735753136181052,22.181866583834456,16.375562169501766,51.868560771311444,,49.562160224969865,48.585,47.607839775030136,35000.0,33111.25,1.2285714285714286,49.24767441860465
2026-03-06,2719,27.0,27.05,27.0,27.0,26000.0,702250.0,27.53,28.189999999999998,28.264999999999997,28.121666666666666,28.085833333333333,28.06791666666667,3.4482758620690106,42.33576642335766,-0.18048244844625927,0.03244465646100893,-0.21292710490726818,21.312181899027447,25.344799761596903,46.677420986995486,,29.98641312818705,28.264999999999997,26.543586871812945,18000.0,26951.9,1.4444444444444444,27.009615384615383
2026-03-06,2722,24.35,24.35,24.15,24.2,25229.0,611030.0,24.86,25.145,25.127499999999998,26.801666666666666,27.589583333333334,29.050833333333337,20.930232558139522,38.38383838383836,-0.43489125594787836,-0.40719262060919637,-0.027698635338682,18.995163987427063,23.01088028847507,16.159256216606394,,26.057398126848316,25.127499999999998,24.19760187315168,51207.2,67786.65,0.4926846224749645,24.21935074715605
2026-03-06,2723,68.0,69.3,67.2,69.3,256886.0,17695738.0,70.46,72.91,74.29999999999998,69.89,72.87666666666668,83.21374999999999,19.51219512195118,28.244274809160316,-0.3124689329817443,0.7344216955451884,-1.0468906285269326,14.46368251370688,30.28291366467873,23.43498056460138,,79.33628936086158,74.29999999999998,69.26371063913838,457088.4,408520.65,0.5620050738544229,68.88556791728627
2026-03-06,2724,19.6,19.6,18.35,19.25,30000.0,566450.0,,,,,,,0.0,47.7272727272727,0.26667951230817266,0.20241180520373114,0.06426770710444152,5.5745275788480955,1.3495929746735247,87.50538938100753,,,,,,,,18.881666666666668
2026-03-06,2726,10.05,10.3,9.96,10.1,49000.0,492550.0,10.8,11.49,11.6575,11.685833333333333,11.692916666666667,11.696458333333334,0.0,27.77777777777777,-0.28460641262578257,-0.051890778647429976,-0.2327156339783526,8.323369491307728,33.973577625638654,54.605628364172574,,13.017172948291535,11.6575,10.297827051708467,112000.0,71276.4,0.4375,10.05204081632653
2026-03-06,2727,227.0,229.5,223.5,228.0,2223071.0,505754270.0,220.8,218.75,217.075,216.03333333333333,219.75833333333333,225.28333333333333,83.78378378378379,78.84615384615384,1.563953226950133,0.5870890501979477,0.9768641767521854,29.214042264457785,13.057505190466953,16.200047653420757,,224.2000115420043,217.075,209.9499884579957,812417.0,418207.95,2.736366915020242,227.50252690984678
2026-03-06,2729,166.0,166.5,165.0,165.5,25000.0,4133000.0,167.8,169.55,170.175,170.39166666666668,170.44583333333333,170.47291666666666,12.5,27.272727272727266,-0.8239896953693631,-0.20591831093612048,-0.6180713844332426,3.926641553799682,24.696062298811825,56.471303036547624,,173.7626249290553,170.175,166.58737507094472,42800.0,18072.15,0.5841121495327103,165.32
2026-03-06,2731,162.5,170.0,162.5,168.5,1024786.0,171265542.0,171.1,175.15,173.0,170.40833333333333,164.01666666666668,153.3625,34.78260869565217,49.52380952380953,0.5873632949154342,1.6942742299932103,-1.1069109350777762,22.75596689992444,29.187301262228054,13.388108260211604,,183.49812013247265,173.0,162.50187986752735,957860.6,1153647.65,1.069869665794793,167.12322572712742
2026-03-06,2732,62.5,64.5,62.3,64.5,33000.0,2093600.0,64.82000000000001,65.57000000000001,65.85499999999999,65.95166666666667,65.97583333333334,65.98791666666666,35.0877192982456,40.25974025974024,-0.3792529947827177,-0.09971775490636965,-0.27953523987634804,18.899636872707795,29.869513977187935,61.53146540969938,,67.71253090220095,65.85499999999999,63.99746909779902,37200.0,27188.7,0.8870967741935484,63.442424242424245
2026-03-06,2734,16.2,16.65,16.2,16.4,67000.0,1094550.0,16.85,17.43,17.6975,17.765833333333333,17.782916666666665,17.79145833333333,11.111111111111072,36.792452830188665,-0.29073716902974667,-0.08626002245526412,-0.20447714657448254,16.285013285754264,27.106502603973716,46.42008397484883,,19.084839369554473,17.6975,16.31016063044553,133200.0,187072.05,0.503003003003003,16.336567164179105
2026-03-06,2736,13.2,13.2,12.8,12.8,65000.0,837700.0,13.39,13.7,13.8375,13.845833333333333,13.847916666666666,13.848958333333334,7.692307692307665,37.03703703703703,-0.16627026497643982,-0.025684019804238203,-0.1405862451722016,13.67237433715966,21.44349622237735,46.07339069076338,,14.781107300121244,13.8375,12.893892699878757,115400.0,245570.1,0.5632582322357019,12.887692307692308
2026-03-06,2739,32.6,34.0,32.45,34.0,96728.0,3203478.0,33.489999999999995,33.720000000000006,33.9625,35.26916666666666,36.395833333333336,39.910000000000004,52.727272727272705,53.398058252427205,-0.46342100344472925,-0.4611570430225731,-0.0022639604221561527,29.873843038802434,31.107451119800356,12.021650699102901,,34.91498981207726,33.9625,33.01001018792274,111958.0,119975.8,0.8639668447096233,33.11841452319907
2026-03-06,2740,38.5,39.6,37.95,39.3,15000.0,581650.0,40.940000000000005,42.57000000000001,42.837500000000006,42.679166666666674,42.639583333333334,42.619791666666664,33.519553072625655,39.99999999999998,-0.635462917554591,-0.026614714666397542,-0.6088482028881934,4.425412868421912,13.340024409819081,40.95587531974746,,46.91876334929711,42.837500000000006,38.7562366507029,16000.0,27404.45,0.9375,38.776666666666664
2026-03-06,2743,71.1,72.8,70.6,71.2,102000.0,7265300.0,74.56,76.82000000000001,77.64500000000001,77.74833333333332,77.77416666666666,77.78708333333333,14.285714285714292,34.43396226415098,-1.1278946686162357,-0.1918603762148117,-0.936034292401424,13.28109451828027,31.708549073262525,39.62723688866357,,83.38552079060503,77.64500000000001,71.90447920939499,196200.0,194796.0,0.5198776758409785,71.22843137254903
2026-03-06,2745,102.0,102.5,99.2,100.5,146000.0,14693800.0,103.75999999999999,105.03,104.465,103.82166666666666,103.66083333333333,103.58041666666668,28.070175438596493,42.2680412371134,-0.19300091333907687,0.38004100599168816,-0.573041919330765,13.249064305558072,22.774683259460264,35.577175630242294,,108.97850021718469,104.465,99.95149978281532,243800.0,210553.0,0.5988515176374077,100.64246575342466
2026-03-06,2748,39.85,40.2,39.4,40.0,59245.0,2367424.0,40.67,40.68,40.77,42.549166666666665,44.43416666666667,48.61166666666667,22.727272727272876,48.780487804878064,-0.5072335156041277,-0.5445062393679994,0.037272723763871696,19.256303181952532,28.343321330330763,18.6549781778136,,41.92138360702736,40.77,39.61861639297265,94220.2,140915.75,0.6287929764530323,39.95989534981855
2026-03-06,2751,54.6,57.4,54.6,57.0,19000.0,1060800.0,56.279999999999994,57.02,58.3,59.166666666666664,59.38333333333333,59.49166666666667,52.83018867924525,34.146341463414615,-0.9210664290676789,-0.6366527022595769,-0.28441372680810195,14.92856701550911,30.672696858584725,77.49332811803582,,61.44291182454138,58.3,55.15708817545861,20400.0,33161.85,0.9313725490196079,55.83157894736842
2026-03-06,2752,208.0,208.0,206.5,208.0,10000.0,2074500.0,208.2,207.85,206.6,205.53333333333333,205.26666666666668,205.13333333333333,42.857142857142854,62.5,0.8429921397691089,0.7239201140499301,0.11907202571917885,18.301581688776047,16.312983102028003,48.7797933710564,,209.9654592241585,206.6,203.23454077584148,8600.0,9781.7,1.1627906976744187,207.45
2026-03-06,2753,183.0,186.5,183.0,185.5,212833.0,39517632.0,184.2,183.35,181.4,190.30833333333334,192.93333333333334,184.78958333333333,60.0,68.08510638297872,-1.065215108755325,-1.9700999409991877,0.9048848322438627,28.693645987408345,19.620029526593868,18.875223477906648,,187.34359451758033,181.4,175.45640548241968,221522.0,272039.2,0.9607759048762651,185.6743644077751
2026-03-06,2754,76.0,76.0,74.1,74.1,9000.0,672800.0,75.66,76.66,77.275,77.625,77.71249999999999,77.75625,8.695652173912862,22.388059701492523,-0.6771160912308005,-0.2518473279915096,-0.4252687632392909,15.019037172522804,20.631976740129183,48.56231111011448,,79.82213461302068,77.275,74.72786538697933,22400.0,19481.1,0.4017857142857143,74.75555555555556
2026-03-06,2755,135.0,144.0,135.0,141.5,276000.0,38470500.0,131.8,123.6,119.025,115.675,114.8375,114.41875,96.36363636363636,89.85507246376812,5.098626493786398,2.350777083563746,2.747849410222652,53.42054526893496,10.901521900806003,58.561195124131636,,136.0187294937063,119.025,102.03127050629372,241400.0,75325.85,1.1433305716652857,139.3858695652174
2026-03-06,2756,75.6,76.6,74.7,76.3,21000.0,1590800.0,78.34,79.10999999999999,77.985,76.99499999999999,76.7475,76.62375,22.98850574712644,49.253731343283576,0.37490661248780555,0.6668707229244435,-0.29196411043663795,11.35508726846523,18.215879082134983,32.783375279867016,,81.85296560154518,77.985,74.11703439845482,40200.0,32250.0,0.5223880597014925,75.75238095238095
2026-03-06,2762,77.9,78.3,77.9,78.1,44459.0,3473038.0,78.16,75.78999999999999,74.625,76.83,77.69749999999999,80.43166666666666,82.27848101265818,65.59999999999995,0.453273294867401,-0.2898837214468467,0.7431570163142477,35.36361095697637,13.700335096356925,28.362899391510105,,79.0933094648524,74.625,70.1566905351476,108918.2,68873.35,0.40818706148283757,78.11777142985672
2026-03-06,2801,20.55,20.8,20.55,20.75,12725122.0,263470090.0,21.16,20.99,20.6875,20.535833333333333,20.135,19.305833333333332,50.0,55.22388059701495,0.14624194145230973,0.13242772078004147,0.013814220672268257,28.137143799029523,26.712447538121864,18.390151029805146,,21.644950012436688,20.6875,19.730049987563312,32737733.0,22214748.15,0.38869893648408704,20.704720159068025
2026-03-06,2812,20.25,20.7,20.25,20.55,11800537.0,241890707.0,20.72,20.619999999999997,20.405,20.919166666666666,21.509166666666665,20.88729166666667,52.77777777777781,59.99999999999997,-0.04664777333078973,-0.10052683850093294,0.05387906517014321,26.20070607171255,25.111471018909608,20.192350108134992,,21.028993927096003,20.405,19.781006072904,13499796.2,13122073.5,0.8741270479327681,20.49827961219053
2026-03-06,2816,30.05,30.6,30.05,30.5,62041.0,1889808.0,30.610000000000003,29.754999999999995,29.214999999999996,29.084999999999997,27.790416666666665,27.951458333333335,73.2394366197183,68.00000000000001,0.42610050516181985,0.20288679276286511,0.22321371239895474,33.434035049793295,20.406859777853036,26.035281823049843,,31.11599696835201,29.214999999999996,27.31400303164798,163157.0,140058.2,0.3802533755830274,30.460630873132285
2026-03-06,2820,16.85,17.0,16.85,16.95,613444.0,10386950.0,17.11,17.0,16.657500000000002,16.685,16.590833333333332,15.867083333333333,36.3636363636363,64.0,0.13399303323031475,0.0838617882250579,0.050131245005256855,29.83653482303275,22.003416437315273,29.217565448207317,,17.537855789320133,16.657500000000002,15.777144210679872,1243998.2,1523000.3,0.49312290001705794,16.932189409302236
2026-03-06,2832,49.3,49.7,49.2,49.7,97438.0,4821121.0,49.650000000000006,49.155,49.075,50.292500000000004,42.39333333333333,37.06937500000001,69.04761904761914,59.210526315789515,-0.0658180406817479,-0.20310624272041,0.1372882020386621,25.47875368017815,20.455391031858376,18.346322135319358,,50.19162084221472,49.075,47.95837915778529,180118.0,181331.75,0.5409675879145893,49.47885835095138
2026-03-06,2834,15.35,15.55,15.35,15.45,18559734.0,286727524.0,15.870000000000001,15.780000000000001,15.627500000000001,15.770833333333334,15.592916666666667,15.283624999999999,39.999999999999936,50.98039215686273,-0.005332169520690044,-0.009345788218047773,0.004013618697357729,23.010373136755447,29.15722354167022,22.539336371981957,,16.25868518427022,15.627500000000001,14.996314815729784,32236365.6,23254167.45,0.5757390343035445,15.44890266207479
2026-03-06,2836,12.45,12.55,12.4,12.5,712198.0,8884440.0,12.63,12.475,12.267500000000002,12.2225,12.061666666666666,11.878875,54.54545454545453,63.888888888888886,0.11027364939805828,0.0659656687227549,0.04430798067530338,31.872517832440316,21.608132214580852,23.95961740657194,,12.822169175938956,12.267500000000002,11.712830824061047,2573872.4,1954937.8,0.27670291658591933,12.474676985894373
2026-03-06,2838,19.5,19.8,19.5,19.75,1093576.0,21524260.0,19.94,19.675,19.134999999999998,19.227500000000003,18.613333333333333,17.631416666666667,56.52173913043481,65.21739130434787,0.22544301810888712,0.1217703595793471,0.10367265852954001,27.179286624148126,17.91788173729742,28.494426610835152,,20.463671675416073,19.134999999999998,17.806328324583923,2631516.8,2398040.0,0.4155686940702792,19.68245462592449
2026-03-06,2845,12.35,12.5,12.3,12.45,8106966.0,100657793.0,12.649999999999999,12.595,12.552499999999998,12.655833333333334,12.77625,12.925041666666667,42.85714285714283,48.484848484848456,-0.02506446574287402,-0.02678651481883866,0.0017220490759646406,18.59855988882833,28.873428505470418,21.55063145516877,,12.891965524177847,12.552499999999998,12.21303447582215,11009511.4,9142061.2,0.7363601985098085,12.416210084019102
2026-03-06,2849,13.3,13.4,13.25,13.3,109280.0,1453255.0,13.709999999999999,13.52,13.4225,13.348333333333334,13.282083333333334,13.464791666666665,44.00000000000006,47.72727272727274,0.0647432261380505,0.0478701287938164,0.016873097344234103,21.509900073517386,23.36962155200161,20.893685678259025,,13.931859763252955,13.4225,12.913140236747044,165413.0,128936.65,0.6606494048230792,13.298453513909225
2026-03-06,2850,117.5,118.0,117.0,117.5,121901.0,14305903.0,116.8,115.3,114.525,116.24166666666666,114.45416666666667,108.56833333333334,88.88888888888889,72.72727272727272,0.19847184428387266,-0.3791194859588264,0.577591330242699,22.76569255521098,13.821906361983089,19.213650318339422,,117.79326849377149,114.525,111.25673150622852,388849.4,304612.95,0.3134915471130983,117.35673210227972
2026-03-06,2851,27.15,27.35,27.15,27.2,426559.0,11617415.0,27.49,27.419999999999998,27.127499999999998,26.455833333333334,25.22041666666667,25.16125,36.84210526315793,62.49999999999994,0.2834798371296934,0.2991290490438474,-0.015649211914154026,26.298495136326476,24.649357139533443,24.51826290233945,,27.863402596529816,27.127499999999998,26.39159740347018,908157.2,1016788.3,0.4696973167200569,27.2351890359833
2026-03-06,2852,26.65,27.0,26.65,26.95,148242.0,3992240.0,27.2,27.229999999999997,27.247499999999995,27.545833333333334,26.95375,27.048541666666665,30.76923076923073,44.8275862068965,-0.13218280718071895,-0.12073237031033875,-0.011450436870380207,13.998774205398002,29.524642540373495,30.69791097429382,,27.612372003513656,27.247499999999995,26.882627996486335,338457.8,340585.3,0.43799256509969636,26.93055949056273
2026-03-06,2855,30.15,30.4,29.85,30.05,3862113.0,116475311.0,30.860000000000003,30.040000000000003,29.610000000000003,26.160833333333336,24.279999999999998,23.645416666666666,55.555555555555564,53.9877300613497,1.2257592684387113,1.2488579033545741,-0.023098634915862837,41.118959660144796,19.34682152769737,46.55633708572585,,31.530142538568725,29.610000000000003,27.68985746143128,10151339.0,7997134.35,0.38045355395972885,30.15844202383514
2026-03-06,2867,8.0,8.09,7.98,8.06,6537150.0,52474791.0,8.15,8.080000000000002,7.994,,,,54.54545454545466,64.55696202531658,0.10248358140685632,0.1067001197345562,-0.004216538327699887,26.526720519927675,21.271210525858653,18.486001965269537,,8.245931486091381,7.994,7.742068513908619,17183224.2,16670465.65,0.38043791572014757,8.027166425735986
2026-03-06,2880,34.8,35.4,34.75,35.2,8728780.0,307003666.0,36.55,35.60000000000001,34.410000000000004,31.765833333333333,30.417916666666667,28.885416666666668,54.687500000000014,62.2093023255814,1.1774140023422177,1.1042146463404365,0.07319935600178118,33.190033509640834,20.956004519335867,36.165296217935044,,37.6537145698297,34.410000000000004,31.166285430170305,22929911.4,15826272.95,0.3806722079179076,35.17142899695032
2026-03-06,2881,89.8,90.0,88.6,88.8,36379825.0,3241578957.0,92.12,93.22,92.775,93.61833333333334,90.90833333333333,87.81583333333333,7.894736842105345,42.953020134228176,-0.6771278270040426,-0.3127091396800203,-0.36441868732402233,17.116261382835994,36.203792908340546,18.03491058917445,,96.1696552417776,92.775,89.3803447582224,27090041.0,20519680.05,1.3429224784119005,89.10375344026531
2026-03-06,2882,73.0,73.5,72.6,73.0,21881884.0,1596210765.0,76.47999999999999,77.16,76.5,71.51666666666667,68.0875,65.32583333333334,22.115384615384613,42.94117647058822,0.7821397013934046,1.396240848799042,-0.6141011474056375,22.104450382044035,30.567070040224564,25.255508790996537,,80.18781778291704,76.5,72.81218221708296,34393165.0,25594100.95,0.6362276923336366,72.94667886001041
2026-03-06,2883,20.2,20.5,20.05,20.4,37437907.0,761873779.0,20.93,20.05,19.104999999999997,17.34416666666667,16.415,16.422208333333334,62.92134831460674,69.74789915966387,0.9299827482445266,0.7859590350399657,0.14402371320456098,43.626870485754935,18.83696931808062,42.91877993781929,,21.63937420906606,19.104999999999997,16.570625790933935,87689758.6,66914387.05,0.42693591130492636,20.35033045517208
2026-03-06,2884,33.9,34.0,33.65,34.0,22070698.0,747088687.0,34.55,34.325,33.934999999999995,,,,46.8085106382979,57.69230769230772,0.41813636600893744,0.4554311082640832,-0.03729474225514573,25.03746476969228,22.950707789915015,19.526112509447056,,35.03910716489787,33.934999999999995,32.83089283510212,43677697.2,35726410.65,0.5053081873556282,33.84979881469992
2026-03-06,2885,44.55,46.2,44.55,45.9,13989721.0,640017351.0,47.019999999999996,45.73,44.075,39.582499999999996,36.69375,34.745416666666664,56.57142857142857,61.176470588235304,1.8573379866565531,1.7658456739090371,0.09149231274751601,33.37646919443365,17.098027110755417,48.909071271598705,,48.43045634807632,44.075,39.719543651923686,30635331.2,25794318.5,0.45665316652427773,45.749114725018465
2026-03-06,2886,39.2,39.5,38.95,39.3,13971381.0,548941626.0,40.03,40.05499999999999,39.667500000000004,40.11000000000001,40.77125,40.252916666666664,35.29411764705888,56.578947368421034,-0.05308825206211054,-0.06521191883194075,0.012123666769830205,17.36088716778111,27.512325568067457,18.002898716146287,,40.88633248708721,39.667500000000004,38.4486675129128,21120108.6,22062933.05,0.6615203200233544,39.290434209760654
2026-03-06,2887,24.4,24.5,24.25,24.4,47838412.0,1166019505.0,24.940000000000005,24.509999999999998,23.65,20.9125,19.28708333333333,18.020208333333336,57.1428571428571,67.70833333333331,1.042502212707447,1.0457965391117432,-0.003294326404296166,35.09130397467662,15.009155356789842,42.46414921971871,,25.7398249737845,23.65,21.560175026215497,107691588.6,80975577.6,0.4442167918767242,24.374126486472836
2026-03-06,2889,16.1,16.15,15.75,15.85,7222387.0,114832028.0,16.619999999999997,16.81,16.677500000000002,16.445833333333333,15.8875,14.768333333333333,18.60465116279076,37.3134328358209,0.02543399211562658,0.11741811649507711,-0.09198412437945053,23.750709883081576,34.70631222760708,18.402693961028895,,17.49473217083805,16.677500000000002,15.860267829161957,5300305.8,5165444.25,1.3626359067810767,15.899456509323025
2026-03-06,2890,31.05,31.85,31.05,31.65,13137250.0,415485707.0,32.4,31.555,30.2875,28.505000000000003,26.884999999999998,24.968708333333336,57.53424657534242,74.79674796747963,1.039242858890841,0.8771428590554776,0.16209999983536327,33.46578559685237,18.08015553853871,37.12066729077539,,33.46155186837883,30.2875,27.113448131621176,32389558.2,27455732.5,0.40560139532869577,31.626535766617824
2026-03-06,2891,50.9,51.8,50.9,51.4,30432406.0,1565531589.0,53.279999999999994,52.779999999999994,51.955,47.733333333333334,45.11958333333333,42.84041666666667,45.23809523809521,52.38095238095237,1.1425502799579448,1.3595601140452571,-0.21700983408731234,31.87315639620619,19.27830084140172,46.06412808669408,,54.6868588235101,51.955,49.2231411764899,54300844.2,37710718.15,0.5604407527793094,51.44291217066439
2026-03-06,2892,28.8,29.4,28.7,29.4,22214889.0,648545357.0,29.589999999999996,29.470000000000006,29.235000000000003,28.786666666666665,28.94333333333333,28.225416666666668,48.64864864864863,59.09090909090906,0.15355998592788822,0.15711921369625215,-0.003559227768363926,22.35330323599138,21.395460754003384,16.013955107817015,,29.976335920732517,29.235000000000003,28.49366407926749,32977414.6,22982960.05,0.6736394975002072,29.194174996778063
2026-03-06,2897,9.74,9.86,9.74,9.83,3117252.0,30565582.0,9.790000000000001,9.648,9.399000000000001,9.208666666666668,9.13125,9.308041666666668,65.85365853658539,85.71428571428567,0.18168335321804463,0.12815947275545247,0.053523880462592155,37.34089625711307,5.477651641459438,40.280798017922066,,9.988697513895664,9.399000000000001,8.809302486104338,5372844.8,4859979.0,0.5801864963603639,9.805297101421381
2026-03-06,2901,24.0,24.0,23.55,23.7,10970.0,259385.0,23.89,24.11,24.3825,,,,19.230769230769056,33.3333333333333,-0.2627574094582066,-0.18491470056274933,-0.07784270889545725,18.13648718939115,23.34705667333968,17.510471267912756,,25.13662898519769,24.3825,23.628371014802312,45695.6,37662.65,0.24006687733611115,23.644940747493163
2026-03-06,2903,22.4,22.75,22.3,22.6,1645340.0,37083162.0,22.68,22.92,22.607499999999998,22.78416666666667,22.22125,22.38,33.33333333333346,57.97101449275363,0.04495724517319033,0.06244257658366266,-0.01748533141047233,22.128925195914118,23.76189921703738,15.48852862469258,,23.611845820081754,22.607499999999998,21.603154179918242,2512273.8,2942695.95,0.6549206539510145,22.53829725163188
2026-03-06,2904,17.2,17.6,17.2,17.5,14580.0,253804.0,17.32,17.18,17.1375,17.123333333333335,17.252916666666668,17.635625,90.90909090909079,73.6842105263156,0.06298503750197426,0.010303499139339114,0.052681538362635144,30.565979849788032,12.126350465905936,28.68839839259776,,17.436401497592563,17.1375,16.838598502407436,57105.0,45701.0,0.2553191489361702,17.407681755829906
2026-03-06,2905,15.7,15.75,15.55,15.65,754918.0,11804952.0,16.04,15.790000000000001,15.5975,,,,51.428571428571445,62.26415094339623,0.058409472175201316,0.005007132076479307,0.05340234009872201,27.558118242647733,24.8967527991713,13.141656180755731,,16.344053484529276,15.5975,14.850946515470724,1110275.0,948191.95,0.679937853234559,15.637396379474326
2026-03-06,2906,12.55,12.75,12.5,12.75,140434.0,1771253.0,12.620000000000001,12.51,12.507499999999999,12.935833333333333,13.689583333333333,14.782291666666667,69.23076923076927,55.88235294117645,-0.06298929633397776,-0.11460420659201072,0.051614910258032956,23.3635513729203,22.212996374940666,25.351825655375055,,12.753039148986693,12.507499999999999,12.261960851013304,165602.0,146124.2,0.8480211591647444,12.612707748835753
2026-03-06,2908,20.2,20.25,20.1,20.15,51054.0,1029586.0,20.509999999999998,20.56,20.41,20.375833333333333,20.22041666666667,20.189583333333335,0.0,47.05882352941173,0.03546714759179537,0.0557049960681653,-0.020237848476369932,19.217398080958468,21.12425458789354,32.72517325752404,,20.910105252079834,20.41,19.909894747920166,71448.4,104915.4,0.7145576387994693,20.166607905355114
2026-03-06,2910,22.95,22.95,21.8,22.3,8000.0,177650.0,22.759999999999998,22.035,21.5175,,,,66.03773584905665,66.21621621621618,0.43681032980624934,0.2875168759130067,0.14929345389324267,41.17929624465605,15.826423041051102,33.94140136328538,,23.12120459282628,21.5175,19.913795407173716,25448.6,12622.8,0.31435913959903494,22.20625
2026-03-06,2911,5.18,5.18,5.15,5.15,49391.0,254666.0,5.118,5.122999999999999,5.1339999999999995,4.805833333333334,,,51.28205128205136,52.32558139534884,0.07440437057036142,0.09596450804704776,-0.021560137476686336,33.55077723209606,27.020706126036053,21.99379012841663,,5.275926593331031,5.1339999999999995,4.992073406668968,41123.4,44112.7,1.2010436880219049,5.156121560608208
2026-03-06,2912,219.0,220.5,217.5,218.5,1511666.0,330878353.0,221.0,221.8,217.5,226.38333333333333,238.0125,248.80208333333334,15.384615384615387,59.25925925925926,-0.4827667450771571,-1.1970903619381241,0.714323616860967,20.386362423426537,21.744491102388455,16.429167089939995,,227.38353228993108,217.5,207.61646771006892,2581196.8,2930455.75,0.5856453874419805,218.8832407423333
2026-03-06,2913,12.4,12.75,12.3,12.7,1842645.0,23246015.0,12.91,12.915000000000001,13.017500000000002,13.49,13.947083333333333,15.322083333333333,39.99999999999997,42.553191489361666,-0.17566788193120964,-0.17014033445095947,-0.005527547480250167,18.81856303048505,27.575477179593044,10.398002892505035,,13.530771242542409,13.017500000000002,12.504228757457595,2018199.4,1642917.95,0.9130143433795491,12.615568924019549
2026-03-06,2915,51.6,52.5,51.5,52.3,1070546.0,55711206.0,52.88000000000001,52.510000000000005,51.75,53.58166666666667,53.373333333333335,55.281875,50.90909090909086,60.22727272727273,-0.1902301329452598,-0.3850756749980808,0.194845542052821,24.313410396666715,21.625962571430797,19.400969457646532,,53.916248272693444,51.75,49.583751727306556,2127967.2,1991931.6,0.5030838821199876,52.039992676634164
2026-03-06,2916,46.7,47.1,46.7,47.0,17000.0,797550.0,46.870000000000005,46.445,46.622499999999995,46.74083333333333,46.77041666666666,46.78520833333334,70.37037037037042,52.50000000000003,0.001660419167002658,-0.0716556717755306,0.07331609094253326,26.41211548618455,19.34488869233798,51.042943479729644,,47.55296394766008,46.622499999999995,45.69203605233991,30600.0,38982.35,0.5555555555555556,46.91470588235294
2026-03-06,2923,22.1,22.5,20.85,21.3,121518.0,2607348.0,24.880000000000003,23.244999999999997,21.6575,20.81,21.22125,22.160833333333333,44.16666666666668,53.60230547550432,1.0281121382073977,0.798045827522959,0.2300663106844386,40.986185164337904,33.274406412239934,22.8339947409085,,26.955689859704147,21.6575,16.35931014029585,164748.4,111359.25,0.7375974516292723,21.45647558386412
2026-03-06,2924,,,,,,,,,,,,,18.918918918918862,39.6825396825397,-0.05927000568062368,-0.017401290304288962,-0.04186871537633472,1.4937701473125125,15.360724275249085,75.6320146203914,,,,,,,,
2026-03-06,2926,36.95,37.2,36.9,37.2,12000.0,445800.0,37.52,37.805,37.8425,37.81416666666666,37.80708333333333,37.80354166666667,33.333333333333556,39.285714285714384,-0.10215032278650682,-0.006136492211469128,-0.09601383057503769,7.487945685529432,30.30890092424111,67.31220339839008,,38.58324997557597,37.8425,37.101750024424035,32600.0,15801.0,0.36809815950920244,37.15
2026-03-06,2929,7.23,7.29,7.14,7.29,179808.0,1301564.0,7.401999999999999,7.535000000000001,7.6845,7.929833333333333,8.521083333333333,10.125958333333333,20.754716981132134,27.00000000000007,-0.15947371032234248,-0.11932519700195597,-0.040148513320386506,19.20964190506633,31.500086996690513,15.347967679106395,,8.118888862897956,7.6845,7.250111137102043,338477.4,279032.5,0.5312260139081664,7.238632318917957
2026-03-06,2937,,,,,,,,,,,,,24.999999999999844,45.45454545454549,-0.007034358293950049,0.008476979396196673,-0.015511337690146723,0.6115491405121118,31.146636971057262,77.20538402044016,,,,,,,,
2026-03-06,2939,21.6,21.7,21.05,21.7,32013.0,688825.0,23.169999999999998,23.580000000000002,22.497500000000002,,,,21.126760563380273,54.78723404255317,-0.07577911090535139,-0.0769627612438376,0.0011836503384862057,22.792738140037184,36.30701669885801,25.896537936795244,,25.560088344590607,22.497500000000002,19.434911655409397,18623.6,50246.7,1.7189480014605125,21.51703995251929
2026-03-06,2941,37.8,39.7,37.8,39.7,6000.0,230750.0,,,,,,,23.529411764705884,40.298507462686594,0.027509120508135254,0.27485790200575394,-0.24734878149761869,4.469290429174361,17.100502695435956,57.28472866249481,,,,,,,,38.458333333333336
2026-03-06,2945,41.3,41.3,40.65,40.75,36506.0,1495105.0,41.94,42.03,41.904999999999994,,,,32.83582089552242,39.99999999999996,0.6684200642239873,0.8945920640620924,-0.2261719998381051,37.118810450409555,31.764277681639147,26.0483935771383,,44.114048378112685,41.904999999999994,39.6959516218873,30843.2,75299.85,1.183599626497899,40.95504848518052
2026-03-06,2947,78.5,80.0,78.5,78.8,7000.0,556900.0,79.84,,,,,,25.80645161290319,15.38461538461533,-0.3810651485475063,-0.19956394470024447,-0.18150120384726182,15.094249983523,17.248603527003212,38.69611851094515,,,,,22000.0,,0.3181818181818182,79.55714285714286
2026-03-06,2948,39.5,39.95,39.5,39.8,18000.0,715900.0,39.510000000000005,39.290000000000006,39.15,39.05,39.025,39.0125,48.529411764705856,53.773584905660364,0.15974911759645494,0.08752218420723283,0.0722269333892221,34.12152919648058,9.980513409783446,55.103378027723416,,40.289251832055626,39.15,38.01074816794437,11800.0,8800.0,1.5254237288135593,39.772222222222226
2026-03-06,2949,64.4,66.4,64.4,66.4,3000.0,195300.0,65.26,,,,,,65.07936507936516,74.71264367816102,0.0694767533968701,-0.08455026621161177,0.15402701960848186,34.24688116571183,1.4815600859900882e-11,50.689815555532526,,,,,9800.0,,0.30612244897959184,65.1
2026-03-06,3002,21.45,22.15,21.25,21.6,451703.0,9842425.0,21.93,21.655,21.807499999999997,24.698333333333334,21.52583333333333,17.611041666666665,51.724137931034505,50.96153846153848,-0.7627166773608067,-0.9222980243618104,0.15958134700100368,21.201915847389756,22.839866510695366,14.61986503036223,,23.12270460685565,21.807499999999997,20.492295393144346,544724.4,496707.45,0.8292321768586096,21.789594047416113
2026-03-06,3003,49.5,51.2,49.45,51.2,256853.0,12986604.0,50.720000000000006,49.46,48.9375,48.22833333333333,49.855,53.942708333333336,70.58823529411765,66.81818181818181,0.6203377879278307,0.3007216322069335,0.3196161557208972,31.88363951058103,18.15231277787734,16.286118004531954,,51.8670005861429,48.9375,46.0079994138571,430145.8,315962.3,0.5971300893789966,50.560452866036215
2026-03-06,3004,108.0,111.0,107.5,109.0,168640.0,18455885.0,111.5,111.5,112.075,105.97,117.21416666666667,115.47333333333333,36.0,51.42857142857143,1.1253521188304632,1.697953283088694,-0.5726011642582309,26.263117300800126,24.360328091725815,17.449832149475974,,118.35173230439798,112.075,105.79826769560202,403620.4,432432.3,0.4178183263284016,109.43954577798861
2026-03-06,3005,123.5,124.5,121.5,123.0,7806709.0,961129353.0,119.0,115.0,114.125,120.18333333333334,132.8375,123.74958333333333,93.10344827586206,75.60975609756098,0.34383997102023045,-1.4495537229750868,1.7933936939953172,35.063272871960734,17.117510027288212,32.62911933897796,,122.85411040261684,114.125,105.39588959738316,6751055.0,4178624.75,1.1563687453294338,123.11581653677625
2026-03-06,3006,146.5,156.5,144.5,146.5,16590661.0,2479696380.0,157.6,157.4,162.775,113.40833333333333,91.59583333333333,73.45854166666666,43.80165289256198,28.82096069868996,9.948132634390475,14.561558657121537,-4.613426022731062,26.200132097694386,13.170680576022312,41.448699099755004,,189.02175418529364,162.775,136.52824581470637,18616545.0,33903517.7,0.891178304030098,149.46338666072438
2026-03-06,3008,2325.0,2380.0,2325.0,2380.0,628356.0,1475304295.0,2429.0,2375.0,2387.0,2252.5833333333335,2294.7916666666665,2345.5625,60.97560975609756,47.82608695652174,31.44555556359728,34.78176183973107,-3.3362062761337867,26.58241310609279,21.786469050074118,25.13171134906459,,2515.120009530538,2387.0,2258.879990469462,992841.4,742198.4,0.6328865818850825,2347.879697178033
2026-03-06,3010,122.0,123.5,120.5,123.0,520022.0,63435018.0,125.0,122.8,122.15,113.09,104.6275,102.93875,53.57142857142858,48.148148148148145,2.67994514285094,2.807571008719181,-0.1276258658682412,30.667341212330264,23.896742439262646,28.510719296155987,,128.63966790164903,122.15,115.66033209835099,1782385.6,1947146.5,0.2917561721773336,121.98525831599433
2026-03-06,3011,12.35,13.2,12.2,12.95,1071912.0,13670694.0,12.889999999999997,12.940000000000001,13.4,13.5075,14.329166666666667,14.381833333333335,50.0,43.67816091954022,-0.3132630655483961,-0.24658217746615377,-0.06668088808224235,28.161519858206503,25.617109412426544,12.975932934509743,,14.792838827719041,13.4,12.00716117228096,722509.2,1106019.15,1.4835963334446123,12.753559993730828
2026-03-06,3013,101.0,102.0,99.5,101.0,1290244.0,129744488.0,107.6,108.0,111.275,123.26666666666667,124.275,120.22250000000001,31.42857142857143,33.783783783783775,-5.008856544786141,-4.673050198904778,-0.3358063458813634,20.350664225088504,38.83387804027932,18.853461593280908,,121.45483041943075,111.275,101.09516958056926,1900424.0,2081937.15,0.6789242821601916,100.55810218842328
2026-03-06,3014,118.0,121.0,117.5,120.5,514229.0,61573934.0,121.2,120.3,120.1,119.425,125.90833333333333,130.771875,55.55555555555556,50.98039215686275,0.6153441283917829,0.45579500937593886,0.159549119015844,28.446188379947262,26.154123705562316,12.760189663995082,,123.9333714719671,120.1,116.26662852803288,699848.0,937343.25,0.7347724077228198,119.74029858292707
2026-03-06,3015,52.5,53.7,52.5,53.4,134301.0,7133907.0,54.58,53.989999999999995,53.475,54.17666666666667,54.91083333333333,56.373749999999994,41.30434782608691,58.03571428571427,0.15894316737583836,-0.010423359489773782,0.16936652686561213,23.175931977734486,21.68600758848953,15.712946359059488,,56.8152647231995,53.475,50.134735276800505,306133.2,445930.9,0.43870119281410835,53.118792860812654
2026-03-06,3016,56.6,57.1,55.2,57.1,1274074.0,71617039.0,59.540000000000006,58.23,61.17999999999999,54.7725,51.60208333333333,43.53916666666667,55.55555555555556,38.46153846153846,0.5121566150701042,1.0612683692566847,-0.5491117541865804,26.759413861044262,24.12032443896296,16.783453239170083,,71.1676976958232,61.17999999999999,51.192302304176785,2750821.6,4459367.0,0.4631612606211904,56.21105132040996
2026-03-06,3017,1810.0,1885.0,1785.0,1845.0,4244526.0,7816020460.0,1749.0,1668.5,1585.0,1471.5,1282.7916666666667,952.5620833333334,79.26829268292683,75.83892617449663,87.74412455905622,63.17842061673039,24.565703942325825,39.18978350205406,16.512863971437632,21.700035148798165,,1864.981202376552,1585.0,1305.018797623448,5843655.2,6508692.8,0.7263477831477805,1841.4354064505671
2026-03-06,3018,13.1,13.1,13.1,13.1,6869.0,90686.0,13.180000000000001,12.870000000000001,,,,,45.454545454544814,76.78571428571408,0.35669407308867207,0.23551861557262224,0.12117545751604983,36.205930957222606,25.97362477476541,19.749443796539563,,,,,33450.2,26101.5,0.20535004275011812,13.202212840296987
2026-03-06,3019,133.5,135.0,132.5,133.5,3432727.0,457400258.0,145.0,146.45,150.625,142.54166666666666,150.2875,147.23541666666668,19.148936170212764,28.873239436619713,-0.6377382865933612,1.4870715966722245,-2.124809883265586,19.308329625889925,24.820929531112572,28.695508307900788,,165.0977511660976,150.625,136.1522488339024,5374653.0,15307548.85,0.6386881162374576,133.24690777915052
2026-03-06,3021,16.6,16.85,16.4,16.65,81000.0,1345200.0,17.07,17.145,17.565,17.493333333333332,17.86916666666667,18.781458333333333,32.142857142857125,34.52380952380949,-0.21857885333468374,-0.11760756290426783,-0.10097129043041592,19.906540368610948,31.328018660746565,14.47323342285501,,18.67812741030795,17.565,16.45187258969205,100935.0,131691.1,0.8024966562639322,16.607407407407408
2026-03-06,3022,58.3,59.2,58.0,58.9,240855.0,14108605.0,59.739999999999995,60.36999999999999,62.71,65.15666666666667,66.80333333333334,73.67625,25.000000000000043,22.580645161290363,-1.6903301968794366,-1.3765630871972534,-0.31376710968218324,11.986042384451382,30.2811160951848,23.018046446176847,,67.96192696465685,62.71,57.45807303534315,536720.6,616444.65,0.4487530383592506,58.577172987897285
2026-03-06,3023,234.0,237.5,228.0,228.0,1120141.0,259908581.0,237.6,237.0,231.05,217.39166666666668,223.09166666666667,229.08875,40.74074074074074,44.08602150537634,6.400673314522692,7.005478691234433,-0.6048053767117416,23.031533993989566,19.245903667984994,31.232421801376447,,255.07170071545866,231.05,207.02829928454136,1522271.4,3143500.95,0.7358352787814315,232.0320218615335
2026-03-06,3024,10.3,10.55,10.2,10.5,699573.0,7269346.0,10.49,10.415000000000001,10.552499999999998,10.784833333333333,11.773666666666667,13.437666666666667,57.14285714285713,48.88888888888887,-0.13428611819455583,-0.14850881560744075,0.014222697412884927,18.5112070744568,20.650672187062302,17.752076446393026,,11.192791874234784,10.552499999999998,9.912208125765213,722233.0,767496.8,0.9686250835949064,10.391118582335224
2026-03-06,3025,57.4,58.4,56.7,57.6,427663.0,24656848.0,57.38000000000001,56.980000000000004,63.94500000000001,57.3875,52.172916666666666,53.883125,74.64788732394368,28.78228782287823,-1.7232766908357107,-0.59057795952847,-1.1326987313072405,26.791361148234067,31.34509469109795,21.596362365503577,,79.43645435053566,63.94500000000001,48.45354564946437,934082.6,1742534.3,0.4578428074776257,57.65485440639008
2026-03-06,3026,107.5,110.5,107.0,109.5,864949.0,94137573.0,114.1,110.25,107.85,105.27166666666668,99.73666666666666,91.66624999999999,60.0,57.142857142857146,2.312434419486081,1.7830732830411697,0.5293611364449113,31.38009171778153,26.844690241928305,22.387279554042763,,117.91348270781623,107.85,97.78651729218376,2542511.8,1797258.45,0.3401946846421716,108.83598108096547
2026-03-06,3027,22.75,22.9,22.25,22.75,219018.0,4959626.0,23.29,23.235000000000003,24.1925,23.65083333333333,24.898333333333333,28.09104166666667,42.222222222222165,33.018867924528266,-0.26416286843124936,-0.1043330419564462,-0.15982982647480315,18.173640845042883,28.739488280141973,14.86160880918245,,26.603500010914864,24.1925,21.781499989085134,399928.8,468944.5,0.5476424803615043,22.64483284478901
2026-03-06,3028,53.2,55.3,52.6,54.4,5306484.0,288088145.0,53.23,49.36,47.3625,40.58666666666667,36.348333333333336,34.23166666666667,76.3265306122449,60.023866348448685,3.5746705938049104,2.9463348050815585,0.6283357887233518,42.41090612462391,21.056127726332193,28.63939281000693,,58.00708720862916,47.3625,36.717912791370836,12337686.6,11961130.55,0.430103646821439,54.28983579334263
2026-03-06,3029,117.0,121.0,117.0,120.5,1381138.0,165437015.0,118.9,115.2,113.85,113.38333333333334,116.725,118.55749999999999,76.0,68.75,1.6678483030680695,0.6190210777794225,1.048827225288647,29.825882263353982,12.140756029366779,23.11168865004852,,121.30583487506243,113.85,106.39416512493756,2494024.4,1481001.1,0.5537788643928263,119.78311725548062
2026-03-06,3030,246.0,264.0,240.5,245.0,12266735.0,3107912931.0,233.2,210.05,196.85,175.76666666666668,176.92916666666667,150.22375,94.11764705882354,84.94623655913979,15.453564971031938,8.99906439496373,6.454500576068208,50.30736201285679,7.7589293238692125,38.68337874862824,,244.0741017857798,196.85,149.6258982142202,9304315.8,5120103.6,1.3183919445210575,253.3610558147706
2026-03-06,3031,19.2,19.85,19.15,19.8,289683.0,5683477.0,19.96,19.95,20.1175,19.765833333333333,19.958333333333332,19.660000000000004,45.00000000000003,45.78313253012051,-0.020840984671970375,0.037174219218362725,-0.0580152038903331,24.595745793805936,25.643154336989454,15.188102107673757,,20.998453430873955,20.1175,19.236546569126045,362892.0,488480.25,0.7982622929135941,19.619642850978483
2026-03-06,3032,67.4,68.0,66.5,67.7,347546.0,23460353.0,70.47999999999999,71.78,72.6,79.64166666666667,89.72333333333333,,26.190476190476176,37.623762376237636,-2.212045292428087,-1.9186718513866405,-0.29337344104144636,18.23683020076726,35.10166373334078,21.010819774702615,,77.08482822530789,72.6,68.1151717746921,705910.0,717916.95,0.4923375501126206,67.50287156232557
2026-03-06,3033,30.1,30.25,29.85,30.2,952263.0,28638914.0,31.160000000000004,31.0,30.845,30.465833333333332,29.817500000000003,31.604583333333334,17.073170731707236,44.99999999999999,0.12558440378874636,0.17882304997592569,-0.05323864618717933,22.802439302050033,25.3301400207483,21.99693983786534,,32.080824889657315,30.845,29.609175110342683,2515155.4,3706545.05,0.378610005568642,30.074584437282557
2026-03-06,3034,376.5,379.0,372.5,375.0,2282618.0,856610991.0,382.8,378.1,379.4,382.5,403.4458333333333,456.95,50.0,50.0,-0.5187372609042882,-1.2799110729449281,0.7611738120406399,20.89098035128084,26.019990472443723,15.47609454280192,,400.7605637615207,379.4,358.03943623847925,3812730.2,4080435.15,0.5986833267142794,375.2756663620457
2026-03-06,3035,159.0,160.0,157.5,158.5,1417287.0,224369241.0,163.7,163.3,166.075,168.0,164.20416666666668,179.91041666666666,38.70967741935485,41.747572815533985,-1.7500288082690645,-1.338476409282107,-0.4115523989869574,22.427104784659623,25.21977070769705,12.50380044746573,,178.725254834133,166.075,153.42474516586697,2905335.2,3682013.1,0.48782219690175505,158.3089670617172
2026-03-06,3036,208.0,215.5,204.0,215.5,12492656.0,2628167085.0,195.2,180.75,168.15,152.39166666666668,142.20833333333334,,100.0,88.88888888888889,13.840948880658544,8.568233403593233,5.2727154770653115,46.42796410116615,7.879161190321268,36.83781831370746,,206.81060146018234,168.15,129.48939853981767,16911417.2,11577443.1,0.7387113600390629,210.37696747593145
2026-03-06,3037,442.5,450.5,430.5,432.0,13951006.0,6170695813.0,458.1,412.4,387.2,261.28333333333336,205.17083333333332,158.8647916666667,69.44444444444444,59.53654188948306,50.469706486164625,46.98537352780358,3.484332958361044,41.520511084972036,18.941374622375704,46.259166507114735,,480.59807278525625,387.2,293.8019272147437,55772902.0,62999561.65,0.25013950323043976,442.3118886910378
2026-03-06,3038,22.1,22.7,22.05,22.7,174557.0,3918358.0,22.82,22.919999999999998,23.3675,22.178333333333335,21.852916666666665,22.89475,48.57142857142854,41.57303370786516,-0.01903202628577816,0.14286829541099638,-0.16190032169677454,19.993326996573522,31.237157926626573,19.73234907345374,,24.507802360641588,23.3675,22.227197639358412,273999.6,363527.45,0.6370702730952893,22.447441236959847
2026-03-06,3040,39.65,39.95,39.45,39.75,75808.0,3006927.0,39.87,41.17,45.42,53.122499999999995,58.44291666666666,55.33625,24.21052631578945,22.401847575057715,-3.9608461769586825,-3.4978602746750984,-0.46298590228358405,18.41019256068207,38.13770129856857,30.525545257610784,,55.59992865242283,45.42,35.24007134757717,396518.8,661758.25,0.19118387324888506,39.665035352469395
2026-03-06,3041,22.9,23.75,22.8,23.45,497716.0,11626295.0,24.279999999999998,24.675,25.685000000000002,25.640833333333333,27.04625,27.456666666666663,32.25806451612901,29.75206611570249,-0.4914304864580288,-0.25032799917215065,-0.24110248728587813,24.371425359462705,34.74090079760248,15.441434737620629,,28.64759132659618,25.685000000000002,22.722408673403823,771558.6,1524515.45,0.6450786758128287,23.35929526075111
2026-03-06,3042,89.4,92.4,89.1,92.1,1405642.0,127345382.0,91.72,89.97,88.7,85.30333333333333,87.15666666666667,89.3875,70.4081632653061,66.66666666666661,1.7603981946527938,1.3621050121981781,0.39829318245461565,31.54755772297426,17.828430520372237,23.135231121614122,,93.25377229396152,88.7,84.14622770603849,2036728.8,1632239.4,0.6901468668779074,90.59588572339187
2026-03-06,3043,21.45,22.1,21.45,21.7,61930.0,1351899.0,21.910000000000004,21.869999999999997,22.442500000000003,22.015833333333333,22.990833333333335,24.98933333333333,57.14285714285714,45.901639344262286,-0.12720273715981278,-0.04244956070472539,-0.0847531764550874,29.298763810306006,22.98068321339134,17.50252186544561,,24.198175008892154,22.442500000000003,20.68682499110785,81388.4,152600.05,0.7609192464773851,21.82946875504602
2026-03-06,3044,377.0,380.0,364.5,378.0,2238260.0,835908063.0,382.9,382.5,385.175,335.5416666666667,324.8208333333333,268.20125,38.63636363636364,51.186440677966104,11.608730297618706,15.681564556446762,-4.072834258828056,27.60471472367176,23.104613003323443,31.934943156832627,,411.3007586140137,385.175,359.0492413859863,2824653.6,5326349.25,0.792401588640816,373.46334340067733
2026-03-06,3045,107.5,108.5,107.0,108.0,6728820.0,725892122.0,107.9,106.95,106.375,107.09166666666667,107.625,110.25625,66.66666666666666,64.70588235294119,0.2524868523961459,-0.05215258390183317,0.30463943629797907,18.575727492014313,15.222702054472197,16.18579737703181,,108.90638198161304,106.375,103.84361801838696,10866152.2,7211779.25,0.6192458817206702,107.87807104365996
2026-03-06,3046,46.9,47.0,46.3,46.65,314649.0,14648812.0,48.28,48.985,50.9425,50.2,47.974583333333335,47.34437500000001,23.37662337662333,24.30939226519338,-0.9892597280894222,-0.4589778897073249,-0.5302818383820973,14.418287826402516,32.82189214135096,21.052940677677572,,55.50046295682526,50.9425,46.384537043174745,253427.0,329743.0,1.241576469752631,46.55604181166951
2026-03-06,3047,16.3,16.7,16.2,16.55,1045077.0,17177056.0,17.35,17.47,18.0375,18.145,18.7575,20.334333333333337,31.111111111111185,33.333333333333385,-0.3559926324046785,-0.217314138938132,-0.13867849346654648,20.99222162357764,31.300126013977813,13.175801421481292,,19.748416959440767,18.0375,16.326583040559235,1460299.4,1482778.8,0.7156594051877307,16.436163076979017
2026-03-06,3048,35.6,38.9,35.4,37.65,4530576.0,172203631.0,38.57,38.394999999999996,38.84,39.03333333333333,37.8375,32.266041666666666,46.951219512195124,44.24242424242425,-0.42920465133617824,-0.30855606474082253,-0.12064858659535571,31.314194461053603,26.0645356914287,17.44332284805872,,41.84378708335124,38.84,35.83621291664877,2374059.8,2973946.15,1.9083664194136982,38.009213618753996
2026-03-06,3049,13.75,14.8,12.75,14.7,54390537.0,769533805.0,11.908000000000001,10.602,9.995999999999999,7.994833333333333,7.257416666666668,7.176125,98.92280071813285,81.51162790697673,1.209197486910485,0.7626000508432086,0.4465974360672763,57.69526916899335,9.839680019527364,41.94238985168505,,13.093512754317267,9.995999999999999,6.89848724568273,29933985.2,16841728.95,1.8170162321053063,14.148303132215812
2026-03-06,3050,12.95,13.25,12.8,13.25,472045.0,6178691.0,13.41,13.290000000000001,13.615,12.867500000000001,12.791666666666666,13.515833333333331,58.823529411764724,46.31578947368422,-0.011644457975471312,0.06412898626852347,-0.07577344424399478,26.8193652988648,24.75199686744121,17.750616601023655,,14.623959860450686,13.615,12.606040139549314,789954.0,1011152.05,0.5975601110950765,13.089199122964972
2026-03-06,3051,21.25,22.0,20.85,21.65,496098.0,10739273.0,22.4,22.464999999999996,23.95,20.657500000000002,21.482083333333332,24.95895833333333,43.42105263157894,29.374999999999986,0.19598821900672192,0.6256999299377467,-0.4297117109310248,26.15807197905447,27.661023315708437,21.146741016903473,,27.519755999328183,23.95,20.380244000671816,641564.0,1381021.3,0.7732634624137265,21.6474829569964
2026-03-06,3052,11.4,11.5,11.35,11.45,232644.0,2659795.0,11.530000000000001,11.535,11.53,11.540833333333333,11.544166666666666,11.890333333333333,20.000000000000142,50.0,-0.0312418947736397,-0.021176581785393667,-0.010065312988246033,20.32366247567296,25.044894019171966,12.458361286732341,,11.731049875979878,11.53,11.328950124020121,330534.8,455973.15,0.703841168917766,11.432897474252506
2026-03-06,3054,45.0,45.0,43.3,45.0,925631.0,41615753.0,39.4,35.235,33.1075,27.833333333333332,,,94.92063492063491,90.30470914127424,3.2559080757169525,2.029417914615008,1.2264901611019443,53.41284221770156,6.649000139414063,45.043397080635195,,41.96670722365035,33.1075,24.24829277634965,499631.0,165993.15,1.8526292403794,44.95933368696597
2026-03-06,3055,63.1,64.2,62.6,63.3,117349.0,7427949.0,66.52000000000001,66.22999999999999,67.85,67.975,63.001666666666665,61.65666666666666,45.185185185185205,44.89795918367347,-1.5768796155678757,-1.1974620223454786,-0.3794175932223971,18.13667750219304,19.885637725844525,11.01642573907191,,74.19267086361941,67.85,61.507329136380584,405238.2,677474.95,0.2895803011660796,63.297931810241245
2026-03-06,3056,16.8,16.95,16.7,16.95,830520.0,14000815.0,17.0,16.990000000000002,17.0025,17.979166666666668,19.400416666666665,27.123125,24.999999999999787,52.77777777777773,-0.2368334479975367,-0.2907995687404873,0.053966120742950596,21.755440890744385,28.37217065991256,16.787022140804027,,17.45842589424484,17.0025,16.546574105755163,1034448.4,1303110.05,0.8028626657453383,16.8578902374416
2026-03-06,3057,15.75,15.75,15.3,15.6,95308.0,1479884.0,16.270000000000003,16.18,16.835,16.398333333333333,13.598583333333332,12.094666666666665,43.93939393939393,29.50819672131145,-0.40594418400946,-0.23268316210896695,-0.17326102190049303,23.34263674666118,24.267933149763383,15.301504337207563,,18.87695468788321,16.835,14.793045312116792,159781.6,313097.7,0.5964892077686041,15.52738489948378
2026-03-06,3058,9.75,9.95,9.64,9.94,381552.0,3753301.0,10.078,9.959,10.126000000000001,10.374500000000001,10.978833333333334,11.210875,55.97484276729558,45.57823129251702,-0.12675466056472828,-0.13837779343617893,0.011623132871450642,22.86243974490612,19.930295183009306,13.569422128063131,,10.825756348572872,10.126000000000001,9.42624365142713,979928.0,1169707.4,0.3893673820933783,9.836931794355683
2026-03-06,3059,37.85,38.2,37.25,38.1,1012613.0,38303025.0,39.25,38.785000000000004,39.5125,41.32749999999999,46.083333333333336,42.213541666666664,47.00000000000003,45.00000000000001,-0.7250233867003644,-0.7966782459911292,0.07165485929076487,24.341814975591944,30.445104229824317,11.065645774234458,,43.005180315956395,39.5125,36.01981968404361,2082369.2,3418545.75,0.4862792822713667,37.825926587946235
2026-03-06,3060,30.8,31.15,30.1,30.4,1404536.0,42862483.0,32.519999999999996,31.494999999999997,32.0575,30.419166666666666,26.266250000000003,24.696458333333336,50.70422535211265,37.43718592964824,0.09370414515780467,0.24700521520881008,-0.1533010700510054,27.014002379299185,24.183659575954223,22.42246590610999,,35.77209071911402,32.0575,28.342909280885976,3841501.6,7572075.35,0.36562161004957017,30.517183610815245
2026-03-06,3062,25.0,25.45,24.7,25.25,2302878.0,57843334.0,26.15,25.485000000000003,25.78,24.769166666666667,24.839583333333334,25.26625,48.64864864864863,46.408839779005525,0.29634576998303075,0.31618824527993683,-0.01984247529690608,26.057503742093925,18.623309567178808,18.86862863866684,,27.725953967108993,25.78,23.83404603289101,4476376.8,4470492.8,0.5144513303705801,25.117845582788146
2026-03-06,3064,42.3,42.3,42.3,42.3,9000.0,380700.0,46.260000000000005,46.915000000000006,47.135,47.678333333333335,47.814166666666665,47.882083333333334,8.917197452229317,31.353135313531354,-0.5265822457374227,-0.211441212017521,-0.31514103371990176,6.717814704101882,38.79709861720399,61.97338384192193,,50.4624140425451,47.135,43.8075859574549,7000.0,3400.05,1.2857142857142858,42.3
2026-03-06,3066,16.5,16.55,15.55,15.6,1816000.0,29161450.0,15.11,15.11,14.9375,14.745833333333335,14.697916666666666,14.673958333333333,63.15789473684212,59.79381443298969,0.14653110283327386,0.1060084251715857,0.04052267766168817,34.00988006694735,8.521939512444018,62.04493886167965,,15.756918921200294,14.9375,14.118081078799706,540600.0,236676.8,3.3592304846466887,16.05806718061674
2026-03-06,3067,17.8,17.8,17.8,17.8,1000.0,17800.0,,,,,,,100.0,100.0,-0.15576551994190524,-0.1353138258508913,-0.02045169409101394,4.78146796731776,1.1352072220823392e-11,30.22408536959452,,,,,,,,17.8
2026-03-06,3071,24.15,24.5,23.9,24.4,175000.0,4242750.0,24.02,23.494999999999997,23.442500000000003,23.31416666666667,23.282083333333333,23.266041666666663,62.727272727272734,57.14285714285714,0.1999772061042755,0.08259714006912436,0.11738006603515114,16.46523286544964,14.496383818671543,39.41896043373264,,24.722826849716615,23.442500000000003,22.16217315028339,527800.0,236080.75,0.33156498673740054,24.244285714285713
2026-03-06,3073,30.85,30.9,29.9,30.15,85000.0,2571050.0,30.830000000000002,30.734999999999996,30.43,30.17666666666667,30.113333333333333,30.081666666666667,42.49999999999997,50.48076923076922,0.1430109719057917,0.19182794419424687,-0.04881697228845516,16.039501726706387,15.183804483519332,53.853657314146325,,32.023209273596436,30.43,28.836790726403564,197800.0,224472.4,0.42972699696663297,30.247647058823528
2026-03-06,3078,60.0,61.1,59.3,60.8,1983000.0,119433500.0,60.52,61.02,61.754999999999995,62.184999999999995,62.2925,62.346250000000005,47.27272727272726,44.99999999999999,-0.5170082049191649,-0.3165248425177082,-0.2004833624014567,12.873304931961258,13.680034115653367,25.428517475416996,,64.06787016951938,61.754999999999995,59.4421298304806,2834400.0,1229153.55,0.699618966977138,60.22869389813414
2026-03-06,3081,1490.0,1525.0,1295.0,1365.0,8916000.0,12654590000.0,1317.0,1197.0,1144.5,1111.5,1103.25,1099.125,92.42424242424242,70.45454545454545,61.14371975292488,26.346931549630035,34.796788203294845,29.481628038737245,6.022631125275716,60.33607569475879,,1370.9578501503906,1144.5,918.0421498496092,3629000.0,1461241.1,2.456875172223753,1419.3124719605205
2026-03-06,3083,29.5,29.8,29.3,29.4,49000.0,1444050.0,29.830000000000002,30.74,31.827499999999997,32.5425,32.72125,32.810624999999995,20.370370370370296,15.0,-0.8554448731187385,-0.5216181315193529,-0.33382674159938563,2.3805644922421645,25.483261158641756,72.84746090458655,,34.54033013998684,31.827499999999997,29.11466986001315,199600.0,158193.05,0.24549098196392785,29.470408163265308
2026-03-06,3085,12.3,12.5,12.25,12.5,38000.0,469250.0,12.64,,,,,,23.809523809523796,38.46153846153844,-0.13850152784614167,-0.05647503996230513,-0.08202648788383654,20.339430026857652,36.48426507992957,72.75163010785951,,,,,19400.0,,1.958762886597938,12.348684210526315
2026-03-06,3086,235.0,249.5,231.5,236.0,177000.0,42328000.0,233.1,230.9,228.7,226.9,226.45,226.225,59.78260869565217,55.74712643678161,2.0880420248115854,1.1888977811871373,0.8991442436244481,29.801083825926707,6.8027226523931725,62.41136570432502,,240.10360053944186,228.7,217.29639946055812,181200.0,163866.45,0.9768211920529801,239.14124293785312
2026-03-06,3088,77.1,79.7,77.1,79.2,248000.0,19530000.0,80.46000000000001,80.82000000000001,81.55,82.05,82.175,82.23749999999998,42.63565891472871,41.798941798941804,-0.6795308648608369,-0.3090113059059413,-0.37051955895489563,7.602537693996057,18.2058679914652,34.35252495604469,,84.74044626477567,81.55,78.35955373522432,427600.0,270169.7,0.5799812909260992,78.75
2026-03-06,3090,91.7,94.4,91.6,92.6,1390714.0,129017072.0,96.62,94.99,94.78999999999999,91.83,83.64583333333333,,49.09090909090905,50.17793594306049,0.4532776200815647,0.5508063539766772,-0.09752873389511252,28.239931339136387,26.41116009902913,15.426610653342172,,102.53811352252232,94.78999999999999,87.04188647747766,4219946.8,3545967.8,0.3295572351765193,92.7703841336177
2026-03-06,3092,36.0,37.2,34.05,34.05,2817204.0,98838790.0,33.190000000000005,28.45,26.860000000000003,19.879166666666666,18.095000000000002,19.907708333333336,79.6195652173913,69.63123644251627,3.500496533941366,2.4990397815773853,1.0014567523639806,56.74166475058544,14.812903480875015,47.11531863524896,,35.61398255231963,26.860000000000003,18.10601744768038,3022537.2,1482055.25,0.932065947773943,35.08400172653454
2026-03-06,3093,28.0,29.4,28.0,28.4,322000.0,9206800.0,27.74,26.925,26.385,26.02833333333334,25.93916666666667,25.894583333333333,65.9722222222222,65.6441717791411,0.5416014774696798,0.26295319010644763,0.27864828736323216,31.127362491074916,1.1411170545579894,46.77586206316203,,28.521179570610755,26.385,24.248820429389248,555000.0,219534.75,0.5801801801801801,28.592546583850933
2026-03-06,3094,23.5,23.9,23.45,23.8,166313.0,3929518.0,24.770000000000003,24.765,25.330000000000002,24.5,25.026666666666667,25.390416666666667,38.095238095238116,36.363636363636374,-0.1018033516046728,0.07385225365693367,-0.17565560526160645,20.062804179955595,29.34697694650516,13.247409552844093,,27.54582822818958,25.330000000000002,23.114171771810422,265903.6,542059.0,0.6254635138448671,23.627245013919538
2026-03-06,3095,33.6,33.6,32.0,32.25,25000.0,816700.0,32.0,31.615,30.922500000000003,30.407500000000002,30.27875,30.214375,66.66666666666666,73.33333333333334,0.4961591395226712,0.3531605824139052,0.14299855710876602,44.98897480590983,8.08379351918838,60.89346718791867,,32.57157470067948,30.922500000000003,29.273425299320532,11400.0,14392.9,2.192982456140351,32.668
2026-03-06,3105,311.0,315.5,282.5,300.0,7799000.0,2341011000.0,303.5,272.1,255.225,242.74166666666667,239.62083333333334,238.06041666666667,70.76923076923077,64.26966292134831,17.033933106473114,9.577881651794879,7.456051454678235,32.44503296833655,18.314694070187848,62.98150753153975,,318.1831941491838,255.225,192.2668058508162,26597600.0,23955448.75,0.29322194483712816,300.16809847416334
2026-03-06,3114,26.2,26.2,25.3,25.7,34000.0,867800.0,25.910000000000004,25.764999999999997,25.5975,25.4325,25.391250000000003,25.370625000000004,51.11111111111112,55.22388059701489,0.11982414495114924,0.11020213320983349,0.009622011741315745,19.13337042464708,15.599795743022504,26.80136419271323,,26.21178178001888,25.5975,24.98321821998112,46200.0,52011.3,0.7359307359307359,25.523529411764706
2026-03-06,3115,10.05,10.05,10.0,10.0,11000.0,110200.0,10.05,10.095,10.379999999999999,10.593333333333334,10.646666666666667,10.67333333333333,50.0,25.0,-0.18188698142825466,-0.1436461661557218,-0.03824081527253287,7.2997062050275225,8.248873429684444,36.15767746662566,,10.999337506831637,10.379999999999999,9.760662493168361,11400.0,18862.3,0.9649122807017544,10.018181818181818
2026-03-06,3118,33.6,33.7,33.25,33.3,13000.0,434500.0,33.26,33.055,33.019999999999996,33.00666666666667,33.00333333333334,33.00166666666667,66.66666666666649,57.89473684210517,0.07329552555122376,0.016809984463706868,0.0564855410875169,9.606457543940172,9.290592144413106,43.48646515650125,,33.417889167323864,33.019999999999996,32.62211083267613,40400.0,18319.1,0.3217821782178218,33.42307692307692
2026-03-06,3122,26.9,26.9,25.6,26.2,60000.0,1561400.0,26.35,25.885,25.240000000000002,24.613333333333333,24.456666666666667,24.37833333333333,57.5221238938053,58.260869565217384,0.5051122568987161,0.40773184135933366,0.09738041553938243,18.004359815524083,1.3446846212233377,67.57181732326627,,27.307441846696943,25.240000000000002,23.17255815330306,237800.0,260147.65,0.2523128679562658,26.023333333333333
2026-03-06,3128,24.95,25.7,24.95,25.35,148000.0,3749100.0,26.130000000000003,26.169999999999998,26.214999999999996,26.171666666666667,26.160833333333333,26.155416666666664,41.86046511627907,43.4426229508197,-0.08702542473212205,0.02569669195221748,-0.11272211668433953,8.059827252886626,22.67526785780728,33.66486626914278,,27.253774581696682,26.214999999999996,25.17622541830331,216600.0,217354.0,0.6832871652816251,25.331756756756757
2026-03-06,3130,225.0,226.0,224.0,225.0,22482.0,5061446.0,225.1,224.35,223.175,224.38333333333333,225.14166666666668,225.10416666666666,83.33333333333334,76.92307692307693,0.361159803368281,0.02296977692270246,0.33819002644557855,20.015674849836014,12.439701008867049,19.396938284919994,,225.97114396135734,223.175,220.37885603864268,40355.4,27453.75,0.5571001650336758,225.1332621652878
2026-03-06,3131,1815.0,1880.0,1800.0,1840.0,1288000.0,2369585000.0,1711.0,1627.0,1627.0,1632.3333333333333,1633.6666666666667,1634.3333333333333,100.0,72.04301075268816,23.942285640356204,-1.7827106517063984,25.724996292062603,34.07751340155286,7.855298194469452,30.001988727823214,,1777.3119563126177,1627.0,1476.6880436873823,862600.0,786289.15,1.493160213308602,1839.7399068322982
2026-03-06,3138,182.5,190.0,178.5,180.5,5870951.0,1079222262.0,191.6,179.8,180.125,124.08333333333333,109.39166666666667,100.81625000000001,62.62626262626262,50.652741514360315,15.776192963510454,17.21589772200252,-1.4397047584920664,37.71781635273573,19.68794158960617,38.83040365780152,,207.05155703360697,180.125,153.19844296639303,7941572.0,5567427.9,0.7392681197123189,183.8240963005823
2026-03-06,3141,45.8,46.4,45.0,45.7,315000.0,14417050.0,47.42999999999999,46.14,45.67,45.29,45.19500000000001,45.1475,52.75862068965519,51.694915254237294,0.4550131773430266,0.331573578608031,0.1234395987349956,19.370742334453567,19.477013939987454,46.66880885803779,,49.26932742255228,45.67,42.07067257744772,798600.0,492475.75,0.3944402704733283,45.768412698412696
2026-03-06,3147,189.0,192.5,184.0,187.0,852000.0,160471500.0,179.2,174.0,170.275,167.75833333333333,167.12916666666666,166.81458333333333,68.47826086956522,62.27544910179641,4.079471122752551,1.8272636542846228,2.2522074684679283,33.319362808788505,6.121504372454507,47.690779301869156,,187.51471852255258,170.275,153.03528147744743,1227400.0,656023.65,0.6941502362717941,188.3468309859155
2026-03-06,3149,50.8,51.9,49.8,51.8,3980407.0,202799617.0,52.2,51.6,53.07000000000001,41.30333333333333,39.86708333333333,35.888958333333335,72.41379310344824,48.52941176470588,2.5894495973505727,3.237203749350128,-0.6477541519995551,28.109181068151372,20.636258511082374,32.83210188501757,,59.05914808105911,53.07000000000001,47.08085191894091,5476071.6,12072192.45,0.7268727092611427,50.9494674790794
2026-03-06,3150,16.75,16.95,16.75,16.95,5462.0,91887.0,17.19,17.375,17.907500000000002,18.686666666666667,20.180833333333332,22.970416666666665,44.1860465116279,31.14754098360652,-0.5457114939446619,-0.47568435348312654,-0.07002714046153535,19.663369113336536,25.692014159174338,14.437654966734913,,19.535955839454065,17.907500000000002,16.27904416054594,52616.2,64987.3,0.10380833279484265,16.82295862321494
2026-03-06,3152,147.5,151.0,145.0,147.5,566000.0,83695000.0,151.6,147.85,150.125,150.70833333333334,150.85416666666666,150.92708333333334,55.73770491803279,47.48201438848921,-0.5493470803228888,-0.43232039270845424,-0.11702668761443458,13.313175639506861,16.235095005924364,26.301067906769042,,160.68248674239234,150.125,139.56751325760766,639200.0,693856.75,0.8854818523153942,147.87102473498234
2026-03-06,3158,91.2,92.6,89.2,89.4,13000.0,1171800.0,89.54,89.37,89.16000000000001,88.98666666666668,88.94333333333334,88.92166666666667,30.769230769230944,55.81395348837212,0.15257891191933481,0.1300920790578947,0.022486832861440126,38.99456212347501,13.645568991709153,,,90.05065321977456,89.16000000000001,88.26934678022546,17400.0,12854.15,0.7471264367816092,90.13846153846154
2026-03-06,3162,56.1,57.8,55.5,55.8,666000.0,37581300.0,57.120000000000005,57.94000000000001,59.419999999999995,60.673333333333325,60.986666666666665,61.14333333333333,30.841121495327087,34.63687150837988,-1.1569432335369,-0.7655187252635177,-0.3914245082733824,13.371907004682553,19.67657111617415,51.20568174822667,,63.56353015015736,59.419999999999995,55.27646984984263,1321800.0,1461763.25,0.5038583749432592,56.428378378378376
2026-03-06,3163,765.0,775.0,650.0,718.0,1719000.0,1181894000.0,735.2,644.7,553.45,489.48333333333335,473.4916666666667,465.49583333333334,70.87378640776699,77.33473242392445,72.70906544369666,47.0836546644525,25.625410779244156,37.76331442240228,11.986373084992854,79.98352153749185,,792.9138528924674,553.45,313.9861471075327,1312400.0,1762961.35,1.3098140810728436,687.5474112856311
2026-03-06,3164,17.9,17.95,17.9,17.95,8746.0,157060.0,17.95,17.895000000000003,18.025,18.26833333333333,18.85458333333333,19.535000000000004,61.111111111111136,40.624999999999964,-0.10053600290373765,-0.11235034912828512,0.011814346224547467,16.449879266956437,22.540347747284336,22.125715152005732,,18.433463101470668,18.025,17.61653689852933,65524.2,88053.85,0.133477402242225,17.957923622227305
2026-03-06,3167,273.5,291.0,271.5,291.0,1083309.0,308031023.0,293.0,277.05,248.5,225.91666666666666,206.94583333333333,155.70041666666665,61.40350877192982,70.75208913649024,19.162222630553515,13.91579787665357,5.2464247538999444,30.555627114874568,14.272328285068575,33.93429941670909,,317.20378829668573,248.5,179.79621170331427,1639920.6,6188313.6,0.660586250334315,284.34271569792185
2026-03-06,3168,40.35,41.1,40.35,41.1,8015.0,327083.0,40.89,40.28,40.2375,,,,62.92134831460678,54.65838509316771,-0.29894510745705105,-0.6231161715718226,0.3241710641147716,25.26636965515303,18.82997360517639,22.778464925479554,,42.02101368164941,40.2375,38.45398631835059,21234.4,20878.85,0.3774535659119165,40.80885839051778
2026-03-06,3169,99.3,100.5,98.8,99.0,211000.0,21013600.0,97.2,96.3,96.585,96.92833333333333,97.01416666666665,97.05708333333332,68.64406779661017,56.12903225806452,0.10854367934496167,-0.20523830566904203,0.3137819850140037,15.454782172700456,10.126846605070018,25.275453627866806,,99.47037145287268,96.585,93.6996285471273,241400.0,143170.1,0.8740679370339686,99.59052132701422
2026-03-06,3171,53.0,53.0,51.7,52.0,52000.0,2710400.0,51.089999999999996,49.935,48.967499999999994,48.322500000000005,48.16125,48.08062499999999,98.14814814814825,98.78048780487812,0.8859738703031894,0.4758035169798117,0.4101703533233777,30.88438606598102,10.43413405008117,64.84864522294974,,51.8091590780369,48.967499999999994,46.12584092196309,55000.0,32516.6,0.9454545454545454,52.12307692307692
2026-03-06,3176,29.6,30.15,29.6,29.9,219000.0,6537400.0,30.119999999999997,30.934999999999995,31.514999999999997,31.904999999999998,32.002500000000005,32.05125,21.874999999999915,26.59574468085097,-0.5371627845560667,-0.28467619377167797,-0.25248659078438873,2.199341485916915,21.59365245978342,47.7493638840219,,33.3035895648749,31.514999999999997,29.726410435125093,280200.0,260882.95,0.7815845824411135,29.851141552511415
2026-03-06,3178,56.2,58.0,56.0,57.5,85000.0,4862400.0,57.52,56.32000000000001,56.55,56.38333333333333,56.34166666666666,56.320833333333326,64.0,52.88461538461539,0.2002125025848187,0.05470550579317479,0.14550699679164392,16.998204030190724,9.959461415188478,36.06567773008344,,59.565399074574934,56.55,53.53460092542506,126400.0,99410.7,0.6724683544303798,57.20470588235294
2026-03-06,3188,32.5,32.9,32.5,32.9,835000.0,27344150.0,31.910000000000004,30.959999999999997,29.910000000000004,29.103333333333335,28.901666666666664,28.800833333333333,100.0,92.85714285714283,0.8993516506095425,0.5487667810707683,0.3505848695387742,33.89698497895109,0.5145611974587931,67.65846465129874,,32.64757480070849,29.910000000000004,27.172425199291514,724000.0,355009.85,1.1533149171270718,32.74748502994012
2026-03-06,3189,295.0,304.0,291.5,291.5,20355106.0,6046868139.0,305.8,283.75,261.625,182.5,149.7125,118.78,65.29411764705881,60.821917808219176,33.220207183359776,32.05920807543428,1.1609991079254982,37.97859590942093,11.727650561099171,55.273003217541316,,326.9379107894393,261.625,196.3120892105607,36317856.4,45486046.6,0.5604710194294397,297.06886021620323
2026-03-06,3191,15.1,15.2,14.15,14.8,8000.0,115850.0,14.959999999999999,15.155000000000001,,,,,26.31578947368422,31.914893617021278,-0.17144195795533612,-0.11430164765215221,-0.05714031030318391,3.460645212135795e-12,27.242794050916487,65.24328909818885,,,,,23000.0,,0.34782608695652173,14.48125
2026-03-06,3205,51.4,52.3,51.1,51.2,129000.0,6646400.0,51.6,50.145,48.945,48.115,47.9075,47.80375,69.23076923076927,76.92307692307693,0.9989717681767658,0.6434922609395374,0.35547950723722843,15.597739344285944,5.999073948508383,62.47069957043751,,52.45182042221784,48.945,45.43817957778216,180600.0,138743.1,0.7142857142857143,51.52248062015504
2026-03-06,3206,35.25,37.25,34.2,37.25,436000.0,15855250.0,35.910000000000004,33.85,32.7825,32.060833333333335,31.880416666666665,31.790208333333336,69.12280701754386,69.20415224913495,1.0875388932188557,0.5510657995303118,0.5364730936885439,47.12594709165452,15.076689045334366,71.25459686629566,,37.02480262698778,32.7825,28.54019737301222,509800.0,142761.15,0.8552373479795998,36.36525229357798
2026-03-06,3207,80.1,84.0,80.0,81.3,700000.0,57068200.0,78.6,70.96,69.39000000000001,68.39666666666668,68.14833333333334,68.02416666666667,85.29411764705883,70.30303030303028,2.786508535714475,0.8792345398119441,1.9072739959025309,42.98784940345129,8.684561148246885,77.63847795675082,,82.35714877559523,69.39000000000001,56.42285122440479,1466400.0,663528.2,0.4773595199127114,81.526
2026-03-06,3209,35.1,35.6,35.0,35.35,536528.0,18954745.0,35.989999999999995,36.305,35.027499999999996,33.281666666666666,32.56916666666667,34.423750000000005,2.325581395349019,65.24822695035459,0.8918626408445789,0.9533071369417642,-0.061444496097185275,26.910388933161567,21.901329894314273,36.74212336011198,,38.12579749514483,35.027499999999996,31.92920250485516,997052.4,1538443.95,0.5381141452545523,35.32852898637164
2026-03-06,3211,321.0,321.0,315.0,321.0,9410000.0,3017722000.0,298.4,291.0,304.575,315.525,318.2625,319.63125,75.30864197530865,50.0,-5.389596461270173,-7.1718682893806065,1.7822718281104333,18.705901327879975,10.26178245044083,70.85368800639873,,339.84877884043914,304.575,269.30122115956084,7444200.0,5399566.6,1.2640713575669649,320.69309245483527
2026-03-06,3213,99.7,102.0,99.7,101.0,140000.0,14124000.0,100.41999999999999,98.73,99.24,99.54666666666667,99.62333333333335,99.66166666666668,69.36936936936934,53.2994923857868,0.08378507272121283,-0.1772911543285173,0.2610762270497301,19.941217532113782,9.686067808612679,43.23594117689142,,102.42112856504865,99.24,96.05887143495134,248200.0,236279.85,0.5640612409347301,100.88571428571429
2026-03-06,3217,155.5,158.0,154.0,157.5,1145000.0,178551000.0,154.9,154.35,155.625,156.54166666666666,156.77083333333334,156.88541666666666,59.45945945945946,50.909090909090914,-0.584174888488576,-0.6050601011167034,0.02088521262812737,16.66656085956455,18.29012566685176,21.13143598677602,,159.7656203450818,155.625,151.4843796549182,850200.0,526129.45,1.3467419430722183,155.93973799126638
2026-03-06,3218,133.0,133.5,131.0,133.0,261000.0,34449500.0,134.8,136.5,138.625,139.875,140.1875,140.34375,40.74074074074074,36.84210526315789,-1.7514661277443508,-0.939823123784617,-0.8116430039597339,1.8890319701501075,18.84808974542446,73.54327073345466,,144.9151342969514,138.625,132.3348657030486,221400.0,248480.6,1.1788617886178863,131.9904214559387
2026-03-06,3219,60.1,61.0,59.1,59.2,357000.0,21441400.0,64.02000000000001,64.64,62.355000000000004,60.785000000000004,60.392500000000005,60.19624999999999,11.764705882352985,48.518518518518526,0.8752536042411734,1.2225646883118442,-0.3473110840706708,20.629122146321365,25.09034103164281,47.6704724125443,,70.10354145867737,62.355000000000004,54.60645854132264,373800.0,531952.5,0.9550561797752809,60.05994397759104
2026-03-06,3221,32.55,33.45,30.3,30.5,5136000.0,162159600.0,30.52,28.855,29.090000000000003,28.96333333333333,28.931666666666665,28.91583333333333,67.85714285714286,54.41988950276244,0.3886643930979723,0.05406745326575105,0.3345969398322213,17.469990672371026,6.831810799218177,49.523300231640974,,32.74838618432831,29.090000000000003,25.4316138156717,7204800.0,5708811.2,0.7128580946035976,31.573130841121497
2026-03-06,3224,43.0,43.0,42.45,42.45,32000.0,1370950.0,43.089999999999996,43.58,,,,,26.00000000000003,28.048780487804876,-0.5044604916863236,-0.29322154411913914,-0.21123894756718442,5.999386675674385,25.23517707097513,55.70458864762493,,,,,43200.0,,0.7407407407407407,42.8421875
2026-03-06,3226,52.9,53.4,52.9,53.0,37000.0,1962400.0,53.14,,,,,,66.66666666666666,41.42857142857139,-0.4272006727535427,-0.4425221078160342,0.015321435062491506,7.594875779608405,19.337831121299505,48.43117351492368,,,,,19600.0,,1.8877551020408163,53.037837837837834
2026-03-06,3227,195.0,196.5,192.0,195.5,830000.0,161618000.0,198.3,193.95,193.15,192.38333333333333,192.19166666666666,192.09583333333333,55.84415584415584,52.79999999999999,1.2024897823326341,0.7408664997350778,0.46162328259755636,13.930904928748609,15.858275367074645,36.93300623295107,,202.68166468036657,193.15,183.61833531963345,1463400.0,1408359.7,0.5671723383900505,194.72048192771084
2026-03-06,3228,138.5,140.0,131.0,134.0,361000.0,48729500.0,132.4,128.65,130.775,132.59166666666667,133.04583333333332,133.27291666666667,65.38461538461539,50.588235294117645,-0.18002971911769805,-1.021851127742218,0.8418214086245199,10.9621667222602,5.4464188560978615,59.92076403428621,,140.14165417992547,130.775,121.40834582007453,451800.0,450232.35,0.7990261177512173,134.9847645429363
2026-03-06,3229,20.5,20.7,19.8,20.25,67028.0,1361212.0,21.14,21.29,22.005000000000003,20.757499999999997,17.7975,16.471666666666668,41.89189189189186,41.14285714285713,-0.5541351366798999,-0.2366790860002643,-0.31745605067963556,17.81453413104737,23.222572629675238,13.262453436328348,,23.916158370148995,22.005000000000003,20.09384162985101,125214.0,159540.8,0.535307553468462,20.308110043563882
2026-03-06,3230,42.9,44.6,41.25,43.15,726000.0,30999500.0,42.42,40.489999999999995,35.614999999999995,32.038333333333334,31.144166666666667,30.69708333333333,54.1044776119403,74.15730337078651,3.3449682485285237,2.505653441048748,0.8393148074797758,31.369782270893104,3.0305465323409315,72.5393842755185,,46.813500839515584,35.614999999999995,24.416499160484406,1031400.0,2615589.0,0.7038976148923793,42.69903581267218
2026-03-06,3231,127.5,131.0,127.0,130.5,22105964.0,2853558835.0,132.2,131.15,131.475,138.825,133.61666666666667,121.608125,47.22222222222223,50.0,-2.2221994345213716,-2.668892323971214,0.4466928894498423,22.486247808319195,29.945424626003263,16.59581221472529,,137.4703929681122,131.475,125.47960703188778,33939683.2,32437260.25,0.6513308880856024,129.0854737210284
2026-03-06,3232,23.3,23.3,22.8,22.85,40000.0,920300.0,23.119999999999997,22.82,22.729999999999997,22.676666666666666,22.663333333333334,22.656666666666663,44.00000000000006,53.846153846153896,0.1154020644091176,0.06065364232828675,0.05474842208083085,15.393087455889932,12.388352456669717,43.04842516184249,,23.400741930135773,22.729999999999997,22.05925806986422,78000.0,45700.4,0.5128205128205128,23.0075
2026-03-06,3234,90.9,91.2,78.0,84.0,3597000.0,302845300.0,89.56,81.24000000000001,69.02000000000001,59.74,57.42,56.26,57.66129032258064,69.34404283801875,8.985189268736178,6.53991129486807,2.445277973868108,31.52258156662337,13.090230042036222,64.81647816703206,,99.19636579562852,69.02000000000001,38.8436342043715,4995800.0,4745338.55,0.7200048040353897,84.1938559911037
2026-03-06,3236,29.5,30.25,29.35,30.1,1173000.0,34965500.0,30.830000000000002,29.610000000000003,29.3375,29.1125,29.05625,29.028125,57.28155339805825,53.273809523809526,0.35824265313100767,0.20969534304559884,0.14854731008540883,21.081286658860876,20.048231180363306,42.62379919144085,,31.97126356689734,29.3375,26.70373643310266,3371200.0,1982134.2,0.3479473184622686,29.808610400682014
2026-03-06,3252,20.5,20.5,19.85,20.15,50000.0,1002600.0,19.93,19.555,18.994999999999997,18.598333333333333,18.499166666666664,18.449583333333333,50.0,75.3623188405798,0.4257063724138348,0.29152067678522936,0.13418569562860544,23.046969272179744,1.800381991313954,62.27966460414471,,20.517428807427205,18.994999999999997,17.47257119257279,156800.0,95357.4,0.31887755102040816,20.052
2026-03-06,3257,57.8,58.6,57.1,58.0,287132.0,16679394.0,59.739999999999995,60.35,64.28,64.575,66.19916666666667,61.109375,31.481481481481495,23.8709677419355,-2.155550844621679,-1.4446237825556767,-0.7109270620660024,14.110193397979787,30.46615170707641,23.85337628697928,,73.51302995258095,64.28,55.04697004741906,366152.4,869130.65,0.7841871308231216,58.089638215176294
2026-03-06,3259,16.75,17.0,16.6,16.8,82000.0,1371750.0,16.9,17.495,18.314999999999998,18.904999999999998,19.0525,19.126250000000002,16.12903225806467,11.29032258064521,-0.6156968136095848,-0.41572392217117754,-0.1999728914384073,5.588940866821635e-12,17.94706234267896,73.87512123022165,,20.250839271274995,18.314999999999998,16.379160728725,162800.0,96576.55,0.5036855036855037,16.728658536585368
2026-03-06,3260,287.5,288.0,277.5,285.0,12255000.0,3479897500.0,287.4,293.9,305.275,310.09166666666664,311.29583333333335,311.8979166666667,43.38235294117648,39.92673992673993,-7.8745491754445425,-4.153705208133116,-3.720843967311427,6.163507553070221,10.427438331991992,63.429752502985245,,337.3398602547694,305.275,273.21013974523055,18415000.0,20038220.45,0.6654900896008689,283.9573643410853
2026-03-06,3264,144.5,147.0,140.0,141.5,6875000.0,982500500.0,147.1,149.45,151.625,153.54166666666666,154.02083333333334,154.26041666666666,31.66666666666667,40.151515151515156,-2.2416011262628786,-1.0866792392448124,-1.1549218870180662,9.89901133553555,20.387412727412084,57.219349694430406,,162.10744145928646,151.625,141.14255854071354,10728600.0,9686538.95,0.6408105437801763,142.90916363636364
2026-03-06,3265,132.0,139.0,132.0,137.5,1915000.0,259331000.0,139.0,137.15,136.75,136.25,136.125,136.0625,53.246753246753244,51.32743362831859,0.30338939895537465,0.4311626262180283,-0.12777322726265367,11.244809645886225,18.335783017744635,43.848655830181855,,144.348476301553,136.75,129.151523698447,2406600.0,1599069.65,0.7957284135294607,135.42088772845952
2026-03-06,3266,13.7,14.0,13.7,13.85,24007.0,331497.0,14.030000000000001,13.879999999999999,13.8275,13.770833333333334,13.848333333333334,14.811874999999999,24.999999999999886,48.83720930232557,0.042113408548171805,0.023376369221395455,0.01873703932677635,25.964334984963532,20.85843406856627,15.251755243386384,,14.26696738098289,13.8275,13.38803261901711,50115.2,60733.45,0.47903630036396144,13.808347565293456
2026-03-06,3268,15.7,15.7,15.4,15.55,21000.0,325950.0,15.75,15.87,16.119999999999997,16.273333333333333,16.31166666666667,16.330833333333334,42.307692307692356,30.95238095238095,-0.1784029358927235,-0.11354129553745161,-0.06486164035527188,15.56372834498872,28.88271750423247,57.26932679001325,,16.771637613207957,16.119999999999997,15.468362386792036,48800.0,50600.95,0.430327868852459,15.521428571428572
2026-03-06,3272,17.7,17.85,17.45,17.6,51000.0,892800.0,18.36,18.72,19.172500000000003,19.4575,19.528750000000002,19.564375000000002,20.408163265306214,20.588235294117695,-0.38955265878432854,-0.19537085962418685,-0.1941817991601417,4.937907965033541,41.760585718346626,66.40392298079618,,20.519025743885866,19.172500000000003,17.82597425611414,46000.0,32354.2,1.108695652173913,17.50588235294118
2026-03-06,3276,13.9,14.3,13.9,14.05,24000.0,337600.0,14.1,14.145,14.245,14.315,14.3325,14.341249999999999,48.00000000000004,43.18181818181821,-0.07625392955089971,-0.04946988823614412,-0.02678404131475559,15.62312464451744,16.496412477160362,41.680224022057686,,14.575708967300084,14.245,13.914291032699914,73800.0,90494.45,0.3252032520325203,14.066666666666666
2026-03-06,3284,19.5,19.7,19.25,19.5,136000.0,2643400.0,19.96,20.465,20.3425,20.2475,20.22375,20.211875000000003,19.444444444444358,44.354838709677416,-0.10121130143796009,0.04096193531869396,-0.14217323675665405,16.19919676834336,15.577540276749097,54.557421266761374,,21.47956686374706,20.3425,19.205433136252942,221400.0,310717.8,0.6142728093947606,19.436764705882354
2026-03-06,3285,28.5,28.5,28.05,28.25,8000.0,226150.0,29.119999999999997,29.385,29.505000000000003,29.468333333333337,29.459166666666665,29.454583333333336,20.754716981132006,39.090909090909086,-0.14323296642515615,0.007544709293313839,-0.15077767571846998,9.395798289061362,9.885325741058761,35.83893659946619,,30.541136548611444,29.505000000000003,28.46886345138856,19200.0,113871.7,0.4166666666666667,28.26875
2026-03-06,3287,29.2,29.9,29.2,29.55,50000.0,1474750.0,29.72,29.525,29.807499999999997,30.0025,30.05125,30.075625,53.731343283582085,45.21739130434782,-0.1337761684195513,-0.11820364753771691,-0.015572520881834404,11.647587830060667,16.65572280082467,32.09999494933841,,30.700322254957488,29.807499999999997,28.914677745042507,70800.0,68918.8,0.7062146892655368,29.495
2026-03-06,3288,15.9,15.9,15.0,15.65,13000.0,198350.0,15.559999999999999,,,,,,48.00000000000004,44.99999999999998,-0.10916911226275161,-0.0524347377043462,-0.05673437455840541,26.948747828517796,26.842386778033884,43.163909461069466,,,,,15000.0,,0.8666666666666667,15.257692307692308
2026-03-06,3289,133.5,137.0,133.0,133.5,3040000.0,409628000.0,131.5,128.9,129.025,128.00833333333333,127.75416666666666,127.62708333333333,72.72727272727272,56.666666666666664,0.8613353348390547,0.4542657548480962,0.40706957999095844,9.902596292242599,10.909121331683428,30.57037279483505,,136.14409958824626,129.025,121.90590041175373,3061600.0,2430240.65,0.9929448654298406,134.74605263157895
2026-03-06,3290,45.1,46.2,44.65,45.2,818000.0,37086950.0,47.32000000000001,47.83,48.77,49.45666666666666,49.62833333333333,49.71416666666666,36.70212765957447,31.451612903225836,-0.8135652124610075,-0.43825919318145223,-0.3753060192795553,13.514507259413861,18.121991905801494,45.249738359850085,,51.97499609984163,48.77,45.56500390015837,1441000.0,1254418.6,0.5676613462873005,45.33856968215159
2026-03-06,3293,679.0,683.0,673.0,675.0,717000.0,485611000.0,685.6,683.3,691.5,699.1666666666666,701.0833333333334,702.0416666666666,44.92753623188406,37.27272727272727,-5.41785911427985,-4.375437879908651,-1.042421234371199,12.841853458193306,18.137030203972166,58.763547573859405,,715.9991944013632,691.5,667.0008055986368,1453000.0,1747692.3,0.49346180316586374,677.281729428173
2026-03-06,3294,37.9,38.3,37.1,37.8,913000.0,34506700.0,38.08,36.995,36.885000000000005,36.72833333333334,36.689166666666665,36.66958333333333,60.40609137055836,54.121863799283155,0.30069252711953,0.12947277644375038,0.1712197506757796,15.469203733984738,11.851980792602163,52.33150553817983,,39.04932802261457,36.885000000000005,34.72067197738544,1219200.0,978525.55,0.7488517060367454,37.794852135815994
2026-03-06,3296,23.5,23.5,22.5,22.6,64818.0,1477692.0,23.3,23.565,24.1875,22.85666666666667,22.84375,22.662916666666664,29.310344827586235,30.35714285714286,-0.17930333151590716,0.08373381024440392,-0.26303714176031107,29.292113964698373,22.68405093932865,26.21418890910997,,25.895337968401883,24.1875,22.479662031598117,80281.6,93069.2,0.8073830117984693,22.79755623437934
2026-03-06,3297,36.3,37.5,36.3,37.35,117000.0,4325000.0,37.32,37.214999999999996,37.834999999999994,38.21166666666667,38.30583333333333,38.35291666666667,53.000000000000036,43.312101910828055,-0.3430306915600596,-0.2615898500128254,-0.08144084154723419,10.968996268197754,16.428564938633198,74.04621803988012,,39.33521051154409,37.834999999999994,36.3347894884559,138000.0,127306.0,0.8478260869565217,36.965811965811966
2026-03-06,3303,46.8,47.2,46.6,47.15,189000.0,8873750.0,47.33,46.385000000000005,45.614999999999995,44.97166666666667,44.81083333333333,44.73041666666667,61.616161616161584,64.04494382022472,0.658400015082421,0.46078367335584053,0.19761634172658044,20.65799937090063,12.450303333566314,52.857237753448516,,47.97878376426661,45.614999999999995,43.25121623573338,292400.0,180151.55,0.646374829001368,46.9510582010582
2026-03-06,3305,107.0,108.0,104.0,105.5,1838686.0,194444397.0,112.5,110.75,113.325,106.09,107.78583333333333,84.73625,43.13725490196078,44.61538461538461,0.6096459983993583,1.3547700620709315,-0.7451240636715732,26.147871490334317,30.356766708474215,13.636844402697667,,126.50103486397975,113.325,100.14896513602025,4514241.4,7321170.1,0.407307859079047,105.75182331295284
2026-03-06,3306,46.1,47.05,46.1,46.65,121000.0,5657650.0,47.440000000000005,47.105,47.0575,46.91916666666667,46.88458333333334,46.867291666666674,43.089430894308926,49.04761904761904,0.07280277896977339,0.11462195847040076,-0.04181917950062737,9.26927512622844,20.4433582331311,30.697725381657367,,48.660548083463105,47.0575,45.45445191653689,199000.0,193775.0,0.6080402010050251,46.75743801652892
2026-03-06,3308,24.35,26.45,24.0,25.2,2298445.0,59643197.0,24.830000000000002,23.714999999999996,23.315,18.15666666666667,17.25,18.01716666666667,72.51461988304092,57.272727272727266,1.648807340530368,1.649137528321674,-0.0003301877913060025,42.340265753392764,19.469371781452235,38.40125150753704,,26.301654526917602,23.315,20.3283454730824,1184222.2,617212.65,1.9408899782490145,25.949368812392727
2026-03-06,3310,75.8,77.0,75.6,77.0,7000.0,532200.0,74.8,73.4,72.75,72.45,72.375,72.3375,70.99236641221376,62.70270270270272,0.8105305327833747,0.23706436238789533,0.5734661703954794,22.125712980004298,12.949653665742725,45.97561002621366,,76.59735042115452,72.75,68.90264957884548,31000.0,33054.85,0.22580645161290322,76.02857142857142
2026-03-06,3311,32.4,32.75,32.0,32.25,207308.0,6725554.0,32.96,32.019999999999996,32.457499999999996,32.080000000000005,33.6625,,65.71428571428572,44.91017964071856,0.12653474787867935,0.03376708825081129,0.09276765962786807,31.490465630257034,22.80858957896038,18.230315873469088,,34.59766108591982,32.457499999999996,30.317338914080175,473829.8,299162.85,0.43751574932602383,32.44232735832674
2026-03-06,3312,34.0,34.3,33.6,34.3,388677.0,13219324.0,36.37,37.095,38.69500000000001,37.4875,39.960833333333326,44.47941666666667,19.626168224299036,17.85714285714279,-0.5816919449677656,-0.03668935415792183,-0.5450025908098437,15.034511036076767,38.61387669435775,19.150802785700698,,43.307329015514185,38.69500000000001,34.08267098448583,574553.4,1205723.8,0.676485423287026,34.011078607687104
2026-03-06,3313,12.55,12.65,12.5,12.6,206000.0,2587600.0,12.77,12.895,13.045000000000002,13.115,13.1325,13.141250000000001,34.782608695652186,35.89743589743587,-0.12029960321209643,-0.05730643962882843,-0.06299316358326801,10.56290126738858,20.14629129298173,31.065323722274368,,13.509418141900502,13.045000000000002,12.580581858099501,275200.0,183729.5,0.748546511627907,12.561165048543689
2026-03-06,3317,47.0,47.7,46.2,46.9,370000.0,17419550.0,48.04,47.78,47.722500000000004,47.607499999999995,47.57875,47.564375000000005,43.558282208588935,47.28033472803348,0.019205066884389055,0.10672489289966323,-0.08751982601527418,14.009028243321572,18.083536295241522,20.068788350281007,,49.55365580411606,47.722500000000004,45.891344195883946,671200.0,675011.85,0.5512514898688915,47.07986486486487
2026-03-06,3321,17.3,17.3,17.0,17.0,146698.0,2508815.0,18.02,17.89,17.990000000000002,18.49416666666667,15.023,12.119124999999999,40.54054054054057,44.28571428571429,-0.13691629562671181,-0.08736545283572085,-0.049550842790990965,25.090475977582514,27.601587619910994,13.477644445056663,,19.322034455062507,17.990000000000002,16.657965544937497,379014.2,416029.05,0.38705146139643315,17.10190322976455
2026-03-06,3322,14.95,15.55,14.95,15.15,574000.0,8736850.0,15.52,15.515,15.5275,15.475833333333332,15.462916666666667,15.456458333333332,43.93939393939394,46.938775510204096,-0.022445352653170048,0.029698704769548324,-0.05214405742271837,11.560337930260387,11.803167319995266,30.563572634850846,,16.198300778331955,15.5275,14.856699221668043,965600.0,469832.3,0.5944490472245236,15.220993031358885
2026-03-06,3323,35.8,36.3,35.3,35.95,975000.0,34892350.0,37.05,37.45,38.8175,39.505833333333335,39.67791666666667,39.763958333333335,38.23529411764712,35.55555555555557,-0.8993522279961326,-0.5144124688835164,-0.38493975911261613,6.782977515055544,14.374682272666787,31.58052286837407,,42.27556075865187,38.8175,35.359439241348134,1499400.0,4954154.9,0.6502601040416166,35.78702564102564
2026-03-06,3324,1015.0,1025.0,978.0,978.0,6759000.0,6762643000.0,1050.0,1059.5,1032.5,1014.1666666666666,1009.5833333333334,1007.2916666666666,38.52242744063324,47.540983606557376,8.880266935581403,13.603767310398268,-4.723500374816865,13.315942796236616,18.402033684581966,50.17995022115522,,1133.539856648646,1032.5,931.460143351354,5861400.0,6778594.7,1.153137475688402,1000.5389850569611
2026-03-06,3325,14.2,14.65,14.2,14.5,220000.0,3186950.0,14.73,14.680000000000001,14.89,14.996666666666668,15.023333333333335,15.036666666666667,48.97959183673468,42.66666666666665,-0.12586811901085504,-0.07507453301592676,-0.05079358599492828,6.698343643932893,21.394969368777662,59.43778986768037,,15.549026395126692,14.89,14.23097360487331,297400.0,295726.45,0.7397444519166106,14.486136363636364
2026-03-06,3332,59.8,60.6,58.9,59.6,123000.0,7341900.0,59.71999999999999,60.86,58.355,56.25166666666667,55.725833333333334,55.462916666666665,33.33333333333333,61.827956989247305,1.229724228305642,1.3220830864839326,-0.09235885817829059,23.472580332389185,14.99956379192115,65.64165786104299,,64.5124003400273,58.355,52.197599659972695,120800.0,107150.7,1.0182119205298013,59.69024390243902
2026-03-06,3338,57.4,59.3,56.6,58.9,1245884.0,72299945.0,57.4,54.56,53.90500000000001,50.9125,55.46124999999999,54.622708333333335,98.55072463768114,83.33333333333333,1.7051928513843109,1.0171612528852578,0.688031598499053,34.11765178429836,20.817375750074135,18.707796703925784,,59.93037616209422,53.90500000000001,47.8796238379058,1260829.8,1111358.6,0.9881460606340364,58.031040610522325
2026-03-06,3339,26.9,27.45,26.5,27.2,323000.0,8732850.0,27.55,27.52,27.777500000000003,27.925833333333333,27.962916666666665,27.981458333333332,50.0,45.00000000000001,-0.16783632694449224,-0.09990846892336076,-0.06792785802113148,12.630713027564003,10.481151877084406,34.82073752955948,,28.956471451821685,27.777500000000003,26.598528548178322,629200.0,511724.55,0.5133502860775588,27.03668730650155
2026-03-06,3346,19.55,20.3,19.55,19.9,255287.0,5087613.0,20.65,20.794999999999998,21.419999999999998,19.955,21.335416666666667,24.921041666666667,30.232558139534845,24.418604651162738,0.04463201869894817,0.2687566388185603,-0.22412462011961215,21.984155625933493,25.920664037052187,22.84175645481446,,23.064896413311878,21.419999999999998,19.775103586688118,271591.0,422721.4,0.9399685556590609,19.928993642449477
2026-03-06,3349,29.8,30.55,29.6,29.85,274000.0,8224250.0,30.380000000000003,29.609999999999996,29.672500000000003,29.790833333333335,29.82041666666667,29.835208333333338,56.296296296296305,50.0,0.09083100727700355,-0.02580522741803679,0.11663623469504034,15.533095295902905,7.12333745699014,55.02118925157758,,31.13985530085504,29.672500000000003,28.205144699144967,585400.0,467953.75,0.46805603006491286,30.01551094890511
2026-03-06,3354,29.65,31.3,27.5,28.0,3470000.0,102161950.0,26.96,25.335,24.9375,24.679166666666667,24.614583333333332,24.582291666666666,78.62595419847327,67.33668341708542,0.7433079526258233,0.21703044338312036,0.5262775092427029,27.639254725997365,6.651002855941644,38.81819624594049,,28.369834635875648,24.9375,21.505165364124352,2756600.0,1205748.45,1.2587970688529349,29.441484149855906
2026-03-06,3356,43.85,45.05,43.8,45.05,187476.0,8339954.0,46.13,46.55,47.8475,47.08,48.41333333333333,50.36604166666667,35.353535353535335,32.544378698224804,-0.5033687565193361,-0.12007555348459213,-0.38329320303474396,21.154275582181707,35.65605067247806,15.39181570444429,,51.30178414398247,47.8475,44.39321585601752,279889.2,423512.85,0.6698222010709952,44.485448804113595
2026-03-06,3357,165.0,171.0,154.5,158.0,7951000.0,1292563000.0,169.4,159.4,155.6,153.2,152.6,152.3,53.96825396825397,52.72727272727273,4.1039808386064465,2.196496841709668,1.9074839968967785,30.173953094343137,20.310896057212293,49.03874477180688,,179.30787122233323,155.6,131.89212877766676,4941800.0,2006627.15,1.6089279210004452,162.56609231543203
2026-03-06,3360,15.85,16.5,15.85,16.3,1197000.0,19351650.0,16.4,15.73,15.084999999999999,14.628333333333332,14.514166666666666,14.457083333333333,53.424657534246585,64.17910447761194,0.5097098447876611,0.35552529606827604,0.15418454871938508,27.254274043802585,13.66043218389451,44.61785300456187,,17.066254254519748,15.084999999999999,13.103745745480248,1955600.0,1537142.75,0.6120883616281448,16.166791979949874
2026-03-06,3362,103.0,103.5,100.5,101.0,366000.0,37295500.0,104.67999999999999,102.79,103.47,104.15666666666667,104.32833333333333,104.41416666666667,47.39583333333333,43.682310469314075,-0.2997120731589149,-0.26202156511719144,-0.03769050804172347,12.90221641865967,14.775895727191038,45.201543939644516,,108.79011080217023,103.47,98.14988919782976,589800.0,581154.35,0.6205493387589013,101.90027322404372
2026-03-06,3363,596.0,614.0,570.0,613.0,2241000.0,1336022000.0,579.2,512.95,471.475,442.4916666666667,435.24583333333334,431.62291666666664,76.61016949152543,76.42857142857143,40.403497905030974,21.535956076639234,18.86754182839174,26.77744409552035,3.7619097021885004,67.83630227165379,,608.6673256254746,471.475,334.28267437452536,4188400.0,7500295.45,0.5350491834590775,596.1722445336903
2026-03-06,3372,22.75,23.25,22.0,22.1,1498000.0,33598100.0,22.79,21.915,21.27,20.823333333333334,20.711666666666666,20.65583333333333,53.703703703703724,58.928571428571416,0.5343260971445609,0.3537007842202112,0.18062531292434975,20.239953387489532,13.218965330888095,55.0743182908349,,23.477499180425433,21.27,19.062500819574566,2495800.0,1305034.05,0.6002083500280471,22.42863818424566
2026-03-06,3373,16.7,17.35,16.7,16.85,106000.0,1810550.0,17.380000000000003,17.655,18.225,18.641666666666666,18.745833333333334,18.797916666666666,12.500000000000142,6.521739130434867,-0.43211787758945164,-0.27915961340943213,-0.1529582641800195,6.546694910769057,20.04927683773729,47.5305543356318,,19.578941614227453,18.225,16.87105838577255,97600.0,188577.55,1.0860655737704918,17.08066037735849
2026-03-06,3374,183.0,185.5,178.0,181.0,4592000.0,834271500.0,182.4,174.5,169.15,165.71666666666667,164.85833333333332,164.42916666666667,56.25,61.80555555555556,4.652908397032263,2.8869720361753006,1.7659363608569625,25.164473954238826,16.001147279615065,46.72414883330245,,188.0739475129711,169.15,150.2260524870289,8481200.0,5098538.9,0.5414328161109278,181.67933362369337
2026-03-06,3376,193.0,195.0,190.5,195.0,2289598.0,441748032.0,202.4,199.55,206.525,201.75,216.50416666666666,212.1925,52.631578947368425,41.379310344827594,-2.1573314475707264,-1.3326351582452929,-0.8246962893254335,23.827270571066215,21.564531322791574,12.840359582592344,,227.9664134451618,206.525,185.0835865548382,4617393.8,4873956.5,0.4958637056254548,192.9369400217855
2026-03-06,3379,38.3,39.6,38.3,39.45,250000.0,9811050.0,40.35,41.735,43.4825,44.560833333333335,44.830416666666665,44.96520833333333,34.59119496855351,30.449826989619382,-1.4009173822618024,-0.7994768060450704,-0.601440576216732,2.551720699125181,24.235431661615905,66.44082781939082,,48.11422981213626,43.4825,38.850770187863745,283600.0,287865.45,0.8815232722143864,39.2442
2026-03-06,3380,35.7,36.05,34.4,34.9,11098052.0,390578484.0,33.78,32.184999999999995,33.0225,31.425,30.523750000000003,29.944166666666668,75.67567567567568,56.05095541401273,0.4403143993919443,0.15084259086764504,0.2894718085242992,36.61500022066556,19.661203119907395,19.084028659616877,,36.86608316925091,33.0225,29.178916830749085,8255496.8,4732859.1,1.3443227305230134,35.193427098737686
2026-03-06,3388,62.8,63.0,62.2,62.8,62000.0,3888000.0,62.46,62.230000000000004,62.04,61.88,61.84,61.82,66.66666666666654,65.62499999999991,0.17062845170372754,0.10900961272675369,0.061618838976973844,11.710074143945718,18.45827399659761,47.48164968937523,,62.673785618743686,62.04,61.40621438125631,78800.0,64999.95,0.7868020304568528,62.70967741935484
2026-03-06,3390,24.5,24.85,24.15,24.25,362000.0,8874000.0,24.43,23.735,23.0575,22.5525,22.42625,22.363125,60.000000000000014,64.88549618320612,0.5334114928502061,0.3730713872455307,0.16034010560467538,23.965152389153634,13.458467143562114,49.36808183169891,,24.964626524105665,23.0575,21.150373475894337,961200.0,566732.95,0.3766125676238036,24.513812154696133
2026-03-06,3402,129.0,137.0,129.0,134.5,946000.0,125905500.0,132.0,127.9,128.325,128.775,128.8875,128.94375,65.625,56.470588235294116,0.6190686572701338,-0.12356584825437161,0.7426345055245054,28.44557587674748,17.731988540336495,57.75300775521726,,135.93576107958503,128.325,120.71423892041494,732800.0,470150.55,1.290938864628821,133.09249471458773
2026-03-06,3406,415.5,418.5,414.5,416.0,255526.0,106334078.0,429.5,433.2,447.075,439.05833333333334,435.9375,424.86041666666665,32.91139240506328,32.407407407407405,-4.82011661366181,-0.652660907835038,-4.167455705826772,22.000510092904424,29.50966979432045,15.600186537137867,,481.5702704614803,447.075,412.5797295385197,627273.2,770648.75,0.4073599828591434,416.1379976988643
2026-03-06,3413,298.5,310.0,295.0,310.0,1718397.0,525717351.0,308.9,301.35,294.95,297.2083333333333,302.225,,67.5,62.38095238095238,4.489067142301394,2.114052102132664,2.37501504016873,39.35661091829633,24.34670482457025,16.490274501775602,,318.64521381829775,294.95,271.25478618170223,2215327.0,2037125.15,0.7756854857093332,305.9347467436221
2026-03-06,3416,143.5,146.0,143.0,145.5,71976.0,10416531.0,147.1,145.45,146.725,148.76666666666668,162.15,154.06333333333333,58.33333333333333,50.76923076923077,-1.1201962890688435,-1.3630629788051611,0.24286668973631764,22.82116616226165,25.030211251760466,11.648130427636424,,153.9103286193726,146.725,139.5396713806274,214313.6,252391.9,0.3358442954623505,144.72228242747582
2026-03-06,3419,15.7,15.9,15.6,15.8,222488.0,3502257.0,16.02,15.475,15.117499999999998,13.732499999999998,13.574166666666665,14.187291666666669,58.06451612903225,62.26415094339623,0.6277004465674665,0.5480501989808989,0.07965024758656758,32.34221290964399,7.117167808491273,38.46664679235755,,16.462383090203698,15.117499999999998,13.772616909796298,642467.0,445762.3,0.34630261165164905,15.741329869476107
2026-03-06,3426,47.2,47.2,47.15,47.15,58000.0,2736100.0,47.15,,,,,,66.6666666666651,98.07692307692292,1.0673950335902376,0.8612956583000224,0.20609937529021516,11.860330650304926,1.4481029021907147e-11,74.4917460182311,,,,,202400.0,,0.2865612648221344,47.17413793103448
2026-03-06,3430,70.0,72.2,68.8,70.0,676000.0,47498900.0,72.97999999999999,69.53,67.14,65.24666666666667,64.77333333333334,64.53666666666666,56.46551724137932,58.357771260997076,1.969113324340995,1.4173275917411745,0.5517857325998206,20.329657534084483,13.413849404937414,51.65877554515484,,75.30704546203508,67.14,58.972954537964924,1339400.0,888024.25,0.5047035986262506,70.2646449704142
2026-03-06,3432,16.55,16.95,16.55,16.95,52089.0,877759.0,17.110000000000003,17.43,17.7575,15.428333333333335,,,39.02439024390246,44.14414414414414,0.3850804706524009,0.6303811421225531,-0.24530067147015222,22.46746112242716,24.84807802428585,17.97199085660226,,19.167716482074958,17.7575,16.347283517925042,88996.6,207320.05,0.5852920223918666,16.851139396033712
2026-03-06,3434,29.15,29.5,28.85,29.1,60000.0,1754000.0,29.6,29.689999999999998,30.205000000000002,30.568333333333335,30.659166666666668,30.704583333333332,43.58974358974357,27.397260273972577,-0.3552552564183422,-0.24667054117821513,-0.10858471524012708,4.947408915984909,15.044248571388241,56.099224042479236,,31.442101876415837,30.205000000000002,28.967898123584167,125600.0,200541.85,0.47770700636942676,29.233333333333334
2026-03-06,3437,14.95,15.4,14.6,15.35,341084.0,5172623.0,15.469999999999999,15.595000000000002,15.7775,14.719166666666666,15.09375,16.098125,47.222222222222236,39.13043478260869,0.13704972721833464,0.2681190784013903,-0.13106935118305568,23.457929092854542,14.026665870039784,35.115269915764486,,16.788218868715624,15.7775,14.766781131284375,705326.0,2173890.8,0.4835834777110159,15.165246684101277
2026-03-06,3438,46.2,46.2,44.7,45.55,52000.0,2355200.0,45.92,46.105,46.825,47.141666666666666,47.22083333333333,47.260416666666664,46.153846153846125,41.37931034482757,-0.4495116983184744,-0.253651584235306,-0.1958601140831684,2.7841020695569294,13.402582968345936,63.73949201601443,,48.79303401767774,46.825,44.856965982322265,93600.0,115738.5,0.5555555555555556,45.292307692307695
2026-03-06,3441,33.3,34.55,33.3,34.25,113000.0,3857000.0,34.82,34.714999999999996,35.097500000000004,35.299166666666665,35.349583333333335,35.37479166666666,51.38888888888891,44.8888888888889,-0.24454591300270323,-0.1391071601811021,-0.10543875282160112,11.76492881044968,21.486028934611312,32.98283737231619,,36.71629584877155,35.097500000000004,33.478704151228456,247600.0,125048.8,0.45638126009693053,34.13274336283186
2026-03-06,3443,2325.0,2435.0,2295.0,2385.0,1985038.0,4707871835.0,2531.0,2482.5,2545.5,2209.4166666666665,1788.4166666666667,1478.7958333333333,45.26315789473685,42.63322884012539,60.99892636562663,89.7292070742336,-28.73028070860697,27.08251380783474,28.947849311290668,26.789831584757213,,2819.570678552294,2545.5,2271.429321447706,2760716.0,3403125.55,0.7190301356604591,2371.6784439391085
2026-03-06,3444,63.2,63.8,61.0,61.4,205000.0,12723200.0,64.68,63.86999999999999,65.335,66.17833333333333,66.38916666666667,66.49458333333332,47.61904761904762,40.909090909090935,-0.8505121486400498,-0.5250607517172653,-0.32545139692278446,17.685713056194835,18.67572654040704,45.95639046089221,,70.38643022998644,65.335,60.28356977001354,413600.0,245302.05,0.49564796905222436,62.06439024390244
2026-03-06,3447,39.5,40.5,39.5,40.0,81278.0,3246679.0,41.05,41.07,43.2,48.48583333333333,57.53458333333333,55.10166666666667,45.3333333333333,26.943005181347147,-2.2457546809757147,-2.235878950720623,-0.009875730255091586,19.167983639280518,27.995956364482268,14.621426781214243,,48.456875197500395,43.2,37.94312480249961,212414.8,326595.95,0.3826381212608538,39.945360368119296
2026-03-06,3450,282.5,293.0,276.5,282.5,24490691.0,6979246119.0,292.6,270.35,262.3,255.31666666666666,244.75416666666666,236.03333333333333,71.12299465240642,60.06600660066007,8.742205519918627,4.403188637748708,4.339016882169919,36.89249850573828,21.586459398068143,17.04454968715043,,302.11721394467185,262.3,222.48278605532818,41262226.6,17678245.9,0.5935377951707531,284.97546757663963
2026-03-06,3454,99.3,99.4,99.3,99.3,94821.0,9419549.0,99.38,99.28999999999999,99.155,93.71833333333332,92.6775,103.73291666666667,59.99999999999943,60.0,0.7549451129976319,0.9961394630788818,-0.2411943500812499,38.43963782907106,16.081271614966226,36.60616390568707,,99.49512381645431,99.155,98.81487618354569,208759.8,143624.95,0.4542110118902203,99.34032545533162
2026-03-06,3455,113.0,119.0,113.0,116.5,1419000.0,165053500.0,113.4,110.85,110.1,109.03333333333333,108.76666666666667,108.63333333333334,74.50980392156863,59.30232558139535,1.2114111848064084,0.5792814418817325,0.6321297429246759,22.398257769141555,11.799692398458065,48.12847267799592,,117.08569967862918,110.1,103.1143003213708,1399000.0,1565725.1,1.0142959256611865,116.3167723749119
2026-03-06,3465,42.95,42.95,42.95,42.95,1000.0,42950.0,43.510000000000005,45.235,45.347500000000004,45.249166666666675,45.22458333333334,45.21229166666667,20.300751879699263,37.56906077348066,-0.4952738927752449,-0.01318037330680203,-0.48209351946844287,3.4080414111686803,15.66061163312301,37.94926204074257,,48.44409830340191,45.347500000000004,42.2509016965981,8800.0,6703.0,0.11363636363636363,42.95
2026-03-06,3466,36.1,36.7,35.5,36.3,422000.0,15228600.0,35.980000000000004,36.714999999999996,37.605000000000004,38.235,38.3925,38.471250000000005,38.35616438356158,31.7073170731707,-0.6468828788216427,-0.4551606373976949,-0.19172224142394784,6.84660888839565,12.168780466565586,39.07728520362995,,39.78454606572826,37.605000000000004,35.42545393427175,762000.0,567923.15,0.5538057742782152,36.086729857819904
2026-03-06,3467,39.3,39.9,39.05,39.35,23000.0,909550.0,39.97,40.24,39.902499999999996,39.53416666666667,39.442083333333336,39.39604166666667,42.85714285714284,50.0,0.10170625517010734,0.22045239976077433,-0.11874614459066699,14.242255930485475,13.252787415889111,,,41.495734049611684,39.902499999999996,38.30926595038831,52400.0,31023.3,0.4389312977099237,39.54565217391304
2026-03-06,3479,89.1,90.9,89.1,90.3,240000.0,21685700.0,90.24,89.67,89.275,88.89166666666668,88.79583333333333,88.74791666666667,54.94505494505491,55.88235294117647,0.3490127574224715,0.2694821292897921,0.07953062813267942,10.234210099717053,14.926121830142511,24.294067641384476,,91.2204400124668,89.275,87.32955998753322,258600.0,242508.25,0.9280742459396751,90.35708333333334
2026-03-06,3481,25.6,27.6,25.15,27.5,845038403.0,22670024770.0,26.740000000000002,24.294999999999998,23.3425,16.9375,15.329166666666667,14.223333333333333,76.05633802816901,67.3780487804878,2.5551934051737106,2.2335472613054166,0.32164614386829404,39.730642068225336,10.397061423259444,42.981407814427,,27.997692347204794,23.3425,18.68730765279521,786878289.0,549324181.45,1.0739124650063894,26.827212455100696
2026-03-06,3483,89.1,91.2,89.1,91.1,483000.0,43717600.0,90.22,87.66999999999999,86.18499999999999,84.795,84.44749999999999,84.27374999999999,66.00985221674878,61.824324324324316,1.4968053663869085,0.9383328753167477,0.5584724910701608,23.842837693676156,13.13378317992153,51.431080876738505,,91.87720149807932,86.18499999999999,80.49279850192066,796800.0,427279.85,0.6061746987951807,90.51262939958592
2026-03-06,3484,46.9,46.9,46.05,46.3,142000.0,6593950.0,47.769999999999996,48.32,48.735,48.811666666666675,48.83083333333333,48.84041666666667,15.492957746478808,32.16783216783213,-0.4032704847657129,-0.09237035670667604,-0.3109001280590369,4.237972758037549,18.01883596657155,28.123984272385897,,50.7463101255283,48.735,46.7236898744717,255800.0,204647.7,0.5551211884284597,46.4362676056338
2026-03-06,3489,19.5,19.65,19.3,19.6,47000.0,917700.0,19.95,19.990000000000002,20.222500000000004,20.407500000000002,20.453750000000003,20.476875,30.434782608695713,23.52941176470597,-0.17667278141394505,-0.11386456883549251,-0.06280821257845254,4.046460316547827,27.610512323208724,58.720140120406725,,20.848662077555343,20.222500000000004,19.596337922444665,71400.0,36950.05,0.6582633053221288,19.525531914893616
2026-03-06,3490,24.95,25.4,24.55,24.6,246000.0,6155100.0,24.67,24.225,23.935,23.611666666666665,23.53083333333333,23.490416666666665,65.51724137931038,61.386138613861405,0.2876192181774222,0.20411601986805805,0.08350319830936415,13.17330468831665,9.676453580231996,41.33499015789085,,25.057075145246046,23.935,22.812924854753952,493800.0,295164.85,0.49817739975698666,25.020731707317072
2026-03-06,3491,1605.0,1605.0,1380.0,1380.0,616000.0,870210000.0,1529.0,1430.0,1360.0,1306.6666666666667,1293.3333333333333,1286.6666666666667,48.507462686567166,54.80769230769231,60.11153751214283,41.31814135007656,18.793396162066273,24.10189267148589,12.736080434168084,67.48250278039615,,1604.7340124341226,1360.0,1115.2659875658774,504600.0,616972.4,1.2207689258818866,1412.6785714285713
2026-03-06,3492,22.7,23.15,22.7,22.9,51000.0,1170350.0,23.360000000000003,23.585,24.245,24.648333333333333,24.749166666666667,24.799583333333334,37.99999999999994,28.089887640449348,-0.459837736029165,-0.29073705229813424,-0.16910068373103077,5.394557146975978,29.506197847889155,41.78764401726599,,25.885891926907295,24.245,22.604108073092707,73200.0,80961.0,0.6967213114754098,22.948039215686276
2026-03-06,3494,8.61,8.73,8.51,8.51,123351.0,1057283.0,8.588000000000001,8.707,9.036999999999999,8.7865,10.196333333333333,12.942541666666667,25.925925925925853,26.136363636363612,-0.09311015603783979,-0.023726834306883996,-0.0693833217309558,22.46421717533109,23.273107242668637,14.669860682604355,,9.93378020542445,9.036999999999999,8.140219794575549,185694.0,256249.8,0.6642702510581925,8.571337078742774
2026-03-06,3498,66.0,69.3,59.8,62.8,17851000.0,1157624800.0,55.9,52.18000000000001,50.2425,48.68083333333333,48.290416666666665,48.09520833333333,98.73817034700313,79.21568627450979,2.496759050080911,0.970801316526496,1.525957733554415,41.29487164115111,3.376902377099604,38.044819572177644,,59.55888483081231,50.2425,40.92611516918769,9248400.0,3120017.35,1.930171705376065,64.8492969581536
2026-03-06,3499,17.75,18.45,17.35,17.5,268000.0,4769450.0,17.18,17.205000000000002,16.915,16.571666666666665,16.485833333333332,16.442916666666665,70.73170731707316,59.16666666666665,0.22496209083101704,0.17997754069235505,0.04498455013866198,19.569702608664976,7.421618922797289,50.60689539023926,,18.176202433770342,16.915,15.653797566229656,291000.0,287519.3,0.9209621993127147,17.796455223880596
2026-03-06,3501,49.95,50.2,49.6,50.1,157742.0,7877719.0,50.96,50.980000000000004,51.9,49.665,50.950833333333335,54.77374999999999,44.11764705882355,43.82022471910113,0.11329285320815785,0.3787425096150391,-0.26544965640688123,25.164261369923825,32.613806572598634,14.10625482472314,,55.383494917767095,51.9,48.4165050822329,206227.4,363548.5,0.7648935107556029,49.94052947217609
2026-03-06,3504,60.5,61.6,59.0,60.5,501977.0,30376791.0,62.0,58.209999999999994,56.825,52.9325,55.77708333333333,53.508125,72.78911564625851,63.755458515283834,2.1651689349254397,1.5190580586601037,0.646110876265336,38.120570040496794,14.705428892413044,33.34637530243349,,63.73795503879653,56.825,49.91204496120348,1747603.4,746856.8,0.2872373674713611,60.51430842448957
2026-03-06,3508,37.0,38.5,35.0,38.5,1996000.0,74686850.0,37.33,35.74,32.92,30.44,29.819999999999997,29.51,61.82432432432432,67.88461538461539,2.1338567918151696,1.6071941429495809,0.5266626488655888,35.06219637880817,6.745610549484544,62.64826722395935,,40.06801407827082,32.92,25.771985921729183,2138800.0,2381921.1,0.933233588928371,37.41826152304609
2026-03-06,3511,19.3,19.8,19.1,19.35,118000.0,2289150.0,19.95,20.04,20.32,20.406666666666663,20.42833333333333,20.439166666666665,41.935483870967744,40.17857142857146,-0.20949282669685232,-0.08268559591232927,-0.12680723078452305,8.407243597502715,17.35853317997646,45.496305456382444,,21.46312590824688,20.32,19.17687409175312,196000.0,288665.3,0.6020408163265306,19.39957627118644
2026-03-06,3512,20.6,20.8,20.3,20.55,17000.0,349400.0,20.55,20.435000000000002,20.3825,20.3275,20.313750000000002,20.306875,54.385964912280706,53.6231884057971,0.06846854947218262,0.034952247676119236,0.03351630179606338,24.33101656846138,9.603770690203367,69.90272525993628,,20.914897753959437,20.3825,19.850102246040564,85600.0,50225.2,0.1985981308411215,20.55294117647059
2026-03-06,3515,223.0,229.0,221.0,223.0,393146.0,87924919.0,225.1,222.1,222.1,246.00833333333333,266.84583333333336,245.25875,55.55555555555556,61.19402985074626,-4.889880835560575,-6.783303689449056,1.893422853888481,22.267424220615695,31.274711542180405,32.51804235935578,,230.6075817579698,222.1,213.5924182420302,600327.2,533642.0,0.6548862020578112,223.6444450662095
2026-03-06,3516,19.1,19.1,18.4,18.65,133000.0,2485950.0,19.369999999999997,19.65,19.8,19.9,19.925,19.9375,9.9999999999999,19.047619047619108,-0.19331738502427243,-0.06736045855000851,-0.12595692647426393,3.5646151755837034,32.52455089490241,53.163424212896096,,20.531976416071043,19.8,19.06802358392896,83200.0,53403.0,1.5985576923076923,18.691353383458647
2026-03-06,3518,20.95,21.1,20.45,20.85,112380.0,2338870.0,21.36,21.185,21.4675,20.854166666666668,21.420416666666668,19.996875,50.66666666666667,48.46153846153847,0.01746373776183674,0.04967205373968076,-0.03220831597784402,24.888976591396556,17.664985467578685,20.87557294358785,,22.940511594623313,21.4675,19.99448840537669,314272.8,291233.6,0.3575874208649301,20.812155187755828
2026-03-06,3520,14.55,15.05,14.15,14.2,475000.0,6834650.0,14.669999999999998,14.929999999999998,14.930000000000001,14.91,14.905000000000001,14.902500000000002,14.285714285714334,38.333333333333336,-0.07687583502657525,0.007591620494915412,-0.08446745552149065,9.507089562717896,15.735971082344784,55.60405140888843,,15.446465722100958,14.930000000000001,14.413534277899045,276600.0,149460.3,1.7172812725958062,14.388736842105263
2026-03-06,3521,15.05,15.25,14.8,14.8,61000.0,915450.0,15.14,15.6,15.7375,15.779166666666667,15.789583333333333,15.794791666666669,5.000000000000071,34.848484848484844,-0.20490428972823693,-0.058995326108142475,-0.14590896362009445,4.163927897211081,11.03343560853124,40.10983403458945,,16.712381909177775,15.7375,14.762618090822226,170800.0,1189085.05,0.35714285714285715,15.007377049180327
2026-03-06,3522,14.45,14.85,14.45,14.5,58000.0,842200.0,14.85,15.015,15.452499999999997,15.817499999999999,15.908750000000001,15.954375,22.72727272727265,18.74999999999997,-0.33069428993648664,-0.2317679565502242,-0.09892633338626244,4.726529906868883,26.51252559337228,69.76224861168217,,16.499035638239448,15.452499999999997,14.405964361760546,159800.0,134606.35,0.36295369211514394,14.520689655172413
2026-03-06,3523,16.0,16.0,15.95,16.0,12000.0,191950.0,16.410000000000004,,,,,,15.384615384615387,14.062500000000014,-0.5460364666864379,-0.28548509165129954,-0.26055137503513837,0.4394469501360377,22.81023227016933,59.470298496776216,,,,,6600.0,,1.8181818181818181,15.995833333333334
2026-03-06,3526,289.0,292.5,285.5,292.0,547000.0,158797000.0,291.0,286.25,273.55,265.51666666666665,263.5083333333333,262.50416666666666,55.37190082644628,66.13756613756614,7.952503963431639,5.936653933497437,2.0158500299342013,23.236432924432645,10.644174524306596,45.907579588441116,,303.4109056160481,273.55,243.68909438395187,883200.0,1139182.85,0.619338768115942,290.3053016453382
2026-03-06,3527,58.0,59.1,56.6,56.9,511000.0,29369900.0,58.480000000000004,57.6,55.855000000000004,54.41833333333334,54.05916666666667,53.879583333333336,48.14814814814812,61.26760563380281,1.1450873190745625,0.9802419428207605,0.16484537625380202,13.97366892896292,6.258351901596525,66.81703211155727,,60.18383842448098,55.855000000000004,51.526161575519026,373200.0,364474.7,1.3692390139335477,57.47534246575343
2026-03-06,3528,67.6,68.2,67.0,67.5,82321.0,5554713.0,69.96,70.03,69.545,69.06166666666667,71.91916666666667,72.71145833333334,11.666666666666714,46.02272727272726,0.23893076966493254,0.39323672720007147,-0.15430595753513893,22.214817288943443,26.921898944170163,13.091323664799443,,72.90261506837265,69.545,66.18738493162735,200883.8,245563.4,0.40979411978467156,67.47625757704596
2026-03-06,3529,2355.0,2425.0,2260.0,2425.0,406000.0,962725000.0,2378.0,2139.0,1921.0,1767.0,1728.5,1709.25,71.56862745098039,75.25773195876289,179.7251430929839,112.31040155345919,67.41474153952471,36.36501919934091,14.584505423665844,68.23706406321865,,2511.1168483756774,1921.0,1330.8831516243226,870600.0,1271502.8,0.46634504939122445,2371.243842364532
2026-03-06,3530,58.9,58.9,57.4,58.3,122342.0,7118856.0,60.839999999999996,61.410000000000004,64.95,65.70166666666667,63.57833333333333,64.77083333333333,19.736842105263165,25.624999999999986,-2.4676967512577335,-1.8646419764116282,-0.6030547748461053,17.972453408400224,34.4102474091319,22.6826777825511,,75.09204380938918,64.95,54.807956190610824,183468.8,295399.45,0.6668272752642411,58.18816105670988
2026-03-06,3531,,,,,,,,,,,,,42.85714285714283,49.01960784313718,-0.03187935170718248,-0.04189045282894999,0.010011101121767507,33.31236327350379,20.899773615743968,36.792627826072895,,,,,,,,
2026-03-06,3532,125.0,126.0,122.0,122.5,1286662.0,159060189.0,132.2,137.4,140.5,109.8,102.0775,91.67791666666668,0.0,36.296296296296305,4.903171748577336,8.354958475002826,-3.4517867264254907,28.423835889120358,23.193036943336203,30.270681507503628,,157.72299564383061,140.5,123.27700435616939,3552809.4,5761836.45,0.3621533989411309,123.62235692046552
2026-03-06,3533,1560.0,1595.0,1550.0,1565.0,654084.0,1024867545.0,1652.0,1636.0,1574.5,1380.8333333333333,1424.0833333333333,1429.9854166666667,39.473684210526315,58.49056603773585,70.72310642037701,77.34290969698334,-6.6198032766063335,33.73318100644557,23.612084231785072,34.80934247971141,,1760.0546450935408,1574.5,1388.9453549064592,1532271.6,1971271.3,0.4268721028308558,1566.8745069440622
2026-03-06,3535,132.5,148.5,131.0,148.5,12312308.0,1767794522.0,131.3,118.55,109.64000000000001,91.81,82.52333333333333,63.31375,90.9090909090909,75.26315789473684,11.261050010538597,7.193835846629108,4.0672141639094885,46.81546580193096,8.603069081327527,47.178251377791966,,140.48497058721733,109.64000000000001,78.7950294127827,7672920.4,8842010.5,1.6046443020574017,143.57945902587883
2026-03-06,3537,43.85,45.1,43.85,44.8,137000.0,6127900.0,46.160000000000004,45.75,45.972500000000004,46.124166666666675,46.16208333333334,46.18104166666667,47.51381215469612,44.354838709677395,-0.1833998073834877,-0.05893436867436484,-0.12446543870912287,14.478861587649817,27.155173433730766,36.96516448207507,,47.9786681201524,45.972500000000004,43.96633187984761,305800.0,202666.2,0.44800523217789406,44.72919708029197
2026-03-06,3540,28.9,29.45,28.65,29.0,193000.0,5611600.0,29.48,29.669999999999998,30.1875,30.529166666666665,30.614583333333332,30.657291666666666,38.46153846153846,34.54545454545456,-0.37734172342008776,-0.22954743783647447,-0.1477942855836133,3.913483550939149,18.931318459670827,49.632940143262786,,31.529876133656487,30.1875,28.845123866343513,280000.0,185456.95,0.6892857142857143,29.07564766839378
2026-03-06,3541,23.3,24.2,23.3,23.9,60000.0,1424750.0,24.79,25.505,25.8125,26.004166666666666,26.052083333333336,26.076041666666672,18.918918918918905,24.999999999999957,-0.41692628070413207,-0.1383728552475912,-0.2785534254565409,2.9683844903263075,36.572107512413474,49.609935165138154,,27.477898640439864,25.8125,24.147101359560136,84200.0,74064.75,0.7125890736342043,23.745833333333334
2026-03-06,3543,47.65,49.4,47.1,48.45,1413320.0,68430829.0,50.17,46.945,46.2825,45.174166666666665,40.670833333333334,31.47125,62.820512820512825,58.686440677966104,1.2424389428909635,0.7114521105183877,0.5309868323725757,40.09425690651797,23.577150408320673,23.552340796683264,,52.94253595691258,46.2825,39.62246404308742,5524496.8,4214397.3,0.255827824898007,48.41849616505816
2026-03-06,3545,46.95,47.0,45.3,45.5,1951454.0,89734595.0,,,,,,,10.97560975609754,16.296296296296276,-1.1244953019955517,-0.40714326032248827,-0.7173520416730634,15.518473625284008,20.155162733545108,17.017258411055554,,,,,,,,45.98345387593046
2026-03-06,3546,67.2,67.8,66.5,67.3,190000.0,12740100.0,67.73999999999998,69.4,71.625,73.07499999999999,73.4375,73.61875,41.02564102564097,23.14049586776858,-1.713420192074338,-1.093599212247052,-0.619820979827286,3.692690824819251,21.852870557975955,62.367808138867005,,77.45951617080372,71.625,65.79048382919628,256200.0,355664.7,0.741608118657299,67.05315789473684
2026-03-06,3548,80.4,80.9,78.3,80.1,265000.0,21105400.0,82.17999999999999,82.25,83.185,83.52833333333334,83.61416666666668,83.65708333333333,46.153846153846125,41.26213592233007,-0.6601673497353744,-0.29022491147109725,-0.36994243826427714,9.476690970498382,17.92841197770932,46.43074107521727,,86.88892395056632,83.185,79.48107604943368,327000.0,370800.7,0.8103975535168195,79.64301886792452
2026-03-06,3550,16.8,17.1,16.35,16.5,2323160.0,38719918.0,17.939999999999998,18.794999999999998,17.5925,14.775,14.826249999999998,14.633333333333333,12.195121951219505,46.2962962962963,0.8386191033199673,1.1186754414055216,-0.2800563380855543,30.735436185518495,21.941686722695785,40.2350775546754,,20.75332517540499,17.5925,14.431674824595014,2962042.4,7772364.85,0.7843101773289943,16.666918335370788
2026-03-06,3551,179.5,190.0,179.5,186.0,750000.0,138905500.0,184.1,180.45,180.425,180.80833333333334,180.90416666666667,180.95208333333332,61.79775280898876,54.23728813559322,0.5271042658178828,-0.0367044530272953,0.5638087188451781,25.029288023995978,17.103680206293458,45.73230855258918,,188.67296625650354,180.425,172.17703374349648,761400.0,507165.95,0.9850275807722616,185.20733333333334
2026-03-06,3552,47.45,48.95,47.45,48.65,210000.0,10196850.0,50.15,51.005,52.3625,53.25416666666667,53.47708333333333,53.588541666666664,29.559748427672957,29.55465587044533,-1.1001828434252232,-0.6021214258098327,-0.49806141761539047,3.299455678264801,28.3187795262626,74.12251484863694,,56.13091094529667,52.3625,48.594089054703325,242000.0,215717.15,0.8677685950413223,48.55642857142857
2026-03-06,3555,113.0,118.0,111.5,114.0,253000.0,28949000.0,119.5,116.5,119.95,123.31666666666666,124.15833333333333,124.57916666666667,41.463414634146346,42.76315789473684,-1.7991940099084047,-1.6600753494968952,-0.13911866041150955,13.281936847283001,18.061005892944294,58.692820357438656,,133.96840894943804,119.95,105.93159105056196,396200.0,968043.55,0.6385663806158506,114.42292490118577
2026-03-06,3556,42.7,44.5,42.7,43.85,123000.0,5378700.0,44.06,44.205,43.38,42.66,42.48,42.38999999999999,55.62499999999999,55.149501661129584,0.4006153379836519,0.4243931068772726,-0.02377776889362071,14.917618550868825,8.390664948430446,27.140935040771122,,45.840081299469894,43.38,40.91991870053011,241000.0,256280.3,0.5103734439834025,43.729268292682924
2026-03-06,3557,32.3,32.45,31.85,32.3,35637.0,1142054.0,33.54,33.79,34.36,35.6475,37.83791666666666,45.921458333333334,20.28985507246368,33.10344827586205,-0.6900970472674715,-0.5540199133898788,-0.13607713387759268,13.636414010879522,33.83229635970211,18.965723878213172,,36.55846836636147,34.36,32.16153163363853,63538.6,91937.3,0.5608716591174499,32.0468614080871
2026-03-06,3558,131.0,133.0,129.0,131.5,140000.0,18352000.0,135.1,131.8,134.075,135.69166666666666,136.09583333333333,136.29791666666668,56.25,45.09803921568627,-0.8593290795586768,-0.9286556356516429,0.06932655609296612,17.62862100823719,16.439467063126305,53.58119648861198,,143.84215764288936,134.075,124.3078423571106,445200.0,348641.9,0.31446540880503143,131.0857142857143
2026-03-06,3563,666.0,670.0,613.0,620.0,3313666.0,2112342623.0,600.8,546.25,516.975,497.18333333333334,516.3208333333333,491.35833333333335,76.26459143968872,72.71341463414635,30.474596571411553,12.345328970827211,18.129267600584342,51.658860949214244,12.914055759170756,29.389927619589706,,634.7175715614142,516.975,399.23242843858594,3267863.2,1562846.7,1.0140161313974219,637.4639517078667
2026-03-06,3564,46.0,46.5,44.8,45.15,155000.0,7062350.0,46.75,45.875,46.6725,47.19083333333334,47.320416666666674,47.38520833333334,50.78124999999998,42.90123456790121,-0.32356445947642243,-0.2995741427877,-0.023990316688722424,16.68888572013427,9.908284762862648,60.35294026946601,,49.75581247029452,46.6725,43.58918752970548,223600.0,197458.0,0.6932021466905188,45.56354838709677
2026-03-06,3567,26.6,27.0,26.6,26.8,30000.0,804550.0,27.089999999999996,27.220000000000006,27.264999999999997,27.155000000000005,27.1275,27.11375,32.142857142857125,47.222222222222214,-0.03423985904345983,0.04423232907268698,-0.07847218811614681,12.10119549385087,8.784051791787787,75.64328783144421,,28.22914674576513,27.264999999999997,26.300853254234863,82200.0,115068.85,0.36496350364963503,26.81833333333333
2026-03-06,3570,178.0,179.0,177.5,178.0,50000.0,8906000.0,182.0,179.0,175.925,173.975,173.4875,173.24375,17.647058823529406,60.0,2.234226329645537,1.6695359568700499,0.5646903727754873,12.353391481046408,17.13162283992228,33.70453709087375,,186.42449873490264,175.925,165.42550126509738,68400.0,76616.65,0.7309941520467836,178.12
2026-03-06,3576,21.5,23.1,21.4,22.55,29371521.0,657164249.0,22.1,18.779999999999998,15.23,9.882,8.245,8.236333333333333,83.94495412844037,81.97183098591549,3.52138170257596,2.6408109204052366,0.8805707821707234,52.219688027391385,7.089858740918337,56.25211304161789,,24.460635491608784,15.23,5.999364508391217,76103501.6,50175254.15,0.38594178168537785,22.374198768936754
2026-03-06,3577,60.1,61.0,59.2,60.3,53000.0,3183500.0,61.2,62.620000000000005,61.904999999999994,61.30166666666666,61.15083333333334,61.07541666666667,25.88235294117642,47.79874213836477,-0.0098298685323428,0.3768801216051122,-0.386709990137455,14.300208248419766,22.78698204796431,28.572472528754872,,65.39059441430777,61.904999999999994,58.41940558569222,140600.0,98834.05,0.37695590327169276,60.06603773584906
2026-03-06,3580,63.4,66.1,63.4,64.9,416000.0,27010300.0,66.56,66.31,66.59,66.46333333333334,66.43166666666667,66.41583333333334,46.896551724137964,46.54377880184332,-0.17572296397342768,0.057391866420508635,-0.23311483039393632,13.513559305968561,20.56555226189019,36.73800437826535,,69.87306660239928,66.59,63.30693339760074,558000.0,454210.75,0.7455197132616488,64.92860576923077
2026-03-06,3581,67.7,70.5,67.7,67.9,1504000.0,104035600.0,69.02000000000001,69.0,70.66499999999999,71.75500000000001,72.0275,72.16375,41.15226337448561,45.11111111111113,-0.8799306220810905,-0.6675339557901773,-0.21239666629091325,14.380877208727103,15.364842606825894,36.34756497058034,,76.3973734406577,70.66499999999999,64.93262655934228,2866000.0,1406465.25,0.5247732030704815,69.17260638297873
2026-03-06,3583,358.0,365.0,353.5,356.0,1073915.0,384740638.0,362.8,342.95,335.5,326.76666666666665,349.22083333333336,332.6625,77.09923664122137,63.679245283018865,8.4147697011216,4.17660611179802,4.238163589323579,30.683780884922545,16.594429943410713,19.41621768489366,,373.58715766432675,335.5,297.41284233567325,2535748.4,1187507.95,0.42351007694611975,358.2598604172583
2026-03-06,3587,210.5,219.0,209.5,214.0,1848000.0,394448500.0,212.0,210.2,209.8,208.6,208.3,208.15,57.47126436781609,54.285714285714285,0.7737208191971661,0.6407104527406249,0.13301036645654118,19.40736342525009,11.822612592019542,52.66059036603989,,218.81110426085507,209.8,200.78889573914495,2179600.0,1714840.45,0.8478619930262433,213.44615800865802
2026-03-06,3588,48.7,49.8,48.6,49.25,187016.0,9162877.0,51.370000000000005,51.795,53.052499999999995,49.68416666666667,49.433749999999996,50.45104166666667,25.225225225225216,35.43543543543544,0.10358722270099463,0.6457640262979283,-0.5421768035969337,29.18209526980079,23.279018351184487,24.102386837316985,,57.662041020649646,53.052499999999995,48.442958979350344,361592.4,847559.15,0.5172011358645812,48.99515014758096
2026-03-06,3591,17.4,17.7,17.3,17.5,140872.0,2467707.0,18.419999999999998,18.825,19.23,18.663333333333338,18.427916666666665,19.38895833333333,14.583333333333371,25.71428571428575,-0.1881324259331194,0.03916816950421285,-0.22730059543733225,18.742518015240734,32.548465561106234,18.358601808300946,,20.731718314044436,19.23,17.728281685955565,458686.2,453846.0,0.3071206415191911,17.517370378783575
2026-03-06,3592,220.0,226.0,220.0,226.0,289885.0,64924656.0,228.7,226.95,229.85,224.58333333333334,252.95833333333334,304.06666666666666,54.90196078431373,45.52845528455285,-0.3753126424897175,0.09690296492518073,-0.47221560741489826,23.661960345004875,29.697333401236797,13.633194170206394,,241.86796900259117,229.85,217.83203099740882,460403.4,597680.2,0.6296326221743801,223.96693861358816
2026-03-06,3593,12.2,12.4,12.2,12.4,17685.0,217995.0,12.18,12.075,12.16,9.613499999999998,,,77.77777777777783,56.250000000000014,0.49171817650785243,0.6435626280203209,-0.1518444515124685,39.53027068765717,29.364637278026745,23.834742720256806,,12.718758021254018,12.16,11.601241978745982,31093.6,21423.45,0.5687665628939718,12.32654792196777
2026-03-06,3594,42.5,42.95,40.75,41.0,318000.0,13189200.0,40.29,38.760000000000005,39.247499999999995,39.649166666666666,39.749583333333334,39.79979166666667,79.67479674796748,56.02094240837695,0.13294274352054458,-0.22115335747071244,0.354096100991257,17.71472702293603,5.076961887831306,44.73914447542344,,42.11519208506367,39.247499999999995,36.37980791493632,473600.0,430826.2,0.6714527027027027,41.47547169811321
2026-03-06,3596,199.5,205.5,197.0,203.0,3435297.0,697975597.0,197.0,190.1,184.95,184.10833333333332,203.24583333333334,203.43083333333334,91.30434782608695,75.26881720430107,4.327541663511141,1.722031855698564,2.6055098078125773,31.721828438624982,11.234099791509246,21.655245914973477,,201.01205073096887,184.95,168.8879492690311,3464885.0,1692585.05,0.9914606112468379,203.17765741943128
2026-03-06,3597,23.7,24.4,23.6,24.15,26000.0,621300.0,24.6,24.865000000000002,24.692500000000003,24.56416666666667,24.532083333333333,24.516041666666663,32.727272727272634,45.78313253012045,-0.0112671087743621,0.08750216917844633,-0.09876927795280843,17.048024040378678,21.019872341365417,36.999300196247084,,25.56323773923399,24.692500000000003,23.821762260766015,42200.0,65329.35,0.6161137440758294,23.896153846153847
2026-03-06,3605,63.7,64.9,62.5,63.6,2713098.0,173051413.0,64.66,63.98,64.53,63.45,67.89,61.145833333333336,45.31249999999998,46.42857142857145,0.3039418630242068,0.34996611710173775,-0.04602425407753097,21.475743394255854,23.545618570131673,14.529256948365113,,68.21159004550407,64.53,60.84840995449594,2241076.2,3298098.55,1.2106228248731568,63.78369413858253
2026-03-06,3607,13.5,13.8,13.5,13.7,211318.0,2898399.0,13.95,13.88,14.245,13.8875,13.823333333333332,14.745208333333332,51.851851851851805,41.79104477611939,-0.12051135068215757,-0.055285077266651654,-0.06522627341550591,19.03267955028745,23.336680913671266,13.729347083928365,,15.227960083785689,14.245,13.26203991621431,265801.0,273879.6,0.7950233445321876,13.715816920470571
2026-03-06,3609,31.3,32.15,31.3,31.75,121000.0,3846900.0,33.74,34.655,35.137499999999996,35.4125,35.48125,35.51562499999999,15.78947368421052,23.239436619718305,-0.6166633518237532,-0.2046337725054359,-0.4120295793183173,3.293166797844037,27.465992915819044,46.82148309484045,,37.56516402773921,35.137499999999996,32.709835972260784,187600.0,138267.5,0.6449893390191898,31.792561983471074
2026-03-06,3611,192.5,192.5,190.0,190.0,40000.0,7645000.0,192.7,192.4,192.95,193.31666666666666,193.40833333333333,193.45416666666668,40.909090909090914,39.39393939393939,-0.37830065831957427,-0.18622443595673943,-0.19207622236283484,13.773745548692574,26.341658869595946,50.89981303252535,,196.0771308524622,192.95,189.82286914753777,68000.0,31560.9,0.5882352941176471,191.125
2026-03-06,3615,35.0,35.9,32.9,33.45,7287000.0,252074050.0,30.980000000000008,28.940000000000005,27.485000000000003,26.328333333333333,26.03916666666667,25.894583333333333,100.0,73.05389221556885,1.4861948108951637,0.7356528970144819,0.7505419138806818,43.576734450951136,4.320974382930822,61.21571117394802,,32.760574301488546,27.485000000000003,22.209425698511463,7354800.0,4622979.45,0.9907815304291075,34.592294497049544
2026-03-06,3617,182.0,190.0,182.0,189.5,173612.0,32631183.0,191.3,191.25,191.0,201.8,213.775,247.25666666666666,43.90243902439024,57.954545454545446,-2.7750737245648054,-2.9886548585672514,0.21358113400244605,24.46273800489773,34.31336369940644,16.952822281074912,,198.5393703492717,191.0,183.4606296507283,180690.2,257104.45,0.9608268738426322,187.95465175218303
2026-03-06,3622,58.4,58.9,58.1,58.5,268369.0,15673955.0,59.6,59.71,62.76500000000001,64.115,59.33583333333333,56.659375,53.57142857142856,30.656934306569354,-1.5677716678065892,-1.1669339748733403,-0.4008376929332489,25.321397305497207,37.41120729550563,15.492565321051586,,70.1632288065241,62.76500000000001,55.36677119347591,390202.2,785922.5,0.687769059221091,58.40449157689599
2026-03-06,3623,26.9,26.9,25.65,25.8,169000.0,4413400.0,25.44,25.05,25.2625,25.320833333333336,25.33541666666667,25.342708333333334,67.44186046511629,52.94117647058823,0.02241241440298225,-0.05859867968226593,0.08101109408524818,14.18408440989668,5.6670738675706485,27.071957113927958,,26.53524051599398,25.2625,23.98975948400602,255000.0,237301.0,0.6627450980392157,26.114792899408283
2026-03-06,3624,55.1,56.4,54.3,55.0,1526000.0,84262100.0,58.31999999999999,55.61999999999999,55.58,55.593333333333334,55.59666666666667,55.59833333333333,54.509803921568626,49.127906976744185,0.3490410244925002,0.15788291343169739,0.1911581110608028,19.671241194516647,20.221248955237733,49.16716330134998,,61.60681726251837,55.58,49.55318273748163,5315600.0,2461002.05,0.28707953946873355,55.21762778505898
2026-03-06,3625,17.1,17.5,16.8,17.25,389000.0,6652250.0,18.09,18.47,18.7025,18.734166666666667,18.74208333333333,18.746041666666667,26.56250000000003,35.294117647058826,-0.25436683824172945,-0.04827183126371427,-0.2060950069780152,12.242743043607366,29.638230065926457,31.835163625433093,,20.043934817060098,18.7025,17.361065182939903,488200.0,366745.7,0.7968045882834903,17.10089974293059
2026-03-06,3628,64.5,66.7,64.5,66.0,96000.0,6329800.0,66.7,64.98,64.78,64.59333333333333,64.54666666666667,64.52333333333334,60.283687943262414,54.14364640883978,0.42505511841982013,0.1856092784203953,0.23944583999942484,18.353016715980274,17.858283762658754,53.55696559698796,,67.96787175334728,64.78,61.59212824665272,202000.0,147339.55,0.4752475247524752,65.93541666666667
2026-03-06,3629,19.0,19.0,19.0,19.0,2000.0,38000.0,,,,,,,8.888888888888857,5.405405405405389,-0.6747759886179061,-0.5165195226883597,-0.15825646592954645,1.1084035727029872e-11,57.233380661189884,71.73231539854682,,,,,,,,19.0
2026-03-06,3630,30.8,31.6,30.7,31.25,857000.0,26724200.0,32.4,32.62,32.614999999999995,32.30499999999999,32.2275,32.18875,42.67515923566881,47.00000000000001,-0.04187402055815426,0.15169008385241992,-0.19356410441057417,14.469385305192445,19.56484604077089,41.629558337823326,,34.941076434459525,32.614999999999995,30.288923565540465,1551000.0,2054532.9,0.5525467440361057,31.18343057176196
2026-03-06,3631,27.8,28.7,27.2,28.05,69000.0,1931100.0,28.740000000000002,28.589999999999996,28.494999999999997,28.331666666666667,28.290833333333335,28.270416666666666,42.62295081967216,48.64864864864865,0.060926503386308895,0.11052159825147966,-0.04959509486517076,8.338950109412838,12.082813528611092,42.87292958118435,,29.52348892735129,28.494999999999997,27.466511072648704,124600.0,154688.5,0.5537720706260032,27.98695652173913
2026-03-06,3632,10.0,10.0,9.99,9.99,7000.0,69960.0,9.687999999999999,9.459,,,,,97.61904761904766,83.67346938775509,0.11511500904700611,0.029501206766698325,0.0856138022803078,46.887068104695615,4.401366836467449,76.71590301762117,,,,,25000.0,,0.28,9.994285714285715
2026-03-06,3645,63.0,69.0,62.2,69.0,10699743.0,718986608.0,64.82000000000001,60.75999999999999,62.88000000000001,57.226666666666674,63.09,61.74125,77.45901639344262,58.88888888888889,1.7008156918449586,1.0448949927552815,0.6559206990896771,33.73997359146495,13.850444817946329,21.73161964301027,,74.0801127813868,62.88000000000001,51.67988721861322,8005711.8,5673796.95,1.3365136376755407,67.19662406844725
2026-03-06,3646,24.5,24.8,23.55,24.6,62000.0,1494550.0,24.9,24.94,24.817500000000003,24.70583333333333,24.677916666666665,24.663958333333333,30.00000000000007,48.27586206896561,0.04457508223161,0.07351004763991884,-0.028934965408308838,8.817679845622743,18.62343487536949,63.752391594459574,,25.21256828190633,24.817500000000003,24.422431718093677,31400.0,22052.1,1.9745222929936306,24.105645161290322
2026-03-06,3652,26.9,26.95,26.5,26.95,68121.0,1823567.0,27.73,28.02,28.307499999999997,28.694166666666668,29.684583333333332,30.633958333333332,0.0,27.956989247311824,-0.3251439065671917,-0.1967370244974145,-0.1284068820697772,15.386443462823562,33.86456184371076,15.92244160179642,,29.4263692600356,28.307499999999997,27.188630739964395,72199.0,45559.85,0.9435172232302387,26.769527752088194
2026-03-06,3653,3250.0,3450.0,3155.0,3415.0,4048300.0,13531627685.0,3132.0,3141.0,3024.5,2770.0,2439.6666666666665,1857.4154166666667,61.79775280898877,65.25198938992042,116.55221219538407,102.008019953346,14.54419224203808,35.07624001647366,20.409932966609272,17.812251485596654,,3394.6479078479465,3024.5,2654.3520921520535,2052870.2,2148661.2,1.9720194681573147,3342.5456821381813
2026-03-06,3661,3250.0,3355.0,3225.0,3310.0,1163291.0,3834239760.0,3388.0,3335.0,3329.25,3311.0833333333335,3477.1666666666665,3197.825,42.55319148936171,57.312252964426875,18.16159104021699,15.575620819366723,2.5859702208502675,24.946418565765303,24.11038520766831,10.485905957110516,,3560.0899992703994,3329.25,3098.4100007296006,1563773.4,2044689.15,0.7438999793704126,3296.0280445735416
2026-03-06,3663,55.5,57.2,55.3,56.2,1075000.0,60522200.0,60.14,61.839999999999996,59.765,57.58833333333334,57.04416666666667,56.77208333333333,15.254237288135599,49.624060150375946,0.7700799310071318,1.4376897850215604,-0.6676098540144286,20.26014162420389,28.359684513139793,45.55168969725909,,68.72908623928079,59.765,50.80091376071922,2421400.0,3085783.8,0.44395804080284135,56.29972093023256
2026-03-06,3664,12.7,13.35,12.6,13.35,58000.0,763200.0,13.469999999999999,13.925,14.7875,15.429166666666667,15.589583333333334,15.669791666666667,40.322580645161295,25.51020408163265,-0.6516277803546551,-0.44064312075007817,-0.2109846596045769,1.9015515959075617,21.347305083417883,71.89428848100493,,16.892350288462836,14.7875,12.682649711537161,74800.0,57595.0,0.7754010695187166,13.158620689655173
2026-03-06,3665,1735.0,1785.0,1710.0,1770.0,4644045.0,8159164275.0,1541.0,1428.0,1398.0,1473.25,1288.8,977.8041666666667,86.48648648648648,73.26732673267327,36.86512209271177,-13.438256779043412,50.303378871755186,40.74717364945691,15.901329960186054,22.772669082939046,,1671.6574885740079,1398.0,1124.3425114259921,5351066.4,4078069.85,0.8678728038209356,1756.908960830483
2026-03-06,3666,27.5,27.7,27.2,27.5,114000.0,3124150.0,27.6,27.595,27.85,28.016666666666666,28.058333333333337,28.07916666666667,45.454545454545396,28.5714285714285,-0.15018703660588884,-0.11512765952626264,-0.0350593770796262,10.402892711189166,13.34811343040205,39.79728227142729,,28.418469783486202,27.85,27.2815302165138,109400.0,275473.15,1.0420475319926874,27.404824561403508
2026-03-06,3669,34.5,34.95,33.7,34.2,141618.0,4863580.0,33.83,33.565000000000005,35.4225,31.567500000000003,31.834166666666665,33.82958333333333,72.30769230769235,40.540540540540576,0.21706035745452823,0.5895476289462009,-0.3724872714916727,28.84661165434673,29.764369098911352,20.028822256866523,,39.81441541956722,35.4225,31.03058458043278,122030.6,150128.1,1.160512199399167,34.34295075484755
2026-03-06,3672,11.8,12.25,11.45,12.05,49000.0,587600.0,12.3,12.05,11.934999999999999,11.845,11.822500000000002,11.811250000000001,57.692307692307736,54.54545454545455,0.10531491158094575,0.07286050129580535,0.0324544102851404,14.582871987939042,15.744160985257396,53.640544394068186,,12.464249717201524,11.934999999999999,11.405750282798474,82600.0,30705.5,0.5932203389830508,11.991836734693878
2026-03-06,3673,39.0,40.3,38.95,40.05,1450934.0,57846044.0,41.239999999999995,39.995,39.977500000000006,40.8525,39.59583333333333,36.663333333333334,57.40740740740739,54.79999999999999,-0.06607415159017904,-0.26479933789217686,0.1987251863019978,25.50930882742363,25.103807323324084,16.83664836231592,,43.38993469187557,39.977500000000006,36.565065308124446,2196570.2,1884706.7,0.6605452445817575,39.86814286521648
2026-03-06,3675,173.5,177.5,171.0,177.5,636000.0,111090000.0,174.1,160.6,154.075,149.35833333333332,148.17916666666667,147.58958333333334,74.60317460317461,69.42675159235668,6.836095670613105,3.558987222167778,3.277108448445327,24.012263287216314,10.254380742531641,52.91738880174618,,179.42575001485739,154.075,128.7242499851426,1501000.0,627759.45,0.42371752165223187,174.66981132075472
2026-03-06,3679,117.5,121.5,117.5,119.5,79169.0,9456326.0,119.0,116.85,115.675,115.675,115.8,125.59916666666666,82.3529411764706,70.37037037037038,1.0679057559912195,0.4625341337596322,0.6053716222315872,29.980000409639747,7.349188554626881,27.968663260447283,,120.46836163766928,115.675,110.88163836233072,131278.0,71030.9,0.6030637273572114,119.44480794250275
2026-03-06,3680,391.5,409.0,386.5,400.0,1645000.0,651323000.0,404.0,401.0,403.8,405.6,406.05,406.275,53.48837209302325,48.02431610942249,-1.9222440032901318,-1.0167254543502995,-0.9055185489398323,13.328530390171146,22.30208109603896,46.32110631544237,,424.4637236161397,403.8,383.1362763838603,1281000.0,1028405.95,1.284153005464481,395.9410334346505
2026-03-06,3684,64.5,66.3,60.3,60.3,153000.0,9619200.0,63.67999999999999,59.29,56.40999999999999,54.336666666666666,53.818333333333335,53.55916666666666,62.015503875968996,60.416666666666664,2.5148697181826236,1.5664033587552149,0.9484663594274088,27.028547411423435,15.184740766015151,69.79992561580687,,66.0648651493758,56.40999999999999,46.755134850624174,536400.0,202180.5,0.28523489932885904,62.870588235294115
2026-03-06,3685,32.7,34.1,32.7,33.4,257000.0,8587150.0,35.13,36.220000000000006,37.13,37.71,37.855000000000004,37.9275,22.857142857142804,29.09090909090908,-0.9085918644152358,-0.4091702772495819,-0.4994215871656539,3.448041332319302,26.692081440087524,79.55253111458732,,40.35447874204418,37.13,33.905521257955826,304400.0,562893.3,0.8442838370565046,33.41303501945525
2026-03-06,3686,19.1,19.65,18.8,19.2,431911.0,8292716.0,20.02,19.915,20.15,19.125,18.331666666666663,17.342,52.58620689655173,48.92857142857142,0.19231499464217094,0.3491286314575628,-0.15681363681539184,26.167703233605245,13.324511107811976,26.887312822039352,,22.85749447197741,20.15,17.442505528022586,1053134.6,1328605.6,0.41011946621068185,19.200057419236835
2026-03-06,3687,69.2,70.2,69.2,69.6,81000.0,5639900.0,71.72,71.82,73.09,73.89666666666668,74.09833333333333,74.19916666666667,43.262411347517705,37.016574585635354,-0.9099897101441599,-0.5263134735523751,-0.38367623659178474,10.021860552366332,20.677804755145985,48.75051781493739,,76.99729412361305,73.09,69.18270587638696,169800.0,128827.75,0.47703180212014135,69.6283950617284
2026-03-06,3689,106.5,110.5,106.0,107.5,2649000.0,285481000.0,112.5,111.9,112.625,113.20833333333333,113.35416666666667,113.42708333333333,44.44444444444444,41.42857142857144,-0.8120027946886808,-0.25003987871142114,-0.5619629159772597,10.967055772823198,25.477303896484244,43.15267737575913,,119.08031197012181,112.625,106.16968802987819,3525600.0,2864575.85,0.751361470388019,107.76934692336731
2026-03-06,3691,125.0,129.0,119.5,120.0,2043000.0,252221000.0,119.3,112.0,114.275,115.425,115.7125,115.85625,65.95744680851064,52.816901408450704,0.8236389397879833,-0.6381312494043094,1.4617701891922927,20.75360703205896,12.093153411861206,58.85310945918792,,129.62521001056407,114.275,98.92478998943594,2785200.0,2027254.9,0.7335200344679018,123.45619187469407
2026-03-06,3693,439.5,450.0,426.0,427.5,1481000.0,645006000.0,416.3,393.85,393.75,387.9166666666667,386.4583333333333,385.7291666666667,73.63013698630137,57.91433891992552,8.031312322340284,2.879504561084019,5.151807761256265,28.479591693117534,20.050211278263923,35.776080794955156,,447.2943741209103,393.75,340.2056258790897,1996600.0,2668679.4,0.7417609936892717,435.52059419311274
2026-03-06,3694,57.3,59.1,56.3,58.2,822182.0,47609171.0,59.879999999999995,59.56999999999999,60.31500000000001,62.25333333333333,72.41166666666666,63.16625,35.44303797468355,47.51381215469614,-0.6621199779420337,-0.6459896911924033,-0.01613028674963035,31.005049651517464,30.838980461362357,13.572560567552475,,65.47283512317976,60.31500000000001,55.15716487682026,889909.0,2408839.45,0.9238944656138999,57.90587850378627
2026-03-06,3701,60.4,61.4,57.8,58.3,11695855.0,697136326.0,59.98,54.79,54.56,42.5,41.306666666666665,,73.22175732217572,53.30882352941176,3.7436616773594196,3.490015144442755,0.2536465329166644,36.0942358732253,12.65219474737716,34.422270790287186,,63.22490805369304,54.56,45.89509194630696,16725720.4,8838350.0,0.6992736169378988,59.605417987825604
2026-03-06,3702,70.1,72.0,70.0,72.0,9272749.0,661416785.0,69.38,66.75,65.44500000000001,63.55333333333333,64.18666666666667,66.10833333333333,80.48780487804875,73.91304347826086,1.9579079093335707,1.1521237489568947,0.805784160376676,41.52657125192189,12.316230440178199,27.60534157865421,,70.69435083705847,65.44500000000001,60.19564916294155,10261050.4,6465514.65,0.903684188121715,71.32909399359349
2026-03-06,3703,21.85,22.3,21.8,22.25,815292.0,17958018.0,22.259999999999998,22.535000000000004,22.7,22.495833333333334,22.61958333333333,24.02875,32.43243243243242,45.20547945205477,-0.11985067416159367,-0.03302188894568198,-0.0868287852159117,24.87021579477018,29.448225963776082,12.3177462337435,,23.467771895949767,22.7,21.932228104050232,1263587.2,988752.55,0.6452202111575679,22.026486215981514
2026-03-06,3704,32.05,32.65,31.9,32.55,1019698.0,32943215.0,33.39,33.345,35.337500000000006,34.681666666666665,33.84375,32.579375,48.148148148148074,26.785714285714235,-0.5351131409629346,-0.22647823709512013,-0.30863490386781445,20.9061130189842,27.96850519920937,15.486467792166941,,39.966228937726356,35.337500000000006,30.70877106227365,2729065.4,4398292.4,0.3736436657032844,32.30683496486215
2026-03-06,3705,54.2,54.6,53.9,54.3,244729.0,13276972.0,54.7,55.02,55.614999999999995,56.098333333333336,56.3975,58.019375,27.272727272727153,34.78260869565209,-0.5286006963803942,-0.392911891212623,-0.1356888051677712,9.074124679218219,25.413448224703174,28.166571312750914,,57.253066896647944,55.614999999999995,53.976933103352046,313255.6,401714.8,0.7812438149549442,54.251731507095606
2026-03-06,3706,80.5,81.7,80.1,80.8,12244719.0,988619580.0,80.36,79.16,79.55499999999999,85.15833333333333,87.80666666666666,75.66145833333333,67.64705882352936,55.19125683060106,-0.98169582904724,-1.5710158589260494,0.5893200298788095,28.40650037677867,28.29177274235172,12.94489666126858,,83.54207121106667,79.55499999999999,75.56792878893332,15298877.8,11763634.15,0.8003671354247957,80.73844569238379
2026-03-06,3707,54.7,57.1,54.4,55.4,3971000.0,221553000.0,55.46,54.18000000000001,55.44,56.346666666666664,56.57333333333333,56.68666666666666,58.57988165680472,47.265625,-0.45592242458620547,-0.5509445855292473,0.09502216094304183,13.554290985418426,17.40286421896564,45.220121376069265,,59.55538832343093,55.44,51.32461167656906,4927600.0,7709216.45,0.8058689828719864,55.7927474187862
2026-03-06,3708,115.0,119.5,114.5,117.5,794207.0,93474700.0,119.3,112.95,115.425,112.83333333333333,117.7875,100.23666666666666,76.36363636363636,50.94339622641509,0.975934848229528,0.31987279847348815,0.6560620497560399,31.768387327430187,21.60170110983778,17.13475239075847,,128.3957160050713,115.425,102.4542839949287,2021699.8,1377579.6,0.39284121213248374,117.69563854259658
2026-03-06,3709,69.0,73.1,67.0,67.7,5550000.0,390012900.0,68.7,65.39000000000001,65.125,64.975,64.9375,64.91875,61.354581673306775,53.97727272727273,0.89079332864317,0.23419039408181155,0.6566029345613584,29.112184592271156,12.015691195255904,58.41764467206925,,71.72384359885164,65.125,58.526156401148356,6826200.0,4722790.35,0.8130438604201459,70.2725945945946
2026-03-06,3710,6.3,6.71,6.11,6.71,622000.0,4019410.0,6.558,6.704000000000001,6.784999999999999,6.861666666666667,6.880833333333333,6.890416666666667,41.61073825503356,45.41062801932367,-0.0926909981792754,-0.05007033496941667,-0.042620663209858724,19.543323837761832,24.751345226341954,53.31368483670436,,7.211318388556079,6.784999999999999,6.358681611443919,331200.0,278287.55,1.8780193236714975,6.462073954983923
2026-03-06,3711,346.0,349.5,339.0,342.0,13123486.0,4505995774.0,367.0,351.4,327.075,263.30833333333334,217.49583333333334,183.52291666666667,43.01675977653631,61.5979381443299,27.519024257543435,26.65455192666241,0.8644723308810249,35.49945476468415,23.432909065940905,39.01021312204428,,388.92054189778935,327.075,265.22945810221063,29003056.8,26787863.45,0.45248630482287644,343.3535703851858
2026-03-06,3712,23.5,23.5,22.75,23.05,866892.0,20101115.0,24.28,24.75,25.625,,,,20.689655172413822,26.271186440677965,-0.7004824064856727,-0.5155918893539801,-0.18489051713169258,17.416160752102364,33.87671946133486,15.163349975870483,,28.136971337414472,25.625,23.113028662585528,843687.6,864233.35,1.0275035451510726,23.187565463748655
2026-03-06,3713,19.5,19.5,18.0,18.8,166000.0,3046250.0,19.28,19.294999999999998,19.3,19.16666666666667,19.133333333333333,19.116666666666667,38.18181818181821,47.222222222222214,-0.011146456885921197,0.07123728936410147,-0.08238374625002266,13.175867481312196,19.00161881164539,29.372292251090546,,20.223380516876638,19.3,18.376619483123363,112400.0,115982.5,1.4768683274021353,18.35090361445783
2026-03-06,3714,38.35,39.5,37.6,39.15,11803618.0,456151621.0,38.55,37.295,36.865,34.255833333333335,35.810833333333335,37.09437500000001,85.5670103092784,71.0526315789474,1.104391961276285,0.8999074376987571,0.20448452357752778,32.464643022238334,11.430303730214376,32.37979979548473,,39.36049067003132,36.865,34.369509329968686,6930309.6,5513511.1,1.7031876902007381,38.64506806302949
2026-03-06,3715,148.5,158.5,148.0,153.5,28316734.0,4363165729.0,151.8,146.85,147.025,126.13000000000001,111.00583333333334,81.18604166666667,70.49180327868852,57.04697986577181,6.3760873817726065,6.580731684153253,-0.2046443023806468,31.552068275089635,14.298587697066475,34.82434315154345,,159.27019239710563,147.025,134.77980760289438,29165952.0,33525484.8,0.9708832408419241,154.0843562326079
2026-03-06,3716,33.55,34.0,33.2,33.85,147000.0,4945385.0,33.980000000000004,33.935,33.9325,33.880833333333335,33.83875,35.110833333333325,48.00000000000014,46.511627906976805,0.03090798106954651,0.03834150804094643,-0.007433526971399922,13.395615379590648,24.61382698401718,13.006360138934825,,34.280841937273564,33.9325,33.58415806272643,93484.6,104077.4,1.572451505381635,33.64207482993197
2026-03-06,4102,19.95,20.0,19.9,20.0,24000.0,478900.0,20.080000000000002,20.18,20.0375,19.9125,19.88125,19.865625000000005,33.333333333333584,53.846153846153804,0.05505288634338257,0.0748778856607614,-0.019824999317378827,4.468127048592542,6.600374250357017,55.003899059901606,,20.460366160237125,20.0375,19.614633839762877,51400.0,58895.9,0.4669260700389105,19.954166666666666
2026-03-06,4104,77.3,78.0,77.3,78.0,107791.0,8386859.0,78.17999999999999,77.72,77.94500000000001,80.75,83.2825,84.34020833333332,55.99999999999991,45.07042253521127,-0.697162698582602,-0.9225090450617358,0.22534634647913376,15.201144938331376,30.47991558370126,45.41627287243393,,80.24966346441603,77.94500000000001,75.64033653558398,244324.8,301012.65,0.44117911894330825,77.80667217114602
2026-03-06,4105,84.4,84.4,82.7,83.4,515000.0,42936600.0,84.16,84.14,84.19,84.13000000000001,84.115,84.1075,46.666666666666686,44.927536231884126,-0.05605379557293588,0.02524343514853471,-0.08129723072147059,9.052982711232946,11.882041324041978,49.751875608572846,,85.18026843782246,84.19,83.19973156217753,818800.0,521267.6,0.6289692232535418,83.37203883495145
2026-03-06,4106,22.5,22.8,22.45,22.8,36986.0,837175.0,22.82,22.94,23.0875,22.279166666666665,22.126250000000002,22.58625,34.9999999999998,43.18181818181814,0.10047031432088716,0.18976298489973692,-0.08929267057884976,23.875676215968962,23.947534189153785,20.291910671433964,,23.577263637944842,23.0875,22.597736362055155,64143.8,97595.65,0.5766106778831314,22.63491591412967
2026-03-06,4107,120.0,120.5,119.0,120.0,58000.0,6937500.0,120.8,120.2,119.675,119.225,119.1125,119.05625,51.851851851851855,52.94117647058823,0.4166059514746223,0.32871156452014116,0.08789438695448115,17.21856873750992,20.730809567846357,34.22177486231437,,122.4711439613567,119.675,116.87885603864329,113600.0,53273.15,0.5105633802816901,119.61206896551724
2026-03-06,4108,13.9,13.9,13.5,13.65,167643.0,2286307.0,13.940000000000001,14.09,14.125,14.01,14.34375,14.481458333333334,5.000000000000057,40.42553191489364,-0.01772142294570145,0.04096363488660552,-0.058685057832306965,25.727072251517097,27.9467848121847,16.103722315598077,,14.916068564464613,14.125,13.333931435535387,171317.4,276664.5,0.9785520910310337,13.63795088372315
2026-03-06,4109,13.5,13.6,13.4,13.4,135000.0,1818450.0,13.64,13.680000000000001,13.85,13.95,13.975,13.9875,36.36363636363645,34.21052631578951,-0.12002747132081915,-0.06796097949595259,-0.052066491824866556,8.045703851388133,24.813074328653688,50.43910763969435,,14.317918121492482,13.85,13.382081878507517,195600.0,183088.4,0.6901840490797546,13.47
2026-03-06,4111,29.7,30.15,29.65,30.1,71000.0,2117250.0,29.860000000000003,29.775,29.759999999999998,29.75333333333333,29.751666666666665,29.750833333333336,63.6363636363636,58.97435897435896,0.03687692012687194,0.008248329378849282,0.028628590748022653,18.33533788398507,17.217574085002106,38.97188686084658,,30.030671679151578,29.759999999999998,29.48932832084842,103400.0,87216.25,0.6866537717601547,29.820422535211268
2026-03-06,4113,19.2,19.5,19.0,19.25,115000.0,2203600.0,19.82,20.080000000000002,20.392500000000002,20.5975,20.64875,20.674374999999998,29.629629629629633,29.577464788732442,-0.28578772249655415,-0.13835133025595178,-0.14743639224060237,6.468001298860634,23.825677068298052,50.39755059899751,,21.409344965671036,20.392500000000002,19.375655034328968,217400.0,206829.35,0.5289788408463661,19.161739130434782
2026-03-06,4114,31.3,31.6,31.25,31.5,613000.0,19246000.0,31.85,32.135,32.0625,31.954166666666666,31.92708333333333,31.913541666666664,29.545454545454533,43.10344827586209,-0.04744716488448475,0.05848694768741336,-0.10593411257189811,8.020726038183271,19.610077911079923,45.58739250763476,,32.824681771385,32.0625,31.300318228614998,1086600.0,784419.45,0.5641450395729799,31.396411092985318
2026-03-06,4116,41.0,41.0,39.95,40.15,101000.0,4045650.0,41.61,41.875,42.05,42.05,42.04999999999999,42.04999999999999,26.66666666666667,35.384615384615415,-0.22143546925685342,-0.013400543381495664,-0.20803492587535777,7.708737719573736,24.379089997845778,34.21466571167756,,43.5279074823262,42.05,40.572092517673795,47400.0,27014.95,2.130801687763713,40.05594059405941
2026-03-06,4119,50.6,52.5,50.3,52.2,164048.0,8418778.0,52.64,52.510000000000005,52.65,50.6175,54.81791666666666,63.541875,51.78571428571431,51.456310679611676,0.43173777777844435,0.564064592707254,-0.1323268149288096,23.320178811046937,22.504619782306833,17.348044444003456,,54.52448238469679,52.65,50.77551761530321,154060.4,131540.3,1.0648291189689238,51.31899200234078
2026-03-06,4120,44.25,44.25,43.8,43.9,11000.0,483850.0,43.99,44.08,44.44,44.64666666666667,44.69833333333334,44.72416666666666,41.379310344827694,37.31343283582093,-0.2195790673522211,-0.15416928919956874,-0.06540977815265236,10.037442753892366,13.845542475082182,16.276393106351403,,45.306693656799716,44.44,43.57330634320028,23400.0,33856.9,0.4700854700854701,43.986363636363635
2026-03-06,4121,19.0,19.75,18.9,19.35,198000.0,3815550.0,19.42,18.45,18.685,18.895,18.9475,18.97375,70.3703703703704,52.75590551181104,0.06029429766592642,-0.0919823256098204,0.15227662327574681,16.116121555273047,10.359734842162958,45.621507631824265,,20.290287316470497,18.685,17.0797126835295,623200.0,668820.65,0.3177150192554557,19.270454545454545
2026-03-06,4123,49.8,51.4,48.0,48.0,45190000.0,2233764100.0,45.58,42.605000000000004,41.0675,39.98916666666666,39.71958333333334,39.58479166666667,87.38317757009345,82.02247191011233,1.7599295893432725,0.7766544032220496,0.9832751861212229,44.97926688141131,2.581940857205951,49.9911169756821,,47.10695579632714,41.0675,35.02804420367286,21101800.0,6342141.55,2.1415234719313045,49.43049568488604
2026-03-06,4126,80.8,81.6,80.8,81.4,100000.0,8115500.0,80.92,80.74,80.71000000000001,80.77,80.785,80.7925,50.0,54.83870967741943,0.05038627896445291,-0.0047673321452513795,0.05515361110970429,20.964927374893502,17.90621817990096,44.478364556166696,,81.72130452491092,80.71000000000001,79.6986954750891,85000.0,71595.45,1.1764705882352942,81.155
2026-03-06,4127,35.5,36.5,35.5,36.3,50000.0,1801500.0,36.63,37.61,37.515,37.405,37.377500000000005,37.36375,24.999999999999872,43.71257485029937,-0.20022655030925307,0.03602049208261639,-0.23624704239186944,4.273910828194643,8.298937631087162,34.99250055655386,,39.341443192886686,37.515,35.688556807113315,40400.0,169487.45,1.2376237623762376,36.03
2026-03-06,4128,17.4,17.7,17.3,17.5,898000.0,15682500.0,18.07,18.315,18.8375,19.2125,19.30625,19.353125,30.6122448979592,22.058823529411768,-0.41127872580931424,-0.24830668973399697,-0.16297203607531727,4.7636408429799255,27.96185639753383,76.50882105338293,,20.177521602339606,18.8375,17.49747839766039,1483400.0,1123373.45,0.6053660509640016,17.46380846325167
2026-03-06,4129,104.0,106.0,104.0,104.5,111000.0,11620000.0,106.9,108.35,108.525,108.50833333333334,108.50416666666666,108.50208333333333,20.0,36.666666666666664,-0.6042393742659584,-0.03269809559676652,-0.5715412786691919,8.479584611946052,22.834553810206398,45.97585591524307,,112.07131016543585,108.525,104.97868983456416,157200.0,213598.65,0.7061068702290076,104.68468468468468
2026-03-06,4130,33.05,35.9,33.0,34.95,3651000.0,126846850.0,32.120000000000005,32.095000000000006,31.825,31.575,31.512499999999996,31.48125,70.06802721088437,65.62500000000001,0.34283161719097777,0.11346036626879467,0.22937125092218308,20.888301072800708,11.700495033150261,53.034187780590536,,33.74812793454611,31.825,29.901872065453887,1662200.0,1381178.25,2.196486584045241,34.743043001917286
2026-03-06,4131,36.95,37.2,36.1,36.1,60000.0,2199350.0,38.03,38.545,38.959999999999994,39.220000000000006,39.285000000000004,39.317499999999995,15.90909090909085,25.190839694656475,-0.4617762074109848,-0.1673283636586918,-0.294447843752293,7.182498298514083,16.65997137275341,46.36726270440421,,40.728912838886906,38.959999999999994,37.19108716111308,73000.0,69250.15,0.821917808219178,36.655833333333334
2026-03-06,4133,23.8,24.25,23.8,24.25,91654.0,2201493.0,24.779999999999998,25.095000000000002,25.622499999999995,23.871666666666666,24.90333333333333,26.788124999999997,24.999999999999915,33.33333333333336,0.1352912404935367,0.41241436814951793,-0.27712312765598124,22.489750513561155,27.791502026731933,18.46648621305408,,28.19798666836899,25.622499999999995,23.047013331631,142637.0,578534.75,0.6425681975924901,24.01960634560412
2026-03-06,4137,113.5,114.5,112.5,113.0,219522.0,24920815.0,111.6,109.8,107.2,102.14500000000001,103.33500000000001,107.72125,80.0,82.75862068965517,2.876069787350616,2.231552710391044,0.644517076959572,38.218231888140856,9.717082748815848,44.60183282677015,,114.2516888607976,107.2,100.1483111392024,287220.2,197526.9,0.7642986113093717,113.52308652435747
2026-03-06,4138,58.4,59.0,58.4,58.4,14000.0,821700.0,58.5,58.96,59.394999999999996,59.665,59.732499999999995,59.76624999999999,28.571428571428626,35.4166666666667,-0.36393644791782975,-0.20142516068330663,-0.16251128723452313,8.873556503531352,20.931445343113893,82.23910949104523,,60.62527596390748,59.394999999999996,58.164724036092515,55000.0,31312.0,0.2545454545454545,58.69285714285714
2026-03-06,4139,22.8,23.15,22.8,23.15,4000.0,91550.0,,,,,,,39.99999999999999,41.1764705882353,-0.11373757844539867,-0.03807043439548207,-0.07566714404991659,35.67453346347424,16.0594479973009,62.013407896276746,,,,,,,,22.8875
2026-03-06,4142,17.8,18.25,17.65,18.2,1055481.0,19093077.0,17.990000000000002,18.065,18.627499999999998,19.165,18.74208333333333,18.979583333333334,59.9999999999999,30.232558139534845,-0.36172824842312323,-0.3213539326871943,-0.04037431573592892,26.797389671933924,24.32236721159079,13.374188603271026,,20.028805782025373,18.627499999999998,17.226194217974623,1594287.2,2819938.2,0.662039436809127,18.089455897358643
2026-03-06,4147,53.1,56.5,53.1,54.3,1879000.0,103252800.0,52.32000000000001,53.11,54.894999999999996,56.165,56.482499999999995,56.64124999999999,54.838709677419324,37.8640776699029,-1.1040664023180824,-0.9075287894859109,-0.19653761283217153,15.61338584532189,12.60103608126606,62.77709064605321,,58.92879147753207,54.894999999999996,50.86120852246792,1225200.0,861839.85,1.5336271629121776,54.950931346460884
2026-03-06,4148,35.5,36.65,35.5,36.6,16168.0,587764.0,36.45,36.75,37.3825,,,,51.16279069767444,42.94117647058826,-0.649827012093219,-0.5806299455371802,-0.06919706655603886,27.599555399576666,38.780911060906604,19.922481259866107,,39.09200131232495,37.3825,35.67299868767505,21262.8,23942.35,0.7603890362511052,36.35353785254824
2026-03-06,4153,34.95,34.95,33.7,33.75,26000.0,886450.0,33.92999999999999,33.795,33.5775,33.325833333333335,33.26291666666667,33.231458333333336,55.55555555555564,57.33333333333329,0.17656832553486623,0.1513115012734315,0.025256824261434746,15.108247061227983,13.949496330099606,33.99694471133436,,34.29530000146898,33.5775,32.85969999853102,20800.0,12965.5,1.25,34.09423076923077
2026-03-06,4154,,,,,,,,,,,,,0.0,7.142857142857238,-0.23074462256188788,-0.08684043358159346,-0.14390418898029442,2.2099750969593934,13.625557404250388,65.68008119721948,,,,,,,,
2026-03-06,4155,13.85,14.05,13.85,14.0,202995.0,2840695.0,14.23,14.225,14.410000000000002,14.720833333333333,14.950416666666667,16.506666666666668,42.1052631578947,32.35294117647058,-0.16281638263336617,-0.141792599183265,-0.02102378345010117,17.65201775772046,26.239991521972282,13.148138167303438,,14.899468024869433,14.410000000000002,13.92053197513057,154135.2,151623.0,1.3169931333011538,13.993916106308037
2026-03-06,4157,11.95,12.1,11.75,12.0,1519000.0,18190900.0,12.06,12.145,12.692499999999999,13.0975,13.19875,13.249375000000002,41.666666666666686,25.92592592592591,-0.35242201029832465,-0.2692679787734545,-0.08315403152487016,2.985675818893253,23.032570686158333,69.41232838800387,,13.896561110531664,12.692499999999999,11.488438889468334,1789800.0,1865419.9,0.8486981785674377,11.975576036866359
2026-03-06,4160,48.15,49.95,48.15,49.2,39000.0,1918450.0,49.38,49.69,50.809999999999995,51.53666666666666,51.718333333333334,51.80916666666667,45.0704225352113,36.36363636363641,-0.7632655077994244,-0.5027708025904772,-0.26049470520894713,10.445353907474551,12.14143086462141,45.95208492488399,,53.52924912236667,50.809999999999995,48.09075087763332,105400.0,54967.25,0.3700189753320683,49.19102564102564
2026-03-06,4161,25.75,25.8,25.45,25.55,49000.0,1252400.0,26.15,26.18,25.682499999999997,25.29416666666667,25.197083333333335,25.14854166666667,25.423728813559393,54.45544554455444,0.25796527090389176,0.2786121559939558,-0.020646885090064016,9.160295993708548,14.616698844164326,74.20704965880721,,27.102757574860057,25.682499999999997,24.262242425139938,73200.0,65064.35,0.6693989071038251,25.559183673469388
2026-03-06,4162,62.8,63.1,61.7,61.9,245000.0,15207000.0,64.13999999999999,64.05,64.285,64.42833333333333,64.46416666666667,64.48208333333334,30.985915492957787,38.793103448275865,-0.26651528161701776,-0.038798904668973795,-0.22771637694804397,8.845571375276291,18.635252323699643,51.40742319755484,,66.51425524500188,64.285,62.055744754998116,452800.0,522434.75,0.541077738515901,62.06938775510204
2026-03-06,4163,108.5,108.5,104.5,105.5,30000.0,3196500.0,105.2,104.0,98.70500000000001,95.16833333333334,94.28416666666666,93.84208333333335,64.70588235294117,83.42541436464089,3.3215411108709247,2.4371254037299983,0.8844157071409264,41.9552731786673,6.528121584610249,81.03744186404637,,109.97442299928629,98.70500000000001,87.43557700071374,53000.0,47010.25,0.5660377358490566,106.55
2026-03-06,4164,31.5,32.35,31.45,32.25,535243.0,17129222.0,32.5,32.80499999999999,33.510000000000005,37.3275,42.09583333333333,43.82083333333333,26.923076923076877,33.333333333333314,-1.3190551414526865,-1.3603103898170905,0.041255248364403974,15.605176326919686,40.11487269670097,41.94845241064495,,35.71563870687464,33.510000000000005,31.304361293125368,756471.8,817565.65,0.707551821495527,32.00270157666704
2026-03-06,4166,24.5,24.6,24.1,24.35,129000.0,3150800.0,25.31,25.985000000000003,26.415,26.738333333333333,26.819166666666664,26.85958333333333,5.660377358490649,14.084507042253534,-0.4802524467202147,-0.2153752117981592,-0.2648772349220555,0.5491655984668238,22.962967659899654,,,28.051781180115096,26.415,24.778218819884902,229800.0,132013.5,0.5613577023498695,24.42480620155039
2026-03-06,4167,18.3,18.45,18.1,18.45,774000.0,14155000.0,18.73,19.035,19.807499999999997,20.302500000000002,20.42625,20.488125000000004,35.135135135135144,25.000000000000014,-0.5313457691805432,-0.3542616608708887,-0.17708410830965454,4.622356672275353,18.753040532696893,42.72493974314035,,21.576911142011284,19.807499999999997,18.03808885798871,1086200.0,1620863.4,0.7125759528631928,18.288113695090438
2026-03-06,4168,24.3,25.2,24.3,24.65,171000.0,4224300.0,25.490000000000002,25.939999999999998,26.68,27.16,27.279999999999998,27.339999999999996,25.862068965517167,20.430107526881713,-0.5882813410772734,-0.3362687364813223,-0.2520126045959511,9.035365213710572,26.648174898107328,52.52376031989961,,28.574701754061074,26.68,24.785298245938925,284000.0,339712.4,0.602112676056338,24.703508771929826
2026-03-06,4171,19.1,19.9,19.0,19.2,173000.0,3326050.0,19.66,20.200000000000003,21.02,21.606666666666666,21.75333333333333,21.826666666666664,23.999999999999957,17.07317073170725,-0.6432583847823601,-0.4024337047076079,-0.24082468007475216,9.582275124671256,19.52737906944382,45.91599224231197,,23.022209306057473,21.02,19.017790693942526,171200.0,194754.0,1.0105140186915889,19.2257225433526
2026-03-06,4173,21.5,21.6,21.45,21.5,61000.0,1313350.0,21.630000000000003,21.495,21.384999999999998,21.295,21.2725,21.26125,53.571428571428626,55.8139534883721,0.08847159722537512,0.06642911163697017,0.02204248558840495,13.386269710681079,9.720444391173174,28.421991592333516,,21.77983507549622,21.384999999999998,20.990164924503777,99000.0,94870.0,0.6161616161616161,21.53032786885246
2026-03-06,4174,38.9,39.2,38.1,38.2,355000.0,13651450.0,40.14,42.910000000000004,46.575,49.19166666666667,49.84583333333333,50.172916666666666,0.0,0.8000000000000256,-2.8700890948347038,-1.8401827411279978,-1.029906353706706,1.3069028026496754e-12,20.222538053391702,84.04306857471772,,55.43695297472944,46.575,37.71304702527057,444000.0,686087.3,0.7995495495495496,38.45478873239436
2026-03-06,4175,54.7,55.0,54.6,54.7,76000.0,4160000.0,56.3,57.2,57.56,57.78666666666666,57.843333333333334,57.87166666666667,2.9411764705882746,19.23076923076934,-0.5233903343509638,-0.16040241203839573,-0.3629879223125681,5.354302923105983,29.50372616771245,52.819189950075334,,59.652995838255656,57.56,55.46700416174435,69000.0,25599.2,1.1014492753623188,54.73684210526316
2026-03-06,4183,16.0,16.1,16.0,16.1,6000.0,96500.0,16.130000000000003,,,,,,40.00000000000057,31.818181818181912,-0.0667470293872654,-0.05680753623793897,-0.009939493149326427,8.405222307752851,2.311058865393669,84.43911108131677,,,,,7000.0,,0.8571428571428571,16.083333333333332
2026-03-06,4188,13.5,13.5,13.15,13.2,29000.0,384300.0,13.63,13.804999999999998,13.870000000000001,13.889999999999999,13.895000000000001,13.8975,0.0,33.3333333333333,-0.09863040901385212,-0.013761092940952535,-0.08486931607289958,14.490879396962766,24.997198007830175,47.81639796705697,,14.413284359002578,13.870000000000001,13.326715640997424,60000.0,39230.55,0.48333333333333334,13.251724137931035
2026-03-06,4190,29.15,29.4,29.1,29.4,15044.0,439401.0,29.24,29.175,29.3225,30.102500000000003,,,63.6363636363636,50.0,-0.21491001098297602,-0.2794836142625231,0.06457360327954709,32.59882122902964,10.011176334182945,40.883175635254446,,29.80751220819677,29.3225,28.837487791803234,24754.8,29267.2,0.6077205228884903,29.207724009571923
2026-03-06,4192,20.85,20.85,20.6,20.6,2000.0,41450.0,21.310000000000002,21.645,,,,,26.31578947368422,22.058823529411768,-0.5128815408170162,-0.31061539526640913,-0.20226614555060707,7.456008318138091,46.07956110605448,90.39458810936954,,,,,10600.0,,0.18867924528301888,20.725
2026-03-06,4198,38.8,40.5,37.5,40.5,19000.0,739050.0,38.95,36.825,,,,,79.01234567901233,79.99999999999997,1.924430250327049,1.2028258605346072,0.7216043897924418,36.5921946772084,9.236193056355315,48.08340618129134,,,,,14400.0,,1.3194444444444444,38.89736842105263
2026-03-06,4205,76.6,77.0,76.6,76.9,32000.0,2457800.0,77.42,77.73,77.85,77.88333333333335,77.89166666666668,77.89583333333333,22.22222222222196,32.142857142856855,-0.1689540620064207,-0.039031361413434724,-0.129922700592986,30.180266230020937,20.15663744690505,57.154437345326116,,78.62730980073313,77.85,77.07269019926686,40200.0,26917.3,0.7960199004975125,76.80625
2026-03-06,4207,20.0,20.25,19.9,20.25,234000.0,4705850.0,19.99,19.585,19.2075,18.935833333333335,18.867916666666666,18.833958333333335,75.75757575757582,79.59183673469387,0.32385601787177976,0.19585450669192492,0.12800151117985484,22.82349495923352,4.356337472052975,69.66592169743792,,20.236180810808836,19.2075,18.178819189191163,409600.0,241043.3,0.5712890625,20.110470085470084
2026-03-06,4303,52.6,53.3,51.5,51.7,706000.0,36767800.0,54.64,55.27,56.145,56.44833333333334,56.52416666666667,56.562083333333334,25.000000000000057,33.98692810457517,-0.7716873457465212,-0.2406946661159119,-0.5309926796306093,12.615778879190035,28.19331542994929,36.63472903350845,,59.759866962682686,56.145,52.53013303731732,978000.0,742436.4,0.721881390593047,52.079036827195466
2026-03-06,4304,30.8,30.95,30.8,30.95,16000.0,495050.0,30.740000000000002,30.195,30.24,30.413333333333334,30.456666666666667,30.478333333333335,86.20689655172418,54.205607476635514,0.07736020440721347,-0.06190521927733711,0.13926542368455058,48.20692830159449,41.043730855178154,52.2377923050065,,31.65555270961,30.24,28.824447290389998,36800.0,27139.8,0.43478260869565216,30.940625
2026-03-06,4305,42.85,42.85,42.85,42.85,1000.0,42850.0,43.14,,,,,,48.148148148148245,58.823529411764845,0.2397907888061539,0.1334122220562255,0.1063785667499284,27.18948315115665,25.429259292349148,29.33772344819622,,,,,11000.0,,0.09090909090909091,42.85
2026-03-06,4306,13.15,13.85,13.15,13.75,1701960.0,23268376.0,13.6,13.520000000000001,13.595000000000002,13.705833333333333,14.052916666666667,15.199583333333333,59.25925925925925,55.319148936170215,-0.08724199604758809,-0.10201283989795715,0.014770843850369059,31.238703346877262,29.157254933250222,16.73425590404826,,14.099610323861636,13.595000000000002,13.090389676138368,1079180.2,907740.65,1.5770860139946972,13.671517544478132
2026-03-06,4401,16.1,16.15,15.5,15.55,30000.0,472700.0,15.75,15.960000000000003,16.19,16.363333333333333,16.406666666666663,16.42833333333333,23.529411764706083,17.857142857143046,-0.2036247080771858,-0.11931782243700112,-0.08430688564018468,9.945244546170436,11.460012906628354,68.17303830137662,,16.824615507299708,16.19,15.555384492700295,73400.0,58211.35,0.4087193460490463,15.756666666666666
2026-03-06,4402,19.25,19.25,18.3,18.6,65000.0,1204500.0,19.220000000000002,19.354999999999997,19.567500000000003,19.722500000000004,19.76125,19.780625,24.242424242424335,21.428571428571516,-0.19985983929610285,-0.09650243693097947,-0.10335740236512338,9.290798223403481,20.776044903036365,61.010437854987714,,20.2814770009572,19.567500000000003,18.853522999042806,51800.0,26106.95,1.2548262548262548,18.53076923076923
2026-03-06,4406,9.78,9.95,9.78,9.95,4000.0,39450.0,9.999999999999998,10.12,10.110000000000001,10.069999999999999,10.06,10.055000000000001,22.22222222222217,47.72727272727269,-0.014647908182267244,0.015460802042298306,-0.03010871022456555,5.437987767646221,8.038749444217059,43.4725878288256,,10.432163737382425,10.110000000000001,9.787836262617578,12200.0,30756.9,0.32786885245901637,9.8625
2026-03-06,4413,18.4,18.4,18.35,18.35,2000.0,36750.0,18.06,,,,,,68.96551724137935,54.761904761904745,0.06256078880865346,0.037578820547929284,0.02498196826072417,17.085954545540513,10.674790150007594,39.25190259589463,,,,,6000.0,,0.3333333333333333,18.375
2026-03-06,4414,10.0,10.2,9.96,10.2,355570.0,3597455.0,10.196,10.168,10.254,10.622333333333334,10.946333333333335,7.736166666666666,50.0,48.06201550387586,-0.18689105988901922,-0.19398239998953984,0.007091340100520621,20.84618034003381,25.341024200854868,15.701607748818205,,10.637907883687992,10.254,9.870092116312007,331394.2,300464.0,1.072951789741643,10.117431166858847
2026-03-06,4416,18.55,18.55,18.55,18.55,206000.0,3821300.0,23.02,25.43,27.2275,28.409166666666668,28.704583333333336,28.852291666666666,0.0,9.652509652509636,-1.8182880985692123,-0.8245447461115478,-0.9937433524576644,1.9314122270397198,41.228150958659356,83.08232889929754,,33.24820768702747,27.2275,21.206792312972535,179800.0,263402.0,1.1457174638487209,18.55
2026-03-06,4417,52.8,52.8,52.3,52.5,70000.0,3679700.0,52.61999999999999,52.32000000000001,52.144999999999996,51.98166666666666,51.94083333333333,51.92041666666667,48.27586206896549,55.55555555555557,0.17436614199812794,0.12480090133301419,0.04956524066511375,15.088981466621131,12.002182810371643,54.50110633398761,,53.07060080061831,52.144999999999996,51.219399199381684,104600.0,71683.85,0.6692160611854685,52.567142857142855
2026-03-06,4419,43.6,43.6,43.6,43.6,1000.0,43600.0,44.519999999999996,44.81,46.045,46.98166666666667,47.215833333333336,47.33291666666667,32.30769230769236,20.15503875968996,-0.8703172185711381,-0.6154028753448064,-0.25491434322633166,6.338162471803424,12.130421639583004,26.372722833908743,,48.85661126309041,46.045,43.233388736909596,10800.0,9915.45,0.09259259259259259,43.6
2026-03-06,4420,50.3,51.5,50.3,51.3,75000.0,3837200.0,50.98,50.739999999999995,50.6,50.46666666666667,50.43333333333333,50.416666666666664,63.88888888888885,58.4905660377358,0.14223450293455642,0.08401946951301235,0.05821503342154406,20.89171325002402,9.929313314290482,43.65415957714991,,51.331257028756134,50.6,49.86874297124387,65000.0,37763.9,1.1538461538461537,51.16266666666667
2026-03-06,4426,9.26,9.31,9.18,9.3,61848.0,573510.0,9.372,9.337,9.467500000000001,9.735999999999999,9.981833333333332,10.7485,57.142857142857146,37.93103448275864,-0.10826697853293332,-0.10941889726350816,0.0011519187305748385,19.353402546473408,20.38603120790666,21.329230270439716,,9.853948062827536,9.467500000000001,9.081051937172466,103192.2,169774.9,0.5993476251112003,9.272894838960031
2026-03-06,4430,19.4,19.4,18.6,18.6,18000.0,340450.0,18.71,18.604999999999997,18.48,18.393333333333334,18.37166666666667,18.360833333333336,30.000000000000213,57.575757575757585,0.09860726616821225,0.06798806876953585,0.030619197398676398,19.597038914817897,10.115159493820851,70.62433519596183,,18.895995951397303,18.48,18.064004048602698,14600.0,23323.1,1.2328767123287672,18.913888888888888
2026-03-06,4432,15.1,15.7,15.1,15.35,15000.0,228700.0,15.669999999999998,15.944999999999999,16.2625,16.4875,16.543750000000003,16.571875,21.428571428571473,23.40425531914893,-0.2747542559868972,-0.15318431961920081,-0.12156993636769636,9.919582909794928,22.37093582614893,87.69121323120493,,17.13661609490298,16.2625,15.388383905097019,38600.0,26466.55,0.38860103626943004,15.246666666666666
2026-03-06,4433,20.4,20.55,20.2,20.35,33000.0,671500.0,20.84,21.46,21.7525,21.950833333333332,22.00041666666667,22.025208333333335,0.0,24.99999999999997,-0.34277166153024297,-0.14881433245706063,-0.19395732907318233,4.31941559426769,12.214991917519091,55.38700468754154,,22.969257987440397,21.7525,20.535742012559606,45800.0,45924.6,0.7205240174672489,20.348484848484848
2026-03-06,4438,65.2,66.3,65.2,66.0,66351.0,4378049.0,67.38,67.7,68.26500000000001,75.915,73.77916666666667,80.31041666666667,19.047619047619236,37.5,-2.0974018740196954,-2.24968816859817,0.15228629457847465,15.596747081747791,35.99312313681903,36.76529851531296,,70.81989210813435,68.26500000000001,65.71010789186568,72596.6,85876.0,0.9139684227636005,65.98316528763696
2026-03-06,4439,98.2,100.0,97.5,99.0,28132.0,2755283.0,100.74000000000001,101.61999999999999,101.83500000000001,101.04833333333333,96.77833333333334,94.40666666666668,30.26315789473682,43.80165289256198,-0.39821497022899166,0.06313980377425471,-0.46135477400324637,22.000084260670054,32.055370218453014,20.681176169469015,,104.59354652803933,101.83500000000001,99.07645347196069,23114.2,19144.4,1.217087331597027,97.94124129105644
2026-03-06,4440,17.65,17.8,17.6,17.8,111861.0,1982065.0,17.580000000000002,17.415,17.365000000000002,17.856666666666666,17.987916666666663,18.75479166666667,100.0,77.27272727272748,-0.03158132030374006,-0.12196539747582426,0.0903840771720842,28.767741441327505,13.458465588883046,15.27515512551063,,17.761165834495472,17.365000000000002,16.968834165504532,105445.0,86691.3,1.0608468870027028,17.718999472559695
2026-03-06,4442,55.5,55.8,55.0,55.8,14000.0,775800.0,55.54,55.410000000000004,56.08,56.559999999999995,56.67999999999999,56.739999999999995,83.3333333333334,39.99999999999999,-0.35379360426693296,-0.3337280984042501,-0.020065505862682853,29.06676616487669,19.669720378203312,42.898130450187715,,57.6675834002129,56.08,54.4924165997871,13800.0,63523.45,1.0144927536231885,55.41428571428571
2026-03-06,4502,15.75,15.75,15.6,15.75,29000.0,454550.0,15.75,15.790000000000001,15.8,15.800000000000002,15.8,15.800000000000002,39.99999999999999,44.4444444444444,-0.013889485676390478,-0.003450698421704328,-0.01043878725468615,5.30268848882315,22.169274244445866,63.75081003409669,,15.891766293553085,15.8,15.708233706446917,25800.0,22042.25,1.124031007751938,15.674137931034483
2026-03-06,4503,36.0,36.85,35.55,36.7,237000.0,8592500.0,37.760000000000005,38.02,38.217499999999994,38.2725,38.286249999999995,38.293124999999996,38.56209150326796,41.666666666666686,-0.2492699089074506,-0.03472853602530717,-0.21454137288214342,3.290170780370569,19.31477410459156,61.31364236319757,,39.91060521325695,38.217499999999994,36.52439478674304,212400.0,149131.3,1.115819209039548,36.255274261603375
2026-03-06,4506,115.5,117.0,115.5,116.0,40000.0,4648000.0,116.2,115.15,113.35,112.11666666666666,111.80833333333334,111.65416666666667,62.50000000000001,65.51724137931035,1.22226889413092,0.8851906024682623,0.3370782916626578,12.5167113832825,5.1960871214985955,51.787794126985965,,117.65544331111946,113.35,109.04455668888053,109400.0,76377.5,0.3656307129798903,116.2
2026-03-06,4510,42.5,43.4,41.8,42.0,719000.0,30491800.0,44.23,45.535000000000004,47.635,49.17833333333333,49.564166666666665,49.757083333333334,27.672955974842793,21.505376344086017,-1.7142141389421752,-1.0528762270018763,-0.6613379119402989,7.9969341360896715,20.759774167288697,36.19921408814693,,53.069984142716415,47.635,42.20001585728358,1218200.0,3074306.65,0.5902150714168445,42.4086230876217
2026-03-06,4513,16.9,17.15,16.7,16.95,246000.0,4167450.0,17.810000000000002,18.15,18.3975,18.499166666666667,18.524583333333336,18.537291666666665,24.59016393442623,32.2222222222222,-0.27342327974366754,-0.07859413908988629,-0.19482914065378126,10.796675904514903,22.221317575307957,49.832167388488976,,19.63442105011215,18.3975,17.160578949887853,424000.0,293748.7,0.5801886792452831,16.940853658536586
2026-03-06,4523,33.4,34.35,33.1,33.5,389000.0,13097800.0,34.0,31.860000000000003,30.365,29.32166666666667,29.06083333333333,28.930416666666666,64.82758620689656,69.10569105691057,1.2904689364157313,0.8146658200452289,0.47580311637050243,34.48248850193596,10.042077439180016,52.488772527204254,,35.04092940381628,30.365,25.68907059618372,969800.0,381609.3,0.40111363167663433,33.67043701799486
2026-03-06,4526,31.5,32.15,31.3,31.9,1282447.0,40643516.0,33.620000000000005,33.89,34.4625,32.18416666666666,33.91375,30.625625,46.859903381642525,46.39639639639639,0.17590323897561433,0.5618829362220076,-0.38597969724639325,26.847423083933442,30.190138492582403,14.613516882214064,,38.03739418319639,34.4625,30.887605816803607,4707713.2,5508147.75,0.27241400346988004,31.692160377777796
2026-03-06,4527,40.8,41.7,40.8,41.0,30000.0,1236200.0,41.26,41.135,41.0475,40.91583333333334,40.882916666666674,40.866458333333334,47.82608695652188,53.1914893617021,0.08167989055839087,0.08159813979761822,8.175076077264476e-05,7.938075304139734,4.346416772448983,63.596742997836785,,41.527055715439325,41.0475,40.567944284560674,36000.0,37442.1,0.8333333333333334,41.20666666666666
2026-03-06,4528,18.8,19.1,18.35,18.35,14000.0,259750.0,18.89,19.205000000000002,19.622500000000002,19.940833333333334,20.02041666666667,20.060208333333335,0.0,11.111111111111114,-0.3534707223118616,-0.21028137389394908,-0.14318934841791253,8.569929589914066,16.131243341193954,72.48043851962603,,20.710944085066302,19.622500000000002,18.534055914933703,23600.0,25975.25,0.5932203389830508,18.553571428571427
2026-03-06,4529,3.3,3.3,3.22,3.3,14000.0,45450.0,3.308,3.325,3.3244999999999996,3.328166666666667,3.3290833333333336,3.329541666666666,50.0,48.59813084112148,-0.008655465089501657,-0.002964688414994435,-0.0056907766745072225,14.501336787411365,3.9722555052042683,55.20222512210725,,3.448380247777737,3.3244999999999996,3.200619752222262,50200.0,33500.15,0.2788844621513944,3.2464285714285714
2026-03-06,4530,,,,,,,,,,,,,100.0,64.15094339622647,0.10953986969014906,0.09382160327638811,0.01571826641376095,16.80589287268573,31.03607386239234,54.90614693973809,,,,,,,,
2026-03-06,4532,25.2,25.85,25.05,25.8,1033609.0,26480393.0,25.74,25.689999999999998,25.7175,24.47833333333333,24.220416666666665,25.551041666666666,57.5,55.07246376811597,0.25668515834394157,0.33021901158372857,-0.073533853239787,26.875420554776557,26.784501767957607,19.011547051419235,,26.226653063532847,25.7175,25.208346936467155,824237.6,976872.3,1.2540182588127502,25.61935219217325
2026-03-06,4533,38.15,40.9,35.55,35.65,53627000.0,2065052300.0,34.25,32.975,34.352500000000006,35.384166666666665,35.642083333333325,35.77104166666666,71.29629629629628,49.23547400611621,-0.39428085103674704,-0.690742321507232,0.296461470470485,27.629076651562624,11.399101178285237,44.51832552764447,,38.55193291911006,34.352500000000006,30.153067080889954,21353400.0,10463340.8,2.511403336236852,38.507697615007366
2026-03-06,4534,28.9,30.0,27.8,29.3,1414000.0,41167500.0,28.2,24.93,23.745,22.981666666666666,22.790833333333335,22.69541666666667,76.86832740213524,70.18072289156626,1.4791068103039535,0.6238370024495475,0.855269807854406,33.76211286781564,8.767392507204463,39.3073014678837,,29.620273789812963,23.745,17.86972621018704,2477400.0,1229276.9,0.5707596673932348,29.114214992927863
2026-03-06,4535,29.1,29.35,28.55,28.55,25000.0,725000.0,29.439999999999998,29.68,29.332500000000003,29.110833333333336,29.055416666666662,29.027708333333333,16.666666666666615,43.66197183098591,0.08361878368501152,0.16058262107669483,-0.0769638373916833,8.35402828102754,17.77194952165415,66.98550907889843,,30.324189149089797,29.332500000000003,28.34081085091021,17600.0,28809.95,1.4204545454545454,29.0
2026-03-06,4536,163.5,165.0,162.5,164.0,95691.0,15722377.0,166.9,164.2,162.45,164.60833333333332,176.0,182.76166666666668,46.15384615384615,60.714285714285715,0.9250029439179741,0.09795948012293411,0.82704346379504,20.45446904883476,21.564167465599546,17.97130401431343,,170.72742650064993,162.45,154.17257349935005,622405.6,365153.35,0.15374379664964455,164.30361266994805
2026-03-06,4538,19.2,19.4,18.85,19.05,40000.0,761900.0,18.940000000000005,18.479999999999997,18.1225,17.874166666666667,17.81208333333333,17.781041666666667,86.36363636363623,90.6249999999999,0.31693017300094795,0.1850901052576391,0.13184006774330884,32.00678456002644,3.971872045443941,61.27858023387674,,19.150259443490697,18.1225,17.0947405565093,40800.0,28316.75,0.9803921568627451,19.0475
2026-03-06,4540,47.1,47.35,46.1,46.95,959741.0,44820513.0,49.88,48.775,48.5525,39.907500000000006,41.24833333333333,42.27354166666667,45.5,48.22834645669292,2.4025786201060697,2.7929502778970567,-0.39037165779098704,29.67049536474841,21.221591411951255,33.60656226421277,,52.99765999356798,48.5525,44.107340006432025,4327225.8,4670502.6,0.22179129177867263,46.70063381683183
2026-03-06,4541,43.85,45.0,43.7,43.7,872000.0,38570950.0,44.83,44.035000000000004,43.845,43.781666666666666,43.76583333333333,43.75791666666667,45.6140350877193,49.76303317535546,0.18188739385502117,0.12956913153474167,0.0523182623202795,24.009612859745783,14.616355768888637,51.55026541452579,,45.9061442912794,43.845,41.783855708720594,1558000.0,862456.2,0.5596919127086007,44.232740825688076
2026-03-06,4542,145.0,152.5,141.0,147.0,1517000.0,223557500.0,149.6,145.35,129.45,116.81666666666666,113.65833333333333,112.07916666666667,55.208333333333336,71.09826589595376,10.157624522450732,8.415028995310175,1.7425955271405567,26.573713842477225,7.697766439492726,69.91507315433407,,165.09724836210324,129.45,93.80275163789675,1499200.0,1930036.2,1.0118729989327642,147.3681608437706
2026-03-06,4543,29.35,29.9,29.0,29.25,157000.0,4601650.0,30.060000000000002,30.2,30.435000000000002,30.57833333333333,30.614166666666666,30.632083333333334,38.94736842105263,40.66666666666668,-0.22679563902278232,-0.08384111512710545,-0.14295452389567687,7.580672407070136,19.514956847168037,44.008030705867945,,31.72099746254968,30.435000000000002,29.149002537450325,239000.0,222379.0,0.6569037656903766,29.309872611464968
2026-03-06,4545,34.0,34.0,32.8,33.45,96448.0,3207439.0,34.760000000000005,34.260000000000005,35.0075,34.98083333333333,33.528749999999995,35.22229166666667,50.51546391752582,37.444933920704855,-0.51567164367831,-0.3964557458048652,-0.11921589787344478,23.223172889833105,26.85526486620315,15.389136950705124,,37.683371722202445,35.0075,32.331628277797556,160799.4,390318.75,0.599803233096641,33.25562997677505
2026-03-06,4549,98.5,99.2,97.4,98.3,128000.0,12586200.0,100.25999999999999,100.36,102.38,103.79333333333334,104.14666666666668,104.32333333333332,41.17647058823528,36.63793103448275,-1.308959230173599,-0.8992149391238927,-0.40974429104970633,5.6990129625297055,14.318388243349512,50.419252895251354,,107.55874197282047,102.38,97.20125802717952,189800.0,163631.95,0.6743940990516333,98.3296875
2026-03-06,4550,25.9,26.0,25.9,26.0,4000.0,103900.0,26.369999999999997,26.5,26.3825,26.26083333333333,26.230416666666667,26.215208333333333,20.833333333333343,45.65217391304349,0.017971521052739803,0.07637167114009862,-0.05840015008735881,7.20161624981195,17.61683615636831,31.31185269696609,,26.931446359185628,26.3825,25.833553640814372,23600.0,19551.3,0.1694915254237288,25.975
2026-03-06,4551,121.5,125.0,121.5,122.0,349803.0,42873419.0,124.3,123.05,121.45,118.99166666666666,135.17083333333332,120.88583333333332,50.0,61.11111111111111,1.5029297125307295,1.1440514619043547,0.3588782506263748,24.087847952455306,22.487903932359472,12.249138230149347,,128.61644226494738,121.45,114.28355773505263,375812.0,451827.05,0.9307925239215352,122.56446914406109
2026-03-06,4552,23.3,23.5,23.15,23.4,50092.0,1166904.0,23.529999999999998,23.47,23.6325,23.311666666666667,23.25791666666667,23.33458333333333,47.36842105263154,44.444444444444436,-0.05731829873979777,-0.026708011948779083,-0.030610286791018685,20.676821377362618,25.405850904393873,13.601537238647472,,24.333082464435083,23.6325,22.931917535564917,74623.6,79688.3,0.6712621744327532,23.295216801086003
2026-03-06,4554,26.0,26.45,26.0,26.45,17000.0,446450.0,26.52,26.630000000000003,26.747500000000002,26.782500000000002,26.791249999999998,26.795625000000005,48.07692307692306,46.06741573033707,-0.10029972159896516,-0.03834210586805282,-0.061957615730912345,16.591806522694053,23.75182037028071,25.88309690450176,,27.366050938207923,26.747500000000002,26.12894906179208,26200.0,24558.55,0.648854961832061,26.261764705882353
2026-03-06,4555,35.55,36.8,35.55,36.1,66867.0,2420118.0,37.25,37.790000000000006,38.839999999999996,40.13333333333333,42.305416666666666,40.10395833333334,18.181818181818073,21.73913043478254,-0.7973394615663878,-0.5789534240616601,-0.21838603750472774,17.40307948275857,29.561392802309427,13.955196055323153,,41.97110036148388,38.839999999999996,35.708899638516115,116126.6,160280.1,0.575811226712915,36.19301000493517
2026-03-06,4556,27.15,28.8,27.15,27.8,17000.0,472500.0,27.689999999999998,27.655,27.669999999999998,27.69,27.694999999999997,27.6975,56.75675675675676,50.92592592592594,-0.03965021891339049,-0.010156296449027198,-0.02949392246436329,17.576554043061773,17.898522712935915,33.64091806286595,,28.367665279417903,27.669999999999998,26.972334720582094,28200.0,48745.4,0.6028368794326241,27.794117647058822
2026-03-06,4557,65.7,65.7,64.3,65.0,137460.0,8914441.0,67.03999999999999,67.41,68.80499999999999,72.29833333333333,74.68416666666667,91.64791666666666,27.419354838709708,32.75862068965516,-2.0848136891153217,-1.9335279960811698,-0.15128569303415196,16.763208498359834,38.38902943292691,32.87003015523674,,73.0790218948747,68.80499999999999,64.53097810512529,128884.2,129484.55,1.066538799945998,64.85116397497454
2026-03-06,4558,19.0,19.3,18.9,18.95,39000.0,740150.0,19.009999999999998,19.029999999999998,19.2425,19.41416666666667,19.457083333333333,19.47854166666667,44.44444444444436,23.809523809523782,-0.1399457300582334,-0.11081815315853001,-0.029127576899703397,13.429342771679645,15.007586423704527,55.99238458264749,,19.714087464678716,19.2425,18.770912535321283,37800.0,28400.05,1.0317460317460319,18.97820512820513
2026-03-06,4560,32.65,34.35,32.2,34.35,297844.0,9825627.0,33.29,32.905,32.489999999999995,32.3325,32.73166666666667,34.37375,71.42857142857146,75.55555555555564,0.27428103297027917,0.11467206591168447,0.1596089670585947,31.533867483938778,14.880549754646912,16.016409748001024,,33.79408265801943,32.489999999999995,31.185917341980563,315775.8,296950.65,0.943213507811555,32.989172184096375
2026-03-06,4561,37.5,37.5,36.2,37.0,158000.0,5807500.0,38.760000000000005,39.685,42.402499999999996,44.30083333333334,44.775416666666665,45.01270833333333,29.032258064516114,29.426433915211945,-1.9204829834152335,-1.2587238737137307,-0.6617591097015028,6.300341246857203,30.331414843879077,56.72317184231093,,48.77856337880405,42.402499999999996,36.02643662119594,271200.0,245436.2,0.5825958702064897,36.75632911392405
2026-03-06,4562,33.85,34.3,33.35,33.6,209067.0,7044149.0,36.08,36.375,38.027499999999996,37.25333333333334,42.0925,48.375833333333325,24.347826086956587,29.844961240310084,-0.6510811669632943,-0.21854343122077832,-0.43253773574251597,21.957084959249435,33.19141149460001,14.905711566215375,,42.86512392742286,38.027499999999996,33.189876072577135,312142.4,883878.05,0.6697808436149655,33.69326101202007
2026-03-06,4563,48.1,49.4,48.1,48.6,124000.0,6030850.0,50.43,51.625,53.107499999999995,54.16916666666667,54.434583333333336,54.56729166666667,34.64912280701752,35.61320754716981,-1.2973418895072086,-0.7190284288647651,-0.5783134606424435,6.459908581476779,17.912898962443155,44.186292711624894,,57.545407875991714,53.107499999999995,48.669592124008275,266200.0,323372.35,0.4658151765589782,48.63588709677419
2026-03-06,4564,20.1,20.2,19.45,20.2,1838703.0,36652625.0,20.04,18.48,17.735,17.134999999999998,17.75875,18.12791666666667,81.51260504201683,72.31638418079096,0.77574305755682,0.3843083041184351,0.39143475343838496,38.27200248408043,14.33621706449017,24.020426544518084,,20.669208402170526,17.735,14.800791597829473,3294422.8,1625168.2,0.5581259940284532,19.933956163665368
2026-03-06,4566,55.4,56.8,54.6,56.7,184201.0,10280199.0,58.04,58.1,58.7,56.13833333333333,57.24,60.155,41.75824175824175,48.12834224598932,0.045107940216603026,0.39872644590273576,-0.35361850568613273,26.575910416390265,33.005655438272804,18.43445611124334,,62.57868670123085,58.7,54.821313298769155,372006.4,513480.3,0.49515545969101604,55.80968072920342
2026-03-06,4568,42.35,42.35,42.35,42.35,2000.0,84700.0,42.42,42.225,42.2575,42.3525,42.37625,42.388124999999995,45.833333333333385,49.58677685950416,-0.018569241903634293,-0.02435630424731239,0.005787062343678099,19.137890234261594,42.36085289008968,54.49727362583671,,43.269155755887866,42.2575,41.245844244112135,16400.0,14000.0,0.12195121951219512,42.35
2026-03-06,4569,166.0,167.0,160.5,162.5,78089.0,12712976.0,157.1,151.1,147.9,150.39166666666668,159.99166666666667,157.26666666666668,82.0,72.5,2.384297466578005,-0.08213453666737885,2.4664320032453837,43.79989682230633,18.34073114448641,20.735058164247782,,162.06296133173828,147.9,133.73703866826173,105761.8,47388.85,0.7383478722941553,162.80111155220325
2026-03-06,4571,174.0,174.5,171.5,172.0,158073.0,27289811.0,179.5,176.85,180.3,169.03333333333333,173.8375,174.21458333333334,50.0,37.5,1.9569183348138495,2.849094206717931,-0.8921758719040813,34.226575278934355,25.45497578235268,21.78741261764945,,196.82557826044464,180.3,163.77442173955538,733211.0,1098589.0,0.2155900552501258,172.6405584761471
2026-03-06,4572,144.5,145.5,144.0,144.5,42005.0,6080144.0,147.0,146.85,146.925,149.46666666666667,157.5625,161.78125,38.095238095238095,48.57142857142856,-1.2569409453292906,-1.2969165323128384,0.03997558698354786,16.85124094302047,30.239443904241774,20.739285652835985,,150.76762793849434,146.925,143.08237206150568,38814.0,48021.45,1.082212603699696,144.74810141649803
2026-03-06,4576,120.0,120.5,116.0,118.0,1037847.0,122645784.0,120.4,116.6,117.725,109.99833333333332,114.34083333333335,120.37916666666666,61.53846153846154,51.42857142857142,2.3390731829948948,1.969331403911644,0.3697417790832507,32.753825256527804,17.077136679574828,26.440677248268877,,129.08733389664872,117.725,106.36266610335127,1673923.4,1563084.9,0.6200086575048775,118.17327987651359
2026-03-06,4577,84.0,87.0,77.4,85.0,729000.0,60716000.0,80.96,70.1,62.82000000000001,57.60666666666667,56.30333333333333,55.651666666666664,73.97769516728624,75.08361204013377,7.014672765313691,3.7789031059834493,3.2357696593302414,32.703301417194055,8.856281635748648,63.86761563934679,,86.7667479387516,62.82000000000001,38.87325206124841,1812000.0,1667947.7,0.402317880794702,83.28669410150891
2026-03-06,4580,80.9,81.9,80.1,81.4,35000.0,2826800.0,81.58000000000001,81.47999999999999,81.28999999999999,81.16333333333334,81.13166666666666,81.11583333333333,43.18181818181825,52.3076923076924,0.0818893420250646,0.1112501476351731,-0.02936080561010851,15.216200412459942,11.428543958625056,55.23123271173135,,82.43597694474832,81.28999999999999,80.14402305525167,69600.0,38994.75,0.5028735632183908,80.76571428571428
2026-03-06,4581,49.85,50.3,49.85,50.3,2000.0,100150.0,50.489999999999995,50.654999999999994,50.9825,51.9775,,,30.555555555555443,38.57142857142849,-0.37729805676334394,-0.3385907030835314,-0.03870735367981254,24.44288433885542,33.83391296290347,11.881815123305929,,52.071814125106634,50.9825,49.89318587489337,16029.6,24517.45,0.12476917702250835,50.075
2026-03-06,4583,657.0,659.0,640.0,657.0,154402.0,100582992.0,680.8,682.7,723.9,670.35,675.0416666666666,717.4416666666667,28.378378378378372,22.00956937799043,-4.8377938812731145,4.679401296045912,-9.517195177319026,20.267296760744234,31.76932804186641,19.19511152054165,,829.3132719098364,723.9,618.4867280901635,237983.0,418109.7,0.6487942416054928,651.4358104169635
2026-03-06,4584,,,,,,,,,,,,,0.0,21.73913043478261,-0.5746031921682686,-0.3682525081746745,-0.20635068399359413,18.22928503646041,43.7207608819526,50.86263061906554,,,,,,,,
2026-03-06,4588,61.0,62.0,60.9,61.0,122544.0,7506853.0,64.1,64.49000000000001,66.275,63.766666666666666,63.552499999999995,69.33666666666666,28.26086956521739,36.15819209039546,-0.3345699047639954,0.3553130396849515,-0.6898829444489469,23.736929717130135,29.29396253079056,23.46778304509825,,71.39703701254537,66.275,61.15296298745465,106786.6,131367.3,1.1475597125482035,61.25842962527745
2026-03-06,4609,4.9,4.97,4.65,4.97,46000.0,217690.0,5.152000000000001,,,,,,13.114754098360649,49.45652173913042,-0.05085017077591125,0.005173726888504924,-0.05602389766441618,11.23452572991493,37.33306514297302,29.046615492009458,,,,,24000.0,,1.9166666666666667,4.732391304347826
2026-03-06,4702,9.97,9.97,9.85,9.85,29000.0,286360.0,9.93,9.839,9.852,9.863999999999999,9.866999999999999,9.868500000000001,30.303030303030184,49.13793103448278,0.013610752634182433,0.00025035347834720503,0.013360399155835227,5.4135510018077895,8.79765702192743,50.46347848585124,,10.107268692289436,9.852,9.596731307710565,50400.0,106804.7,0.5753968253968254,9.87448275862069
2026-03-06,4706,30.35,30.5,29.8,30.5,14000.0,421500.0,30.4,30.160000000000004,30.25,30.283333333333335,30.291666666666668,30.295833333333338,58.06451612903225,52.38095238095237,0.021849729375457372,-0.01874341569661615,0.040593145072073525,13.794323958837646,9.48055852272443,45.03555889492621,,30.900505876020308,30.25,29.599494123979692,8600.0,8221.85,1.627906976744186,30.107142857142858
2026-03-06,4707,10.1,10.2,10.1,10.15,308000.0,3120400.0,10.16,10.102,10.040000000000001,9.986666666666668,9.973333333333334,9.966666666666669,54.545454545454604,60.0,0.04992215953164525,0.03754834801649169,0.012373811515153557,17.341670955575182,5.750966123780046,69.68655841228797,,10.234232633173404,10.040000000000001,9.845767366826598,732200.0,381571.75,0.42065009560229444,10.13116883116883
2026-03-06,4711,15.0,15.2,15.0,15.2,7000.0,105400.0,15.089999999999998,15.005,15.017500000000002,15.005833333333333,15.002916666666666,15.001458333333334,85.71428571428557,59.99999999999996,0.026691150107373218,0.004627421049647398,0.02206372905772582,8.10981001692502,8.243877217496598,25.345752776206254,,15.20465318802915,15.017500000000002,14.830346811970854,38600.0,21704.5,0.18134715025906736,15.057142857142857
2026-03-06,4714,15.65,15.8,15.4,15.55,1116000.0,17387000.0,16.32,16.41,16.580000000000002,16.66,16.68,16.69,31.66666666666673,38.613861386138645,-0.16879788218692227,-0.04646322945333182,-0.12233465273359045,8.935582532202694,23.291821775631462,21.183696109418964,,17.525571395061327,16.580000000000002,15.634428604938675,1444000.0,1261742.45,0.7728531855955678,15.579749103942651
2026-03-06,4716,14.6,14.9,14.55,14.55,329000.0,4839550.0,14.760000000000002,14.940000000000001,15.122500000000002,15.240833333333335,15.27041666666667,15.285208333333335,24.000000000000057,34.042553191489375,-0.16295993041261347,-0.08100924663175096,-0.08195068378086251,7.965369317863501,19.519681477229593,31.923059028308902,,15.705121119099756,15.122500000000002,14.539878880900249,363800.0,373122.75,0.9043430456294668,14.709878419452888
2026-03-06,4720,16.05,16.6,16.0,16.5,562718.0,9240531.0,16.529999999999998,16.354999999999997,16.392500000000002,14.988333333333333,15.130833333333332,16.102708333333332,59.25925925925925,58.18181818181816,0.31930844211380105,0.37244547537362055,-0.0531370332598195,22.268817724281476,22.177388643889586,23.582316972745637,,16.99449230629829,16.392500000000002,15.790507693701713,817040.8,708575.5,0.6887269277127899,16.42124652134817
2026-03-06,4721,64.0,64.8,63.0,64.4,318000.0,20367100.0,65.44,64.96000000000001,64.55999999999999,64.18666666666667,64.09333333333333,64.04666666666667,48.387096774193566,51.428571428571445,0.24976078265788715,0.2812853481977639,-0.03152456553987676,14.690349464350334,19.079691807462176,31.384358353579515,,66.84348763725002,64.55999999999999,62.276512362749955,352800.0,291514.0,0.9013605442176871,64.04748427672956
2026-03-06,4722,180.0,193.5,179.0,184.0,2565466.0,479540596.0,194.7,181.5,170.75,168.18333333333334,160.21916666666667,110.10541666666667,58.536585365853654,63.11111111111111,6.165829876204242,3.20206407331496,2.963765802889282,35.024755694259255,21.837354991705958,19.896656579695346,,204.5115477320447,170.75,136.9884522679553,4852379.2,2451488.05,0.5287027032017613,186.92143883411435
2026-03-06,4726,33.15,33.85,32.6,32.8,334000.0,11124400.0,32.56,32.83,32.9525,32.950833333333335,32.95041666666667,32.950208333333336,59.99999999999984,48.598130841121446,-0.09184592152077897,-0.046719865531798514,-0.04512605598898046,17.205317404213826,8.95929714163333,38.83554240334539,,33.91739704932158,32.9525,31.987602950678422,331800.0,262248.6,1.0066305003013865,33.306586826347306
2026-03-06,4728,389.5,389.5,389.5,389.5,6000.0,2337000.0,391.5,391.05,,,,,50.0,51.35135135135135,0.6822118385425142,0.6119666973388681,0.07024514120364611,17.797871037346454,5.932498894049113,39.656655519099594,,,,,7600.0,,0.7894736842105263,389.5
2026-03-06,4729,21.75,22.25,21.45,21.8,191000.0,4146850.0,21.96,21.5,21.505,21.468333333333337,21.459166666666665,21.454583333333336,59.52380952380951,53.09734513274338,0.07868288295486181,0.035657729665939934,0.043025153288921876,18.04339551999237,18.51458681487192,35.88298867930772,,22.435704317340253,21.505,20.574295682659745,307400.0,172185.35,0.6213402732595966,21.711256544502618
2026-03-06,4735,30.75,31.0,30.55,31.0,15000.0,460300.0,31.45,31.65,32.2825,32.69416666666667,32.79708333333333,32.84854166666666,32.558139534883765,22.857142857142932,-0.43414311431608965,-0.2820352256290183,-0.15210788868707137,10.052660847581631,23.428710681328454,40.20664227129814,,33.72226423508559,32.2825,30.84273576491441,20200.0,18551.55,0.7425742574257426,30.686666666666667
2026-03-06,4736,127.0,129.0,127.0,128.5,184526.0,23609261.0,125.9,126.0,129.525,125.3,126.325,129.89583333333334,63.63636363636363,36.36363636363636,0.024956314207685182,0.38493010630697005,-0.3599737920992849,24.524023258530875,18.342287953991416,21.22936483236052,,137.81243500411188,129.525,121.23756499588815,370050.4,323979.25,0.4986509945672265,127.94544400247119
2026-03-06,4737,57.1,62.1,56.6,61.7,1379706.0,84383625.0,56.36,55.279999999999994,54.38499999999999,57.82333333333333,62.86333333333333,64.91270833333334,78.4313725490196,81.87499999999999,-0.005216804373660011,-0.8414307460535343,0.8362139416798743,35.282062372770554,11.033663499296487,24.990398185877662,,58.80946547470393,54.38499999999999,49.960534525296055,453369.0,331566.6,3.0432296870760904,61.16058421141896
2026-03-06,4739,71.2,72.8,69.9,69.9,1063358.0,75597931.0,74.38,71.16,70.62,68.98499999999999,66.24083333333333,58.70916666666667,54.67980295566504,53.03867403314918,1.0804021326882065,0.6603106422925203,0.42009149039568616,29.92743591386096,18.03135804584775,20.986402208815278,,79.3918689120696,70.62,61.84813108793041,1921070.2,1581535.6,0.5535237598292868,71.09358372250927
2026-03-06,4741,23.0,23.2,22.7,23.1,137000.0,3138050.0,22.700000000000003,22.175,21.6575,21.219166666666663,21.109583333333333,21.05479166666667,77.3584905660378,73.86363636363643,0.46857696509726665,0.28641290413412407,0.18216406096314258,21.086382309025808,1.7975883910200707,68.27583272565532,,23.15882397709838,21.6575,20.15617602290162,101000.0,140151.95,1.3564356435643565,22.905474452554746
2026-03-06,4743,54.8,54.8,53.4,53.8,1349000.0,72871800.0,57.120000000000005,57.73,61.185,63.995000000000005,64.6975,65.04875,27.551020408163197,15.882352941176421,-2.477645040543443,-1.7583565784997857,-0.7192884620436575,6.2035207543914535,30.17724383013663,73.66215403745258,,69.32464308023908,61.185,53.04535691976092,2393000.0,2450169.45,0.5637275386544087,54.01912527798369
2026-03-06,4744,31.0,31.95,30.3,31.3,178000.0,5556450.0,31.95,31.910000000000004,30.779999999999994,29.96,29.755,29.6525,46.938775510204096,58.45410628019324,0.5653791467450766,0.5608958459932297,0.004483300751846886,24.5483377908145,19.22407687758774,70.74380817154386,,33.464340554126146,30.779999999999994,28.095659445873842,363000.0,431926.55,0.4903581267217631,31.216011235955055
2026-03-06,4745,18.9,20.6,18.9,20.6,216000.0,4374750.0,20.669999999999998,21.17,21.5175,21.772499999999997,21.836249999999996,21.868125,41.58415841584161,40.44117647058826,-0.3775109730843127,-0.17861478572344755,-0.19889618736086515,8.193040316268727,34.811452118296216,46.6394387866475,,23.026516759001492,21.5175,20.008483240998505,297000.0,153734.4,0.7272727272727273,20.25347222222222
2026-03-06,4746,52.9,53.4,52.1,52.7,783250.0,41171045.0,55.1,56.11,57.544999999999995,60.60666666666667,63.045833333333334,65.43541666666667,18.749999999999957,36.20689655172413,-1.59305118344205,-1.2453499826166228,-0.3477012008254272,14.058492865159577,32.28392349638924,18.38785490356648,,61.913535826013465,57.544999999999995,53.176464173986524,781472.0,1014944.0,1.0022751934810203,52.564372805617616
2026-03-06,4747,56.0,56.2,55.2,56.2,14000.0,783500.0,56.17999999999999,56.5,57.30499999999999,57.901666666666664,58.05083333333334,58.125416666666666,45.61403508771929,37.49999999999998,-0.5898447790175041,-0.39637246093927947,-0.19347231807822463,1.3428166930863576,9.632609091414917,52.87719294625323,,59.380901833192645,57.30499999999999,55.22909816680734,22600.0,16779.95,0.6194690265486725,55.964285714285715
2026-03-06,4749,937.0,966.0,925.0,966.0,4838000.0,4597776000.0,906.0,864.8,854.3,846.1,844.05,843.025,83.66336633663366,71.98581560283688,17.680596273642436,6.099168489263812,11.581427784378624,20.277792512171917,9.745212803297685,,,926.5658833387986,854.3,782.0341166612013,2637200.0,1278790.55,1.834521462156833,950.3464241422075
2026-03-06,4754,38.05,38.3,37.9,38.3,19000.0,722750.0,38.44,38.43,38.372499999999995,38.32416666666666,38.312083333333334,38.306041666666665,43.47826086956514,50.0,0.014634968003164772,0.039441949070964794,-0.02480698106780002,8.26387577372735,7.562849551673093,45.11547435271132,,38.82494947377115,38.372499999999995,37.92005052622884,18600.0,14259.6,1.021505376344086,38.03947368421053
2026-03-06,4755,138.5,150.0,138.5,149.5,1064780.0,156540667.0,145.2,136.4,130.925,113.02333333333334,117.11166666666666,114.55041666666666,80.24691358024691,75.51020408163265,8.565449004377541,6.986412167220795,1.579036837156746,38.054764829857675,19.069661128344617,37.625116932112384,,148.82611728356633,130.925,113.02388271643369,867982.4,528471.1,1.2267299429112848,147.01691147467082
2026-03-06,4760,179.0,181.0,178.0,179.0,393000.0,70632500.0,184.9,178.25,179.275,180.425,180.7125,180.85625,54.23728813559322,48.7012987012987,0.3441489388068817,-0.26652621972650503,0.6106751585333867,20.462719452472296,17.07317805345239,52.550645330781876,,193.74629645376086,179.275,164.80370354623915,826600.0,748083.7,0.4754415678683765,179.7264631043257
2026-03-06,4763,44.4,45.6,43.85,45.35,4500692.0,203165417.0,46.36,47.97,49.31,52.73833333333334,58.80083333333334,373.2933333333333,16.831683168316843,35.55555555555557,-1.794063139623411,-1.3526096141903445,-0.4414535254330665,21.323265706153073,36.515554218988996,15.801259671498263,,53.729526052648545,49.31,44.89047394735146,6235405.6,7170047.15,0.7217961891685122,45.14092877273095
2026-03-06,4764,129.0,144.0,126.5,144.0,8910726.0,1249924806.0,133.3,118.85,117.9,94.725,70.43249999999999,,91.08910891089108,66.875,8.227089831597809,6.009878505546784,2.217211326051025,40.54257497952611,19.14778870429822,28.947189943464526,,141.3915438313226,117.9,94.40845616867743,5228505.0,2494603.75,1.704258865583948,140.27193811144008
2026-03-06,4766,329.0,330.0,321.5,324.5,304217.0,98810515.0,326.2,320.65,317.2,323.73333333333335,353.42083333333335,343.65625,67.64705882352942,67.07317073170731,1.3024889854378898,-0.8833261746422679,2.185815160080158,21.50628911514747,14.24057638151125,17.123343710158696,,332.5430937661192,317.2,301.85690623388075,361398.6,338809.0,0.8417769188923256,324.80273949187585
2026-03-06,4767,24.75,25.2,24.75,25.0,6000.0,149200.0,24.96,24.875,25.27,25.523333333333333,25.586666666666666,25.618333333333332,55.00000000000007,39.34426229508198,-0.19848705485531326,-0.17258262386954282,-0.025904430985770444,22.108452244535783,18.621507686923135,51.254227922846425,,26.172860949837354,25.27,24.367139050162645,10800.0,8650.0,0.5555555555555556,24.866666666666667
2026-03-06,4768,477.0,479.5,443.0,453.0,791000.0,366592500.0,446.0,420.55,409.25,399.4166666666667,396.9583333333333,395.7291666666667,67.95580110497238,61.493123772102166,14.258007783327173,6.71407591376291,7.543931869564263,30.85972263613281,8.908522205413338,58.69934282645333,,470.9363885011579,409.25,347.5636114988421,1981000.0,1236795.5,0.3992932862190813,463.4544879898862
2026-03-06,4770,230.5,233.0,228.5,230.0,203672.0,46906327.0,240.4,241.2,241.85,232.08333333333334,259.2375,260.78125,34.61538461538461,37.93103448275862,0.5734157180699526,1.9685183219996056,-1.395102603929653,21.64477910370123,25.032361622553584,21.990485753999042,,251.3262861923751,241.85,232.37371380762488,473189.2,523477.45,0.43042402489321396,230.30326701755763
2026-03-06,4771,177.0,179.5,177.0,178.0,45468.0,8110263.0,179.7,179.3,178.55,178.23333333333332,178.8875,182.93958333333333,50.0,57.14285714285714,0.6383218198035081,0.5532095215842087,0.08511229821929944,21.915728569071362,20.078653292491957,14.739088241931768,,182.38748821359508,178.55,174.71251178640495,103073.8,115515.65,0.44112082798926594,178.37298759567167
2026-03-06,4772,312.5,322.0,311.0,320.0,2007000.0,636240500.0,324.4,315.15,317.9,319.96666666666664,320.48333333333335,320.7416666666667,57.06214689265537,49.568965517241374,-0.21574693649802157,-0.8532662596165184,0.6375193231184968,13.9639095884495,15.657916342457359,64.19336808632488,,338.2019314611352,317.9,297.59806853886477,2670000.0,1746276.25,0.751685393258427,317.0107125062282
2026-03-06,4804,6.0,6.1,5.9,5.9,75000.0,448950.0,6.090000000000001,6.049,6.163,6.227666666666667,6.243833333333333,6.251916666666667,50.53763440860219,39.02439024390246,-0.06849139868229592,-0.045055167570453525,-0.0234362311118424,16.226263841948565,15.239995271952367,,,6.489196582640462,6.163,5.836803417359539,47000.0,29951.45,1.5957446808510638,5.986
2026-03-06,4806,11.2,11.45,11.2,11.45,4000.0,45150.0,12.03,11.443,,,,,46.03174603174603,63.969171483622354,0.4914733343596751,0.3141449753348139,0.17732835902486122,32.255501884259445,12.980438413751113,76.13798432389447,,,,,40000.0,,0.1,11.2875
2026-03-06,4807,17.1,17.1,16.75,16.85,56241.0,948945.0,17.46,17.615,17.8,,,,25.0,20.454545454545368,-0.17282129995597373,-0.06929322768739327,-0.10352807226858046,18.32122196393298,33.106263959186315,40.46406180297522,,18.515982945988878,17.8,17.084017054011124,76380.0,33527.6,0.736331500392773,16.87283298661119
2026-03-06,4903,42.15,44.0,41.0,41.5,5619000.0,238032600.0,41.83,40.83,39.525,38.34166666666667,38.045833333333334,37.89791666666667,61.53846153846155,57.82881002087683,0.9907423606798673,0.7668941215851434,0.22384823909472396,22.569433899632,6.730303410975824,51.810899489725195,,43.38198273129058,39.525,35.66801726870942,5594800.0,3514364.5,1.0043254450561236,42.36209289909237
2026-03-06,4904,91.0,93.1,91.0,93.0,3947502.0,365787183.0,93.14,92.91,91.38,90.10833333333333,88.8275,88.13666666666667,54.399999999999984,61.53846153846156,1.0827582204946111,1.0026071495377284,0.08015107095688268,19.111506781202383,15.037989814786151,23.801982951578836,,95.19829391496384,91.38,87.56170608503615,11498723.4,7532408.7,0.3432991526694172,92.66295064575014
2026-03-06,4905,62.9,63.3,62.4,62.7,11000.0,689900.0,62.71999999999999,,,,,,30.0,55.55555555555559,0.38141968046694785,0.3997185686988227,-0.018298888231874866,22.28106550958868,9.66378179788689,64.40220424538568,,,,,6600.0,,1.6666666666666667,62.71818181818182
2026-03-06,4906,26.6,27.1,26.2,26.9,1613709.0,43288283.0,27.009999999999998,26.764999999999997,27.4875,27.1375,26.127499999999998,26.977916666666665,74.00000000000001,36.66666666666663,-0.21086054908596807,-0.12652516739703543,-0.08433538168893265,24.78440357951323,21.71592972684383,15.118749164422255,,29.240054526518858,27.4875,25.734945473481144,2569435.8,3928909.9,0.6280402102282533,26.8253340596105
2026-03-06,4907,40.6,40.6,40.05,40.55,11000.0,444250.0,41.07000000000001,41.435,41.807500000000005,42.06916666666667,42.13458333333334,42.16729166666667,8.510638297872433,32.258064516129,-0.3198998331136309,-0.16670336549191223,-0.15319646762171868,4.390255704734739,15.938508149773723,53.90378600314466,,43.07252548341299,41.807500000000005,40.54247451658702,32800.0,27850.45,0.3353658536585366,40.38636363636363
2026-03-06,4908,105.5,109.0,99.3,102.0,12372000.0,1299442500.0,93.28,84.05999999999999,78.125,73.70833333333333,72.60416666666667,72.05208333333333,100.0,86.74698795180723,6.227692691156619,3.1404403833508074,3.087252307805812,41.09597906131827,0.33763463339931843,72.99647659881504,,98.22295747673981,78.125,58.02704252326019,7935800.0,2604594.95,1.5590110637868897,105.030916585839
2026-03-06,4909,68.5,70.8,63.0,64.2,10231000.0,683892300.0,63.379999999999995,58.019999999999996,56.225,54.675,54.287499999999994,54.09375,75.96566523605152,65.6534954407295,2.4785036008777226,1.1082681525458213,1.3702354483319013,25.492790554949828,5.189886691533294,59.85835355945489,,66.07094493072897,56.225,46.37905506927103,8232000.0,2993765.95,1.2428328474246841,66.8451080050826
2026-03-06,4911,34.05,34.1,33.55,33.75,98000.0,3314050.0,35.8,37.309999999999995,39.644999999999996,41.24833333333333,41.649166666666666,41.849583333333335,0.0,4.891304347826122,-1.7942414633348847,-1.115595444299807,-0.6786460190350776,0.5180262849159312,55.13415427055294,85.13658352557223,,45.24968788745542,39.644999999999996,34.04031211254457,49000.0,40522.55,2.0,33.81683673469388
2026-03-06,4912,90.4,92.0,89.0,90.1,222362.0,20088940.0,95.7,92.84,93.58500000000001,87.44833333333334,83.40249999999999,91.55208333333333,54.81171548117155,51.12781954887217,1.373886842527952,1.603552398290485,-0.2296655557625329,34.29810696102437,21.231519511297403,21.846558349588342,,104.62431252626902,93.58500000000001,82.545687473731,1032081.6,992781.9,0.21545001868069347,90.3434039988847
2026-03-06,4915,73.7,75.6,73.3,75.6,2620340.0,195901460.0,78.42,79.71,79.15,80.52,79.75583333333333,78.4725,30.872483221476486,43.673469387755084,-0.3611571668688214,0.10756543435711237,-0.46872260122593373,19.2202515236027,32.25741857241861,19.78490546600876,,83.97428069358833,79.15,74.32571930641168,4537087.2,3333164.55,0.5775379410825517,74.76184769915355
2026-03-06,4916,61.3,63.0,60.6,61.3,5686110.0,351124554.0,62.839999999999996,62.279999999999994,63.94,55.865833333333335,57.97791666666667,49.325833333333335,56.32183908045973,45.2054794520548,1.0162420217554171,1.6644509053477259,-0.6482088835923088,29.946222374054386,21.58900759210377,29.198481010642148,,69.39812769131899,63.94,58.481872308681005,5797152.0,10884950.1,0.9808454220279199,61.75127705936044
2026-03-06,4919,72.9,80.3,72.1,80.3,15031462.0,1164280941.0,75.75999999999999,68.16,64.36999999999999,56.37,59.12583333333334,67.99166666666666,79.23976608187134,69.26406926406925,5.447227519526663,3.599770891432806,1.8474566280938571,34.67860176041496,9.473698234635636,34.28344925581679,,79.07368374896234,64.36999999999999,49.66631625103764,14481250.4,9021240.35,1.0379947576902613,77.45626746087639
2026-03-06,4923,30.05,30.4,29.6,29.85,80000.0,2397500.0,31.630000000000003,31.984999999999996,31.360000000000003,30.853333333333335,30.726666666666667,30.663333333333334,14.81481481481471,44.52554744525547,0.1838585886317361,0.35161345211333905,-0.16775486348160296,11.159149501195703,26.189898497245075,38.3942774003269,,33.40182580833403,31.360000000000003,29.31817419166597,61200.0,44534.25,1.3071895424836601,29.96875
2026-03-06,4924,10.55,10.9,10.5,10.75,17000.0,180350.0,10.819999999999999,10.86,10.9,10.933333333333334,10.941666666666666,10.945833333333331,44.117647058823536,44.736842105263165,-0.04805608948398543,-0.01795057028555328,-0.03010551919843215,17.393694496694042,14.861646487814136,53.112870970755885,,11.227671208763649,10.9,10.572328791236352,47800.0,44300.0,0.35564853556485354,10.608823529411765
2026-03-06,4927,45.0,46.9,44.3,46.1,3294655.0,151296953.0,45.2,39.12,36.19,29.461666666666666,27.420416666666664,26.99833333333333,91.83006535947712,80.12820512820514,3.846608003673225,2.539707892074843,1.3069001115983823,45.678220204570316,11.747795555852246,33.38089941066086,,47.54904925598953,36.19,24.830950744010465,22299753.6,11162187.1,0.1477440091535361,45.92194114406516
2026-03-06,4930,21.4,21.4,21.25,21.4,45107.0,964634.0,21.65,21.71,21.7725,21.93416666666667,22.617083333333333,24.112291666666668,25.0,43.90243902439023,-0.10376004096594471,-0.07570796297428035,-0.028052077991664356,22.011034552681913,28.884493607422137,13.63327508387805,,22.18732399565176,21.7725,21.357676004348242,59962.4,56064.85,0.7522547463076862,21.38546123661516
2026-03-06,4931,136.5,139.0,134.5,134.5,2536000.0,346943500.0,140.4,140.25,144.475,147.49166666666667,148.24583333333334,148.62291666666667,43.66197183098591,35.05154639175257,-2.926791693420995,-1.8886811374124848,-1.0381105560085102,9.128650449255314,18.795372644247472,52.19160329825335,,156.28701440104632,144.475,132.66298559895367,2302800.0,3440477.6,1.101268021538996,136.8073738170347
2026-03-06,4933,58.0,60.4,58.0,59.6,172000.0,10127700.0,58.9,58.17,57.129999999999995,56.376666666666665,56.18833333333334,56.09416666666666,61.11111111111113,68.36734693877554,0.7628742748137256,0.5388678530036735,0.22400642181005215,19.542753379142617,13.442489327915567,35.41892841444228,,59.83912687429966,57.129999999999995,54.42087312570033,153800.0,95578.2,1.1183355006501952,58.88197674418605
2026-03-06,4934,18.85,19.6,18.2,19.15,2081769.0,39667915.0,19.169999999999998,17.845,17.1525,14.699166666666665,13.911666666666667,12.659375,71.64179104477611,63.36996336996337,1.1722957397703055,0.9426903732451017,0.2296053665252038,33.61789897466723,8.060855477273487,45.503709907218116,,20.228463691524865,17.1525,14.076536308475132,4118945.0,3856996.85,0.5054131579809878,19.0549071486798
2026-03-06,4935,37.9,38.55,37.9,38.3,56024.0,2133395.0,38.82,38.79,39.2875,40.63333333333333,42.18083333333333,44.148541666666674,44.44444444444438,34.82142857142857,-0.5868192814988902,-0.5686380138008752,-0.01818126769801498,19.91155129305091,29.831317480301127,17.727032016317224,,40.843769155453835,39.2875,37.73123084454617,104881.8,99531.2,0.5341632199294825,38.08001927745252
2026-03-06,4938,69.1,71.0,69.1,71.0,6800303.0,480137406.0,71.54,71.01,70.51,70.69333333333333,71.4975,78.07583333333334,52.87356321839081,55.46218487394957,0.28542567154755716,0.17685626541032187,0.10856940613723529,29.209569859114165,25.787210957013855,14.912489471082898,,72.54019314611408,70.51,68.47980685388593,10999530.4,8162690.65,0.6182357566828489,70.60529596990017
2026-03-06,4939,33.0,33.8,32.55,32.6,1579000.0,52258450.0,33.89,33.265,34.1725,34.82416666666666,34.98708333333333,35.06854166666667,46.15384615384615,38.76651982378856,-0.46802398469284157,-0.3783803746804182,-0.08964361001242338,9.825547368501226,14.8508834790856,64.08714919255625,,36.8085806233178,34.1725,31.536419376682193,2745800.0,3483003.05,0.5750600917765314,33.09591513616213
2026-03-06,4942,37.4,38.6,37.4,38.25,257411.0,9834403.0,38.14,37.81,37.7325,38.51416666666667,37.55375,38.32541666666667,59.70149253731345,55.37190082644628,-0.10937963396378336,-0.19836380452734712,0.08898417056356375,29.55325925630689,30.714794964450547,16.04690746113934,,38.660017910168975,37.7325,36.80498208983103,152655.2,130977.35,1.6862249042286144,38.205061166772204
2026-03-06,4943,12.5,12.5,11.55,12.35,5340.0,65572.0,12.08,11.81,11.86,13.268333333333334,,,62.22222222222221,56.32183908045976,-0.1583454741351371,-0.3221146997800723,0.16376922564493518,28.580183040730073,26.609457381228967,10.480550199229716,,12.691991902799057,11.86,11.028008097200942,49958.8,36926.5,0.10688807577443814,12.27940074906367
2026-03-06,4946,144.0,149.0,139.0,147.0,306000.0,44083500.0,142.9,129.05,123.7,120.56666666666666,119.78333333333333,119.39166666666667,79.36507936507937,66.86746987951807,6.295649169859928,2.5287343280094343,3.7669148418504936,39.30091972326672,22.261855362950264,58.96394516873693,,150.10255171081207,123.7,97.29744828918794,470600.0,179700.75,0.6502337441563961,144.06372549019608
2026-03-06,4949,46.85,50.0,46.85,49.5,1118362.0,54801956.0,48.91,47.09,47.3375,41.07333333333334,41.207499999999996,41.9225,77.61194029850745,57.142857142857146,1.9443170562891652,1.9438231701538167,0.0004938861353485091,26.037512817172352,14.15360471378074,34.56563304438163,,51.33261214518762,47.3375,43.34238785481238,1936368.0,2706396.35,0.5775565388397247,49.00198325765718
2026-03-06,4950,15.2,15.2,15.0,15.0,29000.0,436000.0,15.65,16.35,17.5075,18.33583333333333,18.542916666666667,18.646458333333335,4.651162790697654,7.865168539325836,-0.8648140937632718,-0.5680038947355507,-0.2968101990277211,1.0087067472927433e-11,15.653347138958898,82.28897398018087,,20.183765072230724,17.5075,14.831234927769275,35200.0,46910.55,0.8238636363636364,15.03448275862069
2026-03-06,4951,68.9,69.9,67.2,69.0,226000.0,15497000.0,69.76000000000002,69.79,69.06,68.28666666666666,68.09333333333333,67.99666666666667,39.53488372093022,53.10734463276836,0.4287637676903415,0.5028740124362857,-0.07411024474594419,20.323663066644507,13.383076371405336,31.366539436084764,,71.81176498384502,69.06,66.30823501615498,338800.0,177240.7,0.667060212514758,68.570796460177
2026-03-06,4952,48.25,50.9,47.0,50.8,10409052.0,509331143.0,45.589999999999996,43.004999999999995,41.445,37.880833333333335,39.24625,41.78666666666666,85.15901060070671,74.99999999999999,2.3852583331442787,1.5349684215494668,0.8502899115948119,50.56005690066354,8.823953848025532,37.273262432224946,,47.604793229612426,41.445,35.285206770387575,4033168.4,1522146.25,2.5808622322836805,48.93155908914664
2026-03-06,4953,110.5,113.0,110.5,111.5,277000.0,30985000.0,112.4,114.65,117.3,119.43333333333334,119.96666666666667,120.23333333333333,26.92307692307692,29.545454545454547,-2.2187961297964307,-1.405180443120712,-0.8136156866757187,6.2373600586287115,23.24014018135675,60.29720889393356,,124.39632966658417,117.3,110.20367033341583,475200.0,386554.05,0.5829124579124579,111.85920577617328
2026-03-06,4956,24.25,24.85,23.75,24.25,1104370.0,26814037.0,25.48,25.52,24.064999999999998,21.410833333333336,21.255833333333335,23.803958333333334,50.0,53.50553505535055,1.0409318519194173,1.1663789209610465,-0.12544706904162917,29.44581073849858,19.885784061597963,38.651263953440804,,28.236217164278976,24.064999999999998,19.89378283572102,2764272.6,6839510.85,0.3995155904667289,24.279939694124252
2026-03-06,4958,175.5,179.0,172.5,175.0,10414277.0,1825172350.0,194.1,188.8,184.575,158.16666666666666,162.09166666666667,134.7175,47.85714285714286,41.70040485829959,8.544500710910825,10.353702838460134,-1.8092021275493089,28.777423698233346,25.55712383656923,35.88370570351573,,210.89544432515677,184.575,158.2545556748432,28610144.8,33501339.1,0.36400644151930334,175.25675090071064
2026-03-06,4960,17.2,17.8,16.35,17.8,37540758.0,649756677.0,15.360000000000003,14.530000000000001,14.16,13.684166666666666,13.952499999999999,13.652708333333333,95.8762886597938,77.98742138364778,0.5684453649508647,0.22265636879235304,0.34578899615851166,51.77878114252709,12.254552646568756,30.402290510727525,,16.348630910674025,14.16,11.971369089325975,15848677.8,7489116.45,2.3686996778999445,17.30803296513086
2026-03-06,4961,140.0,147.0,139.0,147.0,697677.0,100496585.0,147.8,146.35,147.65,143.85833333333332,156.9625,183.55,57.14285714285714,50.0,0.226058620788109,0.42733174768427723,-0.20127312689616822,23.814481823817964,25.33316520413272,13.119753818164545,,155.43730410752832,147.65,139.8626958924717,848942.6,690048.05,0.821818813191846,144.04457220174953
2026-03-06,4966,515.0,522.0,508.0,519.0,692000.0,356999000.0,522.4,517.9,521.8,524.6,525.3,525.65,55.78947368421053,47.008547008547005,-1.8780399170602777,-1.6773927254364238,-0.20064719162385392,12.804283268480956,23.660318698047334,51.87836260098703,,541.0665513260677,521.8,502.5334486739322,1140800.0,740929.45,0.6065918653576438,515.8945086705203
2026-03-06,4967,189.5,193.0,185.5,186.0,4515622.0,852702733.0,199.7,202.7,218.65,168.275,130.71416666666667,103.24333333333333,34.11764705882352,20.17937219730942,4.736142683399606,11.458161787210571,-6.722019103810965,20.59839446168366,24.316006248601603,26.523949657253485,,260.33187792516526,218.65,176.96812207483475,6612893.0,11562158.0,0.6828512120187035,188.83394867860952
2026-03-06,4968,116.0,118.5,114.5,114.5,1250745.0,144792383.0,119.9,119.95,121.15,130.38333333333333,140.3,142.94208333333333,35.71428571428572,45.63106796116505,-2.8113795593122433,-2.858374143047418,0.04699458373517462,18.360639970048055,19.50961196166699,11.973680434038931,,129.49203054922114,121.15,112.80796945077887,1455342.8,1473838.35,0.8594160770919401,115.76491051333406
2026-03-06,4971,479.0,490.0,420.5,425.5,6958000.0,3118173000.0,454.7,424.1,410.425,401.475,399.2375,398.11875,54.94949494949495,54.337899543379,14.43381945258858,7.791315024567574,6.642504428021006,27.35594236994906,14.965112340009398,60.79074825219994,,481.13513848247317,410.425,339.71486151752686,2310800.0,4083947.55,3.011078414401939,448.1421385455591
2026-03-06,4972,17.7,17.8,17.65,17.65,23000.0,407550.0,17.77,17.89,17.9775,18.025833333333335,18.037916666666664,18.043958333333332,11.1111111111112,27.7777777777777,-0.07855304955138465,-0.03755246914267614,-0.041000580408708506,8.222284008460571,8.665728544777068,66.22576298920306,,18.2498677854048,17.9775,17.7051322145952,27600.0,32053.0,0.8333333333333334,17.719565217391306
2026-03-06,4973,42.85,43.5,41.9,42.75,909000.0,38842100.0,44.510000000000005,44.58,44.845,45.148333333333326,45.22416666666666,45.26208333333333,32.967032967032935,43.942992874109265,-0.34952897715991327,-0.10997526600727689,-0.23955371115263638,8.20349463431022,16.578201886515608,53.03658150154637,,48.05778695216473,44.845,41.632213047835265,1455000.0,2993807.4,0.6247422680412371,42.73058305830583
2026-03-06,4974,72.0,73.2,71.4,71.7,251000.0,18109200.0,74.5,75.65,75.215,74.60499999999999,74.45250000000001,74.37625,14.084507042253534,42.857142857142875,-0.11112735796253048,0.3634402954042816,-0.47456765336681206,9.856821271885735,20.172477315142878,31.575189962932424,,78.87374583055883,75.215,71.55625416944117,363600.0,392397.2,0.6903190319031903,72.14820717131474
2026-03-06,4976,30.1,30.1,29.55,29.85,261830.0,7802420.0,30.880000000000003,30.834999999999997,31.222499999999997,31.083333333333332,35.03958333333333,32.471875,45.33333333333336,46.073298429319365,-0.1700085153101476,-0.09425247725828191,-0.07575603805186569,27.16488134031675,22.18738853396311,26.3106573790627,,33.75242094738173,31.222499999999997,28.692579052618264,557457.4,1356467.6,0.4696861141317704,29.79956460298667
2026-03-06,4977,156.0,171.5,156.0,167.0,13843080.0,2276586477.0,163.7,147.2,139.05,128.76833333333335,122.20166666666667,112.19541666666666,80.74074074074073,67.28110599078342,8.492653861058614,4.631330295308372,3.861323565750242,39.672658351045904,19.762101649004997,19.14919446322094,,171.86671589457524,139.05,106.23328410542479,21911560.8,12270425.75,0.6317706039452926,164.45664382492913
2026-03-06,4979,438.0,446.0,377.0,400.0,7202000.0,2898108000.0,408.7,368.4,342.15,323.3833333333333,318.69166666666666,316.34583333333336,68.75,66.73151750972764,24.66041026223286,13.87960906504073,10.780801197192128,27.242575491168665,12.306788525475437,60.85193775127044,,429.39683676968343,342.15,254.90316323031652,17768800.0,24818272.4,0.40531718517851517,402.403221327409
2026-03-06,4987,80.7,80.8,80.7,80.7,14000.0,1129900.0,80.7,,,,,,66.66666666666825,50.0,0.22308383475268556,0.1582033221176962,0.06488051263498937,1.2150911670208744,1.0610991181292186,44.74058250830832,,,,,55400.0,,0.2527075812274368,80.70714285714286
2026-03-06,4989,66.5,72.8,65.6,68.2,51214591.0,3561221815.0,66.1,57.32000000000001,56.4525,48.1575,40.12749999999999,28.562708333333333,85.15625,67.61229314420805,4.620305150669424,2.992772475579582,1.6275326750898418,40.609146449605795,12.791486302324524,30.713518252326825,,72.05595693816132,56.4525,40.849043061838685,38526240.4,18521010.6,1.329343078075171,69.53529737257884
2026-03-06,4991,355.0,356.0,300.5,333.0,1820000.0,586462000.0,328.3,296.25,272.6,251.86666666666667,246.68333333333334,244.09166666666667,72.53521126760563,69.26315789473685,23.117497001167635,14.052981043756626,9.06451595741101,30.199247714526862,14.08551967460199,69.03742030501981,,350.09811542700163,272.6,195.10188457299842,1655400.0,11051510.8,1.0994321614111393,322.2318681318681
2026-03-06,4994,104.0,105.5,103.0,103.0,16362.0,1694106.0,103.3,102.42999999999999,102.74000000000001,98.18666666666667,96.91749999999999,96.73,56.25,48.322147651006716,1.3145840055675393,1.3644231886822986,-0.04983918311475932,28.365463597075525,14.035582056641177,15.54869001005096,,105.45013691633038,102.74000000000001,100.02986308366964,34616.8,23009.75,0.47266067343024193,103.53905390539055
2026-03-06,4995,40.6,41.5,40.55,40.7,23000.0,936900.0,41.06,40.515,40.38,40.260000000000005,40.230000000000004,40.215,58.4158415841584,53.84615384615383,0.1899234000851422,0.09819727722168399,0.0917261228634582,30.410236395907575,20.9061834966022,55.640486013475474,,41.7393342023521,40.38,39.02066579764791,73600.0,47159.05,0.3125,40.73478260869565
2026-03-06,4999,22.4,22.8,22.3,22.8,55447.0,1249443.0,22.97,23.18,23.47,23.706666666666667,25.047916666666666,26.223333333333336,38.88888888888895,39.18918918918919,-0.20030226642987614,-0.1132188634128692,-0.08708340301700694,18.98576824673292,27.351846407852527,14.105677826146618,,24.308796129800704,23.47,22.631203870199293,53833.2,58443.75,1.0299777832267076,22.53400544664274
2026-03-06,5007,56.5,56.5,56.2,56.2,32227.0,1816723.0,58.9,59.209999999999994,58.935,55.748333333333335,53.84166666666667,53.53041666666666,30.26315789473682,32.14285714285715,0.5602910946922464,1.0204958052400759,-0.4602047105478295,24.088140286642084,33.103380479907976,28.974506528797026,,61.943951557217716,58.935,55.92604844278229,81303.0,230837.65,0.39638143733933556,56.372699910013345
2026-03-06,5009,36.1,36.2,34.6,35.45,8867000.0,313774500.0,35.18,34.665000000000006,33.980000000000004,33.39333333333334,33.24666666666667,33.17333333333333,70.27027027027017,67.93893129770989,0.5505862206870518,0.3933365332400719,0.15724968744697987,18.371395471589317,8.249064992091027,54.34057646162658,,35.782746442748405,33.980000000000004,32.1772535572516,5005800.0,3368103.65,1.7713452395221543,35.38677117401601
2026-03-06,5011,17.6,17.6,16.0,16.7,4842000.0,82508100.0,14.05,13.005,12.455,12.085,11.9925,11.946250000000001,95.83333333333331,91.37931034482759,0.7225487210802495,0.2464834728456682,0.4760652482345813,42.58500933651397,2.0720916462913515,68.2477807987648,,15.210262906550032,12.455,9.699737093449968,1456000.0,500930.95,3.3255494505494507,17.040086741016108
2026-03-06,5013,29.25,29.25,29.25,29.25,1000.0,29250.0,30.080000000000002,29.82,30.009999999999998,30.169999999999998,30.209999999999997,30.230000000000004,38.88888888888888,39.58333333333334,-0.09851147349433376,-0.07819761031114901,-0.020313863183184747,16.29176626613483,27.407875081357393,39.1946100840411,,30.833727088172697,30.009999999999998,29.1862729118273,5600.0,5000.1,0.17857142857142858,29.25
2026-03-06,5014,10.75,10.9,10.6,10.7,159000.0,1702950.0,10.86,10.959999999999999,11.1875,11.329166666666667,11.364583333333336,11.382291666666667,29.999999999999943,31.578947368421026,-0.15842058595660546,-0.09853554059035008,-0.059885045366255385,2.1783964822088193,14.745330505499116,71.18676300611257,,11.726382860037697,11.1875,10.648617139962303,245800.0,259271.1,0.6468673718470301,10.710377358490566
2026-03-06,5015,27.15,28.35,27.15,27.6,31000.0,861700.0,27.82,28.235000000000003,28.627499999999998,28.875833333333333,28.93791666666667,28.96895833333333,26.470588235294244,32.50000000000004,-0.34258872920606365,-0.1871149151624865,-0.15547381404357716,7.026325734516332,13.684302528891882,84.18496290713095,,29.776630105775663,28.627499999999998,27.478369894224333,51600.0,40815.8,0.6007751937984496,27.796774193548387
2026-03-06,5016,23.95,24.85,23.95,24.75,8000.0,196750.0,24.919999999999998,25.055,25.035000000000004,25.011666666666667,25.005833333333335,25.002916666666668,31.999999999999986,41.93548387096773,-0.035219418819046666,0.013872071942958232,-0.0490914907620049,27.812509123461172,39.212983739409346,62.998856234815634,,25.392034570049635,25.035000000000004,24.677965429950373,8400.0,4360.0,0.9523809523809523,24.59375
2026-03-06,5201,40.45,40.45,39.3,39.7,200000.0,7934950.0,40.44,40.62,41.42,42.07333333333334,42.236666666666665,42.318333333333335,36.69724770642205,35.789473684210535,-0.5382546178025791,-0.40177021290162146,-0.13648440490095765,9.756654751992965,10.514390718683813,54.60166908605065,,43.47641486701084,41.42,39.363585132989165,182400.0,85504.9,1.0964912280701755,39.67475
2026-03-06,5202,13.9,14.1,13.9,13.9,181000.0,2526700.0,14.239999999999998,14.4,14.689999999999998,14.896666666666668,14.948333333333332,14.974166666666665,29.999999999999986,26.086956521739125,-0.22539185655810634,-0.13721805545548807,-0.08817380110261827,6.99496030365621,21.224900604262526,46.138937763923245,,15.43240009074409,14.689999999999998,13.947599909255905,240600.0,246247.2,0.7522859517871987,13.959668508287292
2026-03-06,5203,62.0,63.5,61.3,63.1,272674.0,17079457.0,67.74000000000001,72.47,78.78,89.64,93.61833333333334,98.67833333333333,8.280254777070013,12.727272727272762,-6.343538490213945,-4.714844407449596,-1.6286940827643486,7.656435362716621,50.65439685738301,48.19262798552865,,94.68810452171098,78.78,62.87189547828902,890790.2,509789.2,0.30610350226125077,62.636910743231844
2026-03-06,5205,27.95,28.75,27.95,28.75,3000.0,85150.0,27.839999999999996,27.410000000000004,27.635,27.811666666666664,27.855833333333333,27.877916666666668,96.0784313725491,60.49382716049386,0.011123773345318,-0.12651553633702248,0.13763930968234048,4.783182230217116,8.303162639644393,41.87467742075932,,28.80348980357263,27.635,26.46651019642737,4800.0,5351.15,0.625,28.383333333333333
2026-03-06,5206,29.0,29.3,28.95,29.25,33000.0,961350.0,29.619999999999997,29.76,29.8875,29.9625,29.98125,29.990625,34.21052631578948,35.29411764705884,-0.1353855559110464,-0.05011752643874854,-0.08526802947229786,18.900327700861347,17.732296010596006,70.374329083514,,30.473184484846122,29.8875,29.301815515153876,53600.0,48077.9,0.6156716417910447,29.131818181818183
2026-03-06,5209,167.5,169.5,166.5,169.5,24000.0,4027000.0,167.1,166.6,170.3,172.76666666666668,173.38333333333333,173.69166666666666,66.66666666666666,40.0,-1.8914653125202392,-1.7240847911790775,-0.16738052134116166,11.4343856681025,22.941053646013298,41.03293285179478,,178.55514193827443,170.3,162.0448580617256,50200.0,39711.9,0.47808764940239046,167.79166666666666
2026-03-06,5210,21.0,21.75,20.9,21.05,96000.0,2032800.0,21.61,21.46,21.4125,21.4375,21.44375,21.446875,36.666666666666714,44.87179487179489,0.005242404393136724,0.010937087202095713,-0.00569468280895899,13.261707723368598,7.265616711874852,55.16931328180613,,22.025409369105127,21.4125,20.799590630894876,149400.0,116131.6,0.642570281124498,21.175
2026-03-06,5211,23.25,23.8,23.05,23.3,42000.0,974750.0,23.529999999999998,23.885,24.7175,25.305833333333332,25.452916666666667,25.526458333333334,7.407407407407504,27.45098039215688,-0.5722446114046384,-0.4002712937480563,-0.17197331765658214,8.87809294572761,14.311800419191004,37.137281608760205,,26.594584805868145,24.7175,22.840415194131857,71200.0,41337.95,0.5898876404494382,23.208333333333332
2026-03-06,5212,52.7,52.7,50.8,51.5,10000.0,513500.0,51.82000000000001,52.02,52.010000000000005,52.00333333333334,52.001666666666665,52.000833333333325,42.424242424242415,45.283018867924525,-0.04279740025202017,-0.001470711770551599,-0.04132668848146857,11.904331456519927,22.981730329403902,33.26414696553826,,52.71457153833489,52.010000000000005,51.30542846166512,9200.0,15405.1,1.0869565217391304,51.35
2026-03-06,5213,25.0,26.8,24.9,26.25,2545000.0,65332950.0,24.939999999999998,24.535000000000004,24.255000000000003,24.01833333333333,23.959166666666665,23.929583333333333,81.0810810810811,73.7373737373737,0.3154020423776913,0.1442207089404996,0.17118133343719172,34.12596623019654,6.98738963354174,50.28006054941593,,25.41162849423841,24.255000000000003,23.098371505761595,1112400.0,609431.95,2.2878460985257103,25.671100196463655
2026-03-06,5215,37.35,38.25,37.35,38.05,20048.0,757953.0,39.05,38.480000000000004,38.260000000000005,37.0625,36.092916666666675,37.82041666666667,51.68539325842695,49.16666666666666,0.5857112386293153,0.5962939893498338,-0.010582750720518508,22.617408358432417,24.578294004062496,19.258015864429375,,39.86085503469356,38.260000000000005,36.65914496530645,69686.6,61349.15,0.28768802036546476,37.80691340782123
2026-03-06,5220,19.2,19.95,19.2,19.8,78000.0,1540400.0,19.43,19.160000000000004,18.645,18.28166666666667,18.190833333333334,18.145416666666666,75.60975609756099,65.45454545454544,0.36299407489622837,0.25042191340209397,0.1125721614941344,33.7953033513854,8.334171960708833,64.7962108050265,,19.964050695326968,18.645,17.32594930467303,97000.0,107101.55,0.8041237113402062,19.74871794871795
2026-03-06,5222,137.5,143.0,135.5,138.5,812778.0,113402432.0,141.1,137.05,139.075,133.85833333333332,138.01666666666668,126.43208333333334,65.625,51.72413793103448,1.1340728383978274,0.9875394170227928,0.14653342137503456,34.47818798916095,20.3336876456111,20.47328949981512,,149.73863717944053,139.075,128.41136282055945,1092252.6,1042753.8,0.7441300666164584,139.52448516076961
2026-03-06,5223,29.5,30.1,29.4,29.55,37000.0,1093900.0,29.439999999999998,28.905,28.535000000000004,28.311666666666664,28.25583333333333,28.227916666666665,73.07692307692302,69.56521739130434,0.3353681541153186,0.17509896653286913,0.16026918758244948,21.983506802428376,2.8105499667810943,52.132302699953435,,29.76621677085805,28.535000000000004,27.303783229141956,83800.0,29511.2,0.441527446300716,29.564864864864866
2026-03-06,5225,93.7,94.6,93.1,93.7,326635.0,30637141.0,97.1,97.65,99.245,101.46333333333334,105.8925,103.09666666666666,35.94771241830067,40.9282700421941,-1.4722015252913536,-1.1439140381879545,-0.32828748710339917,28.824005513722735,33.870042442722905,14.867507221585278,,107.68761745394846,99.245,90.80238254605155,835313.6,712862.7,0.3910327809818971,93.79625882100815
2026-03-06,5227,25.2,25.5,25.05,25.35,109000.0,2759100.0,25.169999999999998,25.240000000000002,25.445,25.48166666666667,25.490833333333335,25.495416666666664,58.49056603773591,48.87218045112783,-0.10484287397548542,-0.06030447928363964,-0.04453839469184578,6.709260010817165,5.042998546990183,37.77270227586489,,26.32033452252027,25.445,24.56966547747973,224400.0,180877.15,0.4857397504456328,25.312844036697246
2026-03-06,5228,22.65,24.0,22.65,22.9,153000.0,3519700.0,23.57,22.715,22.625,22.50833333333333,22.479166666666668,22.464583333333334,61.654135338345846,52.15311004784689,0.19203962479651793,0.10051202037344421,0.09152760442307371,20.903965707541563,18.719634700286086,43.93217344866619,,24.310073791918477,22.625,20.939926208081523,304800.0,271434.0,0.5019685039370079,23.004575163398695
2026-03-06,5230,16.9,16.9,16.05,16.45,128000.0,2091750.0,16.93,17.085,17.427500000000002,17.6425,17.696250000000003,17.723125,32.55813953488371,32.43243243243239,-0.2652001811729825,-0.14368429906875715,-0.12151588210422534,3.858237287712755,26.19624051436119,77.5055201401414,,18.395120521529094,17.427500000000002,16.45987947847091,100200.0,83228.3,1.2774451097804391,16.341796875
2026-03-06,5234,399.5,407.5,390.0,392.0,1108966.0,439515698.0,409.9,393.55,365.05,346.3,355.775,282.28333333333336,51.46443514644351,67.12328767123287,18.420710035606476,14.545235338805474,3.8754746968010014,32.7145870580591,13.78149963321606,26.853481131188598,,435.84317540703137,365.05,294.25682459296866,2393530.0,1661402.25,0.4633181953015003,396.3292815108849
2026-03-06,5236,127.5,130.5,127.0,128.5,191000.0,24574500.0,127.8,124.65,121.9,119.63333333333334,119.06666666666666,118.78333333333333,68.9655172413793,69.23076923076923,2.4718981462383027,1.5806299895464935,0.8912681566918093,27.758121366540067,16.848123863632903,50.208297474495154,,129.89736798808468,121.9,113.90263201191533,245400.0,124675.95,0.778321108394458,128.66230366492147
2026-03-06,5243,74.0,74.4,72.8,73.3,874526.0,64186934.0,80.66,81.99000000000001,83.85499999999999,81.60666666666665,77.95083333333334,66.13083333333334,24.444444444444457,36.43031784841076,-0.8504812497221934,0.3847205647007345,-1.235201814422928,23.884902578510193,34.024474972524395,21.553508223974674,,92.07806768215198,83.85499999999999,75.631932317848,1735394.2,3231752.1,0.5039350713515119,73.39625580028495
2026-03-06,5244,36.8,37.85,36.4,37.55,138765.0,5182914.0,38.330000000000005,37.86,38.2325,39.395833333333336,41.97416666666666,43.52374999999999,56.14035087719295,46.703296703296694,-0.5100554444838821,-0.5656241833187908,0.05556873883490876,24.998604858943818,26.874169620546173,11.918420983197201,,40.056109780512145,38.2325,36.40889021948786,262847.6,212723.55,0.5279294922228699,37.35029726516052
2026-03-06,5245,27.5,27.5,26.2,26.3,117000.0,3119650.0,27.99,27.665,30.2625,32.2875,32.79375,33.04687499999999,45.07042253521127,23.880597014925385,-1.568805010619375,-1.2805649205984313,-0.28824009002094364,5.658144509430358,12.429394093697626,55.227484800611904,,36.059674901803916,30.2625,24.465325098196082,237400.0,2219057.15,0.4928390901432182,26.663675213675212
2026-03-06,5251,32.4,32.6,31.5,31.8,114000.0,3649350.0,32.45,32.285000000000004,32.765,33.08833333333333,33.16916666666666,33.209583333333335,49.47368421052631,38.39999999999999,-0.2769463396507561,-0.2079890029088119,-0.06895733674194421,10.767144421676713,7.941734623127347,59.30416935659529,,34.12344338161464,32.765,31.40655661838536,179000.0,157430.2,0.6368715083798883,32.011842105263156
2026-03-06,5258,49.1,50.2,49.1,49.95,92639.0,4614415.0,51.23,52.395,55.427499999999995,64.5175,69.55458333333334,70.28270833333335,38.14432989690724,24.9097472924188,-4.1742912700862576,-4.009311436217625,-0.16497983386863257,10.362154498050533,43.340235804162035,49.872218807802795,,62.886120939275585,55.427499999999995,47.968879060724404,252294.2,419746.25,0.3671864038095208,49.810716868705406
2026-03-06,5263,98.9,100.5,98.6,100.5,224000.0,22334400.0,100.62,101.46000000000001,103.905,105.96833333333333,106.48416666666667,106.74208333333333,42.248062015503876,41.73027989821883,-1.652490257448008,-1.2596058995725024,-0.3928843578755057,14.430332957754857,11.171767682203976,52.00419663718847,,110.69089093557166,103.905,97.11910906442834,371400.0,292326.35,0.6031233171782445,99.70714285714286
2026-03-06,5269,1295.0,1360.0,1285.0,1285.0,3224171.0,4250738885.0,1286.0,1267.0,1297.25,1258.0,1423.625,1653.075,53.48837209302325,49.54128440366973,5.56017276350758,5.759250431906117,-0.19907766839853647,31.824330156349394,30.17150925310343,13.520495419267435,,1401.80293295491,1297.25,1192.69706704509,1571367.6,1399350.25,2.051824792620135,1318.3974686826475
2026-03-06,5272,23.5,23.5,22.5,22.85,433000.0,9916150.0,21.750000000000004,20.925,20.665,20.321666666666665,20.235833333333336,20.19291666666667,81.0526315789474,66.87500000000001,0.45839915911528095,0.19692121201297627,0.26147794710230465,25.803880897911053,6.185818875553046,49.21274967336829,,22.59211947571608,20.665,18.73788052428392,533600.0,191792.1,0.8114692653673163,22.901039260969977
2026-03-06,5274,9500.0,9520.0,9315.0,9520.0,314000.0,2974560000.0,9429.0,9432.0,9570.5,9716.833333333334,9753.416666666666,9771.708333333334,44.86215538847117,46.67487684729065,-105.17246875483579,-78.56201422500558,-26.610454529830207,5.329349084607593,15.44630028632485,60.917549905490176,,10227.037167745726,9570.5,8913.962832254274,342000.0,340494.65,0.9181286549707602,9473.121019108281
2026-03-06,5276,16.15,16.15,15.65,15.8,5000.0,79100.0,,,,,,,66.66666666666666,37.9310344827586,-0.07859943087896504,-0.05069663654681256,-0.02790279433215248,7.522500221535508,6.121546978187134,70.65388316064798,,,,,,,,15.82
2026-03-06,5278,28.1,28.6,28.0,28.0,146000.0,4140400.0,28.24,28.195,28.5875,28.895833333333332,28.972916666666666,29.011458333333334,48.7179487179487,41.46341463414633,-0.22645880573186972,-0.19288216929098292,-0.03357663644088679,13.730815067050308,16.284689137841585,65.3400896081088,,29.678552123797076,28.5875,27.49644787620292,282800.0,271367.4,0.5162659123055162,28.35890410958904
2026-03-06,5283,58.0,58.3,57.6,58.1,54860.0,3182956.0,59.260000000000005,59.45,59.995000000000005,61.03333333333333,65.89333333333333,77.02291666666666,33.33333333333326,33.3333333333333,-0.7055351649443509,-0.6111020649226225,-0.09443310002172833,25.715235046825452,31.09429080244662,11.593685578146843,,61.80895177793206,59.995000000000005,58.18104822206795,83275.0,89632.2,0.6587811468027619,58.019613561793655
2026-03-06,5284,276.0,278.5,270.0,278.5,2600801.0,718256558.0,267.1,261.25,265.675,282.2416666666667,275.6375,221.80375,72.07207207207207,58.46994535519126,-4.574453491914824,-6.38146684919632,1.8070133572814964,28.58547544300941,25.456868700275503,12.405090070798515,,282.31444267790596,265.675,249.03555732209406,981984.0,818140.85,2.648516676442793,276.1674414920634
2026-03-06,5285,47.2,48.9,47.2,48.6,129169.0,6221319.0,49.660000000000004,50.53,52.565,51.52166666666667,50.29291666666666,48.8875,17.948717948718,23.076923076923066,-0.7021430368574713,-0.1152262575611512,-0.58691677929632,20.16701409419504,30.72756326797112,17.50756489631593,,57.34314101706347,52.565,47.78685898293652,181226.8,330037.2,0.7127477834404183,48.1641802599695
2026-03-06,5287,161.5,162.5,161.0,161.0,79000.0,12753500.0,162.9,163.85,164.75,165.25,165.375,165.4375,18.181818181818187,30.434782608695656,-0.831358386538767,-0.36303504517247637,-0.46832334136629067,12.080453691019907,19.533899944751766,46.664905392508835,,167.75000000000418,164.75,161.74999999999582,109000.0,77952.0,0.7247706422018348,161.4367088607595
2026-03-06,5288,142.5,142.5,140.5,141.0,34533.0,4872845.0,144.1,144.95,144.1,136.90833333333333,128.89166666666668,143.11166666666668,0.0,52.45901639344261,1.9413465183824314,2.5599091613048905,-0.6185626429224591,30.081627951661766,26.159250433039656,19.796691629208667,,152.1170870152771,144.1,136.0829129847229,88849.4,159478.3,0.3886689161660068,141.10691222888252
2026-03-06,5289,800.0,813.0,774.0,778.0,3212000.0,2545056000.0,785.0,762.6,774.5,782.8333333333334,784.9166666666666,785.9583333333334,59.42028985507247,49.10536779324055,-2.257145982101747,-4.639709633799467,2.38256365169772,10.349226725670466,6.838974061730663,69.41148839683107,,837.2526472496747,774.5,711.7473527503253,4309400.0,4629255.95,0.745347380145728,792.3586550435865
2026-03-06,5291,53.7,55.0,51.5,55.0,1433000.0,77485500.0,50.5,43.885,40.3525,37.717499999999994,37.05875,36.729375,74.78260869565217,69.01840490797545,3.884174331587971,1.8956845087985048,1.9884898227894663,37.98569825345302,9.576121030857978,65.04367996515053,,54.129348428852616,40.3525,26.575651571147382,3559800.0,2475042.95,0.4025507050957919,54.07222609909281
2026-03-06,5292,180.0,180.5,177.5,178.5,62279.0,11162218.0,180.0,181.95,189.525,162.69166666666666,159.75,154.27083333333334,31.578947368421055,33.33333333333333,2.876593104817431,5.5715407619125905,-2.6949476570951596,29.076985127727827,29.27869576352092,15.996914440836925,,210.29814815357705,189.525,168.75185184642297,143006.8,268175.7,0.4354967735799976,179.2292426018401
2026-03-06,5299,75.0,75.2,73.6,74.2,99000.0,7367100.0,75.96000000000001,74.72999999999999,73.725,72.70833333333333,72.45416666666668,72.32708333333333,48.69565217391306,55.26315789473684,0.8132891501498278,0.7106322479969276,0.10265690215290024,20.543662744275846,18.06049518774,41.9982794609662,,77.62688888131186,73.725,69.82311111868813,171600.0,86082.1,0.5769230769230769,74.41515151515152
2026-03-06,5301,10.95,10.95,10.25,10.7,6000.0,64250.0,10.94,,,,,,7.692307692307665,53.84615384615383,0.022705383224387532,0.13615328295430396,-0.11344789972991642,14.288179621766192,18.904493055588453,56.10603498981041,,,,,7400.0,,0.8108108108108109,10.708333333333334
2026-03-06,5302,11.4,12.35,11.4,11.95,1024000.0,12312450.0,11.95,11.72,11.502500000000001,11.3675,11.33375,11.316875000000001,57.97101449275361,55.75221238938052,0.16160363024966884,0.10564426166516654,0.0559593685845023,22.79165399280322,14.602294963286427,38.04616104955519,,12.402485379998215,11.502500000000001,10.602514620001788,1310600.0,843543.9,0.7813215321226918,12.023876953125
2026-03-06,5306,89.9,90.8,89.8,90.0,95594.0,8619331.0,92.0,92.19,92.34,90.56333333333332,90.80083333333333,96.94541666666667,16.21621621621624,47.82608695652175,0.23843217265385874,0.5608908126081686,-0.3224586399543099,26.043947234019356,26.562429309178277,17.74010504743026,,95.47244481615616,92.34,89.20755518384385,123286.6,127699.55,0.7753802927487659,90.16602506433458
2026-03-06,5309,61.0,61.8,59.5,60.9,4629000.0,281147400.0,64.42,64.8,65.30999999999999,65.50333333333333,65.55166666666666,65.57583333333332,38.27160493827157,39.64757709251102,-0.6410263074105274,-0.10759564402508418,-0.5334306633854432,8.73207313664281,14.641703888895973,57.10531970408003,,69.58964582892703,65.30999999999999,61.03035417107294,8555600.0,29450538.05,0.5410491374070784,60.73609850939728
2026-03-06,5310,27.0,27.8,27.0,27.8,28000.0,757450.0,27.75,26.21,25.425000000000004,24.841666666666665,24.695833333333336,24.622916666666665,67.22222222222221,66.16915422885572,0.8028891034673045,0.4370260953287741,0.36586300813853034,25.391492649395865,5.6342149662682095,69.63227759476206,,28.410667517711214,25.425000000000004,22.439332482288794,31400.0,14494.3,0.89171974522293,27.051785714285714
2026-03-06,5312,98.7,100.0,98.4,98.8,33000.0,3271600.0,98.26,98.39000000000001,98.315,98.23833333333333,98.21916666666668,98.20958333333333,49.275362318840514,53.40909090909089,0.053811984723552087,0.04817509817043439,0.005636886553117698,12.855992206837424,8.759819701017642,41.261905217408106,,99.30393882520609,98.315,97.3260611747939,51800.0,34320.3,0.637065637065637,99.13939393939394
2026-03-06,5314,83.5,83.5,79.7,80.7,3660000.0,298232100.0,87.16,87.05,90.015,91.87166666666667,92.33583333333333,92.56791666666666,31.550802139037486,31.610942249240154,-2.0684634022080246,-1.172479828886392,-0.8959835733216326,8.663097653424607,23.57806855407959,40.701999193435604,,98.42483759778109,90.015,81.60516240221891,5800600.0,4683822.1,0.6309692100817157,81.48418032786886
2026-03-06,5315,23.0,23.45,22.85,22.95,695000.0,16006650.0,23.8,24.285,24.6875,24.895833333333332,24.947916666666668,24.973958333333332,22.222222222222214,28.421052631578917,-0.38450944838636403,-0.15787345025996313,-0.2266359981264009,10.466611647217281,23.649914753675695,42.36247240525341,,26.126752364396545,24.6875,23.248247635603455,946800.0,764163.9,0.7340515420363329,23.03115107913669
2026-03-06,5321,25.95,26.1,24.55,25.0,166000.0,4169400.0,26.47,27.330000000000002,27.9875,28.395833333333332,28.497916666666672,28.54895833333334,12.820512820512903,17.857142857142847,-0.6469697019805238,-0.29849488605060304,-0.3484748159299208,7.84286832351671,17.853485998296012,54.861447856301105,,30.15711675005179,27.9875,25.81788324994821,196200.0,175722.75,0.8460754332313966,25.11686746987952
2026-03-06,5324,10.05,10.1,10.0,10.1,44000.0,441950.0,10.23,10.435,10.817499999999999,11.105833333333333,11.177916666666668,11.213958333333332,14.28571428571425,17.142857142857096,-0.2833987248616392,-0.19322471114671047,-0.09017401371492872,0.6538835035495296,22.281295632379504,75.49746480706126,,11.704407697090222,10.817499999999999,9.930592302909776,240400.0,160549.85,0.18302828618968386,10.044318181818182
2026-03-06,5328,26.05,27.4,25.8,27.4,7634000.0,206645650.0,27.3,25.630000000000003,26.017500000000002,26.339166666666664,26.419583333333332,26.459791666666668,64.01869158878505,52.81249999999999,0.1001791880161349,-0.1338516821005504,0.2340308701166853,23.62516460516413,20.116449051627374,50.21897356011524,,28.99447744983769,26.017500000000002,23.040522550162315,10214200.0,6860607.95,0.7473908871962562,27.06911841760545
2026-03-06,5340,106.0,110.0,105.0,109.0,1265000.0,137044000.0,106.6,102.80999999999999,104.35499999999999,104.11833333333333,104.05916666666666,104.02958333333332,62.365591397849464,53.54107648725212,0.4699777831476126,-0.02984826520251918,0.4998260483501318,19.499754455946835,11.633898447782428,51.715330916902694,,114.61672756564793,104.35499999999999,94.09327243435204,1991800.0,10617582.9,0.6351039260969977,108.33517786561265
2026-03-06,5344,13.65,14.0,13.6,13.9,47000.0,642200.0,14.16,14.225,14.257499999999999,14.252500000000001,14.25125,14.250624999999998,37.93103448275864,43.13725490196079,-0.05263360310878973,0.0013815284871709444,-0.05401513159596067,10.87825044865218,22.312116119133883,22.213931847765856,,14.690694984662612,14.257499999999999,13.824305015337385,43800.0,35886.35,1.0730593607305936,13.663829787234043
2026-03-06,5345,22.8,22.9,22.65,22.9,16000.0,362850.0,,,,,,,100.0,43.83561643835612,-0.2714123468805276,-0.22905735684977532,-0.0423549900307523,23.310057623204322,37.97121544219827,47.334576099742904,,,,,,,,22.678125
2026-03-06,5347,122.5,123.0,117.0,119.5,14403000.0,1721868000.0,125.0,124.75,128.35,133.11666666666667,134.30833333333334,134.90416666666667,40.29850746268656,38.732394366197184,-3.072411980749891,-2.525629313018923,-0.5467826677309677,14.366798726335139,21.345878803474548,52.44589602177526,,143.27824944790737,128.35,113.42175055209263,25768800.0,34403667.65,0.558931731396107,119.54926057071444
2026-03-06,5348,17.25,17.3,17.25,17.3,2000.0,34550.0,17.080000000000002,17.205000000000002,17.1625,17.0875,17.06875,17.059375,52.000000000000014,55.813953488372086,0.009111925453698433,0.030840952414076726,-0.021729026960378293,10.931352929303838,34.94954563751019,38.78805475124461,,17.54346138773814,17.1625,16.781538612261862,8600.0,5264.95,0.23255813953488372,17.275
2026-03-06,5351,52.5,53.9,52.0,53.9,7711000.0,411101700.0,55.260000000000005,55.279999999999994,55.575,55.65833333333333,55.67916666666667,55.68958333333333,44.642857142857125,47.115384615384606,-0.3272465494862473,-0.02067557988993496,-0.30657096959631236,11.240618638290504,18.697001081293372,55.13865404582104,,59.6551831744227,55.575,51.4948168255773,8124800.0,12639787.25,0.949069515557306,53.31366878485281
2026-03-06,5353,24.45,24.45,23.7,23.8,253000.0,6035400.0,24.72,24.775,25.135,25.378333333333334,25.43916666666667,25.469583333333333,29.166666666666657,27.63157894736844,-0.27960708678114443,-0.15293273159984985,-0.12667435518129458,13.672500810593865,28.288915187683205,36.41972344662997,,26.237676170433605,25.135,24.032323829566398,116200.0,71759.2,2.1772805507745265,23.855335968379446
2026-03-06,5355,7.2,7.4,7.2,7.4,131000.0,949180.0,7.43,,,,,,47.058823529411754,61.4173228346457,0.07272880872094944,0.05616631082742026,0.016562497893529184,13.074647628120777,8.347507263959427,69.01856944975216,,,,,106000.0,,1.2358490566037736,7.245648854961832
2026-03-06,5356,24.85,25.15,24.85,24.95,97000.0,2428150.0,25.13,25.225,25.4275,25.575833333333332,25.612916666666663,25.631458333333335,37.49999999999997,37.03703703703708,-0.14467627995535537,-0.09757558046511369,-0.047100699490241676,15.591997428601875,9.290257406660945,65.8643006232101,,25.967943287838626,25.4275,24.88705671216137,94400.0,117037.5,1.027542372881356,25.032474226804123
2026-03-06,5364,12.75,12.8,12.6,12.7,79000.0,1001650.0,12.91,12.85,12.8625,12.854166666666666,12.852083333333333,12.851041666666665,46.666666666666615,43.478260869565204,-0.0063217707158162995,0.00658957187193349,-0.012911342587749789,21.505596733561312,15.438772768525544,51.667133072435554,,13.08463082915966,12.8625,12.64036917084034,133800.0,72714.25,0.5904334828101644,12.679113924050633
2026-03-06,5371,82.2,83.6,81.1,83.5,4851000.0,401055800.0,85.46,84.38,84.97,85.32333333333332,85.41166666666668,85.45583333333335,49.47368421052631,46.57534246575342,-0.2893364258850539,-0.15404415702766586,-0.13529226885738807,16.20617932713346,20.012485715003887,29.043599328180793,,89.14415607606716,84.97,80.79584392393284,10048600.0,6075893.4,0.48275381645204307,82.67487116058544
2026-03-06,5381,26.35,27.0,26.3,26.35,966000.0,25711600.0,26.330000000000002,25.669999999999998,26.475,27.091666666666665,27.245833333333334,27.322916666666668,67.50000000000001,42.10526315789477,-0.3213232181078567,-0.38054752883789844,0.05922431073004175,15.46838260624937,14.638028965432357,53.641814243151856,,28.599171665181018,26.475,24.350828334818985,2404400.0,1658523.45,0.4017634337048744,26.61656314699793
2026-03-06,5386,236.5,236.5,236.5,236.5,199000.0,47063500.0,208.1,176.15,145.0,124.33333333333333,119.16666666666667,116.58333333333333,90.52631578947368,91.52542372881356,26.283664382802158,15.116037544452459,11.1676268383497,46.50883166262557,2.0294438482727566,81.81241283747289,,227.9051455453444,145.0,62.09485445465559,664800.0,7917029.1,0.299338146811071,236.5
2026-03-06,5388,78.5,80.5,77.8,79.6,1969208.0,156238532.0,81.58,82.13,83.08000000000001,82.32333333333334,91.89583333333333,99.11291666666666,33.74999999999997,32.0,-0.5051441447515117,-0.11096966212128076,-0.3941744826302309,15.98534069757234,25.138685308893105,19.592850304177155,,86.47944267877992,83.08000000000001,79.6805573212201,2632021.4,4680473.7,0.7481732481354445,79.34079690921426
2026-03-06,5392,40.65,41.75,40.45,41.5,1612000.0,66374950.0,43.160000000000004,43.095,43.64,44.04666666666667,44.14833333333333,44.19916666666667,42.211055276381934,40.67796610169492,-0.47519336329455086,-0.22189775516734825,-0.25329560812720264,13.574249926556488,20.736028170238797,53.0387034706744,,46.36968091445444,43.64,40.91031908554556,1752000.0,1914209.45,0.9200913242009132,41.17552729528536
2026-03-06,5398,24.0,24.0,22.0,22.0,283000.0,6444900.0,23.07,22.169999999999998,21.380000000000003,20.793333333333333,20.646666666666665,20.573333333333334,51.824817518248175,58.15217391304348,0.6510574364611905,0.44345663334679547,0.20760080311439505,35.3816506091438,11.384560283876082,42.85332091808648,,23.870909789403832,21.380000000000003,18.889090210596173,357600.0,211162.3,0.7913870246085011,22.77349823321555
2026-03-06,5403,110.0,110.5,109.5,110.0,78000.0,8581500.0,110.0,110.2,110.425,110.475,110.4875,110.49375,39.99999999999999,47.05882352941176,-0.1091370254805355,-0.05505762262270905,-0.05407940285782645,12.058660086302977,20.53051433803091,34.41903651138297,,111.51442283125661,110.425,109.33557716874338,154800.0,105906.65,0.5038759689922481,110.01923076923077
2026-03-06,5410,30.2,30.9,30.1,30.8,694000.0,21241100.0,30.119999999999997,30.025,29.984999999999996,29.928333333333335,29.914166666666667,29.90708333333333,60.344827586206925,60.9756097560976,0.06836131286586777,0.03399395778770713,0.03436735507816065,23.046988581384312,15.48423236485722,34.81618550801727,,30.58421000624077,29.984999999999996,29.38578999375922,373200.0,220194.35,1.8595927116827438,30.606772334293947
2026-03-06,5425,56.5,57.9,55.3,57.6,1861000.0,105449100.0,59.04,59.40999999999999,60.644999999999996,61.41499999999999,61.6075,61.70375,45.31250000000002,38.33333333333334,-0.9387040180188606,-0.5289704757767332,-0.40973354224212744,5.4313091131890765,20.69044375812684,38.39960620349475,,64.53478419101002,60.644999999999996,56.75521580898997,2388200.0,2346123.2,0.7792479691818106,56.662600752283716
2026-03-06,5426,19.75,20.1,19.7,20.1,362000.0,7231350.0,20.419999999999998,20.19,19.705000000000002,19.334999999999997,19.2425,19.19625,40.740740740740755,57.983193277310946,0.3100021653365488,0.2755378978715124,0.03446426746503639,16.33149179696551,15.01196300411819,49.29565660432388,,21.208644694873456,19.705000000000002,18.201355305126548,571000.0,559052.6,0.6339754816112084,19.97610497237569
2026-03-06,5432,144.5,144.5,140.5,141.0,83000.0,11806500.0,147.5,149.75,152.625,154.875,155.4375,155.71875,32.72727272727272,30.769230769230774,-2.7214021300336526,-1.4313967964358856,-1.290005333597767,1.2849021438235808,16.10853647238983,42.495284725303506,,162.23790251365307,152.625,143.01209748634693,109800.0,98551.5,0.75591985428051,142.24698795180723
2026-03-06,5434,322.5,328.5,322.5,328.5,179606.0,58607229.0,336.9,331.2,329.625,312.26666666666665,308.7083333333333,288.75,57.89473684210526,52.87958115183246,6.243965631219737,6.582349436873638,-0.33838380565390125,30.803606048552705,31.36339070954562,16.195753124902357,,344.8802838128507,329.625,314.3697161871493,678955.2,685258.05,0.2645329176358028,326.30997294077036
2026-03-06,5438,20.8,21.5,20.8,21.5,242000.0,5148850.0,21.5,21.505000000000003,21.5175,21.439166666666665,21.419583333333332,21.409791666666667,53.94736842105264,50.847457627118665,-0.01672502460035119,0.03219374560264452,-0.04891877020299571,7.089536120935777,20.65928916281528,37.521551103292296,,22.313724644312472,21.5175,20.721275355687524,222200.0,333034.25,1.0891089108910892,21.27623966942149
2026-03-06,5439,272.0,283.5,269.0,274.5,3808000.0,1046846500.0,282.7,294.55,298.125,299.375,299.6875,299.84375,20.325203252032537,39.05579399141631,-5.030308581412669,-1.1421924109019308,-3.888116170510738,11.982857891457058,22.29326574271406,54.4971407385419,,323.15103907091463,298.125,273.09896092908537,4139400.0,3728399.15,0.9199400879354496,274.9071691176471
2026-03-06,5443,90.6,94.8,90.6,93.6,3160000.0,295384100.0,89.76,87.46,88.615,89.53833333333334,89.76916666666666,89.88458333333332,71.8181818181818,55.92105263157894,-0.041544654944047466,-0.5851007757834661,0.5435561208394186,22.28134103671382,10.420580646990075,51.119787183767315,,93.98206329579338,88.615,83.24793670420661,2138200.0,1672804.65,1.4778785894677766,93.47598101265822
2026-03-06,5450,14.35,14.95,14.35,14.5,39000.0,569300.0,14.420000000000002,14.294999999999998,14.352500000000001,14.384166666666665,14.392083333333334,14.396041666666667,68.1818181818182,52.63157894736841,-0.0004701210698492275,-0.022494401880491455,0.022024280810642227,15.07494584412267,4.832366850611817,60.522301533358196,,14.659394461543895,14.352500000000001,14.045605538456106,84600.0,63306.15,0.46099290780141844,14.597435897435897
2026-03-06,5452,32.8,33.6,31.6,31.95,2048000.0,66425350.0,32.02,30.47,31.125,31.775000000000002,31.937500000000004,32.01875,64.78873239436619,49.4915254237288,-0.06281546783083769,-0.3467258982735304,0.2839104304426927,15.95149306292356,5.099250857023761,32.26596832085762,,34.31767253171025,31.125,27.93232746828975,2976200.0,2233055.85,0.6881257979974464,32.4342529296875
2026-03-06,5455,,,,,,,,,,,,,100.0,100.0,-0.16671678216633623,-0.14762561030146354,-0.01909117186487269,12.859414462222771,8.306933700200972e-12,56.00701122955934,,,,,,,,
2026-03-06,5457,33.55,33.75,33.25,33.45,464000.0,15524700.0,35.07000000000001,35.75,35.8675,35.78916666666667,35.76958333333333,35.759791666666665,26.000000000000043,36.14457831325304,-0.31068047738268234,0.016563490017286898,-0.32724396739996925,10.839804155937781,31.880912760256148,49.20476505615456,,37.92490638976153,35.8675,33.81009361023847,545800.0,514998.85,0.8501282521069989,33.45840517241379
2026-03-06,5460,15.1,15.1,14.45,14.55,149000.0,2183950.0,15.190000000000001,15.3,15.430000000000001,15.476666666666665,15.488333333333333,15.494166666666668,18.51851851851852,29.78723404255318,-0.12809867520030593,-0.0336037961353404,-0.09449487906496554,6.261532121278279,21.650490228609222,26.745579946463106,,16.04678282452706,15.430000000000001,14.813217175472943,82600.0,67947.3,1.8038740920096852,14.657382550335571
2026-03-06,5464,27.5,27.65,26.8,27.0,144000.0,3898550.0,27.35,26.740000000000002,25.982499999999998,25.4275,25.288749999999997,25.219375,68.88888888888893,76.05633802816911,0.5628667628846173,0.39255442600876694,0.1703123368758504,27.36911183327777,3.865696028440052,53.790202843266016,,27.827913945861184,25.982499999999998,24.137086054138813,138600.0,136899.8,1.0389610389610389,27.07326388888889
2026-03-06,5465,27.45,28.15,27.45,27.8,130000.0,3614900.0,28.759999999999998,29.1,29.357499999999998,29.4525,29.47625,29.488125,25.0,36.5079365079365,-0.2829652382413741,-0.06903110219874305,-0.21393413604263106,7.777411599689872,20.012366822482836,36.4553560758345,,30.807100670965337,29.357499999999998,27.90789932903466,240000.0,151011.0,0.5416666666666666,27.806923076923077
2026-03-06,5468,16.35,16.8,16.3,16.4,46000.0,755950.0,16.73,17.035,17.6825,18.1275,18.23875,18.294375,37.49999999999997,25.31645569620251,-0.47527602558079707,-0.3093958797765606,-0.1658801458042365,8.599003417954634,19.554222982384207,59.65946421314858,,19.214019713088593,17.6825,16.15098028691141,66600.0,116429.1,0.6906906906906907,16.433695652173913
2026-03-06,5469,88.5,89.7,87.0,87.8,2570080.0,226338510.0,93.22,94.33,97.615,96.36166666666666,90.64833333333333,73.47416666666666,32.535885167464116,39.166666666666664,-1.5714110983622191,-0.4450552255471511,-1.126355872815068,21.209169157668825,27.7470780536346,13.450285099536885,,107.67529715999423,97.615,87.55470284000576,6117106.2,7030005.5,0.42014637574871594,88.06671776754031
2026-03-06,5471,42.8,44.5,42.0,44.1,1060674.0,45852552.0,44.08,41.17,39.0025,35.535833333333336,35.90916666666667,35.928125,70.2290076335878,69.11392405063292,2.4437303300201805,1.7517450269607684,0.6919853030594121,38.535172378641185,7.721118564366962,44.15662136360767,,45.8281077423648,39.0025,32.176892257635195,2639077.8,1684386.45,0.40191084931258947,43.22963700439532
2026-03-06,5474,143.5,144.5,142.5,142.5,117000.0,16776000.0,146.8,147.2,149.45,150.81666666666666,151.15833333333333,151.32916666666668,40.816326530612244,36.76470588235295,-1.7167672813333468,-0.9013638282460849,-0.8154034530872619,9.628714896367246,18.71510429575882,33.896449403768315,,156.49048443309346,149.45,142.40951556690652,137400.0,125009.4,0.851528384279476,143.3846153846154
2026-03-06,5475,188.5,190.0,181.0,190.0,1321000.0,249735000.0,194.0,172.2,148.65,131.55,127.275,125.1375,61.94690265486725,71.06918238993711,18.135987273860252,12.479202638764198,5.656784635096054,35.386856656110666,16.997067919918674,76.61125059152276,,210.41023247842804,148.65,86.88976752157197,3668400.0,3788898.9,0.3601024970014175,189.04996214988645
2026-03-06,5478,105.5,107.5,103.0,107.0,828000.0,87351500.0,103.1,102.45,103.4,104.13333333333334,104.31666666666666,104.40833333333333,86.66666666666667,59.25925925925926,-0.2884174526201093,-0.501187226362384,0.21276977374227468,15.24226378336656,8.470847199023126,72.85010748977466,,106.47108758379967,103.4,100.32891241620034,320400.0,285337.55,2.5842696629213484,105.4969806763285
2026-03-06,5481,22.4,22.45,21.3,22.45,223000.0,4951200.0,22.15,22.294999999999998,22.3875,22.4625,22.48125,22.490625,41.66666666666664,49.473684210526315,-0.06134328595799232,-0.04879406893723872,-0.012549217020753602,10.385055907557735,5.04738641796541,41.0384016779334,,23.02234353646349,22.3875,21.752656463536507,179800.0,315565.25,1.2402669632925474,22.20269058295964
2026-03-06,5483,113.0,114.5,111.0,113.5,4706000.0,530727000.0,113.8,115.25,115.05,114.68333333333334,114.59166666666667,114.54583333333333,50.0,48.80952380952381,-0.3252556544032217,0.13029118494610467,-0.4555468393493264,11.384709533610152,21.008462087561757,55.42413488354192,,120.29053030663556,115.05,109.80946969336443,4938200.0,6049189.8,0.9529788181928638,112.77666808329792
2026-03-06,5484,36.2,36.2,35.1,35.6,115502.0,4114378.0,37.66,37.945,39.9425,38.2825,39.841249999999995,41.48975,29.62962962962966,23.52941176470584,-0.673076739705671,-0.19429292801554163,-0.4787838116901293,17.438511007276876,31.342137240222957,13.745282776509093,,45.836767955975084,39.9425,34.04823204402492,243337.6,602812.8,0.47465743066422944,35.621703520285365
2026-03-06,5487,28.15,28.25,27.75,28.15,8000.0,224950.0,,,,,,,0.0,15.000000000000071,0.0022591190291727514,-0.03238842680518871,0.034647545834361464,2.1118035378693794,11.66459092623669,48.437428248901966,,,,,,,,28.11875
2026-03-06,5488,9.78,9.94,9.72,9.87,344000.0,3372160.0,9.978,9.92,9.8315,9.757166666666668,9.738583333333333,9.729291666666667,47.14285714285708,56.637168141592866,0.06034804733068633,0.05302878315545391,0.007319264175232418,15.619148054485382,12.868211230234264,48.7760798527711,,10.102969684262693,9.8315,9.560030315737308,296200.0,221150.6,1.161377447670493,9.80279069767442
2026-03-06,5489,40.3,40.3,39.9,39.9,37000.0,1480750.0,40.32000000000001,40.809999999999995,41.527499999999996,42.0425,42.17124999999999,42.235625,0.0,24.468085106383043,-0.5504635207718778,-0.35352533873485226,-0.1969381820370255,8.119167532160377,21.683979539751917,50.780151020004475,,43.30350231152054,41.527499999999996,39.75149768847945,47400.0,37105.4,0.7805907172995781,40.020270270270274
2026-03-06,5490,26.6,26.65,26.0,26.55,433000.0,11423750.0,25.98,25.660000000000004,25.4375,25.17916666666667,25.114583333333332,25.082291666666666,87.49999999999986,74.19354838709677,0.2537910762302431,0.15276227127836586,0.10102880495187724,15.02555662815869,8.805236200426894,20.61397216373364,,26.30496757864486,25.4375,24.57003242135514,436400.0,243874.3,0.9922089825847846,26.382794457274827
2026-03-06,5493,84.2,85.5,83.3,84.5,83000.0,7012100.0,87.8,86.32000000000001,84.29499999999999,82.56500000000001,82.1325,81.91625,46.75925925925924,54.40251572327043,1.3020595334517964,1.2452868566690496,0.05677267678274678,25.9663485052738,23.071691975802374,41.74249423435102,,90.91378506898914,84.29499999999999,77.67621493101083,407000.0,216931.6,0.20393120393120392,84.48313253012049
2026-03-06,5498,62.3,63.0,58.3,59.5,7654000.0,465126700.0,61.160000000000004,57.660000000000004,59.825,61.34166666666667,61.72083333333333,61.91041666666667,64.86486486486484,45.723684210526315,-0.5490219071133566,-0.8809220246264201,0.3319001175130635,15.759473586032039,11.937138927249846,57.28453085215238,,67.24442684692303,59.825,52.40557315307697,11397800.0,10432622.85,0.6715331028795031,60.769101123595505
2026-03-06,5508,53.5,53.9,52.9,53.0,318000.0,16923100.0,54.839999999999996,56.55,57.83,58.61,58.805,58.9025,16.867469879518055,27.272727272727252,-1.2164004916050004,-0.567169258907691,-0.6492312326973094,2.73413054407861,17.193676086041982,69.93819386893658,,62.02979949396084,57.83,53.63020050603916,814800.0,587090.6,0.390279823269514,53.217295597484274
2026-03-06,5511,66.0,66.1,65.2,66.0,85000.0,5595300.0,66.47999999999999,66.77000000000001,67.175,67.45833333333333,67.52916666666665,67.56458333333333,41.02564102564097,40.24390243902441,-0.3587172258241367,-0.1868276370037056,-0.17188958882043107,6.88402377658379,11.131340871146996,49.35405837271415,,68.59793247981248,67.175,65.75206752018751,156600.0,150153.2,0.5427841634738186,65.82705882352941
2026-03-06,5512,7.98,8.05,7.98,8.04,1153000.0,9250420.0,7.967999999999999,7.915000000000001,7.8709999999999996,7.816999999999999,7.8035,7.79675,77.49999999999996,65.43209876543207,0.04568365931876883,0.030977998413223424,0.014705660905545408,16.41974807533206,10.200090997608799,54.220377125040955,,8.049638122883577,7.8709999999999996,7.692361877116423,946200.0,913327.35,1.21855844430353,8.022914137033824
2026-03-06,5514,15.95,15.95,15.65,15.8,6000.0,94700.0,15.85,15.785,15.852499999999997,15.917499999999999,15.93375,15.941875,76.92307692307709,45.161290322580676,-0.03540980532984328,-0.042515160992020906,0.007105355662177626,8.5805601599743,17.427234000768888,48.397940155405415,,16.159394461543886,15.852499999999997,15.545605538456108,9800.0,68143.0,0.6122448979591837,15.783333333333333
2026-03-06,5515,32.65,32.75,32.45,32.65,133719.0,4362296.0,33.04,32.879999999999995,32.7,32.385,28.532500000000002,27.972916666666666,50.0,52.38095238095232,-0.034285353052965206,-0.02456918706010548,-0.009716165992859727,19.421516049848837,21.254531409645423,17.50181645725413,,33.965742968835315,32.7,31.434257031164694,319874.8,410160.15,0.4180354313625206,32.62285838212969
2026-03-06,5516,14.0,14.1,13.95,14.0,11000.0,153850.0,14.12,14.584999999999999,14.430000000000001,14.17666666666667,14.113333333333335,14.081666666666667,20.689655172413822,49.41176470588235,0.003879396657550771,0.12375054316808237,-0.1198711465105316,18.89840321167247,19.582994172267103,61.16544256567326,,15.537106232719479,14.430000000000001,13.322893767280524,27200.0,39659.9,0.40441176470588236,13.986363636363636
2026-03-06,5519,33.0,33.45,32.75,33.45,647643.0,21490247.0,32.59,31.615000000000002,31.3025,31.502499999999998,30.163333333333334,31.391250000000003,94.8275862068966,76.53061224489798,0.2211305511615116,-0.08817443861192838,0.30930498977343995,37.6324827263175,15.955584527157546,22.776166335496566,,33.14425974203129,31.3025,29.460740257968713,596861.6,377068.6,1.085080695424199,33.18224237735913
2026-03-06,5520,88.0,88.2,88.0,88.2,7000.0,616800.0,88.29999999999998,88.21,88.125,88.10833333333333,88.10416666666666,88.10208333333331,48.14814814814826,51.351351351351475,0.04364699950014028,0.033070408815243854,0.010576590684896428,11.745947936280327,17.78492469023012,56.80978458298269,,88.69762093643361,88.125,87.55237906356639,7600.0,8400.65,0.9210526315789473,88.11428571428571
2026-03-06,5521,22.95,22.95,20.85,20.85,18090579.0,383334032.0,24.21,22.53,22.0875,19.127499999999998,15.858333333333333,13.795958333333333,51.340996168582386,49.06832298136647,0.8531453881731039,0.8613734178845186,-0.008228029711414675,36.5714886310207,31.903821028002845,25.30940028845112,,25.741175150483667,22.0875,18.43382484951633,20487873.0,9343880.6,0.8829896104881165,21.189704984014057
2026-03-06,5522,66.8,67.3,66.5,66.6,303794.0,20298145.0,67.25999999999999,66.97,66.805,64.76,62.745,64.79020833333333,34.285714285714235,52.272727272727224,-0.17127882420047058,-0.018721533947901752,-0.15255729025256884,23.79256744071917,20.124637006402267,13.665087237572498,,68.44973642105461,66.805,65.1602635789454,599671.6,733653.55,0.5066006127353705,66.81549010184533
2026-03-06,5523,30.4,30.5,30.4,30.5,9000.0,273900.0,30.51,30.504999999999995,30.482499999999998,30.46083333333333,30.455416666666665,30.45270833333333,50.0,66.66666666666666,0.014840391114340434,0.013568598700404085,0.0012717924139363495,3.084962453858146,5.7039324650959955,71.55753874811765,,30.541214294861252,30.482499999999998,30.423785705138744,30000.0,24655.05,0.3,30.433333333333334
2026-03-06,5525,25.15,25.25,24.85,25.15,39866.0,998507.0,25.93,25.96,25.785000000000004,27.452499999999997,28.503333333333334,30.14,26.829268292682826,41.79104477611939,-0.4180683473994513,-0.46927728359720916,0.05120893619775785,13.821776574685025,33.43208099832104,36.90585349228304,,26.603920984557913,25.785000000000004,24.966079015442094,56216.4,75078.5,0.7091524893091695,25.046581046505793
2026-03-06,5529,25.9,26.2,25.8,26.1,33000.0,860100.0,26.98,27.0,27.1175,27.20583333333333,27.22791666666667,27.238958333333336,24.074074074074062,36.470588235294116,-0.13535200160218963,-0.03537241598979095,-0.09997958561239868,14.40036791240677,27.953318419657236,41.67004674291687,,28.07131505434478,27.1175,26.16368494565522,56000.0,39232.8,0.5892857142857143,26.063636363636363
2026-03-06,5530,51.0,51.8,51.0,51.1,271000.0,13926800.0,52.52,51.660000000000004,50.5025,49.53416666666667,49.29208333333333,49.17104166666666,50.60240963855423,57.093425605536346,0.7601334280075704,0.6750596416941298,0.08507378631344065,14.59167524437485,8.229121617425667,44.41927219049668,,53.791472803971345,50.5025,47.21352719602865,508200.0,504681.9,0.533254624163715,51.390405904059044
2026-03-06,5531,8.86,9.0,8.85,9.0,187656.0,1673946.0,8.996,9.004999999999999,8.9975,9.086666666666668,9.197000000000001,9.63325,47.058823529411825,50.0,-0.022399134382498076,-0.02483293364866071,0.002433799266162634,13.7442894309812,18.51460914252962,16.4230989884766,,9.059015937172463,8.9975,8.935984062827538,295564.2,340205.3,0.6349077459313408,8.920290318455045
2026-03-06,5533,14.25,14.4,14.2,14.3,128100.0,1830390.0,14.410000000000002,14.309999999999999,14.2925,14.4,14.975,16.522083333333335,50.0,50.0,-0.0030910749972079543,-0.02263541675516101,0.019544341757953054,20.461242122993237,19.004404983832103,11.07258925625623,,14.503450231093835,14.2925,14.081549768906166,126414.4,129610.0,1.0133339239833437,14.288758782201405
2026-03-06,5534,74.6,75.4,74.5,75.2,593229.0,44551499.0,75.84,76.46000000000001,77.41499999999999,78.53833333333334,78.95833333333333,83.28166666666667,34.61538461538471,40.49586776859508,-1.2432481578713919,-0.9666738400009529,-0.27657431787043896,14.669711251602347,21.22334574791264,15.170066918439174,,80.14978566465182,77.41499999999999,74.68021433534817,963288.4,783483.4,0.6158373753903815,75.10000185425864
2026-03-06,5536,666.0,692.0,661.0,688.0,1104000.0,745789000.0,677.2,652.0,649.5,650.5,650.75,650.875,64.20454545454545,58.07860262008734,6.1739405269401,1.0040593936252495,5.169881133314851,23.072237326886423,14.039566262071046,60.02734600410384,,696.9774184550708,649.5,602.0225815449292,1555800.0,1634087.55,0.7096027767065175,675.5335144927536
2026-03-06,5538,32.0,32.4,32.0,32.15,26000.0,836000.0,32.68,31.855,31.732500000000005,30.167500000000004,,,62.686567164179074,50.38167938931296,0.5841268855821795,0.5092905771767852,0.07483630840539435,32.34254754097014,20.144604303187815,26.30144239604397,,33.567331126604806,31.732500000000005,29.897668873395205,51626.8,48272.55,0.5036144018223093,32.15384615384615
2026-03-06,5543,24.85,25.5,24.5,25.5,9000.0,223900.0,26.139999999999997,27.705000000000002,28.747500000000002,29.415833333333335,29.58291666666667,29.66645833333333,28.395061728395063,27.748691099476446,-1.02368933671222,-0.5063989859184628,-0.5172903507937572,3.2632422263240506,27.053037182410982,56.09897737929733,,32.30270004618883,28.747500000000002,25.192299953811172,60200.0,29552.8,0.14950166112956811,24.877777777777776
2026-03-06,5546,20.6,20.8,20.0,20.5,34284.0,694806.0,21.490000000000002,21.95,22.19,22.664166666666667,24.38625,26.982291666666665,13.725490196078368,33.944954128440344,-0.35032299016039303,-0.1726898463310736,-0.17763314382931944,13.89180642802548,39.93004351630388,22.924665747734096,,23.46345365464315,22.19,20.916546345356853,33037.0,24390.0,1.0377455580107153,20.266188309415472
2026-03-06,5547,22.2,22.25,22.15,22.25,38000.0,844150.0,22.41,22.49,23.01,23.403333333333332,23.50166666666667,23.550833333333337,48.7179487179487,30.434782608695656,-0.3318582586169647,-0.2628573983141766,-0.06900086030278813,4.504476539510679,3.5762293795192077,,,24.17465490709977,23.01,21.84534509290023,187600.0,847043.3,0.2025586353944563,22.214473684210525
2026-03-06,5548,22.6,22.65,22.55,22.6,26000.0,587250.0,23.09,23.275,23.310000000000002,23.336666666666666,23.343333333333337,23.34666666666667,11.538461538461448,29.72972972972974,-0.097698592042196,-0.01055088184204183,-0.08714771020015416,8.465392359333423,20.77049797584633,62.45781110431581,,23.873448031511447,23.310000000000002,22.746551968488557,42000.0,35761.2,0.6190476190476191,22.58653846153846
2026-03-06,5601,37.4,37.4,37.4,37.4,1000.0,37400.0,,,,,,,0.0,77.7777777777776,0.07758853927119702,0.028288391142136243,0.04930014812906078,10.676143856546572,17.417062498776957,43.86817671846042,,,,,,,,37.4
2026-03-06,5603,17.95,18.6,17.9,18.0,90000.0,1621050.0,17.78,17.695,17.6275,17.575833333333332,17.56291666666667,17.556458333333335,71.4285714285715,69.5652173913044,0.07677812322267386,0.033584308495156256,0.0431938147275176,27.29536842119609,3.5648411104712965,73.01130562154903,,17.918550728079815,17.6275,17.336449271920188,160000.0,95784.8,0.5625,18.011666666666667
2026-03-06,5604,35.15,35.3,35.15,35.15,41000.0,1443850.0,35.690000000000005,37.595,38.302499999999995,38.667500000000004,38.75875,38.80437500000001,1.2195121951218937,20.63492063492066,-0.8227940205066915,-0.33330343330531065,-0.48949058720138083,7.233969848024568,48.26771314939744,58.40002568097935,,41.51374258619128,38.302499999999995,35.09125741380871,91400.0,106154.5,0.4485776805251641,35.21585365853659
2026-03-06,5607,53.3,53.7,52.2,52.2,720980.0,37968498.0,53.94,51.30500000000001,49.2375,48.7425,49.44958333333333,44.90354166666667,65.68627450980392,68.56287425149702,1.4916742402326264,0.7997796669977375,0.6918945732348889,36.725767747142434,16.76370524182382,24.528820573206914,,55.614834453895455,49.2375,42.86016554610454,1462871.4,780049.85,0.4928526184871753,52.662345696135816
2026-03-06,5608,17.55,17.9,17.2,17.4,4236271.0,73823153.0,17.57,17.59,17.7125,17.7325,17.612916666666663,16.996416666666665,11.111111111110588,41.86046511627903,-0.08157024928833678,-0.05846490918762027,-0.023105340100716514,23.38173498948839,14.069745828689145,20.11801427290352,,18.105698757828613,17.7125,17.319301242171385,4761479.8,3186452.75,0.8896963082779433,17.426447222096982
2026-03-06,5609,78.2,78.8,78.2,78.4,152000.0,11927800.0,78.38,78.3,78.205,78.06833333333334,78.03416666666666,78.01708333333333,52.38095238095257,55.000000000000036,0.09917851189084104,0.08227641136128025,0.016902100529560787,20.298531140163004,1.5561896091725176,51.945991233904856,,78.74973557080959,78.205,77.6602644291904,209000.0,150859.55,0.7272727272727273,78.47236842105264
2026-03-06,5701,3.69,3.8,3.69,3.8,10000.0,37670.0,3.846,3.873,3.8884999999999996,3.896166666666667,3.898083333333333,3.8990416666666667,14.285714285714064,24.999999999999943,-0.017194981458479308,-0.005837112133738736,-0.011357869324740573,14.312623566547414,34.67728339892754,40.93787325649692,,3.956331059490585,3.8884999999999996,3.8206689405094143,69800.0,52875.15,0.14326647564469913,3.767
2026-03-06,5703,14.25,14.25,14.25,14.25,2000.0,28500.0,14.41,,,,,,36.3636363636363,26.666666666666643,-0.15216596078179911,-0.10454515234292722,-0.0476208084388719,2.927857951859313,2.425444457161737,14.07169902347951,,,,,6400.0,,0.3125,14.25
2026-03-06,5704,21.55,21.8,21.55,21.6,21000.0,454900.0,21.9,22.095,22.2525,22.3175,22.333750000000002,22.341875,11.764705882353098,34.042553191489375,-0.14258743413725838,-0.054010373602853164,-0.08857706053440523,11.171918727145366,15.657775655777339,53.27048260927827,,22.839620538148505,22.2525,21.665379461851497,55600.0,66517.9,0.3776978417266187,21.66190476190476
2026-03-06,5706,48.5,50.2,48.1,50.0,678937.0,33432253.0,49.39,50.225,50.42999999999999,50.979166666666664,52.517916666666665,56.404791666666675,46.42857142857143,48.347107438016536,-0.3878883299719007,-0.15456170446198372,-0.23332662550991698,25.934670856934254,31.985140360736665,13.742598292011468,,52.66686811130521,50.42999999999999,48.19313188869477,370304.4,355746.0,1.8334564752673745,49.242054859287386
2026-03-06,5864,25.2,25.2,25.2,25.2,3300000.0,83160000.0,24.910000000000004,23.91,23.5475,23.249166666666667,23.174583333333334,23.13729166666667,61.780104712041876,59.374999999999986,0.4346530308103347,0.23130861315735027,0.20334441765298442,22.406431629273886,21.20000125457489,50.67278209321678,,25.850924224474234,23.5475,21.244075775525765,8049800.0,6577887.5,0.40994807324405574,25.2
2026-03-06,5871,100.0,102.5,99.8,101.0,5786896.0,587293655.0,102.8,104.6,104.825,104.25,108.2875,114.24166666666666,25.0,42.10526315789474,-0.7478885039620593,-0.13446309009695215,-0.6134254138651072,22.60323146089639,31.304596789272786,12.618348036138453,,109.02117620421787,104.825,100.62882379578214,6908965.2,5953749.1,0.8375922924029202,101.48681693951299
2026-03-06,5876,38.3,38.6,38.1,38.6,6260578.0,240335268.0,39.4,39.855000000000004,39.730000000000004,39.8125,40.790416666666665,42.99104166666667,21.81818181818187,40.62500000000002,-0.1999440360176976,-0.05662379977747257,-0.14332023624022505,16.207782253325092,37.31235705668845,17.127404910101333,,40.851746758173604,39.730000000000004,38.608253241826404,10258839.8,7657050.9,0.6102617958806609,38.388670822406496
2026-03-06,5878,41.15,41.15,41.15,41.15,1000.0,41150.0,41.35,,,,,,23.076923076922313,33.333333333333016,-0.08019265238227291,-0.048866752773068664,-0.03132589960920425,10.572289584059186,46.22226714035458,40.72118470471861,,,,,6800.0,,0.14705882352941177,41.15
2026-03-06,5880,23.35,23.55,23.3,23.4,12019660.0,281398869.0,23.759999999999998,23.824999999999996,23.7375,24.035,24.16541666666667,24.346666666666668,29.166666666666714,46.5116279069767,-0.10569917589774747,-0.09084785057386045,-0.014851325323887013,18.31742290590403,29.13611904090656,19.03343137902322,,24.209756620694314,23.7375,23.265243379305687,22076536.4,19774009.5,0.5444540657202006,23.41154982753256
2026-03-06,5902,40.65,40.65,39.3,39.7,4000.0,159850.0,39.36,39.695,39.7625,39.75416666666667,39.75208333333333,39.751041666666666,32.78688524590167,49.61240310077522,-0.08856358761928362,-0.008026787909500975,-0.08053679970978264,26.30915140204482,16.42113285452346,28.315014393833838,,40.75291458623731,39.7625,38.772085413762696,24800.0,20600.0,0.16129032258064516,39.9625
2026-03-06,5903,194.5,195.0,194.0,194.0,41000.0,7963000.0,195.2,195.4,194.475,193.825,193.6625,193.58125,14.285714285714292,53.846153846153854,0.43543566392736466,0.4693918318734545,-0.033956167946089855,8.408877205615202,6.8301982146151445,49.35902436990935,,196.73390052435855,194.475,192.21609947564144,61200.0,82703.65,0.6699346405228758,194.21951219512195
2026-03-06,5904,493.0,506.0,493.0,500.0,690000.0,345295000.0,490.6,464.65,439.65,420.55,415.775,413.3875,83.03030303030303,83.96946564885496,21.284451623655855,13.375732884301767,7.908718739354088,38.17353548697356,5.5530319224466895,82.32598907596287,,506.9107651332913,439.65,372.38923486670865,912600.0,523693.15,0.7560815253122946,500.42753623188406
2026-03-06,5905,8.32,8.41,8.23,8.25,914000.0,7572440.0,8.582,8.782,8.8855,8.915166666666666,8.922583333333334,8.926291666666666,4.166666666666586,31.521739130434796,-0.1172300808242408,-0.031073133378888142,-0.08615694744535266,12.186238196177559,26.12598493915055,52.16747587628538,,9.418474769818573,8.8855,8.352525230181428,1567800.0,1267778.1,0.5829825232810307,8.284945295404814
2026-03-06,5906,51.1,51.1,50.5,50.5,8038.0,409863.0,51.56,51.30500000000001,,,,,17.391304347826036,46.03174603174603,0.0027632138643909343,0.03436672278605137,-0.03160350892166044,17.461842507034326,28.857893632564053,21.532215843283392,,,,,9853.6,,0.8157424697572461,50.990669320726546
2026-03-06,5907,5.92,5.99,5.85,5.96,273148.0,1616198.0,5.954,5.926,5.952500000000001,5.7943333333333324,5.894833333333334,7.0084583333333335,58.33333333333328,49.46236559139786,0.039278404502950615,0.04086189824278103,-0.0015834937398304175,26.83776081909816,17.049955585935304,23.467708734564223,,6.196231949398531,5.952500000000001,5.70876805060147,255032.8,520412.1,1.0710308634810894,5.916931480369617
2026-03-06,6005,30.0,30.3,29.85,30.0,3670359.0,110028308.0,30.8,29.93,29.55,26.370833333333334,24.936249999999998,24.455416666666668,57.14285714285713,51.7241379310345,1.1540180831583697,1.1555888564718204,-0.0015707733134506796,41.47446691604982,19.299713893277705,46.77577940976923,,31.607847623636243,29.55,27.49215237636376,9364666.6,9300903.8,0.3919369644190003,29.97753298791753
2026-03-06,6015,13.5,13.75,13.35,13.6,3451000.0,46870150.0,13.790000000000001,13.545000000000002,13.445000000000002,13.381666666666666,13.365833333333333,13.357916666666666,51.470588235294116,52.52525252525252,0.09368831130988298,0.06487109349109876,0.028817217818784213,16.63214336258202,18.923422947715103,40.24282484904047,,14.260572127243721,13.445000000000002,12.629427872756283,6120400.0,4002945.15,0.5638520358146526,13.581614024920313
2026-03-06,6016,16.5,16.95,16.45,16.8,9064000.0,151676350.0,16.810000000000002,16.535000000000004,16.4575,16.419166666666666,16.409583333333334,16.404791666666664,55.71428571428575,53.84615384615387,0.09306528965545979,0.04673355430855596,0.04633173534690383,14.639501542969652,13.926593250212527,49.992419493530505,,17.232283501169334,16.4575,15.682716498830667,13535200.0,8909134.7,0.6696613275016254,16.733930935569283
2026-03-06,6020,19.2,19.25,19.2,19.25,8000.0,153950.0,19.26,19.205000000000002,19.2125,19.2375,19.24375,19.246875,52.94117647058828,50.0,0.002207274507089352,-0.008121056902598843,0.010328331409688194,26.48861466128215,29.535526493132846,39.10525918907724,,19.429840383052166,19.2125,18.99515961694783,13200.0,11200.35,0.6060606060606061,19.24375
2026-03-06,6021,32.75,32.95,32.2,32.6,324000.0,10532450.0,32.720000000000006,31.744999999999997,31.5125,31.304166666666667,31.252083333333335,31.226041666666667,59.770114942528735,56.36363636363637,0.34878627769937864,0.17372815496810778,0.17505812273127086,22.808812658609423,27.625378402951974,49.876169522424284,,33.48170368623836,31.5125,29.543296313761637,380600.0,293569.25,0.8512874408828166,32.50756172839506
2026-03-06,6023,94.7,95.1,94.2,94.5,73000.0,6909200.0,94.5,94.81,94.995,95.13166666666667,95.16583333333332,95.18291666666667,36.363636363636424,39.39393939393934,-0.2025428639271638,-0.09711719788793874,-0.10542566603922507,10.9348148754538,16.979511229507658,39.79704393684925,,95.76952871918488,94.995,94.22047128081513,124800.0,70481.75,0.5849358974358975,94.64657534246575
2026-03-06,6024,51.8,52.3,51.8,52.0,179533.0,9350419.0,52.5,52.21,51.875,50.89416666666667,49.98458333333333,50.54416666666667,43.47826086956531,54.41176470588237,0.36405878525567203,0.3449776600299352,0.01908112522573685,32.8829398806644,24.13105003218306,24.157464124859636,,53.32577111982111,51.875,50.42422888017889,350643.6,361037.65,0.5120099154811324,52.081895807456014
2026-03-06,6026,13.8,13.9,13.6,13.9,1530000.0,21124600.0,14.0,14.070000000000002,14.417499999999999,14.639166666666666,14.694583333333334,14.722291666666667,51.99999999999999,40.44943820224719,-0.2331341733038954,-0.15963754052817272,-0.07349663277572269,14.41186013784524,27.797736039237144,50.153707612596875,,15.36855204904884,14.417499999999999,13.466447950951157,2479000.0,2497483.0,0.6171843485276322,13.806928104575164
2026-03-06,6101,36.9,37.5,36.5,36.55,41000.0,1510550.0,37.48,38.0,38.6825,39.16083333333333,39.280416666666675,39.34020833333333,2.325581395349019,12.987012987013117,-0.5715235003398789,-0.32255106987588267,-0.2489724304639962,2.249324047431461,35.29511509497025,62.913062242770046,,40.50466614875933,38.6825,36.86033385124067,51400.0,42315.45,0.7976653696498055,36.84268292682927
2026-03-06,6103,,,,,,,,,,,,,50.0,50.0,0.21557809311442355,0.21557809311442366,-1.1102230246251565e-16,6.477584402169098e-12,1.0553461955564236e-11,23.932044266583194,,,,,,,,
2026-03-06,6104,94.8,96.8,93.5,94.7,983000.0,93538100.0,96.74,96.02000000000001,97.905,99.30166666666668,99.65083333333334,99.82541666666665,50.66666666666667,37.67441860465118,-1.1100647921184361,-0.8672507751535798,-0.24281401696485627,13.379911841509474,17.96499737904913,50.00734635913939,,103.09019146476925,97.905,92.71980853523075,1900200.0,1305013.2,0.5173139669508473,95.15574771108851
2026-03-06,6108,15.55,15.6,15.15,15.6,408976.0,6315296.0,15.290000000000001,14.785000000000002,14.940000000000001,14.249166666666667,14.487916666666667,14.706875,82.05128205128207,54.43037974683545,0.191315612158645,0.11368621054791228,0.07762940161073273,29.908620048047226,13.922122469559127,21.19466758972683,,16.031883934452683,14.940000000000001,13.84811606554732,388922.2,290167.65,1.0515624975894922,15.441727631939283
2026-03-06,6109,12.15,12.4,12.15,12.25,225000.0,2752600.0,12.31,12.125,12.11,11.903333333333334,11.851666666666667,11.825833333333332,65.21739130434781,54.54545454545453,0.10579877080680689,0.1002008481379375,0.005597922668869382,28.57311163919702,17.93037402976653,47.28096889636817,,13.063994372707668,12.11,11.15600562729233,261400.0,481541.95,0.8607498087222647,12.233777777777778
2026-03-06,6111,43.15,43.85,42.85,42.95,233000.0,10074600.0,43.5,43.3,43.715,43.904999999999994,43.9525,43.97625000000001,52.1739130434783,42.335766423357676,-0.19412763575660108,-0.13454095744169697,-0.05958667831490411,12.574825706703905,19.666274047473323,45.795377454407614,,44.87988083872174,43.715,42.55011916127827,338200.0,356309.9,0.6889414547604967,43.23862660944206
2026-03-06,6112,44.75,45.7,44.75,45.65,492874.0,22307468.0,46.46,45.155,45.445,46.84916666666666,49.81000000000001,51.537708333333335,60.45197740112995,54.77941176470588,-0.15858787386822826,-0.45658195662428397,0.2979940827560557,27.315692452307072,20.8082106062491,18.841597760264808,,49.242769428437576,45.445,41.647230571562424,2077714.6,883048.55,0.23721929855043614,45.25998125281512
2026-03-06,6113,21.55,21.55,21.1,21.2,217000.0,4616850.0,21.59,21.53,20.88,20.360000000000003,20.230000000000004,20.165000000000003,41.269841269841265,57.53424657534244,0.3616822795915908,0.35667379691958795,0.0050084826720028786,14.33906020315168,13.929468253348604,26.655421904502465,,22.592000983767548,20.88,19.16799901623245,247200.0,269119.9,0.877831715210356,21.275806451612905
2026-03-06,6114,30.55,31.05,30.55,30.6,8000.0,245350.0,31.02,31.384999999999998,31.334999999999997,31.111666666666668,31.055833333333336,31.027916666666666,27.45098039215692,46.296296296296305,-0.047283410543851545,0.10330377032827165,-0.1505871808721232,13.335458365762747,21.21889781369377,24.894890133658564,,32.55159576818181,31.334999999999997,30.118404231818186,31200.0,32654.25,0.2564102564102564,30.66875
2026-03-06,6115,46.6,47.15,46.6,47.0,42826.0,2012458.0,47.6,47.394999999999996,47.0575,46.946666666666665,46.9925,49.05354166666667,45.76271186440678,52.688172043010745,0.11339439086505365,0.08471664831479207,0.02867774255026158,22.762629609361777,25.277030412621766,22.80365609758932,,48.32916488468828,47.0575,45.78583511531171,123737.0,146370.95,0.3461050453785044,46.99150049035632
2026-03-06,6116,8.44,8.94,8.41,8.88,30085320.0,263656630.0,8.974,8.693999999999999,8.6605,7.799166666666666,7.69025,7.55525,59.15492957746479,56.553398058252434,0.26076982630613976,0.26138326368472314,-0.0006134373785833813,32.5836714086391,17.682325661457448,28.576272809242333,,9.401579582344892,8.6605,7.91942041765511,32957266.6,33416516.1,0.9128584710966291,8.763630567997946
2026-03-06,6117,70.8,71.0,69.8,70.0,209620.0,14752847.0,73.6,74.53,76.14000000000001,78.62666666666668,82.9375,86.15458333333332,26.31578947368415,36.8131868131868,-1.8748779164465077,-1.368458199056251,-0.5064197173902567,19.32488784613365,33.53299003657757,11.961482175875158,,81.6556809953161,76.14000000000001,70.62431900468393,345031.4,405912.85,0.6075389080530061,70.3790048659479
2026-03-06,6118,17.7,18.15,17.7,18.15,323000.0,5800400.0,18.589999999999996,18.52,18.4925,18.3975,18.373750000000005,18.361875,39.28571428571425,47.99999999999997,0.011323137609423384,0.06562981795237131,-0.05430668034294793,17.817780010540798,22.3484032751276,33.90151486685695,,19.32428628327992,18.4925,17.66071371672008,306600.0,250821.35,1.0534898891063276,17.957894736842107
2026-03-06,6120,12.5,13.35,12.45,13.3,2746726.0,35843468.0,13.370000000000001,13.05,13.157499999999999,12.225,11.755,11.735291666666667,61.66666666666668,53.781512605042025,0.17085908391106308,0.19265542383931236,-0.02179633992824928,31.964498647677264,24.804502032745095,19.059490884637782,,14.09405303050454,13.157499999999999,12.220946969495458,2916156.6,4075937.45,0.9418993479293944,13.049524415613352
2026-03-06,6121,319.0,323.0,319.0,320.0,530000.0,170285000.0,328.3,330.15,338.25,343.75,345.125,345.8125,39.325842696629216,30.370370370370367,-5.874555515012446,-3.6896840936281325,-2.1848714213843135,13.235249733663501,31.24557602241891,36.65995689948531,,358.83742590182555,338.25,317.66257409817445,623600.0,510033.55,0.849903784477229,321.29245283018867
2026-03-06,6122,51.0,51.5,50.9,51.1,344000.0,17627200.0,51.7,51.209999999999994,51.80499999999999,52.26833333333333,52.384166666666665,52.442083333333336,58.38150289017344,44.814814814814824,-0.35011751659990864,-0.2828835459220839,-0.06723397067782472,18.20571345241784,26.451028687357248,38.141589173294975,,53.95635208403312,51.80499999999999,49.653647915966864,529200.0,506854.9,0.6500377928949358,51.24186046511628
2026-03-06,6123,42.45,42.45,41.85,42.0,62000.0,2607800.0,43.19,43.63,43.71,43.63666666666666,43.61833333333333,43.60916666666667,12.962962962963005,35.185185185185205,-0.19763356250351904,0.023891899213712122,-0.22152546171723117,15.176773576212463,30.185910974248962,67.30811061919725,,45.10796845081486,43.71,42.31203154918514,83800.0,73248.45,0.7398568019093079,42.061290322580646
2026-03-06,6124,37.6,40.4,36.05,36.05,1200000.0,46843600.0,33.4,30.93,29.2925,27.997500000000002,27.673750000000002,27.511875,91.70984455958545,79.1946308724832,1.7659330781898142,0.8532633745321537,0.9126697036576604,55.43738522548841,4.1800528745819845,54.253387945476206,,35.32995110037951,29.2925,23.25504889962049,822400.0,301620.1,1.4591439688715953,39.03633333333333
2026-03-06,6125,59.8,60.6,58.9,59.9,1881000.0,112672300.0,61.5,62.55,64.635,66.07833333333333,66.43916666666665,66.61958333333332,32.967032967032935,25.87412587412591,-1.555646149137317,-0.9841347049804091,-0.5715114441569079,3.0760018198246053,24.05994259975751,62.051792764386576,,69.74320804917772,64.635,59.526791950822286,2434000.0,1702825.15,0.7728019720624486,59.90021265284423
2026-03-06,6126,32.35,32.65,31.8,32.45,1160000.0,37367100.0,35.56,37.040000000000006,37.692499999999995,38.16416666666667,38.282083333333325,38.34104166666667,16.58291457286434,26.10441767068275,-0.9526248213191693,-0.28479332669225615,-0.667831494626913,7.063372710099429,29.501755868047724,53.48970795839733,,41.85122893030904,37.692499999999995,33.53377106969095,3785000.0,6963617.85,0.30647291941875826,32.21301724137931
2026-03-06,6127,36.95,38.0,36.6,37.15,2899000.0,108380200.0,37.08,35.285,35.1175,34.80583333333333,34.727916666666665,34.68895833333333,69.73180076628351,56.127450980392155,0.5067359221093497,0.19494692826909915,0.31178899384025055,24.184173433050667,12.425302747894367,48.8418328013973,,38.674298530908615,35.1175,31.560701469091384,6915400.0,4656454.25,0.41920930098042053,37.38537426698862
2026-03-06,6128,24.15,24.45,23.95,24.2,35684.0,861708.0,25.240000000000002,24.669999999999998,24.36,23.72416666666667,26.11875,29.277291666666667,39.99999999999998,50.30674846625767,0.3779055095589534,0.33324006852265187,0.044665441036301545,36.46389224449773,27.865470372435052,26.96634647759158,,26.17270370905945,24.36,22.547296290940547,161986.4,140820.1,0.2202900984280162,24.148301759892387
2026-03-06,6129,14.35,14.75,14.35,14.7,232000.0,3380950.0,15.190000000000001,15.165000000000001,15.227500000000001,15.2425,15.24625,15.248125,42.85714285714284,44.08602150537634,-0.06678430950637804,-0.0024639266850708893,-0.06432038282130714,10.308470439143353,21.975065622858942,43.78377675199136,,15.952595275046486,15.227500000000001,14.502404724953516,428000.0,327169.55,0.5420560747663551,14.573060344827587
2026-03-06,6130,38.75,38.75,37.1,38.15,75000.0,2829800.0,38.3,38.79,39.5025,40.03416666666667,40.16708333333333,40.23354166666666,31.506849315068465,42.06642066420666,-0.5827362727917063,-0.37057325636561145,-0.2121630164260948,8.174871561987475,10.255107439173829,51.66537162828436,,41.825264913224146,39.5025,37.17973508677585,92000.0,237442.5,0.8152173913043478,37.730666666666664
2026-03-06,6133,26.8,28.4,26.25,26.55,9724345.0,264092254.0,25.23,24.165,24.7,20.551666666666666,19.03166666666667,17.30458333333333,77.4436090225564,58.18181818181818,1.004164925595319,0.9108109751165391,0.09335395047877981,39.69424781300001,12.834589671798735,29.037764931985393,,28.42855270355118,24.7,20.97144729644882,11949162.0,8730549.7,0.8138097885023234,27.157844975677026
2026-03-06,6134,34.1,35.5,32.4,32.55,6943000.0,237155100.0,32.33,31.529999999999994,30.695,29.831666666666663,29.61583333333333,29.507916666666667,85.13513513513504,63.63636363636363,0.7443313494437511,0.5100896339085358,0.23424171553521533,24.460189217242313,10.56895977683815,30.872582920566163,,33.44816086287055,30.695,27.941839137129453,3144800.0,1804121.75,2.2077715593996436,34.15743914734265
2026-03-06,6136,23.7,23.85,23.7,23.85,259231.0,6154596.0,23.919999999999998,23.970000000000002,23.94,23.892500000000002,23.67875,23.645208333333333,27.27272727272745,46.666666666666764,-0.026943579882775737,-0.007546184092326966,-0.01939739579044877,12.766818257891831,23.92038660694144,26.76738236090708,,24.22580449703682,23.94,23.654195502963184,225303.8,152903.85,1.1505842333773333,23.741743850079658
2026-03-06,6138,221.0,225.0,220.0,223.5,312000.0,69574500.0,228.8,232.1,245.1,255.03333333333333,257.51666666666665,258.7583333333333,30.645161290322577,20.325203252032523,-8.91568077276608,-6.444518054404642,-2.4711627183614384,4.406982454482584,23.67770307573248,82.2387525893726,,274.15457659393167,245.1,216.04542340606832,508200.0,688392.4,0.6139315230224321,222.99519230769232
2026-03-06,6139,536.0,543.0,526.0,526.0,1487142.0,792565614.0,550.4,539.0,551.05,514.3166666666667,447.1333333333333,354.34479166666665,52.79999999999999,37.17277486910995,1.1396164706653735,4.322916803154342,-3.183300332488969,32.893302347836375,21.453737389037627,22.93823377155717,,599.8782704997848,551.05,502.2217295002152,4153434.6,4142968.45,0.358051141578105,532.9454846948039
2026-03-06,6140,22.0,22.5,21.85,21.9,78000.0,1721900.0,22.71,22.405,22.875,23.158333333333335,23.229166666666668,23.264583333333334,41.095890410958866,40.27777777777776,-0.23694423501070716,-0.16764024136939515,-0.06930399364131201,15.605737957295718,15.747252384731425,20.189983017682945,,24.253595776792302,22.875,21.496404223207698,135200.0,145490.85,0.5769230769230769,22.075641025641026
2026-03-06,6141,18.5,18.5,16.6,17.95,12120846.0,217504764.0,14.639999999999997,12.7,12.044999999999998,11.400833333333335,11.966666666666667,12.239708333333335,99.31972789115645,89.47368421052632,1.09773751207217,0.3468927388535147,0.7508447732186553,58.840766500672295,18.37524817652882,23.354852299847067,,16.33769881984455,12.044999999999998,7.7523011801554444,3725191.0,1104317.65,3.2537515526049536,17.944685049211913
2026-03-06,6142,9.6,10.05,9.5,9.98,657000.0,6432204.0,9.824,9.764,9.8655,9.556166666666666,9.77975,9.704125,68.18181818181814,55.86592178770951,0.053028283067261484,0.05918654132687534,-0.006158258259613858,26.214153806510552,19.01316397465719,14.168766454948647,,10.283589640350693,9.8655,9.447410359649309,515888.0,643127.05,1.2735322395558726,9.790264840182648
2026-03-06,6143,105.0,108.0,104.0,107.5,1430000.0,151573500.0,104.6,104.0,103.85,103.61666666666666,103.55833333333334,103.52916666666667,57.14285714285714,56.666666666666664,0.3614043702363716,0.1489820003084367,0.21242236992793492,14.470824632821769,16.026746677992705,30.681293940773497,,107.25433160608812,103.85,100.44566839391187,1115800.0,886072.7,1.2815916830973293,105.99545454545455
2026-03-06,6144,17.2,17.4,16.65,16.9,12000.0,204800.0,17.39,17.55,18.302500000000002,19.000833333333336,19.175416666666667,19.262708333333332,33.33333333333327,19.753086419753032,-0.5616495017698213,-0.42821569423144507,-0.13343380753837625,11.53260052683526,34.97336540924479,64.41602255331298,,20.167827683932423,18.302500000000002,16.43717231606758,16000.0,73971.4,0.75,17.066666666666666
2026-03-06,6146,190.0,202.5,189.5,199.0,1153000.0,229146500.0,193.8,186.1,180.825,176.60833333333332,175.55416666666667,175.02708333333334,83.60655737704917,78.16091954022988,4.916369314689376,2.908531279223209,2.0078380354661673,32.028955160733794,12.54676831165036,54.23656927482121,,197.04478973190987,180.825,164.6052102680901,844400.0,381078.75,1.3654666035054477,198.73937554206418
2026-03-06,6147,52.4,52.8,52.0,52.5,2553000.0,133688700.0,53.739999999999995,53.4,53.85,54.15,54.225,54.262499999999996,47.560975609756106,42.50000000000001,-0.2979911896400864,-0.1665738865222327,-0.1314173031178537,12.338495683108572,19.941573772151582,50.660373819824926,,55.8672936534403,53.85,51.8327063465597,3161800.0,2453520.45,0.8074514517047252,52.36533490011751
2026-03-06,6148,31.6,32.1,31.4,32.0,188000.0,5983050.0,32.97,33.535000000000004,34.665000000000006,35.355000000000004,35.5275,35.613749999999996,38.405797101449245,32.547169811320714,-0.8256374571014007,-0.49357324318959483,-0.33206421391180585,8.924073518845825,33.82133975282567,55.82089191813598,,37.499394022306035,34.665000000000006,31.830605977693974,276800.0,178658.2,0.6791907514450867,31.824734042553192
2026-03-06,6150,55.5,56.1,54.5,56.0,210000.0,11646300.0,57.839999999999996,58.07000000000001,59.464999999999996,60.288333333333334,60.494166666666665,60.59708333333333,43.93939393939393,37.15846994535518,-1.0295930846767902,-0.5660850571463899,-0.4635080275304003,10.288147507878701,30.913213658967763,45.31898068732892,,63.690374477331474,59.464999999999996,55.23962552266852,316800.0,252812.3,0.6628787878787878,55.45857142857143
2026-03-06,6151,29.75,30.05,29.5,29.75,73000.0,2173050.0,30.459999999999997,30.109999999999996,29.8825,29.694166666666668,29.647083333333335,29.623541666666664,32.692307692307736,51.2396694214876,0.17548283723006364,0.16355838134237763,0.011924455887686009,15.186668697113644,16.456123432773225,53.03501115656257,,31.165701177975567,29.8825,28.599298822024434,205200.0,206923.15,0.3557504873294347,29.767808219178082
2026-03-06,6152,18.95,20.95,18.15,20.25,10924054.0,220318257.0,18.55,17.08,15.460000000000003,11.436166666666669,10.373416666666666,10.145999999999999,83.89261744966444,74.66666666666667,2.019842704762935,1.5933747701386354,0.42646793462429944,40.81283035241455,10.68095651801147,42.212290515486686,,20.1401484456889,15.460000000000003,10.779851554311106,11630263.2,7273884.85,0.9392783131511591,20.168177216992884
2026-03-06,6153,15.2,15.65,15.0,15.55,1996253.0,30780964.0,16.12,15.955000000000002,16.29,15.588333333333333,15.24,14.305416666666668,47.761194029850714,44.02985074626866,0.02819169023489465,0.12408343869453126,-0.0958917484596366,25.005329001691074,22.166807305132608,25.68893307637665,,17.798083482262925,16.29,14.781916517737073,3929865.0,5799516.0,0.5079698666493633,15.41937019005106
2026-03-06,6154,13.4,13.45,13.4,13.45,4000.0,53650.0,13.530000000000001,13.580000000000002,13.7,13.8,13.825,13.837499999999999,33.33333333333333,37.50000000000002,-0.08454812632532338,-0.06243870205974245,-0.022109424265580928,3.674221154101426,9.273538694199022,60.949277617667505,,14.024442842261523,13.7,13.375557157738475,27000.0,34707.3,0.14814814814814814,13.4125
2026-03-06,6155,46.0,47.35,45.05,46.3,865083.0,39956180.0,49.89,48.21,51.0175,43.041666666666664,33.60875,28.275,53.020134228187906,36.04294478527608,0.6940164002137692,1.37786687868662,-0.6838504784728507,29.35577622188099,23.384546203622723,25.57325789986583,,59.78600074203979,51.0175,42.24899925796021,2884149.0,3034930.2,0.29994393493540034,46.18768372514545
2026-03-06,6156,20.3,20.85,20.3,20.8,429000.0,8848550.0,21.25,20.94,20.745,20.581666666666663,20.540833333333335,20.52041666666667,46.42857142857142,52.54237288135593,0.13846306933236363,0.1334307156718138,0.0050323536605498265,14.537033709215882,19.95582114556543,45.39725428602749,,21.83074495406025,20.745,19.65925504593975,544200.0,441834.8,0.7883131201764058,20.625990675990675
2026-03-06,6158,20.1,20.55,19.95,20.1,75000.0,1506200.0,20.410000000000004,20.565,20.575,20.591666666666665,20.59583333333334,20.59791666666667,14.9999999999999,36.111111111111086,-0.06837572755194898,-0.006892622114133272,-0.06148310543781571,12.724120924577337,16.347972207935648,40.530128389703606,,20.983463101470818,20.575,20.16653689852918,54200.0,49505.7,1.3837638376383763,20.082666666666668
2026-03-06,6160,15.95,16.45,15.95,16.15,68000.0,1105000.0,16.5,16.689999999999998,16.91,17.03666666666667,17.068333333333335,17.08416666666667,36.363636363636324,34.92063492063488,-0.1968515436526168,-0.09060660693241125,-0.10624493672020556,8.08564148442868,25.060429880618955,53.58686701220755,,17.676811580507238,16.91,16.143188419492763,139400.0,124624.1,0.4878048780487805,16.25
2026-03-06,6161,42.35,42.75,42.1,42.4,62000.0,2627750.0,43.11,43.14,42.9625,42.82083333333333,42.78541666666667,42.76770833333333,29.999999999999943,46.66666666666666,0.041800244813039455,0.11716881520648635,-0.0753685703934469,14.256230472069726,21.561019191105636,44.771562377993355,,44.0257002336541,42.9625,41.8992997663459,170600.0,106394.1,0.3634232121922626,42.38306451612903
2026-03-06,6163,53.0,54.0,51.1,51.2,2041000.0,106653900.0,53.18000000000001,52.620000000000005,54.254999999999995,55.35166666666667,55.62583333333334,55.76291666666667,49.12280701754388,40.00000000000001,-0.9570977604243325,-0.7054872348324651,-0.25161052559186736,5.879374887215493,10.39854607156231,68.81438213888838,,58.47349312083429,54.254999999999995,50.0365068791657,4446400.0,3904018.95,0.45902302986685856,52.25570798628124
2026-03-06,6164,11.6,11.8,11.55,11.8,270547.0,3160790.0,12.120000000000001,12.145,12.35,11.279166666666667,10.725416666666666,11.187791666666667,38.095238095238095,37.70491803278689,0.046985639221887254,0.17171034581499747,-0.12472470659311022,22.527413986754887,24.81811447347514,27.224424855286042,,13.016491204980092,12.35,11.683508795019907,367993.0,552606.55,0.7351960499248626,11.682960816420067
2026-03-06,6165,42.25,42.8,41.7,42.65,136678.0,5804709.0,42.94,42.955,42.822500000000005,46.770833333333336,50.72625,51.430416666666666,25.49019607843148,50.64935064935066,-0.9146078796337136,-1.1436095574301235,0.2290016777964099,19.82907039400248,26.773629696099192,16.109078205449748,,44.35305717408888,42.822500000000005,41.29194282591113,234697.4,305559.55,0.5823583899949467,42.469958588799955
2026-03-06,6166,60.5,63.5,60.5,63.0,377370.0,23679350.0,63.6,62.40000000000001,62.580000000000005,62.236666666666665,62.19916666666666,66.95125,55.29411764705883,52.57142857142857,-0.0379969696250555,-0.19910134619067746,0.16110437656562196,24.949973018020476,29.334186261648572,14.563127377874265,,66.38060936942315,62.580000000000005,58.77939063057686,380035.4,422488.3,0.9929864428419036,62.748363674907914
2026-03-06,6167,11.75,12.0,11.7,11.95,208000.0,2472700.0,12.16,11.97,11.845,11.715000000000002,11.682500000000001,11.66625,53.3333333333333,54.83870967741933,0.10588680891838109,0.09011348149085657,0.01577332742752452,18.526807002774824,18.089665550825504,42.07404639335231,,12.425290308470911,11.845,11.26470969152909,290400.0,148907.55,0.7162534435261708,11.887980769230769
2026-03-06,6168,18.85,19.7,18.85,19.4,446801.0,8634254.0,20.1,20.185000000000002,20.9225,20.035833333333336,20.245416666666664,19.125833333333333,36.53846153846149,36.458333333333336,-0.1685660092268506,0.03281594086050701,-0.20138195008735763,27.271418276021652,30.73548482045118,13.894165180159188,,23.548177857340097,20.9225,18.296822142659902,792548.2,2863268.55,0.5637524632571244,19.324607599356312
2026-03-06,6169,17.5,17.5,17.1,17.4,13000.0,225750.0,17.14,17.520000000000003,18.067500000000003,18.45583333333333,18.552916666666665,18.601458333333333,38.70967741935477,26.415094339622627,-0.3961664874494204,-0.27805764733452704,-0.11810884011489337,8.178018405153335,23.399434711816255,64.63733597270216,,19.36091449374575,18.067500000000003,16.774085506254256,38200.0,44102.05,0.3403141361256545,17.365384615384617
2026-03-06,6170,47.85,48.05,47.55,47.55,263000.0,12573100.0,48.239999999999995,48.83,48.8375,48.77916666666667,48.764583333333334,48.75729166666667,3.2258064516127263,34.21052631578942,-0.17907404890571854,0.006719844375286779,-0.18579389328100532,14.01935702709139,31.686991145481947,21.6524641087758,,50.018879657323104,48.8375,47.65612034267689,362600.0,245466.75,0.7253171538885824,47.806463878326994
2026-03-06,6171,27.35,27.35,27.3,27.3,5000.0,136700.0,27.630000000000003,27.845000000000006,27.6575,27.485833333333336,27.442916666666665,27.42145833333333,5.555555555555614,47.50000000000004,0.0459956292072512,0.10695887778635754,-0.060963248579106344,20.685729495671364,24.28442902508258,59.9786303305726,,28.29350314464631,27.6575,27.02149685535369,21800.0,12489.2,0.22935779816513763,27.34
2026-03-06,6173,65.0,65.9,63.7,64.5,1613000.0,104441700.0,67.74000000000001,64.81,64.37,64.05666666666667,63.97833333333333,63.939166666666665,54.980079681274894,50.89820359281437,0.644305811092849,0.3824875284781897,0.26181828261465934,17.5618606149819,19.881203624687313,60.66464134891456,,70.58681929166863,64.37,58.153180708331384,4045600.0,3392072.55,0.39870476567134666,64.7499690018599
2026-03-06,6174,22.3,22.5,22.2,22.3,75000.0,1671750.0,22.369999999999997,22.240000000000002,22.214999999999996,22.171666666666667,22.160833333333333,22.155416666666664,56.66666666666663,52.83018867924532,0.04945976649988992,0.030578648448826223,0.0188811180510637,10.346697662204377,8.985169415571901,19.46227552763416,,22.566088532844258,22.214999999999996,21.863911467155734,125800.0,81957.1,0.5961844197138315,22.29
2026-03-06,6175,43.95,45.0,43.9,44.5,633000.0,28117800.0,45.8,45.335,45.864999999999995,46.154999999999994,46.22749999999999,46.263749999999995,47.76119402985073,43.525179856115116,-0.3133464209918415,-0.16330732407195786,-0.15003909691988365,12.981811754679054,23.08093433134789,45.768195775589625,,48.315800084183024,45.864999999999995,43.414199915816965,1016600.0,924505.2,0.6226637812315562,44.41990521327014
2026-03-06,6176,101.0,104.5,100.0,104.0,2816780.0,291689794.0,113.9,120.2,121.8,121.69166666666666,129.82916666666668,144.82999999999998,23.529411764705884,33.33333333333333,-3.007371647935983,-0.46968717646413044,-2.5376844714718527,21.487400433845156,47.034642843761844,22.373673827290226,,138.06555935259277,121.8,105.53444064740722,4369365.8,2739572.2,0.6446656400340754,103.55434006205668
2026-03-06,6177,46.2,46.55,45.9,46.25,644090.0,29738599.0,47.32,47.720000000000006,47.8125,47.98916666666666,47.40916666666667,47.11770833333333,28.712871287128692,44.96644295302013,-0.4929586296844306,-0.3052351428634777,-0.1877234868209529,19.12812445706824,27.725508499977575,13.884701429804917,,49.61975875583014,47.8125,46.00524124416986,828832.6,1067528.2,0.7771050511285391,46.17149621947243
2026-03-06,6179,25.65,25.7,24.75,24.9,1863000.0,46753350.0,25.879999999999995,26.525,26.9275,27.1425,27.196250000000003,27.223125,32.75862068965516,35.75757575757575,-0.40285564339771796,-0.16635593197273396,-0.236499711424984,14.321352694984046,14.849150854631501,28.15328425523792,,28.59939618161692,26.9275,25.255603818383076,2095200.0,1022827.2,0.8891752577319587,25.09573268921095
2026-03-06,6180,50.8,50.8,50.0,50.4,299000.0,15076300.0,51.720000000000006,51.67,51.114999999999995,50.638333333333335,50.51916666666666,50.45958333333333,38.88888888888885,50.0,0.26137979505884346,0.3343383566223977,-0.07295856156355424,11.978487812198049,18.303453171550647,50.83120965531948,,53.02373339099382,51.114999999999995,49.20626660900617,604600.0,521813.2,0.49454184584849487,50.42240802675585
2026-03-06,6182,33.25,34.15,33.0,33.5,5744000.0,193037250.0,34.019999999999996,34.235,34.945,35.515,35.6575,35.72875,44.33962264150942,39.63963963963966,-0.5343097099313283,-0.3601618231889471,-0.17414788674238124,12.317974579081103,21.84591778130256,43.638060558574324,,37.03983073050633,34.945,32.85016926949367,7367200.0,8417593.4,0.7796720599413617,33.606763579387184
2026-03-06,6183,95.1,95.2,94.1,95.0,68105.0,6463364.0,95.3,95.17999999999999,95.16499999999999,95.45333333333333,96.74416666666667,94.49541666666667,46.15384615384607,50.0,-0.056175133757335516,-0.1000362948275014,0.04386116107016588,16.790158952430897,25.930236537818235,28.0311537642653,,95.83393473837802,95.16499999999999,94.49606526162196,57984.8,47025.8,1.1745319463031691,94.90292930034505
2026-03-06,6184,47.9,47.9,47.45,47.8,57024.0,2714984.0,48.06,47.975,48.08749999999999,48.11749999999999,49.205000000000005,50.755625,50.0,39.99999999999999,-0.08905013752635682,-0.09060353886844422,0.001553401342087396,15.220400372759615,31.18947744802323,17.207387439555312,,48.59416608956728,48.08749999999999,47.5808339104327,46963.8,61464.6,1.2142117971714383,47.61125140291807
2026-03-06,6185,14.1,14.2,13.9,13.9,496000.0,6928100.0,14.5,14.715,14.5275,14.375833333333334,14.337916666666668,14.318958333333335,0.0,41.99999999999999,0.025087115958440265,0.10556378614700711,-0.08047667018856684,15.412266824068546,23.757279771685504,34.228082598442725,,15.306483818492843,14.5275,13.748516181507156,326200.0,235454.7,1.5205395462906193,13.967943548387098
2026-03-06,6186,40.7,42.05,40.7,42.05,402000.0,16678050.0,43.55,44.45,45.44,45.913333333333334,46.03166666666666,46.090833333333336,25.39682539682535,30.288461538461505,-0.851081846660378,-0.37327945241174143,-0.4778023942486366,7.6574703225760015,30.754064444537306,48.059819728438335,,48.65617621931452,45.44,42.22382378068548,480600.0,461278.45,0.83645443196005,41.48768656716418
2026-03-06,6187,600.0,604.0,560.0,599.0,2497000.0,1481411000.0,529.4,457.0,416.25,388.0833333333333,381.0416666666667,377.5208333333333,97.70642201834862,89.19860627177701,44.220594062983594,20.406889523361638,23.813704539621956,53.884173440648084,2.648888937137156,60.18940279008422,,565.0074854374874,416.25,267.4925145625126,6615200.0,2578208.2,0.37746402225178377,593.2763315979175
2026-03-06,6188,95.0,95.8,93.1,94.3,1350000.0,127541600.0,97.53999999999999,98.41,100.35499999999999,101.45166666666667,101.72583333333334,101.86291666666666,29.508196721311464,35.68773234200742,-1.4805806202240888,-0.7548437544929224,-0.7257368657311664,6.86453449927326,17.971218959993625,27.507298331492237,,106.03728086154436,100.35499999999999,94.67271913845562,2219400.0,1826692.6,0.6082725060827251,94.47525925925926
2026-03-06,6189,43.6,44.25,43.1,44.15,526608.0,23093562.0,45.33,46.519999999999996,46.93,45.75416666666667,48.22833333333333,60.56458333333333,26.08695652173907,50.688073394495405,-0.2341826603160797,0.318889815669421,-0.5530724759855007,25.30047524452709,30.951251844168436,17.435544200059564,,52.46385751057552,46.93,41.39614248942448,1154237.0,2830886.45,0.4562390566235531,43.85342038100447
2026-03-06,6190,49.2,50.4,48.2,49.1,3068000.0,151226550.0,50.09,48.935,48.654999999999994,48.351666666666674,48.27583333333334,48.23791666666667,56.538461538461554,52.51396648044693,0.33926241089873344,0.22655194555687314,0.1127104653418603,16.050478664351605,8.892219929755646,53.37982348151919,,51.27353715690751,48.654999999999994,46.03646284309248,7162600.0,4797750.8,0.42833607907743,49.29157431551499
2026-03-06,6191,98.0,99.8,97.1,98.0,2591661.0,254440502.0,105.0,105.0,108.375,115.0,116.45416666666667,96.315625,33.33333333333333,37.34939759036145,-3.3094811067745837,-2.7636545546021742,-0.5458265521724095,16.37891305010234,28.5399903401193,12.139706149057652,,119.4957487441979,108.375,97.2542512558021,6015885.4,6239726.55,0.43080292054765534,98.17661414822386
2026-03-06,6192,127.0,128.5,125.5,126.5,149676.0,18969948.0,128.5,125.1,123.15,109.985,107.52749999999999,104.15,64.51612903225806,63.46153846153846,4.675524521234692,4.5252096178861425,0.15031490334854958,33.325301371711326,16.57424469645803,34.769487968546386,,130.82154688305633,123.15,115.47845311694368,427857.6,350049.55,0.3498266713037235,126.74007856971058
2026-03-06,6194,31.5,31.7,31.4,31.4,69000.0,2173200.0,31.990000000000002,32.345,33.1425,33.68083333333333,33.81541666666667,33.88270833333334,15.384615384615401,19.277108433734924,-0.566343627661773,-0.3675871405198615,-0.19875648714191152,3.081273170623711,27.058145474670592,66.01552308882904,,34.99104850597693,33.1425,31.293951494023073,131000.0,82461.4,0.5267175572519084,31.495652173913044
2026-03-06,6195,25.05,25.6,24.8,25.55,70000.0,1761150.0,25.22,25.245,25.2375,25.245833333333334,25.247916666666665,25.248958333333334,58.33333333333331,58.333333333333385,0.004334914935252954,-0.003955411735649782,0.008290326670902737,42.63298212190002,19.694448655391078,67.02547478722639,,25.50082889181242,25.2375,24.97417110818758,30000.0,17785.35,2.3333333333333335,25.159285714285716
2026-03-06,6196,283.0,284.0,276.0,280.5,1731820.0,485560826.0,290.9,278.2,281.325,257.8833333333333,252.73333333333332,210.41833333333335,63.15789473684211,48.38709677419355,5.519723099053465,5.353075396443567,0.16664770260989759,28.484304103415592,26.152452825626714,24.372229693252084,,307.58137767136276,281.325,255.0686223286372,3060953.0,1944445.95,0.5657780436354298,280.37603561571063
2026-03-06,6197,151.0,151.5,147.5,148.5,1443899.0,215275946.0,151.4,148.55,147.525,141.8,154.65416666666667,145.17791666666665,64.70588235294117,59.45945945945946,2.4709564218880757,2.1880479067048344,0.28290851518324134,32.40775744307307,19.856335979798363,26.075754269777484,,154.44160853917623,147.525,140.60839146082378,1764061.0,1485684.65,0.8185085436387971,149.09349338146228
2026-03-06,6198,23.2,23.2,22.6,23.0,17000.0,390850.0,23.869999999999997,24.779999999999998,25.505,25.968333333333337,26.084166666666665,26.142083333333336,0.0,7.894736842105274,-0.665729040048813,-0.33876113631398297,-0.32696790373483,5.247514280260061e-12,25.411787483822764,88.33283509850132,,27.657330438336423,25.505,23.352669561663575,44800.0,48316.9,0.3794642857142857,22.991176470588236
2026-03-06,6199,95.3,97.0,94.0,94.3,183000.0,17376300.0,96.44,96.05,96.9,97.43333333333334,97.56666666666666,97.63333333333334,37.037037037036995,38.19444444444443,-0.49079550564569274,-0.31425744637978054,-0.1765380592659122,7.1778973910204495,12.294025359715711,17.792364968934585,,99.51171450039604,96.9,94.28828549960397,140000.0,212151.05,1.3071428571428572,94.95245901639345
2026-03-06,6201,52.9,52.9,52.8,52.8,19788.0,1046385.0,53.44,53.769999999999996,54.129999999999995,55.651666666666664,56.54666666666667,57.85458333333334,7.14285714285721,30.232558139534902,-0.6650441783387677,-0.5913221609104401,-0.07372201742832762,15.056494234563477,35.90104357375729,31.977328170108827,,55.429554579561966,54.129999999999995,52.830445420438025,45623.6,39337.65,0.4337228977985078,52.87977562158884
2026-03-06,6202,57.0,59.5,56.5,59.1,3717453.0,217454025.0,61.06,57.285000000000004,52.427499999999995,42.675,41.43125,42.87791666666667,60.83333333333334,70.60810810810811,5.202968136663365,4.504103659219155,0.6988644774442108,39.591356631603105,16.3112843793781,41.74504937265241,,65.76515839939486,52.427499999999995,39.08984160060513,9185898.4,9170628.25,0.4046912820198403,58.495433567014835
2026-03-06,6203,65.0,67.5,65.0,66.5,125000.0,8313300.0,67.32000000000001,66.6,65.81,65.27000000000001,65.135,65.0675,35.714285714285694,54.96688741721853,0.5448718652316558,0.47073927715644587,0.0741325880752099,18.860054470775808,20.598702469936654,25.8865484288695,,69.49661876178419,65.81,62.123381238215806,191400.0,183663.4,0.6530825496342738,66.5064
2026-03-06,6204,64.3,66.4,64.3,64.8,88000.0,5739200.0,68.44000000000001,69.0,68.87,68.62333333333332,68.56166666666667,68.53083333333333,20.661157024793383,42.19409282700422,-0.2588869131278386,0.2424258088263736,-0.5013127219542122,10.829460508354863,20.214243634569378,21.00915135704782,,73.55237456628018,68.87,64.18762543371983,140600.0,175336.7,0.6258890469416786,65.21818181818182
2026-03-06,6205,50.7,55.4,49.8,53.8,1285294.0,67118360.0,51.92,50.47,51.769999999999996,44.664166666666674,43.57458333333333,49.02333333333333,88.23529411764709,60.8,1.3547232645191798,1.5263122927539101,-0.17158902823473032,36.94231597049621,23.988651249663956,27.935620019235227,,56.675571483421336,51.769999999999996,46.864428516578656,866239.0,620677.7,1.4837637187889254,52.22023910482738
2026-03-06,6206,92.0,94.5,91.7,94.4,417197.0,39045651.0,93.70000000000002,93.09,92.44,94.23,101.22333333333334,107.90833333333333,57.69230769230772,59.44055944055945,0.22185904577298743,-0.13214488522129214,0.35400393099427957,26.768437229539256,24.57252014180454,14.520696828510797,,95.70731823075992,92.44,89.17268176924007,490326.2,509146.4,0.8508560219706799,93.5904404873477
2026-03-06,6207,59.0,61.5,56.1,56.3,5746000.0,336436700.0,55.21999999999999,53.3,53.21,52.736666666666665,52.61833333333334,52.55916666666667,81.92771084337349,60.79545454545454,0.7468788780905911,0.24335306148729421,0.5035258166032969,28.347530036499535,7.757274879740472,38.95367186872232,,57.3143750726319,53.21,49.105624927368105,4450800.0,1960335.25,1.2910038644738024,58.55146188652976
2026-03-06,6208,45.85,46.5,45.85,46.05,59000.0,2720350.0,45.82,45.324999999999996,45.105000000000004,45.001666666666665,44.975833333333334,44.96291666666668,87.87878787878807,68.96551724137927,0.23274626720129987,0.09415630366353867,0.1385899635377612,13.744733140093379,7.345031485206661,44.79296588930242,,46.02432469494561,45.105000000000004,44.185675305054396,66400.0,67274.05,0.8885542168674698,46.10762711864407
2026-03-06,6209,55.0,56.7,54.7,56.6,1348441.0,75356922.0,59.8,59.64,63.044999999999995,59.53083333333334,49.091249999999995,37.74645833333334,43.88489208633094,32.54901960784315,-1.1178823397671636,-0.3234652471672389,-0.7944170925999247,28.134515624358947,29.459014169872855,22.252840614921354,,75.3528879286069,63.044999999999995,50.737112071393085,3495315.8,9631238.6,0.3857851699694775,55.88447844584969
2026-03-06,6210,20.3,20.3,20.25,20.3,19000.0,385200.0,20.65,20.525,20.4775,20.3925,20.37125,20.360625000000006,48.64864864864863,49.09090909090908,0.03959453426131532,0.054522019738933364,-0.014927485477618047,15.141266698572275,28.356767466933423,47.148393116524375,,20.96251220820293,20.4775,19.992487791797068,21000.0,21923.5,0.9047619047619048,20.273684210526316
2026-03-06,6212,,,,,,,,,,,,,0.0,30.70866141732283,-0.6689397747086758,-0.4234718320958248,-0.24546794261285104,3.2997896801926148,23.506182026661822,56.696072134602616,,,,,,,,
2026-03-06,6213,127.0,129.5,125.5,127.5,7091186.0,904117506.0,132.5,125.65,119.775,113.22,112.65166666666666,95.389375,59.42028985507247,67.5,4.8848962316258735,3.5948665516143707,1.2900296800115028,42.15209228592682,24.879974134760005,24.246197134974384,,138.4395597181852,119.775,101.11044028181482,18920086.2,14423514.55,0.37479670679301663,127.49877185565292
2026-03-06,6214,110.0,112.5,110.0,112.0,440642.0,49142187.0,112.1,111.3,114.025,119.375,120.8375,120.32041666666667,51.851851851851855,42.59259259259259,-2.2918320951069973,-2.49758770535482,0.20575561024782285,24.174088784039768,31.149598874498796,19.34298697506211,,122.26147216253543,114.025,105.78852783746458,1272588.6,1165745.7,0.3462564413982649,111.52406488714195
2026-03-06,6215,105.5,106.0,103.5,104.5,604561.0,63196842.0,111.7,111.25,114.075,108.70499999999998,118.27749999999999,109.839375,30.95238095238095,37.755102040816325,-0.001433328526232458,0.8544709413787838,-0.8559042699050162,22.807742397516904,26.05248903036968,16.6616616256201,,126.23305992141321,114.075,101.91694007858679,1459736.0,2555499.0,0.41415776551376415,104.5334416212756
2026-03-06,6216,26.05,26.45,26.05,26.3,43928.0,1154593.0,26.830000000000002,26.994999999999997,27.504999999999995,26.884999999999998,27.792500000000004,30.876458333333336,32.60869565217391,28.378378378378443,-0.1368524938923379,0.030032395549604633,-0.16688488944194252,21.952505333742593,31.598150240005364,17.477100843923377,,28.94096657342525,27.504999999999995,26.06903342657474,97220.6,156357.1,0.45183839638924256,26.28375978874522
2026-03-06,6217,100.0,101.0,95.1,101.0,5640000.0,561209500.0,90.34,76.27,70.055,66.485,65.5925,65.14625,81.32427843803056,74.36241610738256,7.266094225931667,2.939403713416713,4.326690512514954,41.73670651445131,12.222657315811569,63.25588722630054,,97.28613349787238,70.055,42.82386650212762,11927800.0,14355226.85,0.4728449504518855,99.5052304964539
2026-03-06,6218,22.9,25.05,22.9,24.8,611000.0,15004550.0,24.3,23.795,22.939999999999998,22.34666666666667,22.198333333333334,22.124166666666667,61.403508771929836,63.41463414634147,0.5786953329642692,0.4284354422827527,0.15025989068151652,35.35560893952616,18.671533095323404,47.002883001022745,,25.207992388365586,22.939999999999998,20.67200761163441,264000.0,262034.8,2.3143939393939394,24.55736497545008
2026-03-06,6219,15.1,15.55,15.1,15.25,153000.0,2332300.0,15.830000000000002,15.479999999999999,15.64,15.713333333333333,15.731666666666667,15.740833333333335,51.11111111111111,46.32352941176471,-0.049988359651182535,-0.03491508344716906,-0.015073276204013476,14.822628513760591,15.145308798999435,49.394332637062426,,16.694114744578048,15.64,14.585885255421953,1077400.0,699315.4,0.14200853907555225,15.243790849673202
2026-03-06,6220,41.4,42.6,39.15,41.35,3011000.0,122955450.0,36.42999999999999,33.18,31.175,29.725,29.3625,29.18125,100.0,93.63957597173146,2.2179994984563116,0.9836764762162686,1.234323022240043,52.666794210602106,2.383668417525176,51.263421672826176,,38.60668890629848,31.175,23.74331109370152,1980800.0,1718642.6,1.5200928917609047,40.83542012620392
2026-03-06,6221,28.1,28.35,27.95,28.25,131000.0,3688200.0,28.52,28.610000000000003,29.0075,29.269166666666663,29.334583333333335,29.367291666666667,42.59259259259261,35.80246913580248,-0.2745254590142885,-0.17511144021865438,-0.09941401879563411,11.348093851794253,17.92960014641536,51.94166670979507,,30.01655114366234,29.0075,27.99844885633766,190800.0,150631.6,0.6865828092243187,28.15419847328244
2026-03-06,6222,19.2,19.35,19.2,19.35,32000.0,616650.0,19.03,19.035,18.8,18.633333333333336,18.591666666666665,18.570833333333333,56.818181818181834,63.79310344827589,0.15351059042849968,0.10743381679260815,0.046076773635891535,20.72090260695273,10.286853112232174,44.42061050885283,,19.410435564943082,18.8,18.18956443505692,35000.0,29100.0,0.9142857142857143,19.2703125
2026-03-06,6223,2885.0,2885.0,2790.0,2845.0,1048000.0,2965380000.0,2758.0,2760.0,2793.0,2827.6666666666665,2836.3333333333335,2840.6666666666665,54.700854700854705,50.0,-20.184652581327555,-20.574685122956435,0.3900325416288801,17.014297832748017,20.31399458445083,57.38691452970807,,2918.0010526271467,2793.0,2667.9989473728533,1721800.0,1610727.0,0.6086653502148914,2829.56106870229
2026-03-06,6224,42.0,43.1,42.0,43.1,138866.0,5928208.0,43.05,42.089999999999996,41.832499999999996,42.43583333333333,43.170833333333334,45.655208333333334,68.00000000000001,59.55882352941176,0.17669476628481817,-0.05606368442293519,0.23275845070775336,30.07717400798428,20.23361735034345,14.43566642474842,,44.230366376152666,41.832499999999996,39.434633623847326,176997.2,198961.95,0.7845660835312649,42.690132933907506
2026-03-06,6225,19.2,21.1,19.2,21.0,30600.0,631004.0,,,,,,,100.0,60.666666666666664,0.5626473094456088,0.3160667829176508,0.24658052652795803,27.088853082757158,14.150426091330488,14.896145164836277,,,,,32383.4,21207.75,0.9449285745165733,20.621045751633986
2026-03-06,6226,8.91,9.0,8.75,8.84,239897.0,2130587.0,8.994,8.907,8.992999999999999,7.678166666666667,7.386083333333333,7.433833333333334,52.52525252525257,51.2455516014235,0.27233343265583265,0.3485587641161523,-0.07622533146031962,32.44344398858174,20.429078891518383,30.404086342344364,,9.54615744403821,8.992999999999999,8.439842555961787,404985.6,512638.85,0.5923593332701212,8.881257372955893
2026-03-06,6227,81.8,82.8,81.6,81.9,105000.0,8632400.0,84.32000000000001,83.96000000000001,83.575,83.05833333333334,82.92916666666665,82.86458333333333,38.759689922480675,48.034934497816614,0.16048664974032079,0.37591068291202234,-0.21542403317170156,13.38801724380243,16.50781266996698,31.860439173150628,,87.11655778986447,83.575,80.03344221013553,279200.0,217008.65,0.37607449856733527,82.21333333333334
2026-03-06,6228,23.7,24.4,23.7,24.4,29000.0,694350.0,24.390000000000004,25.055,24.947499999999998,24.815833333333334,24.782916666666665,24.766458333333336,31.42857142857133,46.90265486725662,-0.0975625196258676,0.04417256412915706,-0.14173508375502464,12.628192897834403,12.4386874024732,46.9470706628922,,26.18399547214358,24.947499999999998,23.711004527856417,23400.0,15540.0,1.2393162393162394,23.943103448275863
2026-03-06,6229,22.45,22.7,22.4,22.6,46000.0,1038600.0,22.660000000000004,22.369999999999997,22.39,22.363333333333337,22.35666666666667,22.353333333333335,61.36363636363639,53.6231884057971,0.06312134909504508,0.020222613385497783,0.04289873570954729,17.345028048788297,16.075909298025987,38.3663358450029,,22.950638733476097,22.39,21.829361266523904,73400.0,60877.45,0.6267029972752044,22.578260869565216
2026-03-06,6230,187.0,190.5,178.0,182.5,1655803.0,305637863.0,162.7,142.25,132.075,122.15,132.0625,,100.0,82.19895287958116,12.505215250467757,5.817392824438364,6.687822426029393,62.69509039175992,10.742059277289455,29.741367211509075,,173.45548739251487,132.075,90.69451260748511,944146.4,346743.9,1.7537566207952495,184.58588551898987
2026-03-06,6231,185.5,190.5,185.5,189.0,331000.0,62345500.0,191.5,191.3,198.35,202.45,203.475,203.9875,51.04166666666667,40.12738853503185,-4.141039682754723,-2.932358936682936,-1.2086807460717872,8.852538241358184,12.094199521008196,48.723072983783396,,215.21821988549064,198.35,181.48178011450935,394000.0,398220.9,0.8401015228426396,188.35498489425981
2026-03-06,6233,26.0,27.0,25.8,26.05,332000.0,8682300.0,26.1,24.86,24.4025,23.8675,23.73375,23.666875,70.08547008547009,59.91902834008097,0.596651351437476,0.35430810393698253,0.24234324750049352,26.86052327395728,11.83501415729674,47.99060623909255,,26.89258031999007,24.4025,21.91241968000993,1137400.0,575950.4,0.29189379286091083,26.151506024096385
2026-03-06,6234,25.5,26.5,25.5,25.65,306000.0,7926650.0,26.759999999999998,26.409999999999997,26.6025,26.634166666666665,26.642083333333336,26.64604166666667,49.13793103448275,44.1860465116279,-0.10054050223187971,-0.01987524320182572,-0.08066525903005399,15.037331690595812,19.664226430770043,20.8561078857644,,28.135119017444186,26.6025,25.069880982555812,538400.0,442139.3,0.5683506686478454,25.904084967320262
2026-03-06,6235,49.9,51.0,49.9,50.5,551007.0,27801777.0,54.919999999999995,56.55,58.19500000000001,60.37166666666666,63.0725,58.08833333333334,12.871287128712908,33.92857142857143,-1.9142811626947989,-1.1290076812908776,-0.7852734814039213,14.721237997619896,44.22684502417878,22.779808016844832,,64.53268179434052,58.19500000000001,51.857318205659496,761624.0,782246.2,0.7234632837200509,50.45630454785511
2026-03-06,6236,,,,,,,,,,,,,50.0,11.023622047244075,-0.8685612830188667,-0.6974653450162975,-0.17109593800256917,4.448797118071457,49.98752564913169,87.54253085411509,,,,,,,,
2026-03-06,6237,37.2,37.9,37.0,37.45,246000.0,9189200.0,38.410000000000004,38.25,38.4725,38.5575,38.57875,38.589375000000004,46.923076923076934,43.78378378378379,-0.15618616081613368,-0.050492813568302236,-0.10569334724783144,12.197398322463762,20.591963904581053,34.84634546538511,,39.90684378907679,38.4725,37.038156210923205,294200.0,240313.55,0.8361658735554045,37.354471544715445
2026-03-06,6239,225.5,228.0,220.0,225.0,6359117.0,1422534266.0,243.6,243.25,248.45,192.7,166.66666666666666,144.47875000000002,31.632653061224488,35.20408163265306,10.98582117151102,16.24819166931665,-5.26237049780563,28.102098176466782,27.22646821064827,33.45414617478248,,270.05141320913015,248.45,226.84858679086983,9637380.0,14069106.0,0.6598387736085949,223.6999674640363
2026-03-06,6240,18.45,18.9,18.25,18.5,29000.0,539100.0,18.490000000000002,,,,,,39.99999999999986,45.45454545454549,-0.08898863924128975,-0.05248622092066669,-0.03650241832062306,12.921114399683603,5.8588636946290285,58.91729494665779,,,,,11200.0,,2.5892857142857144,18.589655172413792
2026-03-06,6241,11.95,12.0,11.6,11.7,60000.0,701300.0,12.11,12.205,12.514999999999999,12.738333333333333,12.794166666666666,12.822083333333332,21.73913043478261,20.512820512820525,-0.22983732430135184,-0.14352660024457609,-0.08631072405677576,1.286434318474637,14.372000457199604,72.51528026397895,,13.275263112349931,12.514999999999999,11.754736887650067,72000.0,56306.0,0.8333333333333334,11.688333333333333
2026-03-06,6242,37.6,37.65,37.6,37.6,3000.0,112850.0,38.05,38.239999999999995,,,,,11.111111111110674,16.666666666666345,-0.18582659318737882,-0.0952832672790598,-0.09054332590831903,2.3303992534912314,33.72639258942935,72.10668187435992,,,,,9600.0,,0.3125,37.61666666666667
2026-03-06,6243,33.65,34.75,33.65,34.05,183657.0,6215008.0,34.5,34.214999999999996,34.5875,32.88916666666667,33.94666666666667,36.48104166666666,60.37735849056596,48.447204968944106,-0.014322436214193601,0.10953148394129208,-0.12385392015548569,28.328525367018425,24.19087942616255,15.758860010298303,,36.31067790876838,34.5875,32.864322091231614,234291.6,209861.2,0.7838821366194947,33.84030012468896
2026-03-06,6244,33.4,34.6,31.15,32.4,43735000.0,1444876900.0,32.3,28.859999999999996,27.057499999999997,25.352500000000003,24.92625,24.713124999999998,71.5625,64.25992779783394,1.9801620117748193,1.1550684337455714,0.8250935780292479,28.49196030295843,7.023250836981353,41.6080930384146,,34.27496966886959,27.057499999999997,19.840030331130404,52920200.0,44485255.65,0.8264330066779793,33.037084714759345
2026-03-06,6245,61.8,63.0,61.4,62.8,592000.0,36931700.0,61.67999999999999,63.36,65.715,67.105,67.4525,67.62625,48.21428571428569,32.3943661971831,-1.651821984277447,-1.1015243552750245,-0.5502976290024226,6.2246518174210435,22.889625042358823,58.31458823955348,,71.54424568560614,65.715,59.885754314393864,786400.0,747071.4,0.7527975584944049,62.38462837837838
2026-03-06,6246,13.2,13.4,13.2,13.35,59000.0,784150.0,13.11,12.905000000000001,13.227500000000001,13.475833333333332,13.537916666666666,13.568958333333333,90.90909090909079,43.90243902439024,-0.12432602497318967,-0.15500953503991174,0.03068351006672207,11.85490267793464,21.552023942376312,41.41666878266812,,14.02187164840487,13.227500000000001,12.433128351595132,54400.0,49762.8,1.0845588235294117,13.290677966101695
2026-03-06,6248,19.95,20.1,19.9,20.05,117000.0,2336400.0,20.990000000000002,21.43,21.527499999999996,21.575833333333332,21.58791666666667,21.593958333333333,15.09433962264157,26.153846153846175,-0.2255235844601522,-0.030688243180770226,-0.19483534127938196,1.1797115825828182,33.11877086250798,76.61298752928278,,22.708701440105447,21.527499999999996,20.346298559894546,240400.0,153057.95,0.48668885191347755,19.96923076923077
2026-03-06,6257,132.0,134.0,130.5,131.0,5137028.0,676494785.0,136.5,131.25,130.75,109.75166666666665,99.07666666666667,86.72145833333333,54.117647058823536,50.76923076923077,6.109493478526531,6.523138518588556,-0.4136450400620255,33.72233713747347,17.267083986021053,37.64030575093369,,143.28836218633708,130.75,118.21163781366292,13774796.6,8768712.75,0.3729294993727893,131.6899158423898
2026-03-06,6259,17.85,17.85,17.25,17.5,51000.0,889500.0,17.639999999999997,17.655,17.245,16.948333333333334,16.874166666666667,16.837083333333332,42.62295081967215,57.95454545454544,0.2352282573751232,0.20835109545339003,0.026877161921733173,25.590864815899607,4.712389909728969,57.269443667556935,,18.28569814623594,17.245,16.20430185376406,56600.0,60759.95,0.901060070671378,17.441176470588236
2026-03-06,6261,72.7,74.7,72.4,73.2,536000.0,39486100.0,73.78,73.07000000000001,72.83,72.47666666666666,72.38833333333332,72.34416666666667,54.666666666666686,53.719008264462836,0.2918870325248122,0.23533859950994007,0.05654843301487211,11.264660314899846,12.01479057750843,49.89450548859572,,74.71523347709453,72.83,70.94476652290547,817000.0,662690.3,0.6560587515299877,73.66809701492538
2026-03-06,6263,123.0,124.5,123.0,124.0,47000.0,5837000.0,122.7,121.75,122.0,122.0,122.0,122.0,60.869565217391305,55.55555555555556,0.2708547796654699,-0.020223207165078694,0.2910779868305486,24.482469630747627,14.934770549159811,57.62753271580976,,124.90190500044005,122.0,119.09809499955995,101600.0,75935.75,0.4625984251968504,124.19148936170212
2026-03-06,6264,7.11,7.11,6.66,6.95,41000.0,277220.0,6.83,6.93,6.9915,7.0305,7.04025,7.045125,46.15384615384618,44.444444444444464,-0.05457237416024796,-0.03181887058194714,-0.02275350357830082,20.24500201976044,14.19922750805458,75.45950378731565,,7.2102307886300805,6.9915,6.77276921136992,118400.0,67900.0,0.34628378378378377,6.761463414634147
2026-03-06,6265,35.9,36.75,35.0,35.35,6249000.0,225011850.0,37.42,38.005,38.4875,38.49583333333333,38.49791666666667,38.498958333333334,38.96713615023474,41.07648725212465,-0.5332493257605933,-0.07231341567900988,-0.46093591008158336,9.345920630271497,9.51956276373632,62.228789426950016,,41.9078531673606,38.4875,35.067146832639395,5528200.0,12739164.1,1.130386020766253,36.007657225156024
2026-03-06,6266,28.65,29.15,28.5,29.15,207000.0,5961550.0,28.869999999999997,28.740000000000002,28.8525,28.9175,28.93375,28.941874999999996,60.46511627906974,52.94117647058822,-0.030971599737419808,-0.042309481627094137,0.011337881889674328,17.728971980458695,17.52183910188521,41.00736727671009,,29.324310622133385,28.8525,28.380689377866613,234200.0,182417.85,0.8838599487617421,28.79975845410628
2026-03-06,6269,56.9,59.4,56.8,59.2,886075.0,51657116.0,61.9,61.2,60.59499999999999,57.51166666666667,60.89833333333333,59.848333333333336,43.88489208633096,49.26470588235294,0.6829777601606892,0.9109177235700838,-0.2279399634093946,26.854180245924088,27.149838568640916,18.7410536503454,,64.87886200573924,60.59499999999999,56.311137994260754,2116577.0,2390900.0,0.4186358445735733,58.29880766300821
2026-03-06,6270,23.75,24.25,23.4,23.6,356000.0,8457850.0,24.72,24.919999999999998,26.502500000000005,27.700833333333332,28.00041666666667,28.150208333333335,33.33333333333333,22.352941176470594,-1.0545317009102355,-0.7682232919150594,-0.28630840899517607,6.2730411938803785,13.494615664138806,37.24459916435263,,30.036019938799654,26.502500000000005,22.968980061200355,726200.0,3007641.05,0.49022307904158635,23.758005617977528
2026-03-06,6271,156.5,162.0,155.0,159.0,4369942.0,691191682.0,167.0,161.1,155.0,135.475,124.4,118.15416666666667,56.38297872340426,59.68586387434555,8.013622097215034,7.919666282424835,0.0939558147901991,38.78694644171328,21.64730843871288,36.1831349391957,,175.83519289946372,155.0,134.16480710053628,12890307.8,12044261.95,0.3390099032390832,158.1695322272012
2026-03-06,6274,515.0,527.0,503.0,506.0,7389000.0,3786608000.0,530.5,529.55,519.625,509.875,507.4375,506.21875,41.156462585034014,50.23809523809525,4.610422058741619,6.564008390913003,-1.9535863321713833,14.73203921796131,22.419322592318995,55.847923080198115,,559.7811098451372,519.625,479.46889015486283,8537000.0,6550891.9,0.8655265315684667,512.4655569089186
2026-03-06,6275,50.0,51.1,49.9,50.5,568000.0,28764400.0,51.96,51.8,50.707499999999996,49.83583333333333,49.617916666666666,49.50895833333333,34.939759036144565,53.76712328767123,0.5541543332073644,0.626796645396354,-0.07264231218898964,20.550200887730792,16.10065488505484,49.87900320519659,,54.118669733004836,50.707499999999996,47.296330266995156,929600.0,683284.05,0.6110154905335629,50.641549295774645
2026-03-06,6276,33.5,35.8,33.45,34.95,52000.0,1809000.0,34.67,35.07000000000001,35.2275,35.075833333333335,35.03791666666666,35.01895833333333,46.902654867256686,49.77168949771691,-0.13389658084988554,0.02900870563596719,-0.16290528648585273,17.84186030044987,14.853929439800408,31.219813669019153,,36.93860152271981,35.2275,33.51639847728019,41400.0,28329.5,1.2560386473429952,34.78846153846154
2026-03-06,6277,58.7,59.8,58.5,59.3,59586.0,3518149.0,59.760000000000005,59.65,60.0,61.19166666666667,60.750833333333325,64.08708333333333,41.02564102564097,43.03797468354429,-0.4739223353870514,-0.4892834474361633,0.015361112049111891,21.211518752853937,24.828919300115466,14.663795626840242,,61.655612464191826,60.0,58.344387535808174,77839.4,125825.05,0.7654992201892615,59.04321484912563
2026-03-06,6278,100.0,100.5,99.1,100.0,1051235.0,105137827.0,100.9,99.16,96.655,98.58666666666667,102.36416666666668,103.75458333333333,73.2142857142857,77.08333333333334,1.0309324136938187,0.24524490974627247,0.7856875039475463,28.35083065534364,19.65806698575873,19.960266980486487,,102.88953032882658,96.655,90.42046967117342,1807278.0,1790440.25,0.5816675685755042,100.01362873192008
2026-03-06,6279,111.5,114.5,111.5,114.0,375000.0,42291500.0,112.2,112.3,112.45,112.48333333333333,112.49166666666666,112.49583333333334,51.99999999999999,52.54237288135593,0.019752540051285905,-0.039945306045879175,0.05969784609716508,19.634823383258485,15.583308126798093,46.0331640258515,,115.78876750029897,112.45,109.11123249970103,709800.0,612539.9,0.5283178360101437,112.77733333333333
2026-03-06,6281,60.0,60.6,59.8,60.1,81975.0,4934183.0,60.339999999999996,60.470000000000006,60.9,62.873333333333335,65.98916666666666,70.13416666666667,25.000000000000227,25.92592592592601,-0.6668288011597667,-0.6945457971711327,0.027716996011366013,18.489064189938365,25.640828951547377,22.732577193451643,,62.276494403227005,60.9,59.52350559677299,75582.6,76369.7,1.084575021235046,60.19131442512961
2026-03-06,6282,46.45,47.45,45.9,46.4,8478976.0,395048864.0,49.87,49.065,50.847500000000004,44.0525,38.25958333333333,32.929375,42.15686274509803,42.34234234234234,0.9111319876035253,1.5474134305681835,-0.6362814429646582,27.159159636279835,23.65717152276746,24.878355260525105,,58.47780488457604,50.847500000000004,43.21719511542397,20139682.0,37091991.75,0.421008434989192,46.59157709610217
2026-03-06,6283,20.95,21.4,20.9,21.2,73726.0,1559213.0,21.71,21.915,22.5875,24.499166666666667,25.35,24.794583333333332,37.73584905660373,35.294117647058826,-0.8520550085426422,-0.8009862183586263,-0.05106879018401589,17.14248031857437,29.870225167150156,23.360350270867226,,24.496998418571366,22.5875,20.67800158142863,167408.2,214172.35,0.44039658750288213,21.148753492662017
2026-03-06,6284,80.1,81.5,79.6,80.0,828000.0,66609300.0,82.66,82.34,82.855,83.08500000000001,83.1425,83.17125,44.827586206896555,41.1111111111111,-0.41506729945776044,-0.12673746989545154,-0.2883298295623089,8.855851762784992,19.808017808032936,32.61792496029732,,86.36167033553275,82.855,79.34832966446726,1168600.0,932833.85,0.7085401334930687,80.44601449275362
2026-03-06,6285,164.0,167.5,161.0,166.0,12349533.0,2036745173.0,178.1,176.35,176.9,127.87333333333332,124.395,125.36,42.857142857142854,40.86538461538461,12.448841192951818,16.27504229556017,-3.8262011026083513,28.931927014410125,19.19934587385387,48.33603319209173,,203.60619876791782,176.9,150.1938012320822,28704723.4,41453078.95,0.43022651108353827,164.92487392033368
2026-03-06,6290,224.5,236.5,222.5,236.0,20703000.0,4793800000.0,214.5,198.35,185.025,176.675,174.5875,173.54375,100.0,87.13450292397661,11.956332460455513,6.147563728506001,5.808768731949512,31.65285292192915,9.843323703070421,70.0869777383843,,223.81929556547007,185.025,146.23070443452994,14358400.0,9050403.85,1.4418737463784266,231.550982949331
2026-03-06,6291,284.5,284.5,259.5,271.5,1612000.0,437761500.0,277.2,263.25,246.5,234.83333333333334,231.91666666666666,230.45833333333334,46.79487179487179,62.31884057971014,12.849592689337157,9.041317189706682,3.8082754996304757,18.291433489848558,9.145438785098674,64.54459442075728,,295.49301776246983,246.5,197.50698223753014,2285000.0,1884893.95,0.7054704595185995,271.564205955335
2026-03-06,6292,40.9,41.5,40.9,41.0,71000.0,2916800.0,40.96,40.725,40.7275,40.70916666666667,40.70458333333333,40.702291666666675,58.333333333333265,54.99999999999995,0.0693024132201785,0.01977077609176645,0.04953163712841205,26.58867750367446,10.56821739085348,55.42665026775305,,41.238922165709454,40.7275,40.216077834290545,74200.0,36933.4,0.9568733153638814,41.08169014084507
2026-03-06,6294,40.7,41.8,40.5,41.4,27000.0,1109350.0,42.42,43.370000000000005,43.92999999999999,44.343333333333334,44.446666666666665,44.49833333333333,18.556701030927798,22.123893805309677,-0.6369259604723396,-0.2784537155890658,-0.35847224488327384,6.265628172912602,27.654082268154756,68.78827937807829,,46.18070749110726,43.92999999999999,41.67929250889272,43400.0,30389.85,0.6221198156682027,41.087037037037035
2026-03-06,6405,32.6,32.95,32.1,32.2,170476.0,5513347.0,33.33,31.759999999999998,31.1025,27.793333333333333,26.902916666666666,26.578541666666663,57.96178343949046,60.000000000000014,1.3543486376648417,1.2056747829103258,0.1486738547545159,36.38262313406662,19.081546611811323,34.83213703496875,,34.338233871042206,31.1025,27.86676612895779,764523.2,612983.6,0.22298342287062056,32.34089842558483
2026-03-06,6409,842.0,870.0,839.0,865.0,395989.0,339617211.0,892.0,897.1,908.45,1008.6666666666666,1024.1916666666666,1243.8333333333333,33.03571428571429,51.99999999999999,-25.939517374149773,-26.274488046309575,0.3349706721598018,22.2374925807575,32.930179920968015,11.654575540336204,,973.5312447718286,908.45,843.3687552281715,772602.0,962245.05,0.5125394446299647,857.643043114834
2026-03-06,6411,82.0,82.8,79.7,81.8,478000.0,38736200.0,84.08,81.53,81.27,81.08999999999999,81.045,81.02250000000001,53.69458128078818,51.42857142857142,0.5280619854000292,0.28393749552928205,0.2441244898707472,16.64688694376344,16.835698027928817,44.49517536809478,,86.42572242117603,81.27,76.11427757882396,737000.0,454097.6,0.6485753052917232,81.03807531380752
2026-03-06,6412,92.1,93.2,89.3,90.3,2749361.0,248979973.0,92.16,91.82000000000001,88.495,89.895,95.96416666666667,105.64375,52.136752136752136,64.15662650602408,0.8468499514444261,0.41038562312553506,0.43646432831889104,28.676357547773296,18.671028207024094,24.8581304504873,,98.21258579505542,88.495,78.77741420494459,3226228.2,2993249.85,0.8521904929105758,90.55921466842659
2026-03-06,6414,265.0,274.0,265.0,273.0,440768.0,119364432.0,278.4,279.4,283.475,287.7416666666667,295.04583333333335,293.5854166666667,35.41666666666667,39.81481481481481,-3.8468745852940174,-2.879691612078611,-0.9671829732154062,21.087668918915014,38.464167046809486,16.017649858679917,,295.57752257306686,283.475,271.3724774269332,777332.8,734857.75,0.5670261180282113,270.81011325686075
2026-03-06,6415,253.0,259.5,247.0,252.5,3393018.0,855425709.0,269.0,271.4,277.075,226.71666666666667,251.325,317.3854166666667,13.333333333333329,35.71428571428572,9.459506083820315,14.663647393313719,-5.204141309493403,23.826360469701026,24.07919931279198,30.939096718421503,,303.60457634514023,277.075,250.54542365485975,4082022.2,10377878.0,0.8312100801411614,252.11351929167483
2026-03-06,6416,80.4,81.5,80.0,80.4,133264.0,10745991.0,81.6,82.17,84.09,82.7,83.78833333333334,90.27458333333334,44.73684210526327,33.33333333333337,-0.9771174311546531,-0.44175101289225993,-0.5353664182623932,19.684150672642676,27.46772078980937,13.478102086789086,,88.65250162220123,84.09,79.52749837779878,233975.4,241019.35,0.5695641507611484,80.63686366910794
2026-03-06,6417,102.5,112.0,102.5,106.5,186000.0,19818000.0,107.0,107.45,108.525,109.175,109.3375,109.41875,40.909090909090914,41.17647058823529,-0.7721287347314387,-0.4312793060117563,-0.34084942871968243,25.418912972548608,21.059649850082867,23.841278909224407,,111.80933282498381,108.525,105.2406671750162,140200.0,98550.55,1.326676176890157,106.54838709677419
2026-03-06,6418,31.1,32.95,31.0,32.3,122000.0,3887650.0,32.92,33.315000000000005,33.65,33.88333333333333,33.94166666666667,33.97083333333333,31.8181818181818,42.79661016949151,-0.34987941333984196,-0.12904740996507666,-0.2208320033747653,15.316454608717232,22.306796331815733,58.726488117669724,,35.67666435826276,33.65,31.623335641737235,222800.0,246532.25,0.547576301615799,31.86598360655738
2026-03-06,6419,68.7,70.5,68.7,68.8,27000.0,1874700.0,72.0,70.78999999999999,70.52000000000001,70.17333333333333,70.08666666666666,70.04333333333334,46.82080924855489,47.54098360655737,0.24339783340718668,0.30722810974772224,-0.06383027634053556,27.812931006588926,20.420979526956287,53.66570513635596,,74.56844349557238,70.52000000000001,66.47155650442764,138000.0,70059.15,0.1956521739130435,69.43333333333334
2026-03-06,6423,92.0,94.3,91.1,92.3,414000.0,38498000.0,87.72,85.77000000000001,87.255,84.59666666666666,82.55666666666666,,70.43478260869563,53.11004784688994,0.44823151773699976,-0.005772837396619282,0.45400435513361903,27.7563301059489,11.808325490279278,20.014188378912745,,94.80538514179709,87.255,79.7046148582029,383400.0,235344.15,1.07981220657277,92.99033816425121
2026-03-06,6425,72.1,72.1,68.4,69.2,280000.0,19487900.0,70.0,68.28,67.025,66.34166666666667,66.17083333333333,66.08541666666666,57.14285714285716,55.55555555555557,1.0087081057893243,0.5691000683660447,0.4396080374232797,20.361648769890994,4.506454784373338,43.52708050224335,,72.09373803457608,67.025,61.95626196542394,412800.0,434512.75,0.6782945736434108,69.59964285714285
2026-03-06,6426,134.0,152.0,134.0,149.0,769502.0,111332302.0,169.2,155.9,133.46999999999997,100.18666666666668,87.56583333333333,80.47916666666667,47.089947089947096,58.983050847457626,17.952659607641408,16.814731554422398,1.1379280532190101,36.48177288022114,29.757093771788224,39.900694012216405,,194.78547756866755,133.46999999999997,72.1545224313324,1213024.4,4583893.2,0.634366464516295,144.68097808712648
2026-03-06,6431,24.35,25.0,24.25,25.0,144450.0,3550542.0,25.270000000000003,25.895000000000003,26.825,24.865000000000002,20.584999999999997,18.731041666666666,24.999999999999943,29.99999999999997,-0.44084747464432894,-0.06667451474881164,-0.3741729598955173,24.960047816446753,29.83676159420926,12.758441231252764,,29.15862153608567,26.825,24.49137846391433,206217.2,381141.7,0.7004750331204186,24.579730010384218
2026-03-06,6432,38.0,38.7,36.55,36.7,489000.0,18195050.0,35.11,33.065000000000005,32.6475,32.3825,32.31625,32.283125,95.12195121951224,75.72254335260119,0.8435418312629324,0.2246141903933917,0.6189276408695407,30.54480043327319,4.62815190539487,57.868821309416326,,36.4116627292974,32.6475,28.883337270702604,643200.0,288639.85,0.7602611940298507,37.20869120654397
2026-03-06,6435,150.0,152.0,147.0,147.5,1174000.0,175809000.0,144.9,137.55,138.2,138.4,138.45,138.475,82.6923076923077,60.46511627906977,1.4184949291593512,0.02639124936518998,1.3921036797941613,21.495620546726908,10.677348823458303,61.852500493853675,,149.20908715561828,138.2,127.1909128443817,983200.0,646990.45,1.194060211554109,149.75212947189098
2026-03-06,6438,153.5,153.5,148.0,149.5,2075913.0,312220696.0,152.1,150.2,149.85,140.85,157.55416666666667,167.24375,56.75675675675676,53.6231884057971,2.437434442226163,2.3178021935135025,0.11963224871266043,29.537420941283454,28.04368823606666,14.995308238539534,,157.60343726831488,149.85,142.0965627316851,1967822.8,1455038.35,1.054928827941215,150.4016285846276
2026-03-06,6441,23.0,23.65,20.8,20.9,796000.0,17965600.0,21.85,21.595,21.63,21.64333333333333,21.646666666666665,21.64833333333333,46.268656716417915,42.2680412371134,-0.0030242467046974753,0.00894296539635859,-0.011967212101056066,31.57129014783882,11.909215468254153,62.94578296171146,,22.491088662223888,21.63,20.76891133777611,365600.0,137851.55,2.177242888402626,22.569849246231154
2026-03-06,6442,1940.0,2075.0,1895.0,1895.0,5169235.0,10239673920.0,2082.0,1992.5,1812.25,1383.8333333333333,1113.05,792.17,46.85714285714286,53.459119496855344,190.9012723611279,188.98423595097893,1.9170364101489668,33.33930109470026,13.14950744308217,46.02011026812633,,2336.197315551564,1812.25,1288.3026844484361,3624302.2,3098275.7,1.4262704142055262,1980.8876787377628
2026-03-06,6443,49.9,50.4,46.8,48.1,202025341.0,9813162604.0,46.86,42.725,41.847500000000004,25.958333333333332,20.545416666666664,18.320625,87.16216216216218,66.78966789667896,5.0632365628029135,4.836050988260656,0.22718557454225774,42.59337839031156,16.05593207102533,43.99024278470798,,49.352829685244764,41.847500000000004,34.34217031475524,138388399.0,116201857.5,1.4598430392998476,48.573919268870334
2026-03-06,6446,700.0,711.0,688.0,698.0,2398636.0,1671883842.0,706.2,714.7,718.4,571.5,540.8833333333333,552.1916666666667,34.83146067415731,30.21978021978022,34.76355817791807,46.77300248453125,-12.009444306613176,36.20625285354607,22.230102590275706,33.642264126063154,,799.3766698045251,718.4,637.4233301954748,3150717.2,4288014.8,0.7612984116759194,697.0144040196178
2026-03-06,6449,162.0,167.0,160.5,163.0,288692.0,47104462.0,175.7,167.4,168.725,168.11666666666667,173.32916666666668,142.9725,53.15315315315316,49.112426035502956,0.7627350364450081,-0.07144210601668194,0.83417714246169,31.59384043355588,27.65095123374669,15.356783233184943,,191.07502649238924,168.725,146.37497350761075,1400940.4,780412.3,0.20607015116417515,163.1651102212739
2026-03-06,6451,187.0,196.5,184.0,190.0,3136666.0,600202743.0,199.8,187.65,178.875,163.58333333333334,159.77083333333334,161.52708333333334,69.35483870967742,59.06249999999999,9.274982042753152,8.008535994553988,1.266446048199164,35.796977945520766,25.205110417374456,23.660177297157663,,219.15151137351688,178.875,138.59848862648312,5436513.0,5044893.5,0.5769628436462858,191.3505432200942
2026-03-06,6456,55.9,62.7,55.0,62.7,20092020.0,1220110808.0,52.85,47.815000000000005,44.355000000000004,43.96333333333334,50.290416666666665,49.09104166666667,100.0,90.79861111111111,3.106047253084938,0.8880123047668002,2.218034948318138,54.48792409335468,7.951855986950015,27.797540065626148,,56.71413895825566,44.355000000000004,31.995861041744348,12767898.2,4623941.4,1.5736356669886358,60.7261394324712
2026-03-06,6461,23.2,24.1,22.6,22.65,326000.0,7544550.0,22.830000000000002,22.509999999999998,21.302500000000002,20.367499999999996,20.13375,20.016875000000002,56.779661016949134,62.443438914027155,0.7909434206282988,0.6094680503776142,0.1814753702506846,34.46353016336378,5.178117709364955,68.71052467295873,,24.29678842262979,21.302500000000002,18.308211577370216,737000.0,504766.9,0.4423337856173677,23.142791411042946
2026-03-06,6462,107.5,108.5,105.0,106.0,1126000.0,120438500.0,112.2,111.6,110.0,108.66666666666667,108.33333333333333,108.16666666666667,45.3125,48.18181818181818,0.6199518322693223,0.9781745621089676,-0.3582227298396453,16.062073754469974,16.75074425147935,49.25652815519135,,118.28441783997937,110.0,101.71558216002063,1626200.0,1330681.15,0.6924117574714057,106.9613676731794
2026-03-06,6464,77.7,78.9,77.5,78.0,18157.0,1415808.0,78.92,78.44,76.89,,,,50.0,66.66666666666666,0.5815818294732651,0.3020512056834181,0.279530623789847,30.698853383830972,20.751881942651533,25.61625703629552,,80.5473789867382,76.89,73.2326210132618,37039.4,34203.35,0.4902077247471611,77.97587707220356
2026-03-06,6465,36.15,36.15,36.15,36.15,176000.0,6362400.0,33.9,33.089999999999996,34.05,34.68333333333333,34.84166666666667,34.920833333333334,85.7142857142857,54.73251028806583,-0.2826116627931228,-0.4467655850565808,0.16415392226345804,13.671749877665146,13.566396859939822,69.57232788907369,,36.83227472252095,34.05,31.26772527747904,104000.0,132443.4,1.6923076923076923,36.15
2026-03-06,6469,86.5,87.5,84.9,85.2,612000.0,52459200.0,87.18,89.14000000000001,92.43,95.00999999999999,95.65499999999999,95.97749999999999,33.121019108280265,24.18604651162792,-2.4714757210198997,-1.713208489184703,-0.7582672318351966,9.327366719250852,15.691568611717432,77.94133380305409,,100.29413578080563,92.43,84.56586421919438,1201200.0,824092.35,0.5094905094905094,85.71764705882353
2026-03-06,6470,53.7,53.8,53.6,53.7,252000.0,13523300.0,53.64000000000001,53.61,53.55,53.516666666666666,53.50833333333333,53.50416666666667,100.0,66.66666666666666,0.042136790353275444,0.02439283285238598,0.017743957500889463,24.006197144672825,5.855738418908929e-11,60.041309014330444,,53.70217718205058,53.55,53.39782281794941,324200.0,454562.45,0.7772979642196175,53.66388888888889
2026-03-06,6472,481.5,485.0,473.0,485.0,420876.0,201390479.0,497.6,513.3,545.8,538.4833333333333,617.7166666666667,696.8583333333333,46.47887323943662,21.904761904761912,-12.934783463179087,-3.9199980171691107,-9.014785446009977,21.950976903216457,33.84120481242827,23.81140846939882,,631.1959200307391,545.8,460.4040799692608,766470.4,1861757.45,0.5491092676246858,478.5031196837073
2026-03-06,6474,35.7,36.4,35.7,36.1,66000.0,2382850.0,36.129999999999995,36.155,35.902499999999996,35.63416666666667,35.567083333333336,35.533541666666665,40.816326530612315,56.00000000000002,0.1582637322804743,0.17126478571498058,-0.013001053434506277,16.778592266486182,14.670021115709536,,,36.77878101717006,35.902499999999996,35.02621898282993,38800.0,22494.45,1.7010309278350515,36.10378787878788
2026-03-06,6477,36.0,38.0,36.0,37.85,1407581.0,52505838.0,37.730000000000004,35.93,35.7325,35.48083333333333,38.14708333333333,35.02270833333333,68.39999999999999,59.07928388746804,0.5319368466578211,0.14604147973369247,0.3858953669241287,31.851710578944413,14.80575349238254,27.719089153679604,,39.24522498811174,35.7325,32.21977501188827,3158829.0,2387199.0,0.44560215193668284,37.3021787023269
2026-03-06,6482,33.0,35.7,33.0,34.3,35000.0,1212050.0,33.7,34.215,34.9525,35.48416666666666,35.61708333333333,35.68354166666666,48.38709677419349,40.64516129032256,-0.5460728129453543,-0.37678307441959724,-0.16928973852575702,22.28713538329924,15.631614141763036,47.096523016512855,,36.83579917683668,34.9525,33.06920082316332,25600.0,18373.7,1.3671875,34.63
2026-03-06,6485,82.0,84.0,80.5,83.0,447000.0,36837600.0,86.36,88.73,91.68499999999999,93.42833333333333,93.86416666666666,94.08208333333332,34.375,33.810888252148985,-2.5175835867277385,-1.2543786835089519,-1.2632049032187866,5.2455989568570285,16.67343584864217,53.40261526048778,,100.6542515676733,91.68499999999999,82.71574843232668,816200.0,2144119.25,0.5476598872825288,82.41073825503355
2026-03-06,6486,87.9,88.4,86.4,86.8,797000.0,69787400.0,85.34,82.2,80.78999999999999,79.79666666666665,79.54833333333335,79.42416666666666,97.64705882352953,83.78378378378389,1.60699761187675,0.7356712026835642,0.8713264091931857,29.30236894038941,2.218672360712268,50.976894084562765,,86.46650745107453,80.78999999999999,75.11349254892545,505800.0,183822.3,1.575721629102412,87.56260978670012
2026-03-06,6488,472.0,490.0,465.5,470.5,6727000.0,3210826000.0,447.3,456.3,465.325,471.775,473.3875,474.19375,63.73626373626374,48.78048780487806,-6.260370660027888,-5.188951191018882,-1.0714194690090064,12.626150622644438,17.769150063679593,46.76073236526076,,498.8091282118151,465.325,431.84087178818487,5463600.0,5004818.85,1.2312394758034995,477.30429612011295
2026-03-06,6491,282.5,285.0,281.0,282.5,110772.0,31359458.0,290.3,289.35,287.925,298.21666666666664,307.60833333333335,322.4791666666667,46.0,44.3609022556391,-0.5118588877560342,-0.8455703731377906,0.33371148538175643,20.430611057036796,22.296584475768356,14.030786135086,,296.2365328879461,287.925,279.6134671120539,240996.4,313813.65,0.45964172078919024,283.0991405770411
2026-03-06,6492,53.7,54.6,52.2,52.5,600000.0,31848500.0,51.67999999999999,52.14,56.675,60.225,61.1125,61.55625,59.25925925925925,23.163841807909634,-2.7417952119223656,-2.3526246396743393,-0.3891705722480263,5.235814533349656,13.16151320025107,73.17744425995855,,66.41452879007149,56.675,46.9354712099285,679400.0,1709943.15,0.8831321754489255,53.08083333333333
2026-03-06,6494,44.65,46.8,44.6,44.9,165000.0,7466700.0,46.42999999999999,43.57,40.684999999999995,38.76166666666666,38.280833333333334,38.04041666666667,61.194029850746276,69.83240223463689,2.157928120801259,1.4684798982905771,0.6894482225106817,23.70219104565129,8.62253737210376,74.10581216563658,,48.30154017323656,40.684999999999995,33.06845982676343,426800.0,269606.2,0.3865979381443299,45.25272727272727
2026-03-06,6496,26.8,26.8,26.5,26.5,2000.0,53300.0,26.75,26.619999999999997,27.035000000000004,27.311666666666667,27.38083333333333,27.415416666666665,53.57142857142856,39.78494623655915,-0.2230333780205349,-0.18647947219653807,-0.03655390582399684,14.240919491678902,16.43924258514287,30.066218888770983,,28.020740437704735,27.035000000000004,26.049259562295273,9800.0,7228.8,0.20408163265306123,26.65
2026-03-06,6498,83.8,87.3,83.7,85.2,41000.0,3493900.0,86.54,86.81,85.96000000000001,85.11999999999999,84.91000000000001,84.805,42.10526315789476,51.09170305676855,0.3770088528600155,0.5331928852520512,-0.1561840323920357,13.1174803899713,15.242315388790695,,,89.43889879733591,85.96000000000001,82.4811012026641,43600.0,45964.7,0.9403669724770642,85.21707317073171
2026-03-06,6499,82.3,85.0,81.8,84.0,782000.0,65349000.0,88.25999999999999,90.76,92.395,93.53166666666667,93.81583333333333,93.95791666666666,25.225225225225216,32.764505119453915,-1.912156026935378,-0.7071658597817926,-1.2049901671535852,5.602043752584061,29.27882210240781,64.69149788226693,,100.49346639152975,92.395,84.29653360847024,838800.0,700892.65,0.9322842155460181,83.56649616368287
2026-03-06,6504,39.8,40.25,39.75,39.95,37033.0,1482868.0,40.84,41.385000000000005,42.167500000000004,42.458333333333336,45.50541666666666,53.1625,12.000000000000128,30.4347826086957,-0.5224787772758646,-0.28885948088196345,-0.2336192963939011,29.152762508625603,21.174392886394163,30.147745112269604,,46.17542307416542,42.167500000000004,38.159576925834585,73538.0,231038.65,0.5035899806902554,40.04180055626063
2026-03-06,6505,58.0,62.0,57.7,62.0,67902923.0,4135881792.0,56.36,53.085,51.879999999999995,51.151666666666664,46.207499999999996,42.03104166666667,99.19678714859437,69.11111111111114,1.9254506542799277,0.8116450741665987,1.113805580113329,38.1277050578684,11.125215736302334,21.526943539961426,,58.838402720527625,51.879999999999995,44.921597279472365,34373862.6,17129693.0,1.9754231228002872,60.90874456170318
2026-03-06,6506,16.0,16.0,15.8,15.95,22000.0,349900.0,15.99,15.775,15.6525,15.550833333333333,15.525416666666667,15.512708333333332,85.71428571428557,71.42857142857137,0.12213055328996347,0.07413506847732673,0.04799548481263674,10.968569050135578,9.143294930268299,54.313693778535985,,16.082279625291598,15.6525,15.222720374708402,74400.0,44581.1,0.2956989247311828,15.904545454545454
2026-03-06,6508,26.0,26.35,25.35,26.25,190000.0,4896550.0,24.580000000000002,24.065,23.7525,23.517499999999995,23.45875,23.429375,90.90909090909098,87.01298701298708,0.4106455985744546,0.14076855386269208,0.26987704471176255,58.26240130793126,13.664261566227312,68.44550621206972,,25.422821431404905,23.7525,22.082178568595097,262400.0,88793.7,0.7240853658536586,25.771315789473686
2026-03-06,6509,40.45,41.5,39.8,40.4,2829000.0,114591550.0,40.08,37.8,36.0625,34.854166666666664,34.552083333333336,34.401041666666664,65.16853932584269,71.28027681660897,1.543621283735341,0.9241133138438025,0.6195079698915384,26.48247256473836,1.2326188045985618,74.220045608536,,41.340645108792835,36.0625,30.784354891207162,4896200.0,2086516.7,0.5777950247130428,40.50602686461647
2026-03-06,6510,3520.0,3680.0,3435.0,3605.0,569000.0,2046875000.0,3672.0,3794.0,3802.25,3784.0833333333335,3779.5416666666665,3777.2708333333335,31.155778894472363,45.572916666666664,-34.84102889652149,7.059261918787962,-41.900290815309454,8.691774888177594,15.528125512873373,59.235451077112245,,4110.171298899231,3802.25,3494.328701100769,635000.0,692959.0,0.8960629921259843,3597.3198594024607
2026-03-06,6512,19.8,19.85,19.65,19.65,4000.0,79000.0,20.02,20.05,20.067500000000003,20.089166666666664,20.094583333333333,20.097291666666667,37.14285714285706,39.024390243902396,-0.05469797219382855,-0.004678469848753458,-0.05001950234507509,34.650027105660264,21.571147002894666,48.61986889421727,,20.50911783907523,20.067500000000003,19.625882160924775,11800.0,8169.15,0.3389830508474576,19.75
2026-03-06,6515,4775.0,5250.0,4695.0,5250.0,608900.0,3092042560.0,4936.0,4850.5,4503.75,3216.6666666666665,2527.2083333333335,1804.9458333333334,57.92880258899677,73.14974182444061,486.52772757074945,485.52055687279073,1.0071706979587134,41.53570661418312,11.474510780869402,52.8673942972459,,5350.5512567427195,4503.75,3656.9487432572805,612810.4,673250.35,0.9936189072509213,5078.079421908359
2026-03-06,6516,62.0,63.5,62.0,62.9,43000.0,2692600.0,63.64,63.660000000000004,63.480000000000004,63.29333333333334,63.24666666666666,63.223333333333336,42.62295081967215,47.94520547945203,0.023017298270957554,0.13423236099856223,-0.11121506272760467,13.539830521115114,15.683989898194902,53.59642269352958,,64.88165315928991,63.480000000000004,62.078346840710104,45000.0,45026.75,0.9555555555555556,62.61860465116279
2026-03-06,6517,58.3,59.1,57.4,58.0,175000.0,10196300.0,59.86,60.980000000000004,63.545,65.115,65.50750000000001,65.70375,35.294117647058826,26.900584795321606,-1.8227883328896795,-1.137076838329813,-0.6857114945598664,0.8862935560510288,16.111381186702577,49.5396808161594,,69.62325286531721,63.545,57.46674713468279,284600.0,401375.55,0.6148981026001406,58.26457142857143
2026-03-06,6523,116.0,117.5,116.0,117.0,34000.0,3965500.0,117.3,117.2,117.35,117.45,117.475,117.4875,50.0,47.82608695652174,-0.11030975639346252,-0.0519723908078585,-0.05833736558560402,12.988298764864117,21.328462957157285,49.30542262702619,,118.52428589722479,117.35,116.1757141027752,34000.0,40537.8,1.0,116.63235294117646
2026-03-06,6525,79.7,80.3,78.9,80.3,276389.0,22001260.0,81.96000000000001,80.71,80.045,77.27333333333333,77.93583333333332,72.98125,55.072463768115945,57.72357723577233,1.1875300818014836,1.0990204395983716,0.08850964220311197,27.339206567373548,24.35239619112471,16.717269477816554,,83.07709151368424,80.045,77.01290848631577,380894.4,233882.15,0.7256315661243641,79.60251674270684
2026-03-06,6526,519.0,528.0,505.0,505.0,1003983.0,516911123.0,514.2,482.0,468.725,455.60833333333335,493.8875,528.9479166666666,67.24738675958189,64.96815286624204,17.334860752665122,8.596594131348533,8.738266621316589,44.17228150323606,17.1139428655423,31.02190015065096,,535.3887082676976,468.725,402.06129173230244,1863803.6,968331.0,0.5386742465783412,514.860433891809
2026-03-06,6527,74.5,74.5,74.5,74.5,4000.0,298000.0,74.7,74.5,75.27,75.75666666666667,75.87833333333333,75.93916666666665,54.71698113207547,40.96385542168676,-0.43879516110726513,-0.336962644857969,-0.10183251624929612,9.837549233397267,14.09906560570895,41.427480142955886,,77.22432044993971,75.27,73.31567955006028,18400.0,15905.8,0.21739130434782608,74.5
2026-03-06,6530,78.2,81.9,74.0,76.1,6855000.0,533743500.0,73.35999999999999,68.41999999999999,66.32000000000001,65.10666666666667,64.80333333333333,64.65166666666667,92.79279279279281,73.2,2.5253992737066113,1.07003784133384,1.4553614323727713,21.54300769325539,3.476202071691496,50.94879960728341,,75.90323096817949,66.32000000000001,56.73676903182053,5792200.0,4787475.8,1.183488139221712,77.86192560175054
2026-03-06,6531,440.5,446.0,428.0,434.5,3571102.0,1558364653.0,430.8,417.5,426.375,412.6,374.1125,327.5375,88.11881188118812,52.21238938053097,3.268372863777188,1.995655796668894,1.272717067108294,27.420264473203915,21.57998311838586,17.256701063410553,,462.0944845840134,426.375,390.6555154159866,3204165.8,3398467.95,1.1145184809100703,436.382005610593
2026-03-06,6532,58.2,59.5,56.5,59.5,597000.0,34800000.0,56.36,54.95,56.11999999999999,56.90666666666666,57.10333333333333,57.20166666666667,74.21875000000001,55.851063829787236,-0.23891378245586736,-0.5287459438644792,0.2898321614086118,28.963826138804095,16.98221312495084,53.39136911024917,,59.86986315539788,56.11999999999999,52.3701368446021,197800.0,81544.35,3.018200202224469,58.29145728643216
2026-03-06,6533,195.5,204.0,194.5,200.5,302478.0,60472414.0,211.4,217.95,228.85,248.50833333333333,268.4875,289.74375,14.285714285714292,20.155038759689916,-10.911763567636655,-8.60784225238597,-2.303921315250685,16.437566893949825,39.09638636127008,23.42462977767805,,256.9083977484535,228.85,200.79160225154646,596748.0,452078.15,0.5068772748295763,199.92334649131507
2026-03-06,6534,82.5,83.3,81.7,83.2,410314.0,33871251.0,81.92,83.14,84.515,89.30999999999999,99.27833333333335,,42.64705882352943,34.26573426573431,-1.9267555916311494,-1.9257974041382,-0.0009581874929494028,24.888075372506,26.710363801943487,9.656698738367616,,88.22970761050867,84.515,80.80029238949133,256209.4,132687.05,1.6014791026402622,82.54958641430709
2026-03-06,6535,161.0,163.5,159.5,161.0,126000.0,20350000.0,169.0,175.65,174.075,171.35833333333332,170.67916666666667,170.33958333333334,15.384615384615387,44.30379746835443,-0.9719428033223494,1.2701453823780047,-2.242088185700354,13.531624820012834,19.35920673434796,44.08546006418261,,190.60973218473922,174.075,157.54026781526076,203000.0,226883.35,0.6206896551724138,161.5079365079365
2026-03-06,6538,67.6,69.4,67.0,67.3,85000.0,5761900.0,67.55999999999999,67.75,67.02499999999999,65.74166666666666,65.42083333333333,65.26041666666666,51.428571428571416,54.86725663716815,0.5383930651236142,0.6709006295140107,-0.13250756439039657,17.475690400844904,11.698935841303774,58.75286198860148,,71.14318815551336,67.02499999999999,62.906811844486626,109600.0,182498.4,0.7755474452554745,67.7870588235294
2026-03-06,6541,44.7,45.85,44.4,44.8,319517.0,14348874.0,47.230000000000004,48.095,50.1675,54.46083333333333,54.42833333333333,56.66854166666667,20.53571428571425,19.262295081967224,-2.4363216786479356,-2.0557253865021585,-0.38059629214577706,16.86615835138933,35.90491313919352,17.98084988285525,,55.579501769946724,50.1675,44.75549823005327,359309.4,772334.2,0.889253106097419,44.90801428406
2026-03-06,6542,51.0,51.5,51.0,51.5,75000.0,3859000.0,52.5,52.85,52.105000000000004,51.50166666666667,51.350833333333334,51.275416666666665,23.52941176470597,51.85185185185183,0.28404073577847555,0.4030322000067046,-0.11899146422822904,14.04445291564157,10.275500790286094,62.26728992977302,,54.23594987468526,52.105000000000004,49.97405012531475,83200.0,51863.1,0.9014423076923077,51.45333333333333
2026-03-06,6546,87.0,87.6,79.5,82.0,3897000.0,326504500.0,76.02000000000001,67.75,64.505,62.30166666666667,61.75083333333334,61.47541666666667,98.32635983263596,86.11111111111109,4.192933674371162,1.6409157146873574,2.552017959683804,42.93538153581864,6.044711395745934,56.88021443107641,,80.14818920236704,64.505,48.86181079763296,3702800.0,1131696.75,1.0524467970184725,83.78355144983321
2026-03-06,6547,36.3,36.6,35.65,35.75,1176000.0,42344400.0,35.92,35.96,36.497499999999995,36.86583333333333,36.95791666666666,37.00395833333333,48.71794871794881,31.42857142857163,-0.3188732348274286,-0.2548261679128424,-0.06404706691458617,8.895188831549095,9.104708047922424,17.405241508083726,,37.66570825468579,36.497499999999995,35.3292917453142,1458000.0,1545570.1,0.8065843621399177,36.00714285714286
2026-03-06,6548,44.2,45.8,44.05,45.55,3530000.0,158528300.0,46.339999999999996,47.235,50.0375,52.145833333333336,52.67291666666667,52.93645833333334,39.88439306358381,23.711340206185554,-1.9755071874372518,-1.4053986955346645,-0.5701084919025874,3.560653164983933,17.2909601607465,81.58283079777728,,56.46702687135482,50.0375,43.607973128645185,4702800.0,7237703.45,0.7506166539083099,44.90886685552408
2026-03-06,6550,30.0,30.9,29.95,30.6,508028.0,15521949.0,32.37,31.3,31.202499999999997,30.8675,34.029583333333335,37.32479166666666,53.04347826086958,48.76543209876544,0.16558317125365818,0.14195873387459743,0.023624437379060753,33.78495293219904,23.899180728149126,26.72657877159679,,34.163914135884376,31.202499999999997,28.241085864115618,1804549.8,1511576.0,0.2815261734533455,30.553333674521877
2026-03-06,6552,27.4,27.8,26.95,27.3,136559.0,3740670.0,29.04,29.564999999999998,30.067500000000003,26.623333333333335,27.186666666666664,28.053749999999997,32.71028037383179,39.11564625850342,0.44991540190236634,1.0284159047043266,-0.5785005028019603,29.318546822014003,30.016913813812046,28.182057349945737,,34.34931896910757,30.067500000000003,25.785681030892437,220482.2,634654.7,0.6193651913850642,27.392335913414716
2026-03-06,6556,66.0,67.0,65.7,67.0,4000.0,264500.0,67.54,67.5,68.08000000000001,68.55999999999999,68.68,68.74,48.33333333333331,39.02439024390246,-0.4361345521920299,-0.29426392333033585,-0.14187062886169405,28.849358239244253,43.0997104055656,41.74668805337509,,69.83751020061423,68.08000000000001,66.32248979938579,7400.0,5006.75,0.5405405405405406,66.125
2026-03-06,6558,30.9,31.95,30.6,30.65,454887.0,14120355.0,32.519999999999996,33.290000000000006,35.145,37.134166666666665,42.88083333333334,46.52729166666667,22.58064516129035,18.93491124260356,-1.6082411070053553,-1.222070885741138,-0.3861702212642173,18.017233162108337,31.676142391117057,15.321538857902508,,39.84112382155385,35.145,30.44887617844616,646649.4,1511126.9,0.7034522880559387,31.04145644962375
2026-03-06,6560,45.45,46.7,44.2,44.35,131000.0,5911500.0,44.06,42.765,41.515,40.605000000000004,40.377500000000005,40.26375,65.16853932584273,73.86363636363639,1.067390144845497,0.6676577021167711,0.3997324427287259,41.240065010979855,5.704956351747249,74.28283766476328,,45.0407100815222,41.515,37.9892899184778,211800.0,145430.2,0.6185080264400378,45.12595419847328
2026-03-06,6561,369.0,369.0,358.5,362.0,185000.0,67274000.0,356.3,338.5,329.15,323.05,321.525,320.7625,89.53488372093022,82.3076923076923,9.82222370758143,4.814194622983035,5.008029084598395,34.39841663138127,9.642009958188497,67.89538075209855,,363.53191078857714,329.15,294.7680892114228,272400.0,141819.05,0.6791483113069016,363.64324324324326
2026-03-06,6568,162.0,165.0,156.0,163.5,657000.0,106062500.0,163.4,163.8,159.075,154.025,152.7625,152.13125,47.933884297520656,55.0,3.0025050803968156,3.0112393449482537,-0.008734264551438109,15.352362661450055,12.557442627745404,38.12305801551188,,174.9603623453199,159.075,143.18963765468007,1035200.0,1816255.9,0.634659969088099,161.4345509893455
2026-03-06,6569,95.1,95.1,93.2,93.9,28000.0,2627800.0,96.67999999999999,98.64,101.77000000000001,103.58999999999999,104.045,104.27250000000001,18.918918918918976,22.68041237113404,-2.3520455146062034,-1.3625612487851069,-0.9894842658210965,4.3458412692865425,30.62018969873219,56.76625620985566,,109.63279714525105,101.77000000000001,93.90720285474897,44200.0,31254.05,0.6334841628959276,93.85
2026-03-06,6570,38.85,39.0,38.3,39.0,107000.0,4135550.0,39.279999999999994,39.53,39.78,39.99333333333333,40.04666666666667,40.07333333333333,40.9090909090909,41.1290322580645,-0.2614627480368057,-0.1353076471871299,-0.1261551008496758,8.079309471025109,19.10029868507742,31.919612988151478,,40.81892657154037,39.78,38.74107342845963,89600.0,72986.85,1.1941964285714286,38.65
2026-03-06,6573,13.95,14.2,13.55,14.2,77600.0,1086001.0,14.55,14.63,15.147499999999999,15.696666666666667,13.156166666666667,12.511208333333334,41.99999999999999,28.712871287128735,-0.29116775988766896,-0.19132116261424326,-0.09984659727342571,23.119879262888375,26.592298688631562,15.02354607935665,,16.53408042073225,15.147499999999999,13.76091957926775,200120.8,365795.3,0.38776578946316426,13.99485824742268
2026-03-06,6574,75.8,76.9,75.8,76.9,2000.0,152700.0,76.96,76.91,73.89000000000001,71.29666666666667,70.64833333333334,70.32416666666667,29.729729729729826,77.16535433070865,1.8339998309250802,1.6659962157553048,0.16800361516977547,15.775616504172637,6.646060942512968,34.97596028837116,,80.78161198773365,73.89000000000001,66.99838801226637,19000.0,17589.5,0.10526315789473684,76.35
2026-03-06,6576,80.2,82.5,80.0,82.5,172000.0,13980700.0,82.6,84.2,84.24,84.08,84.03999999999999,84.02,36.708860759493675,44.60431654676258,-0.41740925864095857,-0.00012685971996334125,-0.4172823989209952,14.707915315494674,22.25136057153981,46.46018685862172,,87.3744604169246,84.24,81.10553958307538,227200.0,212793.05,0.7570422535211268,81.28313953488372
2026-03-06,6577,75.2,75.5,74.1,74.5,24000.0,1794700.0,73.9,72.5,71.97,71.58999999999999,71.49500000000002,71.4475,65.95744680851062,63.4782608695652,0.6998448347544155,0.29677725504187213,0.40306757971254337,33.439650201359925,9.377833456271599,37.63661925201012,,74.92944518271139,71.97,69.01055481728861,53200.0,30714.1,0.45112781954887216,74.77916666666667
2026-03-06,6578,17.75,17.9,17.3,17.6,110000.0,1930100.0,18.4,18.765,19.2475,19.549166666666668,19.62458333333333,19.662291666666665,13.953488372093062,21.621621621621586,-0.4058461151263124,-0.20676207645068145,-0.19908403867563096,6.417233415895571,21.80300709048854,24.593207300961925,,20.60220913561007,19.2475,17.892790864389926,127800.0,107483.15,0.8607198748043818,17.546363636363637
2026-03-06,6579,106.0,110.5,106.0,110.0,149203.0,16216838.0,112.5,112.8,115.175,112.35833333333333,118.42916666666666,121.77875,37.037037037037045,23.07692307692308,-0.1763815307393486,0.6182166762912537,-0.7945982070306022,27.065205169621294,27.880190959809227,23.9247263491914,,124.06778240751377,115.175,106.28221759248622,185390.6,250050.2,0.8048034797880799,108.68975824882878
2026-03-06,6581,110.0,110.0,109.0,110.0,16640.0,1825721.0,110.7,109.35,108.05,,,,62.50000000000001,65.0,1.0095800492095321,0.5869029766343953,0.42267707257513687,26.987969177787047,17.99313697061569,22.360023820744487,,111.77615224143001,108.05,104.32384775856998,27201.2,14944.0,0.6117377174536417,109.71881009615385
2026-03-06,6582,31.5,32.0,31.5,31.65,76109.0,2414808.0,32.71,32.489999999999995,32.6375,33.00666666666667,32.69541666666667,37.98375,42.528735632183945,40.28776978417265,-0.17996309770734342,-0.15476075055269994,-0.02520234715464348,35.27784908785737,24.194932465494514,30.86149321823055,,34.498986389676475,32.6375,30.77601361032353,73627.6,197702.7,1.0337020356496747,31.72828443416679
2026-03-06,6584,390.0,404.0,383.0,401.0,423000.0,166971500.0,412.5,408.0,362.05,326.68333333333334,317.84166666666664,313.42083333333335,30.180180180180173,67.6923076923077,27.22041185676227,24.512549645414662,2.7078622113476065,22.89374969005037,14.940359485444793,77.30533516993809,,470.24276169971125,362.05,253.85723830028877,563200.0,1892570.55,0.7510653409090909,394.7316784869976
2026-03-06,6585,87.3,87.4,86.7,86.8,10381.0,904728.0,89.29999999999998,89.17,90.275,90.705,95.16083333333333,112.90625,48.148148148148145,42.51012145748987,-0.5883353345784741,-0.416674193255612,-0.1716611413228621,19.932796924701567,25.66444943117135,11.193987532075761,,94.77897485270563,90.275,85.77102514729438,60376.2,53939.8,0.17193861157210955,87.15229746652538
2026-03-06,6588,91.5,96.2,83.9,85.0,1559000.0,135741000.0,99.74000000000001,91.47,79.31500000000001,70.43833333333333,68.21916666666667,67.10958333333333,42.74809160305344,61.28266033254157,8.345975956644452,6.591547028961438,1.7544289276830138,30.463199274124992,20.8721813472492,60.97356827384298,,110.4465899808674,79.31500000000001,48.18341001913263,922200.0,5128898.6,1.6905226631967036,87.06927517639512
2026-03-06,6590,71.8,71.8,70.5,70.5,9000.0,636300.0,70.86,71.22999999999999,71.47999999999999,71.49333333333334,71.49666666666666,71.49833333333332,27.27272727272687,41.66666666666663,-0.21115930224114265,-0.05181799412672596,-0.15934130811441669,8.413248257618243,11.529733968711769,26.63590245313223,,72.64366028683541,71.47999999999999,70.31633971316457,15000.0,32008.8,0.6,70.7
2026-03-06,6591,64.9,66.0,64.2,66.0,100468.0,6559791.0,66.58,65.92999999999999,67.065,73.83,77.59166666666667,68.70520833333333,58.6206896551724,47.727272727272755,-2.1320121307296773,-2.465933937814524,0.33392180708484664,17.32292613389825,30.579691239981564,28.10653994152047,,71.05829701532812,67.065,63.07170298467188,266426.2,287655.3,0.37709504545724104,65.29234184018792
2026-03-06,6592,58.4,62.5,58.0,61.8,3348974.0,204591025.0,59.9,60.1,60.669999999999995,61.36333333333334,64.50333333333333,68.11958333333332,59.74025974025975,56.140350877192986,-0.394368864192721,-0.4087922365567842,0.014423372364063214,27.912792698093607,22.977952638388835,14.082825427457047,,62.68687616716484,60.669999999999995,58.65312383283515,2205514.6,1943943.25,1.5184546953350477,61.090657914931555
2026-03-06,6593,39.85,40.3,39.75,40.1,50000.0,1998900.0,39.87,39.675,37.515,36.07166666666667,35.71083333333333,35.530416666666675,61.99999999999999,73.39901477832514,1.2332737715551616,0.9895160765675352,0.24375769498762645,32.1852937901533,11.787052620349517,70.35884457200787,,42.01191122063977,37.515,33.018088779360234,92600.0,165939.8,0.5399568034557235,39.978
2026-03-06,6596,146.0,151.0,146.0,150.0,1319000.0,196530000.0,145.9,144.5,144.625,145.20833333333334,145.35416666666666,145.42708333333334,72.0,60.97560975609756,0.30385442305831134,-0.24871666098208497,0.5525710840403963,17.742740563971623,8.188833930021833,59.470473249920694,,148.84119683950757,144.625,140.40880316049243,689600.0,558482.4,1.9127030162412992,148.9992418498863
2026-03-06,6597,60.7,62.8,60.7,62.8,2000.0,123500.0,,,,,,,100.0,76.06837606837607,1.0122999498607683,0.5771602959301824,0.43513965393058596,33.10868200285424,15.156231260210006,,,,,,,,,61.75
2026-03-06,6598,24.05,24.8,24.05,24.65,129541.0,3177983.0,24.869999999999997,24.595,24.35,22.569166666666668,22.167916666666667,21.367916666666666,59.99999999999998,52.972972972972954,0.5970722938243291,0.6218084141148692,-0.024736120290540065,27.089036787144373,24.621591937469343,30.39895700142418,,25.57216374129119,24.35,23.12783625870881,232547.6,374832.5,0.5570515455760455,24.532642175064264
2026-03-06,6603,23.7,24.0,23.3,23.45,517000.0,12184850.0,24.1,24.330000000000002,24.869999999999997,25.19,25.27,25.310000000000002,41.55844155844153,36.23188405797099,-0.39586252517182174,-0.23556095152332057,-0.16030157364850117,8.77613878318938,14.67255847452487,53.93718899205474,,26.414225235821306,24.869999999999997,23.32577476417869,1217200.0,1352087.75,0.4247453171212619,23.568375241779496
2026-03-06,6605,134.5,137.0,134.5,135.5,256533.0,34820802.0,139.8,142.45,148.275,143.53333333333333,141.29166666666666,165.50208333333333,0.0,19.607843137254903,-1.9430165453635766,-0.20054555646445155,-1.742470988899125,16.067707709836405,33.37109274804349,18.111359851552564,,163.00583054077137,148.275,133.54416945922864,385881.6,483316.0,0.6647971813115733,135.73615090456198
2026-03-06,6606,24.95,25.0,24.8,25.0,37143.0,925675.0,25.14,25.175,25.567500000000003,25.244999999999997,25.165416666666665,25.430625000000003,31.57894736842104,30.000000000000057,-0.09548348649166627,-0.016381531849545525,-0.07910195464212075,20.104913250424328,17.35427992111804,22.38977268017532,,26.532833321217204,25.567500000000003,24.6021666787828,89008.0,97839.35,0.41729956857810535,24.92192337721778
2026-03-06,6609,36.65,37.1,36.0,36.15,173000.0,6312000.0,38.160000000000004,38.695,39.485,39.92833333333333,40.03916666666667,40.09458333333334,26.51515151515146,28.723404255319124,-0.6932032675242255,-0.3023771600685484,-0.39082610745567703,6.138851837138838,21.890425020322127,56.5089864979691,,42.127586452302886,39.485,36.84241354769711,255000.0,212316.9,0.6784313725490196,36.48554913294798
2026-03-06,6612,69.0,69.8,68.8,69.3,20000.0,1385200.0,68.26,69.86,73.91999999999999,76.70666666666666,77.40333333333334,77.75166666666665,62.96296296296294,26.84210526315789,-2.672980557289776,-2.034225154771612,-0.6387554025181639,7.570181304301663,27.988373646295134,80.23865408402241,,83.36782904609362,73.91999999999999,64.47217095390636,52200.0,81783.65,0.3831417624521073,69.26
2026-03-06,6613,186.0,191.5,186.0,190.5,206000.0,38856500.0,193.4,190.0,193.325,196.10833333333332,196.80416666666667,197.15208333333334,56.07476635514019,44.92753623188406,-1.7926727227405195,-1.6352724008965533,-0.15740032184396613,10.999005402002187,14.591146630637072,50.907521003757424,,205.65500192086034,193.325,180.99499807913963,353600.0,476780.15,0.582579185520362,188.623786407767
2026-03-06,6615,35.15,35.15,34.35,34.55,48000.0,1663900.0,35.08,34.58,34.78,35.126666666666665,35.21333333333333,35.25666666666666,54.71698113207547,45.56213017751479,-0.0820271288073613,-0.1570416389776516,0.07501451017029032,19.2359117736827,15.360234782013018,47.949975376914175,,36.410757008586714,34.78,33.14924299141329,47200.0,227357.5,1.0169491525423728,34.66458333333333
2026-03-06,6616,10.1,10.25,10.05,10.1,26000.0,263000.0,10.129999999999999,10.19,10.1425,10.080833333333334,10.065416666666668,10.057708333333334,42.85714285714283,51.4285714285714,0.02169688025053773,0.0341674150464474,-0.01247053479590967,17.31853775047744,12.310249987793814,45.304194176689705,,10.383714034679404,10.1425,9.901285965320596,27800.0,60300.0,0.935251798561151,10.115384615384615
2026-03-06,6617,78.4,81.5,78.4,80.0,279000.0,22438600.0,78.22,75.08000000000001,75.415,75.73833333333333,75.81916666666667,75.85958333333335,79.05405405405406,58.29959514170041,0.601651845287364,-0.12782402069161797,0.729475865978982,20.316417123563753,11.179017013158422,51.90990885245925,,80.70581627370535,75.415,70.12418372629466,305000.0,202684.65,0.9147540983606557,80.42508960573477
2026-03-06,6620,80.0,80.1,78.5,79.5,222000.0,17598500.0,80.16,78.27000000000001,79.16999999999999,79.85666666666667,80.02833333333335,80.11416666666668,68.59504132231406,48.06629834254143,-0.23376021294600946,-0.40054454505888165,0.1667843321128722,13.838582840442253,22.077048871620352,,,82.95812549116869,79.16999999999999,75.38187450883129,333400.0,281369.4,0.6658668266346731,79.27252252252252
2026-03-06,6624,61.0,62.4,59.8,59.8,63000.0,3797800.0,63.67999999999999,64.15,63.29,62.629999999999995,62.464999999999996,62.3825,27.192982456140314,41.258741258741246,0.11057657397069676,0.49262503032360017,-0.3820484563529034,35.4787691008543,31.286064409832363,77.47854379562048,,67.23269477708625,63.29,59.347305222913754,107000.0,46808.35,0.5887850467289719,60.282539682539685
2026-03-06,6625,79.0,83.0,79.0,82.1,257767.0,20931217.0,80.92,81.35,83.21000000000001,83.33833333333334,84.22916666666667,83.90083333333334,55.7377049180327,46.06741573033707,-0.6838256463340571,-0.46785494073561346,-0.2159707055984436,29.841602944152402,26.969824052478486,11.405234113388152,,88.13636302271634,83.21000000000001,78.28363697728368,248107.0,250685.75,1.0389348144147486,81.20208172496868
2026-03-06,6629,104.0,106.0,102.0,106.0,23000.0,2391500.0,107.6,113.65,120.475,125.49166666666666,126.74583333333334,127.37291666666667,25.000000000000014,15.625,-5.68912879946356,-3.542209727779403,-2.1469190716841573,2.4447105572078627,16.18484361468587,48.33443071468145,,138.21723328967533,120.475,102.73276671032465,74400.0,80163.6,0.30913978494623656,103.97826086956522
2026-03-06,6637,72.0,73.0,72.0,72.2,9000.0,650000.0,72.8,74.15,75.575,76.525,76.7625,76.88125,28.571428571428626,17.56756756756755,-1.1962132042292524,-0.7090714365926851,-0.48714176763656725,11.516392088237625,26.667618169574986,58.35684378565824,,79.47365023876556,75.575,71.67634976123445,34000.0,36530.6,0.2647058823529412,72.22222222222223
2026-03-06,6640,780.0,815.0,780.0,815.0,514000.0,414403000.0,781.8,766.6,781.1,793.7,796.85,798.425,66.51162790697674,52.38095238095238,-4.640806316442649,-7.781590756797117,3.1407844403544676,12.34166938380667,13.242851733967168,35.209472438347774,,833.2854990949542,781.1,728.9145009050459,461000.0,411327.05,1.1149674620390455,806.2315175097276
2026-03-06,6641,20.1,20.7,19.95,20.25,35575.0,719703.0,21.28,21.215,21.985,20.631666666666668,20.71916666666667,,36.92307692307687,34.6534653465346,0.04169241559634429,0.26804693096050497,-0.22635451536416068,30.24390482443275,33.562325068858875,18.725618297789357,,24.491853763081117,21.985,19.47814623691888,50984.4,94355.0,0.6977624528287084,20.23058327477161
2026-03-06,6642,55.3,57.6,55.3,57.3,232000.0,13188300.0,57.339999999999996,56.989999999999995,55.855,54.95166666666667,54.725833333333334,54.61291666666667,53.84615384615381,62.962962962962955,0.695069971299823,0.6061716680058505,0.08889830329397241,17.95536103477304,11.933593708342642,64.83107607215156,,58.60299448402112,55.855,53.10700551597888,190600.0,162060.3,1.217208814270724,56.84612068965517
2026-03-06,6643,469.0,471.5,450.5,458.0,1238000.0,571074000.0,443.1,443.65,459.4,466.8,468.65,469.575,73.79310344827586,46.47887323943662,-7.100101362071484,-6.540638395806689,-0.5594629662647952,11.381847922423702,9.031128022665118,38.31529261974368,,503.9369154983285,459.4,414.86308450167144,1152400.0,1296898.55,1.0742797639708435,461.2875605815832
2026-03-06,6645,16.6,16.6,16.0,16.0,76602.0,1230603.0,16.9,17.175,17.497500000000002,18.418333333333333,20.2375,20.46291666666667,6.45161290322568,24.242424242424207,-0.43493053158417183,-0.3434275224078454,-0.09150300917632642,23.121255104953367,31.40242355233162,10.177671054053215,,18.483974317429578,17.497500000000002,16.511025682570427,32767.0,28334.1,2.337778862880337,16.064893867000862
2026-03-06,6649,41.6,41.8,41.1,41.45,77000.0,3189900.0,41.760000000000005,41.815,45.085,47.26166666666667,47.80583333333334,48.07791666666667,66.0714285714287,17.757009345794387,-1.847111951285875,-1.5275509617808245,-0.3195609895050504,6.946133478358818,30.85878598294533,72.26237595000397,,52.13550203512972,45.085,38.03449796487028,67200.0,138185.35,1.1458333333333333,41.42727272727273
2026-03-06,6651,100.0,101.0,99.9,100.0,236000.0,23639500.0,99.82000000000001,99.4,99.31,99.36999999999999,99.385,99.39250000000001,62.068965517241466,54.838709677419324,0.1222500075939763,0.009366235404824012,0.1128837721891523,9.605330028830354,10.194143622693714,32.07956067349197,,100.38193872566437,99.31,98.23806127433564,274800.0,1414323.65,0.858806404657933,100.16737288135593
2026-03-06,6654,95.9,95.9,92.6,93.2,28000.0,2637100.0,93.7,92.78,91.59,90.53,90.26500000000001,90.1325,46.51162790697677,60.126582278481024,0.8793246265265111,0.7473883617022934,0.13193626482421772,12.950342653756175,12.445502796114063,70.90932183270158,,95.40238977407526,91.59,87.77761022592475,39200.0,31155.15,0.7142857142857143,94.18214285714286
2026-03-06,6655,129.5,133.0,129.5,131.5,18723.0,2456813.0,131.5,127.9,124.175,,,,71.42857142857143,78.94736842105263,3.8173990884927207,3.0302878433916813,0.7871112451010394,29.091507005424237,21.575927871113628,16.039061252796017,,134.34344965671076,124.175,114.00655034328923,15326.0,15550.8,1.2216494845360826,131.21898200074773
2026-03-06,6657,48.25,48.25,46.9,47.1,146309.0,6919391.0,48.290000000000006,47.5,49.3975,45.14833333333333,49.428333333333335,55.82395833333333,50.57471264367816,38.764044943820224,0.5091355210097959,0.7541812825439325,-0.2450457615341366,29.353825087963326,20.69192793612539,15.813963407177441,,56.35439548123654,49.3975,42.440604518763465,352470.4,966087.95,0.415095849183364,47.2929963296858
2026-03-06,6658,57.2,58.3,56.3,58.1,186702.0,10678579.0,58.160000000000004,56.35,55.18499999999999,52.2575,57.13125,64.803125,71.60493827160495,69.85294117647061,1.3725702118537626,0.9741429246509493,0.3984272872028133,30.69357527581571,14.817333559469379,26.801265582403,,60.250996031332676,55.18499999999999,50.1190039686673,418929.8,266486.1,0.4456641661681742,57.195846857559104
2026-03-06,6661,18.85,18.85,18.85,18.85,1000.0,18850.0,18.68,18.810000000000002,19.1125,19.270833333333332,19.310416666666665,19.33020833333334,58.064516129032235,41.935483870967744,-0.1880926911741554,-0.13062224891194865,-0.05747044226220674,11.659761330441853,16.46329688673049,22.94529755767666,,19.884288763028355,19.1125,18.340711236971647,8800.0,12913.15,0.11363636363636363,18.85
2026-03-06,6662,29.9,29.95,29.3,29.95,9000.0,267950.0,29.75,29.759999999999998,30.047500000000003,30.282499999999995,30.34125,30.370624999999997,57.1428571428571,40.00000000000003,-0.15450011992669843,-0.15559854424300545,0.0010984243163070229,10.066309259430643,8.928588024016989,51.20584335947734,,30.730739189065293,30.047500000000003,29.364260810934713,16000.0,14870.0,0.5625,29.772222222222222
2026-03-06,6664,274.0,281.0,273.5,279.5,437000.0,121363000.0,283.0,283.75,285.975,287.65833333333336,288.07916666666665,288.2895833333333,53.84615384615384,45.5,-2.209777659898805,-1.1715642709071208,-1.038213388991684,11.43628279807514,22.18227381325701,31.89451952190861,,301.08677651613743,285.975,270.8632234838626,774400.0,587914.3,0.5643078512396694,277.71853546910756
2026-03-06,6666,42.5,42.7,42.4,42.4,12163.0,517429.0,43.50000000000001,43.835,44.2025,45.24916666666666,48.35916666666666,,36.36363636363632,33.057851239669404,-0.4759559988294839,-0.35259847229274544,-0.12335752653673848,15.065243620860821,33.073767963920446,26.362601890631655,,45.78479513515652,44.2025,42.62020486484348,15256.6,16027.7,0.7972287403484394,42.54123160404505
2026-03-06,6667,259.0,269.0,257.5,268.0,960000.0,254283500.0,258.6,248.35,244.825,242.275,241.6375,241.31875,74.6268656716418,66.46341463414635,4.65403565632019,1.8637063391328978,2.790329317187292,28.446002512492857,18.558271790889602,46.708766471584205,,263.91005891225404,244.825,225.7399410877459,726400.0,333475.3,1.3215859030837005,264.87864583333334
2026-03-06,6668,35.35,36.0,35.15,35.5,90366.0,3207841.0,36.29,36.685,37.3775,37.83666666666667,41.03333333333333,43.05,33.33333333333333,39.58333333333331,-0.5914093440534245,-0.41014367190237283,-0.18126567215105166,18.463437717881266,28.73077381166605,12.311109323815254,,39.659114156226885,37.3775,35.09588584377311,196516.6,279746.6,0.4598390161441832,35.49831795144191
2026-03-06,6669,4180.0,4220.0,4100.0,4215.0,1394079.0,5799650765.0,4084.0,3894.0,3789.75,4151.25,3766.0416666666665,3030.3541666666665,98.96907216494846,85.16483516483517,6.104679979023331,-76.62087133654701,82.72555131557034,25.740451741994537,17.53855396705076,22.51731453615914,,4190.597457532821,3789.75,3388.902542467179,2275853.8,1787359.35,0.6125520892422879,4160.202373753567
2026-03-06,6670,266.0,269.5,265.5,269.0,91332.0,24499220.0,269.2,269.7,270.9,257.28333333333336,258.625,289.34791666666666,56.86274509803922,50.46728971962617,2.3710209930204655,3.4086932967126544,-1.0376723036921889,26.36014349495548,21.737358929427444,15.747469125284375,,278.72438832314657,270.9,263.0756116768534,212171.8,301941.3,0.43046248370424345,268.24355100074456
2026-03-06,6671,37.7,37.7,37.05,37.05,16009.0,599738.0,36.95,36.85,37.1175,,,,73.68421052631567,40.740740740740705,0.13985254342868814,0.18150495780245313,-0.04165241437376499,29.83732537361868,10.999419419332154,22.168783499882235,,37.844624835444314,37.1175,36.390375164555685,26275.2,19534.1,0.6092817561807331,37.46255231432319
2026-03-06,6672,95.1,99.8,94.6,99.5,844791.0,82738560.0,99.58,98.49000000000001,96.92,92.05166666666668,94.88000000000001,84.23708333333335,63.38797814207651,59.133709981167605,1.7075068568350389,1.7137872165745487,-0.0062803597395098,31.81314927434915,27.769865616186674,16.973366746958074,,106.63306228474625,96.92,87.20693771525376,1199391.0,2207534.35,0.7043499576034837,97.93967975511103
2026-03-06,6674,19.15,19.45,19.0,19.3,9000.0,173550.0,19.7,19.825,20.085,20.3375,21.62875,22.555208333333333,23.076923076923265,34.00000000000006,-0.2109702827416271,-0.13833125266719346,-0.07263903007443365,10.399144450379584,32.272015712594154,17.376036063921454,,20.970616050822454,20.085,19.199383949177548,30651.4,35754.95,0.29362443477296307,19.283333333333335
2026-03-06,6679,228.0,231.0,221.5,222.5,581000.0,131135000.0,216.4,203.05,195.725,190.24166666666667,188.87083333333334,188.18541666666667,78.89908256880734,74.64788732394366,7.730349881685953,3.979771262606101,3.7505786190798522,32.19045284749383,8.340236130314693,59.21910087061197,,221.96573771427686,195.725,169.48426228572313,647200.0,370133.2,0.8977132262051916,225.70567986230637
2026-03-06,6680,,,,,,,,,,,,,62.068965517241466,36.92307692307687,-0.43577277959484206,-0.4472703958746212,0.011497616279779133,8.008323347657276,6.717587179204434,56.07899073819573,,,,,,,,
2026-03-06,6683,825.0,825.0,825.0,825.0,362000.0,298650000.0,821.8,783.5,742.85,711.6166666666667,703.8083333333333,699.9041666666667,56.317689530685925,63.465553235908146,31.874488270156576,22.623072767498375,9.251415502658201,36.051442033166836,19.659586924448906,65.64215640022138,,860.0835051802262,742.85,625.6164948197738,368200.0,700839.8,0.9831613253666486,825.0
2026-03-06,6684,45.1,46.3,44.65,45.45,94000.0,4274500.0,46.56,46.74999999999999,47.252500000000005,47.417500000000004,47.45875,47.479375,47.85276073619635,42.90657439446368,-0.39611246651202947,-0.1502616593273273,-0.24585080718470217,5.1666774268773725,19.7782830877445,46.90607928832855,,49.51162768446957,47.252500000000005,44.993372315530436,175400.0,141301.05,0.5359179019384265,45.473404255319146
2026-03-06,6689,70.1,72.0,70.1,70.8,604163.0,42963817.0,68.2,63.94,62.765,63.31666666666667,69.1975,80.99208333333333,86.87499999999996,71.65991902834006,1.657309759748685,0.21280436254628737,1.4445053972023976,46.17880662496117,16.99581517916422,16.845889572539512,,71.40646064651447,62.765,54.123539353485526,1370141.0,575295.25,0.44094950811631795,71.11295627173462
2026-03-06,6690,164.5,170.0,164.5,167.0,47000.0,7876500.0,164.2,162.95,162.35,161.78333333333333,161.64166666666668,161.57083333333333,59.25925925925926,59.01639344262295,0.8218368327834469,0.35886574159068346,0.4629710911927634,22.354762886405663,16.341617330507333,47.81442529751097,,166.775999738388,162.35,157.92400026161198,95000.0,42769.15,0.49473684210526314,167.58510638297872
2026-03-06,6691,639.0,651.0,634.0,635.0,486421.0,311955978.0,652.6,624.2,611.85,548.2166666666667,505.59583333333336,468.94375,63.63636363636363,61.413043478260875,22.461871925959258,19.23634286318571,3.22552906277355,37.773527981250645,19.802643013607454,25.819024267585114,,667.8134279075,611.85,555.8865720925,1312916.6,864565.75,0.37048887949166,641.3291736993262
2026-03-06,6692,30.85,30.85,30.0,30.35,35000.0,1056100.0,30.55,30.72,30.8325,30.84416666666667,30.847083333333334,30.84854166666667,36.23188405797102,47.42268041237113,-0.09521325299294503,-0.01576711175344784,-0.0794461412394972,10.194750019430034,4.845997901289591,42.97437535392324,,31.78078099322156,30.8325,29.88421900677844,45600.0,93258.1,0.7675438596491229,30.174285714285713
2026-03-06,6693,83.1,85.4,83.1,84.5,296000.0,24945100.0,86.4,86.14000000000001,85.595,84.79833333333333,84.59916666666668,84.49958333333333,45.13888888888886,50.2008032128514,0.31364985558789726,0.4909919041129467,-0.17734204852504942,10.400862097917233,17.849780117584885,25.663562558989653,,89.48153546165967,85.595,81.70846453834032,356000.0,301294.25,0.8314606741573034,84.27398648648649
2026-03-06,6695,40.3,40.5,39.8,40.3,157465.0,6321980.0,41.760000000000005,42.144999999999996,42.792500000000004,44.14999999999999,47.577083333333334,47.99729166666667,34.74576271186436,38.38862559241704,-0.8689872533236382,-0.7162268882150494,-0.1527603651085888,18.948470465099536,28.596557195177148,11.47409231240874,,45.50742463789827,42.792500000000004,40.07757536210174,311686.4,370375.15,0.5052033069136157,40.148477439430984
2026-03-06,6697,45.3,45.3,43.5,44.0,26000.0,1148800.0,44.48,44.230000000000004,44.17999999999999,44.16,44.155,44.1525,43.99999999999999,49.11242603550297,0.019854246495945915,0.046558973135500226,-0.02670472663955431,32.226201118248696,17.90451505257511,46.9715474615645,,45.419014888827746,44.17999999999999,42.94098511117224,32000.0,31457.75,0.8125,44.184615384615384
2026-03-06,6698,31.85,32.25,31.5,32.0,98728.0,3145570.0,33.45,33.2,34.0575,31.521666666666665,33.645,32.295208333333335,43.1034482758621,36.66666666666668,0.30134420514805527,0.5690916326150844,-0.2677474274670292,26.1990628564514,25.083293965726355,19.52471758936569,,36.81436225148924,34.0575,31.300637748510752,408841.2,297298.8,0.24148251203645815,31.860971558220566
2026-03-06,6703,106.0,108.5,106.0,106.5,35000.0,3751500.0,106.0,105.6,105.5,105.5,105.5,105.5,52.17391304347826,52.94117647058823,0.15848437875344246,0.04731355403924254,0.11117082471419992,28.977346831740153,11.338014497277149,56.75365224724973,,107.39181060585383,105.5,103.60818939414617,55600.0,37939.4,0.6294964028776978,107.18571428571428
2026-03-06,6706,129.5,130.5,118.0,120.0,10402185.0,1272392784.0,128.5,120.3,118.025,106.655,87.83583333333333,83.18,64.47368421052632,51.30890052356021,3.5898494201369573,2.9932453881259615,0.5966040320109958,28.50058117918587,21.880866920295034,19.297645401651447,,134.74710953702927,118.025,101.30289046297074,10752837.8,6508564.25,0.9673897433847648,122.3197610886559
2026-03-06,6708,41.95,41.95,41.95,41.95,6000.0,251700.0,42.0,41.88,42.275,42.65833333333333,42.75416666666668,42.802083333333336,57.57575757575757,44.07894736842106,-0.2706294507008309,-0.23333896410066687,-0.03729048660016401,6.216202644639512,11.863910044467069,32.91978566246398,,43.615267059012396,42.275,40.9347329409876,14600.0,11447.1,0.410958904109589,41.95
2026-03-06,6712,144.0,147.0,143.0,145.5,280000.0,40647000.0,149.2,151.0,152.775,153.925,154.2125,154.35625,24.242424242424235,30.434782608695656,-1.737866623297407,-0.746414714007533,-0.9914519092898739,16.7495227416706,31.307890112840838,53.288987720396534,,159.56101503093115,152.775,145.98898496906887,468200.0,308917.85,0.598035027765912,145.16785714285714
2026-03-06,6715,212.5,212.5,212.5,212.5,941920.0,200157971.0,186.9,166.35,146.25,111.42833333333333,106.02833333333334,116.54333333333334,100.0,90.54726368159204,22.41725221337279,16.29448282750749,6.1227693858653005,55.818984900480054,6.37533680334827,54.73608133680796,,204.00310426835603,146.25,88.49689573164397,1308181.0,696221.55,0.7200226879919522,212.49996921182267
2026-03-06,6716,92.0,92.0,81.0,83.2,408000.0,34080600.0,88.8,77.53999999999999,67.975,61.458333333333336,59.82916666666667,59.01458333333334,62.50000000000001,70.03205128205127,7.948490024889651,5.019106866299044,2.929383158590607,40.37337236105111,14.723703668242608,85.10977693148314,,95.14424538401565,67.975,40.80575461598434,1325800.0,903613.65,0.30773872378941014,83.53088235294118
2026-03-06,6719,174.5,176.0,172.5,173.5,284829.0,49507808.0,181.9,183.85,193.725,195.84166666666667,195.55833333333334,198.57291666666666,28.57142857142857,24.786324786324784,-5.18694045224575,-3.047696925754343,-2.139243526491407,13.718093213348496,30.163366411886734,18.51344339183808,,216.8663846649366,193.725,170.5836153350634,419070.4,640548.95,0.6796686189241712,173.81589655547714
2026-03-06,6720,165.5,179.0,165.5,176.0,166000.0,28925000.0,174.4,167.2,167.575,167.85833333333332,167.92916666666667,167.96458333333334,62.0253164556962,54.81927710843374,1.4228724303352465,0.15651088273798164,1.2663615475972647,17.289414305454955,6.8293688767186636,37.29257335274482,,180.411112708826,167.575,154.73888729117397,286400.0,253552.15,0.5796089385474861,174.24698795180723
2026-03-06,6721,61.9,62.1,61.9,62.0,16000.0,992000.0,,,,,,,50.0,33.33333333333333,-0.24903937680282695,-0.21387023339333747,-0.035169143409489484,15.652256341429673,30.476115965226676,86.64606326641251,,,,,,,,62.0
2026-03-06,6725,223.0,233.5,221.5,228.0,181000.0,41064000.0,238.3,239.95,240.8,240.93333333333334,240.96666666666667,240.98333333333332,40.151515151515156,42.35294117647059,-1.7830506305006395,-0.030546607142900643,-1.752504023357739,7.381980964351296,19.68995175099707,,,256.17393556435184,240.8,225.42606443564816,284200.0,203860.9,0.6368754398311048,226.87292817679557
2026-03-06,6727,208.0,212.0,199.5,201.5,1138000.0,233360500.0,205.5,196.15,184.975,176.325,174.1625,173.08125,58.33333333333334,69.5364238410596,8.776128414931009,6.107570557218707,2.668557857712302,22.27110923541279,2.229624229176895,88.56670808023432,,214.4341152902495,184.975,155.51588470975048,2006200.0,1122409.7,0.5672415511913069,205.06195079086115
2026-03-06,6728,133.0,133.5,132.0,133.0,30000.0,3987500.0,134.0,134.8,,,,,44.444444444444436,28.57142857142857,-1.8506054652685577,-1.3558938239301332,-0.4947116413384245,5.551994858330447,20.01306755648957,74.1049671160089,,,,,40600.0,,0.7389162561576355,132.91666666666666
2026-03-06,6730,36.0,36.8,36.0,36.8,14000.0,504850.0,36.72,36.875,37.3675,37.78916666666667,37.89458333333334,37.947291666666665,37.49999999999978,30.64516129032259,-0.3308003072885768,-0.2704933738957202,-0.06030693339285659,12.417301974180962,14.580057677541669,,,38.51653849965274,37.3675,36.21846150034726,39000.0,19766.75,0.358974358974359,36.06071428571428
2026-03-06,6732,167.0,170.0,166.5,168.0,146000.0,24563500.0,170.5,171.55,173.55,174.85,175.175,175.3375,42.592592592592595,38.46153846153846,-1.5241682629022932,-0.8899137793924067,-0.6342544835098866,6.811067468658018,10.580239198725032,62.90719431384926,,180.00551579740355,173.55,167.09448420259648,232400.0,223975.55,0.6282271944922547,168.2431506849315
2026-03-06,6733,36.0,36.4,35.45,36.0,165000.0,5929300.0,36.339999999999996,36.485,36.355000000000004,36.05166666666666,35.97583333333333,35.937916666666666,37.09677419354841,50.78125000000002,0.059911393190851925,0.16262769803811045,-0.10271630484725852,14.553100352305098,13.492738999165196,29.635112932805207,,37.580990469611805,36.355000000000004,35.1290095303882,256800.0,187430.35,0.6425233644859814,35.93515151515152
2026-03-06,6735,57.7,59.8,57.6,57.6,44000.0,2550100.0,58.760000000000005,58.239999999999995,60.15500000000001,61.51833333333333,61.85916666666667,62.029583333333335,42.10526315789475,39.82300884955752,-0.9860063324353021,-0.8482781710232206,-0.13772816141208155,19.967194734268165,19.38110694223432,29.65587940322329,,64.9866827187572,60.15500000000001,55.32331728124283,65000.0,63380.1,0.676923076923077,57.95681818181818
2026-03-06,6739,973.0,984.0,960.0,984.0,621000.0,609430000.0,968.0,909.5,894.95,884.9833333333333,882.4916666666667,881.2458333333333,66.83673469387756,61.65919282511211,20.59636690438458,8.751607713578125,11.844759190806457,26.588214602252,17.98266174477746,64.42030488046268,,996.8528949539709,894.95,793.0471050460292,626800.0,327372.75,0.9907466496490108,981.3687600644122
2026-03-06,6741,59.1,61.4,59.1,60.7,675000.0,40830500.0,61.67999999999999,63.339999999999996,64.19500000000001,64.73166666666665,64.86583333333333,64.93291666666667,23.07692307692311,33.83458646616543,-0.9399854130558722,-0.38417396827087746,-0.5558114447849948,6.337754974447213,23.938216852849838,56.538401827348856,,67.7905967223082,64.19500000000001,60.59940327769181,679800.0,391208.05,0.9929390997352162,60.48962962962963
2026-03-06,6742,40.65,41.9,40.65,41.15,117407.0,4850798.0,42.92,43.345000000000006,44.22,44.832499999999996,49.66375,53.76375,14.159292035398181,38.80126182965298,-0.8591908222476903,-0.6312061800482377,-0.22798464219945258,17.62414721656849,22.887473102874374,13.47461605627633,,47.967054983934304,44.22,40.472945016065694,299534.6,479648.85,0.3919647346249816,41.316088478540465
2026-03-06,6743,24.95,25.3,24.85,24.9,166890.0,4174348.0,26.02,26.325,27.014999999999997,28.045,29.81833333333333,32.10333333333333,15.094339622641556,23.364485981308434,-0.6157271475569992,-0.458839676324143,-0.15688747123285618,20.38936138198542,33.67574738975215,13.485887060690809,,28.983996538447784,27.014999999999997,25.04600346155221,156815.4,177888.85,1.0642449657367836,25.012571154652765
2026-03-06,6751,57.5,57.5,55.1,56.5,28000.0,1581800.0,55.6,55.74000000000001,56.589999999999996,57.19666666666667,57.34833333333333,57.424166666666665,55.555555555555536,45.76271186440678,-0.4952022403457974,-0.421485936660276,-0.0737163036855214,6.397482840015607,8.364505878932132,34.06886624526367,,58.71840439370855,56.589999999999996,54.46159560629144,66200.0,164043.45,0.4229607250755287,56.49285714285714
2026-03-06,6752,115.5,118.5,115.5,118.5,54000.0,6313500.0,117.8,116.4,116.325,116.44166666666666,116.47083333333333,116.48541666666667,56.36363636363637,52.857142857142854,0.3360882695603067,0.02278067314542906,0.3133075964148776,23.327716528274355,26.294166797973933,14.618693177391185,,121.23765819351559,116.325,111.41234180648442,83400.0,50612.85,0.6474820143884892,116.91666666666667
2026-03-06,6753,139.0,139.5,136.5,139.0,646462.0,89345481.0,147.4,144.9,145.575,132.28333333333333,136.75,119.71333333333334,39.99999999999999,44.24778761061947,2.2636641376498403,3.1640601691871315,-0.9003960315372912,30.494032640737682,21.33138208025128,31.874641751208777,,159.97629745616945,145.575,131.17370254383053,1879370.6,2646287.3,0.343977925375655,138.20685670619463
2026-03-06,6754,42.6,43.15,42.0,43.15,29402.0,1253574.0,43.89,43.11,43.835,45.901666666666664,47.39125,54.48354166666666,69.15887850467288,42.28571428571427,-0.7819315639780484,-0.8884640862006395,0.10653252222259113,25.7292845949855,36.59642492593781,31.198049133749173,,46.289233721120645,43.835,41.380766278879356,20897.2,30681.8,1.406982753670348,42.63567104278621
2026-03-06,6756,73.9,76.2,73.6,75.3,145520.0,10923330.0,78.48,78.63,79.9,80.17333333333333,84.48916666666668,94.4125,29.54545454545449,42.85714285714285,-1.0909436812955704,-0.7020863609647278,-0.38885732033084264,18.049318025134895,36.482705799645025,18.614948421414166,,85.870453566472,79.9,73.92954643352802,200790.0,188974.75,0.7247372877135315,75.06411489829577
2026-03-06,6757,54.8,54.8,51.7,51.7,5473264.0,286632328.0,59.620000000000005,62.34000000000001,64.76500000000001,66.58166666666666,72.95250000000001,80.59083333333334,0.0,11.21951219512195,-2.47753849133489,-1.2187186250375233,-1.2588198662973669,11.917062884389265,51.543763108938734,22.602652854618093,,73.48213980132087,64.76500000000001,56.04786019867915,3658763.0,1789897.35,1.4959329150316651,52.369541830980566
2026-03-06,6761,154.0,163.5,153.0,163.5,2681000.0,431039000.0,157.0,150.45,147.775,145.925,145.4625,145.23125,65.42056074766356,62.25165562913907,3.1955160072327544,1.4803189998062385,1.715197007426516,23.760856229589635,9.585072183487128,59.52128482204535,,160.89579506576854,147.775,134.65420493423147,1691800.0,876379.4,1.5847026835323323,160.77545691906005
2026-03-06,6762,170.0,170.0,170.0,170.0,1000.0,170000.0,166.4,,,,,,67.34693877551021,50.0,0.49147029120186403,0.11173125177179914,0.3797390394300649,9.514353081166501,12.754729461728708,48.459899927146175,,,,,5600.0,,0.17857142857142858,170.0
2026-03-06,6763,49.95,50.3,49.3,49.8,428000.0,21248150.0,51.15,51.545,52.1125,52.4375,52.51875,52.559375,29.807692307692278,31.33333333333333,-0.5030782841000558,-0.21935695552859444,-0.2837213285714614,5.123330827496045,26.621660443266254,46.66266902757569,,54.07742265818311,52.1125,50.147577341816884,470400.0,322610.95,0.9098639455782312,49.64521028037383
2026-03-06,6767,30.0,30.0,29.45,29.45,14000.0,415650.0,29.609999999999996,29.315000000000005,29.067500000000003,28.889166666666664,28.844583333333336,28.822291666666665,62.50000000000001,67.56756756756758,0.19712403164564307,0.13258626230770282,0.06453776933794025,20.879590758272773,19.670982934759532,37.49693116874319,,29.788810941054003,29.067500000000003,28.346189058946003,12400.0,17550.0,1.1290322580645162,29.689285714285713
2026-03-06,6768,94.0,94.5,91.8,93.0,540271.0,50214051.0,98.0,99.44,101.52,109.79833333333335,109.15833333333333,111.92375,20.0,24.550898203592794,-3.330369857007284,-2.977939886899191,-0.35242997010809285,13.555585422806685,39.69522325882336,28.455736233331468,,108.2015062909292,101.52,94.83849370907079,476711.0,446976.35,1.1333302566964052,92.94234004786487
2026-03-06,6770,63.9,66.3,63.3,64.3,144135138.0,9331162927.0,70.78,67.55999999999999,65.245,45.475833333333334,33.764583333333334,24.710416666666667,52.30769230769231,44.49152542372881,6.112708839945242,6.8994657839332465,-0.7867569439880047,29.886679378602498,21.794192883023882,41.77100036199007,,75.2069222410559,65.245,55.2830777589441,252183962.6,297603307.1,0.5715475976900999,64.73898770610676
2026-03-06,6771,42.95,43.35,42.45,43.35,18002.0,770786.0,43.77,43.865,44.23,45.86833333333333,49.05083333333334,52.66375000000001,48.00000000000003,37.39837398373987,-0.513532204929632,-0.5066924462913784,-0.00683975863825359,20.535663111892383,30.659891948144786,15.78095242011556,,45.296425411309954,44.23,43.16357458869004,22069.6,24238.6,0.8156921738500018,42.81668703477391
2026-03-06,6776,53.6,53.8,53.1,53.7,296312.0,15833611.0,56.620000000000005,57.69,58.665,53.32333333333334,53.8325,55.186249999999994,8.064516129032256,14.728682170542683,0.60554932420321,1.4729503155557548,-0.8674009913525449,29.00051835748907,28.432878410869154,44.065982098481015,,62.615895967671996,58.665,54.714104032328,324014.2,1392887.0,0.9145031298011013,53.43560503793299
2026-03-06,6781,1040.0,1065.0,1030.0,1035.0,887684.0,927584255.0,1130.0,1137.5,1153.25,1268.0833333333333,1249.6666666666667,1124.8708333333334,30.0,39.99999999999999,-42.69367242502517,-36.93964613286149,-5.75402629216368,16.072726734491578,31.211861809745418,17.630154580471483,,1262.8557528263525,1153.25,1043.6442471736475,1333402.0,1263948.75,0.665728714971179,1044.94871485799
2026-03-06,6782,190.0,190.0,185.0,186.5,328811.0,61294945.0,187.7,180.85,176.775,176.56666666666666,187.4,180.1375,73.68421052631578,67.36842105263158,3.4439224316852233,1.3114241267158737,2.1324983049693493,29.75423272905322,15.442101888153015,19.02947901044683,,191.65867173148314,176.775,161.89132826851687,431646.4,257495.2,0.7617600888134362,186.41391255158737
2026-03-06,6785,177.0,183.5,177.0,183.5,124000.0,22728000.0,210.2,236.45,245.775,251.25833333333333,252.62916666666666,253.31458333333333,19.117647058823522,28.955223880597003,-13.69006659876618,-4.111540037002761,-9.578526561763418,11.343699574917576,45.82867701120404,75.4590129377222,,304.2300884732977,245.775,187.3199115267023,456400.0,198701.05,0.27169149868536374,183.29032258064515
2026-03-06,6788,320.0,342.0,318.0,342.0,1546000.0,513155500.0,326.1,313.95,317.675,321.55833333333334,322.52916666666664,323.01458333333335,71.875,57.74058577405858,0.6973707191588119,-2.1274648117541077,2.8248355309129196,20.743607805988468,15.792496632766909,52.582156592638256,,342.45248341156804,317.675,292.897516588432,1450800.0,1166033.25,1.0656189688447752,331.92464424320826
2026-03-06,6789,350.5,356.5,337.5,346.0,5373291.0,1861930608.0,344.1,316.5,301.075,272.025,269.2291666666667,255.01041666666666,68.14814814814815,66.57608695652173,19.068928588047243,12.312868358434716,6.756060229612526,37.2308118828218,11.710470313797215,28.88640731728547,,358.7102185825004,301.075,243.43978141749963,8288922.4,3944515.7,0.6482496446100159,346.51587044141104
2026-03-06,6790,39.55,39.95,39.5,39.8,132162.0,5255402.0,39.809999999999995,38.845,38.4925,38.35916666666667,38.579166666666666,40.23770833333333,84.7826086956521,67.07317073170735,0.37115970294765077,0.12802487154798944,0.24313483139966133,34.25048281813355,14.632754724132829,25.567628365059992,,40.19953652105342,38.4925,36.78546347894658,255413.4,205058.15,0.5174434857372401,39.76484920022397
2026-03-06,6791,101.5,101.5,101.0,101.0,29000.0,2937500.0,102.6,102.45,104.25,105.41666666666667,105.70833333333333,105.85416666666667,50.0,37.5,-1.1029045096125003,-0.7920633318673354,-0.31084117774516495,10.155815918523023,12.48626201087889,36.66067533203123,,108.62095677831468,104.25,99.87904322168532,42000.0,46219.85,0.6904761904761905,101.29310344827586
2026-03-06,6792,62.0,62.9,61.2,62.3,58469.0,3618897.0,61.419999999999995,59.260000000000005,58.11500000000001,53.434999999999995,56.098333333333336,56.21875,79.48717948717952,69.56521739130434,2.2788024909418283,1.772678911085813,0.5061235798560153,38.72784462094612,10.94982936013328,37.06403103933826,,63.20793628469868,58.11500000000001,53.022063715301336,172045.0,142473.55,0.3398471330175245,61.89428586088354
2026-03-06,6794,85.9,85.9,83.0,83.9,61214.0,5116339.0,86.7,86.9,87.71000000000001,81.18166666666666,79.25333333333333,72.56291666666667,38.68613138686135,38.02083333333335,0.5519302117565275,1.3061704194702153,-0.7542402077136878,14.250304084220716,20.941838885124994,19.990495740340222,,90.97506226264426,87.71000000000001,84.44493773735576,162117.8,78227.65,0.37758962926958056,83.58119057731892
2026-03-06,6796,80.6,81.5,80.0,80.8,55468.0,4486453.0,82.32,84.42999999999999,86.33500000000001,91.44833333333334,84.99083333333333,,14.999999999999886,20.799999999999983,-2.9439151813161715,-2.4084426009904365,-0.535472580325735,16.026419731547126,35.828504591591766,27.604360216774616,,91.74737373743523,86.33500000000001,80.92262626256479,78696.4,100830.85,0.7048352910679523,80.88362659551453
2026-03-06,6799,76.2,77.0,75.6,76.7,107037.0,8158281.0,79.94000000000001,81.07000000000001,83.765,82.08166666666668,84.16833333333332,92.75500000000001,21.64948453608244,29.62962962962962,-1.320708274822337,-0.43617518356279117,-0.8845330912595459,20.521887830842036,37.07390722409002,13.984823713375885,,91.35260068865804,83.765,76.17739931134196,250142.4,230236.1,0.42790426573024004,76.21926062950195
2026-03-06,6803,296.5,298.0,295.5,296.0,28000.0,8297000.0,297.2,298.6,298.9,298.96666666666664,298.98333333333335,298.9916666666667,21.42857142857143,35.0,-0.5416579205551102,-0.09878573352603603,-0.44287218702907416,7.541622290613545,15.357572404835675,45.9616254809575,,301.5675437154214,298.9,296.2324562845786,58800.0,50754.2,0.47619047619047616,296.32142857142856
2026-03-06,6804,16.75,16.75,16.45,16.6,27000.0,448250.0,16.69,16.740000000000002,16.9025,17.034166666666668,17.067083333333336,17.08354166666667,30.000000000000213,30.76923076923083,-0.11858709590689998,-0.08386327962384643,-0.034723816283053544,7.605985841519057,16.529575915530824,56.721697242208535,,17.29112104393543,16.9025,16.51387895606457,58000.0,57209.15,0.46551724137931033,16.60185185185185
2026-03-06,6805,1710.0,1885.0,1705.0,1845.0,4012968.0,7280864010.0,1699.0,1619.5,1541.0,1519.9166666666667,1319.4583333333333,998.1145833333334,80.61224489795919,78.0,59.64990530521277,27.138950763046957,32.51095454216581,40.24898099376582,14.92092303436983,19.34921516569489,,1791.3597411725798,1541.0,1290.6402588274202,2988593.4,2358697.6,1.3427614475759735,1814.3339318928035
2026-03-06,6806,41.45,42.35,40.0,42.2,1414752.0,58746258.0,42.910000000000004,43.855,46.894999999999996,,,,34.00000000000006,27.61506276150631,-0.5218411661004225,0.18446460406042497,-0.7063057701608475,24.33602873077425,33.09628765773703,15.82077689179536,,54.830191438005166,46.894999999999996,38.95980856199483,2781958.4,2330571.55,0.508545347047605,41.524067822487616
2026-03-06,6807,45.2,45.4,45.2,45.4,7161.0,324720.0,45.97,45.85,45.717499999999994,,,,47.54098360655741,49.38271604938267,-0.01925143041366084,-0.06599519646962229,0.04674376605596145,33.34265477375775,11.454881455004392,47.065258049192614,,46.35515606966964,45.717499999999994,45.07984393033035,7290.4,10720.2,0.9822506309667508,45.345622119815665
2026-03-06,6811,198.0,200.0,197.0,198.0,34000.0,6740500.0,199.6,204.15,203.925,203.975,203.9875,203.99375,29.629629629629633,42.10526315789474,-1.1248881979765883,-0.07303599710617271,-1.0518522008704156,12.810639437337553,20.22514696972055,43.6667910267154,,211.59088478087716,203.925,196.25911521912286,145000.0,113662.9,0.23448275862068965,198.25
2026-03-06,6821,36.5,36.8,36.35,36.35,39000.0,1424550.0,36.88,37.21,37.37,37.489999999999995,37.519999999999996,37.535,24.528301886792406,38.679245283018886,-0.18963097088690262,-0.07769595763758659,-0.11193501324931603,3.578854082170501,9.3450567767862,36.05403892186586,,38.235356634725335,37.37,36.50464336527466,47800.0,44750.05,0.8158995815899581,36.526923076923076
2026-03-06,6823,61.0,61.5,60.2,60.5,40000.0,2429400.0,61.44,60.86,61.485,62.028333333333336,62.16416666666667,62.23208333333333,57.83132530120481,42.74193548387098,-0.3756491135356228,-0.3272465837512065,-0.04840252978441628,8.238228658419008,9.847079383918107,23.866264873049765,,63.68669790938959,61.485,59.283302090610405,118400.0,157391.2,0.33783783783783783,60.735
2026-03-06,6829,108.5,111.0,107.0,108.0,225000.0,24561000.0,110.2,108.45,108.025,107.675,107.5875,107.54375,54.83870967741936,51.11111111111111,0.43241220804361546,0.3288561900556332,0.10355601798798225,22.754700980862058,16.711467121916094,24.235184988831445,,111.84289415640005,108.025,104.20710584359996,281200.0,183351.45,0.8001422475106685,109.16
2026-03-06,6830,381.0,397.5,381.0,397.5,2656535.0,1040606522.0,318.7,269.1,228.05,184.95,174.9375,154.32541666666665,100.0,89.46428571428571,42.651524738432556,23.972803130184282,18.678721608248274,65.9168046922551,7.987303730945558,41.29093180105717,,355.61005809442264,228.05,100.48994190557738,4286034.8,3500145.75,0.6198118130072112,391.71572066620615
2026-03-06,6834,28.7,29.2,28.5,28.85,114409.0,3305090.0,30.47,30.375,31.165,29.209999999999997,29.148750000000003,30.340833333333332,35.86956521739134,38.21989528795812,0.048358485247725014,0.3234065366189042,-0.27504805137117916,25.28484993359394,28.70287785838586,21.94223536180233,,34.5114985629129,31.165,27.8185014370871,289979.4,505944.45,0.39454181917750014,28.88837416636803
2026-03-06,6835,38.95,39.15,38.1,39.15,327586.0,12664883.0,40.12,39.915,39.3625,39.12416666666666,39.559999999999995,40.93479166666667,40.62500000000002,60.326086956521735,0.2688424269932881,0.2557978578369487,0.013044569156339392,13.286024157501863,25.040474386807155,13.626020932861483,,41.32742265818041,39.3625,37.397577341819584,201987.4,130055.5,1.6218140339446916,38.66124620710287
2026-03-06,6838,26.8,27.1,26.8,27.0,73098.0,1972166.0,27.72,27.51,28.292499999999997,27.605833333333333,29.18375,30.194791666666667,47.272727272727295,38.524590163934434,-0.14213862704631453,-0.026764186694742224,-0.1153744403515723,30.47112282042096,27.531325818253254,14.671956228875395,,30.744196512514147,28.292499999999997,25.840803487485847,212125.6,286616.45,0.34459772889269374,26.979753208022107
2026-03-06,6840,62.2,62.6,60.0,61.2,261000.0,16007300.0,63.2,62.239999999999995,64.42999999999999,65.87666666666665,66.23833333333333,66.41916666666665,52.32558139534888,35.32608695652176,-1.1427927396971924,-0.9338786501067267,-0.20891408959046576,8.338758940124928,15.540993529986816,58.78872558306832,,69.54431427723365,64.42999999999999,59.31568572276633,218200.0,299983.1,1.1961503208065996,61.33065134099617
2026-03-06,6841,61.8,61.8,60.9,61.3,249000.0,15243900.0,63.06,64.88999999999999,65.78,66.39333333333335,66.54666666666667,66.62333333333333,19.71830985915487,33.12499999999994,-1.105024078318948,-0.4728477128869017,-0.6321763654320462,10.110157554691824,17.25155693045494,43.98146357089409,,70.03829222007863,65.78,61.521707779921364,400200.0,642057.7,0.6221889055472264,61.22048192771084
2026-03-06,6843,47.0,47.0,47.0,47.0,1000.0,47000.0,47.83,48.30499999999999,,,,,28.301886792452848,23.170731707317003,-0.4506066123558554,-0.2269273354748496,-0.2236792768810058,10.913604783221224,35.26507797050108,52.018534359924764,,,,,10200.0,,0.09803921568627451,47.0
2026-03-06,6844,62.0,63.9,62.0,63.9,3000.0,189800.0,63.96,,,,,,49.05660377358489,32.91139240506328,-1.2658982623649706,-0.9435037246995563,-0.32239453766541426,7.265659402165454,27.224043184453766,74.61531121080577,,,,,14400.0,,0.20833333333333334,63.266666666666666
2026-03-06,6846,72.6,72.6,72.6,72.6,1000.0,72600.0,72.12,72.76,73.6,74.2,74.35,74.425,43.333333333333236,30.61224489795903,-0.6308212714317989,-0.4360292789659314,-0.19479199246586748,7.976561016374577,33.358255998898656,54.81273744300573,,75.68856536003972,73.6,71.51143463996027,14200.0,10650.0,0.07042253521126761,72.6
2026-03-06,6854,136.0,138.5,133.0,135.0,399570.0,53944426.0,138.9,130.25,125.6,130.80833333333334,143.99166666666667,157.27916666666667,66.05504587155963,58.13953488372093,2.307272288290733,0.10566864630401142,2.2016036419867215,37.33501626053983,24.185605050117513,16.802287916854592,,144.71901781225193,125.6,106.48098218774805,1118764.8,738097.65,0.3571528171068664,135.00619666141102
2026-03-06,6855,107.5,107.5,107.0,107.0,20000.0,2141500.0,113.9,116.35,116.975,117.325,117.4125,117.45625,0.0,26.666666666666657,-1.3154622638839868,-0.1526411720439076,-1.1628210918400792,3.445610989382575,35.47049031327215,66.02075539146084,,124.46868154900477,116.975,109.48131845099522,11600.0,9758.95,1.7241379310344827,107.075
2026-03-06,6856,53.1,53.1,53.1,53.1,1000.0,53100.0,,,,,,,0.0,0.0,-0.2968932046457766,0.03894721735173804,-0.3358404219975147,3.200213649219633e-12,3.9935308324818246,53.48986148369627,,,,,,,,53.1
2026-03-06,6859,116.5,118.5,115.0,118.5,76000.0,8868000.0,116.4,112.45,112.225,112.075,112.0375,112.01875,76.47058823529412,62.745098039215684,1.0600770183453818,0.22576445343786838,0.8343125649075134,28.03746721607267,11.535646480689064,40.50129927953584,,118.37637981953728,112.225,106.07362018046271,142600.0,100567.55,0.5329593267882188,116.6842105263158
2026-03-06,6861,145.0,154.0,144.5,150.5,555616.0,81902830.0,127.35999999999999,101.76,83.71,66.83666666666666,63.2125,58.363958333333336,97.3718791064389,91.9463087248322,18.9679948361715,10.263756131114077,8.704238705057422,74.79729426907255,3.227869005354641,51.6725849733244,,141.33623306135945,83.71,26.083766938640522,1159313.0,1105753.6,0.47926314981372586,147.40905589471865
2026-03-06,6862,192.5,197.5,188.5,195.0,620435.0,119351887.0,206.9,191.0,190.875,173.38333333333333,165.54583333333332,153.99166666666667,63.58695652173913,48.134328358208954,7.93211141015783,6.383796919888876,1.5483144902689538,33.86310873229597,21.507256062146535,24.56554935961287,,220.10165510148408,190.875,161.64834489851592,1699543.0,920898.9,0.3650599013970226,192.36807562436033
2026-03-06,6863,97.4,98.0,95.0,95.9,179715.0,17272398.0,105.42,107.80999999999999,109.255,113.72666666666667,129.28,160.47541666666666,21.959459459459467,36.281179138321995,-2.973495397299999,-1.8955952789162192,-1.0779001183837797,17.180418828825907,38.10773789581068,20.052053585143547,,121.21589681552162,109.255,97.29410318447837,295369.2,165526.45,0.6084419093121421,96.10994073950421
2026-03-06,6865,36.25,36.25,35.0,35.0,10000.0,353100.0,37.529999999999994,40.184999999999995,,,,,4.166666666666629,12.698412698412696,-1.7682093392450042,-0.8142241531159584,-0.9539851861290458,6.484764041063492,51.964363331079596,64.83044696974184,,,,,28600.0,,0.34965034965034963,35.31
2026-03-06,6869,108.5,110.0,105.5,107.5,1035479.0,111287059.0,107.7,106.0,109.55,100.95166666666667,112.65083333333334,135.50875,73.6842105263158,49.056603773584904,1.3592640645775163,1.652899970186232,-0.29363590560871566,29.968865561825236,21.000997885531184,21.399779194993634,,120.24136395218338,109.55,98.85863604781662,1649793.4,1576951.55,0.6276416186414614,107.47398933247318
2026-03-06,6870,183.0,192.0,183.0,189.0,92000.0,17164000.0,186.8,190.4,193.2,195.4,195.95,196.225,33.33333333333333,42.71844660194175,-2.4228966541193415,-1.4476413807386317,-0.9752552733807098,13.840725673355958,15.158080774052115,25.27332718814366,,202.88123524089116,193.2,183.51876475910882,80000.0,68423.2,1.15,186.56521739130434
2026-03-06,6872,19.65,19.65,19.05,19.1,11000.0,212550.0,19.259999999999998,19.395000000000003,19.627499999999998,19.809166666666666,19.85458333333333,19.877291666666665,28.57142857142857,34.000000000000014,-0.18102874028161509,-0.11644982753543198,-0.0645789127461831,16.120929129296773,27.52884896617501,,,20.24690123888869,19.627499999999998,19.008098761111306,32800.0,24104.5,0.3353658536585366,19.322727272727274
2026-03-06,6873,100.5,101.5,99.1,100.5,598058.0,59909188.0,105.1,108.6,113.475,106.905,124.39416666666666,170.16375000000002,20.0,23.4375,-1.2820349005575622,0.7438484898733251,-2.025883390430887,20.88829529933027,31.820572159289913,22.86068758133368,,126.42215981860483,113.475,100.52784018139516,609963.0,823726.35,0.980482422704328,100.17287286517362
2026-03-06,6874,71.5,71.9,69.6,71.0,64000.0,4554500.0,69.2,67.92999999999999,65.09,63.03,62.515,62.2575,100.0,77.10843373493975,2.042878646980938,1.4140123960640332,0.628866250916905,40.41897965656019,9.230620418562147,57.38772399504856,,71.87788394280963,65.09,58.30211605719038,35400.0,41154.65,1.807909604519774,71.1640625
2026-03-06,6875,40.0,40.5,38.8,39.8,75000.0,2980600.0,39.94,40.989999999999995,41.9125,42.6375,42.81875,42.909375,25.0,24.603174603174622,-0.8225477170774553,-0.4991339194151289,-0.3234137976623264,3.0024746511018527,13.515106526796883,60.73218661180737,,44.499690103487744,41.9125,39.32530989651226,154000.0,182961.2,0.487012987012987,39.74133333333333
2026-03-06,6877,117.0,124.5,108.0,112.5,2714000.0,312564500.0,100.7,91.32000000000001,88.195,86.13166666666666,85.61583333333333,85.35791666666665,95.58823529411765,86.24338624338627,4.879341690320416,1.4812365618925631,3.398105128427853,51.48133577434967,4.1259778835675744,39.83030904105469,,108.08030004537879,88.195,68.3096999546212,1953000.0,590796.9,1.389656938044035,115.1674649963154
2026-03-06,6881,225.0,226.0,225.0,225.0,10000.0,2253500.0,226.7,,,,,,42.30769230769231,37.93103448275862,-0.21673294745744442,-0.03545505698646543,-0.181277890470979,11.66223575980059,8.190688039585678,37.728557348698956,,,,,10800.0,,0.9259259259259259,225.35
2026-03-06,6884,35.4,36.45,34.75,35.05,32000.0,1120050.0,35.589999999999996,35.980000000000004,35.4525,35.1175,35.033750000000005,34.99187500000001,39.58333333333332,50.5208333333333,0.17189129107728718,0.21451181192109178,-0.042620520843804605,16.98004255788568,10.406015271875146,,,36.986835103726136,35.4525,33.918164896273865,32800.0,38800.0,0.975609756097561,35.0015625
2026-03-06,6885,26.25,26.25,25.75,25.85,294150.0,7619473.0,27.110000000000003,27.905,27.560000000000002,28.66916666666667,30.44375,29.639791666666667,25.000000000000014,44.559585492228,-0.47453966218512633,-0.33379609207637606,-0.14074357010875027,26.70523251848509,29.121629077969214,17.85404614521601,,29.525384654998728,27.560000000000002,25.594615345001277,422947.2,534282.65,0.6954768822207594,25.903358830528642
2026-03-06,6890,182.0,183.5,177.5,178.0,734368.0,131880344.0,191.9,199.25,213.8,241.94166666666666,235.69166666666666,288.5854166666667,26.66666666666667,22.02380952380952,-15.71834865887709,-13.05856462204414,-2.659784036832951,14.049192095356208,42.11105769913824,29.688482124334083,,250.3029198543657,213.8,177.2970801456343,670283.4,819068.25,1.095608215868094,179.58345679550308
2026-03-06,6894,307.5,315.0,279.5,289.5,461000.0,136082500.0,279.3,257.45,243.85,233.95,231.475,230.2375,82.92682926829268,79.51219512195122,13.821003643169973,7.047440100974422,6.773563542195552,32.701220227833815,7.161589437645979,66.54112436537503,,290.35421599450046,243.85,197.34578400549952,529800.0,183720.95,0.8701396753491883,295.18980477223425
2026-03-06,6895,162.5,167.0,162.5,165.5,83000.0,13724500.0,171.5,171.3,176.475,180.15833333333333,181.07916666666668,181.53958333333333,45.45454545454545,33.98058252427184,-3.513400038335135,-2.359484337764616,-1.153915700570519,5.702461155121486,22.08776811547409,47.59381588818956,,190.26086232340936,176.475,162.68913767659063,139800.0,115408.95,0.5937052932761088,165.35542168674698
2026-03-06,6899,51.0,51.1,50.8,50.8,28000.0,1425700.0,,,,,,,20.000000000000284,25.000000000000227,-0.2513716932828416,-0.1466279652094442,-0.10474372807339738,12.063900855578735,31.57910576266787,34.534556821057805,,,,,,,,50.917857142857144
2026-03-06,6901,15.85,16.15,15.7,16.0,325314.0,5177385.0,16.79,16.53,16.917499999999997,16.878333333333334,18.159166666666668,21.258333333333333,49.206349206349195,40.19607843137256,-0.1379639182971779,-0.09007625679026986,-0.047887661506908055,26.96253247990584,29.415311336066956,15.137475361827487,,18.620214550976005,16.917499999999997,15.214785449023989,512216.0,752704.4,0.6351109688100333,15.915039008465667
2026-03-06,6902,78.1,80.5,76.6,79.2,129048.0,10210899.0,76.66,77.6,78.49000000000001,77.305,77.72916666666667,,51.85185185185183,48.62385321100919,-0.28694642389712044,-0.06448856851079944,-0.222457855386321,22.27728525615698,26.25693485731032,22.06044873499771,,81.38965515191335,78.49000000000001,75.59034484808667,71798.4,48075.3,1.7973659580157777,79.12481402268924
2026-03-06,6903,272.5,286.5,269.0,286.5,1348000.0,378766000.0,281.4,272.15,261.025,255.00833333333333,253.50416666666666,252.75208333333333,56.441717791411044,62.454873646209386,8.049073748152239,5.142962246369608,2.9061115017826307,22.49619325254201,15.225798943747954,65.31542760645274,,295.6104776337973,261.025,226.43952236620265,1313600.0,1081276.3,1.0261875761266748,280.98367952522256
2026-03-06,6904,120.5,124.5,118.5,124.0,7000.0,850000.0,,,,,,,46.15384615384615,43.90243902439024,-0.5037524962088895,-0.2768379227235619,-0.22691457348532762,6.702794006166942,12.360896669181196,48.70840733297655,,,,,,,,121.42857142857143
2026-03-06,6906,71.7,73.0,69.8,70.0,39490.0,2789410.0,74.76,73.55,76.115,83.68666666666668,98.73416666666667,117.94833333333332,43.78109452736318,36.38968481375359,-2.763543328865694,-2.7477801877437487,-0.015763141121945434,17.01032616512893,27.92670651909966,28.97594704725096,,83.20963103153028,76.115,69.02036896846971,92322.8,72287.05,0.42773832682717594,70.63585717903267
2026-03-06,6907,100.0,102.5,83.9,94.0,1250000.0,119980900.0,84.74,68.73,57.317499999999995,49.60583333333333,47.67791666666667,46.71395833333334,97.57412398921835,92.81277728482699,10.957657487777666,5.735384981045781,5.222272506731885,53.020163492901396,13.244518632227406,,,92.95705925948758,57.317499999999995,21.67794074051242,925000.0,1130743.35,1.3513513513513513,95.98472
2026-03-06,6910,31.4,31.55,31.1,31.25,88000.0,2769100.0,32.65,33.480000000000004,34.01,34.20333333333333,34.251666666666665,34.27583333333333,19.540229885057443,28.671328671328695,-0.5546348899369349,-0.1826075012588873,-0.3720273886780476,4.887266600959942,24.042762786686044,,,36.34138765996833,34.01,31.678612340031663,150600.0,119618.4,0.5843293492695883,31.467045454545456
2026-03-06,6913,117.0,118.0,115.0,117.0,178000.0,20772500.0,117.3,117.2,116.875,116.29166666666667,116.14583333333333,116.07291666666667,51.35135135135135,51.85185185185185,0.1014015999725757,0.33607531214081754,-0.23467371216824184,15.32863839574499,21.508689844598745,26.56889536695785,,120.62894529304339,116.875,113.12105470695661,221600.0,152127.65,0.8032490974729242,116.6994382022472
2026-03-06,6914,140.5,144.5,140.5,143.0,71348.0,10220379.0,142.3,142.3,141.975,145.63333333333333,145.55833333333334,140.63958333333332,75.0,57.57575757575758,-0.628744926209464,-0.9091160041368834,0.28037107792741944,24.849046248188642,18.67377515024142,15.86255943907,,144.86736745135894,141.975,139.08263254864104,54636.4,66891.7,1.3058693471751432,143.24688849021697
2026-03-06,6916,17.85,18.2,17.85,18.15,26142.0,472280.0,18.46,18.279999999999998,18.305,18.085,18.447916666666668,20.47416666666667,55.31914893617023,50.649350649350616,0.0015754728286161424,0.0003673984505750538,0.0012080743780410886,37.2200557617173,27.5382391817577,19.62676470546438,,19.206402416121723,18.305,17.403597583878277,58241.6,101431.3,0.44885442707617923,18.065947517404943
2026-03-06,6919,140.0,142.5,137.5,139.5,3971455.0,555327650.0,153.6,157.55,161.55,154.375,167.75416666666666,472.49375,16.393442622950815,32.66666666666667,-2.655923159664951,0.023552356777577797,-2.679475516442529,18.35639510049973,35.28444717829403,17.527150295773154,,178.43007233719936,161.55,144.66992766280066,4342685.4,7239611.65,0.9145159352321491,139.82977271554128
2026-03-06,6922,158.5,159.0,156.0,159.0,32000.0,5045000.0,162.8,161.1,158.775,156.925,156.4625,156.23125,40.0,53.33333333333333,1.444994268065301,1.4631636523304046,-0.018169384265103616,17.003180961991156,19.519003831231604,21.711192941701835,,168.59696785942512,158.775,148.9530321405749,62400.0,64423.0,0.5128205128205128,157.65625
2026-03-06,6923,88.8,90.9,88.6,90.5,152286.0,13733885.0,91.36,92.11999999999999,94.185,98.21166666666666,101.23166666666665,90.29583333333333,37.61467889908255,37.967914438502646,-2.213672611919492,-1.898655678449756,-0.3150169334697359,20.915962294021316,37.76548186894749,19.970558193381517,,99.65078833337608,94.185,88.71921166662392,248438.8,278113.25,0.6129718868389318,90.18481672642265
2026-03-06,6924,59.2,60.0,58.6,60.0,13030.0,776200.0,62.5,61.0,,,,,36.8421052631579,42.38683127572016,-0.4361342116323925,-0.3756572589422867,-0.060476952690105834,25.667814352959105,33.22582245991981,19.07412586185166,,,,,14206.2,,0.917205163942504,59.570222563315426
2026-03-06,6925,71.3,75.0,71.3,72.2,108000.0,7892100.0,74.94,78.17,80.79499999999999,82.66499999999999,83.1325,83.36625,8.18181818181823,24.09090909090915,-2.456685935713722,-1.3049316470863173,-1.1517542886274046,8.375044212752663,27.33578351737968,,,88.77061414893119,80.79499999999999,72.81938585106879,89200.0,93048.6,1.210762331838565,73.075
2026-03-06,6928,50.1,51.0,50.0,50.5,49103.0,2480710.0,51.9,51.089999999999996,51.855000000000004,51.410833333333336,57.669583333333335,55.978125,49.206349206349195,50.0,-0.21462315041495827,-0.19162394340951172,-0.022999207005446554,29.22201281827501,22.434793068676058,17.859475836457854,,56.180919433759385,51.855000000000004,47.52908056624062,142876.8,161870.5,0.34367371049743556,50.520538459971895
2026-03-06,6929,32.3,32.3,30.1,31.8,4000.0,124400.0,,,,,,,42.222222222222165,32.18390804597696,-0.40874122156949966,-0.2849141728640094,-0.12382704870549027,7.975254058060653,21.36637917049465,33.88622359185861,,,,,,,,31.1
2026-03-06,6933,133.5,133.5,131.0,132.0,59485.0,7842238.0,137.2,135.25,136.925,153.71666666666667,171.65416666666667,170.09791666666666,46.80851063829787,45.09803921568627,-4.02226054729195,-4.780969309304891,0.7587087620129411,21.948969947565075,31.325637357012702,19.25541561128841,,146.90010057988516,136.925,126.94989942011486,104400.4,101110.45,0.5697775104309946,131.83555518197866
2026-03-06,6937,247.0,254.0,242.0,247.5,478418.0,119077409.0,240.6,231.65,223.975,221.56666666666666,231.83333333333334,232.37083333333334,93.65079365079364,69.56521739130434,6.0002668533515475,2.524021337374001,3.4762455159775465,35.418983101113824,13.77478941185404,23.459579726543534,,249.84608729633712,223.975,198.10391270366287,715723.0,518748.75,0.6684401647005894,248.89826260717615
2026-03-06,6949,570.0,595.0,545.0,564.0,464179.0,264274374.0,646.0,662.0,611.95,451.84166666666664,421.74583333333334,,19.02173913043478,44.11764705882353,53.699686380266826,66.69407076943172,-12.994384389164892,31.325029436484552,24.8367317672062,47.469614296313246,,765.428234356059,611.95,458.47176564394107,410330.6,293614.95,1.1312317433796066,569.3372039665733
2026-03-06,6951,75.4,78.2,75.4,77.3,343421.0,26446646.0,75.46000000000001,76.49,76.815,74.29833333333333,74.68,72.97,49.25373134328352,46.99999999999997,0.39659771765359153,0.7370157980463681,-0.34041808039277655,42.39872054278861,27.002030907809683,29.990905813978205,,79.48985366053195,76.815,74.14014633946805,199582.2,130965.95,1.720699541341863,77.00940245354826
2026-03-06,6952,41.6,41.65,41.6,41.65,3410.0,141959.0,42.75,43.17,43.41,,,,19.642857142856897,29.56521739130426,-0.2702641464078468,-0.056379775489141956,-0.21388437091870482,34.88110168490387,23.683712737547932,38.74011304528431,,45.01839900783987,43.41,41.801600992160125,19931.8,35045.7,0.17108339437481815,41.63020527859238
2026-03-06,6953,224.0,226.0,220.5,225.5,76000.0,16954500.0,226.9,225.15,225.45,225.48333333333332,225.49166666666667,225.49583333333334,55.208333333333336,50.0,-0.16860112053717558,0.008993519236639859,-0.17759463977381543,9.314075672651398,17.1546226632606,26.572478205123186,,234.3287149378369,225.45,216.57128506216307,80800.0,51894.75,0.9405940594059405,223.08552631578948
2026-03-06,6955,169.0,172.0,169.0,172.0,7687.0,1310123.0,170.4,171.45,,,,,53.33333333333333,33.9622641509434,3.1998270107339977,3.4592665928140254,-0.2594395820800277,20.17240363707085,19.9903566017622,29.387454011227277,,,,,7825.0,,0.9823642172523962,170.4335891765318
2026-03-06,6957,171.5,173.0,170.5,173.0,24888.0,4280593.0,176.9,178.5,182.25,198.16666666666666,185.87083333333334,183.48125,47.22222222222223,38.888888888888886,-5.349252707461233,-4.867380164287154,-0.48187254317407824,13.274796911810476,32.968431393661305,19.76509701903193,,193.05691786237895,182.25,171.44308213762105,79867.4,98592.4,0.31161650435597005,171.9942542590807
2026-03-06,6958,17.35,17.9,17.1,17.2,60279.0,1053209.0,17.79,16.759999999999998,15.9625,16.029999999999998,17.394166666666667,19.878958333333333,65.85365853658537,67.56756756756758,0.49045946592416456,0.2125724795813172,0.27788698634284736,40.569248260170724,21.3466826430984,29.53415607111762,,18.40873771276796,15.9625,13.516262287232044,132951.2,82979.65,0.45339192124629185,17.472237429287148
2026-03-06,6961,54.1,54.2,54.0,54.0,35000.0,1892200.0,55.48,56.71999999999999,57.010000000000005,57.07000000000001,57.08500000000001,57.0925,30.26315789473682,37.984496124031004,-0.5727368782603435,-0.09795865090560664,-0.47477822735473685,10.826544407916627,32.18700140570284,,,60.073468965937664,57.010000000000005,53.946531034062346,38600.0,42400.3,0.9067357512953368,54.06285714285714
2026-03-06,6962,32.4,32.45,31.7,31.95,2366652.0,75805517.0,34.5,35.67,37.644999999999996,39.6025,41.91125,47.452083333333334,13.913043478260832,10.958904109589,-1.6348402014029304,-1.0634147647365186,-0.5714254366664118,15.069434946555315,45.93766063190821,20.12330536387684,,42.610661030888004,37.644999999999996,32.67933896911199,2790633.8,3009135.25,0.848069710902233,32.030698640949325
2026-03-06,6967,65.7,72.1,65.7,69.2,81000.0,5623500.0,68.0,67.55,68.6,69.13333333333334,69.26666666666667,69.33333333333334,65.51724137931036,49.46236559139785,-0.4472040946050555,-0.4066766429578863,-0.0405274516471692,26.151366897374217,18.627088240497752,52.041340425063275,,71.43808682779533,68.6,65.76191317220466,55400.0,48900.1,1.4620938628158844,69.42592592592592
2026-03-06,6968,48.0,48.0,46.3,47.75,47000.0,2195050.0,48.17999999999999,48.660000000000004,48.735,48.77833333333333,48.78916666666667,48.794583333333335,31.76470588235297,41.176470588235325,-0.21515566461633995,-0.02881592919387921,-0.18633973542246074,11.038716124945475,22.55307901219419,49.66355451507665,,50.01689826347967,48.735,47.45310173652033,84600.0,34509.3,0.5555555555555556,46.7031914893617
2026-03-06,6969,31.1,31.1,30.9,30.9,10000.0,310250.0,31.25,31.294999999999998,31.804999999999996,,,,36.23188405797099,48.38709677419352,-0.14290981925171664,-0.12987117194081188,-0.01303864731090476,25.31162674023477,22.93876007370809,9.120718103496916,,34.079318868536895,31.804999999999996,29.530681131463098,52798.4,42729.85,0.1893996787781448,31.025
2026-03-06,6971,30.05,30.4,30.0,30.0,19000.0,571300.0,30.0,29.939999999999998,29.9,29.866666666666667,29.858333333333334,29.85416666666667,57.14285714285722,56.52173913043473,0.038764596988116296,0.024151128082982712,0.014613468905133584,23.65619534533899,8.790525012741915,,,30.077704663327733,29.9,29.722295336672264,39400.0,41951.75,0.48223350253807107,30.068421052631578
2026-03-06,6982,58.4,58.4,55.0,56.8,66000.0,3693500.0,57.720000000000006,58.970000000000006,58.585,58.32833333333334,58.264166666666675,58.232083333333335,32.43243243243241,44.531249999999964,-0.2123081024694713,0.14026488626668607,-0.3525729887361574,17.997297601983238,20.87669418546756,31.308751462644008,,61.335138752480454,58.585,55.83486124751955,92200.0,99402.85,0.7158351409978309,55.96212121212121
2026-03-06,6988,14.0,14.65,14.0,14.65,21033.0,303458.0,16.2,17.64,18.544999999999998,15.654166666666667,,,17.14285714285714,26.633165829145725,-0.03614112259058899,0.6878253667057713,-0.7239664892963603,23.02640196489613,32.93637588542174,36.095496970755974,,22.029537272006138,18.544999999999998,15.060462727993858,72939.4,104820.1,0.28836266818756395,14.427708838491894
2026-03-06,6996,169.0,169.0,165.5,168.0,139000.0,23327500.0,165.3,164.95,164.7,164.23333333333332,164.11666666666667,164.05833333333334,57.69230769230769,54.8780487804878,0.30432890335072216,0.2544007974043378,0.04992810594638436,22.727689892315656,11.358221948133238,60.47783075938685,,169.24683232707412,164.7,160.15316767292586,80800.0,77132.15,1.7202970297029703,167.82374100719426
2026-03-06,6997,,,,,,,,,,,,,0.0,40.54054054054057,0.1383223043672217,0.34480075537853383,-0.20647845101131213,2.119628918926549,16.16507993707437,73.96686221914726,,,,,,,,
2026-03-06,7402,131.0,135.0,129.0,129.5,513000.0,67281500.0,133.4,126.75,125.05,124.01666666666667,123.75833333333334,123.62916666666666,62.295081967213115,57.69230769230769,2.107393649650433,1.0645526029157075,1.0428410467347256,22.38120981009631,12.595473928165738,69.9202985667405,,136.3072783473393,125.05,113.7927216526607,1363800.0,680013.1,0.37615486141663,131.15302144249512
2026-03-06,7547,51.2,51.5,50.5,51.5,25000.0,1273700.0,52.98,54.46,54.410000000000004,54.13666666666666,54.068333333333335,54.03416666666667,24.35897435897435,39.6694214876033,-0.3512441765515675,0.10792066613258348,-0.459164842684151,7.548853524043435,26.712658636595542,,,57.39409820637042,54.410000000000004,51.425901793629585,47200.0,29505.9,0.5296610169491526,50.948
2026-03-06,7556,171.0,175.5,171.0,173.0,40000.0,6938500.0,173.9,170.9,167.1,164.7,164.1,163.8,58.49056603773585,60.0,2.609786064318058,1.8445034942422516,0.7652825700758066,22.31419152148372,9.45425628491859,58.66151212687788,,177.70585736875304,167.1,156.49414263124694,87200.0,59499.35,0.45871559633027525,173.4625
2026-03-06,7584,38.0,38.6,35.9,37.5,50000.0,1857000.0,37.93,38.1,37.9775,37.92583333333334,37.91291666666666,37.90645833333334,34.999999999999915,46.42857142857143,0.01006643163184151,0.04995147384785229,-0.03988504221601078,7.566939428353668,17.098714260107975,59.04498342743782,,38.859766817262276,37.9775,37.09523318273772,22800.0,18453.15,2.192982456140351,37.14
2026-03-06,7642,75.0,77.2,75.0,75.5,20000.0,1512000.0,77.44,78.25,79.24,79.88000000000001,80.04,80.12000000000002,19.696969696969674,27.184466019417457,-0.8796252559800877,-0.4226696364543084,-0.4569556195257793,8.14543694303311,19.714206450352997,,,82.45404811151886,79.24,76.02595188848113,31600.0,20264.05,0.6329113924050633,75.6
2026-03-06,7703,206.5,206.5,201.0,205.0,52000.0,10611500.0,206.9,202.9,206.075,208.69166666666666,209.34583333333333,209.67291666666668,54.44444444444445,46.03174603174603,-1.3149412453643379,-1.413170385258745,0.09822913989440707,14.018937184292493,23.717408210023176,63.7882361096823,,217.801151609925,206.075,194.34884839007498,93600.0,60037.0,0.5555555555555556,204.06730769230768
2026-03-06,7704,44.1,44.5,43.85,44.1,73000.0,3233100.0,44.940000000000005,45.31,45.089999999999996,44.93,44.89,44.870000000000005,11.29032258064521,44.68085106382978,-0.014810882861375774,0.12884376970840544,-0.14365465256978122,3.962483662472966,14.066934865608435,57.531148921211084,,46.49921777481059,45.089999999999996,43.680782225189404,62000.0,41000.0,1.1774193548387097,44.28904109589041
2026-03-06,7705,37.35,37.4,37.2,37.25,70551.0,2632554.0,38.220000000000006,38.955,39.3675,40.04333333333334,41.45083333333333,50.09541666666667,5.454545454545396,19.780219780219753,-0.5285895264725298,-0.2926932059159355,-0.23589632055659426,16.492700771202625,42.97984292659801,19.77357350215984,,40.99627900668572,39.3675,37.73872099331428,75337.2,58286.7,0.9364696325321356,37.314198239571375
2026-03-06,7708,93.7,93.7,92.7,92.8,34000.0,3165600.0,92.44,92.86999999999999,93.455,93.885,93.99249999999999,94.04625,51.063829787233985,40.00000000000004,-0.39251813910740907,-0.320678477609466,-0.07183966149794307,23.78472552226166,19.772258713455944,42.225840212999714,,95.15264542823289,93.455,91.75735457176711,39000.0,24210.3,0.8717948717948718,93.10588235294118
2026-03-06,7709,55.0,56.1,54.0,54.2,171000.0,9340300.0,58.64,61.529999999999994,60.660000000000004,58.88666666666666,58.443333333333335,58.22166666666667,31.29770992366413,44.892473118279575,-0.26860663236271876,0.8057523000002269,-1.0743589323629457,13.086040853342167,18.791051894368152,,,70.22339512494331,60.660000000000004,51.0966048750567,255800.0,394550.6,0.6684910086004691,54.621637426900584
2026-03-06,7712,96.5,101.0,95.5,95.5,553000.0,54137800.0,96.24000000000001,91.16,87.47,84.15666666666667,83.32833333333333,82.91416666666667,65.78073089700996,64.77272727272727,3.5119297173917516,2.25171019147951,1.2602195259122415,35.14177534384138,16.211376210701697,60.686502831807125,,100.02876292935692,87.47,74.91123707064308,1047400.0,427588.75,0.5279740309337407,97.89837251356239
2026-03-06,7713,71.0,71.0,71.0,71.0,1000.0,71000.0,70.04,,,,,,50.0,57.142857142857245,,,,,,,,,,,12600.0,,0.07936507936507936,71.0
2026-03-06,7714,142.0,144.0,139.0,140.5,87000.0,12288000.0,143.8,141.6,144.625,146.875,147.4375,147.71875,50.79365079365079,41.573033707865164,-1.5803538928750527,-1.3276808627343493,-0.2526730301407034,21.377409427220044,22.423590628369592,,,153.49763682399578,144.625,135.75236317600422,117000.0,96317.2,0.7435897435897436,141.24137931034483
2026-03-06,7715,32.9,32.9,30.9,31.45,36000.0,1131500.0,31.339999999999996,30.910000000000004,31.127499999999998,31.209166666666665,31.229583333333334,31.23979166666667,67.10526315789474,51.35135135135135,-0.005239875217299073,-0.06447759124970143,0.059237716032402354,25.85047539095911,14.905730496757824,,,32.280744850068935,31.127499999999998,29.97425514993106,90400.0,91738.2,0.39823008849557523,31.430555555555557
2026-03-06,7716,25.35,25.55,25.35,25.55,3000.0,76250.0,25.669999999999998,25.660000000000004,,,,,50.90909090909092,44.15584415584416,,,,,,,,,,,13800.0,,0.21739130434782608,25.416666666666668
2026-03-06,7717,745.0,775.0,647.0,647.0,228000.0,156361000.0,742.4,675.2,642.4,616.1333333333333,609.5666666666667,606.2833333333333,51.62601626016261,53.13390313390314,31.866000489911926,20.80484654941206,11.061153940499867,30.861165144116796,20.23121981638036,,,790.8905100635974,642.4,493.90948993640257,730800.0,285601.4,0.31198686371100165,685.7938596491229
2026-03-06,7718,45.25,45.25,44.3,45.25,42000.0,1881250.0,44.87,44.72,44.685,44.56166666666666,44.530833333333334,44.51541666666667,91.99999999999989,57.731958762886634,0.09440115670437876,0.049289030035211526,0.04511212666916724,20.922020120862214,13.540866974342075,,,45.436909849019564,44.685,43.93309015098044,20800.0,11802.5,2.019230769230769,44.791666666666664
2026-03-06,7722,397.0,398.0,390.0,391.0,77750.0,30588389.0,407.6,418.8,445.275,520.225,566.2875,609.5729166666666,1.2820512820512704,6.707317073170728,-34.232789719176026,-31.90375748701796,-2.3290322321580668,13.790956024634351,41.711754180932,31.879648190223,,510.07223434645,445.275,380.47776565354997,170541.4,222705.75,0.45590103048292085,393.4197942122187
2026-03-06,7723,30.35,30.9,30.35,30.9,39000.0,1199450.0,31.57,32.155,32.207499999999996,32.16916666666666,32.15958333333334,32.15479166666667,25.37313432835819,37.623762376237636,-0.2135923105191253,0.002024561542805396,-0.2156168720619307,10.662583934083985,24.736846607475226,,,33.52270460685581,32.207499999999996,30.892295393144185,79400.0,93129.7,0.491183879093199,30.755128205128205
2026-03-06,7728,860.0,879.0,740.0,762.0,498000.0,397736000.0,824.4,803.3,815.15,815.7166666666667,815.8583333333333,815.9291666666667,46.2962962962963,44.66403162055336,-2.605290224818873,-0.5573527732351117,-2.047937451583761,23.527760608037667,13.546898901456858,,,882.506943923673,815.15,747.7930560763269,215000.0,653643.1,2.316279069767442,798.6666666666666
2026-03-06,7734,1720.0,1740.0,1640.0,1640.0,320000.0,538925000.0,1635.0,1562.5,1431.25,1343.75,1321.875,1310.9375,56.25,67.34693877551021,93.25441639354926,63.88184103787401,29.372575355675252,26.256448087520557,17.071107456528825,,,1746.8592687585644,1431.25,1115.6407312414356,537400.0,617744.8,0.595459620394492,1684.140625
2026-03-06,7738,173.0,174.0,170.0,171.0,21000.0,3618500.0,169.5,169.3,169.15,169.05,169.025,169.0125,66.66666666666666,53.03030303030303,0.3541943868806072,0.03390297800513189,0.32029140887547536,14.032370505911679,11.092625512246565,,,174.11408151254167,169.15,164.18591848745834,43600.0,49779.8,0.481651376146789,172.3095238095238
2026-03-06,7743,20.05,20.1,20.0,20.1,22000.0,440200.0,20.34,20.335,20.34,20.313333333333333,20.30666666666667,20.303333333333335,41.66666666666674,44.444444444444485,-0.012027176913555593,0.015337127772952742,-0.027364304686508335,7.812166945576315,14.48925946546145,,,20.625804497036548,20.34,20.054195502963452,36600.0,45592.35,0.6010928961748634,20.009090909090908
2026-03-06,7744,440.5,459.0,410.0,459.0,96000.0,41524000.0,458.6,416.05,361.375,321.7916666666667,311.8958333333333,306.9479166666667,65.63573883161511,69.67418546365914,40.917639509707726,27.7491407516195,13.168498758088226,41.863430741981965,16.18530311174084,,,497.63244788914517,361.375,225.11755211085483,351600.0,282930.25,0.27303754266211605,432.5416666666667
2026-03-06,7747,118.0,118.0,118.0,118.0,1000.0,118000.0,118.2,118.35,118.875,119.29166666666667,119.39583333333333,119.44791666666667,25.0,33.33333333333333,-0.36327313947310813,-0.262017251768731,-0.10125588770437716,2.9797432768618033,10.791925030312214,,,120.20778497495802,118.875,117.54221502504198,7200.0,21806.75,0.1388888888888889,118.0
2026-03-06,7751,1160.0,1215.0,1120.0,1215.0,196000.0,231555000.0,1125.0,1011.2,924.55,869.5166666666667,855.7583333333333,848.8791666666667,68.27880512091039,70.6992230854606,81.22589523801992,42.358930583747586,38.86696465427233,40.421833997733856,12.588748537525907,,,1207.206179464511,924.55,641.8938205354889,549000.0,494878.85,0.3570127504553734,1181.4030612244899
2026-03-06,7753,43.6,43.6,41.2,41.2,26000.0,1084250.0,42.25000000000001,42.685,42.872499999999995,43.02416666666667,43.06208333333334,43.08104166666667,10.606060606060495,32.72727272727268,-0.26344359542510176,-0.07843631515829327,-0.1850072802668085,11.673209773619023,19.495353471376262,,,44.17410831686276,42.872499999999995,41.57089168313723,26200.0,17880.9,0.9923664122137404,41.70192307692308
2026-03-06,7757,108.5,108.5,108.0,108.0,21000.0,2273500.0,107.6,108.55,108.925,108.975,108.9875,108.99375,44.444444444444436,44.444444444444436,-0.36329118209711453,-0.14128484328061977,-0.22200633881649476,6.178947337977717,17.308356087345853,,,111.08382521659105,108.925,106.76617478340894,43400.0,49576.8,0.4838709677419355,108.26190476190476
2026-03-06,7767,46.2,48.6,45.8,46.6,31000.0,1446350.0,46.540000000000006,46.405,47.04,47.513333333333335,47.63166666666667,47.69083333333333,57.14285714285717,38.613861386138645,-0.36253534153262734,-0.307830769711656,-0.054704571820971326,24.72973737306166,15.221550081468735,,,48.49623884680616,47.04,45.58376115319384,24400.0,20208.35,1.2704918032786885,46.656451612903226
2026-03-06,7770,47.25,49.1,47.25,48.75,41000.0,1988550.0,49.04,50.29,52.425,53.94166666666667,54.32083333333333,54.51041666666667,32.32323232323233,21.256038647343004,-1.5885571388312343,-1.0622120964832789,-0.5263450423479554,8.391757200108678,44.20445716919886,,,57.429261341991186,52.425,47.42073865800881,42800.0,25500.0,0.9579439252336449,48.50121951219512
2026-03-06,7777,29.1,30.4,28.35,28.85,1118000.0,32552500.0,31.509999999999998,33.235,34.6225,35.3075,35.47875,35.564375,17.93478260869564,27.922077922077918,-1.3257176043544803,-0.5388809315578059,-0.7868366727966744,7.868598721924029,14.805678664981933,,,39.523463922374965,34.6225,29.721536077625036,1907800.0,1403040.0,0.5860153055875877,29.116726296958856
2026-03-06,7782,28.05,28.05,27.2,27.2,7000.0,194450.0,,,,,,,52.459016393442596,56.52173913043475,0.230243920922927,0.20505669601172616,0.025187224911200845,19.059384058847815,3.1723795505348256,,,,,,,,,27.77857142857143
2026-03-06,7792,346.5,362.5,346.5,360.5,515000.0,184004500.0,350.1,336.45,338.975,344.325,345.6625,346.33125,65.21739130434783,53.982300884955755,1.487614794923843,-2.0819803258327183,3.5695951207565613,18.5287383084231,10.481963069905582,,,373.54221141867185,338.975,304.4077885813282,428400.0,615264.8,1.2021475256769374,357.2902912621359
2026-03-06,7805,601.0,601.0,578.0,586.0,63000.0,37102000.0,623.0,619.1,597.9,584.6333333333333,581.3166666666667,579.6583333333333,19.40298507462687,51.52671755725191,10.539626696598816,11.30735495006115,-0.7677282534623338,19.660924509606467,19.25554419512507,,,674.1154839911155,597.9,521.6845160088844,127800.0,123217.95,0.49295774647887325,588.9206349206349
2026-03-06,7810,194.5,197.0,188.5,189.0,117000.0,22492500.0,203.8,198.95,202.6,205.53333333333333,206.26666666666668,206.63333333333333,50.54945054945055,42.622950819672134,-2.3995286412292955,-1.501644030168504,-0.8978846110607916,14.920219499638254,23.36759490137746,,,223.27696404468662,202.6,181.92303595531337,236800.0,206775.25,0.49408783783783783,192.24358974358975
2026-03-06,8011,20.55,20.9,20.35,20.7,1068203.0,22132545.0,21.05,20.725,20.98,21.658333333333335,22.080416666666668,21.839375,56.66666666666663,50.68493150684933,-0.29712552223669775,-0.3539448504335816,0.056819328196883845,18.37641802550099,22.915955084801265,13.585109653000046,,22.321797694375604,20.98,19.638202305624397,1240233.4,1349366.6,0.8612919148927937,20.71941850004166
2026-03-06,8016,191.0,195.5,189.0,195.0,594790.0,115067948.0,195.2,193.3,193.175,184.95833333333334,196.80833333333334,201.16041666666666,61.36363636363636,49.397590361445786,2.1988617216005366,2.297898949063726,-0.09903722746318921,33.43913643042234,27.161709519718663,17.95043145101025,,198.7311724803619,193.175,187.61882751963813,676972.0,609184.05,0.8786035463800571,193.45978916928664
2026-03-06,8021,230.0,241.5,226.5,234.5,7322837.0,1717989443.0,243.9,224.05,220.325,171.88333333333333,134.98499999999999,85.2325,69.32515337423312,60.207612456747405,15.900330002690708,15.01843499173699,0.881895010953718,37.023458594943456,24.10605772835639,32.07191854346647,,259.1447928354767,220.325,181.50520716452328,12959201.8,8687302.55,0.5650685214269909,234.60708506825975
2026-03-06,8024,12.7,13.05,12.45,12.65,24000.0,305800.0,12.819999999999999,12.969999999999999,13.122499999999999,13.140833333333331,13.145416666666668,13.147708333333332,31.578947368421083,40.384615384615394,-0.1137485235632738,-0.037353264415379304,-0.0763952591478945,5.262278791490211,8.29977701553263,42.96843329812186,,13.735065785940794,13.122499999999999,12.509934214059204,37800.0,75049.5,0.6349206349206349,12.741666666666667
2026-03-06,8027,94.3,96.3,93.3,96.2,1849000.0,175932500.0,95.47999999999999,94.49,105.57000000000001,113.19,115.095,116.0475,60.23054755043229,33.38658146964856,-6.105530429568901,-5.220580822527233,-0.8849496070416683,10.252863812510835,14.568202024891352,58.98901292381373,,129.30938322260027,105.57000000000001,81.83061677739974,2596000.0,4445105.65,0.7122496147919877,95.1500811249324
2026-03-06,8028,176.0,179.5,173.0,176.0,2616924.0,461252989.0,180.9,174.45,173.025,166.51666666666668,166.87916666666666,149.48875,63.63636363636363,55.752212389380524,2.7081438426405384,1.8464201969415972,0.8617236456989412,29.14372534147794,20.099648155753396,19.276591124767894,,186.62637376962402,173.025,159.423626230376,8534409.4,4773667.1,0.30663211446125377,176.2576937656577
2026-03-06,8032,35.6,38.0,35.6,36.35,61000.0,2228500.0,36.839999999999996,36.77,36.795,36.79833333333333,36.799166666666665,36.79958333333333,35.294117647058854,46.280991735537235,-0.04022895420128236,0.02264595302987817,-0.06287490723116053,24.262026376288702,24.0368631636198,39.32114855862972,,37.85672649863076,36.795,35.73327350136924,75000.0,55203.9,0.8133333333333334,36.532786885245905
2026-03-06,8033,150.5,150.5,145.0,150.5,1230179.0,182384872.0,156.5,150.45,148.725,139.90833333333333,141.1875,102.87249999999999,54.71698113207547,54.716981132075475,3.0107100896432826,2.4178924354186004,0.5928176542246821,37.477020608724345,22.662883001226994,25.73392761528843,,166.64727370444,148.725,130.80272629555998,8471668.4,6288102.25,0.1452109480583541,148.25880786454655
2026-03-06,8034,27.85,28.6,27.05,27.15,1591000.0,44111950.0,27.130000000000003,25.37,24.5125,23.904166666666665,23.75208333333334,23.67604166666667,81.98198198198197,72.90322580645159,0.8877742694078883,0.46135800430264146,0.42641626510524683,30.882608212949194,1.650396406692832,71.02329548151219,,27.75382445314046,24.5125,21.27117554685954,2465800.0,930762.55,0.6452267012734204,27.725927089880578
2026-03-06,8038,41.0,42.95,41.0,41.75,495000.0,20695800.0,42.78,43.510000000000005,45.73,47.01,47.33,47.49,38.39285714285718,31.210191082802567,-1.4624291054375647,-0.9531366438503844,-0.5092924615871802,7.186063102492728,19.650718387529214,74.15219248045699,,50.91483618987038,45.73,40.545163810129615,580200.0,880110.9,0.8531540847983454,41.80969696969697
2026-03-06,8039,99.0,106.5,97.3,103.0,29848159.0,3093724904.0,98.88,91.3,90.3,83.26166666666667,71.17125000000001,58.30625,81.30311614730878,63.95563770794824,3.296350294687116,1.5476883517888644,1.7486619428982515,32.4183247708687,13.282089041917738,23.109946024569854,,104.11898008270927,90.3,76.48101991729072,27045791.8,16295126.5,1.1036156464089915,103.64876788548332
2026-03-06,8040,50.9,51.0,49.4,49.75,152000.0,7611150.0,49.35,47.8,47.1875,46.795833333333334,46.69791666666667,46.64895833333333,71.7741935483871,65.82914572864323,0.7676794666174516,0.33074136048934233,0.43693810612810924,21.21574394249632,7.029325778993734,50.87418189710004,,50.23844894642375,47.1875,44.13655105357625,327800.0,239186.3,0.4636973764490543,50.07335526315789
2026-03-06,8042,54.0,55.6,53.1,54.9,1043000.0,56806100.0,57.1,56.239999999999995,55.61500000000001,55.205000000000005,55.10249999999999,55.051249999999996,46.40522875816993,49.82332155477032,0.32875411659821197,0.38257578379991597,-0.053821667201704004,15.106458175502635,17.563133574053744,43.27443675215141,,59.80685927847374,55.61500000000001,51.42314072152628,2071800.0,2056546.55,0.5034269717154165,54.46414189837009
2026-03-06,8043,70.7,73.0,68.1,69.3,1665000.0,116986000.0,73.08,71.4,74.14,76.11333333333332,76.60666666666665,76.85333333333332,50.65502183406113,39.84375000000001,-1.5253217821995406,-1.196917655016784,-0.3284041271827567,18.639695078538338,21.751755044196123,61.57265004628232,,81.91374799531968,74.14,66.36625200468032,3132600.0,2927308.5,0.5315073740662708,70.26186186186186
2026-03-06,8044,26.0,26.45,25.7,26.35,581000.0,15145750.0,27.409999999999997,27.575,27.547499999999996,27.449166666666663,27.42458333333333,27.412291666666665,32.18390804597708,41.600000000000044,-0.0931061347787363,0.06719932035885794,-0.16030545513759425,9.895414987384633,25.357759939837308,48.280711318793685,,28.859178314221896,27.547499999999996,26.235821685778095,545200.0,491654.45,1.0656639765223772,26.0684165232358
2026-03-06,8045,81.1,81.4,79.3,79.5,139343.0,11136725.0,81.9,81.05,81.58500000000001,79.86333333333333,90.79916666666668,92.43166666666667,39.568345323740985,44.590163934426236,0.4161880612536919,0.34894153380305637,0.06724652745063553,29.18059962892725,23.019796718389493,17.313901067737323,,90.06091634542857,81.58500000000001,73.10908365457145,241543.6,604391.0,0.57688549810469,79.92310342105452
2026-03-06,8046,461.0,471.5,450.0,469.5,2398486.0,1107582514.0,505.9,460.8,424.175,317.05833333333334,269.2083333333333,194.77291666666667,61.076604554865426,60.4922279792746,51.23756544501106,46.71428506132822,4.523280383682838,42.86680517564144,25.002846508218358,40.439165539742184,,535.6031807878252,424.175,312.74681921217484,10809290.8,8027419.3,0.22189115311801952,461.78402292112605
2026-03-06,8047,46.7,46.7,45.35,46.2,33000.0,1517550.0,46.03,46.755,47.457499999999996,47.88583333333334,47.992916666666666,48.04645833333334,36.538461538461625,30.208333333333357,-0.5588709762606285,-0.34144424039713317,-0.21742673586349537,8.244507330475543,11.782137218738763,54.08115490732565,,49.39365870380395,47.457499999999996,45.52134129619604,63600.0,101628.0,0.5188679245283019,45.986363636363635
2026-03-06,8048,68.2,71.0,63.6,63.8,2517000.0,168725200.0,61.6,58.510000000000005,56.419999999999995,55.07333333333334,54.736666666666665,54.568333333333335,80.62015503875966,80.92105263157893,2.133066330637824,0.991477010208817,1.141589320429007,35.36261055382416,0.9905883066689547,60.861882885305896,,64.08223823284305,56.419999999999995,48.757761767156936,2438400.0,899016.0,1.032234251968504,67.03424711958681
2026-03-06,8049,25.75,25.8,25.4,25.55,154000.0,3934100.0,26.110000000000003,26.325,26.415,26.438333333333333,26.444166666666664,26.447083333333335,17.241379310344996,29.545454545454675,-0.12488046835479238,-0.021885650754171072,-0.10299481760062132,7.163400743656719,24.022381032524372,54.13698620544929,,27.055805414261904,26.415,25.774194585738094,149000.0,101883.6,1.0335570469798658,25.546103896103897
2026-03-06,8050,40.8,41.3,40.65,41.2,272000.0,11170350.0,41.45,41.625,41.8575,41.9525,41.97625,41.988125000000004,44.92753623188414,43.10344827586211,-0.1821218154702393,-0.07952829125181551,-0.1025935242184238,12.271621315689364,24.60105913947466,55.54304583143191,,42.782745344418665,41.8575,40.93225465558134,396200.0,240397.8,0.6865219586067642,41.06746323529412
2026-03-06,8054,110.0,111.5,105.5,106.5,3072000.0,331591000.0,114.2,118.6,122.925,124.975,125.4875,125.74375,8.823529411764696,27.058823529411754,-3.7017006388352627,-1.641280558706784,-2.0604200801284787,3.2135787496347765,17.210180808068976,37.045814398169796,,136.36208536691996,122.925,109.48791463308004,2954800.0,4464388.1,1.0396642750778395,107.93977864583333
2026-03-06,8059,17.5,18.1,17.5,17.55,374000.0,6627050.0,18.339999999999996,18.85,19.3825,19.694166666666668,19.772083333333335,19.811041666666668,15.789473684210549,20.512820512820525,-0.46280676605335813,-0.237062091837735,-0.22574467421562314,3.4172956316118537,22.99814429181101,56.63125914154309,,20.975337587121604,19.3825,17.789662412878396,413400.0,349208.55,0.9046927914852443,17.719385026737967
2026-03-06,8064,45.4,48.3,45.4,48.3,3173000.0,150035300.0,47.440000000000005,47.855000000000004,50.6175,52.20583333333333,52.60291666666667,52.801458333333336,60.077519379844944,41.42335766423357,-1.6478442647063076,-1.2182788637809316,-0.429565400925376,12.818522814087,19.326694557306784,32.08073502146887,,57.35641096933578,50.6175,43.878589030664216,2666600.0,3120393.95,1.1899047476186904,47.284998424204225
2026-03-06,8066,20.0,20.0,19.9,19.95,27000.0,538600.0,19.98,20.009999999999998,20.205000000000002,20.368333333333332,20.409166666666668,20.42958333333333,28.57142857142857,25.000000000000185,-0.12650759802394163,-0.10274551757045135,-0.023762080453490278,5.967154982709636,5.839623215168743,34.968205644646766,,20.6509171506717,20.205000000000002,19.759082849328305,58800.0,29479.95,0.45918367346938777,19.94814814814815
2026-03-06,8067,15.55,15.55,14.3,14.55,4000.0,59400.0,14.8,15.05,14.362500000000002,13.820833333333335,13.685416666666667,13.617708333333333,22.22222222222223,60.20408163265306,0.35232019426029204,0.35523787900997994,-0.002917684749687899,41.77670067851334,18.547385564693837,45.26898206783877,,16.00210040061114,14.362500000000002,12.722899599388866,4400.0,8616.75,0.9090909090909091,14.85
2026-03-06,8068,22.05,22.05,21.3,21.65,219000.0,4749100.0,22.85,22.910000000000004,23.2825,23.560833333333335,23.63041666666667,23.665208333333332,30.76923076923076,35.4609929078014,-0.31947953056124234,-0.14908979805753803,-0.17038973250370432,9.54545764224169,17.942556696593407,34.6519391970745,,24.846999247279093,23.2825,21.718000752720904,377000.0,375923.2,0.5809018567639257,21.68538812785388
2026-03-06,8069,160.0,168.0,158.5,166.0,13779000.0,2274394500.0,176.9,179.65,175.375,172.125,171.3125,170.90625,27.18446601941747,46.89655172413793,0.9155646758382261,2.4647245980137487,-1.5491599221755226,10.72957303806181,25.607441970146898,70.25880446114562,,194.81959064272522,175.375,155.93040935727478,12193800.0,7427128.45,1.1300004920533386,165.06237753102548
2026-03-06,8070,41.95,43.1,41.7,43.05,1846888.0,78296251.0,43.0,43.045,45.177499999999995,44.88916666666667,43.361666666666665,43.06229166666667,53.65853658536549,24.39024390243894,-0.6658750976641983,-0.3996285282141072,-0.26624656945009106,17.69021434803663,32.8809070674149,21.202938277776475,,50.153175040158615,45.177499999999995,40.201824959841375,2367313.2,3719239.5,0.7801620841720478,42.393610765785475
2026-03-06,8071,16.3,17.5,16.25,17.5,506000.0,8645800.0,17.02,17.169999999999998,17.31,17.369999999999997,17.384999999999998,17.3925,54.09836065573769,51.08695652173915,-0.10978751857707536,-0.056561813211448486,-0.053225705365626874,16.17620620444182,20.71896562676619,20.7442175941967,,18.012326959396216,17.31,16.607673040603782,340600.0,234727.05,1.485613623018203,17.086561264822134
2026-03-06,8072,28.85,28.9,28.15,28.65,249057.0,7116915.0,30.32,30.45,30.7125,30.74,33.43333333333333,36.095000000000006,36.559139784946254,37.95620437956204,-0.20599944354875177,-0.05255653475938674,-0.15344290878936503,23.47626085783461,31.512960388835282,19.589433170599044,,32.69608394406786,30.7125,28.72891605593214,225839.8,262455.6,1.1028038459120137,28.575446584516797
2026-03-06,8074,64.9,65.9,62.1,63.0,3058000.0,195967800.0,65.22,62.779999999999994,63.83,64.61,64.805,64.90249999999999,55.55555555555555,46.15384615384615,-0.20121954315864343,-0.3754243482774621,0.1742048051188187,12.035830830184475,13.04416830581627,51.667772156550136,,68.88094050647996,63.83,58.779059493520045,4500200.0,5188147.95,0.6795253544286921,64.0836494440811
2026-03-06,8076,22.45,22.65,22.2,22.5,472000.0,10614600.0,22.79,22.865,22.892500000000002,22.83083333333333,22.81541666666667,22.80770833333333,44.89795918367347,46.153846153846146,-0.04621590538045339,0.021919685937467383,-0.06813559131792077,8.707082263807731,16.487412926083188,47.14088485593725,,23.531804721017913,22.892500000000002,22.25319527898209,544000.0,516792.55,0.8676470588235294,22.488559322033897
2026-03-06,8077,,,,,,,,,,,,,50.0,83.33333333333339,0.41814272123521334,0.33691488092628663,0.08122784030892671,6.307462149090151,3.392253439535433,35.82599628816154,,,,,,,,
2026-03-06,8080,30.1,31.3,30.1,30.95,27000.0,833500.0,31.119999999999997,30.875,30.817500000000003,30.805833333333336,30.802916666666665,30.801458333333336,52.439024390243894,50.85714285714285,0.050504857875214526,0.03259283772163335,0.017912020153581176,23.778439157875475,13.633646699630276,32.46893181380746,,31.796368842351942,30.817500000000003,29.838631157648063,99600.0,106870.85,0.2710843373493976,30.87037037037037
2026-03-06,8081,240.5,244.0,239.5,243.5,238711.0,57917359.0,244.9,239.15,239.0,219.99166666666667,224.25833333333333,224.2975,58.62068965517242,50.413223140495866,6.380643451324261,6.318094295829546,0.06254915549471463,33.71944720186542,18.3935973171939,31.30132206292236,,253.93494665470627,239.0,224.06505334529373,684509.4,846257.3,0.34873297576337153,242.6254299131586
2026-03-06,8083,171.5,172.0,169.5,172.0,81000.0,13825500.0,175.1,175.2,171.85,168.95,168.225,167.8625,38.23529411764706,58.82352941176471,1.7443282420658761,1.9066860610635588,-0.16235781899768265,16.690523766637455,16.453734390160122,45.9941351812306,,180.38537530393057,171.85,163.31462469606942,117200.0,101731.2,0.6911262798634812,170.6851851851852
2026-03-06,8084,54.8,54.8,53.6,53.6,84000.0,4542000.0,54.1,53.629999999999995,53.544999999999995,53.515,53.5075,53.50375,57.14285714285714,50.94339622641511,0.11004418254183435,0.04626694536122464,0.06377723718060971,8.119524116221779,6.104672336078541,42.91489584552563,,54.456851788510896,53.544999999999995,52.63314821148909,133600.0,130969.25,0.6287425149700598,54.07142857142857
2026-03-06,8085,17.2,17.55,16.9,17.05,434000.0,7446000.0,17.610000000000003,17.544999999999998,17.2625,16.920833333333334,16.835416666666667,16.792708333333334,44.44444444444443,53.2608695652174,0.18043542358660147,0.206641629858011,-0.026206206271409516,21.42208727221992,14.82698533730874,65.25180459855115,,18.324214105635438,17.2625,16.20078589436456,589000.0,402706.15,0.7368421052631579,17.15668202764977
2026-03-06,8086,132.5,138.0,123.5,125.0,14105000.0,1839648500.0,122.5,117.75,113.675,109.89166666666667,108.94583333333334,108.47291666666666,91.17647058823529,71.25,3.9315556300717702,2.4120719250434313,1.519483705028339,29.045996393778317,6.245875420842987,46.24434225711013,,126.56022205351626,113.675,100.78977794648374,7355200.0,4064320.65,1.9176908853600174,130.42527472527473
2026-03-06,8087,37.75,39.5,36.35,37.3,118000.0,4488800.0,35.410000000000004,31.304999999999996,30.097500000000004,29.299166666666665,29.09958333333333,28.999791666666667,86.53846153846153,71.76165803108809,1.7405613606933308,0.6517780693562093,1.0887832913371214,39.96383578490331,23.204897849939254,59.731360603787735,,37.13061527890136,30.097500000000004,23.064384721098644,148200.0,59931.55,0.796221322537112,38.0406779661017
2026-03-06,8088,48.3,49.8,47.55,47.9,1983000.0,96084700.0,50.56,51.11,52.745000000000005,53.848333333333336,54.12416666666666,54.26208333333333,41.73228346456691,35.930735930735935,-1.3109312142177316,-0.7412713527985442,-0.5696598614191875,7.046684201392711,13.797491661055226,62.16249104739401,,57.658772267284775,52.745000000000005,47.831227732715234,2520000.0,8437043.15,0.7869047619047619,48.4542107917297
2026-03-06,8089,24.6,26.6,24.6,25.95,739000.0,19230700.0,25.619999999999997,25.784999999999997,26.57,27.12333333333333,27.261666666666663,27.33083333333333,52.127659574468076,39.25925925925927,-0.5170985090373605,-0.3787732259342125,-0.13832528310314807,7.2472023465119575,13.153999431033375,72.89068411233531,,28.403719257626282,26.57,24.73628074237372,359800.0,232868.2,2.053918843802112,26.022598105548038
2026-03-06,8091,131.5,136.5,131.5,136.5,299000.0,40145500.0,136.9,135.05,136.025,137.34166666666667,137.67083333333332,137.83541666666667,55.88235294117647,48.484848484848484,-0.626372475697849,-0.6387310861878094,0.012358610489960342,18.1441107361315,24.71060590990107,31.948886834607347,,143.1956639199332,136.025,128.85433608006682,432600.0,308053.3,0.691169671752196,134.26588628762542
2026-03-06,8092,13.5,13.5,13.15,13.3,114000.0,1508550.0,13.669999999999998,13.905000000000001,14.1625,14.320833333333333,14.360416666666667,14.380208333333334,13.043478260869591,25.000000000000014,-0.22313223314633568,-0.11234437423974795,-0.11078785890658772,1.1839941040028417,20.268115216687722,63.6340859097654,,14.91704761629943,14.1625,13.40795238370057,113800.0,75350.9,1.0017574692442883,13.232894736842105
2026-03-06,8093,19.0,19.05,18.95,18.95,44000.0,835150.0,18.99,19.245,19.6725,19.8575,19.90375,19.926875,34.999999999999915,41.525423728813564,-0.26669327329097214,-0.1659415813078723,-0.10075169198309986,12.506082189398235,17.748665523106226,22.569846344114872,,20.8647888205376,19.6725,18.480211179462398,27400.0,26917.55,1.6058394160583942,18.980681818181818
2026-03-06,8096,65.3,67.1,61.7,63.3,8559000.0,553892500.0,68.08,65.99000000000001,69.385,72.39500000000001,73.14750000000001,73.52375,47.26562499999999,38.063063063063055,-2.0267552929641255,-1.684314340846923,-0.3424409521172025,15.971310380876478,24.505875507742353,64.37390606144567,,79.34286385885943,69.385,59.427136141140586,8416200.0,6036559.15,1.016967277393598,64.71462787708845
2026-03-06,8097,54.0,54.5,53.8,53.8,87000.0,4696000.0,54.28000000000001,55.29,55.69499999999999,55.965,56.032500000000006,56.06625,12.499999999999773,21.95121951219498,-0.5017005060755508,-0.2092309097021824,-0.29246959637336845,3.8846218279015075,12.210576102494679,46.07564137309173,,57.54116244937265,55.69499999999999,53.84883755062734,110600.0,160846.5,0.786618444846293,53.97701149425287
2026-03-06,8099,62.5,64.8,60.0,63.5,187000.0,11590600.0,64.42,66.61999999999999,68.345,69.58166666666668,69.89083333333335,70.04541666666667,23.809523809523824,31.284916201117298,-1.6334468232260235,-0.8435963798300128,-0.7898504433960107,7.885849249331331,23.687015683847743,49.15037596513612,,74.03801511087326,68.345,62.65198488912673,211000.0,415691.0,0.8862559241706162,61.981818181818184
2026-03-06,8101,16.1,16.25,15.6,15.6,17452.0,279175.0,15.459999999999999,15.55,,,,,54.838709677419345,50.0,-0.20784170390853518,-0.22582120930094868,0.017979505392413497,45.42862483595623,35.75638488344008,15.007442564491754,,,,,8092.6,6793.5,2.1565380718186984,15.99673389869356
2026-03-06,8102,50.5,50.5,50.0,50.0,7000.0,351100.0,52.11999999999999,53.489999999999995,54.94500000000001,55.98166666666667,56.24083333333333,56.370416666666664,20.289855072463766,16.494845360824755,-1.3312329386787454,-0.7164946887278397,-0.6147382499509056,12.69690125476177,35.50978529242833,,,59.19035659651566,54.94500000000001,50.69964340348435,31200.0,23450.65,0.22435897435897437,50.15714285714286
2026-03-06,8103,92.0,93.9,90.5,91.5,985774.0,90754096.0,95.52000000000001,97.67999999999999,94.57000000000001,86.1,70.53041666666667,58.517916666666665,22.22222222222223,54.45103857566766,2.4820486516201044,3.1816217679659666,-0.6995731163458623,25.972098312744823,17.79539310709385,24.151454278108915,,105.82252720152509,94.57000000000001,83.31747279847492,5242602.4,4000695.7,0.18803142500373476,92.06379555557359
2026-03-06,8104,34.4,37.15,34.3,35.9,1976785.0,71625290.0,36.82,36.25,37.2425,33.403333333333336,35.930416666666666,36.975,57.843137254901976,35.54502369668246,0.5316124819200283,0.8267801410523187,-0.29516765913229037,35.11037260840151,24.115000822035196,22.462813188434048,,40.940618298184575,37.2425,33.544381701815425,2022355.8,3610698.35,0.9774664774615821,36.23322212582552
2026-03-06,8105,12.45,12.95,12.35,12.8,2195753.0,27999811.0,12.87,12.440000000000001,12.497499999999999,11.586666666666668,12.317499999999999,12.790458333333333,68.1818181818182,63.23529411764708,0.266360856700949,0.2284924058739427,0.037868450827006295,35.63410928417931,21.311773061893522,23.15890055947164,,13.805159620929478,12.497499999999999,11.18984037907052,2426184.6,2976392.55,0.9050230555416104,12.751803595395293
2026-03-06,8107,14.1,14.25,13.6,13.6,246000.0,3381150.0,14.23,14.55,14.915000000000001,15.171666666666669,15.235833333333334,15.267916666666668,0.0,2.777777777777814,-0.32483058048054225,-0.17401153088376256,-0.1508190495967797,3.4959701357261035,29.992856400641564,82.72400121611733,,15.946656817683907,14.915000000000001,13.883343182316095,130800.0,89199.2,1.8807339449541285,13.74451219512195
2026-03-06,8109,105.5,106.0,104.0,105.0,171000.0,17919500.0,106.8,106.75,106.825,106.275,106.1375,106.06875,41.1764705882353,47.5,0.007752774584588451,0.26132746131094703,-0.2535746867263586,14.120173260021618,18.485417210962364,55.36013211915524,,110.2627930497096,106.825,103.3872069502904,203800.0,156929.95,0.8390578999018645,104.79239766081871
2026-03-06,8110,55.4,56.7,54.5,54.7,9718394.0,537344457.0,60.86,60.67,67.595,51.854166666666664,34.75,23.94770833333333,26.428571428571445,21.26168224299066,0.28823450252862415,2.3809937931201763,-2.092759290591552,21.588463304590075,32.38004795541938,22.00753165823924,,85.71558730313446,67.595,49.47441269686554,22973830.4,42103958.2,0.4230201856108418,55.29148715312427
2026-03-06,8111,68.6,70.5,65.1,66.7,3890000.0,264470400.0,68.66,67.03,66.45500000000001,65.75166666666668,65.57583333333334,65.48791666666668,56.756756756756765,52.81385281385281,0.6577321479168035,0.5059769080395842,0.15175523987721928,11.280339836104758,10.765828086044568,40.96194972632285,,70.27763342681321,66.45500000000001,62.63236657318681,4962200.0,3785622.4,0.7839264842207085,67.98724935732648
2026-03-06,8112,69.3,72.6,68.5,69.2,7827177.0,548752875.0,72.1,72.05,74.47999999999999,73.14000000000001,60.54083333333334,56.024166666666666,32.584269662921386,28.491620111731848,-0.6183063612366482,0.01238421424556759,-0.6306905754822157,20.415256876627367,23.639721907287612,17.042763216120846,,82.95599706912354,74.47999999999999,66.00400293087644,9141307.0,26629996.35,0.8562426576418448,70.10865794909199
2026-03-06,8114,173.0,181.5,173.0,179.5,958880.0,171144867.0,176.4,174.95,180.25,181.58333333333334,209.4875,248.30416666666667,62.745098039215684,50.53763440860215,-1.6771178335307582,-1.7394124376219091,0.06229460409115095,29.464939713432347,25.730986588769078,13.448238512721993,,195.4970877288318,180.25,165.0029122711682,791236.0,695782.55,1.2118761027051348,178.48413461538462
2026-03-06,8121,25.35,26.1,25.25,25.55,351000.0,8999150.0,26.71,26.585,26.857499999999998,27.019166666666667,27.059583333333332,27.07979166666667,43.157894736842124,39.310344827586206,-0.21876136264400614,-0.09046667042280276,-0.12829469222120338,7.8891420421581575,19.852050893045323,33.29558524583497,,28.242485274479954,26.857499999999998,25.472514725520043,374000.0,392687.9,0.9385026737967914,25.63860398860399
2026-03-06,8131,66.2,67.8,63.2,63.4,9135124.0,595668742.0,68.44000000000001,67.66,71.635,55.4,42.77291666666667,35.045833333333334,20.79207920792085,28.089887640449433,2.1165345237733106,3.595292193374461,-1.4787576696011504,24.306357816217016,23.50742996464497,28.69699542116007,,84.51816322712827,71.635,58.75183677287174,8337305.6,15755321.2,1.0956925940198234,65.20642106226472
2026-03-06,8147,127.5,130.5,127.0,128.5,326000.0,42045000.0,130.8,129.3,119.05,111.01666666666667,109.00833333333334,108.00416666666666,48.97959183673469,68.37606837606837,6.15484543472941,5.353892389991129,0.8009530447382804,21.815509461328357,12.210723742548629,41.88851814263557,,141.66322389083084,119.05,96.43677610916917,920400.0,1054571.3,0.35419382877009997,128.9723926380368
2026-03-06,8150,61.8,63.9,61.2,61.9,17338648.0,1078080197.0,64.66,59.07000000000001,60.05,49.519999999999996,39.00541666666666,33.60729166666667,65.34296028880865,52.2077922077922,3.311729367710477,2.9725026040773663,0.33922676363311055,36.563490249590686,21.517552243866366,33.790294145735245,,71.82481701723975,60.05,48.27518298276024,55543218.2,34610237.3,0.31216498722790964,62.177869750859465
2026-03-06,8155,188.5,190.5,185.0,187.5,987000.0,185537500.0,197.8,204.8,209.9,212.96666666666667,213.73333333333332,214.11666666666667,26.966292134831463,33.92857142857143,-5.369923424967823,-2.2488542700304976,-3.121069154937325,6.905673342931343,25.197828733774223,57.32895573684718,,230.14221747786178,209.9,189.65778252213823,1812200.0,2077455.5,0.5446418717580841,187.98125633232016
2026-03-06,8162,38.7,40.0,38.4,39.45,195720.0,7649155.0,40.04,38.404999999999994,38.045,35.7775,37.91375,,59.69581749049431,57.97546012269939,1.0841181033766176,0.7759723475923365,0.30814575578428116,37.49253226284206,14.9805214191826,34.21393158007319,,41.82234242417553,38.045,34.26765757582447,427733.0,204867.55,0.45757516955670946,39.08213263846311
2026-03-06,8163,29.05,29.45,28.95,29.2,577441.0,16847157.0,30.189999999999998,30.415,31.065000000000005,31.561666666666664,33.85875,36.052083333333336,38.15789473684206,36.80555555555553,-0.4223434772132464,-0.2576957544665878,-0.16464772274665856,21.64447711039485,34.308033148374605,13.824971013627097,,33.028107096845,31.065000000000005,29.10189290315501,667704.0,709111.35,0.8648158465427794,29.175546938994632
2026-03-06,8171,26.15,26.8,26.15,26.4,103000.0,2716900.0,27.28,27.584999999999997,28.0325,28.24416666666667,28.297083333333333,28.323541666666667,36.58536585365852,35.971223021582716,-0.384085186933131,-0.16438547473437307,-0.21969971219875792,7.144632978465147,17.86488477752043,33.69243529860762,,29.633248180333844,28.0325,26.431751819666154,132600.0,145645.85,0.7767722473604827,26.377669902912622
2026-03-06,8176,10.95,11.1,10.75,10.85,117000.0,1277050.0,10.85,10.879999999999999,10.9525,10.984166666666665,10.992083333333335,10.996041666666667,52.38095238095233,45.454545454545446,-0.04499647453681277,-0.0276018408018759,-0.017394633734936868,11.925873545642633,16.661037318492365,40.15047240782872,,11.210987503516462,10.9525,10.69401249648354,132000.0,104070.6,0.8863636363636364,10.914957264957264
2026-03-06,8182,27.1,27.5,26.9,26.9,60000.0,1629200.0,27.45,27.160000000000004,27.3,27.333333333333336,27.341666666666672,27.345833333333335,51.85185185185183,46.218487394957954,-0.03010419526902197,-0.019599049013844003,-0.010505146255177969,18.907881514095582,18.693861358493145,49.38614306461588,,28.225088900422122,27.3,26.37491109957788,135800.0,85068.15,0.4418262150220913,27.153333333333332
2026-03-06,8183,37.25,37.95,36.55,36.85,626000.0,23280250.0,36.45,34.225,32.760000000000005,31.719999999999995,31.46,31.33,72.4324324324324,71.1610486891386,1.394691655279388,0.7853950005042197,0.6092966547751683,32.32884280217123,12.435456122446134,50.48980691364973,,37.61934801777921,32.760000000000005,27.9006519822208,1166000.0,468033.25,0.5368782161234992,37.188897763578275
2026-03-06,8201,13.55,13.7,13.5,13.7,42001.0,570213.0,13.99,13.98,14.355,14.356666666666666,14.909583333333334,13.553583333333334,42.424242424242415,31.034482758620655,-0.1455980669412984,-0.09212914473602124,-0.05346892220527716,18.873778739975382,27.537485044764566,14.071056624230806,,15.47133799824061,14.355,13.23866200175939,64505.6,149759.65,0.6511217630717333,13.576176757696246
2026-03-06,8210,935.0,950.0,919.0,939.0,1861063.0,1746613646.0,918.2,934.7,948.15,943.35,797.65,569.46375,40.1098901098901,52.901023890784984,-3.2370648691319275,1.9930137216620882,-5.230078590794015,23.593019146063266,24.297378705376463,13.952153433082046,,1040.1300321580293,948.15,856.1699678419707,3558911.2,3438783.75,0.5229304400739192,938.503234979149
2026-03-06,8213,37.15,37.8,36.75,37.55,821886.0,30694576.0,37.82,36.66,36.355000000000004,34.33416666666667,34.61083333333333,33.140625,64.70588235294117,58.431372549019606,0.9357711954483676,0.805147523378135,0.13062367207023262,34.76014833278686,17.98447341200561,29.856409690448242,,38.70018543762325,36.355000000000004,34.00981456237676,1423696.4,1185497.7,0.5772902144024527,37.34651277671112
2026-03-06,8215,19.7,20.5,19.5,20.2,846538.0,17078809.0,20.439999999999998,20.475,20.3375,19.774166666666666,21.534583333333334,23.310833333333335,40.740740740740705,55.46875000000001,0.1573603326094215,0.19946460632138951,-0.04210427371196801,32.03805818746655,24.655695414819906,17.640927382761532,,21.55183325868751,20.3375,19.123166741312488,827022.2,1127486.75,1.0235976736779255,20.174887601029134
2026-03-06,8222,39.5,39.65,38.8,39.15,188095.0,7382483.0,40.0,39.8,40.582499999999996,41.36666666666667,45.76208333333333,47.93479166666667,45.00000000000004,41.61073825503358,-0.4976257730782194,-0.46207232623424355,-0.03555344684397588,30.59097410389243,27.12643506462586,12.492079665532595,,43.0862393087774,40.582499999999996,38.07876069122259,616212.6,482936.75,0.3052436772633341,39.248693479358835
2026-03-06,8227,132.5,133.0,128.0,129.5,407000.0,52972500.0,134.8,135.75,137.5,138.5,138.75,138.875,34.09090909090909,38.27160493827161,-1.5324879785793826,-0.6216826597839953,-0.9108053187953873,8.212738068637178,16.544770937993555,35.215264530689716,,144.59336235319222,137.5,130.40663764680778,451000.0,456650.9,0.9024390243902439,130.15356265356266
2026-03-06,8234,64.5,65.9,63.5,64.7,595000.0,38520500.0,67.96000000000001,68.22999999999999,69.34,70.11333333333333,70.30666666666667,70.40333333333334,33.98692810457523,37.81512605042018,-0.9215700186488078,-0.44341347298000006,-0.4781565456688078,7.373454555778529,21.213480992952537,51.76404796674853,,73.63266203752653,69.34,65.04733796247348,853800.0,749168.0,0.6968845162801592,64.74033613445378
2026-03-06,8240,38.7,39.35,38.65,39.05,232000.0,9053350.0,39.959999999999994,39.585,39.5775,39.52583333333334,39.51291666666667,39.50645833333333,50.31446540880501,47.84688995215309,-0.02079256536814711,0.05033840360868205,-0.07113096897682916,8.475402481552193,10.888642339941674,33.117143035117195,,41.154797822560035,39.5775,38.00020217743997,502000.0,504517.95,0.46215139442231074,39.023060344827584
2026-03-06,8249,54.9,55.9,54.1,55.7,614394.0,33917146.0,58.32000000000001,59.9,59.84499999999999,54.354166666666664,56.30458333333333,53.305625,6.666666666666657,37.05357142857143,0.8938251790242475,1.7288088925110878,-0.8349837134868403,22.211974440004653,27.19211987394375,28.42520461302963,,64.40499769159733,59.84499999999999,55.285002308402646,1340704.6,3404130.7,0.45826202132818816,55.20422725482345
2026-03-06,8255,122.0,124.0,121.5,122.0,233000.0,28567000.0,125.4,125.35,125.525,125.175,125.0875,125.04375,45.238095238095234,44.827586206896555,-0.28968303482447766,0.18352784840694417,-0.4732108832314218,10.891105553935477,22.98512895511007,38.73539642005481,,130.62892006206994,125.525,120.42107993793007,341600.0,268374.15,0.6820843091334895,122.60515021459227
2026-03-06,8261,96.8,102.0,96.7,101.0,4983800.0,500252126.0,98.25999999999999,94.65,93.93,92.35333333333334,91.99416666666666,86.41666666666667,92.53731343283583,65.68265682656829,1.7039906475316258,0.7560280349288799,0.9479626126027458,32.86166272410232,14.775443845195186,22.84207054849685,,101.46409094156618,93.93,86.39590905843383,3335846.0,2205637.75,1.4940138123882218,100.3756422809904
2026-03-06,8271,117.0,124.0,114.5,121.0,9846383.0,1189380432.0,120.1,119.25,116.475,106.33666666666666,91.40333333333334,70.36291666666666,59.375,48.1203007518797,3.9809197142552364,4.070236406119076,-0.08931669186383928,32.28854237179487,21.371071489216472,20.002691525159317,,128.6512279181942,116.475,104.2987720818058,6459440.0,8606392.1,1.5243400356687267,120.79363884179602
2026-03-06,8272,75.0,77.5,75.0,75.9,12000.0,904700.0,76.5,76.94000000000001,78.08000000000001,78.96000000000001,79.18000000000002,79.29,36.00000000000004,28.91566265060237,-0.8203338412971988,-0.5728254297311022,-0.2475084115660966,9.470805091651439,20.864364384884652,50.03628192473763,,80.76139790721973,78.08000000000001,75.3986020927803,14600.0,11451.4,0.821917808219178,75.39166666666667
2026-03-06,8277,9.28,9.28,8.83,8.98,217000.0,1945370.0,9.059999999999999,9.078999999999999,9.46,9.719999999999999,9.784999999999998,9.817499999999999,51.06382978723409,31.799163179916363,-0.2367110741739289,-0.17814678270342454,-0.05856429147050435,21.18639162873627,21.043386014335812,48.99685252365535,,10.29378654342704,9.46,8.626213456572962,337800.0,289456.05,0.6423919478981646,8.96483870967742
2026-03-06,8279,114.0,117.0,113.5,113.5,41000.0,4713500.0,117.5,121.0,126.275,130.09166666666667,131.04583333333332,131.52291666666667,24.13793103448276,18.644067796610173,-4.2419650964729385,-2.669478007363055,-1.5724870891098837,5.353008312029452,27.95757169078943,46.36952743705305,,139.6579231328192,126.275,112.8920768671808,48000.0,45255.9,0.8541666666666666,114.96341463414635
2026-03-06,8284,61.9,62.0,61.6,62.0,23000.0,1422500.0,62.36,62.64,62.864999999999995,63.02166666666667,63.060833333333335,63.080416666666665,18.749999999999886,26.086956521738983,-0.2190250657779913,-0.10547935192392358,-0.11354571385406773,2.2747514635054746,28.958455972464265,57.686008443592975,,63.63078133473798,62.864999999999995,62.09921866526201,18200.0,8103.9,1.2637362637362637,61.84782608695652
2026-03-06,8289,38.05,39.6,35.55,36.5,1140000.0,42757650.0,34.57000000000001,30.910000000000004,28.1875,25.92916666666667,25.364583333333332,25.082291666666666,83.45323741007195,75.0,2.6854408595168913,1.5222182097082289,1.1632226498086624,37.391998820916484,2.3571376817747063,51.38757565688234,,36.94276157594152,28.1875,19.43223842405848,3186600.0,1943337.0,0.35774807004330633,37.50671052631579
2026-03-06,8299,1860.0,1865.0,1775.0,1800.0,5225000.0,9516595000.0,1855.0,1863.0,1931.25,1970.4166666666667,1980.2083333333333,1985.1041666666667,42.857142857142854,37.66233766233766,-44.46429130431943,-27.620030743898983,-16.844260560420448,6.747042809866878,12.213477058876581,74.27263895381142,,2105.1790538969085,1931.25,1757.3209461030915,7302800.0,12057759.0,0.7154789943583283,1821.3578947368421
2026-03-06,8341,77.4,78.1,76.8,77.6,428047.0,33120706.0,78.7,77.34,77.39,79.235,78.58416666666668,79.22749999999999,56.140350877192894,53.39805825242712,-0.05118183461078729,-0.4139082037350725,0.3627263691242852,29.540136859960146,26.160068174921534,16.116678279553348,,80.4313985702555,77.39,74.3486014297445,303064.4,315719.05,1.4123961771821434,77.37633016935057
2026-03-06,8342,84.2,84.2,84.2,84.2,1000.0,84200.0,,,,,,,14.285714285714434,71.42857142857147,0.04854622855332025,0.25556383145062295,-0.2070176028973027,8.6264429726444,3.2334540479756693,45.56828034215638,,,,,,,,84.2
2026-03-06,8349,38.55,39.75,38.55,39.45,167000.0,6596000.0,40.21,41.595000000000006,42.4825,43.094166666666666,43.24708333333333,43.323541666666664,11.764705882352942,13.084112149532771,-0.8877774496541235,-0.4474853136374311,-0.4402921360166924,2.0158194986861684,36.269288847239075,79.45718049737405,,45.38354790504544,42.4825,39.581452094954564,208200.0,124626.6,0.8021133525456292,39.49700598802395
2026-03-06,8354,15.0,15.1,15.0,15.1,12000.0,180800.0,15.26,15.279999999999998,15.25,15.216666666666667,15.208333333333334,15.204166666666667,28.571428571428385,45.833333333333336,0.006647736833345519,0.02474325440595647,-0.01809551757261095,14.255281231004755,22.70719596651124,26.89001985020892,,15.474780594779604,15.25,15.025219405220396,34400.0,39839.4,0.3488372093023256,15.066666666666666
2026-03-06,8358,273.5,278.5,250.0,253.5,38739000.0,10176055000.0,273.5,265.35,257.175,250.725,249.1125,248.30625,36.36363636363636,52.36220472440945,5.915437424267395,5.058426062322753,0.8570113619446422,23.658030506185074,15.15422442700593,70.07050858605594,,285.95049213077715,257.175,228.39950786922284,30698000.0,9302635.65,1.2619388885269398,262.6824388858773
2026-03-06,8367,45.4,47.2,45.4,46.0,170556.0,7852268.0,44.96,43.995000000000005,43.55,43.725,44.23374999999999,45.794999999999995,100.0,88.46153846153854,0.407649308475726,0.06736052141070338,0.34028878706502264,52.940730692940285,7.839412517440604,25.362765526830675,,45.42279695136775,43.55,41.677203048632244,79609.2,43622.1,2.142415700697909,46.039236379840055
2026-03-06,8374,75.6,77.9,75.6,76.2,229144.0,17471958.0,83.34,84.72999999999999,87.65,82.435,91.44833333333332,96.22833333333332,25.29411764705887,32.86516853932585,-0.5923779868118686,0.7157572185814433,-1.3081352053933117,23.299871119083697,32.895687791939984,23.028388490568833,,98.39635801220003,87.65,76.90364198779999,359694.6,1186868.4,0.6370515431702339,76.24881297350137
2026-03-06,8383,40.6,40.65,40.25,40.6,174000.0,7038100.0,41.12,40.855000000000004,40.790000000000006,40.663333333333334,40.63166666666667,40.615833333333335,50.0,50.0,0.06383774650011276,0.08927062517300294,-0.02543287867289018,17.08043698061852,22.837677996858858,28.750383878232,,41.74067842811553,40.790000000000006,39.83932157188448,324200.0,179579.8,0.5367057371992597,40.448850574712644
2026-03-06,8390,95.5,99.4,94.7,98.1,1351000.0,130771900.0,99.66,100.69,97.02000000000001,94.53999999999999,93.92,93.60999999999999,33.3333333333333,56.48648648648648,1.6484777355624232,1.770537366756302,-0.12205963119387886,20.66713562625127,15.186989666245996,60.94873785270308,,106.4731754620228,97.02000000000001,87.56682453797723,2151600.0,2103379.1,0.6279048150213794,96.79637305699482
2026-03-06,8401,28.6,29.1,28.6,28.75,70000.0,2014650.0,28.93,28.895000000000003,28.847500000000004,28.815833333333334,28.807916666666667,28.803958333333338,45.83333333333326,48.387096774193516,0.015808032707873565,0.02668899080588496,-0.010880958098011394,8.671844333110094,11.30976683634907,23.93109770375416,,29.121793350457615,28.847500000000004,28.573206649542392,89400.0,64604.45,0.7829977628635347,28.780714285714286
2026-03-06,8403,23.05,23.25,23.0,23.15,150000.0,3455700.0,23.35,23.375,23.48,23.526666666666664,23.538333333333334,23.54416666666667,42.30769230769218,39.99999999999989,-0.08105516005809932,-0.03510324425935164,-0.045951915798747675,10.308054715086861,22.960343534155992,46.182555052475564,,23.861686010388528,23.48,23.098313989611473,166600.0,116188.6,0.9003601440576231,23.038
2026-03-06,8404,22.05,22.3,22.05,22.1,335229.0,7419717.0,22.81,23.175,23.247500000000002,24.131666666666668,24.014999999999997,23.534583333333334,22.22222222222217,38.3720930232558,-0.35821902478632595,-0.27640030684121153,-0.08181871794511442,20.228399351229083,31.616414498220696,13.714978351136018,,24.35796457797961,23.247500000000002,22.137035422020393,499049.2,513598.2,0.6717353719833635,22.133279042087647
2026-03-06,8409,21.1,21.1,20.3,20.7,16000.0,328150.0,20.75,20.615000000000002,20.685,20.728333333333335,20.73916666666667,20.74458333333333,50.0,49.18032786885245,-0.017498262157527478,-0.019225209144615337,0.0017269469870878594,26.166596128875714,24.28435720378826,42.41101498757999,,21.094235487476986,20.685,20.27576451252301,11000.0,10734.7,1.4545454545454546,20.509375
2026-03-06,8410,37.2,37.2,35.9,36.0,23000.0,831300.0,36.910000000000004,37.254999999999995,37.295,37.29833333333333,37.299166666666665,37.29958333333333,7.894736842105203,21.739130434782624,-0.15990558432871183,-0.0016659844632604473,-0.15823959986545139,7.466334123336248,16.475940149631167,54.84713540337942,,38.24140594383506,37.295,36.34859405616494,45800.0,30050.0,0.5021834061135371,36.143478260869564
2026-03-06,8411,12.1,12.3,12.1,12.15,48055.0,585105.0,12.34,12.3,12.18,12.294166666666667,12.561666666666667,12.838333333333333,29.411764705882362,51.2820512820513,0.027854671125773223,0.011348840654804251,0.01650583047096897,18.76482195882524,18.7580747225586,16.45899057041047,,12.583145526813388,12.18,11.776854473186612,72118.8,79329.5,0.6663311092253337,12.17573613567787
2026-03-06,8415,33.8,33.95,33.7,33.9,197000.0,6660500.0,33.989999999999995,34.17999999999999,34.0575,33.9525,33.926249999999996,33.913125,17.647058823529207,50.0,0.026182892631275934,0.0646259500533633,-0.03844305742208737,5.371379155021635,12.35374996570663,32.20261087079581,,34.499117839075325,34.0575,33.61588216092467,423000.0,311532.75,0.4657210401891253,33.80964467005076
2026-03-06,8416,168.0,169.0,168.0,169.0,4000.0,673500.0,170.9,173.8,176.775,178.925,179.4625,179.73125,28.57142857142857,28.846153846153854,-2.592810410394577,-1.4817514806421412,-1.1110589297524358,2.4767605798934937,26.909358157153097,67.51516346153811,,185.1571552309538,176.775,168.3928447690462,21000.0,9455.75,0.19047619047619047,168.375
2026-03-06,8421,13.3,13.8,13.3,13.4,62000.0,834400.0,13.280000000000001,13.270000000000001,13.165000000000001,13.088333333333335,13.069166666666666,13.059583333333334,54.545454545454604,70.58823529411764,0.06525274327146313,0.05219930362748674,0.013053439643976393,25.658182127348933,13.817399252336546,34.67393923381931,,13.418605578553949,13.165000000000001,12.911394421446053,62800.0,45838.75,0.9872611464968153,13.458064516129033
2026-03-06,8422,32.0,32.5,31.5,32.0,10008502.0,319981892.0,33.61,33.35,35.6625,57.44916666666666,128.83291666666668,156.77270833333333,43.75000000000003,31.954887218045144,-2.8869317411937487,-3.744106314609808,0.8571745734160592,26.930571220047906,39.14489858641676,23.825286513141506,,41.466842748072445,35.6625,29.858157251927558,32076106.0,47211518.3,0.31202359787687445,31.971007449466462
2026-03-06,8423,18.5,18.5,18.25,18.35,10000.0,184600.0,18.62,18.645000000000003,,,,,16.66666666666687,40.90909090909092,0.005839848932389202,0.027929549693184848,-0.022089700760795646,11.33490970645107,26.8342420851039,36.28407976578548,,,,,8200.0,,1.2195121951219512,18.46
2026-03-06,8424,76.0,76.0,75.7,75.9,21000.0,1595000.0,75.1,74.11999999999999,73.535,73.11166666666666,73.00583333333334,72.95291666666668,83.33333333333333,77.7777777777776,0.6261553091650569,0.2989441009688963,0.3272112081961606,32.11109380612932,1.3400620491080844,76.3811182038867,,75.71266171071574,73.535,71.35733828928426,27400.0,11000.0,0.7664233576642335,75.95238095238095
2026-03-06,8426,26.6,27.1,26.5,26.5,17000.0,454350.0,27.05,27.189999999999998,27.327500000000004,27.409166666666668,27.42958333333333,27.439791666666668,8.695652173913146,28.88888888888893,-0.13878337116417327,-0.04926086720341913,-0.08952250396075415,16.569374296061234,20.65966839350827,55.0246687686426,,27.917303714003765,27.327500000000004,26.737696285996243,23800.0,21471.85,0.7142857142857143,26.726470588235294
2026-03-06,8429,7.2,7.27,7.18,7.23,124777.0,902462.0,7.31,7.363000000000001,7.467999999999999,7.579666666666666,7.739583333333333,8.367875,15.384615384615401,20.833333333333314,-0.09470815780584374,-0.07185020473791584,-0.0228579530679279,21.772832678241464,27.59321345100765,12.013304695975137,,7.772741478012626,7.467999999999999,7.163258521987372,193683.4,415431.75,0.6442317720568722,7.232598956538465
2026-03-06,8431,68.1,68.8,63.9,64.2,2574000.0,169084900.0,66.97999999999999,63.760000000000005,62.85999999999999,62.28666666666667,62.14333333333333,62.071666666666665,62.87425149700599,54.044117647058826,1.0567192127039036,0.5200154833666972,0.5367037293372063,18.27263180049498,5.61202273643474,49.132683664453765,,68.84116341437638,62.85999999999999,56.8788365856236,3239000.0,2111330.15,0.7946897190490892,65.68954933954934
2026-03-06,8432,52.6,52.7,51.5,51.9,171000.0,8866500.0,54.3,55.279999999999994,55.61,55.80333333333333,55.85166666666667,55.875833333333325,0.0,17.741935483870975,-0.5358402674996796,-0.13504653798524074,-0.40079372951443887,8.070836450667668,33.939600946969016,40.46599811354713,,57.83701121401947,55.61,53.38298878598053,67400.0,34538.85,2.537091988130564,51.85087719298246
2026-03-06,8433,56.0,56.3,54.9,55.0,27000.0,1492000.0,54.98,54.81,54.879999999999995,54.96,54.980000000000004,54.99,51.85185185185187,50.0,-0.006232673355697216,-0.04102813202014402,0.034795458664446804,19.346807680346124,6.639382694639982,57.391518926936676,,55.51775923521754,54.879999999999995,54.24224076478245,37400.0,17096.9,0.7219251336898396,55.25925925925926
2026-03-06,8435,57.5,58.9,57.0,57.3,30000.0,1725200.0,57.48,56.42999999999999,54.9,53.833333333333336,53.56666666666667,53.43333333333332,61.62790697674419,64.4927536231884,1.0869579569979493,0.7550091367770587,0.33194882022089056,47.62996508767402,14.242246139290254,79.26280150882113,,58.63996904011954,54.9,51.16003095988046,51200.0,30245.3,0.5859375,57.50666666666667
2026-03-06,8436,125.0,128.0,124.5,125.5,530000.0,66895000.0,130.9,135.1,142.85,148.61666666666667,150.05833333333334,150.77916666666667,23.913043478260875,14.86486486486487,-5.983401217331789,-3.8629951817726944,-2.1204060355590943,2.0761380414842208,27.975580998926517,80.47756333100136,,161.34068044064077,142.85,124.35931955935922,607800.0,770092.45,0.8719973675551168,126.21698113207547
2026-03-06,8437,14.55,14.65,14.4,14.6,83000.0,1205450.0,15.05,15.35,15.49,15.496666666666668,15.498333333333333,15.499166666666666,4.347826086956431,33.333333333333314,-0.15687510356182166,-0.02773138293583358,-0.12914372062598808,2.8687143631143543,25.492512562656028,59.93290404846752,,16.283791700106452,15.49,14.696208299893547,85800.0,73328.85,0.9673659673659674,14.523493975903614
2026-03-06,8438,65.2,72.1,63.6,70.8,5065055.0,353862601.0,67.8,61.739999999999995,61.779999999999994,41.16166666666666,36.004583333333336,33.55229166666667,69.29133858267716,63.75,6.730700181924597,6.2031438955010065,0.5275562864235903,42.61353326307006,11.361381079482422,50.325498995577775,,75.79436856643173,61.779999999999994,47.76563143356826,5643935.2,2475114.15,0.8974332306295791,69.86352586497087
2026-03-06,8440,24.8,25.25,24.5,24.8,80000.0,1983600.0,25.1,25.15,25.4125,25.5375,25.56875,25.584375,45.16129032258063,41.48936170212764,-0.17581578706507983,-0.09269960784711825,-0.08311617921796158,12.078510408452455,19.212510970023803,45.84459383762158,,26.26219034607351,25.4125,24.562809653926493,126000.0,107719.65,0.6349206349206349,24.795
2026-03-06,8442,64.2,64.4,63.5,63.5,46609.0,2970664.0,66.02000000000001,67.39000000000001,68.63,69.765,71.20833333333333,78.97458333333334,15.87301587301603,25.60000000000008,-1.21667872769126,-0.6596999903818086,-0.5569787373094515,15.124047056841643,33.239354619277265,16.26192374054316,,72.67922344731342,68.63,64.58077655268657,55378.6,56542.95,0.8416428006486261,63.73584500847476
2026-03-06,8443,11.65,11.85,11.65,11.85,20012.0,235554.0,11.809999999999999,11.695,11.5725,11.375,11.659166666666668,,100.0,65.38461538461542,0.14215689624092853,0.10725556915531638,0.03490132708561215,23.24275587587344,23.686296775467557,15.240538310487885,,11.951522287915685,11.5725,11.193477712084315,38303.4,34750.35,0.5224601471409849,11.770637617429543
2026-03-06,8444,9.12,9.12,9.09,9.1,20000.0,182080.0,9.458000000000002,9.725000000000001,9.895,9.998333333333335,10.024166666666668,10.037083333333333,6.521739130434838,22.857142857142804,-0.18172759948271455,-0.07691443399221222,-0.10481316549050233,2.4229638315211823,18.12999351149134,77.90389213662804,,10.532049118159167,9.895,9.257950881840832,51400.0,54612.35,0.38910505836575876,9.104
2026-03-06,8446,94.1,95.1,94.0,95.1,72000.0,6828400.0,94.6,94.34,94.17999999999999,94.06,94.03,94.015,66.66666666666666,64.86486486486484,0.17548298658111605,0.08726965965394747,0.08821332692716859,21.46950359145986,13.402114681997817,49.90880870682345,,94.85621236153645,94.17999999999999,93.50378763846354,77200.0,43988.55,0.9326424870466321,94.83888888888889
2026-03-06,8450,17.15,17.15,16.7,17.0,27000.0,455850.0,17.0,17.0,16.98,16.96,16.955,16.9525,50.0,53.333333333333364,0.007048147127370896,0.01321737813774068,-0.006169231010369784,15.055941558337526,7.174017273892897,49.76063162447446,,17.12290224851828,16.98,16.83709775148172,41000.0,31912.95,0.6585365853658537,16.883333333333333
2026-03-06,8454,180.5,182.0,180.0,181.0,460704.0,83300552.0,187.2,187.9,189.1,210.7,230.01666666666668,269.95208333333335,20.0,31.707317073170742,-5.697329059070086,-6.134581562231079,0.43725250316099373,18.519229369920783,34.03477595997883,28.053142844754724,,196.00232607630065,189.1,182.19767392369934,522779.6,427084.1,0.8812585647948008,180.81143641036326
2026-03-06,8455,22.05,22.8,21.3,22.0,8000.0,173350.0,21.45,,,,,,76.92307692307696,76.92307692307693,0.2994484577655001,0.16183982212631387,0.13760863563918624,36.51362885813141,17.11988404281693,35.902318616502306,,,,,12400.0,,0.6451612903225806,21.66875
2026-03-06,8462,138.5,141.5,138.5,140.0,55847.0,7836955.0,141.3,142.0,142.475,149.91666666666666,154.25416666666666,140.72708333333333,41.66666666666667,45.65217391304348,-2.0250980634728535,-2.2125762963599254,0.18747823288707188,17.564889824383698,22.58788336895689,14.276954865228983,,148.17333770774894,142.475,136.77666229225105,119694.2,164934.2,0.46658066974005424,140.3290239404086
2026-03-06,8463,27.0,27.0,26.65,26.85,29131.0,780849.0,27.1,26.994999999999997,26.8375,26.654166666666665,25.941666666666666,24.965416666666666,35.71428571428574,48.717948717948794,0.0682307546774652,0.05877255546761651,0.009458199209848688,20.900829674089863,22.555417492908106,10.20017203038866,,27.35546667236886,26.8375,26.319533327631138,48325.0,60982.35,0.6028142783238489,26.804744087055028
2026-03-06,8464,371.0,386.0,370.0,376.0,705581.0,267256011.0,389.7,401.6,409.875,387.35833333333335,409.575,408.8875,31.25,27.826086956521735,-1.6385158601873968,4.240779677311631,-5.8792955374990274,18.275836229658353,32.00879985843476,24.218741118630295,,440.80424863382154,409.875,378.94575136617846,3891311.6,1966110.35,0.18132215369234372,378.7743873488657
2026-03-06,8466,20.35,20.7,20.35,20.5,20005.0,411053.0,21.71,22.025,22.18,22.399166666666666,23.780833333333337,28.10458333333333,16.36363636363633,27.02702702702703,-0.25713680281156215,-0.09648100955339244,-0.1606557932581697,19.00505068997663,29.729830497222455,21.677040578034823,,23.452957600486734,22.18,20.907042399513266,39314.2,37751.4,0.5088492198747526,20.54751312171957
2026-03-06,8467,161.5,162.5,161.5,162.5,32957.0,5346977.0,168.7,173.5,180.55,164.0,167.4,,30.0,30.275229357798167,-0.6458406268071712,2.7098377062516685,-3.35567833305884,25.874282041778546,31.898949015230272,22.432814126445397,,200.26080387690044,180.55,160.83919612309958,36516.0,69634.15,0.9025358746850696,162.24101101435204
2026-03-06,8472,60.0,61.6,57.8,61.0,55000.0,3332100.0,58.8,,,,,,50.61728395061729,52.27272727272727,-0.7614330458536998,-0.7489806428849144,-0.012452402968785359,19.507259111153672,8.572165227795981,75.29762050470652,,,,,47200.0,,1.1652542372881356,60.583636363636366
2026-03-06,8473,37.0,37.8,36.7,37.7,184910.0,6896551.0,37.839999999999996,37.365,37.5675,36.94583333333333,37.1675,35.214375,65.6565656565657,55.621301775147955,0.16672094029357964,0.13420972631846928,0.032511213975110365,26.334224403108013,25.71457932358144,11.922009135104783,,39.43248906445218,37.5675,35.70251093554783,455282.4,524100.6,0.4061435276215377,37.29679844248553
2026-03-06,8476,19.1,19.2,18.7,19.1,405824.0,7712486.0,19.509999999999998,18.985,19.1375,18.44833333333333,19.149583333333336,20.821250000000003,63.157894736842096,51.93798449612403,0.18103955156282225,0.14829018765221755,0.032749363910604706,28.315661467936515,20.973239286350903,20.849917203563226,,20.989916629276877,19.1375,17.28508337072312,924632.4,1154979.95,0.4389030711015534,19.00450934395206
2026-03-06,8477,12.85,12.9,12.55,12.9,38000.0,484000.0,13.11,12.830000000000002,12.932500000000001,13.010833333333332,13.030416666666667,13.040208333333334,60.5263157894737,47.619047619047606,-0.012462327008963214,-0.038879357983412105,0.02641703097444889,23.92557926248104,26.54038658110047,32.250949241032004,,13.499370448394657,12.932500000000001,12.365629551605345,100800.0,60203.9,0.376984126984127,12.736842105263158
2026-03-06,8478,163.5,166.5,163.0,165.5,126453.0,20820766.0,168.1,172.0,179.325,190.23333333333332,197.025,185.93875,31.818181818181827,26.829268292682926,-7.061074751072709,-5.766078548275347,-1.2949962027973623,14.290764779248445,39.76761406563546,31.212310221803165,,197.3754410210076,179.325,161.2745589789924,143084.8,205705.3,0.883762635863488,164.65221070279077
2026-03-06,8481,41.1,41.85,41.1,41.65,13009.0,538320.0,41.87,41.78,42.015,41.305,42.3475,,42.028985507246276,44.62809917355371,0.12204704242883935,0.1666746162625039,-0.04462757383366456,35.83144740807904,16.71676445371277,23.221644331620997,,43.04307945627845,42.015,40.98692054372155,23547.2,22568.2,0.5524648365835428,41.38058267353371
2026-03-06,8482,50.1,50.5,49.9,50.0,8061.0,404223.0,52.779999999999994,,,,,,49.618320610687014,57.89473684210528,0.9348024246632178,0.702190788034785,0.23261163662843287,22.404315659972,23.04147393485655,18.439117574325056,,,,,12360.0,,0.6521844660194175,50.1455154447339
2026-03-06,8487,83.5,83.9,82.0,82.6,28381.0,2347246.0,82.96000000000001,82.31,81.315,78.56833333333334,79.19833333333334,,50.0,60.215053763440814,1.1856056287366528,1.0399620742889417,0.14564355444771104,47.244184480028515,23.725953111474002,27.88394192201426,,83.8805819079349,81.315,78.7494180920651,32527.6,24831.2,0.8725205671491287,82.70483774356083
2026-03-06,8488,9.95,9.95,9.95,9.95,1015.0,10096.0,10.016,10.0,,,,,46.15384615384609,55.90551181102359,-0.009007516400913573,-0.027595882452057536,0.018588366051143963,30.752961565801147,11.198147517684351,32.080843685476125,,,,,69005.2,54505.9,0.014709036420443678,9.94679802955665
2026-03-06,8489,26.8,27.3,23.25,23.3,1990000.0,47513550.0,30.419999999999998,33.745000000000005,35.595,36.83166666666667,37.14083333333333,37.29541666666667,0.0,1.0380622837370197,-2.2458703040130175,-0.8355570643881564,-1.4103132396248612,5.92004779806943,53.3886984226651,57.9283809807148,,43.681955057700314,35.595,27.508044942299684,771400.0,226037.35,2.5797251750064816,23.87615577889447
2026-03-06,8499,270.5,276.0,265.5,265.5,106172.0,28511702.0,279.5,278.55,291.05,307.2583333333333,290.90833333333336,226.39375,32.83582089552239,31.66666666666667,-14.472119547781801,-13.432671839440113,-1.0394477083416884,17.661923041066007,31.156058579400554,20.068605167039074,,327.414962894466,291.05,254.685037105534,140587.4,162099.05,0.7552028133388909,268.54257242964246
2026-03-06,8905,37.05,37.1,36.6,37.1,92000.0,3384300.0,38.39,38.735,37.5025,36.534166666666664,36.29208333333333,36.17104166666666,13.114754098360791,56.77419354838712,0.5511636105418276,0.6474104842420025,-0.09624687370017493,18.317563019072512,23.294103700927092,64.57394920327474,,40.61368102469483,37.5025,34.39131897530517,155000.0,298739.65,0.5935483870967742,36.78586956521739
2026-03-06,8906,32.0,32.75,31.7,31.9,33000.0,1055050.0,33.13,33.745,33.4675,33.189166666666665,33.11958333333333,33.08479166666667,7.042253521126753,40.00000000000003,-0.041894648189739314,0.18306317962868068,-0.22495782781842,20.740355526517487,21.392688558769308,41.14605214901709,,35.19476586500853,33.4675,31.74023413499148,32600.0,34800.0,1.0122699386503067,31.971212121212123
2026-03-06,8908,45.1,47.2,42.95,47.0,1689000.0,76566800.0,42.97,42.32000000000001,42.027499999999996,41.8425,41.79625,41.773125,90.00000000000003,83.87096774193549,0.5154004522520168,0.09357267513199094,0.42182777712002584,44.07557481573931,5.94814795270015,45.28068706064483,,44.67235100565353,42.027499999999996,39.38264899434646,692200.0,210310.7,2.4400462294134644,45.332622853759624
2026-03-06,8916,46.75,47.1,46.75,47.05,73000.0,3426250.0,47.19,47.760000000000005,48.4075,48.835833333333326,48.94291666666666,48.99645833333333,20.588235294117453,15.51724137931025,-0.5104527139312367,-0.3154600276470047,-0.194992686284232,2.3708306288658765,31.87798807028306,76.46903029208386,,50.04111884364614,48.4075,46.77388115635386,112400.0,117363.7,0.6494661921708185,46.93493150684932
2026-03-06,8917,64.8,66.8,57.2,57.3,546000.0,34292700.0,57.08,57.11,56.90000000000001,56.766666666666666,56.733333333333334,56.71666666666667,53.271028037383154,52.307692307692285,0.18708823504616845,0.06313274046818375,0.1239554945779847,54.91673001170609,11.341252229135053,49.4943760326734,,59.063817289689204,56.90000000000001,54.73618271031082,158000.0,44760.9,3.4556962025316458,62.80714285714286
2026-03-06,8921,18.2,18.2,17.4,17.85,32000.0,561650.0,,,,,,,10.000000000000142,27.5862068965517,-0.08542098620301175,-0.05235584547298123,-0.03306514073003052,9.347796696343089,48.91747939308212,25.56947901734431,,,,,,,,17.5515625
2026-03-06,8923,,,,,,,,,,,,,68.00000000000003,68.00000000000003,-0.10748380160051241,-0.04550995456139016,-0.061973847039122246,30.86808497402999,30.685433583637433,39.673527347819345,,,,,,,,
2026-03-06,8924,68.2,70.2,68.2,69.9,190000.0,13264900.0,69.38,69.94,70.575,70.925,71.0125,71.05625,46.8085106382979,41.666666666666764,-0.4765419160318203,-0.28370839299124123,-0.19283352304057905,13.061005307842297,21.17798391376174,52.7130068735357,,72.35189853988705,70.575,68.79810146011296,152400.0,84393.75,1.246719160104987,69.81526315789473
2026-03-06,8926,46.5,46.5,45.3,45.7,1412166.0,64651666.0,46.46,45.455,44.532500000000006,43.16,45.34666666666667,44.026250000000005,53.44827586206901,68.08510638297878,1.040356430565268,0.8257674143732658,0.2145890161920021,33.36098447589126,16.628881469707213,37.62564717680585,,47.47658863567936,44.532500000000006,41.58841136432065,1367511.2,1493793.9,1.0326540652829754,45.7819165735473
2026-03-06,8927,24.65,25.15,23.9,24.5,428000.0,10444200.0,24.4,24.160000000000004,24.1025,24.000833333333333,23.975416666666664,23.962708333333335,58.62068965517242,55.555555555555564,0.12437402288945165,0.0617260217229476,0.06264800116650406,19.96586288033954,6.636345060940159,70.08100246098654,,24.8637144037136,24.1025,23.341285596286397,697200.0,725042.85,0.6138841078600115,24.40233644859813
2026-03-06,8928,24.6,24.6,24.35,24.6,20000.0,489100.0,24.93,25.245,25.85,26.25,26.349999999999998,26.4,22.222222222222257,13.725490196078482,-0.44091232849554274,-0.282431242725722,-0.15848108576982073,8.393809157941448,24.683191970738555,49.63922994695171,,27.258246389925024,25.85,24.44175361007498,41200.0,27153.5,0.4854368932038835,24.455
2026-03-06,8929,16.4,16.5,16.25,16.4,29000.0,474700.0,16.4,16.43,16.467499999999998,16.489166666666666,16.494583333333335,16.497291666666666,47.8260869565217,47.368421052631525,-0.03582377128039482,-0.014279287925196416,-0.02154448335519841,17.42712449237096,12.329564045303872,47.31158252047152,,16.715173384244565,16.467499999999998,16.21982661575543,38800.0,21358.8,0.7474226804123711,16.368965517241378
2026-03-06,8930,31.0,31.1,30.4,30.85,72000.0,2211600.0,31.07,31.005000000000003,30.5425,30.180833333333332,30.090416666666666,30.045208333333335,40.90909090909092,60.24096385542172,0.26342747057213245,0.25194413511664443,0.01148333545548802,17.853316701785225,17.024578184071025,50.5877237814911,,31.719594996837664,30.5425,29.365405003162337,88600.0,74307.95,0.8126410835214447,30.716666666666665
2026-03-06,8931,47.5,48.35,47.0,47.85,73000.0,3466650.0,46.870000000000005,45.935,45.4375,45.1125,45.03125000000001,44.99062500000001,95.83333333333356,85.36585365853668,0.5537387356223462,0.24823292695437907,0.30550580866796717,37.308398852952905,1.8886494809884617,60.796237697406134,,47.3519533368427,45.4375,43.5230466631573,84400.0,47380.15,0.8649289099526066,47.48835616438356
2026-03-06,8933,6.66,6.71,6.48,6.64,315000.0,2078140.0,6.731999999999999,6.869,7.2125,7.450833333333334,7.510416666666668,7.540208333333334,31.249999999999943,21.8181818181818,-0.2381070990123435,-0.16571593580415678,-0.07239116320818673,3.7043463827480645,11.854601443743672,37.26469494209963,,7.97686075803326,7.2125,6.448139241966741,368200.0,601436.15,0.8555133079847909,6.597269841269841
2026-03-06,8935,20.05,21.05,20.0,20.6,454000.0,9250550.0,20.82,21.315,20.77,20.256666666666668,20.12833333333333,20.064166666666665,38.59649122807021,53.57142857142858,0.1857925718581619,0.29982019611464467,-0.11402762425648277,18.450058864933517,13.743878216043894,31.027668177454967,,22.57508054930346,20.77,18.964919450696538,599200.0,1047412.95,0.7576769025367156,20.375660792951543
2026-03-06,8936,51.7,51.8,50.8,51.7,1400000.0,71846200.0,52.4,51.529999999999994,51.095,50.765,50.6825,50.64125000000001,55.55555555555557,56.17977528089887,0.3641198313586216,0.2683907770534277,0.0957290543051939,20.729970001737037,19.042451474181732,18.5927222950661,,53.06688128178998,51.095,49.123118718210016,1869800.0,1447661.5,0.7487431810888865,51.318714285714286
2026-03-06,8937,149.5,149.5,146.5,149.5,57000.0,8453500.0,149.6,144.4,136.975,131.99166666666667,130.74583333333334,130.12291666666667,63.333333333333336,79.41176470588235,5.44913506010522,3.728985781839904,1.7201492782653163,22.52438126574145,2.1388140825278765,49.706018483347286,,155.36113608129781,136.975,118.58886391870217,123200.0,160489.35,0.46266233766233766,148.30701754385964
2026-03-06,8938,68.9,69.5,68.4,69.0,283000.0,19531700.0,68.06,68.02000000000001,69.41499999999999,70.33833333333334,70.56916666666666,70.68458333333334,66.66666666666666,38.157894736842145,-0.7410259514500126,-0.652120054295876,-0.08890589715413655,9.770635078833449,15.99458849403746,45.51368125353703,,72.41343818995034,69.41499999999999,66.41656181004964,220800.0,266823.4,1.2817028985507246,69.01660777385159
2026-03-06,8940,19.8,19.8,19.35,19.65,31973.0,625171.0,19.64,19.825,20.0825,20.246666666666666,20.339583333333334,21.09375,31.5789473684209,33.333333333333215,-0.18539345556855835,-0.1228587050463099,-0.06253475052224845,20.64561689269803,14.592003551920127,19.78123602966648,,20.72835724347335,20.0825,19.43664275652665,61596.2,58659.05,0.5190742286050114,19.553091671097487
2026-03-06,8941,45.5,45.5,45.5,45.5,9000.0,409500.0,46.25,46.339999999999996,46.32,46.373333333333335,46.38666666666667,46.39333333333333,23.529411764705856,37.14285714285714,-0.07729418575257085,-0.011606772893966492,-0.06568741285860435,4.2208233718664424e-12,20.332468527453816,89.51693163652942,,46.941881694621465,46.32,45.698118305378536,11400.0,6500.8,0.7894736842105263,45.5
2026-03-06,8942,35.75,36.6,35.65,36.0,281000.0,10110800.0,36.83,37.035000000000004,37.4125,37.6375,37.69375,37.721875,31.944444444444528,35.537190082644656,-0.3224996814804655,-0.14471877496728963,-0.17778090651317585,7.994988775303859,16.264512208011805,54.621265264573076,,38.72353615109335,37.4125,36.101463848906654,288400.0,243604.0,0.9743411927877947,35.98149466192171
2026-03-06,8996,770.0,790.0,755.0,777.0,296134.0,229432872.0,848.6,864.5,818.1,630.5833333333334,517.9166666666666,387.50166666666667,22.317596566523605,52.81954887218045,58.66242501384886,74.10420651622431,-15.441781502375449,30.88638794075374,31.650613663297307,38.827535609001536,,956.2911719322212,818.1,679.9088280677788,1355872.2,2915988.35,0.21840849012170913,774.7603179641649
2026-03-06,9103,5.2,5.27,5.1,5.25,516910.0,2695235.0,5.382,5.327,5.494999999999999,4.900499999999999,4.881666666666667,5.1502083333333335,53.12499999999999,32.29813664596273,0.10324994589449954,0.16715691033431357,-0.06390696443981403,30.460801025447914,33.53579147375672,18.69404225659516,,6.524143742197973,5.494999999999999,4.4658562578020256,1639322.8,2787588.35,0.31531922815933505,5.214128184790389
2026-03-06,9105,5.65,5.76,5.62,5.74,8640414.0,49350695.0,5.95,5.944000000000001,6.017,5.9430000000000005,6.05025,6.401833333333332,40.96385542168679,38.732394366197205,-0.020629727953747512,0.01078702656348703,-0.03141675451723454,29.33307291101393,32.93722763598903,19.780629762887735,,6.302295783723515,6.017,5.731704216276485,19254961.0,18951446.15,0.4487370293816747,5.711612313946993
2026-03-06,9110,3.01,3.01,3.0,3.0,10000.0,30040.0,,,,,,,43.99999999999996,49.999999999999964,-0.008312985739651335,-0.005057131690129899,-0.0032558540495214363,15.857681440403262,15.642811161722788,14.865269489961555,,,,,,,,3.004
2026-03-06,9136,8.2,8.23,8.01,8.19,250220.0,2039146.0,7.725999999999999,7.618,7.7425,7.401333333333333,6.974749999999999,6.838083333333333,72.95081967213113,58.17307692307692,0.07141956538503091,0.044581789978487635,0.02683777540654328,34.89395614489123,21.13179411494207,20.2742468852142,,8.364817400824002,7.7425,7.120182599175998,298475.2,324513.25,0.8383276064477049,8.149412516985054
2026-03-06,9802,90.7,90.8,89.5,90.1,836691.0,75381018.0,92.7,93.23,94.25,102.72166666666666,103.53083333333333,107.18166666666666,38.383838383838324,36.68639053254439,-2.7350940523794236,-2.797138078240341,0.06204402586091762,14.71634570905556,29.193302300116258,20.43552402782241,,97.80261208571204,94.25,90.69738791428796,839100.6,1133733.35,0.9971283538588818,90.09421399297949
2026-03-06,9902,15.85,15.95,15.6,15.85,111797.0,1768119.0,16.29,16.520000000000003,16.865,17.1,16.637083333333333,16.473375,11.111111111111143,32.835820895522346,-0.29015604973294984,-0.18529321359975293,-0.10486283613319691,14.734683558046664,28.654742319845806,14.977360658099975,,18.105585600262657,16.865,15.62441439973734,218291.6,278915.6,0.5121452222623316,15.815442274837428
2026-03-06,9904,29.4,30.15,29.35,30.1,4870290.0,145565198.0,30.560000000000002,30.75,30.8,30.473333333333336,29.605,31.007916666666667,30.76923076923073,44.77611940298511,-0.04457044302105473,0.058237957544216575,-0.1028084005652713,20.264299175861535,31.131735094836436,12.903433892238343,,31.549736795921632,30.8,30.05026320407837,7379399.6,7401815.9,0.659984587363991,29.888404591923685
2026-03-06,9905,20.5,20.8,20.45,20.7,75067.0,1545227.0,20.659999999999997,20.415,20.2375,20.075833333333332,20.485416666666666,21.67458333333333,84.61538461538444,70.37037037037032,0.17199048971819408,0.10127105353893788,0.0707194361792562,31.82139930771986,11.244843762652316,30.76456688559856,,20.802137750662634,20.2375,19.672862249337367,140704.6,112290.4,0.5335077886579401,20.584637723633556
2026-03-06,9906,41.35,42.6,41.05,42.55,242350.0,10232495.0,42.36,43.45,44.339999999999996,47.1425,54.61375,71.15041666666666,36.29629629629626,43.56846473029044,-1.6332957779983133,-1.5073700145473168,-0.1259257634509965,19.392536388054815,26.046045295890252,19.691136740421094,,47.17949587814588,44.339999999999996,41.500504121854114,327708.6,304825.45,0.7395289595695689,42.221972354033426
2026-03-06,9907,18.8,19.0,18.65,18.95,2695217.0,50682955.0,18.990000000000002,18.555,18.3475,18.458333333333332,18.27625,18.111666666666665,75.99999999999979,74.41860465116278,0.1836457992766718,0.06292695420979552,0.12071884506687627,38.3925144754683,21.017510463149062,19.923311158059228,,19.36185745801542,18.3475,17.33314254198458,3373366.4,2765576.5,0.7989695397452231,18.80477712926269
2026-03-06,9908,31.5,33.0,31.45,31.95,5169589.0,165319082.0,30.580000000000002,30.234999999999996,30.015000000000004,30.014166666666668,30.01583333333333,30.395416666666666,100.0,88.67924528301884,0.2322097749311105,0.05170904198218434,0.18050073294892616,55.82996286105724,2.071498485458864,40.234248159935326,,31.036917701908294,30.015000000000004,28.993082298091714,1613553.2,534167.3,3.2038540780682037,31.97915385536452
2026-03-06,9910,93.8,93.8,90.2,90.6,3729806.0,339742044.0,93.34,93.05999999999999,93.985,112.81166666666667,117.1975,118.60291666666667,43.41085271317829,36.0,-4.864438496131029,-5.808720766903756,0.9442822707727263,20.15680819948515,26.944656604666772,39.3254595717251,,97.87034358029095,93.985,90.09965641970905,10965026.8,4340196.85,0.3401547545693185,91.08839548223152
2026-03-06,9911,89.1,89.4,88.3,89.0,292973.0,26051403.0,87.75999999999999,86.61,85.3,84.39166666666667,85.16916666666665,85.38729166666667,87.23404255319159,83.72093023255809,1.131104533394634,0.6532899768433311,0.4778145565513028,41.594580672652896,13.452376495681632,33.67959003848652,,88.90000000000003,85.3,81.69999999999996,446332.0,354935.9,0.6564015127752435,88.92083229512617
2026-03-06,9912,12.05,12.15,12.05,12.15,64369.0,778902.0,12.15,,,,,,71.4285714285715,77.77777777777783,-0.0007368030916463653,-0.01796159889046196,0.017224795798815595,20.797519104945508,16.133666442784776,17.392427702509668,,,,,94930.4,46985.25,0.6780651930256273,12.100576364399013
2026-03-06,9914,70.9,71.6,69.9,70.3,1285358.0,90723870.0,73.66,77.74,82.33,87.50500000000001,97.15916666666666,113.24166666666666,0.0,20.502092050209214,-3.9828091907263996,-2.64090924903621,-1.3418999416901896,13.532471379477581,38.37741198666264,24.059695285115954,,94.18635072995234,82.33,70.47364927004766,2272485.4,1983648.95,0.565617715299733,70.58256921418001
2026-03-06,9917,105.0,106.0,105.0,106.0,332517.0,35154527.0,106.0,105.75,105.775,106.725,109.11666666666666,113.56833333333334,55.55555555555556,47.05882352941176,-0.21298163661268177,-0.329267423606702,0.11628578699402026,11.650920573125376,17.488788736793406,17.22772630505475,,106.96597483290871,105.775,104.5840251670913,574746.8,637429.8,0.5785451959019171,105.72249539121309
2026-03-06,9918,54.5,55.8,53.4,55.8,2397432.0,133349163.0,45.870000000000005,42.85,41.225,,,,100.0,95.48022598870054,2.1364888045192387,0.6817528300382288,1.45473597448101,80.66364900350135,5.207671863521782,41.4469773718739,,49.70764482092083,41.225,32.742355179079176,1320674.8,343110.4,1.8153083560010381,55.6216664330834
2026-03-06,9919,16.15,16.25,15.9,16.2,326691.0,5266142.0,16.37,16.550000000000004,16.955000000000002,16.780833333333334,16.953333333333333,17.449375,19.99999999999993,32.60869565217391,-0.1589754198712221,-0.05098886054548812,-0.10798655932573398,21.601171769583047,19.630051098148822,28.777804282698103,,18.598135641644497,16.955000000000002,15.311864358355509,462521.0,1867553.05,0.706326847862043,16.119642108291934
2026-03-06,9921,78.2,79.6,77.7,77.9,1536569.0,120533515.0,81.1,83.96000000000001,87.84,93.63000000000001,98.06750000000001,112.35666666666665,11.811023622047259,24.778761061946895,-3.79149083387928,-2.880168640994229,-0.9113221928850508,11.742289953049537,33.7253277118507,21.591289083892285,,97.48624824806335,87.84,78.19375175193666,2169874.8,2065167.1,0.7081371699417865,78.44328175304851
2026-03-06,9924,46.55,46.55,46.15,46.3,68908.0,3190492.0,47.419999999999995,47.6,48.0425,51.44083333333333,48.99083333333333,48.81125,29.03225806451607,35.398230088495495,-1.1657854049202925,-1.1780133444757064,0.012227939555413903,13.535202326234238,41.14733522264605,38.95914239137697,,49.859749222545965,48.0425,46.22525077745403,89081.4,94325.35,0.7735397063809056,46.30074882451965
2026-03-06,9925,40.8,41.2,40.75,40.85,225262.0,9225169.0,40.86,40.910000000000004,40.802499999999995,40.735833333333325,40.73583333333333,40.935625,16.66666666666785,53.84615384615389,0.038708985319736655,0.04014011732252185,-0.0014311320027851973,27.671764998164043,16.170682410253335,18.06212600419991,,41.11951734968326,40.802499999999995,40.48548265031673,288891.2,232277.85,0.7797468389483653,40.95306354378457
2026-03-06,9926,50.4,54.5,50.4,52.0,1136188.0,60219948.0,50.42999999999999,49.985,49.62,,,,83.58208955223887,77.31958762886596,0.31045827599098885,0.0884156261300009,0.22204264986098796,45.947992548487,4.952742621232028,30.73148975517347,,50.98936404755531,49.62,48.25063595244468,338977.8,97631.0,3.3518065194829867,53.00174618989111
2026-03-06,9927,67.2,68.2,67.2,68.2,42256.0,2863870.0,68.97999999999999,69.16999999999999,69.63000000000001,65.83833333333334,62.51833333333333,65.59583333333333,34.090909090909165,31.74603174603176,0.27158321032871413,0.6482924082869654,-0.3767091979582513,23.663458137881104,29.97176267181356,29.04882619212451,,71.36763299377559,69.63000000000001,67.89236700622443,62228.0,76706.6,0.6790512309571254,67.77428057553956
2026-03-06,9928,17.6,18.4,17.6,17.95,23081.0,413964.0,18.0,18.125,18.1725,18.363333333333333,18.011250000000004,,29.99999999999993,31.8181818181818,-0.16483125181912328,-0.1295400617149039,-0.03529119010421938,29.164161557511996,26.279605930597977,7.690568277803103,,18.4776746695699,18.1725,17.8673253304301,36113.6,41755.5,0.6391221035842453,17.93527143537975
2026-03-06,9929,10.4,10.4,10.35,10.4,6002.0,62319.0,10.379999999999999,10.489999999999998,,,,,48.38709677419359,41.860465116279094,-0.08297676097457796,-0.05254819142373563,-0.030428569550842326,8.054041238255994,19.42040261544532,26.53463364814086,,,,,16969.4,8760.15,0.35369547538510493,10.383038987004332
2026-03-06,9930,70.5,72.1,70.3,72.0,132452.0,9477485.0,71.64000000000001,70.67,70.35499999999999,70.64833333333333,70.83,71.57416666666667,69.38775510204086,62.337662337662344,0.30639108010441873,0.03661802079403634,0.2697730593103824,34.566686011199295,21.12247952880602,19.24726031487183,,72.25511080009531,70.35499999999999,68.45488919990467,132953.6,104822.65,0.9962272552228747,71.55411016821188
2026-03-06,9931,46.5,46.65,46.1,46.65,1133602.0,52848328.0,38.86,36.515,35.3025,,,,98.44357976653694,94.71830985915489,1.6433265320197918,0.523836672782509,1.1194898592372828,77.86737507611889,6.8973600375997295,27.66482958496208,,41.822709473548095,35.3025,28.782290526451906,679275.0,179239.3,1.668841043759891,46.6198260059527
2026-03-06,9933,30.6,30.85,30.2,30.45,2329019.0,70774165.0,30.9,30.895,31.259999999999998,31.825833333333335,31.779166666666665,,39.99999999999999,44.554455445544555,-0.27983670865462074,-0.2607314638625552,-0.019105244792065545,21.029587338168724,24.619295118177526,8.158446443597349,,32.48199147210384,31.259999999999998,30.03800852789615,4808638.6,3388387.9,0.4843406198170102,30.387972360895294
2026-03-06,9934,9.46,9.75,9.41,9.69,721576.0,6963886.0,9.788,9.875,10.038499999999999,9.965333333333335,10.107666666666665,10.816333333333334,34.482758620689566,33.85826771653542,-0.0900528107744929,-0.04004328153454987,-0.05000952923994303,24.733501262467353,28.752400451854914,15.014785575083723,,10.537436764267559,10.038499999999999,9.53956323573244,668129.2,593173.5,1.0799947076104444,9.650939055622693
2026-03-06,9935,18.0,18.7,18.0,18.65,199757.0,3672892.0,18.8,19.065,19.51,20.078333333333333,20.177500000000002,22.849791666666665,27.027027027027003,31.34328358208957,-0.4117675201528179,-0.31787719242138013,-0.0938903277314378,10.774273020524815,31.324064046906138,29.99339059068706,,20.638855964894518,19.51,18.381144035105486,369822.2,261388.1,0.5401433445585473,18.386799961953773
2026-03-06,9937,58.8,60.2,58.5,59.1,236775.0,14090020.0,58.919999999999995,58.129999999999995,57.85,57.748333333333335,,,82.75862068965516,66.00000000000003,0.287958261111676,0.06639674794074438,0.22156151317093162,37.394904756870204,23.014040714731372,15.233076700591644,,59.373845550954144,57.85,56.32615444904586,129420.4,65899.1,1.8295029222595511,59.508056171470805
2026-03-06,9938,49.8,50.2,49.75,50.1,630661.0,31515206.0,51.160000000000004,51.61,51.3,52.945,54.05,56.890208333333334,21.62162162162157,50.81967213114756,-0.3389779262676882,-0.31091206781207914,-0.02806585845560905,18.654349976262726,28.46566429385507,12.058838878561613,,52.860026990321366,51.3,49.73997300967863,1100675.4,1411586.75,0.5729763743243467,49.971705876849846
2026-03-06,9939,120.5,120.5,119.0,119.5,507848.0,60617501.0,121.5,120.9,120.6,121.99166666666666,127.03333333333333,139.50750000000002,45.45454545454546,48.71794871794872,0.05088299995871637,-0.12008743736975498,0.17097043732847134,20.32035716411516,17.38771086838466,14.450535839347806,,124.36409631288579,120.6,116.8359036871142,1184157.6,1249824.7,0.42886858978906184,119.36150383579339
2026-03-06,9940,20.5,20.55,20.3,20.45,521686.0,10653507.0,21.29,21.59,21.755000000000003,22.3825,23.217916666666664,25.351875,9.756097560975576,28.57142857142857,-0.3646699858584981,-0.24965914289681,-0.11501084296168809,13.995203632326275,41.064703315518045,22.361837426939854,,22.747551205095462,21.755000000000003,20.762448794904543,601298.6,424301.5,0.8675988934615847,20.421301319184337
2026-03-06,9941,72.8,76.8,72.8,75.9,3279472.0,248184742.0,74.14,75.56000000000002,77.04,87.12166666666667,93.93166666666667,101.22749999999999,47.31182795698924,42.5373134328358,-3.3947105799925907,-3.5479291312298833,0.15321855123729256,22.488385663779955,34.50334813470467,44.67444593872127,,81.2459606825503,77.04,72.83403931744971,1999847.6,1613733.3,1.639860957404954,75.67826223245693
2026-03-06,9942,117.5,119.0,117.5,118.5,61236.0,7239712.0,118.5,117.2,114.6,108.43333333333334,108.50416666666666,111.53875,54.54545454545455,61.904761904761905,2.935851889977201,2.6156853217678804,0.32016656820932043,32.90150097938214,9.173718642211762,47.54422812165238,,121.48705880237512,114.6,107.71294119762487,139560.2,148249.85,0.43877839097393095,118.22640276961265
2026-03-06,9943,57.4,57.4,56.7,57.0,88379.0,5033787.0,58.44,59.029999999999994,59.30499999999999,60.47666666666667,62.8525,69.62916666666666,11.7647058823529,21.276595744680833,-0.6669017901411181,-0.4845306263584446,-0.18237116378267343,11.998477437182864,41.690433427620846,31.84127270150444,,60.8439333284789,59.30499999999999,57.76606667152109,87047.6,59989.15,1.0152950799332778,56.95682232204483
2026-03-06,9944,16.55,16.7,16.45,16.6,69439.0,1147840.0,16.69,16.725,16.795,16.815,16.862083333333334,17.346041666666668,14.285714285714434,47.36842105263175,-0.05798283001529114,-0.03893777042619428,-0.019045059589096865,26.363400070988106,22.725368553479576,23.012229732319312,,17.236170691397028,16.795,16.353829308602975,38319.0,85991.75,1.8121297528641145,16.530191967050218
2026-03-06,9945,28.15,28.65,28.0,28.5,3340300.0,94889371.0,29.119999999999997,29.119999999999997,29.045000000000005,29.629166666666666,29.85916666666667,31.811666666666667,38.18181818181824,46.875,-0.18189751809349275,-0.17203092691627753,-0.009866591177215223,14.424738854182607,25.001817645675022,16.401389158057842,,29.934056270787018,29.045000000000005,28.155943729212993,5337334.0,5979742.2,0.6258367941747697,28.407439750920577
2026-03-06,9946,17.2,17.35,17.05,17.3,356314.0,6130113.0,16.97,16.785,16.91,17.485833333333336,18.115000000000002,19.39875,93.33333333333327,59.99999999999997,-0.23486720607729694,-0.317349924120218,0.08248271804292107,19.16001681759829,19.41028558329081,21.27376814790391,,17.597941245960435,16.91,16.222058754039566,377378.8,312274.15,0.9441812841632864,17.20424400949724
2026-03-06,9949,26.4,28.1,26.4,27.7,52000.0,1423900.0,27.47,26.96,26.5925,26.2975,26.22375,26.186875,61.818181818181834,62.015503875968996,0.3092343885658231,0.2081974901414673,0.10103689842435579,12.361948128185626,16.571266118075734,42.85738182614012,,27.900079121083987,26.5925,25.284920878916015,64800.0,45071.5,0.8024691358024691,27.38269230769231
2026-03-06,9950,10.45,10.65,10.45,10.65,42000.0,445050.0,10.59,10.665,10.787500000000001,10.862500000000002,10.88125,10.890625,59.99999999999993,40.00000000000003,-0.08738111535963355,-0.05953432856690686,-0.027846786792726695,4.338170045522793,4.624322875382587,40.19742709911867,,11.122910196624971,10.787500000000001,10.452089803375031,71200.0,224377.05,0.5898876404494382,10.596428571428572
2026-03-06,9951,54.2,54.2,53.6,54.0,57000.0,3069400.0,54.760000000000005,54.9,54.86999999999999,54.82333333333334,54.81166666666666,54.805833333333325,23.33333333333337,41.666666666666714,-0.06860773541750831,0.04691074252517078,-0.11551847794267908,6.111865333440646,18.65737681514723,28.030615912248003,,55.946250802310786,54.86999999999999,53.793749197689195,115200.0,92989.2,0.4947916666666667,53.849122807017544
2026-03-06,9955,34.2,34.6,33.8,34.0,793695.0,27106206.0,34.510000000000005,33.71,34.769999999999996,31.79083333333333,30.51833333333333,29.836250000000003,58.78787878787881,44.87951807228915,0.45406648779326986,0.524475471489249,-0.07040898369597914,35.463522056378046,28.724667195357956,23.7535053789864,,39.17900991392095,34.769999999999996,30.360990086079042,905060.6,2032663.95,0.8769523278330755,34.15191729820649
2026-03-06,9958,121.0,124.5,120.5,123.5,821074.0,100808942.0,126.3,126.6,130.95,137.20833333333334,155.67916666666667,170.06979166666667,42.42424242424243,30.769230769230774,-3.5487935246320177,-3.21241427210877,-0.33637925252324763,13.8837774529287,25.37020697379192,18.874596637022663,,142.30039994657866,130.95,119.59960005342131,1362977.8,1499665.4,0.6024118661360441,122.77692631845608
2026-03-06,9960,22.6,22.6,22.15,22.35,6000.0,134450.0,22.64,,,,,,15.789473684210705,35.89743589743587,-0.14619455738281317,-0.06810464475676191,-0.07808991262605126,21.220805020518767,32.90204447970811,58.2692897704909,,,,,9600.0,,0.625,22.408333333333335
2026-03-06,9962,11.6,11.6,11.2,11.45,47000.0,534750.0,11.51,11.52,11.5375,11.545833333333333,11.547916666666667,11.548958333333333,38.461538461538446,45.454545454545396,-0.015121677919784915,-0.005014665504273047,-0.010107012415511868,5.884550073001853,9.257792106928969,62.76868544166077,,11.678455386745707,11.5375,11.396544613254292,81000.0,65165.45,0.5802469135802469,11.377659574468085
