trade_date,stock_id,open,high,low,close,volume,amount,ma_5,ma_10,ma_20,ma_60,ma_120,ma_240,rsi_6,rsi_14,macd_dif,macd_dea,macd_hist,dmi_pdi,dmi_mdi,dmi_adx,dmi_adxr,bb_upper,bb_mid,bb_lower,vol_ma5,vol_ma20,vol_ratio,vwap
2026-05-11,0050,96.65,97.15,96.5,96.9,96606391.0,9362479353.0,96.39000000000001,94.28,89.65,80.07333333333334,71.30916666666667,85.23979166666668,90.00000000000003,82.58575197889184,4.869183398764747,4.395154307192616,0.474029091572131,47.56208997599983,16.449464186061157,42.787384936016416,,100.35572891394555,89.65,78.94427108605446,107911557.0,111846538.6,0.8952367446611859,96.9136643661598
2026-05-11,0051,132.65,135.3,132.65,135.25,84059.0,11280321.0,131.5,128.775,124.995,113.6625,101.66541666666666,88.95145833333332,100.0,88.65030674846628,5.255193376813125,4.747484335782919,0.5077090410302061,42.73532171079199,10.875354356651552,37.588730145962955,,135.08886994795787,124.995,114.90113005204213,79886.8,116225.85,1.0522264003565045,134.1952795060612
2026-05-11,0052,56.75,57.1,56.5,56.95,30943205.0,1761816241.0,56.620000000000005,55.285000000000004,52.6715,47.371,103.67399999999999,145.82866666666666,89.09090909090918,79.02621722846443,2.462842079079408,2.0008499202122763,0.46199215886713185,44.97765759766861,19.957463047723635,32.386961364861676,,58.766776082868276,52.6715,46.57622391713173,35368431.8,51098558.45,0.8748820183766248,56.93709623809169
2026-05-11,0053,223.95,225.0,222.85,224.25,30019.0,6715938.0,221.56,216.715,205.46750000000003,179.99749999999997,157.95333333333335,131.17458333333332,79.41176470588242,78.82011605415862,12.345607147990847,11.322592185265604,1.0230149627252434,45.23401699965642,14.873493004833463,48.79153060492759,,231.72451460161915,205.46750000000003,179.2104853983809,36538.0,32397.9,0.8215830094695933,223.7229088244112
2026-05-11,0055,34.39,34.48,34.0,34.0,597317.0,20466843.0,33.96,33.602,33.441500000000005,32.896499999999996,31.85525,30.351583333333334,71.42857142857143,57.3289902280131,0.3156445011509561,0.23937918944966852,0.07626531170128759,32.5500977069691,15.971965095554076,17.41588377676475,,34.23458259342862,33.441500000000005,32.64841740657139,422388.4,363526.0,1.4141415815396445,34.26462498137505
2026-05-11,0056,45.04,45.79,44.85,45.76,70902233.0,3219371307.0,44.362,42.757,41.837,39.526,38.04358333333334,36.26508333333333,100.0,74.57044673539515,1.431871013475238,1.0347435793078632,0.3971274341673747,54.327232005462456,14.111358152282094,29.91133871894707,,45.292814931692455,41.837,38.38118506830755,89715149.8,86748787.9,0.7903039024965213,45.40578160634236
2026-05-11,0057,287.65,289.1,287.0,288.35,9289.0,2674743.0,286.77000000000004,280.335,266.545,237.51333333333332,210.25291666666666,177.38895833333333,86.35437881873739,82.40495137046864,14.662002296096546,13.272437008676652,1.3895652874198934,54.58430239057833,16.61119223976079,42.368415909916,,298.7681348731355,266.545,234.32186512686448,9803.0,30688.45,0.9475670713047026,287.94735708903005
2026-05-11,0061,24.82,25.19,24.82,25.17,414601.0,10371395.0,24.89,24.618,24.3635,23.753,23.077749999999998,21.04125,85.32110091743122,81.21212121212127,0.36454848270831874,0.2983598917495666,0.06618859095875212,39.46041694214081,15.308412120737517,28.409676417081066,,25.08697916712564,24.3635,23.640020832874356,358533.8,344641.5,1.1563791196255415,25.015364169406247
2026-05-11,1101,25.15,25.65,25.05,25.4,23860637.0,604508413.0,25.01,24.725,24.777499999999996,24.88083333333333,23.6625,,66.66666666666666,58.82352941176469,0.1643515276783738,0.08558492749990908,0.07876660017846472,23.20621395750619,14.713675203244986,15.120177626850628,,25.57187164840607,24.777499999999996,23.983128351593923,32527332.4,26165684.1,0.7335565273714238,25.33496540767122
2026-05-11,1102,35.0,35.05,34.6,34.65,8502942.0,295267736.0,34.940000000000005,35.06,35.305,35.1475,36.16541666666667,38.620416666666664,30.000000000000213,45.58823529411758,-0.10469827597040648,-0.020768197827559433,-0.08393007814284706,17.49893979686668,20.084764049850754,13.700794515495152,,36.03474400702792,35.305,34.57525599297208,6844894.2,9533123.65,1.2422313262343776,34.72536164541638
2026-05-11,1103,13.4,13.55,13.35,13.45,241941.0,3247738.0,13.41,13.419999999999998,13.615,13.76,13.665000000000001,14.018333333333334,50.0,33.333333333333286,-0.09814184939224369,-0.08307482467097972,-0.015067024721263964,16.871499962924293,19.01337400946691,16.82124414279112,,14.071646817343153,13.615,13.158353182656848,276213.8,306416.35,0.8759193059868841,13.423677673482377
2026-05-11,1104,28.3,28.45,28.25,28.3,610558.0,17290100.0,28.290000000000003,28.355,28.737500000000004,29.28166666666667,30.069999999999997,29.430208333333333,33.33333333333333,20.689655172413993,-0.30063943360615397,-0.27660629992808866,-0.02403313367806531,7.2267630869745245,24.019620935345667,35.881640872372216,,29.607995926409185,28.737500000000004,27.867004073590824,688002.4,757548.3,0.8874358577818914,28.318521745681817
2026-05-11,1108,14.6,14.65,14.55,14.6,241210.0,3518376.0,14.59,14.575,14.6675,14.898333333333333,14.93625,14.876041666666667,66.66666666666666,38.461538461538375,-0.08044181953204443,-0.08632432156115877,0.005882502029114334,10.947893829906475,18.118055961089595,27.21351677863452,,14.921468501984009,14.6675,14.413531498015992,204080.8,241104.1,1.181933822289995,14.586360432817877
2026-05-11,1109,15.45,15.5,15.3,15.5,283942.0,4379259.0,15.419999999999998,15.439999999999998,15.4375,15.410833333333334,15.492083333333333,15.982499999999998,66.66666666666706,55.55555555555564,0.012247976715705988,0.011616526514397764,0.000631450201308224,12.087612595217422,22.174292109100264,15.134727037575587,,15.52256963092197,15.4375,15.35243036907803,171589.2,161829.4,1.6547778065286158,15.423075839431997
2026-05-11,1110,15.0,15.35,14.75,15.35,186373.0,2803323.0,15.12,15.154999999999998,15.2775,15.6225,16.117916666666666,17.32041666666667,47.36842105263154,47.54098360655736,-0.08713650658768657,-0.10631271388290323,0.019176207295216657,18.211516123183284,18.668085205756935,16.60907443496207,,15.952212414370702,15.2775,14.602787585629297,157433.2,185342.55,1.1838227260831895,15.041465233698014
2026-05-11,1201,12.35,12.35,12.2,12.25,418340.0,5137865.0,12.330000000000002,12.444999999999999,12.830000000000002,13.653333333333334,14.304583333333333,15.162083333333333,30.76923076923073,17.857142857142776,-0.35467430110357334,-0.3305866076588654,-0.024087693444707958,7.145230296389002,35.250483924003454,64.21542686721321,,13.685569985448545,12.830000000000002,11.974430014551459,415052.8,516223.65,1.0079199562079812,12.28155328201941
2026-05-11,1203,44.0,44.0,44.0,44.0,5149.0,226050.0,43.55,43.46,43.302499999999995,40.8275,,,56.8965517241379,52.4590163934426,0.7970871490030476,0.8763380359097213,-0.0792508869066737,24.653565235885807,14.675906956342477,32.43919613469787,,44.949658638062864,43.302499999999995,41.655341361937126,24432.0,39334.3,0.2107481990831696,43.90172849096912
2026-05-11,1210,52.8,53.0,52.1,52.3,2608180.0,136446897.0,52.379999999999995,52.94,53.620000000000005,52.85,52.434999999999995,55.76875,31.034482758620655,29.230769230769212,-0.32619386492743985,-0.10476737636140677,-0.2214264885660331,16.522036825998025,22.760790684460304,19.316512057662003,,55.552110926313674,53.620000000000005,51.687889073686335,2058485.6,2362612.2,1.2670382537531475,52.314984778657916
2026-05-11,1213,8.58,9.0,8.34,9.0,43201.0,364327.0,8.89,8.89,,,,,48.42105263157899,43.22916666666667,-0.1988164699213364,-0.21172730156928724,0.012910831647950843,11.72578502643837,34.11756966184496,34.32340103893589,,,,,24918.6,27002.1,1.7336848779626466,8.433300155089002
2026-05-11,1215,134.0,134.0,130.5,133.0,1952560.0,257326017.0,137.1,138.2,140.35,145.91666666666666,142.19583333333333,130.74375,23.80952380952381,21.212121212121204,-2.3005626578308807,-1.8083509824536999,-0.4922116753771808,11.162895509498105,31.292171595783053,22.867520263003485,,146.54082512993966,140.35,134.15917487006033,2251305.4,1460426.85,0.8673012555293476,131.78904463883313
2026-05-11,1216,73.0,74.2,72.5,73.9,15953926.0,1173683816.0,70.86,70.42999999999999,71.39500000000001,71.87000000000002,74.45250000000001,77.0125,85.93750000000011,56.07476635514025,-0.19647600625013695,-0.44620613712614515,0.2497301308760082,32.09232796952289,19.48699070794729,21.600184052307075,,74.6215184103978,71.39500000000001,68.16848158960222,19494559.6,13218331.65,0.8183783746517669,73.56708411459348
2026-05-11,1217,9.66,9.69,9.62,9.63,727167.0,7012290.0,9.676,9.801,10.058,10.287666666666667,10.335916666666666,10.622125,0.0,0.0,-0.17646600911021793,-0.128504593334023,-0.04796141577619492,8.3961028234529,35.32815579149256,39.562689700816236,,10.635530131362577,10.058,9.480469868637423,918080.2,757463.5,0.792051718357503,9.643300644831243
2026-05-11,1218,19.2,19.2,19.05,19.15,558664.0,10687872.0,18.990000000000002,18.95,19.0075,18.776666666666664,18.59625,19.310625,66.66666666666666,57.692307692307665,0.008481605399868641,0.004830128099781266,0.0036514773000873753,22.35422469614609,17.929885025939267,19.36544099033024,,19.382052364408825,19.0075,18.632947635591176,608341.2,771446.5,0.9183399053031425,19.131127117551873
2026-05-11,1219,13.4,13.4,13.25,13.3,838149.0,11157463.0,13.39,13.45,13.794999999999998,13.7,13.660833333333333,14.011458333333334,0.0,0.0,-0.14448053913203118,-0.08710948180508238,-0.057371057326948804,14.745046923311577,24.821585585667574,27.019618176738383,,14.6521065155203,13.794999999999998,12.937893484479696,561105.0,651096.35,1.4937471596225305,13.312028052291419
2026-05-11,1220,12.25,12.4,12.1,12.35,282917.0,3465179.0,12.32,12.370000000000001,12.4925,12.675,12.709166666666667,13.185416666666667,28.5714285714285,37.499999999999865,-0.0879890523610154,-0.0757030663596931,-0.012285986001322302,15.909586036628468,21.618172093426416,11.263892418966922,,12.810842748093428,12.4925,12.174157251906571,172242.8,138921.95,1.6425476130206895,12.248040944870757
2026-05-11,1225,32.0,32.25,31.7,32.05,627713.0,19934076.0,32.4,32.18,32.725,31.229166666666664,30.730416666666667,34.06395833333333,50.98039215686269,37.33333333333328,0.0660596956903774,0.16905479841150933,-0.10299510272113194,26.258299419732328,23.527016755749404,20.585478819852305,,34.597094239642104,32.725,30.8529057603579,464415.4,374576.8,1.3516196921979762,31.756672237152966
2026-05-11,1227,29.05,29.2,28.85,28.85,986493.0,28577074.0,28.860000000000003,28.975,29.452500000000004,29.645,30.3375,31.465416666666666,42.857142857143,20.454545454545453,-0.32635678853712946,-0.27012675690796906,-0.056230031629160404,17.48825074192654,24.21805647229954,21.50176303251682,,30.622958749469607,29.452500000000004,28.2820412505304,876372.6,1069345.85,1.1256547728671573,28.968349496651268
2026-05-11,1229,42.1,42.1,41.0,41.1,5460594.0,224824997.0,41.58,41.584999999999994,42.647499999999994,44.22416666666667,46.120416666666664,46.144375,46.00000000000007,25.23364485981304,-0.8149948253862291,-0.7654744241177177,-0.04952040126851143,19.960073815215402,34.947221405917986,24.549092629554195,,45.0162605019903,42.647499999999994,40.278739498009685,3404495.6,3205071.4,1.6039362776676815,41.17226019733384
2026-05-11,1231,86.5,87.3,86.5,87.0,276520.0,24059194.0,86.85999999999999,86.86,88.02000000000001,90.15,97.21083333333333,117.12416666666668,55.55555555555564,36.708860759493675,-1.0540757003949892,-1.0250157471441275,-0.029059953250861748,23.198146123529177,26.983168050221774,15.150242393594372,,90.86963524906967,88.02000000000001,85.17036475093035,396282.6,369599.3,0.6977848636301468,87.007066396644
2026-05-11,1232,148.0,149.0,148.0,148.0,91049.0,13487652.0,148.1,148.5,149.25,149.01666666666668,147.02916666666667,149.88333333333333,33.33333333333333,20.0,-0.4318511130975651,-0.23537433929641452,-0.19647677380115056,12.486321187670368,16.709652059608135,12.726718834775749,,151.2101288894249,149.25,147.2898711105751,103071.0,94119.4,0.8833619543809607,148.13619040296982
2026-05-11,1233,29.0,29.0,28.75,28.75,22053.0,636944.0,28.85,28.830000000000002,28.96,30.4525,30.889999999999997,31.249166666666667,50.0,44.68085106382979,-0.31053105099216083,-0.3906445865339574,0.08011353554179657,23.763275490477756,27.971228413236165,18.847514062187734,,29.669781285808185,28.96,28.250218714191817,23386.2,21006.85,0.9429920209354234,28.882419625447785
2026-05-11,1234,35.2,35.2,35.0,35.05,160618.0,5629127.0,35.120000000000005,35.16,35.5375,36.17833333333333,36.93083333333333,38.483125,33.33333333333333,15.151515151515099,-0.27939146581724117,-0.26823069194905963,-0.01116077386818154,20.104263393244462,28.64809941167401,17.75981606242182,,36.41701840889243,35.5375,34.65798159110757,183775.4,160356.9,0.8739907517545874,35.046675964088706
2026-05-11,1235,44.15,45.5,44.15,44.8,26898.0,1215760.0,44.53,44.239999999999995,44.6225,41.955,45.81875,,70.96774193548387,45.192307692307686,0.7234583444708207,0.7754516973211459,-0.05199335285032525,30.873226869715204,27.052996642725674,13.135290032580047,,47.006100770174655,44.6225,42.23889922982535,19523.4,75389.4,1.3777313377792801,45.19889954643468
2026-05-11,1236,26.15,26.45,26.0,26.4,51218.0,1343747.0,26.25,25.98,26.122500000000002,26.3375,25.890833333333333,,100.0,40.42553191489356,-0.02788281500508205,-0.11582062807821288,0.08793781307313082,23.75391929129811,18.870259436782796,15.918553173325868,,27.19682965635618,26.122500000000002,25.048170343643825,60166.6,59076.55,0.8512696412960015,26.235835057987426
2026-05-11,1240,58.3,58.4,57.8,58.4,14134.0,822723.0,58.88000000000001,59.2,59.415000000000006,59.495000000000005,59.7975,59.948750000000004,0.0,0.0,-0.16460436121462152,-0.05833637734292675,-0.10626798387169477,7.040991811444718,18.351171952448787,21.128875797865902,,60.12663266692275,59.415000000000006,58.70336733307726,28028.8,23452.2,0.5042670396163946,58.208787321352766
2026-05-11,1256,176.0,181.5,174.5,177.0,142853.0,25388346.0,170.0,165.9,161.625,158.08333333333334,151.725,139.62916666666666,87.8048780487805,69.23076923076923,4.663628021893629,3.0309883539167704,1.6326396679768589,40.63642389041081,14.289332733582274,22.12542641291654,,175.9735741085088,161.625,147.2764258914912,113576.2,74056.95,1.2577723149744402,177.72357598370354
2026-05-11,1259,57.0,59.0,56.7,59.0,20106.0,1161463.0,57.9,57.82000000000001,58.19500000000001,,,,67.50000000000001,67.50000000000001,-0.3882182761999218,-0.5286665801345057,0.14044830393458396,22.738385676597307,19.468639455001636,17.69089580557106,,59.93671724093444,58.19500000000001,56.45328275906557,13068.4,11276.4,1.538520400355055,57.766984979608075
2026-05-11,1264,273.0,273.0,271.5,271.5,35896.0,9780015.0,271.4,272.35,273.975,278.09166666666664,278.29583333333335,278.3979166666667,16.666666666666657,16.666666666666657,-1.8642004469247695,-1.7634044995209248,-0.10079594740384468,11.03082182769993,17.942958451200017,34.10389084537977,,278.7595694961131,273.975,269.19043050388694,35596.2,34882.6,1.008422247318534,272.4541731669267
2026-05-11,1268,159.5,159.5,158.0,158.0,45810.0,7270547.0,156.9,156.0,156.175,158.18333333333334,158.84166666666667,159.17083333333332,62.50000000000001,62.5,-0.2674520508466287,-0.6351786397386425,0.3677265888920138,34.13697060463825,21.070799298519404,26.12753014942755,,159.20598038681567,156.175,153.14401961318435,63635.2,25458.0,0.7198845921753998,158.7109146474569
2026-05-11,1294,77.8,78.0,77.7,77.7,19303.0,1503072.0,78.17999999999999,78.9,79.91499999999999,80.76666666666667,79.68333333333334,79.14166666666665,26.829268292683082,26.829268292683082,-0.9049850697188333,-0.699991709688117,-0.20499336003071633,14.38107399447157,18.61858349683064,18.25579242104705,,83.10463782798035,79.91499999999999,76.72536217201963,41700.6,39292.15,0.46289501829709884,77.86727451691446
2026-05-11,1295,51.1,51.5,50.6,50.6,44948.0,2292315.0,54.0,54.36,55.705,66.775,73.1375,76.31875,26.086956521739125,26.086956521739125,-2.999736005567506,-3.2844286255538164,0.28469261998631046,6.091877915678463,30.578157576699162,72.14541609976547,,60.267766935234775,55.705,51.14223306476522,82115.0,141824.75,0.5473786762467272,50.9992658182789
2026-05-11,1301,48.0,51.0,47.95,49.25,18754378.0,928583810.0,49.86999999999999,50.404999999999994,51.3725,48.58166666666667,44.14916666666667,40.52708333333333,25.80645161290326,30.857142857142875,0.27434591683027065,0.7275545100610572,-0.45320859323078655,18.429203252418336,18.490251655540526,28.832131210481933,,54.44229769605991,51.3725,48.302702303940094,24592984.0,32426900.45,0.7625905827450625,49.512908932516986
2026-05-11,1303,89.8,92.3,89.5,91.5,53717251.0,4898025419.0,91.64,90.51,89.055,82.68833333333332,66.89333333333333,50.226458333333326,56.29139072847684,59.23566878980892,2.4947045957890452,2.640040465086129,-0.14533586929708386,27.143676334371218,17.415542355921406,18.020107984173386,,93.99228030823504,89.055,84.11771969176498,94031151.0,88964909.25,0.5712708015240608,91.18160977746237
2026-05-11,1304,12.8,13.2,12.8,13.05,4518091.0,58992398.0,13.15,13.52,14.302499999999998,13.819999999999999,12.350833333333332,11.2395,24.000000000000043,33.96226415094341,-0.4908612240052772,-0.2657876799223934,-0.22507354408288383,17.550376490760367,26.701568463324755,19.69903630693993,,16.393955046259887,14.302499999999998,12.21104495374011,7047586.8,12724944.95,0.6410834131195092,13.056930017567154
2026-05-11,1305,12.95,13.45,12.9,13.35,4155981.0,55039628.0,13.280000000000001,13.76,14.715,14.241666666666667,12.737083333333334,11.886333333333335,27.272727272727266,38.333333333333336,-0.5892859134800208,-0.34322906913607276,-0.24605684434394803,21.93372331004557,28.37304632023309,17.97664595532917,,17.51915105832314,14.715,11.910848941676862,4587696.6,8519678.95,0.9058970900560426,13.243474404719366
2026-05-11,1307,32.25,33.0,32.25,32.45,1959041.0,63927614.0,31.75,31.565000000000005,31.732499999999998,32.49583333333333,32.35333333333333,33.617916666666666,72.7272727272728,61.72839506172844,-0.19236981294629274,-0.32773467143869056,0.13536485849239782,27.09644679170557,13.994451017449986,9.34639728609746,,32.524084021538,31.732499999999998,30.940915978461994,1332905.8,917589.7,1.4697520259871326,32.632096010241746
2026-05-11,1308,13.55,13.9,13.5,13.65,2984565.0,40951547.0,13.75,14.2,15.0125,15.141666666666667,14.080833333333334,13.104166666666666,20.83333333333333,30.851063829787236,-0.6428419293463516,-0.4372058001467912,-0.20563612919956042,19.42267869391845,23.79706812486386,22.678049612537514,,17.074914272540568,15.0125,12.950085727459431,3360342.4,5635730.75,0.8881728838108879,13.721110781638195
2026-05-11,1309,17.05,17.4,16.8,16.9,5214749.0,88719362.0,17.78,18.625,19.5825,17.228333333333335,14.202499999999999,12.715416666666666,7.608695652173864,40.17857142857141,-0.4971258259935283,0.03556847988368859,-0.5326943058772169,22.491341302428484,25.966765935639042,26.13487726939205,,22.98316170031627,19.5825,16.18183829968373,9181035.0,15327465.55,0.5679914083760709,17.013160556720948
2026-05-11,1310,8.6,8.81,8.59,8.64,2922793.0,25451592.0,8.792,9.098,9.6,9.945500000000001,9.3415,9.013291666666667,12.280701754386016,25.630252100840295,-0.4525537184255555,-0.34126213262020727,-0.1112915858053482,14.022439188227128,28.875484894970675,20.896069226814152,,10.847431044397386,9.6,8.352568955602614,3688657.8,6625815.15,0.7923730414895088,8.7079693977644
2026-05-11,1312,11.8,12.25,11.8,11.8,6030674.0,72259221.0,11.84,12.09,12.834999999999999,13.193333333333333,11.996166666666666,11.093791666666668,39.99999999999993,31.250000000000014,-0.4422021702419432,-0.3251723526081264,-0.11702981763381681,17.671737405649278,25.275205351344717,14.732316513262047,,14.760753441069046,12.834999999999999,10.909246558930953,5328781.4,13131509.9,1.1317172815533396,11.981947788920442
2026-05-11,1313,11.1,11.55,11.1,11.25,2987689.0,33894089.0,11.040000000000001,11.120000000000001,11.657499999999999,11.711666666666666,11.037916666666666,10.027291666666667,57.142857142857196,34.090909090909065,-0.2999693651096429,-0.25130649724155624,-0.04866286786808666,21.64874084568443,22.904063679208704,16.51342912286245,,13.030654263576713,11.657499999999999,10.284345736423285,4047082.6,5739089.4,0.7382327704406132,11.344584058113144
2026-05-11,1314,7.14,7.19,7.07,7.09,20804080.0,147840614.0,7.209999999999999,7.302,7.510499999999999,,,,22.033898305084648,22.49999999999993,-0.2437419109123029,-0.22062678345299036,-0.023115127459312546,12.674627195566519,26.511757964532713,22.722514141941033,,8.013018918209003,7.510499999999999,7.007981081790994,17096553.2,18479545.7,1.2168581442486315,7.106327893374761
2026-05-11,1315,61.6,61.8,61.6,61.8,17717.0,1094080.0,61.94,62.2,63.464999999999996,,,,33.33333333333317,19.999999999999886,-0.628495891527109,-0.410672210051545,-0.21782368147556408,22.355062496498494,32.85030435536481,18.396086640417902,,66.42812424025007,63.464999999999996,60.50187575974992,28165.8,41171.3,0.6290252717835105,61.753118473782244
2026-05-11,1316,11.3,11.65,11.25,11.45,2066476.0,23689405.0,11.349999999999998,11.209999999999999,11.5325,12.613333333333335,13.965833333333334,,71.42857142857137,41.50943396226413,-0.3202111923372897,-0.38300959535787665,0.06279840302058698,23.895065955712226,23.181525109621088,22.939128164462474,,12.394123314936168,11.5325,10.670876685063833,3601147.0,2657555.85,0.5738382798591671,11.463672938858231
2026-05-11,1319,81.4,81.4,80.0,80.8,2985544.0,240556505.0,78.55999999999999,76.66999999999999,77.255,88.98666666666666,92.20333333333333,101.29375,87.5,58.04597701149423,-1.4764380764666072,-2.593152578651447,1.11671450218484,20.812696661538038,17.87958582003803,38.43921989268791,,81.57945919953096,77.255,72.93054080046903,4631005.8,3430270.95,0.6446858693202242,80.57375975701581
2026-05-11,1321,29.55,29.7,29.4,29.6,131043.0,3868374.0,29.55,30.085,31.3375,32.73416666666667,34.219166666666666,35.18354166666666,23.333333333333428,15.116279069767529,-0.9968288465805735,-0.8296099448695561,-0.1672189017110174,6.935420936921425,35.63225541256712,49.41080946163759,,34.15247405802832,31.3375,28.52252594197168,313381.6,278338.1,0.41815792631092574,29.519882786566242
2026-05-11,1323,19.3,20.0,19.3,19.75,281259.0,5535641.0,19.55,20.0,20.714999999999996,19.919166666666666,19.774166666666666,19.892083333333336,32.25806451612901,40.65040650406505,-0.30823861294018684,-0.06434816875121414,-0.2438904441889727,25.136526289705653,26.300108697094494,14.731220778388916,,22.687201548363625,20.714999999999996,18.742798451636368,199910.2,291453.45,1.4069267100928315,19.681649298333564
2026-05-11,1324,10.4,10.4,10.2,10.3,56455.0,579875.0,10.319999999999999,10.485000000000001,10.897499999999999,10.866666666666667,10.820833333333333,10.973958333333334,22.2222222222224,22.500000000000085,-0.22334859170785215,-0.12943361160548195,-0.0939149801023702,21.751843535727144,19.981515822964752,26.26144704070916,,11.884507705403696,10.897499999999999,9.910492294596303,128621.4,193023.95,0.4389238493749874,10.271455141262953
2026-05-11,1325,27.9,29.0,27.6,27.65,1271849.0,35955592.0,27.01,26.589999999999996,26.6325,28.03083333333333,29.488333333333337,29.484375,78.43137254901958,56.30252100840336,-0.12836724840016345,-0.3245786160460078,0.19621136764584435,36.96563222907807,19.183531411962853,14.081593000571317,,27.64311471652784,26.6325,25.62188528347216,656670.4,350573.9,1.9368148769915623,28.27033083329861
2026-05-11,1326,46.3,48.75,46.3,47.8,23048519.0,1103198906.0,49.4,50.44,50.64,45.763333333333335,38.53208333333334,32.361875000000005,22.56097560975607,39.53488372093015,0.7351311939873852,1.3998347002404214,-0.6647035062530362,24.31898002583036,20.365068297053792,43.69623291118143,,53.98563344643429,50.64,47.29436655356571,27443581.0,38318748.0,0.8398510019519683,47.86419925722777
2026-05-11,1336,13.65,13.7,13.45,13.45,99532.0,1348332.0,13.729999999999999,13.794999999999998,13.897499999999999,14.658333333333333,15.204166666666667,15.477083333333333,26.315789473684177,26.315789473684177,-0.1975085762255766,-0.2059179655453913,0.008409389319814692,6.886192812944617,18.36970862934011,47.986816551899835,,14.235411542457893,13.897499999999999,13.559588457542105,86948.2,83000.5,1.144727550426576,13.546718643250411
2026-05-11,1337,4.98,5.0,4.9,4.9,727399.0,3588093.0,4.98,5.042,5.2685,5.606166666666667,5.292333333333334,5.426,30.000000000000057,21.978021978022,-0.20898799285316727,-0.18703987692127044,-0.021948115931896828,14.78018687560586,30.36609196526881,26.83535271706843,,5.864213636609141,5.2685,4.67278636339086,484630.4,625715.45,1.5009355583141297,4.932771422561758
2026-05-11,1338,16.1,16.95,16.1,16.45,146389.0,2413400.0,16.0,16.26,16.3875,17.136666666666667,19.026249999999997,21.26375,52.63157894736836,55.17241379310344,-0.1251183534845346,-0.11091592742557138,-0.014202426058963213,26.221525345747292,17.081292162773906,21.149672516198322,,17.172809191537688,16.3875,15.60219080846231,100837.2,137400.75,1.4517360656583087,16.486211395664974
2026-05-11,1339,41.6,41.6,40.6,41.0,129466.0,5294323.0,40.81,41.05,41.265,41.88583333333334,42.988749999999996,45.82270833333334,50.0,48.86877828054299,-0.18097292380178942,-0.1467084062610279,-0.03426451754076151,29.71859841486702,16.36856694233843,21.575839582408772,,43.34323305516348,41.265,39.18676694483652,146164.4,106616.15,0.8857560390902299,40.89353961657887
2026-05-11,1340,5.65,5.73,5.49,5.53,244368.0,1351916.0,5.6339999999999995,5.701,6.0075,6.585333333333334,6.834416666666667,6.786583333333334,31.250000000000043,17.07317073170732,-0.2864030093520835,-0.27030590129899046,-0.016097108053093057,12.623581391896863,29.24627258300913,29.51565384707747,,6.701197188601936,6.0075,5.313802811398064,221018.0,226545.3,1.105647503823218,5.532295554246055
2026-05-11,1341,61.2,62.3,61.2,61.4,5024.0,308992.0,61.58,61.21,60.885000000000005,59.67666666666666,,,54.16666666666655,54.385964912280706,0.5564458460713055,0.5061461048942639,0.05029974117704161,28.47114500209358,19.219968393419308,12.466557185449545,,62.131933079703536,60.885000000000005,59.638066920296474,14862.6,8752.95,0.33802968525022536,61.503184713375795
2026-05-11,1342,94.4,95.6,94.1,95.5,298776.0,28427064.0,94.44,93.55,93.59,93.08166666666666,89.19333333333334,88.71374999999999,72.1518987341772,55.09433962264151,1.0741204319602673,0.9887599010276036,0.08536053093266371,26.169979735759064,18.23256012462125,20.689362877505324,,100.12795396934432,93.59,87.05204603065569,401448.0,567785.9,0.7442458300950558,95.14507189332477
2026-05-11,1402,26.15,26.5,26.1,26.35,10765330.0,283571125.0,26.05,25.955000000000002,26.102500000000003,27.11916666666667,27.40791666666667,29.052916666666665,71.42857142857139,54.34782608695657,-0.21244150268666573,-0.29160776337220057,0.07916626068553484,20.32174686443115,20.413295985513717,16.6992946949471,,26.639033709150887,26.102500000000003,25.56596629084912,10402369.6,13058054.95,1.0348920884333892,26.34114560352539
2026-05-11,1409,16.9,17.3,16.8,17.2,10998413.0,188892529.0,16.96,16.845,16.8875,15.9475,15.298333333333334,14.274375,64.28571428571425,57.31707317073168,0.23293042600257863,0.25783317750279355,-0.024902751500214926,28.48953328158296,14.268463922446992,28.898989325195423,,17.412531327386453,16.8875,16.362468672613545,8028964.4,11965557.15,1.369842043389805,17.174525906601254
2026-05-11,1410,27.55,28.45,27.5,27.5,174087.0,4858232.0,28.189999999999998,28.18,29.767499999999995,31.616666666666667,,,49.253731343283576,27.47252747252746,-1.0725798607188466,-0.8964770134450197,-0.17610284727382686,15.212106055002437,27.018943962248485,25.563389954350523,,33.2713737960932,29.767499999999995,26.263626203906792,157870.2,134162.85,1.1027223630552188,27.906920103166808
2026-05-11,1413,9.5,9.64,9.5,9.63,17220.0,164509.0,9.624,,,,,,81.25000000000041,43.75000000000011,-0.0558089755993727,-0.05433387967351737,-0.0014750959258553326,10.410237121029455,33.90633142992306,38.714493473027545,,,,,22556.4,22730.65,0.7634196946321221,9.553368176538909
2026-05-11,1414,16.4,16.45,16.15,16.25,152278.0,2472815.0,16.389999999999997,16.509999999999998,16.532500000000002,18.147499999999997,17.82125,18.031875,33.33333333333343,46.93877551020412,-0.35353388071777303,-0.4128543380632281,0.05932045734545505,15.100701950449299,20.626566501423383,18.098140551959748,,17.054918465056595,16.532500000000002,16.01008153494341,262310.0,298435.25,0.5805268575349777,16.2388197901207
2026-05-11,1416,11.35,11.35,11.25,11.3,132694.0,1498019.0,11.32,11.370000000000001,11.477500000000001,11.578333333333331,11.571666666666667,11.747291666666666,0.0,18.18181818181816,-0.07149519982941932,-0.05354116559465787,-0.017954034234761447,7.760518745908458,14.896011230987662,18.737647101487596,,11.742025394264127,11.477500000000001,11.212974605735875,164768.8,187203.25,0.8053345050762039,11.289274571570681
2026-05-11,1417,8.71,8.79,8.61,8.67,191040.0,1654492.0,8.78,8.826,8.908,8.885333333333334,8.743416666666667,8.410333333333334,17.857142857143046,21.42857142857153,-0.05968444446514809,-0.029661527195043405,-0.030022917270104685,14.843403575418277,19.716372853563676,14.199283610879448,,9.123171901902754,8.908,8.692828098097245,130666.0,134711.5,1.462048275756509,8.660448073701842
2026-05-11,1418,19.45,19.45,18.7,18.8,14189.0,270358.0,19.020000000000003,18.885,18.6725,19.105833333333337,,,31.818181818182026,57.37704918032784,0.042871821729661974,-0.028762634727702286,0.07163445645736426,27.04911248100792,18.15400806237605,16.172626878625433,,19.520081699212806,18.6725,17.824918300787193,28467.4,25123.1,0.49842978283931794,19.054055958841356
2026-05-11,1419,64.1,64.2,63.8,64.1,45169.0,2891205.0,64.02,63.71999999999999,63.709999999999994,65.745,64.905,59.858958333333334,45.71428571428554,49.09090909090908,0.11036174195822213,-0.06826803688634636,0.1786297788445685,21.584852508440328,19.47658003784981,9.65052418341156,,65.59165660494585,63.709999999999994,61.82834339505414,83467.2,102015.75,0.5411586826921234,64.00861210121987
2026-05-11,1423,40.85,40.9,40.5,40.55,65912.0,2687553.0,40.85,41.225,41.125,,,,21.62162162162153,44.94382022471906,0.24518682245482637,0.4226655080415056,-0.17747868558667923,24.518639744964705,18.25991838878962,37.57816283432617,,42.53716519087324,41.125,39.71283480912676,51143.4,64257.95,1.288768443239988,40.77486648865153
2026-05-11,1432,16.85,16.85,16.7,16.75,195410.0,3276622.0,16.8,16.765,16.845000000000002,17.695,17.722083333333334,17.324583333333337,41.66666666666667,50.0,-0.20096490516242937,-0.24540729423860677,0.0444423890761774,15.767706278284551,19.383728579294146,15.914817319753974,,17.23689149948545,16.845000000000002,16.453108500514556,241171.8,307844.75,0.8102522765928687,16.76793408730362
2026-05-11,1434,15.95,16.25,15.9,15.9,2133329.0,34171424.0,15.95,15.930000000000001,16.235,16.73,16.172083333333333,16.167708333333334,50.0,32.50000000000006,-0.20376953272677767,-0.19744475256231928,-0.006324780164458393,20.562785121308696,23.000982848062957,16.412345702037182,,17.07736509149461,16.235,15.39263490850539,1770679.4,1938052.55,1.2048081657244107,16.017887536334058
2026-05-11,1436,48.9,49.3,48.35,48.7,308877.0,15041036.0,49.160000000000004,49.64,50.915,54.74166666666667,59.28333333333333,79.665,14.285714285714292,23.148148148148167,-1.4134989281980168,-1.3556134416095593,-0.05788548658845749,15.154665616335153,29.779335678347707,26.562118526180914,,53.93303351799852,50.915,47.89696648200148,270810.8,255264.6,1.1405638179865796,48.695875704568486
2026-05-11,1437,29.0,29.0,28.7,28.75,214956.0,6191575.0,29.120000000000005,29.43,29.934999999999995,31.065833333333334,31.66125,31.692708333333332,4.999999999999758,17.307692307692292,-0.5180551906799202,-0.43848648020192393,-0.0795687104779963,13.097885685363405,34.32622255466604,23.739043424448003,,31.137234761206805,29.934999999999995,28.732765238793185,152137.0,109050.4,1.4129107317746505,28.80391801112786
2026-05-11,1438,20.45,21.7,19.1,21.7,204321.0,4176091.0,20.729999999999997,21.915,24.98,28.883333333333333,31.891250000000003,35.68395833333333,43.83561643835617,17.098445595854912,-2.2986828616239805,-1.9569831686800614,-0.3416996929439191,14.08193847893112,39.40637273025714,35.61798876931641,,31.722512416318693,24.98,18.237487583681308,274965.0,113977.3,0.7430800283672467,20.438873145687424
2026-05-11,1439,27.0,27.0,26.35,26.65,32003.0,854680.0,,,,,,,52.94117647058804,33.33333333333333,-0.34265192986995885,-0.3819918631025549,0.03933993323259605,14.76532689715605,19.939512088368467,27.34310842006157,,,,,,,,26.706246289410366
2026-05-11,1440,12.2,12.25,12.1,12.15,1805387.0,21966865.0,12.38,12.55,12.9175,13.0925,13.268333333333334,13.297500000000001,0.0,10.344827586206918,-0.2075027036201238,-0.13022311171524634,-0.07727959190487746,15.754381943199297,29.734044160452772,15.903587923479371,,13.8404671830854,12.9175,11.994532816914601,2050717.0,2089240.8,0.8803686710550505,12.167399565854856
2026-05-11,1441,9.78,9.9,9.74,9.9,82475.0,809087.0,9.864,10.144,10.632,10.201333333333334,10.506499999999999,11.24575,27.272727272727224,44.35590969455511,-0.11433479460777463,0.07084512698952997,-0.1851799215973046,34.609491377201955,37.12958675288904,18.457856866770964,,13.133499339869765,10.632,8.130500660130235,81757.2,229909.75,1.0087796548805488,9.810087905425886
2026-05-11,1442,26.9,27.05,26.6,26.9,344708.0,9243252.0,26.7,26.825,27.525,27.898333333333333,30.662083333333335,48.69895833333333,74.99999999999994,29.710144927536234,-0.2614415994346935,-0.16878694373444963,-0.09265465570024384,20.049217554855648,17.996634201858583,14.821947200850762,,30.104167552359815,27.525,24.945832447640182,432011.0,932267.3,0.797914867908456,26.81473014841547
2026-05-11,1443,27.4,27.6,26.9,27.6,30731.0,837631.0,25.270000000000003,23.419999999999998,23.427500000000002,,,,100.0,69.18918918918918,0.36417357589171573,-0.3027247558212156,0.6668983317129313,49.330714030210494,18.38488425863766,26.984578937076044,,26.935757177154294,23.427500000000002,19.91924282284571,68320.4,50580.85,0.44980708543860987,27.256874166151444
2026-05-11,1444,6.0,6.02,5.93,5.96,823589.0,4922647.0,5.982000000000001,6.061999999999999,6.289499999999999,6.307166666666666,6.2798333333333325,6.546958333333333,24.13793103448262,17.44186046511618,-0.10116752360877257,-0.060602402806965786,-0.040565120801806784,15.095070461184365,29.221195530742182,22.160310775114123,,6.831483685906999,6.289499999999999,5.747516314093,1014815.6,1224596.3,0.8115651749933682,5.977067445048441
2026-05-11,1445,12.55,12.55,12.3,12.5,101681.0,1267791.0,12.66,12.685,12.8325,13.47,13.768333333333334,14.216041666666666,35.71428571428574,34.21052631578945,-0.12426667560662352,-0.12274757655921037,-0.0015190990474131527,30.123833560332802,21.051279590039798,15.803758463504343,,13.329093660005872,12.8325,12.335906339994127,75563.8,62448.6,1.3456311090760391,12.468317581455729
2026-05-11,1446,15.8,15.8,15.45,15.6,325476.0,5063521.0,15.66,15.735,16.067500000000003,16.444166666666668,17.41208333333333,20.487708333333334,35.714285714285666,17.24137931034481,-0.24645751157324725,-0.21990650301819065,-0.0265510085550566,14.639653792337473,30.245973588159096,22.195975288457586,,16.83133726566943,16.067500000000003,15.303662734330578,185301.2,184897.8,1.7564700066702212,15.557279184947584
2026-05-11,1447,4.98,5.04,4.95,4.96,779720.0,3884239.0,4.965999999999999,4.9910000000000005,5.1155,5.297666666666667,5.415416666666667,5.719083333333333,33.33333333333333,11.904761904762026,-0.08555240743234105,-0.07808290508917698,-0.0074695023431640695,20.808363411755064,21.441342238743662,9.93509126494261,,5.420094640032993,5.1155,4.810905359967007,713510.2,1129190.5,1.0927944688106772,4.981581849894834
2026-05-11,1449,13.95,14.2,13.95,14.2,2470188.0,35003337.0,13.309999999999999,13.285,13.905000000000001,12.46,11.742999999999999,12.240250000000001,79.06976744186044,42.22222222222221,0.08647283235666947,0.2174699160890362,-0.13099708373236674,31.30375418051069,20.28359948320529,20.436288979740958,,15.40654306596517,13.905000000000001,12.403456934034832,1395771.0,2435313.55,1.769765957309616,14.170312947840408
2026-05-11,1451,17.0,17.0,16.7,16.75,190194.0,3199610.0,16.830000000000002,16.79,17.185,17.71916666666667,17.49375,18.048541666666665,57.14285714285728,35.1351351351351,-0.30491204990914866,-0.29464030728996554,-0.010271742619183122,17.458878951307263,26.85077072279421,27.28521386824876,,18.468129398241356,17.185,15.90187060175864,169418.4,224722.1,1.1226289470329078,16.82287559018686
2026-05-11,1452,11.2,11.2,11.05,11.05,141587.0,1573382.0,11.18,11.285,11.565000000000001,11.574166666666665,11.725,12.048124999999999,11.111111111111256,5.000000000000071,-0.13632872610798508,-0.07301974914987992,-0.06330897695810515,21.08216065689679,22.574135284517954,20.88312143803717,,12.208264699547524,11.565000000000001,10.921735300452479,101220.2,87626.15,1.3988018201900412,11.11247501536158
2026-05-11,1453,11.6,11.65,11.5,11.55,108006.0,1247815.0,11.66,11.77,11.95,12.405,12.533333333333333,13.159791666666667,33.33333333333333,27.272727272727224,-0.18422663853836596,-0.15886938144821874,-0.025357257090147217,9.004490119787748,26.796000309732566,25.55880148938268,,12.396035165004717,11.95,11.503964834995282,113909.2,104068.75,0.9481762667106783,11.553200748106587
2026-05-11,1454,13.7,14.1,13.55,13.65,46543.0,637160.0,13.85,13.885,13.467500000000001,13.444166666666666,,,31.03448275862074,54.945054945054956,0.2180288931043446,0.18219511874377203,0.03583377436057256,34.04646424060475,14.25764839595956,31.147484178964064,,14.540260825847849,13.467500000000001,12.394739174152154,45686.4,129444.15,1.018749562232962,13.689706293105301
2026-05-11,1455,8.15,8.2,8.06,8.13,398394.0,3236330.0,8.098,8.203,8.5375,8.701500000000001,8.31425,8.724541666666669,44.44444444444455,21.232876712328775,-0.18089239025849757,-0.1252511671612788,-0.05564122309721878,22.190148695257562,29.663503219826293,18.580839726433766,,9.328126001143522,8.5375,7.746873998856477,497486.2,829230.9,0.8008141733378735,8.123440614065473
2026-05-11,1456,14.05,14.7,13.95,14.65,468699.0,6662604.0,13.830000000000002,13.665000000000001,13.959999999999999,13.679166666666667,13.194583333333332,12.982083333333334,69.38775510204083,60.0,-0.003042648922582103,-0.05953239958562331,0.05648975066304121,24.41172120892751,19.865048694996435,15.916745204591841,,15.055733352119654,13.959999999999999,12.864266647880344,201270.6,102955.65,2.328700764046016,14.215101803076175
2026-05-11,1457,14.45,14.55,14.4,14.45,198751.0,2874112.0,14.51,14.515,14.6875,15.169999999999998,15.661666666666667,16.444583333333334,50.0,31.8181818181818,-0.2070215217600886,-0.21468226184662273,0.00766074008653414,21.48581727251225,24.69840636583218,9.715825173860342,,15.104096485317536,14.6875,14.270903514682464,156941.2,135245.2,1.2664042329229035,14.460868121418256
2026-05-11,1459,11.8,12.0,11.8,11.95,267720.0,3174595.0,11.959999999999999,11.83,11.764999999999999,11.786666666666667,11.816249999999998,11.739791666666667,69.23076923076927,60.86956521739129,0.05372795696434096,0.020829501423406165,0.0328984555409348,26.83370992588998,15.377531749076637,22.794994988564675,,12.024756971437933,11.764999999999999,11.505243028562065,209030.4,159889.5,1.2807706438872049,11.857892574331391
2026-05-11,1460,7.25,7.31,7.19,7.19,691343.0,5010181.0,7.17,7.0680000000000005,6.983,6.897,6.397749999999999,6.456708333333334,76.92307692307693,74.02597402597408,0.06801340328850003,0.035798637598291445,0.032214765690208584,23.487020432321305,17.775790028336395,14.130785565320732,,7.279157852646531,6.983,6.6868421473534685,1141197.4,819661.95,0.6058049203406878,7.247026439842451
2026-05-11,1463,18.15,18.25,18.05,18.25,32497.0,589397.0,18.380000000000003,18.55,18.2525,17.99083333333333,18.460416666666667,19.520625000000003,27.586206896551815,53.48837209302327,0.10878242084659107,0.11828939391549671,-0.009506973068905647,23.561419368877175,24.097113864707577,14.770085165676113,,19.173869118557295,18.2525,17.331130881442707,50087.2,201346.55,0.648808478014343,18.136966489214387
2026-05-11,1464,10.0,10.1,9.99,10.05,471925.0,4736794.0,9.984,10.001000000000001,10.1905,10.650166666666669,10.8805,11.798791666666666,57.57575757575764,24.358974358974493,-0.15172821937583514,-0.15773857223116736,0.006010352855332218,15.293000719222826,21.922238979768085,21.247178797273747,,10.61760654408443,10.1905,9.76339345591557,535234.0,497643.45,0.8817171554871327,10.037175398633257
2026-05-11,1465,12.3,12.3,12.1,12.15,64289.0,783540.0,12.26,12.205000000000002,12.435,12.359999999999998,12.630833333333333,13.049166666666666,55.55555555555564,30.434782608695656,-0.05004631530512782,-0.02762086472883298,-0.02242545057629484,19.95144913915194,21.226031192038214,15.938201752982398,,13.009089668404183,12.435,11.860910331595818,69291.4,94660.85,0.9278063367171108,12.18777706917202
2026-05-11,1466,15.85,15.85,15.3,15.85,274097.0,4261135.0,15.84,16.0,16.415,16.56416666666667,15.993333333333334,15.897083333333335,31.99999999999993,34.92063492063488,-0.2782304137577114,-0.1915252416098625,-0.0867051721478489,16.500523256441713,22.636633726391644,12.277487361679968,,17.39216022496962,16.415,15.437839775030382,205299.8,230062.65,1.3351060254320755,15.546084050536853
2026-05-11,1467,7.19,7.24,7.09,7.15,243620.0,1742925.0,7.151999999999999,7.213000000000001,7.225999999999999,7.283833333333333,7.214916666666667,7.667958333333333,60.00000000000012,53.424657534246585,-0.005135362907285668,0.01782761627238685,-0.022962979179672518,27.601221161398104,19.083159046726895,21.08160507361514,,7.755444594785369,7.225999999999999,6.696555405214629,219453.6,591755.8,1.1101207726826992,7.154277152943108
2026-05-11,1468,12.4,12.5,12.25,12.45,48020.0,593943.0,12.34,12.245000000000001,12.3025,12.4775,12.11125,13.014166666666666,89.99999999999986,55.99999999999996,0.02215274462137984,-0.009979441674469942,0.03213218629584978,18.685002412241666,14.93017790257755,13.478110412049215,,12.688402905704928,12.3025,11.916597094295073,51808.8,57845.65,0.926869566560121,12.36865889212828
2026-05-11,1470,22.15,22.35,22.15,22.25,37030.0,824867.0,22.360000000000003,,,,,,50.0,46.052631578947356,-0.042931034990893124,-0.007357856257384519,-0.035573178733508605,24.371178239741,17.98644610362801,16.46160776820223,,,,,29704.4,17361.7,1.2466166628512947,22.275641371860655
2026-05-11,1471,11.05,11.1,10.85,11.0,923849.0,10106705.0,11.23,11.370000000000001,11.7875,12.339166666666667,10.641583333333333,10.454666666666666,34.99999999999996,24.285714285714263,-0.3061539286596897,-0.22108135098419454,-0.08507257767549517,19.958852031514997,24.757480740348175,13.857269011965089,,12.877103984071884,11.7875,10.697896015928116,788032.0,905844.6,1.172349600016243,10.939780202175896
2026-05-11,1472,90.0,90.9,89.4,90.9,12186.0,1101094.0,90.78,90.66,92.91,92.16499999999999,91.205,93.16166666666668,78.57142857142875,34.188034188034266,-0.9730548638095371,-0.6843822348404723,-0.28867262896906476,16.653544312604435,30.044245949955933,23.650494317563947,,97.8894947957658,92.91,87.9305052042342,16855.0,26451.7,0.722990210619994,90.35729525685213
2026-05-11,1473,21.0,21.0,20.55,20.8,88468.0,1838816.0,20.73,21.165,22.1875,23.89833333333333,25.226666666666667,26.24729166666667,20.000000000000185,5.357142857142918,-0.8649866087736235,-0.7403422940625863,-0.12464431471103721,11.368494349955077,35.29262091282139,40.52402958153862,,24.47404531415492,22.1875,19.90095468584508,107345.8,148512.3,0.8241403017165086,20.78509743636117
2026-05-11,1474,10.1,10.15,9.94,9.97,95296.0,951304.0,9.99,9.991,10.1605,10.157333333333334,10.761166666666668,11.681833333333334,43.47826086956531,24.615384615384485,-0.05683500957374754,-0.042747836274879124,-0.014087173298868418,23.907367903910508,20.48097734356992,16.90727302984832,,10.566013319918397,10.1605,9.754986680081604,115225.0,111799.1,0.8270427424604035,9.982622565480188
2026-05-11,1475,27.5,27.8,27.35,27.65,54157.0,1492082.0,27.53,27.639999999999997,28.244999999999997,29.410833333333336,32.129583333333336,35.74645833333333,37.49999999999989,40.84507042253519,-0.44954349370697955,-0.44124554608927724,-0.008297947617702306,17.45918738024174,26.289314179419254,26.788416396996688,,30.006249556426113,28.244999999999997,26.483750443573882,57921.8,49849.2,0.9350020199648491,27.551046032830474
2026-05-11,1476,344.0,352.0,343.0,345.5,1072470.0,372247625.0,338.8,336.1,338.85,367.85833333333335,393.39166666666665,400.88958333333335,75.0,44.444444444444436,-3.8793285534973734,-6.382801186537515,2.5034726330401416,20.40123523436793,20.30626871641106,25.632294269260644,,353.932579703926,338.85,323.767420296074,998984.4,1284610.2,1.073560307848651,347.0937415498802
2026-05-11,1477,223.5,226.0,215.5,218.0,2053360.0,448500445.0,216.7,215.05,216.775,263.75,278.2,271.73541666666665,72.41379310344828,39.39393939393939,-8.623678938723486,-11.75743485429561,3.1337559155721237,15.79375022692894,26.83896874971493,44.042555876034825,,225.15087387425407,216.775,208.39912612574594,2873345.8,2097890.45,0.714623349546024,218.4227047376008
2026-05-11,1503,209.5,211.0,203.0,206.5,4365252.0,901338404.0,200.6,196.4,195.525,203.75833333333333,188.8,182.325,81.48148148148148,63.95348837209302,1.734706632902686,0.029182887575674048,1.7055237453270118,27.998599175165623,13.275198357226575,17.939284081655412,,204.95884165762263,195.525,186.09115834237738,3447371.4,2447582.85,1.266255211144352,206.48026826400857
2026-05-11,1504,73.6,73.8,71.7,72.6,14702877.0,1067930137.0,71.03999999999999,67.03999999999999,64.595,70.685,84.81666666666666,,82.69230769230768,74.99999999999999,1.3511131204868008,-0.34964909124359145,1.7007622117303922,32.24710101824416,14.458029945485915,35.15717361836274,,73.36659890603786,64.595,55.82340109396213,35274130.0,16989167.45,0.41681756573443485,72.6340931098043
2026-05-11,1506,10.5,10.8,10.5,10.75,172999.0,1848890.0,10.55,10.75,10.9275,11.413333333333332,11.754583333333334,11.941041666666667,45.454545454545396,38.888888888888864,-0.19285028813948912,-0.1690412532309696,-0.023809034908519516,17.48271911675478,20.494882064790502,22.658439646200787,,11.491764775475358,10.9275,10.363235224524642,224733.0,228846.05,0.7697979379975348,10.687287209752657
2026-05-11,1512,7.23,7.3,7.2,7.21,123610.0,892859.0,7.302,7.356,7.344000000000001,7.6290000000000004,7.697416666666667,7.838875,21.276595744680677,44.943820224719104,-0.05796391977911686,-0.05827019404978754,0.0003062742706706825,23.155170586526406,19.088610604764998,8.79264401622728,,7.513507025160948,7.344000000000001,7.174492974839055,94317.8,103552.5,1.3105691608582897,7.22319391634981
2026-05-11,1513,159.5,159.5,156.0,158.5,7010322.0,1109942951.0,156.5,153.4,153.05,158.81666666666666,154.70416666666668,154.8375,88.46153846153847,60.869565217391305,0.7309439741440258,-0.3609295433141985,1.0918735174582244,29.07590467596605,14.99013337129732,16.826441661142045,,159.34870496296793,153.05,146.7512950370321,9355510.8,6424235.25,0.7493254136374894,158.3298101000211
2026-05-11,1514,125.0,127.0,122.5,126.5,9838062.0,1229868233.0,121.6,117.2,114.225,117.0,108.71083333333334,106.76833333333335,88.37209302325581,72.1311475409836,3.053444483264599,1.4357672611395815,1.6176772221250173,29.722244258564174,8.525269544289939,25.847756275055165,,125.1480562524754,114.225,103.30194374752459,11191703.6,4951233.1,0.8790495488104242,125.01123015894797
2026-05-11,1515,23.15,24.1,23.15,24.1,1294511.0,31107050.0,22.4,22.175,22.59,24.5625,26.266666666666666,28.099791666666665,90.74074074074075,61.72839506172841,-0.4472508772221211,-0.6318912066618676,0.1846403294397465,34.37600227261239,21.75694284405669,21.42812365046655,,23.90733383052739,22.59,21.27266616947261,578824.4,403734.95,2.236448567130204,24.02996189294645
2026-05-11,1516,21.1,21.9,20.7,21.75,97427.0,2066439.0,21.78,21.305,20.732499999999998,21.49,20.258333333333333,18.100416666666668,74.99999999999986,68.75,0.20490006126512483,-0.002662761133010324,0.20756282239813514,24.682161725206466,20.784681043681825,22.415768709794968,,22.330615666718312,20.732499999999998,19.134384333281684,111698.4,69099.1,0.8722327266997558,21.21012655629343
2026-05-11,1517,10.1,10.3,10.05,10.2,286552.0,2908319.0,10.190000000000001,10.274999999999999,10.66,11.386666666666667,11.576666666666664,11.137958333333334,29.99999999999997,19.230769230769212,-0.30968542006078437,-0.28322350078637637,-0.026461919274407997,9.041398389007238,26.077383120192533,35.25773511642638,,11.513229160307997,10.66,9.806770839692003,240321.4,265816.4,1.192369884662789,10.14935858064156
2026-05-11,1519,918.0,924.0,893.0,921.0,3284442.0,2991269798.0,898.0,892.9,884.25,913.1166666666667,806.2833333333333,676.0666666666667,67.74193548387098,57.21153846153847,7.950394432500957,4.001952363607097,3.9484420688938604,26.80853140008968,17.379264941408632,12.908487978797995,,936.7491227996802,884.25,831.7508772003198,3356452.8,3571785.65,0.9785455645316985,910.7391142848618
2026-05-11,1521,24.9,25.8,24.9,25.7,99661.0,2505665.0,24.99,24.88,25.02,25.695,25.081666666666663,,75.75757575757599,56.45161290322578,-0.04481240962318722,-0.10622480880325756,0.06141239918007034,27.17743205905816,16.612916876183085,9.991221104825005,,25.63933750683106,25.02,24.40066249316894,45889.6,30345.8,2.171755691921481,25.14188097651037
2026-05-11,1522,32.0,32.0,31.2,31.6,1798417.0,56524016.0,32.120000000000005,31.660000000000004,32.0075,37.98166666666667,42.24791666666667,43.4,54.609929078014204,46.40883977900553,-0.8674386233219629,-1.2565565539135177,0.38911793059155486,22.09204574185411,22.373938647388112,33.21784697831793,,33.68059200049132,32.0075,30.334407999508677,2486146.4,1262306.35,0.7233753410499076,31.42987193737604
2026-05-11,1524,29.5,29.6,29.05,29.55,1087920.0,31891148.0,29.1,28.509999999999998,28.877499999999998,30.305,29.77625,29.868125000000003,67.50000000000004,52.63157894736844,-0.17037848953808066,-0.36564284390491575,0.1952643543668351,27.366005838185803,18.368134687279163,20.08493172104174,,31.001665470806827,28.877499999999998,26.753334529193168,1779160.6,1114936.15,0.6114793684167691,29.313872343554674
2026-05-11,1525,61.2,62.5,61.2,62.0,57042.0,3516285.0,62.260000000000005,62.19,61.56999999999999,62.251666666666665,63.3425,,19.047619047619037,60.344827586206954,0.08220393112771518,-0.01778909789419192,0.0999930290219071,21.73436237921125,16.713214739224362,17.063534265096777,,63.28691277404642,61.56999999999999,59.853087225953566,32369.6,31579.55,1.762208986209283,61.643788787209424
2026-05-11,1526,15.6,15.7,15.55,15.6,96124.0,1502639.0,15.839999999999998,16.085,16.357499999999998,18.111666666666668,17.757083333333334,18.518333333333334,10.526315789473486,32.812499999999986,-0.42483226557583365,-0.3999421761581049,-0.024890089417728745,18.728644928828743,24.618400878667845,12.418437003157337,,17.17524722641846,16.357499999999998,15.539752773581537,161017.0,152066.25,0.5969804430588075,15.632297865257376
2026-05-11,1527,32.4,32.55,32.25,32.4,303732.0,9831167.0,32.53,32.515,32.675,33.281666666666666,33.177083333333336,34.482708333333335,41.666666666666565,28.57142857142857,-0.11133268138198815,-0.10801049096056775,-0.0033221904214204012,15.021979338018706,19.941009711883137,8.696747953834164,,33.21253824833423,32.675,32.13746175166576,267660.6,224862.95,1.1347654454932852,32.367899990781346
2026-05-11,1528,26.5,26.9,26.1,26.15,5384440.0,142161345.0,27.53,27.345,27.809999999999995,25.955833333333334,20.762083333333337,17.61875,19.54022988505743,42.756183745583044,0.4007851980943009,0.6876162068664826,-0.2868310087721817,25.337928948913813,22.02988918349463,22.723503417785277,,30.885471722482094,27.809999999999995,24.734528277517896,9456073.4,19741661.2,0.5694160538136263,26.402252601941893
2026-05-11,1529,22.75,23.1,22.35,22.45,759131.0,17171780.0,22.66,22.380000000000003,22.905,24.366666666666667,22.191666666666666,23.97375,66.66666666666666,36.90476190476189,-0.44647723101267545,-0.5060671214144783,0.05958989040180285,25.192357586748837,20.951129194940034,11.448170562889086,,24.34206572387533,22.905,21.467934276124673,792489.4,759389.65,0.9579068186905717,22.62031190927521
2026-05-11,1530,26.35,27.0,26.35,26.6,51462.0,1374582.0,26.23,26.294999999999998,26.865000000000002,27.465833333333332,27.254583333333336,28.30229166666667,54.545454545454604,34.56790123456791,-0.24609700766479747,-0.2033898925647358,-0.04270711510006167,27.57634073104407,19.733611860627583,15.196097810082707,,28.386806405835284,26.865000000000002,25.34319359416472,43749.6,38084.9,1.1762850403203686,26.71062142940422
2026-05-11,1531,13.05,13.05,12.75,12.9,243401.0,3141752.0,12.969999999999999,12.965,13.094999999999999,12.6825,12.230833333333333,12.207291666666666,40.000000000000135,38.461538461538495,0.03281940689938523,0.0794112682906371,-0.046591861391251876,19.990944579594515,23.03860974830985,15.767710440044866,,13.430449423594172,13.094999999999999,12.759550576405825,216488.2,207457.55,1.124315320650271,12.907720181922013
2026-05-11,1532,20.65,20.7,20.45,20.6,585302.0,12045029.0,20.65,20.720000000000002,21.21,22.68916666666667,24.762083333333337,25.400416666666665,35.294117647058854,21.621621621621614,-0.5095206631446985,-0.5332923568564428,0.02377169371174437,12.470138001561883,27.99720097054761,40.18942428712984,,22.318626461699317,21.21,20.101373538300685,937173.8,813723.15,0.624539439749596,20.579169386060528
2026-05-11,1533,34.15,34.2,33.55,33.85,257957.0,8751630.0,33.660000000000004,32.975,32.025,31.077499999999997,31.581666666666663,30.855624999999996,96.55172413793122,68.7943262411348,0.8482513420447262,0.6105872806371044,0.23766406140762175,38.40962080415822,10.688632306365044,33.244980816972166,,34.50470711343479,32.025,29.54529288656521,462768.8,306160.05,0.5574208978651974,33.92670096178821
2026-05-11,1535,50.4,50.5,50.1,50.1,86746.0,4363265.0,50.480000000000004,50.61,51.195,51.14833333333333,52.7825,54.31895833333333,30.00000000000007,28.205128205128176,-0.4009097707406184,-0.2781420050718717,-0.1227677656687467,16.810331484467707,21.74897306833296,18.91198476226316,,52.52557170142408,51.195,49.86442829857592,69320.0,70942.65,1.2513848817080209,50.29932215894681
2026-05-11,1536,54.0,56.2,53.7,55.3,2053225.0,113826249.0,55.120000000000005,53.345000000000006,52.089999999999996,54.89666666666666,56.872499999999995,58.93270833333334,66.96428571428568,60.47120418848169,0.752488818720515,0.12091517547954238,0.6315736432409726,24.702365766932424,22.260422107028287,18.319100815092085,,56.443413663588494,52.089999999999996,47.7365863364115,2999451.4,2370515.05,0.6845335116948387,55.43778640918555
2026-05-11,1537,123.0,126.0,123.0,125.5,368527.0,46161629.0,123.2,122.9,123.45,123.65833333333333,124.07083333333334,131.10208333333333,72.72727272727272,57.14285714285714,-0.1414079107769055,-0.27011182778612475,0.12870391700921924,26.846585170262628,11.123912519880093,11.242447098574164,,125.52491280729231,123.45,121.3750871927077,138546.8,94119.3,2.659945953280769,125.25982899489047
2026-05-11,1538,11.35,12.2,11.1,11.65,41537.0,473285.0,12.469999999999999,,,,,,0.0,16.129032258064512,-1.1051839414669153,-1.2495001556703744,0.14431621420345908,7.628620234866329,41.681689680956474,56.05372345647257,,,,,34103.2,17135.75,1.2179795444415775,11.394299058670583
2026-05-11,1539,15.55,15.9,15.55,15.7,114047.0,1789009.0,15.8,15.969999999999999,16.177500000000002,17.095000000000002,17.166249999999998,17.975625,0.0,24.13793103448282,-0.2587437561247121,-0.23380324293803414,-0.024940513186677976,9.979980998705074,25.289326127965374,22.15754662729374,,16.70513125082116,16.177500000000002,15.649868749178843,118656.4,106682.35,0.9611533806857447,15.686594123475409
2026-05-11,1540,20.75,20.85,20.65,20.8,338017.0,7017534.0,21.11,20.975,21.322499999999998,22.7325,22.769583333333333,25.531458333333333,45.16129032258068,37.80487804878049,-0.3533873418097535,-0.3820630871740903,0.028675745364336813,21.081072358669935,21.19396629387243,9.552351351925807,,22.448496634567856,21.322499999999998,20.19650336543214,284996.2,329773.0,1.1860403752751791,20.760890724431018
2026-05-11,1541,23.9,23.9,22.6,22.95,135933.0,3100870.0,23.25,23.69,24.325,25.0375,,,11.538461538461448,14.285714285714363,-0.556305325150376,-0.40217199926042535,-0.15413332588995066,21.329179039403204,22.31059589219654,12.403607758058609,,25.88519566924012,24.325,22.76480433075988,121693.6,73705.65,1.1170102618379274,22.81175284882994
2026-05-11,1558,91.3,92.2,91.1,92.2,93273.0,8541091.0,91.53999999999999,91.32000000000001,92.10499999999999,93.98833333333333,95.18416666666666,96.32541666666665,50.0,42.857142857142854,-0.5641168317766585,-0.6785056309176701,0.11438879914101163,25.98511012328736,19.537583708404224,11.117621723793638,,94.15846946461498,92.10499999999999,90.051530535385,67098.6,63500.75,1.390088615857857,91.57088332100393
2026-05-11,1560,584.0,629.0,581.0,629.0,4553067.0,2825929632.0,585.2,559.9,544.15,482.21666666666664,407.45,353.6375,94.94949494949495,73.01587301587301,28.903141746408778,23.638328751886473,5.2648129945223054,27.234327632207705,8.472078549622502,29.27423664995677,,602.1999784668326,544.15,486.1000215331674,3314231.6,2971066.25,1.373792646235103,620.6650664266526
2026-05-11,1563,44.0,44.0,43.2,43.8,692458.0,30135263.0,42.910000000000004,42.019999999999996,42.2325,43.17166666666667,43.70166666666667,48.88104166666666,89.83050847457613,61.2021857923497,0.1931913623908983,-0.09767586515443165,0.29086722754532995,28.743545191587444,15.20404297857188,16.62097455045782,,44.28785884944723,42.2325,40.17714115055277,1090965.2,793175.5,0.634720520874543,43.5192647063071
2026-05-11,1565,95.4,95.7,93.5,93.6,440730.0,41621728.0,100.82000000000001,102.06,103.80499999999999,107.27666666666667,109.63833333333334,110.81916666666666,4.587155963302763,4.587155963302763,-1.8432707824321852,-1.2599544313974025,-0.5833163510347827,5.602852751065723,30.277169646535,27.554037345648155,,110.30438458625137,103.80499999999999,97.30561541374861,203377.8,131175.25,2.167050681047784,94.43815487940462
2026-05-11,1568,28.95,29.2,28.25,28.8,403089.0,11548996.0,29.15,28.975,27.820000000000004,24.563333333333333,23.34208333333333,23.45625,53.846153846153854,64.37768240343348,1.4212113969473705,1.4883837000833466,-0.06717230313597611,34.14132038300577,12.774292378304347,49.81423770340122,,31.440322753858375,27.820000000000004,24.199677246141633,429478.4,716739.65,0.9385547678300002,28.651230869609442
2026-05-11,1569,52.1,53.7,51.1,52.0,1409178.0,73546149.0,56.720000000000006,57.83,56.64,53.884166666666665,52.84208333333333,52.321041666666666,39.33823529411765,39.33823529411765,0.7147513155808554,1.2648549698547638,-0.5501036542739084,17.316622824072542,20.993853928722,25.892090673803896,,62.688714521980735,56.64,50.591285478019266,2132350.8,2141129.05,0.6608565532463045,52.190815496693816
2026-05-11,1570,39.8,40.0,39.4,39.4,352540.0,13981401.0,38.13,37.925,36.5875,33.07333333333333,31.861666666666665,31.255833333333335,71.08433734939756,71.08433734939756,1.5310354933587362,1.511251282499515,0.01978421085922122,24.498502193152653,1.9799769374196603,70.59031402646306,,41.09163552661389,36.5875,32.083364473386105,317260.6,330674.0,1.111200067074197,39.65904861859647
2026-05-11,1580,123.0,123.0,121.5,122.0,74246.0,9075331.0,123.7,123.3,124.0,127.825,128.9125,129.45625,45.00000000000001,45.00000000000001,-1.2223430202707988,-1.396325778032976,0.1739827577621773,16.40523576538408,20.45352412482909,35.55311888055239,,127.27671208763707,124.0,120.72328791236293,63111.6,71143.4,1.176423985448,122.23326509172212
2026-05-11,1582,88.5,89.8,87.7,89.5,1637644.0,145500524.0,90.02000000000001,90.35999999999999,95.63,86.58500000000001,76.89,74.6475,53.38345864661656,26.415094339622655,-1.1411859413695709,0.20138863853399427,-1.342574579903565,24.64740367623933,25.903094603622506,19.10964085184583,,109.4355823949279,95.63,81.82441760507209,2681629.6,5800497.1,0.6106898581370074,88.84746868061679
2026-05-11,1583,47.6,49.5,47.6,49.0,92162.0,4511015.0,48.08,47.545,47.30499999999999,46.63333333333333,,,77.90697674418601,54.729729729729755,0.652057016186852,0.534469786550135,0.11758722963671697,37.49756882450356,23.006232247901842,21.24781705840326,,49.405100248232316,47.30499999999999,45.20489975176767,46492.2,30104.85,1.982311011309424,48.94658319046896
2026-05-11,1584,19.75,19.95,19.45,19.75,780410.0,15352023.0,20.060000000000002,19.87,20.1225,22.13083333333333,23.390416666666667,24.020208333333333,54.8387096774193,54.838709677419295,-0.47656375329329137,-0.6032288205534275,0.12666506726013615,14.136301053561109,24.030758005162863,44.303520290780625,,21.4168094074081,20.1225,18.8281905925919,766511.4,558616.8,1.0181322808767097,19.671740495380632
2026-05-11,1586,21.8,22.2,21.55,22.0,369879.0,8112576.0,21.740000000000002,21.73,21.9625,23.158333333333335,23.854166666666668,24.202083333333334,71.4285714285715,71.4285714285715,-0.3121997508608203,-0.3774143034671293,0.06521455260630898,11.349181240298087,10.650377243167922,43.943276030113374,,22.84560159158095,21.9625,21.079398408419046,347770.0,428327.15,1.0635736262472324,21.933053782453182
2026-05-11,1587,31.45,31.45,29.35,29.9,1030069.0,30894446.0,32.13,32.135000000000005,33.42,38.589166666666664,41.21666666666667,36.36479166666667,29.545454545454547,28.638497652582146,-1.489303762969044,-1.4803439867174661,-0.008959776251577845,14.353299062643535,37.85160846264885,28.765432028764195,,36.44418323031646,33.42,30.39581676968354,494550.6,447920.05,2.0828384395853528,29.992598554077446
2026-05-11,1590,1540.0,1600.0,1515.0,1550.0,1532167.0,2371869295.0,1484.0,1465.0,1356.5,1169.4166666666667,1041.1583333333333,941.7958333333333,78.7878787878788,78.35051546391753,106.9428177768873,97.44512133777606,9.497696439111238,45.464641380918316,9.31656742328242,49.40924677203468,,1622.6044511979694,1356.5,1090.3955488020306,1342902.0,1712944.75,1.140937313370596,1548.0488060374619
2026-05-11,1591,52.9,53.8,50.0,50.6,904697.0,46409615.0,61.879999999999995,63.42999999999999,62.36500000000001,52.98166666666667,51.31583333333333,50.48291666666667,6.666666666666643,6.666666666666643,2.192263923468282,3.549989150359527,-1.3577252268912452,15.942275103281306,24.799169534750867,49.555494530479386,,70.77333546328646,62.36500000000001,53.95666453671356,1199778.4,1928166.5,0.7540534151973398,51.29851762523806
2026-05-11,1593,30.95,32.0,30.95,31.2,25154.0,783829.0,31.1,31.25,31.8125,31.771666666666665,30.51083333333333,29.88041666666667,48.21428571428569,48.214285714285694,-0.4277721966775765,-0.35696156298297954,-0.07081063369459695,14.823632150144741,15.075124722205532,30.39632428807584,,33.789971804310156,31.8125,29.83502819568984,42382.4,33944.9,0.5935010759183057,31.161206965095015
2026-05-11,1595,92.7,92.7,85.0,85.0,965804.0,83714314.0,94.14000000000001,83.89000000000001,73.0375,51.96083333333333,46.35541666666667,43.552708333333335,62.49999999999999,62.49999999999999,11.68498172185997,10.18391272927122,1.501068992588749,34.63751930102087,7.876439817883061,68.40725828422161,,104.44713437512367,73.0375,41.62786562487632,5674232.2,5574567.05,0.17020875529203758,86.67836745343776
2026-05-11,1597,176.0,184.0,173.0,182.0,2049112.0,370213824.0,177.3,155.0,134.475,99.26166666666667,86.86083333333333,85.08208333333333,85.98130841121495,83.08457711442786,22.293451821751347,16.948464994780227,5.34498682697112,46.799165027033354,9.638756886232024,47.455410267589016,,190.63030625909454,134.475,78.31969374090544,4535043.6,5554968.4,0.4518395368900092,180.6703703848301
2026-05-11,1598,22.2,22.45,21.75,21.8,438235.0,9662597.0,21.240000000000002,20.94,20.5275,20.00583333333333,21.110833333333332,21.67791666666667,70.83333333333334,61.467889908256886,0.4184998433680036,0.2603903577245614,0.15810948564344218,28.254096684401958,12.338539606627778,21.810184261541043,,21.841984089310532,20.5275,19.213015910689467,581396.2,422654.5,0.7537630964908268,22.048893858318024
2026-05-11,1599,23.7,24.1,23.5,23.85,72885.0,1738012.0,24.57,24.845,25.07,25.894999999999996,26.272499999999997,26.46125,0.0,0.0,-0.34111631841282986,-0.27754429525815383,-0.06357202315467603,8.453121918806316,32.73174433257796,24.995209686893492,,25.820718953650076,25.07,24.319281046349925,53681.6,36775.55,1.3577277875473162,23.845949097893943
2026-05-11,1603,32.35,33.15,32.3,32.85,516141.0,16953377.0,32.31,32.114999999999995,32.3125,35.2825,36.69375,37.279374999999995,69.3877551020409,53.04347826086958,-0.39778439719060543,-0.6050773977169206,0.20729300052631516,21.398798815960287,18.198309815143254,26.015509828105913,,33.1793606395616,32.3125,31.4456393604384,453743.8,348707.4,1.1375163693696753,32.846406311453656
2026-05-11,1604,22.75,22.8,22.7,22.8,400674.0,9107288.0,22.8,22.880000000000003,23.46,24.172500000000003,24.423333333333332,24.911458333333332,33.33333333333373,17.39130434782625,-0.5045750478227582,-0.4698218828497511,-0.03475316497300707,11.593750482500731,35.34127194628898,42.8694531340409,,25.144480241561325,23.46,21.775519758438676,339605.0,584072.2,1.1798236186157447,22.72992008465735
2026-05-11,1605,34.4,35.3,33.65,35.0,74486097.0,2589464496.0,33.92,32.269999999999996,32.0825,33.78666666666666,31.907083333333333,26.781875000000003,76.79558011049723,54.804270462633454,0.4663994383034833,-0.044121185905398194,0.5105206242088814,30.86256632172451,12.451593991057944,18.08476980124847,,35.28418952109288,32.0825,28.88081047890713,69627901.4,39694185.6,1.0697736898903576,34.76440034171746
2026-05-11,1608,34.4,34.65,34.0,34.25,3365129.0,115560512.0,33.73,33.29,33.3825,34.07083333333333,34.528749999999995,30.591458333333332,73.8461538461538,56.962025316455694,0.14722280970065071,-0.014417876189155887,0.1616406858898066,28.680439793447903,15.232768123816248,17.17707594807533,,34.845832534067746,33.3825,31.919167465932254,5186571.2,4281395.1,0.6488157339862605,34.34058902348171
2026-05-11,1609,36.5,36.5,35.3,36.35,9597557.0,345024282.0,34.47,33.415,33.62,36.098333333333336,37.900416666666665,37.97770833333333,93.68421052631571,63.945578231292544,0.04303619260100078,-0.4482436348698928,0.4912798274708936,34.437936194745326,15.408552879570319,24.471233990881416,,36.0218413988572,33.62,31.2181586011428,9740130.8,4653644.65,0.9853622294271448,35.94917769178136
2026-05-11,1611,11.9,11.9,11.75,11.8,526548.0,6217522.0,11.84,11.875,12.035,12.704166666666667,12.674583333333334,12.910625,28.57142857142864,39.130434782608646,-0.19806036541447725,-0.21242251183227823,0.01436214641780098,17.18386570242434,27.16603422451928,22.396281381301836,,12.439058359515919,12.035,11.630941640484082,529549.4,569071.55,0.9943321624007128,11.808082074188867
2026-05-11,1612,37.0,37.45,36.7,37.25,1196642.0,44578698.0,36.9,36.24,35.835,35.707499999999996,36.08208333333333,35.6975,80.76923076923079,69.99999999999997,0.45182732417822535,0.26167824549140806,0.1901490786868173,28.10197948915023,18.207004992432136,17.578867111566172,,37.27543122198328,35.835,34.39456877801672,1398241.2,907822.6,0.8558194394500749,37.2531617643372
2026-05-11,1614,31.75,31.95,31.7,31.85,66337.0,2113668.0,31.889999999999997,31.910000000000004,32.04,32.7275,33.75791666666667,36.03666666666667,50.0,38.0952380952381,-0.1447326452017954,-0.16902703983352604,0.024294394631730637,17.884218412823436,22.93344959769509,18.800950050046247,,32.438153633399565,32.04,31.641846366600433,86056.0,68073.55,0.7708585107371944,31.862580460376563
2026-05-11,1615,44.75,44.75,44.05,44.3,341456.0,15117922.0,45.39,45.68,46.335,46.825,47.2775,49.29770833333334,32.499999999999986,27.692307692307693,-0.39238087547698086,-0.1825673849531154,-0.20981349052386547,34.51645372663947,21.29575119674161,16.966992214037205,,48.14261546912263,46.335,44.52738453087737,357262.8,173471.05,0.9557558189657586,44.27487582587508
2026-05-11,1616,22.55,22.65,22.05,22.35,463857.0,10376766.0,22.18,22.214999999999996,22.8275,25.336666666666662,28.43708333333333,30.577083333333334,55.5555555555556,33.333333333333385,-0.6582085365665478,-0.7353357723065038,0.07712723573995606,13.36202836115323,26.051400880007257,40.749642482334345,,24.194969811080743,22.8275,21.46003018891926,750663.6,552967.85,0.6179292561941194,22.3706142194685
2026-05-11,1617,15.1,15.15,14.55,14.9,225642.0,3375941.0,15.01,15.05,15.334999999999999,15.492500000000001,15.192083333333333,15.658750000000001,40.00000000000007,29.41176470588239,-0.05836550575557986,-0.009510797739040988,-0.04885470801653887,19.55214781294143,26.008104628264416,15.743684009544817,,16.025613762114016,15.334999999999999,14.64438623788598,223299.8,196709.2,1.0104890376077365,14.961492098102303
2026-05-11,1618,38.5,38.7,38.05,38.6,911873.0,35053808.0,38.910000000000004,38.895,39.255,41.78,42.43416666666667,44.463541666666664,51.85185185185187,49.19786096256686,-0.4204579882077155,-0.49270567903869217,0.07224769083097665,24.695044442464013,25.16893230534131,15.691221065564399,,41.004857137026875,39.255,37.50514286297313,873368.6,873012.7,1.0440872273173092,38.4415461363589
2026-05-11,1626,10.95,11.0,10.8,10.85,67601.0,739404.0,10.99,11.08,11.017,10.778666666666664,11.34725,11.636333333333335,18.75000000000003,38.0952380952381,0.11147937875882974,0.14584241563075118,-0.03436303687192144,24.410959456835347,16.789059451297113,29.046719689104872,,12.052864246338324,11.017,9.981135753661675,100175.2,291787.15,0.6748277018663302,10.937767192793006
2026-05-11,1702,34.35,34.35,34.05,34.15,561099.0,19156870.0,34.46,34.88,35.605,36.461666666666666,37.58708333333334,40.00354166666667,0.0,4.4444444444444855,-0.5629348013568816,-0.42233882649355275,-0.1405959748633288,14.7231262183542,36.90258873355224,22.22359564948383,,37.35305154687472,35.605,33.85694845312528,627654.2,407648.65,0.8939619937220209,34.14169335536153
2026-05-11,1707,113.0,113.5,112.5,113.0,122936.0,13896963.0,112.7,113.0,115.4,119.34166666666667,122.89583333333333,126.62708333333333,66.66666666666666,14.285714285714292,-2.0375491313256333,-1.928086365317651,-0.10946276600798233,10.87292858875426,24.57631767318703,43.78460814606331,,120.54628123272614,115.4,110.25371876727387,137107.2,220472.05,0.8966414601129626,113.04225776013536
2026-05-11,1708,38.65,40.4,38.55,40.15,6248057.0,248150032.0,38.97,40.325,40.2175,38.65916666666667,35.13708333333333,33.68145833333333,40.88397790055248,53.136531365313665,-0.20661100697024182,0.12055598593118143,-0.32716699290142326,25.1544549248011,25.84140641069823,16.295563538417515,,43.151560416269106,40.2175,37.283439583730896,4196253.2,5218176.7,1.4889609139886983,39.716352139553145
2026-05-11,1709,18.7,18.9,18.4,18.5,781397.0,14523996.0,18.54,18.705000000000002,18.845000000000002,17.888333333333332,17.303749999999997,17.426666666666666,36.363636363636424,39.02439024390246,0.1073533032421281,0.20202022656319277,-0.09466692332106466,27.276158752087053,18.145584310835556,36.23480091155155,,19.385857019728753,18.845000000000002,18.30414298027125,551977.6,783109.1,1.4156317212872407,18.58721750915348
2026-05-11,1710,12.2,12.6,12.2,12.45,2275347.0,28302554.0,12.37,12.715,13.25,13.5175,12.849583333333333,12.717916666666667,27.99999999999997,24.390243902438968,-0.4103500243304623,-0.2920943429636133,-0.118255681366849,17.104162091577095,28.404340164653647,18.91818409897611,,14.636020429712014,13.25,11.863979570287986,2761773.2,4174157.15,0.8238717791888196,12.438785820360586
2026-05-11,1711,57.0,59.3,54.0,54.2,40774228.0,2279773861.0,59.1,57.480000000000004,53.425,37.55416666666667,28.16375,22.708750000000002,41.353383458646626,52.08913649025069,5.373335929260811,5.8648472702543755,-0.4915113409935641,37.1197693012047,24.325806304795893,42.76295377774297,,66.28920983725189,53.425,40.560790162748106,12834729.0,36490698.7,3.176867076819464,55.91212814623982
2026-05-11,1712,41.95,41.95,41.1,41.45,1346490.0,55792676.0,41.96,42.125,42.3275,44.38166666666667,43.85,42.87520833333334,24.137931034482563,32.89473684210523,-0.5498802765853057,-0.5847752813044603,0.03489500471915463,14.09302486107318,30.301719784910077,29.652717325928013,,43.1017398649133,42.3275,41.5532601350867,727718.6,649316.95,1.8502893838360048,41.43564081426524
2026-05-11,1713,46.5,47.9,46.5,47.35,176810.0,8386963.0,47.15,46.835,47.4075,47.45666666666667,46.28166666666666,49.27104166666666,75.60975609756102,40.00000000000003,-0.03854641531932401,-0.044133569095816734,0.005587153776492722,24.67505715165712,16.368570319263213,16.980789373716103,,48.89012746855914,47.4075,45.924872531440855,175416.6,194867.0,1.0079433759404755,47.43489056048866
2026-05-11,1714,9.54,9.88,9.54,9.81,8691332.0,84758002.0,9.324000000000002,9.411,9.6385,9.544166666666667,8.891166666666665,8.417791666666666,72.04301075268819,51.61290322580647,-0.07569321913330462,-0.047344649060088416,-0.028348570073216207,32.01503830434812,22.01251145570967,23.480496454638747,,10.256042668459767,9.6385,9.020957331540234,4297597.4,5037346.45,2.022369987472535,9.752015226204684
2026-05-11,1717,79.4,83.6,79.4,80.8,84480195.0,6908968787.0,79.36,78.85999999999999,79.35,67.88333333333334,53.89916666666667,42.19541666666667,64.17910447761193,51.72413793103447,3.0655129418616696,3.698787067542029,-0.6332741256803596,27.64423282829322,17.478223312734144,32.80624356724127,,83.21536578237975,79.35,75.48463421762024,49012457.8,71495470.55,1.723647390725221,81.7821122098499
2026-05-11,1718,6.38,6.52,6.37,6.48,3648024.0,23625968.0,6.42,6.51,6.710500000000001,7.093999999999999,6.90025,6.667000000000001,40.540540540540626,33.68421052631581,-0.214215690829894,-0.19545754717422856,-0.018758143655665444,16.16200740263917,30.621636204414138,28.87614210664827,,7.239350789821359,6.710500000000001,6.181649210178642,4219313.2,4826114.65,0.8646013763567018,6.476374058942595
2026-05-11,1720,61.2,61.4,60.9,61.1,213948.0,13092937.0,61.14,61.11,61.769999999999996,62.275,60.627500000000005,58.85625,54.54545454545466,37.14285714285714,-0.4697620508090523,-0.4353013468775935,-0.034460703931458836,16.987704158085016,20.178912024865266,14.798910370576637,,63.755314505113176,61.769999999999996,59.784685494886816,203371.8,277021.55,1.052004260177665,61.19681885317928
2026-05-11,1721,28.9,31.35,27.1,31.35,12326720.0,371645423.0,28.99,26.93,24.89,20.3325,16.22625,14.219374999999998,85.22167487684729,66.79389312977099,2.6852785392373235,2.2614480239687023,0.42383051526862126,38.36448482573225,9.082949531267511,43.44359129746717,,32.829945644782796,24.89,16.950054355217205,6163246.0,7068172.6,2.0000369934933637,30.149579369045455
2026-05-11,1722,46.9,47.5,46.85,47.1,4403783.0,207799022.0,46.86,47.05,46.2675,46.4125,47.092083333333335,49.80541666666667,11.70212765957453,57.61316872427984,0.28611901689705377,0.1678792370872633,0.11823977980979047,38.10661892443703,19.896935342728757,25.32830892165689,,49.55532042664893,46.2675,42.97967957335106,4847468.2,6480194.8,0.908470735300543,47.18648080525312
2026-05-11,1723,80.0,82.3,80.0,80.8,1171379.0,95075950.0,79.24000000000001,78.61,80.03,76.61666666666666,76.65249999999999,82.42125,74.50980392156865,52.413793103448285,0.22906312309275734,0.40899748667166425,-0.1799343635789069,30.022590337726506,16.61446944732125,26.215433070722284,,83.48929716013161,80.03,76.57070283986839,787157.2,1022613.1,1.4881131748524945,81.16583104187458
2026-05-11,1725,32.75,33.25,32.45,32.8,317201.0,10388204.0,31.49,31.4,31.505000000000003,29.9625,28.060416666666665,28.646875,77.27272727272725,56.32183908045977,0.35406008378878084,0.37227218757710656,-0.018212103788325718,39.40994974919671,14.430050777767434,31.279027145995105,,33.39176833152438,31.505000000000003,29.618231668475623,406973.4,370013.7,0.7794145759894873,32.74959410594544
2026-05-11,1726,76.5,76.5,76.0,76.1,9121.0,695334.0,76.17999999999999,75.96,76.11999999999999,75.94500000000001,,,61.90476190476193,43.74999999999994,0.0836915643387357,0.06898374383861076,0.014707820500124938,19.95681314149423,14.420178276527734,15.623116117594762,,76.9724886169943,76.11999999999999,75.26751138300568,25168.6,25967.85,0.36239600136678246,76.234404122355
2026-05-11,1727,72.8,77.6,72.8,76.3,8600152.0,651252683.0,76.98,78.06,69.05499999999999,54.75666666666667,46.70125,37.473125,30.59701492537316,72.38095238095235,6.700433369449954,6.794986073852419,-0.09455270440246544,26.063354698074814,16.72938915678283,39.44314966698466,,89.37760602849652,69.05499999999999,48.73239397150347,9727711.8,15626124.05,0.8840878694617577,75.72571775475596
2026-05-11,1730,52.8,52.9,52.6,52.7,71310.0,3763132.0,52.760000000000005,52.620000000000005,52.65,52.89666666666666,52.78666666666666,53.54333333333334,62.50000000000022,45.45454545454569,-0.041115551102279824,-0.07870334899755195,0.037587797895272126,33.177554188399945,16.330807772522054,21.277439429787968,,52.95779350562434,52.65,52.34220649437566,56490.4,42699.9,1.2623383796184837,52.771448604683776
2026-05-11,1731,21.8,21.8,21.65,21.65,120059.0,2603542.0,21.699999999999996,21.695,21.7475,21.836666666666662,21.839166666666664,21.98979166666667,50.0,46.666666666666664,-0.03609749119588912,-0.03385622202779291,-0.0022412691680962077,11.012257166000278,15.250323513646782,15.31595917813167,,21.91125527311799,21.7475,21.583744726882006,106034.4,118309.95,1.1322646235561291,21.685521285368026
2026-05-11,1732,27.1,27.9,26.6,26.75,678901.0,18416946.0,26.459999999999997,26.125,26.0425,26.819166666666668,27.779166666666665,27.532500000000002,88.00000000000009,63.49206349206355,0.01424258614427032,-0.12737372773220956,0.14161631387647988,34.64841441670284,15.119703789080956,16.297811773906318,,26.76088634965337,26.0425,25.324113650346632,438720.4,194109.05,1.5474571047984091,27.127587085598638
2026-05-11,1733,28.85,29.0,28.5,28.55,131247.0,3763877.0,28.339999999999996,28.439999999999998,28.982499999999998,29.410833333333336,30.88125,30.540416666666665,50.0,35.593220338983116,-0.34261391190390356,-0.30338597690045616,-0.0392279350034474,19.676078310068558,22.438755903426898,17.800391383571018,,30.27428578963976,28.982499999999998,27.690714210360238,122802.6,153136.6,1.0687640163970469,28.67781358812011
2026-05-11,1734,30.65,30.75,30.45,30.55,490115.0,14981996.0,30.869999999999997,31.28,31.619999999999997,31.197499999999998,31.11208333333333,31.489375,4.76190476190483,24.615384615384613,-0.1571227202010057,0.02483755024186221,-0.18196027044286792,10.93201539773037,29.760161644384425,26.648527565427084,,32.663980237764015,31.619999999999997,30.57601976223598,373288.6,352134.75,1.3129653570990383,30.56832784142497
2026-05-11,1735,26.1,27.9,26.1,27.3,1688694.0,46508560.0,26.25,26.794999999999998,27.9125,23.434166666666666,19.32541666666667,17.614583333333332,51.11111111111113,48.97959183673469,0.3119739738710159,0.7505328390293787,-0.43855886515836284,30.805746045658548,15.123188734738388,36.893387095487846,,30.986307000070436,27.9125,24.838692999929567,901332.0,2165980.45,1.8735538070322588,27.54114126064284
2026-05-11,1736,126.0,126.0,123.0,124.0,576094.0,71382269.0,125.5,125.8,121.075,130.23333333333332,143.54583333333332,151.36041666666668,55.26315789473684,56.45161290322581,-0.02706310460122552,-1.1324798893870311,1.1054167847858056,27.59065774458364,16.34866094595203,24.29651294085818,,132.81909145956328,121.075,109.33090854043672,628777.8,916098.9,0.916212372637838,123.90732935944482
2026-05-11,1737,31.55,31.65,31.55,31.55,119629.0,3781761.0,31.570000000000004,31.630000000000003,31.840000000000003,31.71833333333333,31.7525,32.115625,19.999999999999716,31.428571428571402,-0.07373006716324682,-0.030769588852212256,-0.042960478311034556,16.33188515569301,19.52056976557226,23.269217292205834,,32.4006387334757,31.840000000000003,31.2793612665243,100847.0,111167.5,1.1862425258064195,31.612410034356216
2026-05-11,1742,15.2,15.9,15.05,15.05,38619.0,590039.0,15.41,15.655000000000001,15.772499999999999,16.4175,16.65875,16.779374999999998,0.0,0.0,-0.2726235562430581,-0.23052219161343956,-0.042101364629618554,8.442138387522286,17.222505710226642,40.0919952523237,,16.244310622133312,15.772499999999999,15.300689377866687,21776.2,25615.8,1.7734499132079977,15.278463968512908
2026-05-11,1752,33.9,33.9,33.4,33.55,100040.0,3360737.0,33.620000000000005,33.675,34.567499999999995,35.815000000000005,36.93833333333334,36.58583333333333,52.63157894736826,19.999999999999957,-0.6628156412304591,-0.6208552469953531,-0.041960394235106,15.782100299384425,29.351525665029556,40.710499414526836,,36.4668835565086,34.567499999999995,32.66811644349139,101975.4,91016.1,0.9810209128868336,33.59393242702919
2026-05-11,1760,64.6,64.6,63.6,63.8,296445.0,18935492.0,65.20000000000002,66.07000000000001,65.155,63.82000000000001,64.78083333333333,68.145,27.083333333333357,46.66666666666668,0.4083362756927329,0.6647407667648729,-0.25640449107214003,30.308692101923857,20.346303325394253,26.772132054452424,,68.76928452554289,65.155,61.54071547445712,266693.2,460602.7,1.1115581499640785,63.87522811988733
2026-05-11,1762,39.5,39.55,36.6,37.55,1725639.0,65458476.0,34.55,31.285000000000004,30.0325,28.45,26.80125,27.263125000000002,86.32812499999997,79.99999999999999,1.8409862179202143,0.7633003653731515,1.077685852547063,55.678474550988874,20.943114150538705,24.985089461341374,,36.623025496179224,30.0325,23.441974503820774,759090.6,277270.25,2.273297811881744,37.93289094648417
2026-05-11,1773,177.5,184.5,176.0,176.0,1835190.0,329960033.0,175.9,174.15,167.7,153.65,146.68333333333334,140.80416666666667,68.75,64.40677966101694,6.654681190246123,6.636235579691888,0.01844561055423455,28.469000809899462,9.000754645929174,37.73212942489896,,185.58383568889332,167.7,149.81616431110666,1454667.8,2185418.6,1.2615870097626414,179.79611538859737
2026-05-11,1776,17.25,17.3,16.85,16.85,89773.0,1527097.0,17.06,16.755,16.572499999999998,,,,60.00000000000004,52.23880597014929,0.3085914559673846,0.2778648698248707,0.03072658614251389,31.09031849541569,11.71411071608521,37.140885755543394,,17.33094369738636,16.572499999999998,15.814056302613638,122674.4,119540.65,0.7317989735429723,17.01064908157241
2026-05-11,1777,70.7,70.8,70.5,70.7,29035.0,2052082.0,71.2,71.02000000000001,71.21000000000001,71.56833333333333,71.68416666666667,71.74208333333333,48.14814814814814,48.148148148148145,-0.14727769115441447,-0.17064651298587435,0.023368821831459885,19.445496691208522,17.49557990034713,15.628839875996093,,72.3430443387989,71.21000000000001,70.07695566120111,29267.2,24564.75,0.992066203804942,70.67614947477183
2026-05-11,1781,10.4,10.5,10.3,10.4,40019.0,417142.0,10.73,10.765,10.97,11.9575,12.47875,12.739375,21.428571428571303,21.428571428571303,-0.32908896205568716,-0.34395840682996315,0.014869444774275986,8.82320992779952,31.275854071810354,52.74750973801772,,11.68847792333224,10.97,10.251522076667761,40613.6,35335.65,0.9853595839817204,10.423598790574477
2026-05-11,1783,39.4,39.4,38.75,38.95,181456.0,7082482.0,39.36,39.095,40.195,42.92250000000001,43.11833333333333,43.30708333333333,51.351351351351454,37.32394366197186,-0.9454107989147005,-0.9968658265351087,0.05145502762040821,18.292235270011773,32.21789210714247,26.986902493941432,,42.95102688857136,40.195,37.43897311142864,97161.8,149809.95,1.8675652365435798,39.03140155189137
2026-05-11,1784,78.6,78.6,73.0,73.0,337813.0,25414106.0,72.46,73.8,75.845,84.88833333333334,89.84416666666667,92.32208333333334,23.404255319148874,23.404255319148874,-2.7564444221769406,-2.8727272771612657,0.11628285498432511,26.470539544357578,20.39517900622634,36.93073900456925,,81.68766521735591,75.845,70.00233478264408,209752.2,166801.9,1.6105337631738785,75.23128476405586
2026-05-11,1785,151.0,159.0,149.5,153.0,26613704.0,4105068522.0,168.1,167.25,162.55,106.23666666666666,83.16833333333334,71.63416666666667,39.130434782608695,39.130434782608695,14.429602789547062,17.680627914904175,-3.2510251253571134,20.49167143071301,13.97291368490012,64.71248185799004,,184.26320238690536,162.55,140.83679761309466,55929167.2,43555957.2,0.47584659905323956,154.24641838655754
2026-05-11,1786,56.7,56.7,55.6,56.0,311826.0,17469382.0,56.94,57.839999999999996,60.595000000000006,66.87166666666666,75.52583333333334,85.41208333333334,37.28813559322035,20.714285714285694,-2.3075714950152033,-2.0921776595452046,-0.21539383546999868,14.345679052106384,31.211806889000943,30.106900064180643,,67.10409485177959,60.595000000000006,54.08590514822042,340460.2,319110.5,0.9158956024815823,56.02285248824665
2026-05-11,1788,136.0,136.0,135.0,135.5,28196.0,3817322.0,135.3,135.6,135.825,136.33333333333334,136.41666666666666,136.45833333333334,33.33333333333333,33.33333333333333,-0.2887122435070353,-0.2446103687978455,-0.044101874709189776,13.098052615319231,11.532349844265017,23.307880558371114,,136.57015982037115,135.825,135.07984017962883,30189.0,31224.85,0.9339825764351254,135.385231947794
2026-05-11,1789,19.75,19.8,19.2,19.25,1594164.0,30973190.0,19.96,20.189999999999998,20.6875,21.919166666666666,19.840833333333332,18.821458333333336,18.1818181818182,24.418604651162767,-0.43136108284713615,-0.3070799716162077,-0.12428111123092844,19.547583592982757,35.53783614459279,13.628044967997615,,22.02869938468318,20.6875,19.34630061531682,1053172.2,935567.95,1.5136783899157233,19.429111433955352
2026-05-11,1795,237.0,237.5,229.0,233.0,3797437.0,883240768.0,230.7,226.55,228.475,259.3666666666667,273.4916666666667,244.09791666666666,76.08695652173913,58.75,-1.9513341489792708,-4.668241971542381,2.71690782256311,24.813874938002265,20.376157746515805,21.474646407490184,,240.09836575948887,228.475,216.85163424051112,3645572.8,3083112.15,1.0416571574157016,232.5886559803362
2026-05-11,1796,36.4,36.4,35.6,36.0,9129.0,326996.0,37.41,37.684999999999995,38.222500000000004,40.307500000000005,42.253750000000004,43.22687499999999,22.2222222222223,22.222222222222285,-0.6455988567971573,-0.584933875813014,-0.0606649809841433,15.662749653327712,32.527888207652964,26.394528485737755,,40.01766162591508,38.222500000000004,36.427338374084925,35625.8,24476.05,0.2562468772631071,35.81947639390952
2026-05-11,1799,36.8,37.2,35.75,36.15,133675.0,4843055.0,36.58,37.035000000000004,38.67,36.125833333333325,34.33791666666666,33.44395833333333,39.130434782608674,39.130434782608674,-0.46428220971562695,-0.05369895945248706,-0.4105832502631399,22.402279155703848,21.990992955415862,15.397286201356547,,44.04542164808846,38.67,33.29457835191155,220929.8,254128.4,0.6050564477947294,36.23007293809613
2026-05-11,1802,69.0,70.2,67.7,69.9,78048202.0,5404504946.0,70.72,68.78,68.99499999999999,58.879999999999995,45.57000000000001,32.955625,61.788617886178905,48.655913978494624,2.8772298475450953,3.2440264657147897,-0.36679661816969444,24.995253411574218,15.991490127971044,26.238146715621937,,75.2628712914609,68.99499999999999,62.727128708539084,139634795.4,173889463.55,0.558945224049793,69.24573286134125
2026-05-11,1805,10.6,10.6,10.1,10.3,267651.0,2753473.0,10.66,10.675,10.7475,11.121666666666666,11.188749999999999,12.299791666666668,17.647058823529463,31.034482758620697,-0.09352869316158063,-0.08812476346548452,-0.005403929696096113,17.869433179629745,30.922858880430397,9.786838274993984,,11.112372003512698,10.7475,10.382627996487303,163762.4,117310.05,1.6343861594602913,10.287549831683798
2026-05-11,1806,8.25,8.31,8.19,8.23,458448.0,3781927.0,8.234,8.392,8.345,8.610833333333334,8.863249999999999,9.723958333333334,6.976744186046389,48.53801169590646,-0.06766421707440706,-0.06255714613255672,-0.005107070941850339,30.586620191409292,25.32279950757307,24.72106653266087,,8.759551120585876,8.345,7.930448879414126,494901.6,1095279.6,0.9263417212633784,8.249413237706348
2026-05-11,1808,28.6,29.25,28.6,28.9,1385167.0,39984770.0,28.47,28.79,29.464999999999996,30.4975,31.795,31.611458333333335,60.0,40.40404040404037,-0.571167266690118,-0.49687191303567935,-0.07429535365443862,24.19672981408293,26.571597053062114,12.439565870204063,,31.115231243764494,29.464999999999996,27.814768756235498,1205651.4,1632049.3,1.1488951118042912,28.86638939564688
2026-05-11,1809,36.25,39.6,35.2,39.6,12762844.0,491333237.0,35.06,30.729999999999997,28.939999999999998,26.928333333333335,22.607083333333332,19.87333333333333,100.0,76.48401826484017,2.4511965563296982,1.2043358303381384,1.2468607259915598,43.867958244628525,10.294276064062881,26.244276538774468,,36.926870805462954,28.939999999999998,20.95312919453704,22180168.2,8528869.3,0.5754169168112981,38.49715917549411
2026-05-11,1810,18.35,18.35,17.7,18.15,1459672.0,26273028.0,18.49,17.95,17.997500000000002,18.1775,17.992916666666666,17.867916666666666,71.42857142857143,43.243243243243235,0.13779809469524906,0.06743085364098421,0.07036724105426485,34.16077347192101,20.582013476598178,21.82584064991955,,19.158023928867284,17.997500000000002,16.83697607113272,2686568.4,1651850.85,0.543322105627387,17.99926832877523
2026-05-11,1813,12.15,12.2,12.1,12.2,44614.0,541749.0,12.32,12.31,12.580000000000002,13.115833333333335,13.232916666666664,13.291458333333335,37.49999999999978,37.49999999999978,-0.2541594609459459,-0.25794129075576366,0.0037818298098177827,7.063789619013801,30.340170398655815,51.99720042487373,,13.555165303126115,12.580000000000002,11.604834696873889,28492.4,24072.85,1.5658210610548777,12.143026852557494
2026-05-11,1815,107.5,108.5,102.0,102.5,23524299.0,2467684994.0,108.0,108.3,112.325,105.51666666666667,100.60833333333333,98.15416666666667,35.0,35.0,-0.6258730207211727,0.42027583253828216,-1.0461488532594547,15.224465686807903,14.174393805058621,21.251469483740223,,127.98344315713616,112.325,96.66655684286384,48640659.4,63314179.5,0.4836344591167282,104.89940609919981
2026-05-11,1817,38.5,38.8,38.5,38.7,105704.0,4086442.0,38.58,38.589999999999996,38.655,38.719166666666666,38.64083333333333,40.01583333333333,60.0,48.00000000000016,-0.04484810969263009,-0.042470880431081715,-0.0023772292615483748,17.834035178499114,19.028404974041912,19.82844874910532,,38.88187812633677,38.655,38.42812187366323,70575.2,48054.7,1.4977499178181573,38.65929387724211
2026-05-11,1903,49.3,49.5,49.25,49.3,115729.0,5711519.0,49.339999999999996,49.410000000000004,49.447500000000005,51.655833333333334,53.34708333333333,53.861250000000005,41.17647058823505,53.93258426966285,-0.32573074819196535,-0.41509666944182855,0.0893659212498632,17.29881186613782,22.958611696228846,17.8517260361433,,50.056619295202864,49.447500000000005,48.838380704797146,178139.0,201278.65,0.6496556060155272,49.35253048069196
2026-05-11,1904,17.5,17.6,17.4,17.5,1397491.0,24404583.0,17.53,17.695,18.185000000000002,18.21583333333333,17.982916666666664,17.942708333333332,37.49999999999978,32.65306122448973,-0.2869323189566373,-0.1933178844378003,-0.093614434518837,16.675867862278807,28.476484839490208,20.108967503840102,,19.348524590923706,18.185000000000002,17.0214754090763,1533042.2,1449535.35,0.9115802552597705,17.463141444202503
2026-05-11,1905,12.5,12.5,12.3,12.4,2476046.0,30679063.0,12.59,12.86,13.4625,13.077499999999999,12.5675,12.519791666666666,12.499999999999972,40.00000000000001,-0.3250399393664303,-0.14596203497479368,-0.1790779043916366,19.38927807016265,34.40713592683804,19.679662186914985,,14.918115261487024,13.4625,12.006884738512976,2665658.0,5272041.05,0.928868594545887,12.390344525101714
2026-05-11,1906,11.15,11.15,10.8,10.95,182219.0,1995235.0,11.1,11.205000000000002,11.5075,11.668333333333333,12.027500000000002,12.353958333333335,19.99999999999993,36.3636363636363,-0.2023562150117577,-0.13694712975480813,-0.06540908525694958,19.990157083058598,28.722285428097035,12.66707736739528,,12.230268799023719,11.5075,10.784731200976282,123969.6,159427.85,1.4698684193544223,10.94965398778393
2026-05-11,1907,24.05,24.3,24.0,24.05,901782.0,21750374.0,23.950000000000003,23.885,24.63,25.098333333333336,25.641666666666666,25.491249999999997,84.61538461538444,36.92307692307697,-0.43250501464459035,-0.40036088977329115,-0.032144124871299196,18.61955744120548,20.464092752241868,17.2673494005352,,26.48284986752246,24.63,22.777150132477537,1116022.8,1275555.95,0.8080318789186027,24.119325956827705
2026-05-11,1909,9.18,9.31,9.15,9.27,3075118.0,28353471.0,9.117999999999999,9.102,9.310500000000001,9.601,9.865416666666668,9.674041666666666,77.49999999999996,46.32352941176474,-0.15271792298982945,-0.16191847311231922,0.00920055012248977,21.411690131058407,20.75255791764451,15.001393079099362,,9.870141802734949,9.310500000000001,8.750858197265053,3130341.6,2930619.65,0.9823586026521833,9.220287156460337
2026-05-11,2002,18.85,18.85,18.55,18.6,49013720.0,913500424.0,18.72,18.744999999999997,19.28,19.65583333333333,19.105416666666667,19.449583333333337,38.461538461538545,22.222222222222214,-0.27270524906048976,-0.21962109255573517,-0.05308415650475459,18.019500061836474,22.655361859321292,14.503999518003223,,20.565301521044894,19.28,17.994698478955108,46169809.4,43340695.05,1.0615967585086024,18.637647254687057
2026-05-11,2006,67.8,67.8,67.2,67.7,1348129.0,91080422.0,67.24,67.13,68.49,71.27000000000001,67.8425,65.83541666666666,90.32258064516174,39.655172413793096,-1.1236428065762993,-1.2040083275654891,0.08036552098918981,17.36826252433247,29.93407856908661,23.871950241187825,,72.28523246635594,68.49,64.69476753364405,1810844.6,2400120.95,0.7444752575676565,67.56061326475434
2026-05-11,2007,7.37,7.49,7.32,7.32,358912.0,2660393.0,7.366,7.431,7.6775,8.056000000000001,7.707,7.771125,11.111111111110958,28.47222222222217,-0.19537705468790723,-0.16922408798945882,-0.02615296669844841,18.72142670550622,24.775247401508025,17.073991893784015,,8.258311591880906,7.6775,7.096688408119094,354758.6,388732.4,1.0117076795319409,7.412382422432239
2026-05-11,2008,27.5,28.1,27.5,27.9,13780.0,379972.0,27.839999999999996,27.735000000000003,27.57,28.330833333333334,28.265,,62.49999999999994,61.53846153846155,-0.018729586062210757,-0.10825941106185898,0.08952982499964822,27.71475636502363,13.850590243844499,25.730742699236995,,28.183360029930128,27.57,26.956639970069872,23000.6,184889.65,0.5991148057007208,27.574165457184325
2026-05-11,2009,38.8,40.2,38.6,39.6,4169151.0,164699412.0,38.62,38.235,39.155,42.457499999999996,42.44416666666667,38.14791666666667,71.42857142857144,49.41176470588235,-0.7714356146046413,-0.9821566374714396,0.21072102286679828,23.243956074648185,24.46067460085697,20.888821442786096,,41.86422401008869,39.155,36.44577598991131,2213867.6,1918270.25,1.8831979834747117,39.5043048332862
2026-05-11,2010,23.2,23.5,23.0,23.4,2375161.0,55304020.0,24.26,24.505,24.7175,23.7225,21.927083333333332,20.7425,9.090909090909193,30.00000000000003,-0.07050449479891086,0.13181980366122362,-0.20232429846013447,17.814477753358737,33.80137890460684,29.261743725715686,,25.783863717944183,24.7175,23.65113628205582,2939759.0,1910454.55,0.8079441205894768,23.284324725776486
2026-05-11,2012,15.0,15.1,14.9,15.1,47620.0,715140.0,15.020000000000001,14.934999999999999,15.327499999999997,16.058333333333334,15.825416666666666,,89.99999999999989,35.41666666666667,-0.24539358911316533,-0.25968616514557336,0.014292576032408022,20.755380758507307,27.77890462513802,18.781188078501998,,16.253995945401236,15.327499999999997,14.401004054598758,61559.2,65580.95,0.773564308827925,15.017639647207055
2026-05-11,2013,42.8,43.1,42.8,42.95,83250.0,3577859.0,42.84,42.815000000000005,43.269999999999996,43.163333333333334,42.31791666666666,42.669374999999995,59.09090909090915,34.666666666666714,-0.2335599946433362,-0.19407863372444012,-0.03948136091889609,19.42728551059783,15.953391948528678,16.68655085871681,,44.540060089751734,43.269999999999996,41.99993991024826,97534.8,124303.5,0.8535415051858414,42.977285285285284
2026-05-11,2014,18.0,18.7,17.95,18.1,9082828.0,166665679.0,17.94,17.755000000000003,17.9925,18.1,16.6475,16.102291666666666,65.625,44.79166666666667,-0.0677352101785722,-0.089972747461982,0.022237537283409797,30.936214556009663,16.437553871897443,27.622757552096225,,19.04244987349003,17.9925,16.94255012650997,6059701.6,5586006.05,1.4988903083940637,18.349535959505122
2026-05-11,2015,62.5,64.3,62.5,64.3,606366.0,38589973.0,62.5,61.82000000000001,62.21500000000001,64.49499999999999,63.97416666666667,64.13374999999999,92.50000000000006,61.25,-0.4109004622493444,-0.771619754719822,0.3607192924704776,27.187964372931372,18.26283193736207,18.01183304084598,,64.40038205740953,62.21500000000001,60.029617942590484,414658.6,443589.45,1.4623258748281116,63.641386555314774
2026-05-11,2017,8.86,9.17,8.86,9.15,1261886.0,11466567.0,8.84,8.767999999999999,9.0155,9.313666666666666,9.031833333333333,9.425625,100.0,51.74825174825177,-0.18710987042955374,-0.2118810312046873,0.024771160775133555,22.340594965652123,19.284826271575643,26.846024864833524,,9.726391952705278,9.0155,8.304608047294721,837885.2,801202.75,1.5060368651934657,9.086848574276916
2026-05-11,2020,21.95,22.3,21.9,22.15,354250.0,7860390.0,21.91,22.01,22.79,23.77333333333333,23.569583333333334,24.517291666666665,50.0,29.54545454545449,-0.6138463713232234,-0.5808231374413744,-0.03302323388184902,17.43638103094185,30.72716858168862,41.07994061478808,,25.05868846879019,22.79,20.521311531209808,488659.8,729903.1,0.7249419739458822,22.18882145377558
2026-05-11,2022,8.06,8.32,8.05,8.27,1161401.0,9580060.0,8.092000000000002,8.09,8.383,8.791833333333335,8.408833333333332,8.197541666666668,64.15094339622647,36.94267515923566,-0.21932988158724065,-0.21764969093420894,-0.0016801906530317101,23.83789157805787,24.255446260059728,20.598299261574084,,9.118451168367136,8.383,7.647548831632863,796919.6,908588.7,1.457362825559818,8.24870996322545
2026-05-11,2023,14.15,14.2,13.85,13.95,4275674.0,59775773.0,14.069999999999999,14.059999999999999,14.05,14.4625,14.663333333333332,14.991041666666666,47.82608695652171,50.0,-0.07825501499623932,-0.1103926566047099,0.032137641608470574,23.76716583469387,17.043122972877534,17.846403699028095,,14.305466549463466,14.05,13.794533450536536,2878807.8,2271730.75,1.4852238485667575,13.98043279258428
2026-05-11,2024,14.05,14.15,13.9,13.9,15686.0,219602.0,14.030000000000001,14.01,14.2775,,,,42.857142857142904,40.00000000000003,-0.2525336492518253,-0.2712442602674718,0.018710611015646472,22.479432254180182,27.44021943121882,12.082236224985472,,14.92188873524037,14.2775,13.633111264759629,17334.6,20062.4,0.9048954114891605,13.999872497768711
2026-05-11,2025,11.2,11.7,11.2,11.7,369152.0,4209404.0,11.36,11.285,11.555,11.775,10.76325,11.906416666666669,63.829787234042556,43.74999999999999,-0.04535788358039561,-0.0525598188445775,0.007201935264181891,21.261615107039667,22.450823050019718,13.604996645888054,,12.423695331486918,11.555,10.686304668513081,490043.6,262014.45,0.7533043998534008,11.402901785714286
2026-05-11,2027,40.0,40.45,39.5,39.95,30077425.0,1204211149.0,38.970000000000006,38.315000000000005,37.777499999999996,37.560833333333335,37.373333333333335,37.74395833333333,100.0,75.42372881355931,0.4909858283032946,0.21093702464826317,0.2800488036550315,35.56873935680724,10.841034297400052,30.896187474333754,,39.853294077607906,37.777499999999996,35.70170592239209,27093319.8,22414160.45,1.1101417331662693,40.037042698967745
2026-05-11,2028,17.35,17.6,16.9,17.05,285909.0,4915733.0,17.130000000000003,17.395000000000003,18.0925,18.384999999999998,17.347083333333334,17.70604166666667,31.999999999999986,21.42857142857143,-0.36681023279095015,-0.23681506908803546,-0.1299951637029147,25.939547010825226,17.18299309051547,20.960797302502453,,19.766535464631062,18.0925,16.41846453536894,221633.8,193174.15,1.2900063077021646,17.193348233179087
2026-05-11,2029,20.25,20.7,20.25,20.5,400037.0,8219755.0,20.26,20.195,20.3875,20.802500000000002,20.94833333333333,22.196458333333332,65.00000000000009,47.49999999999995,-0.1210182480992259,-0.14197192823140775,0.02095368013218185,25.319271420257166,19.296309700788346,14.540992019906215,,20.89312624015747,20.3875,19.881873759842527,245602.4,212959.3,1.6287992299749514,20.547486857465685
2026-05-11,2030,17.2,18.0,17.2,18.0,5239040.0,93260307.0,16.52,16.23,16.2375,16.2325,15.092916666666667,14.875208333333331,90.19607843137256,65.30612244897961,0.17418559390070243,0.03731827238448231,0.1368673215162201,38.40717080692911,14.78210862813911,21.973533143361962,,17.293248674239138,16.2375,15.181751325760866,1703462.2,1026740.05,3.0755246579583626,17.801029768812608
2026-05-11,2031,39.75,40.45,39.6,39.9,884003.0,35464660.0,39.89,40.019999999999996,40.1475,39.688333333333325,39.24541666666667,40.62708333333333,32.558139534883765,45.774647887323944,-0.016364566953157578,0.04547160934793974,-0.06183617630109732,25.892334511062785,24.759386714695623,16.02532398969377,,41.8375560563731,40.1475,38.4574439436269,1208959.6,926092.5,0.7312097112260822,40.11825751722562
2026-05-11,2032,16.9,18.1,16.75,17.7,3353057.0,59028359.0,16.43,16.205000000000002,16.244999999999997,16.354166666666668,15.340000000000002,15.169166666666666,75.0,61.11111111111109,0.07974100937471817,-0.054754318349760925,0.13449532772447909,41.161412340372394,18.082406578196714,20.671799761929247,,17.504866325407065,16.244999999999997,14.985133674592932,1280142.2,640777.05,2.6192847950797966,17.604341053552027
2026-05-11,2033,15.2,15.2,14.95,15.1,287103.0,4326341.0,15.25,15.525,16.01,16.0775,16.087916666666665,16.670833333333334,27.777777777777686,15.555555555555543,-0.26046735271324906,-0.13444984214163808,-0.12601751057161098,12.410531357589715,25.148136154162927,24.22472889448543,,17.17420291231919,16.01,14.845797087680813,249631.2,202666.4,1.1501086402661205,15.068950864323954
2026-05-11,2034,20.9,21.3,20.7,21.05,2549163.0,53739784.0,21.19,21.125,20.939999999999998,20.8475,20.377916666666668,20.857708333333335,43.24324324324324,50.847457627118665,0.16665785156890678,0.14417136377908768,0.0224864877898191,30.662611567860466,24.119363329989365,21.39279457437035,,21.868269470857456,20.939999999999998,20.01173052914254,1676539.2,1785297.9,1.5204911403204888,21.081344739430158
2026-05-11,2035,28.2,28.2,27.6,27.6,19165.0,537744.0,27.75,28.025,,,,,20.833333333333343,20.833333333333343,-0.1778614188458576,-0.13000495300135592,-0.04785646584450168,6.485841172995581,17.86098136675801,61.15257138623127,,,,,10274.6,,1.8652794269363284,28.05864857813723
2026-05-11,2038,13.75,14.35,13.75,14.05,499024.0,7050203.0,13.99,14.059999999999999,14.575,15.108333333333333,14.727083333333333,15.101041666666667,47.368421052631625,26.785714285714292,-0.3474177334051287,-0.304415729636414,-0.043002003768714714,17.78314432659565,22.18804042759718,24.480012796396643,,15.820835166929257,14.575,13.329164833070742,415327.0,420896.9,1.2015207294493255,14.127983824425279
2026-05-11,2049,327.0,351.0,322.5,351.0,12319911.0,4245778600.0,325.0,316.05,302.0,257.85833333333335,231.0375,221.95208333333332,88.88888888888889,76.99530516431925,20.99307261970654,19.02991294054275,1.9631596791637875,36.67491283161647,10.412907560133393,47.72040792122647,,344.8461138691053,302.0,259.1538861308947,7468491.6,10697027.5,1.649584904132449,344.6273759607517
2026-05-11,2059,5300.0,5615.0,5280.0,5520.0,1794792.0,9826419795.0,4844.0,4428.5,4025.25,3527.8333333333335,3629.8333333333335,3021.0208333333335,100.0,79.83193277310924,415.84076360807194,252.62817997315642,163.21258363491552,48.17791923083876,7.92817431965171,29.95821973638412,,5219.091543748138,4025.25,2831.4084562518615,1124163.2,995411.4,1.5965582221513746,5474.963001283714
2026-05-11,2061,21.6,22.0,21.15,21.15,707406.0,15236670.0,20.830000000000002,20.115000000000002,18.9375,18.128333333333334,18.664166666666667,18.932083333333335,81.03448275862073,81.03448275862073,0.9494536730252143,0.7261079595560392,0.2233457134691751,22.489832139474903,7.993106581417233,47.82931771188854,,22.450314885679667,18.9375,15.424685114320331,1276521.4,873641.25,0.5541669728372749,21.538791019584227
2026-05-11,2062,20.4,20.45,20.05,20.25,490663.0,9902075.0,20.7,20.905,21.557499999999997,21.328333333333333,21.239166666666666,22.85666666666667,28.5714285714285,13.432835820895505,-0.20166541269587057,-0.014571441182738414,-0.18709397151313215,16.68494419108629,28.756677330748452,18.806432163054513,,23.072086968190106,21.557499999999997,20.04291303180989,468195.6,452587.1,1.0479872087648838,20.181010184179364
2026-05-11,2063,25.35,25.35,24.9,25.15,20292.0,508937.0,25.380000000000003,25.630000000000003,26.089999999999996,26.611666666666665,26.655833333333337,26.677916666666665,20.0,20.0,-0.40778357951570143,-0.3347636633701055,-0.07301991614559594,6.908359433081246,17.978802583618414,40.14677937933074,,27.482309705413826,26.089999999999996,24.697690294586167,29098.6,22323.8,0.6973531372643358,25.080672186083184
2026-05-11,2064,12.85,12.85,12.8,12.85,33653.0,432195.0,12.66,12.165,11.925,,,,72.72727272727272,72.72727272727272,0.223464549580493,0.07584691682531276,0.14761763275518025,48.314751982540066,13.796654546046422,41.37766714275359,,12.870627054559986,11.925,10.979372945440016,47341.8,34854.9,0.710851720889362,12.842688616170921
2026-05-11,2065,33.25,33.7,33.0,33.5,203619.0,6769434.0,30.23,29.590000000000003,29.7175,30.876666666666665,31.538333333333334,31.869166666666672,76.0233918128655,76.0233918128655,-0.06955913724076623,-0.4304826712580234,0.3609235340172572,37.930268586636345,13.76182179900167,26.978286121012875,,32.07954082143075,29.7175,27.35545917856926,135734.8,74094.85,1.5001237707647561,33.2455910303066
2026-05-11,2066,61.1,61.1,57.6,60.7,1229914.0,73614414.0,47.67,47.019999999999996,46.8,49.585,50.792500000000004,51.39625,84.63414634146342,84.63414634146342,0.06860869919085388,-0.8862474287948722,0.954856127985726,56.54816779949348,13.33851168194522,42.9168730047553,,53.61847335899821,46.8,39.981526641001786,293802.0,116413.65,4.186200230086929,59.853301938184295
2026-05-11,2067,6.92,6.92,6.77,6.87,35031.0,240062.0,7.15,7.157000000000001,7.202000000000001,8.477,9.263499999999999,9.656749999999999,43.918918918918905,43.918918918918905,-0.246293944227725,-0.3034322807480013,0.057138336520276334,12.28637063829028,8.79741247310139,35.446341068460896,,7.571329406528027,7.202000000000001,6.832670593471975,60726.6,163094.15,0.5768641748426555,6.852844623333619
2026-05-11,2069,19.8,20.95,19.8,20.45,1218345.0,24734616.0,19.25,19.045,18.857499999999998,18.9725,17.5,16.432916666666664,86.66666666666663,72.83950617283948,0.2115440023389077,0.07787491346283616,0.13366908887607154,43.57221583971229,13.288926628759581,25.39405232628866,,19.82228795052247,18.857499999999998,17.892712049477527,640431.0,403561.2,1.9023829264979366,20.301815988082193
2026-05-11,2070,64.3,67.6,63.8,65.2,949157.0,62184188.0,69.64,64.72,58.230000000000004,45.818333333333335,42.85916666666667,41.37958333333333,59.2814371257485,59.28143712574851,6.861111902270785,6.107443223677037,0.7536686785937485,42.16671139781027,19.75854052479664,55.05281043456895,,77.18452730255129,58.230000000000004,39.27547269744872,3292199.0,1910196.65,0.2883048685696096,65.5151760983694
2026-05-11,2073,,,,,20.0,539.0,,,,,,,69.99999999999989,69.99999999999989,0.08968332174298155,0.08566610078009938,0.004017220962882165,10.678492257131058,39.26107117587521,50.31270887736728,,,,,7206.6,,0.002775233813448783,26.95
2026-05-11,2101,34.5,34.8,33.55,33.6,1623403.0,55048503.0,33.97,33.675,34.61,35.00916666666667,36.229166666666664,37.384791666666665,52.459016393442596,37.062937062937074,-0.4154839408054869,-0.40813504672705375,-0.007348894078433144,21.580452270095282,20.21118787241802,14.383753444316254,,37.23028523959579,34.61,31.989714760404212,1331653.6,1895860.9,1.2190880571343778,33.909326889256704
2026-05-11,2102,18.9,18.9,18.5,18.6,604465.0,11285112.0,18.610000000000003,18.785,19.09,19.478333333333335,19.622083333333332,,38.88888888888895,32.49999999999993,-0.24848511633852155,-0.1993384400991193,-0.04914667623940225,17.146262447956214,25.364679679584412,13.045977948956129,,19.94013930746975,19.09,18.23986069253025,453969.4,457219.85,1.33151044982327,18.669587155583862
2026-05-11,2103,20.1,21.5,20.1,21.1,12265925.0,258215420.0,20.05,19.875,19.4775,18.622500000000002,16.950833333333335,17.371041666666663,68.83116883116887,66.66666666666669,0.295959871623122,0.17799314758768262,0.11796672403543937,29.765196411248514,14.063619836331265,25.59834632154985,,20.794384281372746,19.4775,18.160615718627252,10167422.4,6483225.6,1.2063947495679928,21.05144292012221
2026-05-11,2104,10.3,10.55,10.0,10.2,11540839.0,116967593.0,10.32,10.525,10.915000000000001,11.6975,11.162666666666667,11.104041666666665,18.75000000000003,24.324324324324337,-0.4208493731616034,-0.3713036269507373,-0.049545746210866104,15.976340017603569,28.324601139777123,22.851905941972976,,11.9007404377049,10.915000000000001,9.929259562295101,4634702.0,3438932.15,2.4900929984279463,10.135103089125495
2026-05-11,2105,32.15,32.35,31.9,32.05,7484156.0,240287335.0,31.639999999999997,31.485000000000003,32.027499999999996,31.010833333333334,31.615416666666665,37.33729166666667,75.75757575757567,43.68932038834946,0.11026123343098604,0.1683880847169202,-0.05812685128593417,23.259080238121435,17.482031436982613,15.140657861389565,,33.43105751011821,32.027499999999996,30.623942489881784,9356577.2,11020462.15,0.799881820031368,32.1061366171416
2026-05-11,2106,17.2,17.4,17.2,17.35,443409.0,7665379.0,17.35,17.360000000000003,17.8525,18.696666666666665,19.51625,20.954375000000002,55.00000000000007,30.18867924528307,-0.35038924756844025,-0.33435438518433686,-0.0160348623841034,12.538613904472623,25.239479993477946,25.746864473866463,,18.973812670607582,17.8525,16.731187329392416,569095.4,667800.45,0.7791470463475895,17.287378018939624
2026-05-11,2107,26.1,26.2,26.05,26.05,177572.0,4638205.0,26.170000000000005,26.155,26.059999999999995,25.47833333333333,24.739166666666666,24.841250000000002,39.99999999999999,51.11111111111113,0.19208191796099783,0.22009263800588266,-0.028010720044884835,27.163164139125783,11.300020102313301,33.85021028591153,,26.448790296608216,26.059999999999995,25.671209703391774,288972.6,356445.5,0.6144942461672838,26.120137183790238
2026-05-11,2108,29.25,29.95,28.7,29.3,3343272.0,98127662.0,27.669999999999998,27.325,26.8,25.678333333333335,24.271666666666665,24.529999999999998,91.93548387096784,72.32704402515724,0.6009285470469585,0.4166825924365597,0.18424595461039883,44.781954818319306,9.950816158457238,44.47304644315797,,28.606129913145946,26.8,24.993870086854056,2927260.4,2034602.05,1.1421163624527562,29.350786295581095
2026-05-11,2109,14.0,14.0,13.9,13.9,134640.0,1878557.0,14.0,14.184999999999999,14.4225,14.736666666666668,14.94875,15.87125,0.0,6.250000000000071,-0.21487247210417237,-0.16501762062199993,-0.049854851482172446,9.694598276552442,34.575988707693135,27.05937899514214,,15.002404710865594,14.4225,13.842595289134405,243584.4,149467.1,0.5527447570534074,13.952443553178847
2026-05-11,2114,87.6,88.2,87.6,88.0,61026.0,5375393.0,87.94,88.27000000000001,88.455,88.81666666666666,89.42833333333333,,30.769230769230944,44.44444444444451,-0.1841813602199096,-0.13792470088644815,-0.04625665933346146,15.226977752477774,25.82463504882539,13.117027884896498,,89.33153624538498,88.455,87.57846375461502,65537.8,43234.05,0.931157286329416,88.08365286926883
2026-05-11,2115,21.35,21.35,20.8,20.9,216300.0,4535412.0,21.07,21.165,21.380000000000003,22.602500000000003,,,40.624999999999964,32.55813953488371,-0.2795812233455983,-0.3054190392887024,0.02583781594310408,34.30078397480566,23.84687729654514,30.567459713799785,,21.946057464074336,21.380000000000003,20.81394253592567,153192.4,106907.8,1.4119499400753563,20.968155339805826
2026-05-11,2201,28.1,28.15,27.7,27.75,3039397.0,84743282.0,27.49,27.264999999999997,27.225,28.589999999999996,31.450416666666666,33.343125,85.71428571428581,50.81967213114756,-0.1386983843053251,-0.30053894348533866,0.16184055918001355,24.906806490759035,13.13408507716085,19.40954502138715,,28.051215213455613,27.225,26.39878478654439,3280437.2,3868332.9,0.9265219282356632,27.88161006936573
2026-05-11,2204,54.5,54.5,53.9,54.1,1223826.0,66291485.0,54.239999999999995,54.129999999999995,54.205,55.431666666666665,57.624166666666675,60.05541666666667,50.0,49.09090909090908,-0.2799516560608666,-0.4105722494525395,0.13062059339167292,16.946870584179898,19.475476888859674,18.162102832959025,,55.19436449565462,54.205,53.21563550434538,1408769.2,1203502.9,0.8687200146056572,54.1674102364225
2026-05-11,2206,58.1,58.2,58.0,58.1,617692.0,35897857.0,57.82000000000001,57.209999999999994,57.48,58.83,59.995,62.95125,100.0,54.16666666666668,-0.3020141440291795,-0.5186469961168173,0.21663285208763783,17.179595874919084,25.8161544650173,29.96353290741282,,59.686783799298034,57.48,55.27321620070196,1027388.0,1337210.6,0.6012256323803665,58.11611126580885
2026-05-11,2207,480.5,484.5,475.5,475.5,490356.0,234254681.0,480.3,480.25,494.75,509.89166666666665,,,48.64864864864865,32.786885245901644,-8.068319627868505,-7.334441651583648,-0.7338779762848562,19.702348871949578,22.80250019796564,14.845987420471634,,527.7500000000053,494.75,461.7499999999946,411621.8,368826.65,1.1912780129721021,477.72369666120125
2026-05-11,2208,21.1,21.1,20.0,20.2,9882198.0,200532642.0,20.639999999999997,20.4,20.4925,21.358333333333334,20.983333333333334,19.761041666666667,55.263157894736814,43.56435643564354,-0.10653520623812085,-0.19319608372331257,0.08666087748519172,26.51792851539084,22.203079747619928,13.014719455070034,,21.350450434097638,20.4925,19.63454956590236,6171263.6,4385701.6,1.6013248891199527,20.29231169017257
2026-05-11,2211,98.6,98.6,97.7,97.7,800693.0,78370384.0,98.53999999999999,98.28,99.225,100.6,104.96333333333334,95.89083333333333,53.3333333333334,36.0,-0.6442824070943516,-0.6284056612498468,-0.015876745844504825,14.932270100776801,22.994347446492398,14.511149645891255,,101.49227288075019,99.225,96.9577271192498,591118.6,646378.15,1.3545386661830638,97.8781930153005
2026-05-11,2221,46.1,49.0,46.1,48.1,7636711.0,361054982.0,38.46,37.46,35.95,32.5575,31.35375,30.751875,89.34707903780071,89.34707903780071,1.9905748305119957,1.381006780963342,0.6095680495486537,42.97741180548018,3.834839228359489,53.39288726982311,,42.782199306842635,35.95,29.11780069315737,1807315.8,665675.55,4.225443610906296,47.27885892238164
2026-05-11,2227,53.8,53.8,53.0,53.2,32195.0,1718891.0,53.08,53.32000000000001,53.80499999999999,52.6525,53.842916666666675,56.21104166666667,46.15384615384579,33.33333333333361,0.24477824162954676,0.3990035179477407,-0.15422527631819394,27.521607385029196,14.763943635666562,29.180087780599855,,56.266899138553036,53.80499999999999,51.34310086144695,48717.2,46368.2,0.6608548931383578,53.389998446963816
2026-05-11,2228,88.6,88.9,87.5,87.8,264470.0,23259465.0,88.97999999999999,88.59,89.5,91.96166666666666,96.22416666666666,96.95916666666668,54.41176470588231,43.795620437956195,-0.6761057545200799,-0.7557601322624361,0.07965437774235617,24.598119313193145,23.33052840598388,8.672642849383879,,92.18014139454145,89.5,86.81985860545855,210244.2,222863.35,1.257918173248061,87.94746095965516
2026-05-11,2230,29.85,30.2,29.05,29.05,305445.0,9022405.0,32.739999999999995,29.975,29.3125,44.530833333333334,65.91541666666667,76.60770833333332,55.71030640668524,55.71030640668524,-1.4087623022135247,-2.7414131628847915,1.3326508606712668,36.69631365985883,30.66461791846781,56.32930065270926,,34.653688020812965,29.3125,23.971311979187035,1686868.4,659818.85,0.18107221642186197,29.538558496619686
2026-05-11,2231,115.0,115.5,107.5,109.0,1551328.0,170300967.0,115.4,119.0,124.425,106.725,104.75416666666666,96.60499999999999,12.903225806451616,27.551020408163268,0.5877218924456855,3.560444256581868,-2.9727223641361826,20.437841772607836,29.93637741532108,19.186338558068286,,140.35007126316466,124.425,108.49992873683533,965939.4,1927085.65,1.6060303575980024,109.77753705212567
2026-05-11,2233,290.0,308.0,288.5,302.5,798256.0,240797103.0,303.9,290.8,264.4,243.30833333333334,221.77916666666667,206.06666666666666,52.17391304347826,68.70967741935483,20.23014913557364,16.245538140504372,3.984610995069268,34.959563270162796,15.740987091191696,32.52533459016936,,330.88593044673803,264.4,197.91406955326192,1918676.0,2145527.2,0.4160452311906752,301.65398443607063
2026-05-11,2235,30.05,30.4,30.05,30.4,4202.0,127188.0,30.379999999999995,31.390000000000004,31.979999999999997,,,,31.578947368421055,31.578947368421055,-0.8395828481918883,-0.6728723320394003,-0.166710516152488,11.150093903540517,20.973839603485203,36.65063136508916,,33.965314505112644,31.979999999999997,29.99468549488735,10844.4,10046.05,0.38748109623400095,30.26844359828653
2026-05-11,2236,137.5,144.0,136.0,142.5,1063297.0,149226403.0,136.7,135.35,132.075,118.975,109.51666666666667,104.02666666666667,69.81132075471699,72.36842105263158,5.3692800620097785,5.199292517512573,0.16998754449720543,34.82786199463664,10.515047587874568,41.46777046211224,,141.6900923032498,132.075,122.4599076967502,705299.0,643005.45,1.5075833086393147,140.3431054540735
2026-05-11,2239,22.45,22.45,21.9,22.0,24000.0,529400.0,22.29,22.220000000000002,22.7725,24.695833333333333,28.923333333333332,29.782291666666666,55.88235294117645,27.272727272727266,-0.5609237427313793,-0.629218105871954,0.06829436314057469,20.20913371947543,27.61052996565414,22.42740165331567,,24.27599592616502,22.7725,21.26900407383498,42796.6,66552.55,0.5607922124654763,22.058333333333334
2026-05-11,2241,30.0,31.65,29.8,31.15,1164538.0,35911530.0,30.589999999999996,30.540000000000003,30.135,30.23,33.35,29.273125,62.61682242990653,55.83038869257949,0.21491475629438384,0.17473202175894864,0.040182734535435194,23.759108896576457,15.206443937900296,21.23103077659135,,33.25827426033381,30.135,27.011725739666193,781479.4,1132810.4,1.4901710780859994,30.83757679010904
2026-05-11,2243,23.2,23.2,21.45,21.65,3155492.0,68443185.0,24.85,25.68,24.4925,18.361666666666668,15.019583333333333,13.447708333333333,18.539325842696613,48.42767295597484,1.2839094476217419,1.8686202776282486,-0.5847108300065067,23.28317468657199,28.073888069657745,37.12917830634849,,28.20624048919059,24.4925,20.778759510809408,1795451.2,1803760.3,1.7574924899100572,21.69017858387852
2026-05-11,2247,214.5,214.5,212.0,212.0,92862.0,19751218.0,214.2,213.75,222.025,244.425,267.26666666666665,282.72291666666666,46.15384615384615,18.644067796610173,-7.649563138813988,-8.043798480230848,0.39423534141685934,15.196838880206458,35.97786274542446,40.39647513034514,,241.83056806344263,222.025,202.21943193655738,87111.8,124298.1,1.0660094269662663,212.6942990674334
2026-05-11,2248,58.7,58.8,57.2,57.8,122767.0,7156075.0,55.480000000000004,56.29,55.925,51.075,,,61.81818181818179,54.72972972972973,1.3354920601445386,1.6262540032961184,-0.29076194315157977,36.93404703403433,17.536593327129633,32.363664368026186,,60.138199809121055,55.925,51.71180019087894,66994.6,123598.45,1.832490976884704,58.289890605781686
2026-05-11,2250,64.0,64.5,63.7,63.9,53017.0,3390022.0,64.6,63.629999999999995,63.605000000000004,66.42,72.44833333333334,83.67916666666666,56.33802816901409,50.32679738562092,-0.06719729711361566,-0.31521771612500515,0.2480204190113895,24.41429143737397,23.004220020001824,12.104574177930385,,66.318300573113,63.605000000000004,60.891699426887,108356.4,91522.45,0.48928351255671104,63.9421694928042
2026-05-11,2254,67.4,68.4,65.0,65.0,21000.0,1398600.0,68.28,70.15,72.84,67.74333333333333,,,9.876543209876502,30.52959501557632,-0.5652732201972555,0.7804752813402192,-1.3457485015374746,30.89546948953574,42.04010585637777,23.03299337935865,,84.29782196626027,72.84,61.382178033739734,23882.4,43678.7,0.8793086121997788,66.6
2026-05-11,2258,28.55,28.7,28.0,28.1,1254225.0,35445129.0,28.29,28.380000000000003,28.482499999999998,32.309999999999995,36.057916666666664,38.191874999999996,40.54054054054058,47.16981132075474,-0.604579802996625,-0.8050639560297441,0.20048415303311917,24.39034277903249,23.08106754388618,15.549511869728903,,29.531446840250783,28.482499999999998,27.433553159749213,955257.8,838184.35,1.312970174124723,28.26058243138193
2026-05-11,2301,210.5,224.0,208.0,224.0,44158814.0,9732511570.0,197.5,184.15,174.05,166.76666666666668,165.66666666666666,142.11708333333337,99.15254237288136,80.72916666666667,11.353968503486044,5.998700063328641,5.355268440157403,45.82805341156318,8.999748992431583,28.176947132430215,,209.33217083666224,174.05,138.76782916333778,60756768.2,38980209.8,0.7268130828591373,220.39793845006798
2026-05-11,2302,20.0,21.5,19.95,21.5,4993779.0,104737859.0,20.270000000000003,19.48,19.035,18.841666666666665,18.62,17.504583333333336,78.57142857142861,67.10526315789477,0.5269973437682225,0.2909001761639448,0.23609716760427768,26.505560773039598,17.507381588609356,14.02669316704085,,20.924611488890573,19.035,17.145388511109427,3203025.2,1653301.2,1.5590820203350257,20.973667236775995
2026-05-11,2303,94.7,96.3,92.0,95.0,178723421.0,16921015345.0,91.46,83.81,77.05499999999999,67.01,56.89041666666667,50.43062499999999,81.49466192170817,70.24608501118568,7.832963014928296,5.939541688800787,1.893421326127509,39.18907515405113,13.025302720900047,33.517743003738325,,98.17595243067731,77.05499999999999,55.93404756932267,230692386.4,231751362.0,0.7747261354785656,94.67710079810972
2026-05-11,2305,17.45,18.9,17.4,17.55,11452096.0,204921014.0,17.029999999999998,16.555,17.1025,15.260833333333332,13.047083333333335,11.989166666666668,75.34246575342463,52.17391304347827,0.3037235820053432,0.33915264933735845,-0.03542906733201523,30.637502076407948,18.350927219903088,18.200134873559087,,19.22616986233995,17.1025,14.978830137660049,5327795.6,4460470.55,2.149499879462343,17.89375621720251
2026-05-11,2308,2215.0,2270.0,2205.0,2245.0,9200516.0,20637874185.0,2220.0,2179.5,2037.0,1584.5,1274.675,897.8666666666667,61.42857142857143,71.69811320754717,177.87541813693042,178.87161011715563,-0.9961919802252055,36.18607747696652,8.357379676467174,60.34580460197175,,2387.5394339255604,2037.0,1686.4605660744394,12556032.2,12668389.9,0.7327566426597728,2243.1213841701924
2026-05-11,2312,28.6,30.4,28.4,29.9,88274650.0,2612943127.0,28.5,28.405,26.869999999999997,25.125,23.70333333333333,21.57645833333333,80.82191780821913,63.68421052631578,1.320328770348798,1.1933137443006065,0.12701502604819148,32.95759403663872,12.974047572950479,28.44774657504101,,31.534129636186947,26.869999999999997,22.205870363813048,47979485.4,66181891.45,1.8398415336067777,29.60015278451968
2026-05-11,2313,248.0,254.5,242.0,242.0,81477797.0,20136212213.0,253.9,248.75,249.875,224.26666666666668,155.20083333333335,109.72708333333334,48.22695035460993,47.400611620795104,3.880777528772171,5.504432062144649,-1.623654533372478,26.24700756251142,24.89562886439405,20.732688411668985,,282.6868640289275,249.875,217.06313597107248,93050912.8,79967599.7,0.8756259831123333,247.13741601285562
2026-05-11,2314,13.2,13.2,12.5,12.6,619076.0,7830207.0,13.229999999999999,13.74,14.415000000000001,17.674166666666668,19.159916666666668,14.36075,8.333333333333343,17.293233082706777,-1.0623968062330995,-0.9949090325862779,-0.06748777364682157,26.206945944794718,36.0825586541305,12.917055794753008,,16.881000384172875,14.415000000000001,11.948999615827127,511529.0,463890.25,1.2102461444023702,12.648216051017968
2026-05-11,2316,116.0,123.5,115.5,123.5,6313377.0,770167880.0,117.5,116.1,115.525,104.85,103.02083333333333,84.08208333333333,75.0,65.33333333333334,3.175507562704283,3.2112054406856743,-0.03569787798139146,25.193130987854705,14.72803146128304,21.789684084129195,,121.0067880294682,115.525,110.04321197053181,5346942.8,8023259.0,1.1807451914391154,121.98984473761031
2026-05-11,2317,256.5,258.0,251.0,252.0,63063740.0,15967564839.0,249.4,237.25,224.325,216.98333333333332,224.34583333333333,,91.13924050632912,79.47019867549669,10.965846500712786,7.195465810764866,3.7703806899479195,39.98296250327883,11.363169255274332,35.35529518058191,,258.64589282362266,224.325,190.00410717637732,139482193.6,91851801.9,0.4521275323562161,253.1972388412105
2026-05-11,2321,13.0,13.0,12.5,12.85,7832.0,99188.0,12.809999999999999,,,,,,39.393939393939405,49.999999999999964,-0.6777603248730628,-0.7672534297114523,0.08949310483838946,11.16493482538735,19.17202772171758,15.31050800998827,,,,,9320.8,15342.65,0.8402712213543903,12.664453524004086
2026-05-11,2323,10.7,10.75,10.55,10.6,3268489.0,34755867.0,10.610000000000001,10.43,10.567499999999999,10.792666666666666,10.229416666666667,9.2665,71.42857142857146,45.94594594594594,-0.0927409263360861,-0.12847548941656345,0.035734563080477344,24.38751131871819,18.70869152066333,11.352140141251905,,11.08485664172491,10.567499999999999,10.050143358275088,5336836.4,5205469.2,0.6124394219766601,10.633619082089615
2026-05-11,2324,29.9,31.1,29.25,30.8,81430532.0,2459714766.0,29.68,29.615,29.990000000000002,30.56416666666667,30.83875,29.736458333333335,94.99999999999994,53.33333333333334,-0.058039273174046,-0.10924176969151178,0.05120249651746578,24.902728730278284,16.68705414206392,15.090968576099957,,31.895007252368988,29.990000000000002,28.084992747631016,49879138.2,52432329.9,1.6325569153478277,30.20629615928335
2026-05-11,2327,394.5,398.5,370.0,391.5,51692723.0,20162325289.0,367.7,345.15,329.025,288.8833333333333,255.54583333333332,333.3333333333333,89.00523560209425,71.42857142857143,24.797898312659413,18.18240380532395,6.6154945073354625,33.41504282911372,11.776081778893408,26.199238619066595,,384.0469812534293,329.025,274.00301874657066,57133195.8,52018066.0,0.9047756260818164,390.0418495849019
2026-05-11,2328,53.0,55.2,52.8,54.7,19872249.0,1082056971.0,53.88000000000001,51.08,48.245,48.163333333333334,49.35291666666667,46.53520833333333,71.91489361702128,71.19815668202766,2.113054941752331,1.2438987504550527,0.8691561912972785,35.01191965726248,16.108493959426543,25.73048628294219,,56.36786571158335,48.245,40.122134288416646,23698712.8,11794069.15,0.8385370618103781,54.45065483026104
2026-05-11,2329,61.5,62.6,58.8,59.0,16781232.0,1006380862.0,61.1,59.29,59.33,56.31666666666667,52.672916666666666,45.860416666666666,68.8073394495413,43.798449612403104,1.30965139646937,1.2659330752548195,0.04371832121455044,25.438812872425455,20.11375655152827,16.633375934413127,,64.147118597143,59.33,54.51288140285698,27282532.8,24306220.5,0.6150906927526905,59.97061848617551
2026-05-11,2330,2265.0,2275.0,2235.0,2235.0,46172626.0,104025934565.0,2267.0,2240.5,2151.75,1948.1666666666667,1702.125,1389.7541666666666,66.66666666666666,65.67164179104478,94.67879454025342,91.63130105448786,3.047493485765557,38.222667122788664,22.433077817957226,33.355717450600054,,2360.235137675505,2151.75,1943.264862324495,36908241.4,43641897.2,1.2510112714283916,2252.978519458694
2026-05-11,2331,20.4,20.95,20.3,20.9,1752637.0,36208077.0,20.87,20.66,21.115000000000002,23.491666666666667,22.402083333333334,20.313541666666666,57.142857142857125,40.816326530612216,-0.4862459345272079,-0.5695034859907757,0.08325755146356784,18.788624723742288,26.859148837277008,22.84098127868202,,22.47653937647219,21.115000000000002,19.753460623527815,2239006.2,2157914.6,0.7827745184448349,20.659199252326637
2026-05-11,2332,14.05,14.05,13.7,13.8,3758556.0,51818811.0,14.040000000000001,13.98,14.522500000000003,15.214166666666667,15.690416666666666,16.347291666666667,47.058823529411825,20.833333333333343,-0.35569438347989646,-0.32437293606416223,-0.03132144741573423,12.19909816467756,22.90245470963744,26.18040634948858,,15.7830241182268,14.522500000000003,13.261975881773205,3784668.4,3734850.1,0.9931004787632122,13.786893423963884
2026-05-11,2337,161.0,162.5,156.0,159.5,149221688.0,23850285595.0,161.9,158.95,147.5,122.44333333333333,78.24083333333333,49.639166666666675,56.321839080459775,66.25,9.47726086282887,9.225096314020101,0.2521645488087696,29.126969269314102,20.96465379611195,29.426697834812895,,176.94575744617416,147.5,118.05424255382584,197040915.0,199032229.75,0.7573132108120794,159.831227716711
2026-05-11,2338,51.5,51.8,49.65,50.0,7673180.0,387369401.0,51.14,49.25,48.625,45.38,41.08041666666667,37.188125,60.869565217391305,50.22831050228311,1.3286950618507873,1.117956645836294,0.2107384160144934,34.632552141361536,13.516732272797094,23.479006864052337,,53.72004403162682,48.625,43.52995596837318,12354331.0,8656371.55,0.621092311675962,50.48355453671098
2026-05-11,2340,36.8,38.7,36.8,37.35,8732399.0,329704395.0,39.61,38.559999999999995,36.5475,29.949166666666667,27.916249999999998,24.848541666666666,45.67901234567905,53.34538878842676,2.6277669522162412,2.851591003550831,-0.22382405133458994,29.449301827716777,20.211319468732608,31.552219006463407,,45.08345953968602,36.5475,28.011540460313977,20098940.2,18335572.9,0.4344706195006242,37.756451005044546
2026-05-11,2342,43.8,45.2,41.9,43.05,15791982.0,687711165.0,42.86,37.945,34.43,32.5025,31.77625,27.514166666666668,80.98360655737702,77.5175644028103,3.281879582610138,1.9303313148545649,1.351548267755573,37.3328113769343,9.409371567553816,27.062560292223978,,45.117001450360064,34.43,23.74299854963994,21772341.4,7715658.45,0.7253230927198303,43.54812239527629
2026-05-11,2344,115.0,117.5,113.0,117.5,162759860.0,18894778606.0,109.16,101.30999999999999,95.6,103.51666666666667,81.21916666666668,50.427499999999995,83.21342925659472,74.92163009404389,3.4424923498594353,0.2754173680810768,3.1670749817783586,31.276496634768193,18.09957608579626,17.996594705467757,,113.72517876499802,95.6,77.47482123500197,222797508.6,170656163.6,0.7305281868847613,116.08991680135385
2026-05-11,2345,2490.0,2610.0,2485.0,2590.0,8849256.0,22816501252.0,2501.0,2397.0,2218.5,1682.6666666666667,1365.25,1086.9520833333333,71.52777777777777,70.8185053380783,220.00386162960058,206.58552349693923,13.418338132661347,34.78987122832151,16.58706824955589,45.317606198993225,,2671.9209151724167,2218.5,1765.0790848275835,6666933.0,5275623.5,1.3273353729518507,2578.352491102077
2026-05-11,2347,83.8,87.5,83.3,86.4,5531043.0,477458899.0,83.84,82.93,82.975,75.68666666666667,67.4875,67.05583333333333,69.30693069306935,55.94059405940595,1.771235208950955,1.9465086959817692,-0.17527348703081413,28.597488514051594,14.552502247329482,28.268791410372867,,85.73553007876832,82.975,80.21446992123167,4322000.4,5161424.9,1.2797414363959798,86.32348347318941
2026-05-11,2348,70.9,71.6,70.7,71.0,251697.0,17902463.0,71.25999999999999,71.64,74.3,75.84666666666666,79.41499999999999,92.07,48.000000000000114,23.853211009174345,-1.7299132288586208,-1.4181573864103663,-0.3117558424482545,14.647650872847857,26.255744551805577,22.202302455803217,,80.35275057090398,74.3,68.24724942909602,275138.8,290670.65,0.914800093625472,71.1270416413386
2026-05-11,2349,12.5,12.75,12.45,12.6,2943795.0,37090342.0,12.58,12.55,13.030000000000001,13.428333333333335,12.19175,11.345374999999999,56.000000000000014,32.72727272727269,-0.2523059716356322,-0.22222297558940596,-0.030082996046226218,19.220150607704387,18.151303095951068,10.442770393380924,,14.147516042508066,13.030000000000001,11.912483957491936,3694355.8,4167973.55,0.7968358109957899,12.599498946088298
2026-05-11,2351,185.0,193.0,176.5,190.5,15183514.0,2825499550.0,171.2,161.25,149.35,111.64666666666668,96.53083333333333,85.81583333333333,92.94117647058823,75.78947368421052,17.47614012553467,15.04299559489053,2.4331445306441406,42.674244380920165,6.276166840951489,56.54661312773763,,188.01468536968534,149.35,110.68531463031465,11275407.0,11235702.3,1.346604517247138,186.0899624421593
2026-05-11,2352,25.2,25.8,24.9,25.7,8814119.0,224441244.0,25.31,24.735,24.9075,24.736666666666668,26.657500000000002,27.032291666666666,73.6842105263158,50.354609929078016,0.20878318171974897,0.12819633067511146,0.0805868510446375,28.67520928053771,15.229016544009458,16.602565801748682,,26.281420628980005,24.9075,23.533579371019993,7867340.2,5532263.9,1.12034293368933,25.463831836171035
2026-05-11,2353,28.2,29.1,27.75,28.8,46873101.0,1338545799.0,28.110000000000003,27.8,27.865000000000002,27.195833333333333,27.827916666666667,29.975624999999997,74.99999999999996,52.747252747252745,0.21917055560257737,0.1690294710945668,0.05014108450801055,28.111520241207195,13.062918926491399,19.849164040911052,,28.934726969592344,27.865000000000002,26.79527303040766,28408952.4,25980622.9,1.6499411995213171,28.556800605106115
2026-05-11,2354,61.4,62.1,59.5,61.6,21682955.0,1322151387.0,61.82000000000001,56.71,54.364999999999995,54.965,60.62166666666667,62.51583333333334,81.41025641025642,72.32142857142856,2.1634745499400694,0.8156138151923622,1.3478607347477072,41.273919912358046,17.307247060247114,28.353434489606656,,63.582894496433326,54.364999999999995,45.147105503566664,46101747.8,16798192.3,0.47032826378005566,60.97653142756603
2026-05-11,2355,51.0,54.5,50.9,52.7,18170223.0,957960800.0,52.2,52.11,52.165,46.247499999999995,39.30166666666666,36.40833333333333,70.27027027027017,54.45026178010472,1.102487600001183,1.478594569890477,-0.37610696988929404,18.54869259236921,15.865792059821976,19.66762084703398,,54.356154466193885,52.165,49.97384553380611,14434439.0,17751800.45,1.2588104740336634,52.72146632432634
2026-05-11,2356,50.3,50.5,49.1,50.2,30489247.0,1520252648.0,49.17,47.760000000000005,46.902499999999996,44.80333333333333,44.361666666666665,43.22958333333334,92.15686274509795,65.38461538461536,1.4612612291308977,1.1413052465293143,0.3199559826015834,34.03189614878182,11.663378020252207,27.890963994694836,,50.42483101645388,46.902499999999996,43.38016898354611,33496805.8,28825869.8,0.9102135643034954,49.86192830541207
2026-05-11,2357,661.0,699.0,658.0,686.0,10283055.0,7023919574.0,638.8,613.0,602.8,558.9083333333333,594.2208333333333,614.5395833333333,99.06542056074767,75.79617834394904,20.94516336028107,13.35602081335083,7.589142546930242,45.170714305636004,8.810153294037496,25.4638873272523,,658.3796251952251,602.8,547.2203748047748,8120668.0,5052052.65,1.266281911783612,683.0576685625041
2026-05-11,2359,121.0,124.5,119.0,122.5,2171200.0,266554956.0,121.6,119.45,116.575,119.975,124.8125,131.68541666666667,61.29032258064516,57.5,1.6063457304562405,0.6117484842822767,0.9945972461739638,23.42605274616103,16.807143848581198,15.491633854900945,,126.24467587765258,116.575,106.90532412234742,2294184.0,2307783.75,0.9463931402189188,122.76849484156227
2026-05-11,2360,2210.0,2415.0,2205.0,2360.0,3303030.0,7718590365.0,2299.0,2197.0,2099.0,1580.7,1165.6,793.5083333333333,69.35483870967742,65.81632653061224,179.31785983239456,173.65045417020409,5.667405662190475,32.504871611184996,7.245793730236862,59.1448920523069,,2427.2104587961107,2099.0,1770.7895412038893,4396554.6,4829524.3,0.7512769203412145,2336.8211505799222
2026-05-11,2362,39.95,40.4,39.75,40.35,856373.0,34354818.0,39.76,39.15,38.865,38.46583333333333,39.41041666666667,42.232499999999995,89.36170212765934,66.66666666666666,0.37025324193085396,0.18755227096033925,0.18270097097051471,24.13567031851431,15.68112385560387,9.59647138878193,,40.13493576298295,38.865,37.595064237017056,822499.2,628300.9,1.0411839914251588,40.11665243999986
2026-05-11,2363,60.6,62.5,57.8,61.0,25769917.0,1558885239.0,58.260000000000005,55.510000000000005,54.39,52.277499999999996,51.9675,51.751666666666665,100.0,61.15702479338842,2.122781978439207,1.4548903017283308,0.667891676710876,28.94147289712682,10.398334605135691,28.1563899272155,,62.0821422654281,54.39,46.697857734571905,24509047.4,17957600.65,1.0514450675875717,60.49244314601401
2026-05-11,2364,66.6,70.2,66.6,70.2,1052931.0,73080570.0,65.66,64.71,64.30499999999999,63.28333333333333,66.27916666666667,76.20541666666666,86.00000000000001,70.70063694267517,0.7842212897885332,0.3890236607713675,0.3951976290171657,36.872539378852096,11.530065338012374,28.09522621680612,,67.46493004585976,64.30499999999999,61.145069954140226,342359.6,198309.65,3.0755118302509996,69.40679873609952
2026-05-11,2365,36.3,37.85,36.2,36.95,13256477.0,489243591.0,36.67,36.315,35.4525,35.207499999999996,35.85875,37.49666666666667,71.42857142857143,58.91089108910892,0.7811716452732611,0.6179558532038365,0.1632157920694246,24.707656128239613,13.024039261110461,21.736974303090363,,38.09595766394133,35.4525,32.809042336058674,7701714.6,9935742.3,1.7212371125775032,36.90600383495555
2026-05-11,2367,61.7,63.3,60.0,62.6,36347802.0,2250779657.0,61.56,60.15999999999999,64.03999999999999,63.60166666666667,44.807916666666664,35.4125,94.54545454545448,44.64285714285715,-1.7890622895561208,-1.5895191553772574,-0.19954313417886338,16.675194285559257,21.67971536749025,28.158928139047344,,75.023125813337,64.03999999999999,53.056874186662974,43011418.6,50232334.5,0.8450733126946899,61.9234048045051
2026-05-11,2368,1310.0,1410.0,1305.0,1400.0,5404968.0,7402355415.0,1421.0,1410.5,1307.75,993.8166666666667,762.6791666666667,543.7958333333333,51.5625,65.32258064516128,112.98776634647265,121.77694564536942,-8.78917929889677,27.818647254930244,16.42125415418631,55.25952877445835,,1558.88374503387,1307.75,1056.61625496613,5314751.4,5917600.45,1.016974754454178,1369.546575483888
2026-05-11,2369,30.9,31.95,30.7,31.0,11030333.0,343611576.0,31.959999999999997,31.234999999999996,31.1125,29.3925,25.376666666666665,20.384791666666665,58.381502890173394,52.08913649025069,0.461446541966847,0.4946310292100134,-0.033184487243166416,22.92176381053117,16.41040783560048,20.66428152970414,,33.439430437971595,31.1125,28.785569562028407,22972623.2,16746487.95,0.4801512175588202,31.15151428338564
2026-05-11,2371,30.7,30.7,30.2,30.55,12684360.0,385961591.0,30.610000000000003,30.54,31.135,33.590833333333336,33.89541666666666,36.91458333333333,61.29032258064517,39.639639639639675,-0.511541201621057,-0.56319946234866,0.051658260727603045,22.011957184608573,17.737845724392344,12.501062183332035,,32.85702451232512,31.135,29.41297548767488,15948810.2,16722578.3,0.795317007409117,30.428148601900293
2026-05-11,2373,56.8,57.5,56.4,56.4,66729.0,3790174.0,56.839999999999996,56.96,57.30499999999999,56.14833333333333,56.55583333333333,57.95,34.78260869565209,32.203389830508456,0.06083436380271934,0.2164085955001959,-0.15557423169747656,24.345729374602364,18.736450730002087,20.283806201668092,,58.55058166500906,57.30499999999999,56.05941833499092,53302.2,47727.7,1.2518995463601879,56.79950246519504
2026-05-11,2374,79.0,80.9,78.7,80.5,7900039.0,632659640.0,79.78,77.83,75.145,75.76833333333335,78.54916666666666,70.17541666666668,60.396039603960375,65.18518518518519,2.06256650938208,1.3071616280639247,0.7554048813181553,26.092085477021687,18.37056857162411,19.666892861168876,,82.94229372754994,75.145,67.34770627245005,10742660.0,9799622.95,0.7353894659237098,80.08310338721112
2026-05-11,2375,90.0,91.8,86.5,91.5,4904848.0,442084166.0,90.38000000000001,88.07,86.78999999999999,85.65833333333333,88.09083333333334,73.43083333333334,79.81651376146795,53.453453453453456,2.0736374476043835,1.3446894598058332,0.7289479877985503,25.271295601287065,17.59511266213138,19.67216100790853,,93.7418342903162,86.78999999999999,79.83816570968378,7094615.2,5799387.45,0.6913479958715731,90.13208278829435
2026-05-11,2376,329.0,333.0,317.0,324.5,20716173.0,6738498954.0,306.2,292.2,284.825,250.5,256.0375,262.01458333333335,100.0,73.33333333333333,15.98624281035751,12.605357932612693,3.3808848777448173,42.07934176196187,10.39269005482751,33.4257424894038,,317.13643678898063,284.825,252.51356321101935,19174097.4,12368644.1,1.0804249382815798,325.27720993641054
2026-05-11,2377,99.5,109.5,97.0,107.5,36533409.0,3810552898.0,100.84,98.78,95.69,93.52166666666666,99.39916666666666,118.54125,78.82352941176467,71.46739130434781,2.6835653278623965,1.6569722328308798,1.0265930950315167,40.05568543196868,11.041405272624537,29.70211833678813,,105.25680664975114,95.69,86.12319335024885,17942020.0,14159412.5,2.0361926360577014,104.30323920770712
2026-05-11,2379,615.0,615.0,581.0,584.0,9832375.0,5847090368.0,558.4,552.4,545.3,505.8333333333333,511.1166666666667,525.2645833333333,75.82417582417582,61.85567010309279,16.02259343093249,13.921943251602318,2.10065017933017,40.9704804204501,11.999643330185002,32.941368197605684,,582.9415224257232,545.3,507.65847757427673,5976980.8,4480898.4,1.645040419069106,594.6773152976773
2026-05-11,2380,6.0,6.0,5.71,5.87,262332.0,1520570.0,5.836,5.605,5.4190000000000005,5.426333333333333,5.370333333333334,4.879583333333333,60.162601626016254,63.84976525821595,0.0934587328314267,0.026644600042829886,0.06681413278859681,41.66988887379651,34.086123724669555,14.79893865855434,,6.124046471032809,5.4190000000000005,4.713953528967192,376274.8,331081.35,0.6971819531895307,5.796357287711754
2026-05-11,2382,350.0,350.0,341.5,343.5,14508377.0,5010939445.0,339.1,329.45,326.775,299.98333333333335,292.4916666666667,279.8875,86.04651162790698,58.01104972375691,10.19299515650954,9.202660848021466,0.9903343084880731,34.91020661752596,15.596820331115305,28.703067844538833,,348.7880941893545,326.775,304.76190581064543,22513983.0,20660511.55,0.6444162723228494,345.38249488554095
2026-05-11,2383,4480.0,4860.0,4480.0,4850.0,2728505.0,12896977185.0,4848.0,4708.5,4295.0,3021.0833333333335,2207.6666666666665,1569.93125,69.67741935483872,72.93577981651376,488.5790612247638,487.502124571253,1.0769366535108134,34.947422987032645,16.110744974386616,58.262225357273486,,5280.740437704737,4295.0,3309.259562295263,2785853.4,3400425.65,0.979414422883846,4726.755928612922
2026-05-11,2385,135.0,136.5,133.5,135.0,3835177.0,517655614.0,131.7,127.85,126.35,123.0,123.22083333333333,133.31458333333333,89.65517241379311,75.0,2.4673073831136776,1.4426629878395818,1.0246443952740958,32.373534413080435,10.982721603319574,20.146215594816177,,133.66328999331225,126.35,119.03671000668776,4716871.8,4331667.25,0.8130763698093301,134.97567752414034
2026-05-11,2387,40.8,40.8,39.7,40.0,956562.0,38312801.0,40.95,40.839999999999996,40.839999999999996,40.832499999999996,40.59375,43.66229166666667,42.857142857142854,45.13888888888887,-0.0657690650713505,-0.037682803848283965,-0.028086261223066532,18.926955686242692,25.64766873114273,12.770851212930404,,42.08967364160664,40.839999999999996,39.590326358393355,764126.8,724163.6,1.2518367370441659,40.05260610394308
2026-05-11,2388,72.1,78.3,71.4,76.7,12994023.0,988412544.0,76.72,76.56,72.01,58.405833333333334,56.1125,59.903333333333336,45.62211981566821,59.49367088607595,5.370157359791705,5.903612572835968,-0.5334552130442631,30.40614258914813,19.172323903647197,38.02098486837761,,88.23264823601497,72.01,55.78735176398504,19460620.6,21353544.4,0.6677085621822358,76.06670728534188
2026-05-11,2390,9.46,9.5,9.31,9.38,636540.0,5988038.0,9.518,9.703999999999999,9.9115,10.184,9.96625,10.363499999999998,8.333333333333513,21.1267605633804,-0.18649036823083698,-0.12377506473169066,-0.06271530349914632,17.45913301361512,24.023494625793326,17.444023668169876,,10.472712034233364,9.9115,9.350287965766636,611738.2,576861.75,1.0405431604565483,9.40716687089578
2026-05-11,2392,38.8,39.2,38.15,39.15,2013580.0,77904703.0,39.16,38.205,37.6025,37.64416666666667,,,69.36936936936934,45.25862068965517,0.6766983860338627,0.42484762806860066,0.251850757965262,29.231159955096775,16.42675614380777,22.388240171239268,,41.09135066280759,37.6025,34.113649337192406,3333782.0,3188201.1,0.6039927025822325,38.68964878475154
2026-05-11,2393,74.5,74.5,72.7,73.8,2706912.0,199535599.0,73.08,71.74,72.035,65.465,60.770833333333336,66.44041666666666,84.61538461538473,53.59999999999997,1.530666954432931,1.6450571035917854,-0.11439014915885437,31.03939434170534,14.076006168723534,34.370366660601505,,74.91452847017226,72.035,69.15547152982774,3585058.6,2913936.35,0.7550537667640914,73.71336748294736
2026-05-11,2395,483.0,486.0,463.0,478.5,5602704.0,2679798554.0,441.0,405.55,380.525,340.51666666666665,320.00416666666666,327.73125,100.0,88.0794701986755,29.80958511410455,18.281923112632853,11.527662001471697,50.54647830969695,8.215883216194122,38.939556432923645,,462.8539135115967,380.525,298.19608648840324,7524498.8,4411376.05,0.7445949755484047,478.3045033255371
2026-05-11,2397,58.8,59.3,58.7,59.2,175488.0,10360831.0,59.260000000000005,57.95,58.55500000000001,58.205,61.2775,64.30541666666667,81.39534883720935,44.76190476190479,0.35338098420257325,0.1781578462617777,0.17522313794079555,25.59615469172418,23.021841716516814,14.989990418175301,,61.47244300444615,58.55500000000001,55.637556995553865,289812.2,239435.95,0.6055231629310291,59.040111004741064
2026-05-11,2399,42.3,45.4,41.4,44.8,25679481.0,1142449064.0,43.7,43.055,40.41,31.66916666666667,27.417916666666663,23.090625,63.58381502890171,64.7450110864745,3.113736393968196,3.2271556756065563,-0.11341928163836013,28.549752523626857,11.20037324151824,42.48493509254414,,47.92024563337845,40.41,32.89975436662154,22521209.0,24438990.8,1.1402354553878524,44.48879103125176
2026-05-11,2401,25.55,26.25,25.25,25.65,8348210.0,215439927.0,25.32,24.575,24.16,22.252499999999998,21.67375,21.288958333333333,86.04651162790705,58.28571428571429,1.0114150245058013,0.9310259164962723,0.08038910800952903,27.363769509116757,12.472554916821927,27.994595551251162,,26.91520559935825,24.16,21.40479440064175,8028013.4,10563840.4,1.0398849110042592,25.80672108152526
2026-05-11,2402,68.0,69.6,67.0,69.0,4910098.0,335675468.0,70.1,70.03,71.72,59.436666666666675,56.276666666666664,49.96208333333333,42.49999999999997,28.04232804232801,2.5696874519735644,3.5659038775814773,-0.9962164256079129,27.286248000663683,21.959634982451455,26.775077996774762,,78.1113098896293,71.72,65.3286901103707,9392943.0,28582904.05,0.5227432978141143,68.3643112622192
2026-05-11,2404,1040.0,1040.0,986.0,1025.0,4977116.0,5013767314.0,999.6,982.3,976.45,957.0333333333333,904.7416666666667,819.6,98.7012987012987,50.0,17.51353056014625,12.74884237405329,4.764688186092961,28.340321172725975,18.01412491476585,12.723313857685538,,1046.5010340282079,976.45,906.3989659717922,4388313.4,4816486.75,1.1341751480192823,1007.3639662005065
2026-05-11,2405,15.15,15.55,15.1,15.4,2066779.0,31782982.0,15.3,15.204999999999998,15.445000000000002,15.7575,16.992916666666666,17.087708333333335,60.975609756097576,44.73684210526316,-0.1284440160038791,-0.13391059227516874,0.00546657627128963,20.525079492518355,20.381748309469415,11.442018897145417,,16.212703341827346,15.445000000000002,14.677296658172658,2250387.6,1963603.55,0.9184102329749773,15.378026387920528
2026-05-11,2406,33.0,35.8,32.9,35.25,14697363.0,512031504.0,33.68,32.125,32.177499999999995,31.990000000000002,26.78375,20.984375,76.70454545454542,52.40963855421686,0.35742979274615294,-0.044861592978105456,0.4022913857242584,26.651061233632138,13.76641191439745,22.834982520634373,,35.96605270241098,32.177499999999995,28.388947297589016,13992236.0,11074518.2,1.05039416144782,34.83832467089504
2026-05-11,2408,300.5,301.0,296.0,301.0,108987498.0,32695136671.0,280.1,255.2,234.625,247.96666666666667,195.23000000000002,121.75354166666668,88.3408071748879,74.47916666666667,14.852243848881727,5.666034254447061,9.186209594434665,37.013764719584984,21.451839190851537,15.243780562468721,,293.56642944706493,234.625,175.68357055293507,158848476.4,123930769.95,0.6861098102417807,299.98979030604045
2026-05-11,2409,18.5,19.1,18.25,18.85,317856734.0,5962696962.0,18.19,17.695,18.35,16.437500000000004,14.258333333333333,13.463333333333335,76.1904761904762,46.49122807017546,0.35230078651496655,0.4111020585933522,-0.05880127207838565,27.905543395952577,17.24439119612083,27.84767365271408,,20.563356584109336,18.35,16.136643415890667,263800313.4,290967445.8,1.2049141636842347,18.759070751667636
2026-05-11,2412,136.5,136.5,135.5,135.5,6670769.0,906026444.0,135.9,136.15,136.125,134.925,133.175,132.68125,42.857142857142854,39.99999999999999,0.24626535479654876,0.383431639356904,-0.13716628456035523,19.859482155441878,13.307806726832174,16.899005019708493,,137.67673926187595,136.125,134.57326073812405,9776663.8,10397148.6,0.6823154745282332,135.82038952330683
2026-05-11,2413,46.75,46.75,44.2,45.4,1648641.0,74507277.0,45.26,44.864999999999995,47.339999999999996,48.09,37.238749999999996,28.11,67.6190476190476,36.69724770642203,-1.261371534140288,-1.1299300674178652,-0.13144146672242285,20.747005817061613,23.655619179397373,17.70303780380149,,53.867077205159326,47.339999999999996,40.81292279484067,1929095.2,2597753.5,0.8546187870873351,45.1931481747694
2026-05-11,2414,48.0,49.15,47.3,47.9,447408.0,21565403.0,47.839999999999996,46.79,46.11749999999999,43.50916666666667,42.538333333333334,42.16958333333333,74.44444444444443,66.66666666666669,1.1486581380206644,0.9553051905085922,0.19335294751207222,37.29362979135179,14.416228888203678,32.32676940601729,,48.55390697490444,46.11749999999999,43.68109302509554,543425.2,321600.35,0.8233111015094626,48.20075412151772
2026-05-11,2415,27.8,28.25,27.55,27.6,204539.0,5684418.0,27.48,27.145000000000003,27.8875,27.948333333333334,26.637083333333333,25.505833333333335,77.77777777777783,39.62264150943397,-0.31333160125944204,-0.3160933918353454,0.0027617905759033667,22.703409590037573,23.115018211788556,21.117017475466273,,29.81100420354425,27.8875,25.963995796455748,160276.4,192002.3,1.2761641763852944,27.791364971961336
2026-05-11,2417,50.7,52.0,49.3,51.0,3299620.0,167634819.0,52.739999999999995,48.31999999999999,44.80499999999999,39.69083333333333,38.76833333333333,39.34125000000001,61.42433234421366,65.1006711409396,3.725302099090804,2.932191620875432,0.7931104782153722,43.22320879302103,16.311427628590895,37.2437029550571,,56.05380812399824,44.80499999999999,33.55619187600175,9491360.2,4087936.8,0.3476445873374398,50.80428018984004
2026-05-11,2419,30.2,30.6,29.7,30.0,1508217.0,45341283.0,30.47,30.675,32.6725,31.673333333333336,27.580416666666665,24.957708333333333,46.478873239436616,28.95927601809956,-0.7206645377321621,-0.2975263152751795,-0.4231382224569826,18.55144980656238,22.67774488328383,22.166904694551544,,37.72782288520549,32.6725,27.617177114794504,2456666.2,6362117.9,0.613928339145139,30.062837774670356
2026-05-11,2420,55.5,56.8,55.3,56.5,836257.0,46962287.0,55.580000000000005,55.21,55.135000000000005,52.789166666666674,51.67041666666667,52.89604166666666,84.61538461538464,57.89473684210526,0.7981463707930914,0.8022598311194314,-0.004113460326340079,29.10989304677296,10.327016550199072,28.859633746055415,,56.46841666406191,55.135000000000005,53.8015833359381,505019.6,403376.35,1.6558901872323373,56.1577206528615
2026-05-11,2421,146.0,151.5,143.0,151.0,6546829.0,976567902.0,149.4,147.4,145.8,143.19166666666666,149.57083333333333,129.71333333333334,77.27272727272728,58.33333333333333,2.543203933658617,1.9211739287943324,0.6220300048642848,26.919884426833995,20.383200852432946,13.583670838539064,,152.35663585112306,145.8,139.24336414887696,7975764.8,5571635.25,0.8208402785398086,149.16655101271164
2026-05-11,2423,64.4,64.4,60.5,60.9,559135.0,34330177.0,64.32,61.220000000000006,57.7875,51.7725,53.00458333333333,50.03333333333333,59.44444444444443,57.28476821192052,3.587103451858269,3.1151552411057577,0.47194821075251125,42.669723631570506,17.18169304220067,41.365389487557735,,68.27959602259563,57.7875,47.29540397740437,480342.4,477402.55,1.1640342389095777,61.39872660448729
2026-05-11,2424,21.15,21.15,21.15,21.15,123217.0,2606036.0,19.23,20.435,21.952499999999997,28.513333333333332,,,47.09677419354836,45.23809523809523,-2.046995086176878,-2.074521440811662,0.027526354634784145,25.140247366661534,30.327325224503543,19.16388594588355,,26.01976016664004,21.952499999999997,17.885239833359954,338527.8,225573.0,0.3639789701170775,21.149971189040475
2026-05-11,2425,32.85,33.8,32.85,32.9,2021491.0,67408710.0,31.71,30.905,30.630000000000003,29.13083333333333,29.355833333333333,32.30104166666667,74.07407407407408,65.42553191489361,0.7811928881052417,0.6123367001636536,0.16885618794158808,36.17538568388669,16.534357864646214,16.804344039415213,,32.478014581852136,30.630000000000003,28.781985418147872,922083.4,670761.75,2.1923082011887427,33.34603517898422
2026-05-11,2426,62.1,68.0,62.1,66.7,3972922.0,258676032.0,70.74,63.67999999999999,57.815,37.086666666666666,26.962916666666665,21.67145833333333,66.5492957746479,60.91269841269841,8.321531752062256,7.606338483956839,0.7151932681054172,40.06578725636629,22.477546895207904,48.085838452839326,,75.14732756866087,57.815,40.482672431339125,24760769.4,18793866.55,0.1604522838454285,65.10976857839142
2026-05-11,2427,21.95,22.25,21.75,21.8,735341.0,16125399.0,21.560000000000002,21.37,21.77,23.842499999999998,25.2425,26.190625,76.92307692307703,45.61403508771929,-0.5380052689680106,-0.6562456072053432,0.1182403382373326,22.14889649611332,22.95691523926717,41.211632726192896,,22.695885067325133,21.77,20.844114932674866,643007.4,626611.8,1.143596481160248,21.929144437750647
2026-05-11,2428,191.0,196.0,185.0,193.0,1849860.0,355600272.0,188.5,182.6,181.825,171.58333333333334,176.79166666666666,157.95208333333332,97.5,60.91954022988505,5.37749193129676,4.159385942985154,1.2181059883116054,26.180580711473173,17.809691170546547,15.648076767765932,,193.22802360641276,181.825,170.42197639358722,2086575.4,1557745.9,0.886553153075609,192.2309104472771
2026-05-11,2429,53.8,53.8,50.1,51.5,332433.0,17087791.0,52.64,52.98,49.2,51.53,70.68333333333334,73.40708333333333,44.44444444444443,64.67065868263472,1.6039183422653522,1.1506795181513538,0.4532388241139984,31.72246849090256,24.796795838319706,26.39258682641487,,62.39820561966667,49.2,36.00179438033334,375283.0,808249.1,0.8858195015494973,51.402210370209936
2026-05-11,2430,19.9,19.9,19.7,19.75,148250.0,2934119.0,19.89,20.099999999999998,20.8375,21.897499999999997,22.8475,23.907916666666665,16.66666666666687,4.878048780487873,-0.5901840189085164,-0.512123280047315,-0.07806073886120135,8.135004276684992,50.24162919419992,53.227350789789185,,22.447951064633575,20.8375,19.227048935366422,145218.2,148728.65,1.020877548406467,19.791696458684655
2026-05-11,2431,10.8,10.8,10.55,10.55,633527.0,6745490.0,10.8,10.795,11.105,12.903333333333332,12.46125,12.113125,35.29411764705878,31.37254901960783,-0.4069890980090758,-0.43604643572737206,0.029057337718296272,15.040363638157572,29.82910657204424,26.970913458736273,,11.827495674727786,11.105,10.382504325272215,519920.6,535374.35,1.2185072105240686,10.647517785350901
2026-05-11,2432,27.8,28.1,27.4,27.5,63013.0,1752461.0,27.860000000000003,27.85,28.202499999999997,26.58,,,47.826086956521756,37.50000000000002,0.14826407710591027,0.33064401482392103,-0.18237993771801075,31.51708491252786,27.10369517953814,26.705467709686047,,29.57112397280853,28.202499999999997,26.833876027191465,134951.4,101101.6,0.4669310581438948,27.811102470918698
2026-05-11,2433,45.8,45.8,45.5,45.55,37220.0,1699180.0,45.510000000000005,45.475,45.655,46.11083333333333,47.12125,48.471250000000005,61.111111111110894,42.59259259259245,-0.13279031268484687,-0.1633266819416282,0.030536369256781326,26.829318485481192,16.404742610517705,15.36133453706449,,46.212154424400694,45.655,45.09784557559931,39391.0,39312.55,0.9448858876393085,45.652337452982266
2026-05-11,2434,32.0,32.0,31.15,31.2,38010.0,1198919.0,32.23,31.115,30.472500000000004,29.835833333333333,30.271666666666665,29.606041666666666,66.0,60.714285714285715,0.6176721332740769,0.43591458348789436,0.18175754978618253,34.65349602770758,16.61152563203351,28.14143176985537,,32.78048955575483,30.472500000000004,28.16451044424517,108555.8,42203.5,0.3501425073556641,31.542199421204945
2026-05-11,2436,72.3,77.1,71.5,75.9,10636326.0,798452464.0,74.06,73.4,71.18,62.27166666666666,55.27458333333333,52.17395833333333,65.68627450980392,59.9476439790576,3.2374052291449686,3.4860897566931084,-0.24868452754813974,31.104185402041406,16.565795192508,33.88115610081243,,82.74320844202376,71.18,59.616791557976256,9575440.8,17170573.05,1.1107923094255878,75.06844600287731
2026-05-11,2438,22.6,22.6,21.45,21.5,324348.0,7089159.0,22.830000000000002,22.69,22.465,22.18,22.725,25.610833333333336,32.142857142857125,31.39534883720927,0.13991655454736218,0.196160333877772,-0.056243779330409804,24.292399793766652,23.627187413609672,18.997681630507252,,23.86578925121363,22.465,21.06421074878637,282430.6,256556.8,1.148416637573974,21.85664471493581
2026-05-11,2439,86.2,86.5,85.3,86.4,1463113.0,125670790.0,87.16,87.53,87.79,90.50499999999998,96.44916666666667,104.61208333333335,52.8571428571429,45.18072289156628,-0.32697683944930134,-0.24843959702930316,-0.07853724241999818,13.511233542432985,27.609988842488413,22.886908074351606,,90.22734108792848,87.79,85.35265891207153,2123937.8,2428668.55,0.6888681015046675,85.89274375936787
2026-05-11,2440,17.0,17.35,16.75,16.95,522077.0,8907555.0,17.51,17.695,16.7175,15.602500000000001,14.296249999999999,13.806874999999998,30.303030303030283,54.71698113207547,0.6495866034914428,0.701355822392409,-0.051769218900966196,24.189646064143655,17.919801886893733,27.970428163110597,,19.09309410851713,16.7175,14.341905891482874,1068245.4,1406357.9,0.48872384566317817,17.061764835455307
2026-05-11,2441,91.0,93.7,90.4,92.4,5850903.0,540280125.0,92.70000000000002,90.68,90.86,90.64833333333333,82.25999999999999,70.28583333333333,76.58227848101265,52.815013404825756,0.5138980527202648,0.3168710078836839,0.1970270448365809,21.761146852465423,20.111706436405857,12.55562214712911,,96.89303188158236,90.86,84.82696811841764,10821548.6,11957883.65,0.5406715079577428,92.3413232111351
2026-05-11,2442,18.8,18.95,18.65,18.8,1491818.0,28049678.0,18.619999999999997,18.464999999999996,18.9125,20.08833333333333,22.572916666666668,24.054166666666667,100.0,53.96825396825397,-0.44724207209646494,-0.5223816336680229,0.07513956157155799,16.613408384414956,22.08255530430525,25.09109280568745,,20.20534468070306,18.9125,17.619655319296943,1478322.2,2711608.65,1.0091291330130874,18.802345862565005
2026-05-11,2444,13.15,13.45,12.85,12.9,890319.0,11644228.0,13.48,13.395,13.3375,13.1925,12.264583333333333,11.92875,34.482758620689665,40.277777777777786,0.10113685059433308,0.15066818705391039,-0.0495313364595773,20.440107567586246,20.198893690858345,19.33524688192495,,14.545314468150279,13.3375,12.129685531849722,777279.2,864146.1,1.1454301105703073,13.078714483235784
2026-05-11,2449,316.0,316.0,294.0,299.5,63413896.0,18989466854.0,326.4,311.75,298.3,293.825,250.17916666666667,183.10666666666665,48.81889763779528,57.76566757493188,9.950220627180101,7.713743540783278,2.2364770863968237,28.800348403852638,24.596548563974473,18.829923366647197,,344.7683253750096,298.3,251.8316746249904,50334150.4,38432499.4,1.2598582770555715,299.4527706356348
2026-05-11,2450,29.9,30.1,29.8,30.1,267891.0,8028281.0,29.78,29.76,29.925,29.5,29.236250000000002,29.795416666666668,100.0,43.75000000000005,0.06348808382335491,0.07828822495737837,-0.014800141134023462,25.716850605980696,21.293460942794493,13.310756338091679,,30.424999999999237,29.925,29.425000000000765,196470.8,206087.8,1.3635155962107348,29.968461053189543
2026-05-11,2451,333.0,343.5,332.5,343.5,14540723.0,4949495237.0,308.8,285.35,268.925,248.48333333333332,205.33333333333334,153.50958333333332,100.0,79.0625,18.83603590111153,11.372589086363718,7.463446814747812,39.08985949284578,11.0500156927478,24.94904051095446,,322.4219502327988,268.925,215.42804976720126,16189602.4,11503780.55,0.8981519521442972,340.3885238031149
2026-05-11,2453,54.6,55.2,54.3,54.8,377353.0,20690008.0,54.82000000000001,54.21,54.38000000000001,54.24166666666667,54.725833333333334,57.11583333333333,70.96774193548387,51.13636363636362,0.24436305359508026,0.1742037305011955,0.07015932309388476,24.085237617930876,12.958291469941274,19.535027443164218,,56.03255782604337,54.38000000000001,52.727442173956646,406852.4,427214.35,0.9274936070181716,54.82931896659096
2026-05-11,2454,3575.0,3985.0,3565.0,3880.0,8690923.0,33138490190.0,3503.0,3062.0,2525.25,1972.25,1652.5,1500.4375,99.2248062015504,94.19642857142857,489.1053969244963,344.257995930546,144.84740099395032,64.04923882239059,2.233126431335271,62.06481794610968,,3880.1688167561942,2525.25,1170.331183243806,15282452.6,17439442.35,0.5686864031235406,3813.0000910144986
2026-05-11,2455,360.0,369.5,347.0,360.0,3315258.0,1197782287.0,354.7,342.15,330.0,253.2,199.59166666666667,163.63708333333335,55.60538116591928,55.72033898305085,24.114589988469675,26.194054736389912,-2.0794647479202375,34.67726527379459,13.342584230143595,45.12913115694517,,389.5748092295471,330.0,270.4251907704529,8560985.8,9196086.65,0.3872518980232393,361.2938380662983
2026-05-11,2457,24.5,25.5,24.3,25.5,3464600.0,87170071.0,25.2,24.630000000000003,24.7625,27.177500000000002,28.038749999999997,25.634375,64.48598130841123,50.94339622641509,-0.27215727744389895,-0.48722199998701154,0.2150647225431126,17.92818973500941,19.725597875152744,15.645270569939823,,26.025693530199053,24.7625,23.499306469800946,3412829.4,2915300.7,1.0151694075303033,25.160212145702246
2026-05-11,2458,151.0,154.0,149.0,150.0,4560713.0,690952533.0,145.6,140.85,138.85,130.04166666666666,128.8,127.2625,90.9090909090909,73.4375,4.06132460943175,2.832796780091651,1.2285278293400994,33.30146845838807,10.22856652852525,23.903759480134102,,148.38718484338222,138.85,129.31281515661777,5492477.8,4241243.3,0.8303562009845539,151.50098964789058
2026-05-11,2459,66.2,66.9,66.2,66.7,162664.0,10823617.0,66.70000000000002,66.83,66.885,66.37166666666667,65.81166666666667,63.936249999999994,50.0,38.35616438356162,0.16708119793457854,0.2514230946160843,-0.08434189668150577,13.555836757255832,15.460556123768232,11.369639321778001,,68.34647006019362,66.885,65.42352993980639,162031.8,166469.2,1.003901703245906,66.5397199134412
2026-05-11,2460,32.0,33.1,31.2,33.0,897715.0,29098684.0,33.1,34.964999999999996,35.9625,28.510833333333334,23.1175,20.569166666666668,28.125,44.41340782122904,1.076193378069334,2.0753822489100497,-0.9991888708407157,21.54567092330272,26.767492862237035,27.262609831258214,,40.78905756152694,35.9625,31.13594243847306,1441607.4,3024353.45,0.6227180853816372,32.41416707975248
2026-05-11,2461,16.5,16.7,15.95,15.95,974837.0,15829057.0,16.759999999999998,16.85,17.2225,16.900833333333335,16.136666666666667,16.424791666666668,24.999999999999957,25.352112676056308,-0.17363171321785487,-0.01655794199049922,-0.15707377122735564,16.76902281989431,24.704264985619044,13.693565407160756,,18.178629808407607,17.2225,16.266370191592394,738095.2,849468.75,1.3207469713933921,16.237644857550546
2026-05-11,2462,21.45,21.7,21.05,21.15,985942.0,20966099.0,21.259999999999998,21.345,21.8625,23.2,23.00041666666667,22.801041666666666,51.16279069767435,34.69387755102045,-0.3726091487642762,-0.3449907706347497,-0.0276183781295265,24.834632306175976,25.12406588756924,15.662790667444805,,23.333223058835024,21.8625,20.391776941164977,622800.8,480243.2,1.5830776068367285,21.265042974130324
2026-05-11,2464,120.5,123.0,114.0,120.0,30281910.0,3574273653.0,115.4,112.45,96.985,79.34500000000001,70.6625,66.45979166666667,65.85365853658536,73.81294964028775,11.914067374053744,10.002981307542402,1.9110860665113414,33.26234599299778,8.677381607796553,45.96204551977402,,132.05751285401018,96.985,61.91248714598982,27162494.4,23603560.55,1.1148427517025095,118.0332962154633
2026-05-11,2465,81.9,87.5,81.9,86.9,3045079.0,259728854.0,85.66,79.2,71.705,60.38166666666667,61.17166666666667,59.93354166666667,69.36936936936937,71.2215320910973,7.175512980184365,5.76802873584529,1.4074842443390754,36.616482721943896,11.479706541314249,44.49696667576181,,91.57610835782508,71.705,51.83389164217492,5389945.6,3482805.05,0.56495542366884,85.29461928573939
2026-05-11,2466,50.4,51.8,49.6,51.6,415017.0,20979543.0,52.6,54.379999999999995,58.07000000000001,55.105000000000004,56.01333333333333,69.12458333333333,14.11764705882355,26.29629629629632,-0.9408492874376222,0.04717761858477226,-0.9880269060223945,19.30411909516813,30.29885704390049,16.434911955453057,,68.25897236696407,58.07000000000001,47.881027633035934,542984.6,1072695.8,0.7643255444077052,50.55104489695603
2026-05-11,2467,542.0,590.0,542.0,590.0,3671316.0,2123118138.0,563.8,560.25,553.875,409.25,303.8541666666667,231.15625,42.4,52.58397932816537,36.112969807013656,42.368540145795436,-6.25557033878178,31.836945506545412,17.42213966568166,41.92860228555415,,610.877192940271,553.875,496.872807059729,2955688.8,2764605.35,1.242118588398075,578.2989364031862
2026-05-11,2468,35.45,35.45,34.1,34.2,532306.0,18375510.0,34.82000000000001,34.25,34.5,35.97833333333334,40.17041666666667,50.73020833333333,57.77777777777781,47.435897435897445,-0.24656825229298818,-0.45366442085474407,0.2070961685617559,26.702742672909146,21.60839963747894,12.636556266820197,,35.99982455115117,34.5,33.00017544884883,665756.6,390833.45,0.799550466341603,34.52057651050336
2026-05-11,2471,53.1,53.1,51.0,51.7,553232.0,28502253.0,52.64,52.42999999999999,52.665,51.833333333333336,51.01833333333334,53.23729166666667,26.31578947368422,37.288135593220325,0.16380679804182563,0.25277887941924104,-0.08897208137741541,24.097120192558545,27.371905509422245,11.751576639217724,,54.52570162205407,52.665,50.804298377945926,298716.6,275001.25,1.8520296495072588,51.51953068513752
2026-05-11,2472,219.0,228.0,203.5,225.0,16591811.0,3632831722.0,204.6,190.5,184.525,141.08333333333334,121.57249999999999,99.825,96.19047619047619,74.13793103448276,17.617718261816634,14.6853840476671,2.9323342141495345,40.24068565913074,9.232227105222094,45.346836394897316,,215.76679892387565,184.525,153.28320107612436,9067716.2,6026983.6,1.8297673453873646,218.9532970210425
2026-05-11,2474,205.0,208.5,203.5,208.0,4001336.0,826398861.0,208.2,213.2,210.925,199.10833333333332,197.78333333333333,201.50625,46.42857142857143,50.98039215686275,3.086798927165688,4.947632964034478,-1.8608340368687895,24.30875237063856,19.927392161481304,29.620867160616942,,232.29215383849413,210.925,189.5578461615059,4404741.6,6468904.25,0.9084156037666319,206.53073398484906
2026-05-11,2476,116.0,122.0,111.5,119.5,8541937.0,1005940863.0,115.2,116.0,115.2,94.94333333333334,93.92083333333333,87.85666666666665,57.142857142857146,47.56097560975609,5.443557329809906,6.690654083642322,-1.247096753832416,30.23801601905661,21.593619506812825,30.28395013188141,,126.94913210680635,115.2,103.45086789319366,5992883.2,7808738.85,1.4253468180391033,117.7649592826545
2026-05-11,2477,21.1,21.2,20.85,21.15,239608.0,5039116.0,20.869999999999997,20.96,22.427500000000002,23.683333333333334,23.69708333333333,22.966666666666665,55.555555555555536,26.612903225806434,-0.841363332933458,-0.7238792413505059,-0.11748409158295214,19.36653394716283,31.480245680130608,24.179951496168886,,25.597171243122162,22.427500000000002,19.257828756877842,273146.2,337742.05,0.8772152056298056,21.030666755700977
2026-05-11,2478,78.2,79.0,74.5,77.9,3442347.0,266058167.0,77.97999999999999,73.36,72.225,67.60166666666666,63.18916666666667,53.615833333333335,82.31292517006811,54.32525951557094,3.046908203887952,2.1899059853305647,0.8570022185573873,32.2482652234326,18.105040151786657,22.839876961187507,,81.56171304722918,72.225,62.88828695277081,9229016.6,5016293.25,0.3729917443208413,77.28975812142123
2026-05-11,2480,150.0,150.0,147.0,149.5,521005.0,77468691.0,148.8,145.3,142.475,141.59166666666667,148.85,155.25208333333333,76.0,71.11111111111111,2.068277969324953,1.0399540043262274,1.0283239649987255,29.129355616013182,14.80204259112573,20.4058109943144,,150.98180841877127,142.475,133.96819158122872,459651.6,420420.55,1.1334780516373706,148.69087820654312
2026-05-11,2481,101.5,109.0,101.5,109.0,32693462.0,3500176280.0,103.1,101.94000000000001,103.44500000000001,96.21833333333333,89.68583333333332,71.536875,70.40816326530613,48.724489795918366,1.5095978069452372,1.685625103647074,-0.1760272967018368,26.950266277747403,16.044378217268182,23.429597536057376,,113.48564896204141,103.44500000000001,93.4043510379586,20250635.6,25698866.55,1.614441277092557,107.06043550848179
2026-05-11,2482,16.6,16.8,16.6,16.75,132444.0,2211343.0,16.72,16.805,17.1425,17.252499999999998,17.539583333333333,18.313750000000002,39.99999999999999,12.121212121212238,-0.11965513801448324,-0.05504064262292889,-0.06461449539155435,19.719335228165136,24.083389578639743,14.721904007379537,,18.002288835764904,17.1425,16.282711164235092,165686.8,207839.85,0.7993636185863932,16.696437739723958
2026-05-11,2483,24.1,24.25,23.5,23.7,392898.0,9367158.0,23.619999999999997,23.0,22.9225,21.509999999999998,20.494583333333335,19.487083333333334,93.33333333333326,52.100840336134446,0.5560775268952298,0.513126640064995,0.04295088683023485,28.580318120223836,14.952611482896497,28.911404733156093,,24.51573404961169,22.9225,21.329265950388308,429863.2,353455.8,0.914007060850987,23.841195424766735
2026-05-11,2484,41.8,41.8,38.2,39.6,10557967.0,418626124.0,41.92,40.855000000000004,41.2,32.778333333333336,27.035833333333333,24.204791666666665,50.17793594306052,39.39393939393939,2.3530896782114397,2.883127323272344,-0.5300376450609043,32.61476999176164,23.308478789200134,30.30762171467486,,48.951196851556524,41.2,33.44880314844348,13261387.0,16182540.05,0.7961434953975779,39.65025880455963
2026-05-11,2485,68.5,70.6,66.8,67.6,26329618.0,1811461375.0,67.85999999999999,64.79,69.11999999999999,60.622499999999995,40.14,26.118125000000003,79.86577181208052,44.91017964071856,-0.26625055872146675,0.05542979031510756,-0.3216803490365743,20.33527589346801,20.331151285604392,19.067403553916517,,83.12279671313844,69.11999999999999,55.11720328686154,41947251.6,40584725.75,0.6276839839490223,68.79937927698002
2026-05-11,2486,291.0,291.0,281.5,281.5,2263892.0,646352978.0,287.2,271.25,235.85,172.4,129.52,103.7175,57.971014492753625,79.50530035335689,33.236175827286814,30.228342686887633,3.007833140399182,42.69531597651238,17.06539809798904,44.08798863888416,,320.54890945672184,235.85,151.15109054327814,11091715.4,9855031.05,0.2041065712883329,285.505217563382
2026-05-11,2488,51.9,52.6,51.8,52.5,180885.0,9459326.0,51.67999999999999,51.529999999999994,51.2625,48.682500000000005,47.18541666666667,46.96791666666666,60.60606060606066,50.724637681159436,0.7552591998397489,0.7909243608174814,-0.035665160977732535,25.831788867233822,18.92536344424603,14.505391004029455,,52.89341030441622,51.2625,49.631589695583784,202732.6,273507.15,0.8922344013740267,52.29469552478094
2026-05-11,2489,42.0,43.95,41.6,43.0,25668873.0,1100524644.0,43.89,41.9,42.720000000000006,35.527499999999996,25.136250000000004,19.520416666666666,54.36893203883495,50.706713780918726,1.5595266082999757,1.7816768864100518,-0.22215027811007615,31.56176863605159,21.368756702389852,21.96481799534049,,48.526747436342326,42.720000000000006,36.913252563657686,66633700.6,46020304.7,0.3852235845955702,42.873898047647046
2026-05-11,2491,21.1,21.45,19.95,21.0,2163422.0,44595249.0,19.54,17.415,16.6325,16.644166666666667,16.367916666666666,13.841000000000001,98.33333333333331,78.74999999999999,0.9767116987516928,0.3156209417211157,0.6610907570305771,42.60204497191638,10.64805220676132,23.612451096568343,,20.5193570715601,16.6325,12.7456429284399,1908009.8,614308.15,1.1338631489209332,20.61329181269304
2026-05-11,2492,158.5,171.5,151.5,171.5,30310516.0,5062823576.0,156.6,145.9,143.95,136.0,126.04083333333332,104.32791666666667,89.2156862745098,61.70212765957447,6.884372514844642,3.9484988337992157,2.9358736810454267,32.96803051091129,12.569007061729085,21.49167001505807,,165.57089632496135,143.95,122.32910367503862,29788481.0,17682621.0,1.0175247270916568,167.03191644774375
2026-05-11,2493,131.5,131.5,128.5,129.5,1602783.0,208039408.0,135.4,129.85,132.325,117.35,107.02583333333332,106.89208333333333,61.016949152542374,43.96551724137931,3.8576337667698084,4.07801357572828,-0.2203798089584712,26.80417365835806,24.056180992637834,17.983982618979656,,150.69051402120664,132.325,113.95948597879334,4726262.4,4579267.9,0.3391227283529581,129.79886110596382
2026-05-11,2495,36.15,37.05,36.1,36.35,4989778.0,182296346.0,39.66,40.175,41.315000000000005,36.07833333333333,31.149166666666666,26.847291666666663,27.99999999999997,32.369942196531795,0.584498488264046,1.4032099815908585,-0.8187114933268125,22.854272120930176,25.965370635733198,21.776087660425766,,45.87144136303108,41.315000000000005,36.75855863696893,9548257.4,13404188.1,0.5225851996826143,36.53395922624213
2026-05-11,2496,65.9,66.3,65.9,66.2,31073.0,2052516.0,65.12,64.78999999999999,65.2,67.46,67.55916666666666,69.37833333333333,94.44444444444476,55.55555555555564,-0.46111316182354756,-0.7045542104396877,0.24344104861614013,28.16420321554119,20.37198213336782,21.237092004085305,,66.83514042532298,65.2,63.56485957467702,23271.0,23549.65,1.3352670706028964,66.054645512181
2026-05-11,2497,60.9,60.9,58.1,58.6,966063.0,56934152.0,58.0,56.870000000000005,56.875,50.365833333333335,,,66.35514018691586,54.700854700854705,2.1599908044815592,2.2417839454656674,-0.08179314098410817,33.20668434037447,17.868762601110298,37.77989788561636,,61.978095036089584,56.875,51.771904963910416,1343751.8,1203852.0,0.7189296416198289,58.934202013740304
2026-05-11,2498,39.45,40.25,38.65,40.25,8626307.0,339317240.0,40.230000000000004,40.165000000000006,40.4475,42.18416666666667,46.60625,46.310833333333335,51.16279069767444,48.795180722891544,-0.37413654362813276,-0.44760949059311333,0.07347294696498058,15.659985225202686,22.63509146663796,13.424232635447956,,41.819196989708054,40.4475,39.07580301029194,8273664.6,7491938.45,1.0426222740525402,39.335168572136375
2026-05-11,2501,23.0,23.1,22.55,22.65,3169612.0,71898818.0,22.88,23.369999999999997,24.165,23.21916666666667,23.030416666666667,21.616666666666667,39.99999999999999,37.98882681564244,-0.21401424955294246,0.04702214359748773,-0.2610363931504302,23.98662516275917,25.327877002034082,17.639673186281538,,26.652463303088062,24.165,21.677536696911936,3419230.4,4770295.0,0.9269957356485834,22.683791580799163
2026-05-11,2504,34.95,35.1,34.75,34.8,1532149.0,53381334.0,34.79,35.07000000000001,35.605000000000004,36.3125,36.017916666666665,37.908541666666665,30.434782608695386,32.35294117647051,-0.4915568626390794,-0.4218817999236301,-0.06967506271544927,16.229538177667653,26.104247418525006,16.631268631013594,,36.880642253099424,35.605000000000004,34.329357746900584,2223284.8,2250677.75,0.6891375319977,34.84082422793083
2026-05-11,2505,17.75,17.75,17.55,17.65,391305.0,6901038.0,17.82,17.91,18.4,18.854166666666668,18.9425,19.182708333333334,47.82608695652171,27.450980392156822,-0.3521622379799503,-0.2820036056427354,-0.07015863233721487,15.052788734985583,26.849540618365182,18.478373839920522,,19.451314966075493,18.4,17.348685033924504,640432.6,640407.65,0.611001063968324,17.63595660673899
2026-05-11,2506,8.75,8.79,8.66,8.66,193547.0,1685455.0,8.714,8.756,8.839500000000001,8.9245,9.21825,9.625583333333335,15.151515151515284,37.0370370370371,-0.06759000408075799,-0.05498115747150066,-0.012608846609257332,7.427776607270347,18.30987433860958,29.40814263684469,,9.05757531292002,8.839500000000001,8.621424687079982,115495.2,129162.3,1.675801245419723,8.708246575767125
2026-05-11,2509,13.45,13.45,13.2,13.2,384044.0,5106350.0,13.430000000000001,13.48,13.84,14.238333333333333,14.614583333333334,14.445,25.000000000000014,14.814814814814781,-0.2482921419370676,-0.20552920145882217,-0.04276294047824544,16.768046636576262,32.560870667080515,17.825433556919975,,14.650198156398279,13.84,13.029801843601721,292121.6,293596.15,1.3146716983612305,13.296262928206144
2026-05-11,2511,7.79,7.86,7.75,7.82,856976.0,6691976.0,7.860000000000001,7.909000000000001,8.0235,8.165333333333333,8.370333333333333,8.84375,18.518518518518675,25.000000000000156,-0.08450728279102648,-0.06570925778227622,-0.01879802500875026,10.323545575690964,35.546108541875185,26.95876422604593,,8.305767137375389,8.0235,7.741232862624612,1451547.2,1376773.9,0.5903879667157913,7.80882545135453
2026-05-11,2514,13.35,13.35,13.25,13.3,620909.0,8228929.0,13.280000000000001,13.275,13.36,13.95,14.325,15.300416666666667,50.0,38.88888888888891,-0.12719507629294924,-0.15193542456918804,0.024740348276238805,9.359135798296714,17.28014296038694,27.55210292069962,,13.566728909697455,13.36,13.153271090302544,365131.4,251640.7,1.7005083649338293,13.253035468965662
2026-05-11,2515,13.15,13.35,13.05,13.2,3415703.0,45140621.0,13.16,13.180000000000001,13.3475,14.146666666666668,13.882083333333334,12.487666666666666,66.66666666666654,34.375000000000014,-0.21736523529271423,-0.24654930781617626,0.02918407252346203,17.92290622914415,21.509113500569057,14.701211199813523,,13.841117154013881,13.3475,12.853882845986119,3480367.0,6774461.9,0.9814203502101934,13.21561652169407
2026-05-11,2516,13.2,13.2,13.05,13.05,242298.0,3176561.0,13.319999999999999,13.4,13.41,13.97,14.401666666666667,15.461666666666668,28.571428571428584,47.692307692307715,-0.14268638398898226,-0.156806448966251,0.014120064977268754,30.499141633599606,24.482866611074318,14.10615173628565,,14.215638027639859,13.41,12.604361972360142,258107.0,369755.25,0.9387502082469673,13.110141231046068
2026-05-11,2520,30.15,30.65,30.05,30.6,1639443.0,49846503.0,29.6,29.705000000000002,30.385,31.39333333333333,32.40833333333333,39.72666666666667,72.54901960784318,45.00000000000002,-0.49619650489073663,-0.5265084131869043,0.0303119082961677,22.92476521237086,25.34984623602571,19.419976598223247,,32.04635645276981,30.385,28.7236435472302,1652445.6,1645224.75,0.9921312992088817,30.40453556482293
2026-05-11,2524,36.95,37.2,36.55,36.8,42187.0,1552441.0,36.5,36.705,37.839999999999996,39.339999999999996,40.915416666666665,43.58375,51.724137931034385,27.692307692307693,-0.7244261271689467,-0.6726128253250423,-0.051813301843904425,28.01320240037401,23.84903240857084,12.147676066152892,,40.5388496574841,37.839999999999996,35.14115034251589,114348.2,97690.55,0.36893453504296525,36.79903761822362
2026-05-11,2527,35.8,36.3,33.35,34.35,1141176.0,38942057.0,34.28,34.42,35.457499999999996,31.6925,29.061249999999998,28.34375,55.357142857142925,37.58389261744967,0.5591841546551919,0.8392578170273999,-0.280073662372208,27.89935852488339,19.569069023875883,16.249845877262818,,38.921187569476615,35.457499999999996,31.993812430523377,573908.2,987708.2,1.9884295084126697,34.12449701010186
2026-05-11,2528,22.25,22.55,22.25,22.3,526491.0,11795295.0,22.33,22.410000000000004,22.917499999999997,25.625,27.898750000000003,29.941666666666666,35.71428571428574,27.27272727272735,-0.8352172974370369,-0.9394550589638382,0.10423776152680131,11.680592411041122,28.905490053093587,48.72782447640666,,24.426167938073487,22.917499999999997,21.408832061926507,725375.0,761037.85,0.7258190591073582,22.403602340780754
2026-05-11,2530,21.2,21.55,20.55,21.2,2604948.0,55118691.0,21.0,20.985,21.6725,24.2675,26.557916666666664,29.16125,57.77777777777772,35.8974358974359,-0.8634975438372265,-0.9730105955102071,0.10951305167298053,12.56843869007824,31.672148087831705,50.02388820228136,,23.316460237703893,21.6725,20.028539762296106,1820623.0,1430294.1,1.430800335928965,21.159228898235206
2026-05-11,2534,18.9,19.15,18.65,18.75,1185650.0,22339357.0,18.79,18.955,19.330000000000002,19.765833333333333,20.326666666666664,22.080625,24.999999999999844,27.90697674418601,-0.297982937226557,-0.24851029494778448,-0.049472642278772516,12.101476880326127,19.912663932665197,33.575619922522435,,20.221716263581868,19.330000000000002,18.438283736418136,843311.8,658027.45,1.4059449897416352,18.841443090288028
2026-05-11,2535,72.7,76.0,71.3,74.4,1794894.0,132929387.0,73.98,74.21000000000001,72.85499999999999,71.65333333333334,67.0825,62.834375,71.69811320754735,63.020833333333336,0.8515709511784593,0.7980517557988587,0.05351919537960059,21.49406946755228,22.446837470220203,17.437254923927608,,77.58718543036719,72.85499999999999,68.1228145696328,666951.4,821939.2,2.6911915920710263,74.05974224661735
2026-05-11,2536,20.65,20.65,20.5,20.5,326777.0,6722306.0,20.660000000000004,21.145000000000003,21.654999999999998,22.346666666666668,24.324166666666667,26.639583333333334,23.07692307692315,30.588235294117666,-0.5043311260854431,-0.39473542630702113,-0.10959569977842193,21.98188214742091,30.125073289183362,14.443511992208734,,23.01916544759911,21.654999999999998,20.290834552400884,480413.2,340810.65,0.680199877938408,20.571539612641036
2026-05-11,2537,10.3,10.35,10.2,10.25,698130.0,7164108.0,10.309999999999999,10.32,10.405000000000001,10.401666666666667,10.698749999999999,10.978250000000001,54.545454545454604,45.16129032258063,-0.03277253402932523,-0.018442387189252608,-0.014330146840072621,19.40720069016604,14.777909560415232,14.982374524548138,,10.670369652808315,10.405000000000001,10.139630347191687,738699.0,876365.05,0.9450804725605423,10.261853809462421
2026-05-11,2538,9.93,9.93,9.8,9.8,647756.0,6364679.0,9.862,9.849,9.952000000000002,10.259833333333335,10.607,11.587875,52.222222222222264,43.05555555555559,-0.09716969208043302,-0.1070439659264898,0.009874273846056783,15.44350103677641,23.849937670397058,23.134450632796167,,10.245551752812899,9.952000000000002,9.658448247187104,570891.0,451028.95,1.1346404129685002,9.825735307739334
2026-05-11,2539,39.4,39.8,38.6,39.75,1778340.0,69623451.0,39.61,40.315,43.1375,46.5325,47.101666666666674,53.89979166666667,19.51219512195118,10.759493670886087,-2.1447302014818135,-1.8625463484184197,-0.2821838530633938,8.57437758783843,42.03990051433657,47.292931834428664,,49.37726003249746,43.1375,36.897739967502545,1530716.4,1355613.05,1.1617697438924677,39.15080974391849
2026-05-11,2540,51.3,52.0,51.0,51.5,475904.0,24511712.0,51.279999999999994,53.81,54.4125,49.719166666666666,49.55875,64.044375,27.58620689655173,27.86885245901641,0.4410961970009524,1.325263957569059,-0.8841677605681066,19.3634143918964,26.777681698149397,30.335798503725968,,61.22022587425184,54.4125,47.604774125748165,647412.6,1513992.55,0.7350860950188489,51.50558095750404
2026-05-11,2542,40.2,41.75,40.2,41.65,17642381.0,727289824.0,40.07,39.915,37.795,37.190000000000005,37.849583333333335,39.78104166666667,75.0,84.25925925925924,1.1604930208137674,0.8084020413984468,0.3520909794153205,45.357376744078906,13.901251125836298,30.99754188130197,,42.830024695491744,37.795,32.75997530450826,11076861.8,12598294.3,1.5927237622482568,41.22401755182591
2026-05-11,2543,43.3,45.35,42.8,43.25,3864182.0,170925693.0,43.38,44.725,49.62,59.473333333333336,62.392500000000005,70.81375,18.918918918918877,15.160349854227405,-4.632359091327068,-4.376288740939038,-0.25607035038802994,13.597923655502795,36.426780411341824,43.466709123224916,,61.126858366803276,49.62,38.11314163319672,2784301.2,3004019.85,1.3878462574379524,44.233344340406326
2026-05-11,2545,38.9,39.0,38.45,38.95,494384.0,19154276.0,38.720000000000006,38.125,37.61,37.105,38.59875,42.19604166666667,96.77419354838727,75.24752475247534,0.5400226028645889,0.3591625193186798,0.1808600835459091,30.127731360740018,14.558603456358954,22.976506781694436,,39.31713672254657,37.61,35.90286327745343,468920.0,403445.25,1.0543035059285166,38.743721479659534
2026-05-11,2546,85.4,85.6,84.4,85.2,266443.0,22571556.0,85.22,85.03,85.415,85.03,86.32583333333334,84.00625,66.66666666666666,43.33333333333337,0.23047109253087683,0.22798234465761236,0.002488747873264474,24.992585478676173,25.18475406193993,13.872397053653792,,86.59603433704142,85.415,84.2339656629586,130592.6,116848.9,2.040261086769082,84.71438919393641
2026-05-11,2547,10.25,10.3,10.2,10.25,2164067.0,22146999.0,10.26,10.32,10.5275,10.755833333333333,10.750416666666666,11.471875,25.000000000000227,15.384615384615358,-0.14429772042698197,-0.12683874633423145,-0.017458974092750518,9.508698970304152,20.36623578758688,21.266751583794047,,11.029574643224063,10.5275,10.025425356775937,1904268.6,2211249.9,1.1364294931922942,10.233971036941092
2026-05-11,2548,123.5,129.5,123.5,129.5,2798537.0,357533960.0,124.7,125.95,127.6,118.69166666666666,111.37000000000002,108.04541666666667,60.6060606060606,52.72727272727273,0.8922733417210935,1.6287220475733946,-0.736448705852301,25.98427103662944,19.45636485644876,24.625689254637624,,133.58770670448683,127.6,121.61229329551314,2423596.8,1647597.05,1.1547040332781426,127.75745326933323
2026-05-11,2596,29.75,29.75,28.5,28.55,148515.0,4277167.0,28.74,28.759999999999998,29.6475,32.138333333333335,33.44416666666667,34.09708333333334,42.30769230769229,42.30769230769229,-0.9544045494996602,-1.0112163608167501,0.0568118113170899,13.054300299200996,29.16991167333196,50.037933272117336,,32.81966097686711,29.6475,26.47533902313289,129150.0,83292.55,1.1499419279907084,28.799562333771
2026-05-11,2597,156.0,161.5,156.0,160.0,783756.0,124646370.0,156.0,154.9,154.9,160.58333333333334,162.6125,165.71458333333334,62.50000000000001,54.0,-0.17764730559179043,-0.9682364793827022,0.7905891737909118,24.84204360254479,9.561276312934295,21.65715082371738,,161.74105255059686,154.9,148.05894744940315,914185.8,872536.25,0.8573268147459739,159.0372131122441
2026-05-11,2601,4.91,4.99,4.9,4.97,1638778.0,8116460.0,4.93,5.048,5.3165,5.670166666666666,5.666416666666667,,42.307692307692264,18.888888888888815,-0.24001273438695225,-0.20715966244076645,-0.03285307194618581,11.921302889684792,36.14784357973572,35.2460454241797,,5.937408502455081,5.3165,4.6955914975449184,2479314.6,2092847.8,0.6609802563982804,4.952751379381466
2026-05-11,2603,213.5,215.0,212.5,214.0,9248306.0,1979610125.0,211.8,206.8,203.725,200.39166666666668,192.29166666666666,199.72916666666666,87.5,81.48148148148148,2.788860626254518,1.425645953073345,1.3632146731811732,27.87787933771526,10.135237226199912,23.730223201763724,,214.17022051365757,203.725,193.27977948634242,11599565.6,10679991.3,0.7972976160417594,214.0511056835706
2026-05-11,2605,33.05,34.65,31.65,34.1,9083117.0,300140848.0,34.39,34.075,34.685,34.75000000000001,29.863333333333337,26.422083333333333,43.33333333333333,48.61878453038674,-0.7008799183068106,-0.6422547644843283,-0.058625153822482345,18.90165685100261,35.1241177149891,24.156739022320092,,37.97167164869169,34.685,31.398328351308315,6669319.6,8572267.1,1.361925585332573,33.04381612611618
2026-05-11,2606,65.1,65.7,64.4,65.3,4072288.0,265258629.0,64.47999999999999,62.67,62.544999999999995,61.89666666666667,59.97166666666667,57.328541666666666,97.9591836734695,67.01030927835052,0.8838876352596969,0.469538582395375,0.41434905286432194,30.161123744910405,17.22375974434233,16.70420981564847,,66.18366661523739,62.544999999999995,58.9063333847626,5472418.6,4389267.8,0.7441477521474692,65.13749248579668
2026-05-11,2607,47.95,48.4,47.75,48.4,370048.0,17757849.0,47.809999999999995,47.795,48.8875,52.62749999999999,54.7675,44.082499999999996,73.17073170731692,36.44067796610171,-1.1617628405780707,-1.297316320872876,0.1355534802948053,13.537018516029702,27.053324847847787,43.699155012122326,,51.46919161189672,48.8875,46.30580838810329,389424.2,555529.1,0.9502439755926827,47.987961021272916
2026-05-11,2608,30.0,30.0,29.9,29.95,330875.0,9912326.0,29.98,30.025,30.415,31.2925,32.494166666666665,33.74979166666667,20.000000000000142,27.027027027027003,-0.32470012266212933,-0.3212100065860504,-0.0034901160760789085,18.14608591174603,23.458552440333726,24.656986707947134,,31.29584887287415,30.415,29.53415112712585,364362.6,325216.2,0.9080926527585433,29.95791764261428
2026-05-11,2609,50.3,50.9,50.1,50.8,17725847.0,896190845.0,50.42,49.94,50.255,53.27166666666667,53.248333333333335,60.098749999999995,75.3846153846153,56.14035087719294,-0.6992136645370408,-0.9570840950111669,0.25787043047412606,21.750440038271602,17.06747852990939,11.852031050110241,,51.47410234447995,50.255,49.03589765552005,16632903.0,16489239.05,1.0657097561381799,50.55842155243696
2026-05-11,2610,18.7,19.25,18.65,19.15,64895516.0,1238895120.0,18.46,18.22,18.185,19.59,19.7125,20.597916666666666,90.32258064516118,69.81132075471695,-0.07335883534814869,-0.24249325062275476,0.16913441527460607,30.992028430038175,16.84709693619032,26.069919650080465,,18.808318791462003,18.185,17.561681208537994,34741871.4,27870644.6,1.86793380393435,19.090612053997692
2026-05-11,2611,13.6,13.95,13.6,13.7,626742.0,8621774.0,13.469999999999999,13.455000000000002,14.01,14.435833333333333,14.718333333333334,16.4175,78.5714285714285,32.60869565217388,-0.2889535565637775,-0.27177435904374964,-0.01717919752002789,22.477232255351375,28.194486053855,25.56760991034066,,15.321728469976367,14.01,12.698271530023632,439066.0,503558.15,1.427443710057258,13.756496293530672
2026-05-11,2612,57.8,57.9,56.5,57.3,533370.0,30382547.0,57.379999999999995,55.95,56.765,58.585,57.97041666666667,52.68479166666667,77.58620689655166,47.747747747747745,-0.11967220109585952,-0.44529304946409476,0.32562084836823524,25.440321587713953,24.587393257837686,14.338891751088044,,60.36340607988969,56.765,53.16659392011031,617760.2,674083.9,0.8633932713696998,56.96335939404166
2026-05-11,2613,22.35,22.4,22.2,22.35,222285.0,4956751.0,22.44,22.445,22.677500000000002,23.802500000000002,24.165,26.01875,47.36842105263174,36.363636363636445,-0.3352613753864695,-0.3674951080833186,0.03223373269684909,15.200901289833146,19.25214689964508,16.476345305448483,,23.25831159188052,22.677500000000002,22.096688408119483,284678.6,352064.35,0.7808279231385851,22.299080009897203
2026-05-11,2614,20.1,20.25,19.9,20.0,1284319.0,25710929.0,20.2,20.18,20.27,20.561666666666664,21.152083333333334,19.332916666666666,37.49999999999994,36.84210526315788,-0.12965764534995117,-0.13036680520023208,0.000709159850280916,19.429195270399664,21.074938453177737,6.341852082446383,,20.607794705639492,20.27,19.932205294360507,924185.0,754153.4,1.3896773914313694,20.019114410049216
2026-05-11,2615,77.9,78.7,77.4,78.5,8832680.0,690626079.0,77.6,76.35,75.815,76.36333333333333,77.91,84.12083333333334,76.71232876712328,70.68965517241377,0.1788134919031279,-0.23445152092954447,0.41326501283267236,20.801496035785732,12.719686144843923,20.265624666657207,,78.83791250286764,75.815,72.79208749713236,7350651.8,7396260.95,1.2016186102027033,78.18986751472939
2026-05-11,2616,14.0,14.0,13.85,13.9,432948.0,6022972.0,13.99,14.1,14.752500000000001,15.574166666666665,14.7625,14.881666666666666,20.000000000000213,10.000000000000028,-0.6038015203409799,-0.5691144191635593,-0.034687101177420576,19.713312113408456,31.15324729869535,17.993694423647135,,16.321769021920208,14.752500000000001,13.183230978079795,366149.6,529115.45,1.1824347206715506,13.911536720345168
2026-05-11,2617,29.3,29.4,29.2,29.25,968419.0,28343948.0,29.45,29.47,29.8825,30.578333333333333,30.149583333333332,29.100208333333335,46.15384615384612,34.48275862068971,-0.33693900393365794,-0.3242184533746591,-0.012720550558998844,21.265541069003834,32.24057441556738,16.163878740915205,,31.104782162273203,29.8825,28.660217837726798,831385.2,820461.05,1.1648258833570768,29.268269209918433
2026-05-11,2618,35.9,36.0,35.7,35.85,23645405.0,847495309.0,34.97,34.285000000000004,34.5775,35.735833333333325,35.85458333333334,37.73875,97.9591836734695,55.263157894736864,-0.03332455179008775,-0.2751744281704575,0.24184987638036975,30.47977469844305,18.58958883724513,20.846419506337213,,36.265374714731294,34.5775,32.88962528526871,31795474.2,26886806.65,0.7436720349338272,35.84186056445216
2026-05-11,2630,47.6,47.6,45.4,45.6,4771044.0,218518880.0,49.07,48.595000000000006,48.705,49.5925,50.845000000000006,47.63875,43.41463414634145,37.288135593220325,-0.09066734140041888,-0.007641815344216287,-0.08302552605620259,26.077604296118608,29.456659916516482,17.056132315316603,,52.348581234242346,48.705,45.06141876575765,2040972.0,1610091.25,2.3376332453360456,45.80106157059126
2026-05-11,2633,26.6,26.9,26.6,26.75,5763093.0,154249414.0,26.49,26.48,26.6175,26.720833333333335,27.222083333333334,27.496458333333337,72.72727272727285,50.0,-0.04689102050706495,-0.05827457899734662,0.011383558490281671,17.499123376612125,16.390484249974097,19.13130088256945,,27.06855140330207,26.6175,26.16644859669793,5503187.2,5210785.7,1.0472282316690953,26.765039883965088
2026-05-11,2634,48.35,48.35,46.25,47.2,15170584.0,712114288.0,49.15,48.485,48.752500000000005,50.76083333333334,51.580416666666665,50.096041666666665,51.53374233128835,37.786259541984734,-0.1916318817299114,-0.29510919501219096,0.10347731328227955,26.277531690577494,29.278462256062337,14.797788118124059,,51.16855920980098,48.752500000000005,46.33644079019903,8219490.2,6304364.15,1.845684298035905,46.94046636569825
2026-05-11,2636,67.8,68.8,67.8,68.5,494931.0,33882020.0,68.0,67.52000000000001,67.695,67.145,67.23416666666667,69.93791666666667,81.81818181818211,55.31914893617022,0.07079640909979901,0.0030864755283669587,0.06770993357143205,23.428484080957414,17.391505617476042,10.223329242581569,,68.75026250163985,67.695,66.63973749836013,385339.8,300713.45,1.2844014555465073,68.45806789229205
2026-05-11,2637,75.0,75.6,73.3,74.5,1589377.0,117984919.0,75.17999999999999,73.58,73.385,71.22666666666666,68.07,64.10166666666667,68.91891891891892,55.99999999999999,1.1154913167988525,0.9597135671399241,0.15577774965892843,25.862053086601506,23.657732036662754,12.809177855918325,,77.20421733508755,73.385,69.56578266491246,3155996.0,2917766.0,0.5036055178777159,74.23343800747085
2026-05-11,2640,166.0,166.0,161.5,162.5,19869.0,3257347.0,170.0,174.1,178.125,152.71666666666667,138.35833333333332,131.17916666666667,21.42857142857143,21.42857142857143,1.9980179216630347,5.034666616881062,-3.0366486952180276,16.147371493661897,23.61300803288586,35.52195764376462,,190.70683736896004,178.125,165.54316263103996,36116.6,59246.65,0.5501348410426231,163.94116462831548
2026-05-11,2641,17.95,17.95,17.35,17.35,2064371.0,36299230.0,17.910000000000004,17.544999999999998,17.5975,18.65,19.299999999999997,19.625,52.941176470588275,52.941176470588275,-0.16553844385884986,-0.2789131454146555,0.11337470155580565,30.81270921551569,29.888985713156046,34.096607758042715,,18.597749968757803,17.5975,16.597250031242197,2587053.8,1392905.35,0.797962145201619,17.583675608696304
2026-05-11,2642,21.6,21.85,21.55,21.6,74526.0,1617882.0,21.520000000000003,21.645,22.217499999999998,23.649166666666666,25.892916666666668,26.461041666666667,33.33333333333353,20.454545454545567,-0.5502894496218822,-0.5443427079367386,-0.005946741685143642,20.470146219120593,33.1366879803917,24.2790448417632,,23.46450694295808,22.217499999999998,20.970493057041914,122891.6,94698.9,0.606436892350657,21.708960631189115
2026-05-11,2643,66.8,66.8,65.6,66.5,35606.0,2346501.0,67.16,67.01000000000002,67.4,69.97000000000001,71.08500000000001,71.6425,43.749999999999886,43.74999999999989,-0.7125537769330776,-0.8325666276718032,0.12001285073872558,14.42098553247287,19.72145484908036,26.064603052747646,,69.09084220683673,67.4,65.70915779316329,33249.8,20726.55,1.0708635841418594,65.9018423861147
2026-05-11,2645,160.0,160.0,148.0,154.5,4529594.0,689227628.0,158.9,157.95,158.95,159.60833333333332,153.72916666666666,142.075,52.83018867924528,35.80246913580247,0.6380272930985313,0.8679349777836121,-0.22990768468508072,24.933632417812298,30.29895004621519,12.133264646247769,,169.25533842239088,158.95,148.6446615776091,2347221.4,1621918.25,1.9297685339780901,152.1610166385773
2026-05-11,2646,20.6,20.65,20.35,20.5,4829006.0,98611318.0,20.520000000000003,20.4,20.5925,21.6375,22.694583333333334,24.054791666666667,61.904761904761855,42.55319148936168,-0.25123749061674516,-0.31904643599266125,0.06780894537591609,18.083107756307395,20.818401676121727,21.438965165493947,,21.233449131736926,20.5925,19.951550868263077,5007394.2,4816202.75,0.964375043610507,20.420624451491673
2026-05-11,2701,10.7,10.8,10.65,10.7,43472.0,464595.0,10.719999999999999,10.694999999999999,10.775,10.832500000000001,10.969583333333333,11.191458333333333,66.66666666666647,40.0,-0.03072609349903921,-0.02923421817699935,-0.0014918753220398602,18.726734350961745,17.832662294127825,12.49525696945294,,10.984007680543971,10.775,10.56599231945603,77626.4,100672.4,0.5600156647738399,10.687223960250275
2026-05-11,2702,14.2,14.2,13.8,13.9,164359.0,2309725.0,15.11,15.26,15.745000000000001,13.250833333333333,12.520416666666668,12.750208333333335,31.57894736842104,34.53237410071942,0.34454981507185956,0.6426757226686665,-0.2981259075968069,19.795739430643376,24.586570948656504,37.28620334901046,,17.459612124313146,15.745000000000001,14.030387875686854,333416.8,440553.7,0.4929535644274674,14.052926824816408
2026-05-11,2704,42.5,43.4,42.5,42.8,153740.0,6616587.0,42.22,42.145,42.515,42.78,42.80833333333333,43.815416666666664,89.28571428571432,43.5643564356435,-0.1073539928422349,-0.1449098912670957,0.03755589842486079,34.518992231119086,15.679567741178394,17.23520179024588,,43.75218696200365,42.515,41.27781303799635,113134.0,156458.45,1.3589195113758905,43.03751138285417
2026-05-11,2705,15.8,16.05,15.8,16.05,161498.0,2579803.0,16.130000000000003,16.375,16.7675,16.480833333333333,16.60875,17.124166666666667,25.000000000000142,28.0,-0.1489246301746583,-0.025443867861698853,-0.12348076231295943,20.130606586314006,25.29818066119492,16.174573083247946,,17.771845820081854,16.7675,15.763154179918143,429828.2,780034.7,0.3757268601734367,15.974210206937547
2026-05-11,2706,12.5,12.5,12.35,12.35,110853.0,1374771.0,12.44,12.415000000000001,12.502500000000001,12.599166666666667,12.825416666666666,13.156041666666665,44.44444444444436,36.84210526315788,-0.0377552461260624,-0.03923725533425524,0.0014820092081928374,16.96384769830302,19.978665255547416,14.101155790487045,,12.80594513073817,12.502500000000001,12.199054869261833,129232.4,147073.35,0.8577802470587872,12.401748261210793
2026-05-11,2707,171.0,172.0,171.0,171.5,199780.0,34278427.0,170.3,170.75,176.425,183.61666666666667,187.3375,191.225,68.75,29.729729729729726,-4.138991246011955,-3.96020168566596,-0.17878956034599458,17.30200405887878,29.056040664031247,28.835911427672915,,192.06999247279046,176.425,160.78000752720956,200825.4,358575.15,0.9947944831679658,171.5808739613575
2026-05-11,2712,17.4,17.4,17.0,17.0,4060.0,69846.0,17.25,17.375,17.255000000000003,,,,24.24242424242418,41.666666666666664,0.2883901779378597,0.33800350491238196,-0.049613326974522254,21.024295287403795,27.124721212938702,28.453943759862646,,18.45670930892647,17.255000000000003,16.053290691073535,10640.0,34445.85,0.3815789473684211,17.20344827586207
2026-05-11,2718,47.05,47.05,46.3,46.4,116130.0,5402628.0,43.040000000000006,43.325,44.52,46.84083333333333,47.64541666666667,48.04770833333334,64.51612903225805,64.51612903225805,-0.9451811649991626,-1.0953782661484588,0.15019710114929619,31.899930130153,26.28072573591764,35.82930036738793,,48.76132551276882,44.52,40.278674487231186,92135.0,46136.8,1.2604330601834266,46.52224231464738
2026-05-11,2719,25.95,25.95,25.55,25.55,12122.0,312236.0,26.24,26.630000000000003,27.482499999999998,27.4275,27.73875,27.894375,25.423728813559393,25.423728813559393,-0.3512807107375373,-0.17036804045970236,-0.18091267027783495,20.381874171047368,39.50883269261591,18.649210812543302,,30.19063103158073,27.482499999999998,24.774368968419267,18932.4,15743.55,0.6402780418753037,25.757795743276688
2026-05-11,2722,23.85,23.85,23.5,23.5,23205.0,546570.0,23.46,23.41,23.9875,24.1275,25.875416666666663,27.581458333333334,74.99999999999977,37.25490196078433,-0.17439451092146285,-0.15091571028304826,-0.023478800638414593,25.38568552232746,19.521623478298817,11.476755048999742,,25.400177562197243,23.9875,22.57482243780276,32744.2,71966.8,0.7086751241441233,23.55397543632838
2026-05-11,2723,67.2,68.5,66.6,68.0,391870.0,26520545.0,66.83999999999999,65.21,65.77000000000001,70.15166666666666,69.43499999999999,77.08583333333334,94.11764705882358,57.9545454545455,-0.6570158480095216,-1.1989614575233982,0.5419456095138766,34.88490633511689,21.580775602586318,13.232621240438831,,68.92968019701323,65.77000000000001,62.6103198029868,319272.6,329095.75,1.2273837466791702,67.67689539898436
2026-05-11,2724,14.5,14.5,14.25,14.45,25068.0,358479.0,14.290000000000001,14.955000000000002,15.852500000000001,,,,21.27659574468079,21.27659574468079,-1.0438838214376798,-0.9552270480495735,-0.08865677338810629,5.354878016803085,16.474243287177913,68.78675545466936,,18.42880396212543,15.852500000000001,13.276196037874572,9688.6,12681.05,2.58737072435646,14.30026328386788
2026-05-11,2726,9.33,9.63,9.24,9.34,86371.0,806586.0,10.078,10.369,10.3545,10.728333333333332,11.214166666666666,11.457083333333335,15.306122448979565,15.306122448979565,-0.1051511001482126,-0.024424646683745402,-0.0807264534644672,17.50740120265056,15.935731561856839,39.448670719722095,,11.155774642448897,10.3545,9.553225357551103,68520.2,76572.7,1.2605187959171165,9.33862060182237
2026-05-11,2727,234.5,236.5,234.0,235.0,413454.0,97358278.0,232.1,229.95,227.825,224.2,220.8375,226.14166666666668,84.0,68.0,1.8856018122354214,1.1174907695884644,0.7681110426469571,33.35944925263809,11.921053114918964,21.450033451667675,,234.13518391591273,227.825,221.51481608408724,679612.4,391017.65,0.6083673576291427,235.47547732033067
2026-05-11,2729,163.5,165.0,162.5,164.0,45233.0,7393980.0,164.8,165.1,167.0,169.25,169.875,170.1875,42.10526315789474,42.10526315789474,-1.4727786873079936,-1.3699584564763267,-0.1028202308316668,17.06173292152873,13.260422083504626,21.649479222335042,,173.44817395612282,167.0,160.55182604387718,32987.0,41549.05,1.3712371540303756,163.4642849247231
2026-05-11,2731,160.0,161.0,158.5,159.5,1052809.0,167868123.0,160.6,160.0,160.125,166.25,165.84583333333333,159.61041666666668,52.17391304347826,47.368421052631575,-1.0126736671371077,-1.4484762413562597,0.43580257421915203,21.064857648141807,23.704991811760802,9.750607782004472,,163.52585128661528,160.125,156.72414871338472,1292572.2,1011809.6,0.8145069188398142,159.447841916245
2026-05-11,2732,65.6,65.8,64.6,65.8,39369.0,2576110.0,65.88,65.6,66.08500000000001,66.03166666666667,66.01583333333333,66.00791666666666,52.5641025641025,52.5641025641025,-0.12614682262862686,-0.15806926074481584,0.03192243811618897,23.766191695174925,9.695395802014572,34.98473064290328,,68.58407351253476,66.08500000000001,63.58592648746525,102694.6,73143.2,0.38335998192699516,65.43498691864157
2026-05-11,2734,15.55,15.85,15.4,15.4,101548.0,1570839.0,15.77,16.1,16.5125,16.830833333333334,17.315416666666668,17.557708333333334,23.076923076923066,23.076923076923066,-0.25913127594752794,-0.15710566078843022,-0.10202561515909772,11.444913115517865,29.282808236569895,25.709901446434657,,17.747462177132313,16.5125,15.277537822867686,133287.4,112552.35,0.7618724650642147,15.46893094891086
2026-05-11,2736,12.35,12.35,12.0,12.0,136959.0,1660444.0,12.459999999999999,12.665000000000001,13.022499999999999,13.2675,13.558750000000002,13.704374999999999,20.68965517241375,20.68965517241375,-0.22846106535678956,-0.1484763234818891,-0.07998474187490046,15.163099748683686,27.524191050020647,19.022083757313176,,14.201024947818903,13.022499999999999,11.843975052181095,78723.0,117156.1,1.7397583933539118,12.123657444928774
2026-05-11,2739,35.0,35.1,34.5,34.85,70984.0,2474805.0,34.720000000000006,34.644999999999996,35.2475,34.37583333333334,35.437083333333334,37.574375,76.92307692307709,32.75862068965512,0.004890793854485764,0.0619041816884019,-0.057013387833916136,18.814504565963954,21.586846233996212,10.030428735579958,,37.205876072696626,35.2475,33.28912392730338,83655.6,295478.3,0.8485265780174907,34.8642651865209
2026-05-11,2740,37.9,37.9,33.9,37.2,7100.0,252234.0,39.63,40.375,39.94500000000001,40.539166666666674,41.56958333333333,42.08479166666667,27.683615819209066,27.683615819209066,0.07404345843985993,0.2533136579698399,-0.17927019952997997,9.63950850206127,25.54349830344257,24.419303751046762,,43.3375460086863,39.94500000000001,36.55245399131371,10240.6,13434.45,0.6933187508544421,35.52591549295774
2026-05-11,2743,69.8,69.8,67.5,67.6,152094.0,10409020.0,69.56,70.31,71.5,73.98499999999999,75.8925,76.84625,10.869565217391283,10.869565217391283,-1.1000355930384131,-0.9023399383833018,-0.1976956546551113,13.174160810814007,28.864651719703776,19.155515694097012,,75.955156681042,71.5,67.044843318958,124395.0,105715.5,1.222669721451827,68.43807119281497
2026-05-11,2745,102.5,102.5,100.5,101.0,146132.0,14783908.0,101.7,102.45,103.175,103.905,103.7025,103.60125,43.47826086956522,43.47826086956522,-0.6452628568570873,-0.45941791300161355,-0.18584494385547373,15.682032523671637,17.714943757311254,11.118206422675266,,106.74792449873834,103.175,99.60207550126165,204164.2,260321.5,0.7157572189443594,101.16817671694085
2026-05-11,2748,40.1,40.3,39.9,40.05,127388.0,5104817.0,40.739999999999995,40.209999999999994,40.89,40.515,42.194583333333334,45.62958333333333,55.12820512820511,42.85714285714281,-0.07959994567424644,-0.05578215599614227,-0.02381778967810417,25.74915810489042,25.16381734960187,12.10519593427363,,43.627574800708864,40.89,38.15242519929114,224883.4,266640.8,0.5664624423145506,40.072981756523376
2026-05-11,2751,53.2,53.5,52.9,53.5,18543.0,985967.0,54.67999999999999,54.89,55.410000000000004,57.57333333333334,58.58666666666667,59.093333333333334,33.33333333333333,33.33333333333333,-0.8588519172625553,-0.8450016285047932,-0.013850288757762064,6.2848274557031445,34.73176338436015,46.13575893561865,,57.33479663997707,55.410000000000004,53.485203360022936,61880.6,21402.85,0.2996577279470464,53.171924715526075
2026-05-11,2752,183.0,183.0,180.0,182.0,29931.0,5425893.0,182.4,183.95,186.425,199.75,202.375,203.6875,31.578947368421055,31.578947368421055,-4.647791452663228,-4.895021961138615,0.2472305084753872,14.091804803520342,25.591460349691285,45.112919003216064,,194.15923694055425,186.425,178.69076305944577,41397.0,23621.85,0.7230234074932966,181.2800441014333
2026-05-11,2753,181.5,181.5,178.0,179.5,578771.0,103645166.0,180.1,179.25,180.325,181.375,187.56666666666666,188.59583333333333,75.0,39.99999999999999,-0.6085596371548831,-0.8055106293999027,0.19695099224501955,18.769019502456157,22.422946027950314,11.853542663298395,,183.74744910769604,180.325,176.90255089230394,271218.2,232334.65,2.1339681481552493,179.07802222295174
2026-05-11,2754,71.2,71.4,69.3,69.5,24814.0,1738933.0,69.28,68.91,69.04,72.42666666666666,75.11333333333332,76.45666666666666,58.97435897435896,58.97435897435896,-0.5015206120073827,-0.7766008303719204,0.27508021836453767,18.186907416393797,12.225586387505858,31.29311569869313,,70.02065499056626,69.04,68.05934500943376,30044.6,23148.35,0.8259054871757321,70.07870556943661
2026-05-11,2755,132.5,133.0,131.5,131.5,26508.0,3506452.0,134.5,135.05,136.175,132.21666666666667,123.10833333333333,118.55416666666666,37.037037037037045,37.037037037037045,-0.7515847921029888,-0.18543441929401375,-0.5661503728089751,12.858254783726888,14.63625475329955,20.988416083905165,,140.8120930095206,136.175,131.53790699047943,72760.6,50502.6,0.36431805125301325,132.2790101101554
2026-05-11,2756,60.6,60.7,59.6,60.0,35198.0,2113344.0,64.68,66.28,67.59,72.88000000000001,74.69,75.595,3.4482758620689395,3.4482758620689395,-2.102909047177988,-1.7356012497011026,-0.36730779747688547,2.3227586764792894,31.262990662015866,61.43681483604737,,72.09865833702239,67.59,63.08134166297762,27151.4,27192.45,1.296360408671376,60.04159327234502
2026-05-11,2762,74.0,75.4,74.0,75.4,80498.0,6027205.0,73.8,73.38000000000001,73.26,73.85999999999999,76.57583333333334,77.465,83.33333333333347,71.4285714285715,0.10551115912467424,-0.17148717354940482,0.27699833267407903,28.529438385450717,13.795003123230638,11.789834595825706,,74.56488959000828,73.26,71.95511040999173,128672.4,77022.85,0.6256042476863726,74.87397202414967
2026-05-11,2801,21.05,21.05,20.9,20.9,13350697.0,279912229.0,20.89,20.994999999999997,21.1625,20.81833333333333,20.590833333333332,19.79375,27.272727272727153,29.411764705882305,-0.0017575041201958186,0.05418371987153331,-0.05594122399172913,22.261794316424016,22.181448323300305,12.1230089436802,,21.661841671866267,21.1625,20.663158328133736,15141993.2,16896859.85,0.8817001053731817,20.966113529503367
2026-05-11,2812,19.8,19.8,19.65,19.75,13989928.0,275973870.0,19.75,19.83,20.15,20.3925,20.939166666666665,21.12770833333333,25.0,24.13793103448282,-0.23855714451434906,-0.20092396299764034,-0.03763318151670872,18.00859128472572,30.45738074715673,20.65806355416116,,20.918457100812674,20.15,19.381542899187323,15723893.0,15664530.2,0.8897241923485488,19.7266111734099
2026-05-11,2816,30.6,30.75,30.2,30.55,149330.0,4556086.0,30.21,30.214999999999996,30.579999999999995,30.15083333333333,29.175,27.825833333333332,61.11111111111105,52.50000000000003,-0.09856926535886856,-0.06857381925844533,-0.029995446100423234,27.769698747049095,15.992197554307857,15.463605955342267,,31.696102240176476,30.579999999999995,29.463897759823514,132826.0,171241.8,1.1242527818348818,30.510185495211946
2026-05-11,2820,16.9,17.1,16.9,17.1,2477260.0,42186815.0,16.9,16.895000000000003,16.98,16.815,16.746666666666666,16.176041666666666,87.50000000000055,47.82608695652185,0.0018601435908998099,0.005509141434693691,-0.0036489978437938813,26.712390612597474,12.891650272021552,15.649245518706138,,17.279824510075496,16.98,16.680175489924505,1805179.0,1431397.4,1.3723071230055301,17.029627491664176
2026-05-11,2832,54.1,54.5,53.2,53.6,338858.0,18182459.0,52.879999999999995,52.36,51.105,49.2225,47.68166666666666,40.333333333333336,84.21052631578961,69.23076923076923,1.244420802782244,1.040057643797303,0.20436315898494106,45.39657342732808,9.008693068236836,41.465162309005386,,54.625002990430495,51.105,47.5849970095695,214201.8,266313.4,1.5819568276270322,53.65804850409316
2026-05-11,2834,16.25,16.3,16.1,16.15,36139965.0,585362799.0,16.18,16.235,16.19,15.653333333333334,15.692083333333333,15.431875,30.0,29.729729729729826,0.1681166058455439,0.2113167404480436,-0.04320013460249972,24.083407197892946,20.387585285334453,24.91985797511748,,16.98511667465599,16.19,15.39488332534401,37205356.2,37164429.8,0.9713645746522915,16.197104756465592
2026-05-11,2836,11.85,11.9,11.85,11.85,1309911.0,15556445.0,11.89,11.875,11.9925,12.134166666666665,12.161666666666667,11.982083333333332,50.0,31.2499999999999,-0.0803619874627799,-0.07974494420186963,-0.0006170432609102633,13.914116742321822,20.432059317711428,17.98887370825181,,12.314132349773908,11.9925,11.670867650226091,849096.4,1821977.75,1.5427117580524425,11.875955694699869
2026-05-11,2838,20.55,20.85,20.5,20.75,1898883.0,39329039.0,20.6,20.35,20.53,19.991666666666667,19.632916666666667,18.422916666666666,85.71428571428581,47.72727272727269,0.044178465591727445,0.031476192030015615,0.01270227356171183,23.320330641610354,19.95785637458262,12.715571204043881,,21.308933143540315,20.53,19.751066856459687,1626192.2,1695532.15,1.1676866977962383,20.711670492600124
2026-05-11,2845,12.2,12.25,12.15,12.2,12464838.0,151808044.0,12.22,12.245000000000001,12.4025,12.471666666666666,12.569583333333332,12.791458333333333,33.33333333333333,21.428571428571445,-0.08879619011930195,-0.0687588676013201,-0.020037322517981848,13.542833186122188,22.44935381688103,20.73160793740506,,12.774514430959465,12.4025,12.030485569040534,9148539.0,7888641.6,1.3624949295182542,12.178902284971533
2026-05-11,2849,14.1,14.1,13.85,13.85,86547.0,1205902.0,13.91,13.834999999999999,13.852499999999997,13.455833333333334,13.357083333333334,13.372916666666667,64.28571428571425,41.66666666666665,0.1256726844389533,0.1321456245241302,-0.006472940085176904,26.420651387395516,18.063297663028223,18.544797890182696,,14.2370366316135,13.852499999999997,13.467963368386494,128102.4,127894.5,0.6756079511390888,13.933492784267507
2026-05-11,2850,133.0,136.5,132.0,136.0,321225.0,43369597.0,132.4,130.2,127.35,119.71666666666667,118.15833333333333,111.79458333333334,66.66666666666666,76.08695652173913,3.6161572458621976,2.964711835628622,0.6514454102335754,39.89068990729592,10.724087487564525,44.03808194238177,,135.25802390646916,127.35,119.44197609353083,276101.4,373370.3,1.1634312611236306,135.0131434352868
2026-05-11,2851,31.4,32.1,31.35,31.55,3020906.0,95984523.0,31.18,30.77,30.577500000000004,29.233333333333334,27.353333333333335,25.865625,88.88888888888877,74.99999999999997,0.3698696047501464,0.3099050184172801,0.05996458633286633,37.90143398614423,15.09790840657495,22.96724820061851,,31.992634362227943,30.577500000000004,29.162365637772066,2317051.6,2205040.4,1.3037715690060592,31.773422608978894
2026-05-11,2852,26.15,26.3,26.1,26.1,452498.0,11839302.0,26.080000000000002,26.080000000000002,26.139999999999997,26.509166666666665,26.881666666666668,27.05979166666667,50.0,50.0,-0.05787055214948822,-0.08016047081463078,0.022289918665142558,18.086441174478043,18.467064144072527,13.275689331058478,,26.34157276340658,26.139999999999997,25.938427236593412,276215.0,299770.9,1.6382093658925112,26.16431895831584
2026-05-11,2855,40.7,44.0,40.7,43.7,20966805.0,910750928.0,40.3,38.095,35.5875,32.245,28.228749999999998,24.949583333333333,98.79518072289154,94.21487603305783,2.4232847637725854,1.7190057161133736,0.7042790476592118,52.25066232763641,6.982927360094596,42.43736925918346,,42.1759168691808,35.5875,28.999083130819198,13611343.4,8934762.2,1.5403920380114722,43.437754488583266
2026-05-11,2867,7.84,7.87,7.8,7.82,7612756.0,59664201.0,7.752000000000001,7.756,7.806,7.840833333333333,,,64.10256410256416,45.94594594594611,-0.010124307901500984,-0.011840142100069334,0.0017158341985683504,27.044082322576568,20.68929388980881,11.750282107434094,,8.002966467891518,7.806,7.609033532108483,7918446.2,9211294.6,0.9613951787662585,7.837398308838481
2026-05-11,2880,33.4,33.45,33.15,33.25,13827593.0,460579499.0,33.04,33.05,34.214999999999996,34.111666666666665,32.086666666666666,29.98604166666667,96.15384615384636,26.54867256637168,-0.3817074965490761,-0.2364660631288544,-0.1452414334202217,21.507844408809497,25.364344747733718,17.858371788758916,,37.05588570325287,34.214999999999996,31.37411429674712,17506047.4,21212146.25,0.789875217634793,33.30872545930445
2026-05-11,2881,96.7,96.7,95.5,95.5,22797950.0,2192230185.0,94.34,92.05,89.875,90.29166666666667,91.46333333333334,87.74083333333333,84.81012658227846,79.02097902097901,1.5762352703763014,0.663299429184688,0.9129358411916134,37.06941536170507,11.629856050730043,27.474339707948655,,95.89037503752722,89.875,83.85962496247278,33173568.8,27047573.3,0.6872323607220697,96.15909259385164
2026-05-11,2882,79.6,79.6,78.4,78.4,21997102.0,1731602638.0,78.66,77.45,75.85,74.76333333333332,71.17583333333333,66.68625,59.37500000000003,62.83783783783787,1.4691594646991035,1.0983762038167448,0.3707832608823587,30.662005136814248,16.009876374924303,23.4483011394682,,80.36500422567882,75.85,71.33499577432117,28613688.8,31168228.8,0.7687614887319246,78.71958033380943
2026-05-11,2883,22.9,23.1,22.8,22.8,41098922.0,942862958.0,22.43,21.854999999999997,21.305,20.154166666666665,18.153750000000002,16.99833333333333,88.2352941176471,73.8095238095238,0.6187867484523366,0.4593477115619684,0.1594390368903682,39.24770371184367,11.524875051746045,30.373532944003838,,22.8827732476668,21.305,19.7272267523332,60685357.0,49712997.0,0.6772461106226993,22.941306295089685
2026-05-11,2884,32.5,32.55,32.3,32.3,28821923.0,933224084.0,32.059999999999995,32.085,32.407500000000006,32.8875,,,61.53846153846141,42.25352112676047,-0.15520125296286125,-0.16063589877952955,0.005434645816668304,22.342466386727043,21.782978059708423,11.548622695126982,,33.3938676052222,32.407500000000006,31.421132394777814,37503968.8,37435001.5,0.7685032790449634,32.37896666367473
2026-05-11,2885,56.7,57.4,55.8,56.5,25216829.0,1425482373.0,56.14,54.129999999999995,52.1025,47.1175,41.6825,37.090625,97.77777777777774,81.54761904761907,2.500801319817036,2.119710596301942,0.381090723515094,37.36334320066288,9.379701035764828,47.946563693252074,,57.4534935132595,52.1025,46.751506486740496,27742619.6,27626016.25,0.9089563049049628,56.52900977359207
2026-05-11,2886,40.2,40.5,40.0,40.1,20510621.0,824628419.0,39.720000000000006,39.675,39.62,39.47,40.105000000000004,40.38854166666667,85.71428571428557,54.43037974683546,0.10142743627618955,0.05436950460236423,0.047057931673825326,22.9798999027347,17.214463284159002,11.115519139451528,,40.33847792333211,39.62,38.90152207666789,18166960.8,24408778.05,1.1290067296231519,40.204946451889484
2026-05-11,2887,23.85,23.9,23.45,23.45,98201596.0,2314913194.0,23.78,23.845,24.035,23.9575,21.6425,19.143124999999998,37.03703703703699,38.57142857142855,-0.09831314897658316,-0.034608915971875896,-0.06370423300470726,16.58525689874026,24.604349924612336,10.454292238095432,,24.78058348750682,24.035,23.28941651249318,105774406.4,76727054.55,0.9284060231795354,23.573070991636428
2026-05-11,2889,14.7,14.85,14.6,14.75,4585846.0,67533095.0,14.6,14.6,14.857499999999998,15.8025,15.892916666666668,15.000625000000001,77.77777777777783,36.111111111111114,-0.2860407854943343,-0.32529419620996336,0.039253410715629045,19.91104509783158,29.68107964251337,25.308981679037775,,15.504985013035373,14.857499999999998,14.210014986964623,2904993.8,3431253.65,1.5786078441888587,14.726420163258862
2026-05-11,2890,31.0,31.05,30.6,30.6,33938928.0,1045120680.0,30.830000000000002,31.119999999999997,31.7625,31.219166666666663,29.13125,26.516875000000002,37.93103448275869,29.48717948717946,-0.26974740174706824,-0.10310039135877062,-0.1666470103882976,14.033121840338783,25.498665399002896,20.508805793088744,,33.572959377587985,31.7625,29.952040622412014,31556478.4,28208432.3,1.0754979554372581,30.794157081213644
2026-05-11,2891,56.0,56.0,54.7,55.3,50449302.0,2784772363.0,55.220000000000006,54.04,53.565,52.748333333333335,48.56166666666666,45.16333333333333,78.84615384615384,62.7906976744186,0.6497015044087249,0.37743333746974406,0.2722681669389808,28.65413276347532,13.715732070761726,29.26938018754629,,55.86856702803373,53.565,51.261432971966265,61788019.6,50245772.25,0.8164900303747556,55.19942303661605
2026-05-11,2892,29.5,29.75,29.25,29.55,38170656.0,1128258327.0,29.080000000000002,28.77,28.7,28.875833333333336,28.789583333333333,28.454374999999995,68.4210526315789,59.42028985507248,0.11467550246215552,-0.013975240477078271,0.1286507429392338,28.73321995625225,12.04606738291536,15.96292412609871,,29.47119183223483,28.7,27.92880816776517,39860775.6,29153323.55,0.9575994301525833,29.55826399734917
2026-05-11,2897,10.1,10.35,10.1,10.25,6640801.0,67951221.0,10.14,10.120000000000001,10.182500000000001,9.829500000000001,9.459333333333332,9.349041666666666,71.4285714285715,46.666666666666615,0.04671672899375956,0.06086636245708587,-0.01414963346332631,23.562145491249424,15.041235488067517,20.10518476654861,,10.400806882018836,10.182500000000001,9.964193117981166,3280007.4,3583537.45,2.0246298834569703,10.232383262199846
2026-05-11,2901,23.45,23.85,23.4,23.45,22734.0,535115.0,23.82,23.86,23.634999999999998,23.91583333333333,,,41.79104477611937,49.12280701754384,0.02482929257302402,0.0029127460746678955,0.021916546498356126,25.09770598767892,15.761566910406765,25.67452813900049,,24.68486214633877,23.634999999999998,22.585137853661227,20891.2,45776.5,1.0882093895994485,23.538092724553533
2026-05-11,2903,22.25,22.3,22.15,22.25,1774837.0,39404487.0,22.3,22.275,22.5,22.685833333333335,22.63,22.407291666666666,53.84615384615389,32.258064516129096,-0.16502388406219382,-0.15006331256328412,-0.014960571498909697,13.02070709437681,19.921524630044864,18.970652351841515,,23.147261437458788,22.5,21.852738562541212,1729213.4,2067383.35,1.0263840194622595,22.20174979448817
2026-05-11,2904,15.8,15.8,15.6,15.65,119089.0,1867215.0,15.919999999999998,16.09,16.345,16.7875,16.9725,17.407916666666665,0.0,11.53846153846169,-0.25431239829494956,-0.19929785400454753,-0.055014544290402034,14.20478709521224,25.409630563099395,20.03451701913848,,17.00983080554359,16.345,15.680169194456406,106915.2,77248.5,1.113864071712909,15.67915592540033
2026-05-11,2905,13.65,13.7,13.3,13.35,648692.0,8714282.0,13.49,13.604999999999999,14.002500000000001,14.755,,,31.578947368421083,25.000000000000014,-0.3423693801133183,-0.3155138605498013,-0.026855519563517005,15.031080945930835,31.268428490030036,31.157937453722496,,14.948669563083394,14.002500000000001,13.056330436916609,558993.4,790493.1,1.1604645063787873,13.433620269711975
2026-05-11,2906,12.4,12.5,12.3,12.35,192779.0,2390346.0,12.42,12.395,12.645,12.683333333333334,13.041666666666666,14.145416666666666,42.85714285714278,27.9999999999999,-0.1314393803288798,-0.10854139391242396,-0.02289798641645585,14.52634642345888,24.773097074485875,22.13197506610743,,13.213377191290967,12.645,12.076622808709033,144570.2,131619.25,1.3334629128271247,12.399410724197137
2026-05-11,2908,20.95,20.95,20.75,20.95,311324.0,6501441.0,20.79,20.73,20.5,20.31,20.305416666666666,20.201874999999998,75.00000000000014,61.90476190476189,0.17662610485475128,0.13239158431284098,0.044234520541910294,28.853878532304506,9.138112217370765,32.324523679316236,,21.065685424949304,20.5,19.934314575050696,245814.6,239529.7,1.2664992233984473,20.883198853927098
2026-05-11,2910,22.85,22.85,22.25,22.3,9010.0,203427.0,22.35,22.12,22.2675,21.645,,,68.4210526315789,44.303797468354446,0.18057276320808668,0.1635945452157438,0.016978217992342892,31.883579541975998,20.735161906785887,25.142289237259106,,23.194450291064882,22.2675,21.340549708935114,14125.2,17885.9,0.6378670744485033,22.577913429522752
2026-05-11,2911,5.0,5.11,4.92,4.97,114810.0,571634.0,5.042,5.207,5.112,,,,29.032258064516242,47.247706422018354,-0.0041137375913837815,0.0185075947002328,-0.022621332291616583,22.379532624088043,31.90027779992598,15.57547889836867,,5.558016284810014,5.112,4.665983715189986,95788.8,223506.8,1.1985743635999198,4.978956536887031
2026-05-11,2912,231.5,231.5,226.0,227.5,2356962.0,537067591.0,227.8,226.3,229.7,222.775,229.15,243.26666666666668,61.29032258064516,34.78260869565217,0.5209193658206175,0.9443711613083222,-0.42345179548770473,26.9044516364129,21.647626158076786,16.668658565380944,,239.98744764008012,229.7,219.41255235991986,2489492.2,2648488.3,0.9467641633904295,227.8643401972539
2026-05-11,2913,11.2,11.4,11.15,11.3,1300208.0,14646645.0,11.22,11.23,11.58,12.309166666666666,13.075,14.210625,54.54545454545457,32.35294117647065,-0.2983781166591868,-0.31014999130013865,0.011771874640951863,17.039477971841837,22.947612633491453,21.737338964232986,,12.455033833932362,11.58,10.704966166067639,1865151.4,2169738.45,0.6971058756945951,11.2648476243801
2026-05-11,2915,43.5,43.7,43.3,43.65,1113965.0,48510701.0,43.47,43.864999999999995,44.5775,48.28333333333333,51.115833333333335,52.10729166666667,32.142857142857125,41.6666666666667,-1.1941637987518234,-1.2835238673098237,0.08936006855800027,13.123181609370738,30.84048778824543,49.23611827590241,,46.638280383607515,44.5775,42.516719616392486,2126426.0,2651058.6,0.5238672777703056,43.54777843109972
2026-05-11,2916,46.5,47.1,46.45,46.75,58665.0,2735996.0,45.08,45.22,45.535,46.6075,46.70375,46.751875,69.01408450704226,69.01408450704226,-0.428560106270929,-0.509896754906493,0.081336648635564,29.365604163908287,17.364452524318075,36.25020966016936,,46.81443243995962,45.535,44.255567560040376,112018.0,90637.5,0.5237104751022157,46.637620386942814
2026-05-11,2923,27.4,29.0,27.35,27.85,93097.0,2639066.0,26.0,24.11,24.7175,21.58833333333333,20.988333333333333,21.893958333333334,94.40559440559443,48.51485148514852,1.3211465247638685,0.9961036867068755,0.32504283805699297,42.558061810694994,15.22020491276496,26.421568819764058,,29.860433322326266,24.7175,19.574566677673737,126987.0,135105.9,0.7331222881082315,28.347487029657238
2026-05-11,2924,,,,,31.0,506.0,,,,,,,50.0,50.0,0.39226956767338095,0.3865484362074769,0.005721131465904028,11.187983378586797,7.305340324586964,24.612413867360527,,,,,,,,16.322580645161292
2026-05-11,2926,35.4,36.0,35.4,35.95,16154.0,576710.0,37.00000000000001,37.230000000000004,37.150000000000006,37.48166666666667,37.64083333333333,37.720416666666665,20.0000000000001,20.0000000000001,-0.14203327799819476,-0.04791812728112545,-0.09411515071706932,6.886067124758837,38.39487757079666,39.6956477250636,,38.41449490644329,37.150000000000006,35.88550509355672,16692.2,48362.3,0.9677573956698338,35.700755230902566
2026-05-11,2929,5.52,5.65,5.5,5.51,295428.0,1628882.0,5.58,5.62,5.8645,6.675166666666667,7.49575,8.603541666666667,45.312499999999964,25.61983471074383,-0.25639018414974046,-0.2615332121057486,0.005143027956008128,13.707906539179154,29.27210252961649,39.303331682692175,,6.428525941918426,5.8645,5.300474058081573,300603.6,307839.3,0.9827826413256529,5.5136344557726416
2026-05-11,2937,45.8,46.2,44.3,46.2,17071.0,774349.0,44.04,43.894999999999996,44.16,,,,91.52542372881356,91.52542372881356,-0.24743858156564613,-0.4079455232850587,0.16050694171941254,28.812367904269216,28.59202432459852,43.96657405632275,,45.74963749591566,44.16,42.570362504084336,11078.8,5594.7,1.5408708524388923,45.3604944057173
2026-05-11,2939,25.0,25.0,24.65,24.7,45002.0,1121248.0,24.8,24.98,25.065,24.346666666666668,,,16.666666666666373,18.03278688524584,-0.08486924460681422,0.02007821404378067,-0.10494745865059489,19.47412554314832,25.434484120737917,10.478288999708981,,26.12484110030492,25.065,24.005158899695083,17161.8,20147.6,2.6222191145450946,24.915514866005957
2026-05-11,2941,31.05,32.95,30.85,32.9,15003.0,474300.0,30.580000000000002,30.55,31.7,,,,79.99999999999999,79.99999999999997,-1.7078358867652348,-2.0455048721899685,0.33766898542473367,35.58998232962747,28.405565749089305,37.10875502027273,,36.02081863588492,31.7,27.37918136411508,13206.4,7822.2,1.1360401017688393,31.61367726454709
2026-05-11,2945,41.45,41.5,40.6,41.2,31572.0,1303910.0,41.1,41.235,41.572500000000005,41.34833333333333,,,51.85185185185201,42.8571428571429,-0.016898030202618486,0.05887009963814102,-0.07576812984075951,16.25579199252928,20.849997299994314,16.19579490036324,,42.58061183590128,41.572500000000005,40.56438816409873,23517.6,21483.7,1.3424839269313196,41.299569238565816
2026-05-11,2947,78.5,78.5,78.5,78.5,3382.0,265427.0,78.62,78.36,78.19999999999999,,,,66.66666666666666,66.66666666666666,-0.0019278893992265012,-0.11707145539518407,0.11514356599595757,15.886154233878285,18.342194779557495,15.933973815126654,,78.71910854761816,78.19999999999999,77.68089145238181,7874.0,16844.5,0.42951485902971803,78.48225901833234
2026-05-11,2948,37.0,39.45,37.0,39.45,5803.0,219483.0,,,,,,,100.0,100.0,-0.3030195786901402,-0.40522242799948854,0.10220284930934836,10.911773567908162,13.372528027055447,22.291107859075066,,,,,,,,37.82233327589178
2026-05-11,2949,58.5,63.0,58.5,61.2,43086.0,2664546.0,,,,,,,78.78787878787877,78.78787878787877,-1.3436460037439275,-1.8070073306156822,0.4633613268717547,26.865512524898556,13.0339484903251,52.86731117045419,,,,,,,,61.84250104442278
2026-05-11,3002,17.65,17.85,17.65,17.7,184880.0,3278235.0,18.07,18.1,18.5425,20.015833333333333,22.263333333333332,18.407083333333333,37.03703703703699,25.423728813559336,-0.506580305551342,-0.5156074003249813,0.009027094773639277,16.603327800358457,27.05644432177895,15.573512945416743,,19.596951715846682,18.5425,17.48804828415332,201294.6,217865.85,0.9184548418089705,17.731690826482044
2026-05-11,3003,56.4,59.3,56.0,59.1,2446931.0,142356681.0,56.42,55.55,55.035000000000004,51.251666666666665,50.0275,51.090833333333336,94.00000000000004,66.10169491525427,1.485015824471617,1.3070435961460767,0.17797222832554027,25.330808371122398,13.633644378954676,18.334615364361945,,57.55337458022316,55.035000000000004,52.516625419776844,1054756.0,1016317.2,2.3199024229300425,58.177644159152834
2026-05-11,3004,118.5,118.5,113.0,114.5,453097.0,51954536.0,119.7,118.15,117.025,112.04333333333334,110.77333333333333,117.985,45.45454545454546,45.0,2.038493010821014,2.3609926013984874,-0.32249959057747324,20.292308683977982,16.422801753938174,21.748288648126533,,122.61140266512062,117.025,111.43859733487939,912318.6,556174.95,0.49664338751835163,114.66537187401373
2026-05-11,3005,98.7,99.8,97.5,99.8,2761284.0,272253476.0,98.55999999999999,98.14,98.54499999999999,109.34500000000001,119.65583333333333,122.67583333333332,68.96551724137935,47.651006711409394,-2.483358162226196,-3.328256521461044,0.8448983592348478,18.499007113075642,27.893288546605227,29.527169491312204,,101.26914158377502,98.54499999999999,95.82085841622495,2914801.0,4266454.3,0.9473319104803382,98.59669487093686
2026-05-11,3006,214.0,222.0,211.5,222.0,26736471.0,5817519189.0,200.5,187.25,172.375,166.90833333333333,126.75500000000001,91.125625,94.11764705882354,76.57992565055761,11.753687417616646,6.438663144577916,5.3150242730387305,36.40977124771711,10.193928749051041,29.19369654722495,,211.7983099627761,172.375,132.9516900372239,35725622.8,24390832.85,0.7483836223003508,217.58739921210994
2026-05-11,3008,2600.0,2600.0,2525.0,2545.0,865599.0,2205185180.0,2551.0,2563.5,2596.25,2417.9166666666665,2317.7083333333335,2307.6458333333335,57.5,37.956204379562045,40.8669300472875,53.96698480806705,-13.100054760779557,26.51170077835302,18.791924760792288,19.77200810177492,,2794.5553201505195,2596.25,2397.9446798494805,1138655.4,2019919.75,0.760193997235687,2547.582864582792
2026-05-11,3010,136.0,137.5,134.0,136.0,1511930.0,204968071.0,134.8,134.3,134.875,127.49166666666666,115.07333333333332,106.10708333333334,64.0,55.0,1.8614030878771644,2.314581671578635,-0.45317858370147057,26.772969266209323,18.204460730307456,22.194672782744668,,139.7294607809417,134.875,130.0205392190583,1326704.0,1761832.05,1.1396136591131103,135.56716977637853
2026-05-11,3011,13.6,13.85,13.3,13.75,600583.0,8228477.0,13.690000000000001,13.705000000000002,13.635000000000002,13.184166666666668,13.522499999999999,13.65,39.28571428571428,52.06611570247934,0.19788789926577977,0.24140868963071263,-0.043520790364932865,22.889850262868936,16.670970594396653,19.923701282213006,,14.801235509302602,13.635000000000002,12.468764490697401,959106.4,1621313.6,0.6261901703502343,13.700815707404306
2026-05-11,3013,111.5,115.0,110.0,112.0,6560975.0,736361246.0,108.0,108.75,108.925,106.66333333333334,116.98166666666667,115.91666666666667,75.86206896551724,50.0,0.8347605762283905,1.034047401107661,-0.19928682487927052,25.899222628750113,14.09776820515576,20.102210230479418,,117.71060425385024,108.925,100.13939574614976,3803220.4,5166175.0,1.7251103827692973,112.23350889159005
2026-05-11,3014,139.0,139.0,136.0,139.0,3516248.0,485151525.0,133.9,129.25,126.225,121.15833333333333,122.25,127.5125,94.11764705882354,74.60317460317461,4.00501457056987,2.7190146574166376,1.285999913153232,41.35233494394831,8.500237780216153,31.324624496897158,,136.65509310146612,126.225,115.79490689853387,3860111.4,1867679.9,0.9109187885095752,137.97420574430473
2026-05-11,3015,50.8,51.1,50.0,51.1,296428.0,14992945.0,51.1,50.61,50.714999999999996,51.690000000000005,53.37166666666667,54.49979166666667,67.44186046511629,50.60240963855423,-0.062068402458656635,-0.19160457497986774,0.1295361725212111,14.968410571234477,21.13852279982271,11.49194481465465,,51.91020973715448,50.714999999999996,49.51979026284551,413932.6,330240.95,0.7161262485728354,50.57870713967641
2026-05-11,3016,121.0,128.5,119.0,128.5,5497642.0,687490980.0,117.3,99.80999999999999,82.685,67.24166666666666,60.14625,48.25750000000001,96.41148325358851,86.99763593380615,15.827908790069856,10.453236038594673,5.374672751475183,55.00362583944529,5.764828552584473,50.60608015255548,,128.67192148174746,82.685,36.698078518252544,8344756.0,6873530.8,0.6588139904869598,125.05197319141551
2026-05-11,3017,2485.0,2590.0,2455.0,2555.0,6204661.0,15814319510.0,2511.0,2672.5,2588.75,2052.5,1701.8333333333333,1242.6791666666666,28.787878787878796,52.38095238095237,114.63260786162573,172.59389089938534,-57.961283037759614,25.308915518401694,21.548561324505712,35.83308591753982,,3026.060861371753,2588.75,2151.439138628247,8669459.4,5533744.25,0.7156917996524673,2548.7805876904476
2026-05-11,3018,10.15,10.7,10.15,10.7,17993.0,187744.0,10.469999999999999,,,,,,49.99999999999968,43.33333333333308,-0.31767811758674824,-0.3402342527423556,0.022556135155607338,33.10677842145191,29.37076708104252,19.955385341890917,,,,,35868.4,39711.25,0.5016393259805288,10.434279997776914
2026-05-11,3019,144.5,148.0,142.5,146.5,7438977.0,1085068092.0,143.9,142.95,136.5,138.29166666666666,140.66666666666666,141.69375,100.0,72.0,3.650530537400499,2.463219371052787,1.1873111663477118,24.839447136870206,17.968986203592753,15.98834696092421,,151.07828233330295,136.5,121.92171766669703,6487962.4,7501419.65,1.1465813981905937,145.86254158333867
2026-05-11,3021,16.35,16.65,16.3,16.4,95580.0,1574453.0,16.32,16.479999999999997,16.51,16.767500000000002,17.151666666666664,17.535208333333333,24.999999999999943,51.94805194805194,-0.022176248106557495,-0.014617082187263557,-0.0075591659192939375,22.26850196573926,17.36641127505643,12.7780712561713,,17.071576727662354,16.51,15.94842327233765,203946.4,189613.6,0.4686525479243566,16.47261979493618
2026-05-11,3022,67.9,69.3,66.7,69.0,2658527.0,181525961.0,73.4,71.34,70.25,65.32333333333334,66.11333333333333,71.19458333333334,50.0,45.95959595959597,2.041402307167033,2.024611235053783,0.01679107211325004,25.761705105042697,29.23599590610963,24.626285595768206,,75.19921578051553,70.25,65.30078421948447,1907025.4,1222973.0,1.394070052763849,68.28065353483339
2026-05-11,3023,302.0,302.5,293.0,302.0,1522335.0,453106415.0,301.8,291.55,285.0,255.725,235.425,231.06875,76.81159420289855,64.15094339622641,11.432973838079306,10.296972585071874,1.1360012530074322,31.729299714010416,21.85365565675565,19.4625380849242,,308.83495884531254,285.0,261.16504115468746,2980033.8,2436174.4,0.5108448769943482,297.6390971763771
2026-05-11,3024,14.35,14.85,14.25,14.55,3765134.0,54799065.0,14.209999999999999,13.735,12.8,11.210333333333333,11.251333333333333,12.541708333333334,86.27450980392159,71.42857142857142,0.938745982135428,0.8312812041129665,0.10746477802246157,39.96919137280083,11.040910498291343,39.63105056218368,,15.975896060873747,12.8,9.624103939126254,5084441.2,4732991.5,0.7405207085490535,14.554346538529572
2026-05-11,3025,63.6,63.6,62.5,62.8,590233.0,37132073.0,63.48,62.129999999999995,62.595000000000006,62.58666666666667,56.72208333333334,53.079791666666665,69.56521739130429,44.736842105263136,0.36563790745373126,0.2591365153069256,0.10650139214680565,25.120209311719787,18.98123294375489,14.408493516172804,,65.99250682583185,62.595000000000006,59.19749317416815,926744.2,736993.2,0.6368887984408211,62.91087248595046
2026-05-11,3026,329.0,351.5,311.0,329.5,31292625.0,10474827989.0,296.2,260.75,246.175,162.58333333333334,134.08166666666668,108.645,99.57627118644068,71.55756207674943,36.29272728521008,28.919631217149256,7.373096068060821,54.065912223534454,9.734681815636046,55.330389482284694,,317.16964397885334,246.175,175.18035602114668,19559355.2,10855600.05,1.5998801944145888,334.7379131344846
2026-05-11,3027,18.8,18.8,18.2,18.3,455162.0,8334477.0,18.84,18.555,18.945,21.185833333333335,22.41166666666667,26.474375,44.82758620689655,40.45801526717557,-0.43875301900202857,-0.5462423537944162,0.10748933479238765,18.240147058989002,28.68032901889745,23.391222579112444,,20.147584935177463,18.945,17.742415064822538,448896.4,429891.8,1.0139577862509033,18.31101234285815
2026-05-11,3028,81.5,84.4,75.3,75.5,14230259.0,1105448116.0,75.47999999999999,72.51,67.36,55.785,45.81541666666667,39.182916666666664,71.42857142857144,71.51515151515152,5.54431487604171,4.759922031650447,0.7843928443912631,40.166243951276215,8.16740354970445,43.07186369818616,,79.44259295977467,67.36,55.27740704022532,9254710.4,7458749.25,1.5376233706891573,77.68292312880602
2026-05-11,3029,99.0,99.8,98.1,99.1,847084.0,83984590.0,100.17999999999999,98.9,97.945,105.06833333333334,109.44666666666666,113.70875,23.636363636363583,57.56097560975608,-0.5464704739555515,-1.2648281481613268,0.7183576742057753,21.92961026950389,19.723013397619944,18.87874936075802,,102.75265836424788,97.945,93.13734163575211,1448179.8,1491326.55,0.5849301309133024,99.14552748015545
2026-05-11,3030,397.5,398.0,386.0,397.0,1706534.0,669742863.0,406.2,373.5,349.1,266.19166666666666,213.83333333333334,180.22583333333333,74.22222222222223,63.15789473684211,35.089765719742445,31.433619737993535,3.65614598174891,39.659354846637115,16.775165887387136,46.834381532912715,,426.72704357849096,349.1,271.4729564215091,6130379.2,7631025.0,0.27837331824432654,392.45796626378376
2026-05-11,3031,30.0,31.15,29.55,30.0,2498345.0,75648198.0,30.4,31.47,31.552500000000002,24.7675,22.436666666666664,20.461875,19.607843137254903,47.34693877551021,1.2968331203513017,1.9240078067209407,-0.627174686369639,22.22162351484093,20.79978349469488,30.57455046436729,,33.9519462080367,31.552500000000002,29.1530537919633,2648871.2,9798051.65,0.9431734544133364,30.279324112562517
2026-05-11,3032,71.0,77.7,70.7,77.7,4040512.0,306866276.0,70.52000000000001,66.85,64.68,67.17333333333333,77.05916666666667,,91.51515151515153,85.16949152542375,1.7265268231904827,0.13166684891727354,1.5948599742732092,36.72505504684144,6.998528039396339,24.679451571780447,,73.13062439300013,64.68,56.229375606999874,2255762.6,1014401.55,1.7911955805987738,75.94737399616682
2026-05-11,3033,44.6,45.5,43.55,44.0,16760650.0,741945919.0,42.339999999999996,39.305,36.934999999999995,33.41,31.69541666666667,31.776666666666667,100.0,91.26637554585153,2.5818901638216403,1.7083919543674848,0.8734982094541555,46.00308210707439,10.105556348903788,32.49176935796395,,43.87747794378913,36.934999999999995,29.992522056210863,28055609.2,12020393.9,0.5974081646389628,44.267132778263374
2026-05-11,3034,500.0,503.0,486.0,496.5,14732079.0,7304655151.0,461.8,437.1,424.15,395.94166666666666,394.7,439.1020833333333,98.34254143646409,76.03833865814697,20.339139990640092,12.30206582899249,8.037074161647602,48.75489289240615,7.665321444035107,35.53532970187306,,480.9285170641109,424.15,367.37148293588905,10690351.0,6018683.55,1.3780725254016448,495.83328673434346
2026-05-11,3035,182.0,195.5,182.0,195.5,25421544.0,4894017586.0,182.6,178.15,171.775,162.825,165.79166666666666,169.21875,89.85507246376812,61.93181818181818,7.131112020861821,5.648611518503083,1.4825005023587376,34.29913773679038,19.004779984277356,22.41162063809689,,197.55641925781708,171.775,145.99358074218293,16307331.0,15646959.9,1.5589028026720007,192.51456898133333
2026-05-11,3036,264.5,264.5,248.0,264.5,22384053.0,5897938321.0,229.4,217.25,218.775,204.75833333333333,173.64583333333334,,97.63779527559055,74.86910994764398,4.845612252070964,0.7073796442210677,4.138232607849896,43.3619834986089,13.560770363672612,22.6186525030455,,250.97090526432257,218.775,186.57909473567744,13407057.6,9316661.55,1.66957237507505,263.48840046974516
2026-05-11,3037,830.0,889.0,822.0,861.0,28324275.0,24465278249.0,867.2,859.7,767.4,554.7916666666666,368.85833333333335,243.98041666666668,45.416666666666664,67.69825918762089,86.6851976445389,89.08983962587008,-2.4046419813311815,33.78476318881421,21.594092968647324,35.132467574651365,,980.6213083061583,767.4,554.1786916938416,32808671.8,22693199.3,0.8633167222575587,863.756556840378
2026-05-11,3038,22.8,22.85,22.4,22.5,484391.0,10924889.0,23.020000000000003,22.965,22.9375,22.559166666666666,21.922083333333333,22.19875,34.61538461538471,34.32835820895524,0.25162859398593085,0.2961823307755963,-0.044553736789665455,22.962313681423943,24.030198897628285,21.772078699803433,,24.190653915862892,22.9375,21.684346084137108,425414.2,605454.9,1.1386338302764694,22.55386454331315
2026-05-11,3040,40.9,40.9,40.0,40.0,203449.0,8234464.0,41.85,42.81,44.4,46.05916666666666,52.72041666666667,54.692083333333336,14.814814814814838,31.651376146789005,-1.6528403208269182,-1.2160304838078568,-0.4368098370190614,15.018793326447192,36.69665427178927,21.693741603251258,,48.49093992545484,44.4,40.30906007454516,168759.0,181725.05,1.2055594072019862,40.47434000658642
2026-05-11,3041,24.5,25.25,24.2,24.7,1549456.0,38244326.0,24.520000000000003,24.055,23.6275,24.052500000000002,25.422083333333333,25.850624999999997,77.27272727272727,61.702127659574465,0.35843688520300887,0.21540572599736738,0.1430311592056415,19.443525095472182,13.492140213490364,18.22034267950903,,25.68291006281427,23.6275,21.572089937185734,2015330.4,2159917.0,0.7688347280426079,24.68242144339691
2026-05-11,3042,150.0,159.0,140.5,155.5,17011547.0,2587135473.0,157.7,155.45,151.85,111.65333333333334,98.77666666666667,93.72666666666667,52.42718446601941,44.554455445544555,12.343205016908513,14.061046346364515,-1.717841329456002,24.598670518657354,25.70264595177052,33.945490986010206,,176.37302891912935,151.85,127.32697108087063,15697989.8,11461044.45,1.0836767775196285,152.08114070989546
2026-05-11,3043,20.25,20.65,20.0,20.15,150030.0,3023252.0,20.110000000000003,20.32,20.48,21.166666666666668,21.699583333333333,23.032708333333336,36.00000000000002,47.10743801652892,-0.12483162375584556,-0.07312263018720448,-0.05170899356864107,26.151638772533342,19.85424874643886,15.574690300779682,,22.236311925299336,20.48,18.723688074700664,155491.4,168897.8,0.9648765140708747,20.150983136705992
2026-05-11,3044,495.0,508.0,477.0,489.5,5209348.0,2537427640.0,488.6,474.9,449.4,397.51666666666665,355.84166666666664,302.34166666666664,75.9493670886076,70.1058201058201,28.547457496031598,26.77550624942098,1.771951246610616,32.54126947810726,12.036383784834245,40.729596269763206,,525.5947642903564,449.4,373.20523570964366,5418833.4,6069322.45,0.9613412362889768,487.0912137181083
2026-05-11,3045,110.0,110.5,109.5,110.0,7510510.0,826969818.0,110.1,110.75,111.25,108.81666666666666,108.67083333333333,109.81041666666667,0.0,26.66666666666667,0.15059356463640938,0.5218364625461754,-0.37124289790976606,18.068163297834058,15.766853225978611,26.82419848821537,,113.89575131106413,111.25,108.60424868893587,7554674.4,11013876.95,0.99415402998705,110.10834390740442
2026-05-11,3046,51.2,52.5,50.6,52.4,684627.0,35563943.0,50.309999999999995,49.175,48.94,49.101666666666674,49.009166666666665,47.393125000000005,100.0,73.37662337662336,0.6291652795537956,0.23995212172432667,0.38921315782946897,32.06768955733931,14.358425130040237,17.80128820390383,,51.21286047456541,48.94,46.667139525434585,479509.4,249647.0,1.427765545367828,51.94645113324482
2026-05-11,3047,14.3,14.75,14.25,14.65,1066547.0,15528263.0,14.65,14.670000000000002,15.194999999999999,16.475,17.39541666666667,18.50770833333333,50.0,38.54166666666666,-0.4481054391849426,-0.44242987988969507,-0.005675559295247545,13.271921481331486,22.549664483142724,23.81408082600169,,16.478457501396928,15.194999999999999,13.911542498603069,1217926.4,1246302.55,0.8757072676969644,14.559379942937348
2026-05-11,3048,43.45,45.4,42.85,45.0,19158091.0,849789642.0,42.080000000000005,40.440000000000005,39.8125,38.638333333333335,38.70291666666667,33.915625,100.0,69.28327645051195,1.1913181168242275,0.621612904850072,0.5697052119741555,32.72997033873776,9.847067676116028,27.318640664192703,,43.27293425933224,39.8125,36.35206574066776,12392901.8,5959501.45,1.5458922622948565,44.35669723042865
2026-05-11,3049,12.85,13.7,12.6,13.6,10301675.0,136582497.0,13.09,12.88,12.8175,11.957833333333333,9.383000000000001,7.919208333333333,71.875,45.09803921568627,0.2339126778717322,0.2159434566937888,0.01796922117794339,27.517754108212,20.444981590903325,15.613278741581325,,14.276870808908786,12.8175,11.358129191091216,10661885.4,11494005.75,0.9662151311436905,13.25828052234224
2026-05-11,3050,12.35,12.4,12.2,12.35,476534.0,5852146.0,12.33,12.319999999999999,12.685,13.2275,12.804166666666667,13.025625,55.55555555555556,30.612244897959144,-0.26081659366635,-0.24915006939852088,-0.011666524267829131,12.901767834382195,21.026192797719748,20.992699172265404,,13.60672606959358,12.685,11.76327393040642,664081.0,728158.95,0.7175841501262648,12.280647341008196
2026-05-11,3051,26.05,26.9,25.8,26.35,2191750.0,58038481.0,27.330000000000002,27.245000000000005,24.7,23.171666666666667,21.319583333333338,23.650416666666665,32.456140350877206,62.05787781350482,1.5979569694767335,1.5162114277034242,0.08174554177330928,36.28300825411676,23.121204228245634,28.884402090428587,,30.98054640599814,24.7,18.419453594001858,7675190.0,6587454.75,0.28556296326214725,26.480429337287557
2026-05-11,3052,10.8,10.8,10.7,10.7,326077.0,3510206.0,10.77,10.709999999999999,10.842500000000001,11.161666666666667,11.27375,11.809791666666666,53.333333333333265,39.99999999999996,-0.10891089380285557,-0.11351650183005686,0.004605608027201294,19.11128098428636,20.608934204828028,23.582486122959914,,11.189327729116622,10.842500000000001,10.49567227088338,644932.0,672174.3,0.5055990398987801,10.764960423458263
2026-05-11,3054,71.4,71.4,67.7,69.6,333642.0,23175808.0,71.28,70.48,71.21000000000001,56.98083333333333,40.8625,,61.688311688311664,45.183486238532105,1.9560254875766532,2.7510139337365445,-0.7949884461598913,30.31989842552663,26.132909274697504,18.121578714537552,,78.15395609978849,71.21000000000001,64.26604390021153,872167.6,766516.8,0.38254344692465075,69.46310116831813
2026-05-11,3055,100.0,100.0,99.7,100.0,2839306.0,283928000.0,87.22,82.59,77.22,68.12833333333333,66.59416666666667,61.39916666666667,98.65470852017938,78.53881278538812,6.77038971886806,4.951258682760831,1.8191310361072288,40.02114817137344,11.990377530451433,32.40260676462722,,97.36250284976082,77.22,57.07749715023918,4112777.0,2230714.2,0.6903622540196077,99.99908428327204
2026-05-11,3056,13.4,13.8,13.3,13.55,1547161.0,20884844.0,13.440000000000001,13.694999999999999,14.125,15.4175,17.201666666666664,24.001250000000002,37.03703703703708,25.000000000000043,-0.47290954008008335,-0.4588246632237495,-0.014084876856333861,18.486341452224213,29.962404410810063,32.63398492212219,,15.148153021425598,14.125,13.101846978574402,1801255.2,1474951.0,0.8589349249345679,13.498817511558267
2026-05-11,3057,21.85,22.55,20.95,21.7,879312.0,19102399.0,21.220000000000002,20.48,19.555,17.5425,16.177333333333333,13.135708333333334,100.0,76.66666666666667,1.1488510276302044,0.9481021880780043,0.20074883955220013,35.61878305532507,6.633293479285676,44.6390840913988,,22.06642651851389,19.555,17.04357348148611,824762.6,778391.0,1.0661395169955572,21.72425600924359
2026-05-11,3058,8.36,8.36,8.27,8.3,529930.0,4399982.0,8.382000000000001,8.509,8.808,9.500499999999999,10.163583333333332,10.365874999999999,23.076923076923208,19.200000000000102,-0.3049170861120185,-0.2766248759287487,-0.028292210183269828,22.080712474682617,28.14643364508203,11.341720183682542,,9.474889085705009,8.808,8.141110914294991,732006.8,934388.5,0.7239413622933557,8.302949446153265
2026-05-11,3059,39.85,40.5,39.4,40.15,2718062.0,108832895.0,40.019999999999996,40.115,38.7375,38.52583333333334,41.59791666666667,42.10062500000001,47.94520547945206,62.66094420600858,0.7163131670584519,0.5757570328000559,0.14055613425839608,22.51555964945053,18.341377456678025,17.079837659877473,,41.91453519520552,38.7375,35.56046480479448,3885726.4,4298365.35,0.6994990692087842,40.04062269366924
2026-05-11,3060,28.6,29.15,28.4,28.55,2387673.0,68654229.0,28.43,28.125,28.982499999999998,30.499166666666667,28.911666666666665,25.49020833333333,57.14285714285714,39.53488372093023,-0.5611172459077416,-0.6245006635296296,0.06338341762188804,22.51349909463953,19.887021520280758,9.753214804574583,,31.72999167902603,28.982499999999998,26.235008320973968,2211232.8,2862753.3,1.0797926839724883,28.753614502488407
2026-05-11,3062,27.05,28.0,26.7,27.85,7171165.0,196218873.0,26.79,26.145,28.060000000000002,26.91583333333333,25.686666666666667,24.9025,88.31168831168827,39.1891891891892,-0.3983489950994539,-0.27485839240956844,-0.12349060268988543,26.64134923335227,22.25530862691579,20.273039605400314,,32.86565456410211,28.060000000000002,23.254345435897896,8111770.6,11292761.05,0.8840443540156326,27.36220307300139
2026-05-11,3064,20.2,20.2,18.3,18.3,12529.0,232270.0,,,,,,,0.0,0.0,-2.797613217219862,-3.11626643537662,0.3186532181567583,1.536174333471746,24.79480006829106,85.20267640556803,,,,,,,,18.538590470109348
2026-05-11,3066,18.3,19.75,18.15,19.4,654660.0,12318577.0,18.57,18.705,19.4675,17.9375,16.29375,15.471875,59.61538461538464,59.615384615384635,-0.12357180463485662,0.0066768647531156924,-0.1302486693879723,12.338233100621839,10.60470522930911,26.67767170940251,,22.195575280640575,19.4675,16.739424719359427,396265.4,694178.25,1.6520745944510926,18.816755262273546
2026-05-11,3067,17.25,17.3,17.25,17.3,13000.0,224400.0,,,,,,,0.0,0.0,-0.28785641140848384,-0.2005844803249065,-0.08727193108357734,13.882772994923787,18.933987240575487,14.160537078989641,,,,,,,,17.26153846153846
2026-05-11,3071,30.0,30.15,29.0,29.05,568683.0,16868290.0,29.639999999999997,29.98,30.107499999999998,26.858333333333334,25.054166666666667,24.152083333333334,30.882352941176478,30.882352941176478,0.5003071912324479,0.7979550001534963,-0.29764780892104836,9.793497722649054,10.503085251888026,39.266993113064075,,30.908338376492523,30.107499999999998,29.306661623507473,786322.6,788831.1,0.723218434774735,29.66202612000007
2026-05-11,3073,21.6,22.0,20.85,22.0,172626.0,3765772.0,22.3,22.655,23.775,27.414166666666667,28.732083333333335,29.391041666666663,25.0,25.0,-1.3303418294987992,-1.3720340884377502,0.04169225893895101,10.997969290514948,23.262118762167724,38.8895004908856,,27.428333013189835,23.775,20.121666986810162,107774.2,96672.95,1.6017377071692482,21.814628155666007
2026-05-11,3078,55.0,55.5,53.8,53.9,1894375.0,103188376.0,56.56,56.08,56.105,58.443333333333335,60.42166666666667,61.410833333333336,39.18918918918918,39.18918918918917,-0.3324565189005284,-0.46267771557910004,0.13022119667857163,20.93093955440141,25.7796821036896,21.686300382222843,,58.35605823067617,56.105,53.853941769323825,1391015.0,919846.35,1.361865256665097,54.47093421313098
2026-05-11,3081,3000.0,3000.0,2655.0,2655.0,3144828.0,8686195655.0,2642.0,2651.5,2621.75,1846.25,1470.625,1282.8125,52.17391304347826,52.17391304347826,173.72602193216062,217.9656970347715,-44.239675102610875,33.87063380125549,6.382400889954211,70.72499500778318,,2777.221269980899,2621.75,2466.278730019101,3264013.4,3037187.9,0.9634850151044111,2762.05746546393
2026-05-11,3083,26.45,27.85,26.25,27.35,402218.0,10967008.0,26.99,27.085,27.125,29.035833333333333,30.967916666666667,31.933958333333333,55.00000000000007,55.00000000000007,-0.3224142385504294,-0.42291431441982297,0.10050007586939358,15.474513688119929,9.785079580183819,28.434160241631538,,27.442058852249144,27.125,26.807941147750856,182445.8,116562.25,2.2045889793023465,27.266328210075134
2026-05-11,3085,12.6,12.6,12.55,12.6,9100.0,114454.0,11.99,11.809999999999999,11.9925,,,,81.81818181818191,81.81818181818193,-0.1339994590999698,-0.2098445878291062,0.0758451287291364,30.74501413414548,22.275228126488667,32.97352735699693,,13.074055896796258,11.9925,10.910944103203741,7676.2,5124.3,1.1854824001459054,12.577362637362638
2026-05-11,3086,38.7,39.65,37.65,37.85,410884.0,15752622.0,40.339999999999996,39.730000000000004,104.06500000000001,188.88,207.44,216.72,47.148288973384034,47.148288973384034,-49.28035765573237,-48.952670791063326,-0.3276868646690403,15.452681970042672,52.9627371752354,58.382918308292446,,334.10105689909614,104.06500000000001,-125.97105689909613,928305.6,1058901.7,0.4426171726207404,38.33836800654199
2026-05-11,3088,131.5,133.5,128.5,131.0,2270263.0,296603210.0,124.9,116.85,109.58500000000001,92.22833333333332,87.26416666666667,84.78208333333332,87.09677419354838,87.09677419354838,9.149264674615111,7.473063499635253,1.676201174979858,39.135294610150815,5.897238722640622,64.37273684079324,,130.72944309231653,109.58500000000001,88.44055690768349,2556044.8,3147172.7,0.8881937437090305,130.64707040549928
2026-05-11,3090,114.0,119.0,110.5,116.5,12703001.0,1471228442.0,112.2,105.67999999999999,105.41,98.21,92.87583333333333,,80.42168674698796,57.00934579439252,3.8265792600662536,2.4723718848232803,1.3542073752429733,36.059947568393994,16.08100592263065,21.127235667161884,,117.95464028978125,105.41,92.86535971021874,16319583.0,9194266.15,0.7783900483241514,115.81739165414535
2026-05-11,3092,30.1,30.75,29.9,30.25,571184.0,17278564.0,31.380000000000003,31.814999999999998,32.739999999999995,29.985,22.857499999999998,20.630208333333332,31.958762886597924,29.57746478873237,0.1387596765081014,0.5686641420473055,-0.42990446553920414,27.97699677781817,22.119883370428354,24.373073984693015,,36.13172367295472,32.739999999999995,29.348276327045266,630549.4,1450980.35,0.9058513099845944,30.250434185831537
2026-05-11,3093,52.2,52.9,49.7,50.5,1490153.0,76185505.0,59.239999999999995,58.83,61.769999999999996,45.70583333333333,35.77791666666667,30.813958333333336,31.132075471698116,31.132075471698116,1.3725023039248399,2.972845051266904,-1.6003427473420642,17.304547497682442,22.497314571621025,31.019443533873684,,74.45519236208722,61.769999999999996,49.084807637912775,3764228.0,3916034.4,0.3958721416449801,51.125961562336215
2026-05-11,3094,31.15,32.5,30.5,30.9,2766138.0,86401791.0,30.619999999999997,28.555,26.857499999999998,25.1275,24.8475,24.87,72.59615384615384,66.66666666666666,1.808026120869986,1.252923121498192,0.555102999371794,34.7948912907721,13.436206330950068,37.298166079454326,,32.46137788664434,26.857499999999998,21.253622113355654,5608382.2,2661245.35,0.4932149595653449,31.235531632912025
2026-05-11,3095,45.95,45.95,44.3,45.0,22301.0,999901.0,44.12,42.65,40.1575,,,,69.79166666666666,69.79166666666666,2.8430170456275334,2.590885781277971,0.25213126434956257,41.855564942313265,10.762519951115802,72.31374350504142,,47.80246910599246,40.1575,32.51253089400754,69536.4,38453.35,0.3207097290052405,44.83659925563876
2026-05-11,3105,490.0,492.5,452.0,458.5,28148641.0,13095387461.0,488.7,511.15,520.275,382.1,309.3,272.9,8.108108108108098,8.108108108108098,19.066849846034756,34.37108817326686,-15.304238327232106,16.513860374963254,18.39984873088841,50.41309367359748,,573.9822718785031,520.275,466.5677281214969,31594625.0,30841290.3,0.890931321387736,465.2227246423726
2026-05-11,3114,27.5,28.0,26.9,27.0,934816.0,25869454.0,26.23,25.994999999999997,26.067500000000003,25.9225,25.636250000000004,25.493125000000003,81.57894736842111,81.57894736842111,0.05103030839488554,-0.02180235586394648,0.07283266425883202,21.334012141024207,8.882634484817139,24.15699885941844,,26.81037846990786,26.067500000000003,25.324621530092145,279161.2,158954.0,3.3486602006296002,27.673311111491458
2026-05-11,3115,9.33,9.38,9.25,9.37,30173.0,280622.0,9.639999999999999,9.77,9.754999999999999,9.963666666666665,10.331833333333332,10.515916666666667,22.608695652173893,22.608695652173893,-0.050281109931667345,-0.019050991514766285,-0.03123011841690106,14.580374086912961,44.10851002570556,28.177795511698434,,10.250814056827153,9.754999999999999,9.259185943172845,10839.8,29226.6,2.7835384416686657,9.300434162993405
2026-05-11,3118,33.55,33.65,33.55,33.55,9749.0,329128.0,33.709999999999994,33.644999999999996,33.587500000000006,33.33416666666667,33.16708333333333,33.08354166666667,47.05882352941147,47.05882352941146,0.07509060748154184,0.08025522659358918,-0.005164619112047339,11.933572058500488,5.9549919108249245,38.943875045275696,,33.79744986870293,33.587500000000006,33.377550131297085,21296.2,15550.6,0.45778120040194964,33.760180531336545
2026-05-11,3122,38.5,39.0,36.25,36.8,724869.0,26943978.0,38.68,35.660000000000004,32.440000000000005,27.860000000000003,26.08,25.19,60.62176165803106,60.62176165803106,3.0692345767779585,2.478947656902043,0.5902869198759153,37.6353519296724,20.864609885074717,47.62758578897501,,42.01593474893128,32.440000000000005,22.86406525106873,2227780.8,1142333.3,0.32537716457561716,37.17082396957243
2026-05-11,3128,23.5,23.5,22.7,22.7,89913.0,2066340.0,23.55,23.72,23.945,25.045833333333334,25.597916666666666,25.873958333333334,27.083333333333286,27.083333333333286,-0.3671786015080052,-0.33903804569509555,-0.02814055581290964,9.42164460124518,22.350971181937666,27.85591202219816,,24.863178975788028,23.945,23.026821024211973,128953.8,129019.3,0.6972497126877998,22.981548830536184
2026-05-11,3130,222.0,225.0,221.0,222.0,52835.0,11732684.0,221.4,221.35,221.25,222.125,223.39583333333334,225.37708333333333,75.0,53.846153846153854,-0.05747073336226549,-0.20017718814708416,0.14270645478481866,26.516587763267474,12.043327844889715,20.360875585633455,,222.35023920843975,221.25,220.14976079156025,38237.8,29825.0,1.3817479039066054,222.06272357338887
2026-05-11,3131,3060.0,3060.0,2870.0,2870.0,464023.0,1355348435.0,3014.0,2993.5,3059.5,2417.3333333333335,2026.1666666666667,1830.5833333333333,45.18072289156627,45.18072289156626,79.89653254756604,127.51022884619164,-47.6136962986256,14.622824350185656,10.536121595263296,51.63428207630523,,3393.45398359339,3059.5,2725.54601640661,669523.6,804771.3,0.6930644416417883,2920.864773944395
2026-05-11,3138,156.0,160.5,153.0,158.0,1180153.0,186639520.0,156.5,155.85,167.45,174.575,134.43916666666667,111.83541666666666,67.64705882352942,36.904761904761905,-5.329800038501759,-3.9963995630666855,-1.3334004754350732,20.569708991146864,24.50176254607881,15.63174607225124,,195.91771024012422,167.45,138.98228975987575,1419351.8,3238948.15,0.8314732119267401,158.1485790401753
2026-05-11,3141,64.2,68.8,64.2,65.5,5734178.0,383117917.0,56.52,52.375,49.105000000000004,46.156666666666666,45.62833333333334,45.36416666666666,81.68761220825851,81.68761220825853,3.465881583820824,1.9627220322466032,1.5031595515742209,42.96246077971765,5.953569722169962,43.57973237696831,,59.84552336272597,49.105000000000004,38.36447663727404,3945438.4,1465483.55,1.4533690349848067,66.81304922867758
2026-05-11,3147,177.5,179.5,171.5,172.0,290704.0,51021313.0,176.7,174.35,170.8,169.36666666666667,167.93333333333334,167.21666666666667,50.0,50.0,2.5184494656221545,1.9532498457644474,0.5651996198577072,20.58288023447014,14.827791027399536,31.707819912849793,,181.76117550361548,170.8,159.83882449638455,348075.6,207325.25,0.8351748872945993,175.5094976333315
2026-05-11,3149,48.5,51.6,48.45,50.5,8196562.0,409882549.0,49.55,48.14,45.769999999999996,48.104166666666664,42.35,38.08833333333333,62.21374045801529,57.843137254901954,1.3667744183422101,0.6913075710421839,0.6754668473000263,26.132102858454036,14.954825460082025,20.10191103667547,,52.315741886303265,45.769999999999996,39.22425811369673,13645210.8,8980438.65,0.6006914895004773,50.00664290711154
2026-05-11,3150,20.0,20.1,19.5,19.55,124350.0,2448258.0,19.16,19.27,19.505000000000003,18.225833333333334,19.008750000000003,20.612916666666667,58.82352941176472,55.67010309278351,0.2779035698783119,0.39850190762632054,-0.12059833774800865,33.88627602410225,15.495625061335083,37.72487332467913,,21.627535722840932,19.505000000000003,17.382464277159073,133510.4,154716.3,0.9313881165811803,19.688443908323283
2026-05-11,3152,175.0,185.0,165.0,166.0,4166253.0,730533496.0,171.6,171.2,169.725,155.575,153.2875,152.14375,37.5,37.5,4.110991845349616,5.040370661822595,-0.9293788164729788,14.204434496539974,4.548311586507214,42.075149774540975,,177.595497877652,169.725,161.85450212234798,1640236.6,4383331.85,2.5400317246914255,175.34544733601152
2026-05-11,3158,87.5,87.5,87.0,87.1,13501.0,1179016.0,88.64,89.07000000000001,89.28,90.16333333333334,89.53166666666667,89.21583333333334,24.999999999999915,24.999999999999915,-0.6266957170990679,-0.48847491215061856,-0.13822080494844935,8.506618804446676,19.142477810746374,18.02552248344405,,90.97158910028726,89.28,87.58841089971274,18562.8,16779.25,0.7273148447432499,87.32804977409081
2026-05-11,3162,83.7,86.8,83.5,83.7,3633030.0,308811981.0,90.32000000000001,81.99,75.53,64.56333333333333,62.931666666666665,62.11583333333333,64.0,64.0,6.9537607054558634,5.58221334180508,1.3715473636507838,28.95474588672815,13.405529324113916,51.588251315933384,,94.90791472133594,75.53,56.15208527866407,13569479.6,7190318.45,0.26773539642596167,85.00121964310782
2026-05-11,3163,1020.0,1020.0,950.0,950.0,882389.0,865902433.0,1038.0,1102.5,1142.5,886.875,672.1875,564.84375,35.33834586466166,35.33834586466166,7.654870449293867,45.10079410790024,-37.445923658606375,27.701384032307587,29.377296231786293,32.57062480905491,,1300.6305256991657,1142.5,984.3694743008343,2128967.6,2478990.2,0.41446802666231275,981.3159876199726
2026-05-11,3164,17.5,17.8,17.3,17.6,157767.0,2782551.0,17.56,17.68,17.802500000000002,17.99833333333333,18.28916666666667,19.172916666666666,40.000000000000284,33.33333333333343,-0.14252033775169082,-0.11157403914970493,-0.03094629860198589,14.068867385015334,20.206284003564594,14.043800611510076,,18.168811630345257,17.802500000000002,17.436188369654747,79488.8,56828.65,1.9847701814595262,17.637091406948223
2026-05-11,3167,656.0,728.0,624.0,728.0,2048876.0,1367548849.0,746.4,767.8,716.85,450.9,325.12083333333334,231.73416666666665,25.461254612546128,54.227405247813415,74.80087151649059,90.12032327923023,-15.319451762739646,26.85199175013634,21.347189015231166,51.91193500444055,,859.8557415115332,716.85,573.8442584884668,1686482.8,1843302.85,1.2148810530412761,667.4629645717945
2026-05-11,3168,45.9,46.0,45.2,45.2,28380.0,1298274.0,45.459999999999994,44.565,45.05,42.17333333333333,,,62.50000000000009,53.030303030303045,0.6679953275184758,0.6795582868351818,-0.011562959316706034,27.322272802349406,12.396453713385773,32.32445321184677,,47.915217912168586,45.05,42.18478208783141,109654.8,89882.15,0.2588121997395463,45.746088794926
2026-05-11,3169,114.5,115.5,109.0,110.5,624083.0,69852087.0,111.3,107.6,103.17999999999999,98.04666666666667,97.57333333333334,97.33666666666666,71.42857142857143,71.42857142857143,4.139717748332515,3.231631566133667,0.908086182198848,29.050999716651702,5.6307012208461575,45.02910181583407,,115.71115695922923,103.17999999999999,90.64884304077076,1165883.4,554012.5,0.5352876625569933,111.92755931502701
2026-05-11,3171,70.3,70.3,67.5,67.9,35853.0,2488400.0,66.54,67.8,68.08,59.8375,53.91875,50.959375,47.00000000000003,47.00000000000003,0.9526874583946636,1.724967257763329,-0.7722797993686654,25.58322312503995,23.518496209574757,46.63046734841828,,72.10131164776175,68.08,64.05868835223825,69683.8,112318.5,0.5145098286832808,69.40562853875548
2026-05-11,3176,32.95,34.3,32.95,33.6,1943721.0,66088476.0,33.19,33.089999999999996,32.4675,31.99416666666667,32.04708333333333,32.07354166666667,80.95238095238076,80.95238095238076,0.38609448021370696,0.32547727388829134,0.06061720632541562,19.933172911655657,5.986569154461357,32.31806089969849,,34.59310208188796,32.4675,30.34189791811204,688309.8,571691.05,2.823904294258196,34.001009404127444
2026-05-11,3178,68.0,68.6,66.0,66.3,96041.0,6458717.0,68.72,70.6,71.24000000000001,62.358333333333334,59.329166666666666,57.81458333333333,21.153846153846175,21.153846153846175,1.2969601095803682,2.4147206359198976,-1.1177605263395294,18.962580118654454,12.401965981847496,50.39259686855937,,75.24441861211483,71.24000000000001,67.23558138788519,159354.6,350116.05,0.6026873400579588,67.2495809081538
2026-05-11,3188,25.0,25.0,24.1,24.1,372572.0,9087550.0,24.509999999999998,25.16,25.6975,28.736666666666668,28.71833333333333,28.70916666666667,28.000000000000014,28.000000000000014,-1.1179720415413428,-1.1062518838964068,-0.011720157644935947,12.668188820766762,28.313322399172726,48.91676165176773,,27.358975248085393,25.6975,24.03602475191461,579086.0,475575.6,0.6433793944250077,24.391392804612263
2026-05-11,3189,475.0,503.0,468.0,503.0,26643811.0,13019892785.0,492.6,505.3,467.975,354.775,247.09166666666667,169.37291666666667,41.134751773049636,62.103505843071794,37.77342624209672,44.388638469523144,-6.615212227426426,27.455178800982434,20.320476523577593,39.14016184059003,,582.5196247216821,467.975,353.4303752783179,24822191.4,36275360.1,1.0733867357094025,488.6648079360719
2026-05-11,3191,14.0,14.5,13.7,14.2,91381.0,1292024.0,13.8,13.91,13.865,,,,56.249999999999964,56.249999999999964,-0.04510964784339855,-0.07684444700123655,0.031734799157838,28.734506668857705,13.526769699750622,27.210090499544755,,14.258499816090337,13.865,13.471500183909663,37593.0,20575.05,2.4307982869151172,14.138869130344382
2026-05-11,3205,53.0,54.6,52.8,53.1,155513.0,8332431.0,55.64,55.95,57.46,53.656666666666666,50.678333333333335,49.18916666666667,15.555555555555486,15.555555555555486,-0.1790860798065097,0.3757329973078976,-0.5548190771144073,24.79401413484213,21.535243989681916,29.564106414946384,,62.773894399045666,57.46,52.146105600954336,274445.0,236663.4,0.5666454116489643,53.580285892497734
2026-05-11,3206,38.55,38.95,38.0,38.1,220106.0,8453172.0,35.68,35.015,35.480000000000004,35.1575,33.42875,32.564375,72.83950617283949,72.8395061728395,-0.09915530371341674,-0.3218535376872184,0.22269823397380167,31.756032522726365,10.574960652318797,25.742747862467784,,38.493373699465764,35.480000000000004,32.466626300534244,248785.4,124721.65,0.8847223349923268,38.4050048612941
2026-05-11,3207,57.3,62.9,54.6,62.9,773997.0,44567511.0,60.660000000000004,61.39,62.620000000000005,66.895,67.3975,67.64875,53.40909090909092,53.40909090909092,-1.5878045316798506,-1.7074687220312563,0.11966419035140574,7.2032458704088445,28.528574856912076,33.42891638175495,,66.40339863920708,62.620000000000005,58.83660136079293,438727.8,307414.0,1.7641849912405825,57.58098674801065
2026-05-11,3209,58.6,60.5,58.6,60.5,6651199.0,401004655.0,56.04,54.2,51.260000000000005,42.46333333333334,37.22041666666667,36.34395833333334,86.08695652173913,75.53191489361703,3.7094755342494494,3.309802117313116,0.3996734169363334,37.3072092006141,8.112235804137654,52.63812932459538,,59.219542435936624,51.260000000000005,43.300457564063386,4081293.0,4997957.95,1.6296793687686721,60.29058144253389
2026-05-11,3211,377.0,387.5,357.0,359.5,10131419.0,3748216971.0,376.2,368.2,364.0,336.01666666666665,328.5083333333333,324.75416666666666,49.23076923076923,49.23076923076923,7.493140415439143,8.13912527950365,-0.6459848640645074,23.38513833942737,16.797375281432274,34.3585322032966,,381.1587019506626,364.0,346.8412980493374,13293280.4,7675011.7,0.7621458883843298,369.95972341090624
2026-05-11,3213,116.0,116.5,113.5,114.0,604790.0,69387465.0,114.9,109.9,107.725,102.825,101.2625,100.48125,66.10169491525424,66.10169491525424,3.097001378516339,2.105691762382393,0.9913096161339459,38.00320477681415,15.16938671064924,39.115586879156915,,116.95581224686353,107.725,98.49418775313646,1186465.0,484070.45,0.5097411217355758,114.72984837712264
2026-05-11,3217,190.0,191.0,183.0,184.0,2724742.0,505097160.0,177.7,172.45,168.25,159.88333333333333,158.44166666666666,157.72083333333333,88.88888888888889,88.88888888888889,5.262746432304823,3.926589021164121,1.336157411140702,39.820756632750545,6.104177653972992,46.07999440926621,,181.14838831221286,168.25,155.35161168778714,1526979.6,1031955.0,1.7843997391975635,185.37430699860758
2026-05-11,3218,130.5,130.5,127.0,127.0,280954.0,36164366.0,132.2,134.3,134.025,136.26666666666668,138.38333333333333,139.44166666666666,25.0,25.000000000000014,-0.7656645023957367,-0.2467625060060964,-0.5189019963896403,9.484342454338336,17.078791710998104,27.23123879979473,,139.50678802946618,134.025,128.54321197053383,320888.6,888315.7,0.8755499572125655,128.71988297016594
2026-05-11,3219,82.6,89.2,81.8,89.2,2247503.0,194136362.0,72.28,69.78,68.705,65.06833333333333,62.53416666666667,61.267083333333325,94.04761904761905,94.04761904761905,2.4677931478812383,1.1589837632850237,1.3088093845962145,35.938481456083835,4.480347123039792,30.501165345628234,,78.82729950991487,68.705,58.582700490085124,986765.6,688744.85,2.2776462819538907,86.37868870475367
2026-05-11,3221,42.2,43.75,40.0,40.55,4538814.0,190235901.0,44.61,43.795,43.475,35.40833333333333,32.15416666666667,30.52708333333333,42.628205128205124,42.628205128205124,2.013373007022892,2.4273694848171257,-0.41399647779423354,36.87386483535235,16.1705833332836,57.32337502827349,,46.97545109874942,43.475,39.974548901250586,9634828.4,8584730.05,0.47108405168897455,41.91312994980627
2026-05-11,3224,43.6,43.6,41.8,42.0,129519.0,5490948.0,43.989999999999995,46.94500000000001,46.34,,,,22.95597484276729,22.95597484276729,0.36524438115092295,1.1898711083849947,-0.8246267272340717,18.295443569898858,25.755620191806845,32.58836569392881,,55.08134760175674,46.34,37.59865239824327,253697.4,941050.15,0.5105255315978801,42.39492275264633
2026-05-11,3226,40.0,41.5,40.0,41.5,5161.0,212109.0,41.519999999999996,,,,,,52.80898876404493,52.80898876404493,-1.8087346064239114,-2.2887234835139427,0.47998887709003135,9.054339835255936,16.280840366289816,59.95141561432575,,,,,6432.2,4098.0,0.8023693293118995,41.09843053671769
2026-05-11,3227,230.0,233.5,220.0,220.0,2847973.0,646632490.0,221.2,214.5,208.125,197.2,194.6,193.3,63.44086021505377,63.44086021505377,7.057962088031758,5.67400384252418,1.3839582455075776,33.77279121710847,6.892354706686865,40.19048232328936,,227.46373941355188,208.125,188.78626058644812,3832979.0,1858619.0,0.7430181589828695,227.05007737081777
2026-05-11,3228,210.0,213.5,195.0,199.0,1317831.0,267034982.0,236.5,217.45,192.65,150.64166666666668,142.07083333333333,137.78541666666666,50.42372881355932,50.42372881355932,23.815213908140095,21.917552530990772,1.8976613771493227,32.69606121567049,22.869498425124526,62.02754435773104,,268.0074639197806,192.65,117.29253608021942,1237751.6,795162.85,1.0646974724169211,202.632190318789
2026-05-11,3229,38.3,44.8,37.9,44.8,2052783.0,87913560.0,42.839999999999996,41.105,36.4375,26.086666666666662,22.11625,18.300625000000004,71.689497716895,73.56076759061835,5.188993110343468,4.892278874518635,0.29671423582483225,47.069323152101916,11.478401863247639,52.58575406521254,,49.93057327171202,36.4375,22.94442672828798,612819.6,908166.0,3.3497345711527506,42.826523797206036
2026-05-11,3230,31.6,32.0,30.25,30.25,700383.0,21705350.0,33.47,34.565,36.8175,37.344166666666666,33.79708333333333,32.02354166666667,18.181818181818187,18.181818181818187,-1.5967803011677546,-1.0793682192589444,-0.5174120819088102,10.09950243690377,22.47867478376106,22.20745229184581,,44.283018982911386,36.8175,29.35198101708862,649047.6,1011931.2,1.0790934285867477,30.990686524373093
2026-05-11,3231,147.0,147.0,138.0,139.0,114217157.0,15989901745.0,144.0,142.1,140.275,133.63333333333333,138.72083333333333,126.7775,55.55555555555556,47.88732394366197,2.814829359817139,2.788349490706289,0.026479869110850096,24.883146984512667,23.803595544331035,12.316629728980026,,148.46661959437563,140.275,132.08338040562438,59694704.2,46776954.9,1.913354937103449,139.99562031648188
2026-05-11,3232,20.8,20.8,20.25,20.75,98457.0,2014399.0,20.919999999999998,21.12,21.535,22.255833333333335,22.452916666666667,22.551458333333333,25.92592592592588,25.92592592592588,-0.3944796741394896,-0.3466149624419947,-0.0478647116974949,11.023524057245323,29.074153986945113,29.063975328534404,,22.778128481313463,21.535,20.291871518686538,86824.6,70962.7,1.1339758547692704,20.459682907259005
2026-05-11,3234,100.0,101.0,95.6,96.5,1983063.0,193000167.0,99.6,106.05,110.725,91.60999999999999,73.355,64.2275,18.51851851851852,18.51851851851852,-0.15120499090895123,2.9564390269068586,-3.10764401781581,12.268619499528546,14.932044902119992,38.343529788570436,,125.29777562695878,110.725,96.15222437304121,2441782.8,3669579.1,0.8121373448940669,97.3242741153458
2026-05-11,3236,39.15,42.7,38.0,38.9,20187051.0,814004129.0,34.089999999999996,32.010000000000005,32.222500000000004,30.8625,29.93125,29.465625,80.0,80.0,0.7764365868244454,0.14955518252393726,0.6268814043005081,40.13820233641338,12.207576488938745,22.34937886282285,,37.88823031479616,32.222500000000004,26.556769685203847,10946367.6,5326908.85,1.8441780632325924,40.32308280194071
2026-05-11,3252,18.1,18.2,18.1,18.15,5101.0,92566.0,18.75,18.985000000000003,19.345,19.459999999999997,18.93,18.665,13.333333333333286,13.333333333333286,-0.3033957289975291,-0.2023418688403508,-0.1010538601571783,20.549543726184744,22.52348261007191,30.456511558738296,,20.449488450298205,19.345,18.240511549701793,8824.0,33320.1,0.5780825022665458,18.146637914134484
2026-05-11,3257,54.9,55.9,54.5,55.3,472382.0,26071540.0,54.9,54.3,54.275,57.89333333333333,62.40083333333334,61.08291666666666,70.83333333333334,55.11811023622046,-0.24927946768384146,-0.5523388133799113,0.30305934569606985,19.878697248559483,20.35228485916013,15.107117292568917,,56.282223796297274,54.275,52.267776203702724,560055.4,388980.35,0.8434558438325922,55.19164574433403
2026-05-11,3259,17.1,17.1,16.5,16.5,62520.0,1045565.0,17.27,17.175,17.1325,17.675,18.4375,18.81875,42.1875,42.1875,-0.08243744607313275,-0.11028879803233957,0.02785135195920682,22.746077775506997,23.802123938320978,18.330287921857973,,17.70766587996299,17.1325,16.557334120037012,54340.2,49152.65,1.1505294422913424,16.723688419705695
2026-05-11,3260,452.0,452.0,424.5,425.0,17143130.0,7451268334.0,449.0,443.0,422.475,370.325,341.4125,326.95625,41.12903225806452,41.12903225806452,19.035388268839654,20.215533645824756,-1.1801453769851022,17.760212439986695,11.584909945589656,34.91506405423589,,489.432547430404,422.475,355.51745256959606,32795566.6,32686274.7,0.5227270566503949,434.65040129777935
2026-05-11,3264,232.0,241.0,222.0,226.0,19342641.0,4442983589.0,229.7,214.3,199.875,171.825,163.1625,158.83125,69.375,69.375,15.293546788873527,12.574942447439831,2.7186043414336964,21.75378647342825,8.215766139386515,47.62563938787484,,242.17577142509248,199.875,157.57422857490752,20628760.2,13658354.0,0.9376540719107298,229.69891179803213
2026-05-11,3265,184.5,187.5,180.5,183.5,3756595.0,691998256.0,182.5,176.9,172.475,151.66666666666666,143.83333333333334,139.91666666666666,69.1358024691358,69.1358024691358,7.7288311974110115,7.269263714748825,0.4595674826621865,15.120721747893281,7.712779197045784,37.88205220701547,,186.92081527458282,172.475,158.02918472541717,3903849.4,2816221.05,0.9622796924492015,184.20890620362323
2026-05-11,3266,13.65,13.7,13.5,13.55,120215.0,1630109.0,13.59,13.565000000000001,13.7075,13.620000000000001,13.677083333333334,14.349166666666667,52.380952380952415,35.0,-0.007198682734172124,0.006129427727943929,-0.013328110462116053,19.671819440069978,23.064024732777177,16.343564757597502,,14.139478313296532,13.7075,13.275521686703467,82116.6,84618.3,1.4639549128921556,13.559946762051325
2026-05-11,3268,17.25,18.55,17.25,17.3,464260.0,8405466.0,18.23,17.725,17.44,,,,50.87719298245616,50.87719298245616,0.512110388176481,0.4709325882164357,0.041177799960045336,31.194687607693623,18.82564480496711,45.556459336314575,,18.642453631888653,17.44,16.23754636811135,666497.2,257542.85,0.69656706734852,18.10508335846293
2026-05-11,3272,18.0,18.0,17.2,17.25,168806.0,2967642.0,18.2,18.005000000000003,17.7075,17.743333333333332,18.671666666666667,19.135833333333334,38.98305084745763,38.98305084745764,0.2939527004943443,0.26306042012433,0.03089228037001429,23.003822017413402,18.368614693600563,33.59950244449363,,19.33498595272457,17.7075,16.08001404727543,193044.2,149984.5,0.8744422261844697,17.580192647180787
2026-05-11,3276,15.4,15.65,14.7,14.75,508973.0,7659113.0,15.430000000000001,15.15,14.897499999999999,14.391666666666667,14.370833333333334,14.360416666666667,49.03846153846154,49.03846153846154,0.2856917316823324,0.25863956472588595,0.027052166956446466,25.774957211936254,9.89098463440422,39.81258533797464,,15.871625788916194,14.897499999999999,13.923374211083804,1305630.0,429583.45,0.3898294310026577,15.048171514009583
2026-05-11,3284,16.0,16.0,15.6,15.65,191345.0,3031023.0,16.67,16.22,16.745,18.84,19.52,19.86,49.65517241379311,49.65517241379311,-0.6644206393953169,-0.7917250084128267,0.12730436901750974,20.782086790039727,19.25001584953221,34.883298485446446,,19.4989254280314,16.745,13.991074571968605,318111.8,318697.25,0.60150236489184,15.840617732368235
2026-05-11,3285,28.25,29.0,28.0,29.0,60169.0,1715117.0,28.93,28.75,28.5875,28.880833333333335,29.165416666666665,29.307708333333334,60.41666666666668,60.41666666666667,0.07613173919407146,0.002685212214694082,0.07344652697937737,16.023132351171864,11.652156980964037,19.838461707500343,,29.22317204387819,28.5875,27.951827956121807,27093.8,18832.45,2.220766374594926,28.504994266150344
2026-05-11,3287,31.9,32.9,31.8,32.0,574759.0,18559586.0,29.080000000000002,28.575,28.5875,29.0825,29.59125,29.845625000000002,91.57894736842107,91.57894736842107,0.13921419008922697,-0.1505537494827575,0.28976793957198443,47.33208507944969,8.701287971960541,19.15162152557488,,30.45322266230315,28.5875,26.721777337696846,178029.8,79061.75,3.228442653982648,32.29107504188712
2026-05-11,3288,15.0,15.25,15.0,15.25,7106.0,107829.0,15.040000000000001,15.155000000000001,15.325,,,,45.454545454545475,45.454545454545475,-0.0778642463614414,-0.04721541029817901,-0.030648836063262394,11.977490746922935,13.597836495257413,12.588325461871012,,16.034707130108124,15.325,14.615292869891872,13518.4,18895.05,0.5256539235412475,15.174359696031523
2026-05-11,3289,169.0,178.0,166.5,167.0,3923393.0,671133967.0,175.4,186.7,187.65,152.9,140.2,133.85,10.975609756097569,10.975609756097569,5.223667701021981,10.119337182682225,-4.895669481660244,20.329956676985894,17.695032591534982,44.16316179324836,,210.89265588592673,187.65,164.40734411407328,5284532.2,4119741.65,0.7424295758856384,171.05958210151263
2026-05-11,3290,48.45,48.8,44.15,45.05,2969438.0,137915868.0,46.67,46.71,47.089999999999996,46.965,48.3825,49.091249999999995,35.454545454545425,35.454545454545425,-0.027548983619936962,0.10839046894783928,-0.13593945256777623,13.317137292779012,18.07606822510632,15.85930743073476,,48.98753302446835,47.089999999999996,45.192466975531644,1134644.0,757519.4,2.617065793323721,46.44510779480831
2026-05-11,3293,724.0,729.0,717.0,721.0,1783382.0,1285704599.0,728.4,737.7,749.15,729.0833333333334,716.0416666666666,709.5208333333334,26.31578947368422,26.31578947368422,-4.781312476624635,-0.17986934847964647,-4.601443128144989,6.6988122079540995,13.257220372402248,31.999459113659555,,782.8000566981588,749.15,715.4999433018412,1910215.2,1886306.0,0.9336026642443218,720.9361757604372
2026-05-11,3294,36.4,36.5,35.7,36.5,2989821.0,108972137.0,31.76,31.125,31.492499999999996,34.21333333333334,35.43166666666666,36.04083333333333,84.48275862068965,84.48275862068965,-0.3536092026347042,-0.8798606874714647,0.5262514848367605,31.65960866507969,9.816078298046788,28.593819694557354,,34.888825413706584,31.492499999999996,28.096174586293404,1223791.6,680608.15,2.4430801780303115,36.447712756047935
2026-05-11,3296,23.45,23.5,22.2,22.5,234196.0,5302622.0,21.630000000000003,20.669999999999998,20.884999999999998,22.311666666666667,22.1325,21.777916666666666,80.61224489795919,58.69565217391303,-0.014352525439544905,-0.3863561619153153,0.3720036364757704,41.61797501886514,16.04962323917542,31.326728612434533,,23.099806632880405,20.884999999999998,18.67019336711959,243650.4,144508.5,0.961196862389719,22.64181284052674
2026-05-11,3297,31.35,31.7,30.3,30.6,116990.0,3596907.0,31.52,31.75,33.122499999999995,35.514166666666675,36.95708333333334,37.67854166666667,20.408163265306143,20.408163265306143,-1.112356288635148,-1.062469257011868,-0.04988703162328001,8.29995965874055,29.5046486378362,40.33866220336846,,37.693861077979264,33.122499999999995,28.55113892202073,107254.4,108546.65,1.0907711012322105,30.745422685699634
2026-05-11,3303,50.5,50.5,49.1,49.15,398193.0,19741754.0,51.21,50.185,48.9375,47.06083333333333,45.85541666666667,45.25270833333333,51.034482758620676,51.034482758620676,1.0934337133953065,0.9727529727137452,0.12068074068156132,32.6983836833667,14.374511499255615,46.867505882173205,,52.643664849913826,48.9375,45.231335150086174,868573.6,431866.15,0.45844474204603963,49.57835521970502
2026-05-11,3305,118.0,118.5,114.5,117.0,3251651.0,379108069.0,115.5,111.05,113.7,110.83500000000001,106.93416666666666,92.26583333333333,75.75757575757575,47.826086956521735,1.3008960027362804,0.7161193424067838,0.5847766603294966,27.954246465113634,22.26691883904545,15.780661298671186,,125.33207905569208,113.7,102.06792094430793,6017879.6,5373524.65,0.5403316809462256,116.5894091955133
2026-05-11,3306,45.0,45.45,44.45,44.7,220461.0,9922396.0,47.07,46.730000000000004,46.8075,47.04,46.945,46.89750000000001,33.33333333333333,33.33333333333333,-0.13194914498306076,-0.0904811963312586,-0.04146794865180216,11.61406351592008,19.674486330516512,15.391205430190324,,48.328329067525864,46.8075,45.28667093247413,212268.8,151808.3,1.0385935191606115,45.00748885290369
2026-05-11,3308,20.9,21.25,20.6,20.8,116264.0,2420533.0,21.03,21.005000000000003,21.085,21.991666666666667,18.758750000000003,18.043125,54.28571428571436,51.219512195121965,-0.09853889777833658,-0.10271674465441437,0.004177846876077793,26.578547433310856,16.74543051473798,13.763783097324872,,22.12782006319891,21.085,20.04217993680109,160365.4,226033.1,0.724994294280437,20.81928197894447
2026-05-11,3310,69.5,69.5,68.2,69.5,23075.0,1591107.0,69.4,69.41,70.20500000000001,72.395,72.34750000000001,72.32374999999999,47.49999999999996,47.499999999999964,-0.9509061757369324,-0.9985548892289465,0.04764871349201416,10.081917564479108,16.91718556370441,13.573999302264047,,72.82112409169731,70.20500000000001,67.58887590830271,20227.0,58571.35,1.1408018984525634,68.95371614301192
2026-05-11,3311,32.6,33.2,32.55,32.8,389701.0,12816199.0,31.610000000000003,31.235000000000003,31.96,32.23083333333333,32.56875,34.037708333333335,87.71929824561408,51.99999999999995,-0.16077695005244408,-0.26305534906432104,0.10227839901187696,29.87344044884968,17.043786846756284,14.477366631459171,,33.92082689324292,31.96,29.999173106757084,287300.0,284346.9,1.3564253393665158,32.88726228570109
2026-05-11,3312,42.9,45.5,42.7,44.5,4732786.0,210045500.0,42.480000000000004,41.86,42.0775,38.748333333333335,38.376666666666665,42.58875,81.35593220338983,51.20000000000001,1.225895006852916,1.2589894559815382,-0.03309444912862225,29.61402239495319,11.77597558646738,37.05497064023474,,45.57132538050684,42.0775,38.58367461949316,2430391.0,3343586.25,1.9473352230155558,44.380941796227425
2026-05-11,3313,11.3,11.3,11.0,11.05,271454.0,3027516.0,11.610000000000001,11.83,12.155,12.625833333333334,12.887916666666666,13.018958333333334,8.333333333333442,8.333333333333442,-0.3024914572841695,-0.22853894846504325,-0.07395250881912624,11.228132644756004,32.77565562436451,27.489975210945012,,13.168539914307607,12.155,11.141460085692392,209115.0,123351.8,1.2981086961719628,11.15296145940012
2026-05-11,3317,75.0,76.1,71.7,75.3,13856373.0,1036616207.0,66.3,61.32000000000001,58.085,51.3425,49.44625,48.498124999999995,83.79310344827586,83.79310344827586,4.401452841518598,2.9891243964767513,1.4123284450418465,45.36251073610934,9.544851724808838,54.106517170160885,,69.29463401440229,58.085,46.87536598559772,9683725.2,5092079.4,1.430892834505465,74.81151142510382
2026-05-11,3321,16.5,16.5,16.15,16.25,277045.0,4515014.0,16.41,16.34,16.3,16.833333333333332,17.266666666666666,12.341874999999998,53.731343283582085,51.90839694656488,-0.00780231433735068,-0.0524469379159461,0.04464462357859542,28.64433041897617,17.50374400357575,19.053541089677495,,17.184962086609747,16.3,15.415037913390254,414990.0,414738.65,0.667594399865057,16.297041996787524
2026-05-11,3322,13.7,13.8,12.85,12.9,1306121.0,17259518.0,13.12,13.265,13.4,14.155833333333334,14.802916666666667,15.126458333333334,29.999999999999943,29.999999999999943,-0.18996714183112395,-0.17779552633291637,-0.012171615498207583,6.287346886336989,6.284137890421326,16.27095685437079,,13.912989176042732,13.4,12.887010823957269,1072948.8,973054.55,1.2173190370314035,13.214333128400815
2026-05-11,3323,35.8,37.0,34.35,34.7,2413027.0,86300298.0,34.739999999999995,34.254999999999995,33.775,35.65583333333334,37.75291666666667,38.801458333333336,76.9230769230769,76.92307692307689,0.0656369524769218,-0.19480469286800817,0.26044164534493,21.46804846096662,6.542797894655306,26.672439899690854,,35.18716519087387,33.775,32.36283480912613,1747234.0,1012250.5,1.3810554281796257,35.76433168795874
2026-05-11,3324,1040.0,1050.0,990.0,995.0,2759717.0,2793440220.0,1060.0,1105.0,1091.5,1042.3166666666666,1023.6583333333333,1014.3291666666667,27.692307692307693,27.692307692307693,8.58488007647611,22.94375865641908,-14.35887857994297,17.433899479260813,17.471445699725205,21.00531804674956,,1219.6076849660801,1091.5,963.3923150339198,4233545.2,3994413.6,0.6518690292948803,1012.2198109443831
2026-05-11,3325,12.1,12.35,12.0,12.05,507390.0,6150328.0,12.62,12.790000000000001,12.9325,13.707500000000001,14.37875,14.714374999999999,21.212121212121204,21.212121212121204,-0.22143218317510716,-0.19062039306553302,-0.030811790109574133,8.366557003430803,17.431846940532747,30.200302766987235,,13.59683583770796,12.9325,12.268164162292038,306330.4,271201.9,1.6563488311966426,12.121500226650111
2026-05-11,3332,66.7,67.9,64.2,64.5,17108.0,1112033.0,64.96000000000001,63.92,63.1,59.781666666666666,57.490833333333335,56.345416666666665,74.35897435897435,74.35897435897435,1.3853577259269656,1.2995536800444831,0.08580404588248247,29.76914025599854,9.377333629224923,39.97395501949826,,65.50962980340816,63.1,60.69037019659184,32682.0,28311.65,0.5234685759745425,65.00075987841946
2026-05-11,3338,72.1,72.4,70.5,72.4,1655070.0,118731538.0,73.5,74.66,72.2,61.97833333333334,56.78208333333334,55.93999999999999,26.31578947368422,57.82122905027935,3.1714940776236773,3.97941043760425,-0.8079163599805725,28.9837887323798,15.518914642138013,43.1516616528458,,85.57822268110631,72.2,58.821777318893695,1963695.4,5297141.55,0.8428343825625909,71.73807633513991
2026-05-11,3339,49.15,53.0,47.6,48.05,3097608.0,154731280.0,57.65,56.74499999999999,58.4875,41.372499999999995,34.68625,31.343125,36.893203883495154,36.893203883495154,3.020400191020464,4.345698380959843,-1.325298189939379,30.36903546568762,17.954063622145853,53.14335956769177,,71.28815273829109,58.4875,45.686847261708905,4572232.8,4946642.6,0.6774825638799494,49.951859628461705
2026-05-11,3346,17.1,17.1,16.6,16.75,964293.0,16137128.0,17.11,17.19,17.705000000000002,19.3875,19.70791666666667,22.385416666666668,36.66666666666665,30.26315789473682,-0.4976429466922454,-0.49090924333038904,-0.006733703361856358,20.278859983625,24.93188946103249,23.313035561653365,,18.852491543369947,17.705000000000002,16.557508456630057,698757.4,472763.3,1.3800111454991388,16.734672967656095
2026-05-11,3349,19.15,19.2,17.15,19.0,271429.0,5062009.0,22.830000000000002,24.22,25.615,27.53916666666667,28.694583333333334,29.272291666666668,14.361702127659584,14.361702127659584,-1.4102832825745644,-0.8999394931958957,-0.5103437893786686,10.261812201452173,46.37308513780249,29.31620589410324,,30.096435390351466,25.615,21.13356460964853,334031.0,185768.85,0.812586256964174,18.649477395562005
2026-05-11,3354,33.7,34.5,32.25,33.0,1306567.0,43546884.0,33.82,30.255000000000003,28.725000000000005,26.780833333333337,25.665416666666665,25.107708333333335,66.58354114713217,66.58354114713218,1.8154825396732903,1.013504939811812,0.8019775998614784,39.855211936594,22.91670851948588,22.975031846845177,,35.16194108457707,28.725000000000005,22.288058915422937,6203637.6,1883618.8,0.21061304419200763,33.3292391434959
2026-05-11,3356,54.8,59.9,54.3,59.7,3170822.0,184278203.0,56.64000000000001,54.9,53.605,50.05916666666666,48.209583333333335,49.79208333333334,73.94957983193277,71.27659574468086,1.8913663247185326,1.4637285179174917,0.4276378068010409,33.062853637863846,10.90896347149474,28.82590670684291,,57.8612523668745,53.605,49.34874763312549,1665462.4,1041527.85,1.9038688594831081,58.116855187708424
2026-05-11,3357,221.0,249.5,218.0,220.0,13240307.0,3074920587.0,188.5,177.05,174.0,161.68333333333334,156.84166666666667,154.42083333333332,80.55555555555556,80.55555555555556,8.173180456727124,4.332699633571927,3.840480823155197,44.31823850376821,10.285872425714803,26.806470538252267,,201.7280021866552,174.0,146.2719978133448,8326489.2,4939679.0,1.5901428179357993,232.23937231969018
2026-05-11,3360,15.6,15.9,14.9,14.9,1339040.0,20299634.0,13.970000000000002,13.63,13.670000000000002,14.525,14.4625,14.43125,76.66666666666664,76.66666666666664,-0.11215479396382477,-0.28529962573770923,0.17314483177388446,38.053875498899984,8.656061425628103,24.77619528935154,,14.628287947056473,13.670000000000002,12.71171205294353,841162.0,410881.35,1.5918931192802337,15.159841378898316
2026-05-11,3362,113.0,120.0,111.5,112.5,6612631.0,760991028.0,107.4,107.7,108.725,103.09333333333333,103.79666666666667,104.14833333333333,62.16216216216216,62.16216216216216,1.5727018520602627,1.710688453008305,-0.13798660094804238,27.30887041735936,12.512319129676818,21.208174978076915,,114.16824786946391,108.725,103.28175213053608,1994485.4,1021584.7,3.3154572101655897,115.08142946430853
2026-05-11,3363,936.0,946.0,836.0,841.0,5946844.0,5240031985.0,818.2,800.5,809.65,652.025,540.0125,484.00625,76.08695652173913,76.08695652173913,30.315139637229663,34.76696096785377,-4.451821330624107,35.18760728571208,10.06316462174775,44.267861488330915,,914.856113490561,809.65,704.4438865094389,1661198.6,2463930.6,3.5798513194027493,881.1450216282788
2026-05-11,3372,19.35,20.0,19.3,19.55,883923.0,17417084.0,19.71,19.135,19.2275,20.391666666666666,20.495833333333334,20.547916666666666,86.20689655172418,86.20689655172418,-0.18731163439301923,-0.3728490135528335,0.18553737915981428,14.646250937442653,13.115763750281898,21.44934549015294,,20.711972261356472,19.2275,17.743027738643526,1024010.4,721866.3,0.8631972878400453,19.704300035184062
2026-05-11,3373,16.85,17.0,16.8,16.8,54604.0,920742.0,16.830000000000002,16.865000000000002,16.915,17.445833333333333,18.14791666666667,18.498958333333338,25.00000000000044,25.00000000000044,-0.11060778996760234,-0.1274711423733378,0.016863352405735443,15.441465440072507,9.951015692052225,33.65677200136909,,17.070935209217424,16.915,16.759064790782574,78362.0,68608.55,0.696817334932748,16.862171269504067
2026-05-11,3374,279.5,285.0,273.0,278.0,47620022.0,13444690255.0,227.2,214.0,202.475,179.275,171.6375,167.81875,79.24528301886792,79.24528301886792,15.692842444682839,10.443639962563898,5.249202482118941,47.37025211753803,5.969260240933421,42.40650499238157,,246.7973538706101,202.475,158.1526461293899,25626944.2,13144118.75,1.85820133794961,282.3327182629189
2026-05-11,3376,203.5,209.5,201.5,206.5,3282092.0,671409653.0,206.9,206.5,206.1,206.81666666666666,207.40833333333333,209.28333333333333,53.52112676056338,51.65562913907284,0.41787100282280676,0.6400089150456592,-0.2221379122228524,22.16009723343493,19.990374836078697,8.049865578315218,,223.2697408250689,206.1,188.93025917493108,4884890.2,6499530.1,0.6718865451673817,204.567590731765
2026-05-11,3379,34.15,37.55,34.15,37.55,1007610.0,37185923.0,37.79,38.315,38.075,40.029999999999994,42.565000000000005,43.8325,36.263736263736305,36.2637362637363,-0.24079939918981097,-0.24428596758008053,0.003486568390269562,11.216992944886464,22.710503474824435,26.404433319670574,,40.03526314023089,38.075,36.11473685976912,485025.2,1771928.75,2.07743845062071,36.9050753763857
2026-05-11,3380,31.9,32.35,31.75,32.2,2053330.0,65857615.0,32.64,33.470000000000006,36.33,35.23583333333333,33.154583333333335,30.453125,38.333333333333364,19.21708185053383,-1.2496795892202215,-0.5843235919806051,-0.6653559972396164,16.061567984469445,27.393837422342,23.07360460644257,,43.10770338373507,36.33,29.552296616264925,4472589.8,5593892.25,0.45909195607430847,32.073565866178356
2026-05-11,3388,110.0,110.5,97.2,97.2,5041293.0,508203108.0,108.44000000000001,111.52000000000001,107.93000000000002,78.88833333333332,70.34416666666667,66.07208333333332,20.477815699658706,20.47781569965869,7.782669159475887,10.338736517692343,-2.556067358216456,19.163428234451715,16.968766368431723,67.46605914883443,,128.89383853963284,107.93000000000002,86.96616146036722,4152334.8,2661499.6,1.2140863496845198,100.80808792506208
2026-05-11,3390,28.0,28.95,26.85,26.85,5173415.0,145092383.0,27.490000000000002,26.395,25.6125,23.610000000000003,22.955,22.6275,65.0,65.0,1.0804099634489894,0.9243275052738904,0.15608245817509903,27.03702716978027,12.36681117896082,42.95916042454135,,28.076103479714828,25.6125,23.148896520285174,4453392.8,1790038.75,1.1616794727830881,28.045765321359294
2026-05-11,3402,140.5,140.5,135.0,135.5,791188.0,108595803.0,140.8,135.8,132.7,129.18333333333334,129.09166666666667,129.04583333333332,61.40350877192982,61.40350877192982,3.2036342515816614,2.299884122598314,0.9037501289833472,24.22242422113663,17.409564441030145,20.044749310880167,,144.422223607993,132.7,120.97777639200697,1876659.8,1141354.2,0.4215937273234073,137.25663559103526
2026-05-11,3406,512.0,512.0,500.0,510.0,817130.0,414340777.0,512.8,513.1,514.1,467.825,449.3541666666667,429.3979166666667,50.724637681159415,38.513513513513516,12.416020483300088,15.633228805988109,-3.2172083226880215,26.178036393859145,18.43791867312089,25.20953384840151,,542.6133394451788,514.1,485.5866605548213,1126630.0,2135903.1,0.7252869176215794,507.068369782042
2026-05-11,3413,309.0,313.0,296.0,308.5,3655573.0,1110750222.0,315.1,313.75,317.325,304.68333333333334,307.3041666666667,,48.86363636363637,39.67391304347826,1.6067060819569292,3.0029862153347726,-1.3962801333778434,19.961063834859665,24.316662030135134,13.883363297065271,,331.6088701817278,317.325,303.04112981827217,2969995.8,2355841.2,1.2308344005065597,303.85119432712736
2026-05-11,3416,178.5,179.0,169.5,171.5,861898.0,148976436.0,167.4,161.8,159.975,151.66666666666666,153.93333333333334,152.96458333333334,75.0,63.829787234042556,4.736461656998301,3.1475774300435573,1.588884226954744,34.67731721384823,12.2431530538799,22.15401722846868,,172.04704251675108,159.975,147.9029574832489,1056785.4,644836.55,0.8155846967605723,172.846944766086
2026-05-11,3419,14.5,14.5,14.15,14.25,405362.0,5776076.0,14.809999999999999,15.265,15.4375,15.425833333333335,14.38125,13.918541666666666,20.689655172413822,33.33333333333333,-0.21783748145624848,-0.02288547742425529,-0.1949520040319932,15.649584426977059,26.929480013339152,17.150737025965753,,17.454761040436637,15.4375,13.420238959563363,489045.8,936158.95,0.8288835115238695,14.24917974551142
2026-05-11,3426,47.7,47.7,47.7,47.7,17003.0,811042.0,47.7,47.675,47.6625,,,,100.0,100.0,0.14705254248850963,0.196432954344444,-0.049380411855934364,23.81690264081237,9.483045758704179e-12,98.65075188151548,,47.706926165835554,47.6625,47.61807383416445,36620.6,39873.65,0.4643015133558708,47.69993530553432
2026-05-11,3430,173.0,187.5,172.5,172.5,6590733.0,1186774250.0,156.1,140.25,121.72,87.46833333333332,75.88416666666666,70.09208333333332,93.16239316239316,93.16239316239316,20.220497646524848,16.30205176218354,3.918445884341306,52.683248857976174,1.3462774463076077,67.67115790643821,,174.8549265648562,121.72,68.58507343514378,2761538.4,1938989.1,2.3866164598688906,180.0671108964663
2026-05-11,3432,20.0,20.15,19.65,19.95,298012.0,5914777.0,20.92,20.965,18.9125,17.80666666666667,16.05625,,54.7008547008547,59.31232091690544,1.0810489796662424,1.0169479733140994,0.064101006352143,28.20534647628034,17.769340652977736,28.40946945156132,,23.52322833611716,18.9125,14.301771663882842,461637.4,395977.05,0.6455542813472218,19.847445740439984
2026-05-11,3434,28.4,29.05,28.35,28.35,92697.0,2645651.0,28.77,28.885,29.327500000000004,29.4275,30.08875,30.419375000000002,30.303030303030326,30.303030303030326,-0.15518835167051748,-0.08796790157188282,-0.06722045009863466,10.262615472685683,13.116209558789906,15.507156776903054,,30.98167335055437,29.327500000000004,27.673326649445638,82847.0,59087.65,1.1188938645937692,28.540848139637745
2026-05-11,3437,26.05,26.55,25.65,25.7,2685965.0,69879752.0,26.65,26.080000000000002,25.77,20.720833333333335,17.677083333333332,16.491041666666668,39.24050632911391,35.90604026845638,1.2969520296897024,1.5256649004039586,-0.22871287071425628,26.93907758060452,19.5013552402405,25.729812318450346,,29.531494663729195,25.77,22.008505336270805,5859723.4,8800160.85,0.4583774380886306,26.016627915851473
2026-05-11,3438,63.4,67.5,62.7,65.0,995699.0,65161090.0,65.16,60.11,55.295,49.124166666666675,48.21208333333333,47.75604166666666,75.63451776649747,75.63451776649748,4.75419547763655,3.6026227118979604,1.1515727657385897,30.032828136000983,6.612744733221283,57.34090837767633,,69.29935646504336,55.295,41.290643534956644,1260715.4,555313.55,0.7897888770137972,65.44255844386707
2026-05-11,3441,44.65,46.4,43.1,44.45,5923949.0,265356258.0,41.79,37.655,35.2925,34.06166666666667,34.73083333333333,35.065416666666664,79.8365122615804,79.8365122615804,2.4101472746109778,1.2567746828188755,1.1533725917921023,45.32583380865694,2.840522671285787,40.21435782940231,,43.32154431620473,35.2925,27.263455683795264,3510401.4,1007041.1,1.6875417722884911,44.79381203315559
2026-05-11,3443,5300.0,5730.0,5245.0,5730.0,2419167.0,13526016300.0,5236.0,4739.0,4091.0,3021.5833333333335,2434.2916666666665,1810.6916666666666,87.6923076923077,85.24590163934427,687.628181101381,543.7520006379125,143.87618046346847,48.30158110542758,7.3977798674952915,51.4166169187875,,5758.404538417976,4091.0,2423.5954615820237,3313663.0,2270332.7,0.7300582467197178,5591.187503797795
2026-05-11,3444,95.9,97.0,91.0,92.5,505353.0,47142473.0,90.82000000000001,88.1,85.465,72.06666666666666,69.33333333333331,67.96666666666665,73.07692307692307,73.07692307692307,5.089323261501747,5.015955843918936,0.07336741758281118,27.44065765264886,10.477139598588064,49.34819956824169,,94.96475622955963,85.465,75.96524377044038,677659.8,585115.95,0.7457325932569705,93.2862236891836
2026-05-11,3447,39.4,39.4,38.35,38.4,289872.0,11210290.0,38.88,38.225,38.6125,40.568333333333335,47.6375,51.94375,61.11111111111111,48.24120603015074,-0.3285598660997593,-0.5564228929862854,0.22786302688652615,18.019103583731106,23.152528499005907,15.536695821377062,,40.488631237696225,38.6125,36.73636876230377,224574.8,212294.65,1.290759248143603,38.67324198266821
2026-05-11,3450,426.0,438.5,391.0,428.0,30833196.0,12774162314.0,384.8,346.7,346.075,291.9,274.9375,240.13125,87.27810650887574,58.720930232558146,25.581372145187345,17.745850277592293,7.835521867595052,37.53976198214042,11.245889131958501,26.21742817245703,,420.610950351068,346.075,271.53904964893195,31567914.6,24452078.3,0.9767257796623664,414.2990014398767
2026-05-11,3455,289.0,289.0,264.0,264.5,500538.0,135669940.0,273.1,260.45,238.975,165.51666666666668,137.00833333333333,122.75416666666666,59.64125560538117,59.64125560538117,27.52962354441027,28.025775325696607,-0.4961517812863363,28.319440726027594,10.215652212543317,73.95821574382882,,302.0993342851822,238.975,175.85066571481784,3529772.0,6579253.15,0.14180462647445785,271.048232102258
2026-05-11,3465,27.5,27.85,27.35,27.85,17180.0,472998.0,27.630000000000003,29.935000000000002,31.654999999999994,39.20166666666667,42.200833333333335,43.70041666666667,17.482517482517522,17.482517482517522,-2.8589007325428497,-2.645483754422345,-0.21341697812050464,11.960290664608767,38.321726966771166,66.75875392628755,,36.7197283919486,31.654999999999994,26.59027160805139,58685.6,36307.95,0.29274643183336285,27.531897555296858
2026-05-11,3466,39.45,39.45,37.0,37.0,664919.0,25113856.0,39.88000000000001,39.28,39.417500000000004,37.428333333333335,37.98916666666666,38.26958333333333,41.99134199134199,41.99134199134199,0.6599697556844006,0.7586090914687555,-0.09863933578435491,36.383372310670175,20.043334354913064,33.42170161640306,,42.05214269024527,39.417500000000004,36.78285730975474,1715156.4,921942.15,0.38767251779487866,37.769797524209714
2026-05-11,3467,66.0,67.5,64.6,65.2,267831.0,17634876.0,68.66,65.59,62.235,47.3125,43.33125,41.340625,55.78635014836796,55.78635014836796,5.891332478758258,5.8168722676309645,0.07446021112729362,31.812007475933385,13.291455372036252,60.96244851422381,,73.73626308852958,62.235,50.73373691147042,938934.6,651547.2,0.285249899194257,65.84329670575848
2026-05-11,3479,105.0,105.5,102.0,102.0,1012081.0,104760360.0,97.58,94.46000000000001,92.86500000000001,90.24166666666666,89.47083333333333,89.08541666666666,93.79844961240312,93.79844961240312,2.1897607585469814,1.2928820433682273,0.8968787151787541,45.19591322847072,7.67860633022697,30.912347056004872,,99.1411956294356,92.86500000000001,86.58880437056442,581803.4,365050.7,1.739558414405966,103.5098574125984
2026-05-11,3481,32.0,32.3,31.05,32.3,417999548.0,13384298780.0,29.360000000000003,26.814999999999998,26.385,25.2575,19.497083333333332,16.165208333333332,96.13259668508286,73.38403041825093,1.1509477647288904,0.4736830740227397,0.6772646907061507,37.55609726982736,12.31691699295094,23.657215535539525,,30.975963664463215,26.385,21.794036335536788,679214493.6,366331096.1,0.6154161195596725,32.01988816504653
2026-05-11,3483,88.8,90.2,87.0,87.7,1122659.0,99601904.0,91.36,92.17999999999999,91.17999999999999,86.07166666666667,85.08583333333333,84.59291666666667,27.027027027027046,27.027027027027046,1.796476906620697,2.293276557629102,-0.4967996510084052,20.236839242652678,12.69994464548743,43.66591464357135,,96.21862972182724,91.17999999999999,86.14137027817274,1106059.6,877009.9,1.0150076903631593,88.71964149398883
2026-05-11,3484,42.75,42.9,42.1,42.35,325444.0,13800651.0,44.6,44.665000000000006,44.9875,46.59666666666667,47.723333333333336,48.28666666666666,21.68674698795178,21.68674698795178,-0.5099408779914469,-0.44416550743175165,-0.06577537055969529,5.394463688438609,25.98545457614918,26.62659404527058,,46.62517325318904,44.9875,43.349826746810955,335865.8,237003.9,0.9689703447031524,42.40560895269232
2026-05-11,3489,22.0,22.2,21.3,21.55,197681.0,4265646.0,21.939999999999998,22.01,22.4925,21.749166666666667,21.12458333333333,20.812291666666667,29.629629629629576,29.629629629629576,-0.17362378655107236,-0.05400810913092481,-0.11961567742014755,15.475228669244787,26.181871415832774,22.07593969717537,,24.150740983058487,22.4925,20.834259016941512,103797.8,97753.85,1.9044815978758702,21.578431918090256
2026-05-11,3490,39.2,39.2,35.15,36.9,8333672.0,318297292.0,31.939999999999998,31.025,30.372499999999995,26.69333333333333,25.071666666666665,24.260833333333334,71.47651006711409,71.47651006711409,1.4973131612697514,1.2005926872857835,0.29672047398396795,41.975532909372255,9.050638396565866,36.707210464151586,,33.9186580396402,30.372499999999995,26.826341960359795,4234572.6,2479910.7,1.9680078220881136,38.19412283084815
2026-05-11,3491,1650.0,1725.0,1615.0,1690.0,2223617.0,3738830340.0,1648.0,1614.5,1618.0,1499.25,1389.625,1334.8125,72.58064516129032,72.58064516129032,22.822810066331613,21.21966849436505,1.6031415719665638,16.433498239212856,7.650620490234079,22.152687204762962,,1760.0303896317523,1618.0,1475.9696103682477,1758466.6,1655142.6,1.264520463453784,1681.418310797228
2026-05-11,3492,22.7,22.7,22.25,22.25,70650.0,1592877.0,22.61,22.580000000000002,22.835,23.67,24.259999999999998,24.555,41.17647058823527,41.17647058823527,-0.3024432105889474,-0.3207164506651427,0.018273240076195296,21.724327663454147,21.912046356746494,21.276689067388563,,23.812698694303204,22.835,21.857301305696797,81686.0,65347.1,0.8648972896212326,22.546029723991506
2026-05-11,3494,8.02,8.02,7.78,7.8,122879.0,971432.0,8.026,7.943,8.0565,8.435,8.827083333333333,11.210708333333333,52.17391304347825,37.34939759036145,-0.07887253090379076,-0.08477418969583383,0.005901658792043074,20.40474668159388,22.500911245848577,8.659556400759802,,8.440291335849802,8.0565,7.672708664150197,152836.6,123436.0,0.8039893585698713,7.905598190089438
2026-05-11,3498,141.0,149.0,132.5,149.0,7585878.0,1091590283.0,106.44000000000001,97.94,92.19500000000001,71.7925,59.846250000000005,53.873125,89.34531450577663,89.34531450577663,9.82897167053099,6.512330495129122,3.316641175401868,44.316787823190005,4.754316122669356,62.14477669502173,,120.30234873003117,92.19500000000001,64.08765126996884,4986330.0,5668053.2,1.5213349296977938,143.8976850141803
2026-05-11,3499,14.65,14.7,14.25,14.5,90698.0,1313533.0,15.280000000000001,15.405000000000001,15.777499999999998,16.891666666666666,16.645833333333332,16.522916666666667,20.588235294117695,20.588235294117695,-0.5543370089236284,-0.520147265782894,-0.03418974314073431,9.036146110811739,27.537243431354412,33.43016483521336,,17.107903579448912,15.777499999999998,14.447096420551086,122281.2,142627.3,0.7417166334645064,14.482491344902865
2026-05-11,3501,47.35,47.35,46.75,47.15,144697.0,6815366.0,47.45,47.190000000000005,47.5625,49.309999999999995,49.4725,52.675,57.89473684210517,33.76623376623381,-0.30690259658688035,-0.37878504878146474,0.07188245219458439,19.541833002564438,21.404638166902117,10.493335090807665,,48.66220091628096,47.5625,46.46279908371904,126670.4,140154.35,1.1423110687263955,47.100948879382436
2026-05-11,3504,61.7,63.3,61.5,62.8,514332.0,32164563.0,64.3,64.46000000000001,65.21000000000001,59.019999999999996,56.06791666666667,53.395,47.05882352941176,30.53097345132744,1.440137836154264,2.138989751596263,-0.698851915441999,20.948175281281785,20.567354530267124,22.705081153971783,,73.38000934097278,65.21000000000001,57.03999065902724,685491.4,1894712.55,0.7503113824622745,62.53657754135461
2026-05-11,3508,20.0,20.15,19.35,19.55,392059.0,7733336.0,21.4,22.07,23.09,30.495833333333334,29.847916666666666,29.523958333333333,27.70270270270271,27.70270270270271,-2.459114717230772,-2.6558782350940575,0.1967635178632854,13.157232043613853,28.6756029267822,33.495620110712956,,26.28367796550767,23.09,19.89632203449233,760286.0,980718.45,0.5156730493524805,19.724929156070896
2026-05-11,3511,20.5,20.9,19.8,19.8,318275.0,6446034.0,21.66,22.27,22.062500000000004,20.488333333333333,20.469166666666663,20.459583333333335,12.345679012345684,12.345679012345684,0.36734362231496576,0.6616001372409417,-0.29425651492597593,14.024947836234228,17.44936338663633,43.319917242331215,,24.252399060399064,22.062500000000004,19.872600939600943,494943.4,1464380.25,0.6430533269056623,20.25303275469327
2026-05-11,3512,20.55,20.55,20.2,20.2,110357.0,2239045.0,20.33,20.805,21.215,20.9125,20.606250000000003,20.453125,20.512820512820554,20.512820512820554,-0.23976163648480409,-0.07555011138427878,-0.1642115251005253,13.439441760786796,21.732571269815292,35.7164422854961,,22.41240948454746,21.215,20.01759051545254,158187.6,103035.6,0.6976336956879047,20.28910717036527
2026-05-11,3515,234.5,234.5,223.5,232.5,2095944.0,480389151.0,241.2,239.0,231.825,222.24166666666667,247.92083333333332,245.36875,43.99999999999999,57.522123893805315,5.761469419644897,5.0759942300252225,0.685475189619674,31.06315099860886,28.10116869509206,27.67990756125213,,248.51497492982014,231.825,215.13502507017984,1628875.4,1197659.95,1.2867429884446657,229.19942088147394
2026-05-11,3516,25.5,25.5,22.9,22.9,2223633.0,52041492.0,20.82,20.565,20.3375,19.854166666666664,19.902083333333334,19.926041666666666,79.06976744186048,79.06976744186048,0.3692624271481293,0.22209966252024746,0.14716276462788183,48.97653737280168,4.114196759526874,29.371510710467486,,21.68300909950182,20.3375,18.991990900498177,528331.2,173943.05,4.208786079640953,23.403813489006506
2026-05-11,3518,35.8,39.0,34.1,37.0,2204909.0,80956489.0,37.260000000000005,34.709999999999994,31.1125,24.529999999999998,22.6275,20.556458333333335,71.00000000000001,68.26196473551637,3.76827237631489,3.302118969776616,0.466153406538274,36.40395457157725,16.186954060551944,47.127168019997356,,41.206733632702296,31.1125,21.018266367297706,2188333.0,2094709.8,1.0075747155483192,36.71647628088053
2026-05-11,3520,15.05,15.05,14.7,14.9,198625.0,2949163.0,15.440000000000001,15.064999999999998,14.6875,14.692499999999999,14.796250000000002,14.848125,55.00000000000003,55.00000000000003,0.23528608574518017,0.152948657867757,0.08233742787742318,22.205531653986196,15.245521224199631,27.33613985044699,,15.827617722453532,14.6875,13.547382277546468,561075.4,249958.95,0.35400767882534145,14.847894273127753
2026-05-11,3521,13.2,13.2,13.0,13.1,46316.0,607138.0,13.66,13.805000000000001,13.977500000000001,14.572499999999998,15.18625,15.493125000000001,26.47058823529413,26.47058823529413,-0.18401086526786337,-0.14687150419660966,-0.03713936107125371,18.0656798779048,17.760987082502357,22.883860791878252,,14.68272486148968,13.977500000000001,13.272275138510322,118346.8,93536.65,0.39135827922681476,13.108601779082822
2026-05-11,3522,12.9,13.2,12.6,12.65,167905.0,2158445.0,12.5,12.540000000000001,12.709999999999999,13.849166666666667,14.924583333333334,15.462291666666665,55.55555555555564,55.55555555555564,-0.25827725057645345,-0.309750902814681,0.05147365223822753,21.5683920402181,15.529330259797769,54.98040828228756,,13.257338055837891,12.709999999999999,12.162661944162107,100860.0,99570.45,1.6647332936744001,12.855156189511927
2026-05-11,3523,11.65,11.65,10.5,10.55,128535.0,1372301.0,12.27,12.425,12.535,,,,23.456790123456784,23.456790123456784,-0.5989320398571536,-0.6143446450225117,0.01541260516535814,13.1928799252437,44.0514840477544,33.92069450851733,,13.521274222569648,12.535,11.548725777430352,28129.2,15313.85,4.569450961989676,10.676477224102385
2026-05-11,3526,385.0,385.0,373.5,374.0,839896.0,318719589.0,377.0,356.8,330.175,296.8833333333333,279.19166666666666,270.34583333333336,61.640211640211646,61.64021164021164,23.254849698578482,18.18971802501225,5.065131673566231,36.1534304523415,15.698590700939622,38.17430217811683,,407.1768967640616,330.175,253.1731032359384,2354396.2,1662396.2,0.3567352003031605,379.4750647699239
2026-05-11,3527,62.3,62.5,60.0,60.0,172232.0,10495469.0,61.7,59.779999999999994,58.98,56.11333333333334,54.906666666666666,54.303333333333335,55.78947368421053,55.78947368421053,1.5481315332172514,1.2799636137834214,0.26816791943383,25.375788343029736,4.349497317447038,50.07364022476025,,63.74681511239831,58.98,54.213184887601685,573791.2,397448.3,0.3001649380471503,60.937973198940966
2026-05-11,3528,88.0,88.0,81.9,82.5,2837334.0,235671916.0,85.84,82.46000000000001,77.56500000000001,70.54333333333332,70.88166666666666,74.98166666666667,56.63265306122447,68.5512367491166,4.7817395672771426,3.9190748806598816,0.8626646866172609,39.91885875397247,16.357331570942577,49.183121850507945,,89.74786544809226,77.56500000000001,65.38213455190777,1261717.8,646612.3,2.2487865353092427,83.06104110407868
2026-05-11,3529,3960.0,4025.0,3800.0,3830.0,509287.0,1982027565.0,4321.0,4136.5,4015.0,2873.0,2281.5,1985.75,48.07121661721068,48.07121661721068,329.96603971706236,364.4684750867926,-34.50243536973022,28.194614111202043,15.680816208234061,64.42651901311496,,4624.676359356253,4015.0,3405.3236406437472,1127061.8,919718.9,0.4518714058093354,3891.7694050702257
2026-05-11,3530,67.3,69.5,66.0,69.5,560502.0,38290978.0,67.96000000000001,66.22999999999999,64.66499999999999,63.04833333333333,63.770833333333336,61.693333333333335,65.80645161290325,61.016949152542374,1.777488806502646,1.3795236796258217,0.3979651268768243,31.036209699923855,17.877780071029665,19.400628730268828,,70.34312978847211,64.66499999999999,58.986870211527865,604960.2,447933.7,0.9265105373874183,68.31550645671201
2026-05-11,3531,23.4,23.4,23.4,23.4,1014.0,23721.0,23.139999999999997,22.895,,,,,80.0,80.0,0.4277657691929875,0.3996748699686514,0.028090899224336052,18.69428237870083,9.216163842152246,39.88486485520428,,,,,6836.2,6256.75,0.1483280184898043,23.393491124260354
2026-05-11,3532,255.0,269.5,255.0,268.0,967292.0,256418089.0,253.4,220.5,202.075,159.51666666666668,128.28333333333333,104.955,93.88888888888889,79.49640287769785,27.272240220915847,19.589733407033815,7.682506813882032,42.98898189038463,7.53659344618768,41.98511059185045,,266.4589429148544,202.075,137.6910570851456,11264505.8,5630100.95,0.08587078893421138,265.0886071630904
2026-05-11,3533,2680.0,2870.0,2655.0,2845.0,2086596.0,5811676890.0,2724.0,2687.5,2580.75,2042.8333333333333,1688.7916666666667,1532.875,64.74358974358975,58.208955223880594,174.50522125375483,178.23277993509416,-3.7275586813393318,29.740110235394134,17.69276027792933,37.41390647668709,,2917.7846694645114,2580.75,2243.7153305354886,2120144.0,1666512.3,0.9841765464987284,2785.242993852188
2026-05-11,3535,126.0,129.0,122.5,126.0,3701642.0,466261281.0,133.7,130.65,127.675,118.98833333333333,99.7075,76.21749999999999,46.57534246575342,51.0948905109489,3.34788672797076,3.426853887302684,-0.07896715933192411,25.721777559642327,19.620383121517214,21.740134410777223,,142.85557969907515,127.675,112.49442030092484,13198860.4,9124014.65,0.28045163656704786,125.96066313273947
2026-05-11,3537,51.5,56.5,51.4,53.0,4683357.0,253322165.0,47.029999999999994,44.935,44.7175,44.93333333333333,45.56666666666667,45.88333333333333,80.11869436201778,80.11869436201778,0.7804652417238032,-0.024320440133414403,0.8047856818572175,52.94799992385861,14.46430945656481,26.611821167334504,,49.826241218940844,44.7175,39.60875878105916,1490299.0,478787.5,3.142561995948464,54.089868656179746
2026-05-11,3540,26.9,26.9,26.0,26.2,364207.0,9541014.0,27.2,27.540000000000003,27.437500000000007,28.493333333333332,29.596666666666668,30.148333333333333,25.373134328358162,25.373134328358162,-0.17877847941997516,-0.13865522550684184,-0.04012325391313332,8.633647198406349,21.408328797629412,23.189113946036727,,28.663479737104037,27.437500000000007,26.211520262895977,296086.6,289411.15,1.2300691757073776,26.19667936091289
2026-05-11,3541,22.8,22.9,22.8,22.8,84733.0,1937007.0,23.11,23.28,23.5,24.446666666666665,25.273333333333333,25.686666666666667,15.789473684210705,15.789473684210705,-0.3010426802600641,-0.28082587478889026,-0.020216805471173827,9.093408528001925,33.32526014985141,52.15887865526992,,24.168856054059855,23.5,22.831143945940145,113282.8,74002.55,0.7479776276716323,22.86012533487543
2026-05-11,3543,39.85,39.85,38.25,38.6,1484261.0,57439065.0,39.36,39.935,41.655,45.37333333333333,44.263333333333335,35.16375000000001,21.111111111111143,33.09090909090911,-1.8038177962810948,-1.666100166046812,-0.13771763023428285,21.761992888010475,25.103789371685714,13.819139710464077,,45.89837254154235,41.655,37.41162745845765,1136931.6,1372537.65,1.3054971820644266,38.69876322291026
2026-05-11,3545,57.1,58.2,55.6,57.6,4067471.0,231943321.0,54.84000000000001,52.760000000000005,51.910000000000004,,,,100.0,65.81196581196582,1.705842203698019,1.151977549677645,0.553864654020374,34.29810025971393,7.102159297413178,39.3250812234265,,57.08794919777433,51.910000000000004,46.73205080222568,3478806.6,2657392.65,1.169214465673372,57.02396427657382
2026-05-11,3546,78.6,78.7,78.6,78.7,751742.0,59138020.0,70.05999999999999,70.36,70.67999999999999,70.72666666666666,72.26333333333334,73.03166666666667,74.68354430379742,74.68354430379742,0.22898239109984786,-0.1128795788856693,0.34186196998551716,35.72042436975356,12.202695833794188,24.1838445322213,,75.26124322358946,70.67999999999999,66.09875677641053,309398.4,181235.15,2.4296893584452923,78.6679738527314
2026-05-11,3548,94.6,96.7,92.8,93.0,629387.0,59673321.0,100.1,100.6,101.225,89.16000000000001,86.43,85.06500000000001,26.470588235294116,26.470588235294116,2.583372340398512,3.7339112392651956,-1.1505388988666838,16.20994613762893,17.266649985155027,49.04894138227502,,107.72580966617195,101.225,94.72419033382803,898233.2,945626.85,0.7006944299097384,94.81181053946142
2026-05-11,3550,21.55,21.65,21.0,21.4,2973012.0,63274085.0,22.1,21.115000000000002,20.615000000000002,18.76833333333333,16.220833333333335,15.181458333333332,51.13636363636362,50.73891625615763,0.8295690311604744,0.7545671199761497,0.07500191118432475,30.00629856823003,16.97258884825986,26.14416443283524,,23.168449678994758,20.615000000000002,18.061550321005246,6515271.8,4518834.8,0.4563143474689728,21.2828219327739
2026-05-11,3551,217.0,217.0,205.0,206.5,1576816.0,330289429.0,210.0,202.55,198.35,186.26666666666668,183.63333333333333,182.31666666666666,68.25396825396825,68.25396825396825,6.318163695304122,5.2123134826308934,1.1058502126732286,23.560495122939,12.028266953511526,26.949198628034246,,215.49673515033643,198.35,181.20326484966355,4438104.0,1759214.4,0.355290457366479,209.46605628050452
2026-05-11,3552,55.5,56.6,53.0,53.0,524105.0,28557133.0,54.239999999999995,54.45,55.515,52.997499999999995,53.348749999999995,53.524375,32.692307692307736,32.692307692307736,0.08404893375964662,0.4616884774537587,-0.37763954369411207,16.98451121748187,8.816916037188118,44.03165507029928,,59.716390747184356,55.515,51.313609252815645,427418.8,454321.95,1.2262095162870703,54.487427137691874
2026-05-11,3555,216.0,224.0,205.0,205.0,275367.0,58823155.0,228.4,240.4,244.925,179.96666666666667,152.48333333333332,138.74166666666667,34.30656934306569,34.30656934306569,9.128289302951146,16.724975429388657,-7.596686126437511,27.794961609061207,28.422829865779036,42.21629249165611,,277.4960155296323,244.925,212.35398447036772,525810.6,353157.0,0.5236999786615181,213.6172998216925
2026-05-11,3556,54.3,55.0,52.2,52.2,428052.0,22867923.0,52.46,51.52,50.425,45.70666666666667,44.00333333333333,43.151666666666664,78.12499999999999,78.12499999999997,1.8417266568951263,1.8152532822196585,0.02647337467546773,23.41038012112308,5.495021393980197,57.45073871874143,,53.522622178041196,50.425,47.3273778219588,623768.4,410961.85,0.6862354681641455,53.423235961985924
2026-05-11,3557,29.45,29.45,27.5,27.5,340037.0,9551811.0,29.48,29.925,30.6175,31.884999999999998,34.604166666666664,40.254374999999996,0.0,12.280701754385959,-0.6028750623987733,-0.39038588768924487,-0.21248917470952844,11.600400865397225,37.997066022656654,24.41873970188843,,32.64423577329044,30.6175,28.590764226709556,143709.6,93610.25,2.366139770759921,28.090504856824403
2026-05-11,3558,111.5,121.0,111.5,121.0,656181.0,78389194.0,113.5,110.55,109.925,121.10833333333333,128.80416666666667,132.65208333333334,86.48648648648648,86.48648648648648,-0.7947103783506009,-2.5761051587919184,1.7813947804413175,25.421115149724994,12.87217638409284,26.375354731269415,,116.69393056934665,109.925,103.15606943065335,265257.8,190617.45,2.4737481800723673,119.46276103696998
2026-05-11,3563,810.0,825.0,792.0,807.0,1072398.0,869621613.0,825.8,853.4,889.7,713.7666666666667,607.7583333333333,559.2354166666667,17.647058823529406,22.053231939163496,11.045864900674815,33.38012276625542,-22.334257865580604,19.546133319251293,17.851688193008926,38.67532424040411,,982.556652398943,889.7,796.8433476010571,1883851.2,2301739.25,0.5692583363272004,810.9131246048576
2026-05-11,3564,42.0,42.0,41.0,41.0,148289.0,6129346.0,40.58,40.595,40.93749999999999,43.440000000000005,45.44500000000001,46.447500000000005,58.139534883720934,58.13953488372095,-0.5416241019510295,-0.7033040941944328,0.16167999224340335,20.239150074118637,11.93181305375693,16.408611813478025,,42.87653801433931,40.93749999999999,38.998461985660676,195669.4,122647.6,0.7578548306480216,41.3337874016279
2026-05-11,3567,28.5,29.5,28.25,28.35,131996.0,3784414.0,29.43,29.02,28.047499999999996,27.226666666666667,27.163333333333334,27.131666666666668,52.58620689655173,52.58620689655173,0.7118132766672147,0.6273316113076786,0.08448166535953616,22.075696309492113,12.626479938272908,45.63088638341233,,30.878805259714014,28.047499999999996,25.216194740285978,258672.4,226038.05,0.5102825040475907,28.67067183854056
2026-05-11,3570,174.5,174.5,171.0,171.5,40925.0,7074467.0,166.6,164.8,163.9,169.51666666666668,171.25833333333333,172.12916666666666,81.48148148148148,81.48148148148148,-0.20468390222944777,-1.2298966510347762,1.0252127488053284,36.412067489177296,15.567380798124091,44.35434004029367,,168.22374107019596,163.9,159.57625892980406,43390.8,33019.25,0.9431722853692487,172.86419059254735
2026-05-11,3576,17.45,17.45,16.7,17.0,20778055.0,354224646.0,16.560000000000002,15.935000000000002,16.325,17.615833333333335,12.270666666666667,9.73775,66.12903225806453,48.591549295774655,-0.5781961246216092,-0.7896792769740952,0.21148315235248605,29.33719735443516,19.42114689984667,14.994058520768501,,18.539188695424954,16.325,14.110811304575046,29691064.8,29551124.75,0.69980834772891,17.048017535808814
2026-05-11,3577,113.0,119.5,105.5,108.0,3323696.0,371527926.0,92.86,90.24,86.85,72.325,66.6625,63.83125,91.56626506024094,91.56626506024094,5.799169745389776,5.065756952892654,0.7334127924971217,41.594687026987486,1.9629463622889791,69.26471570942103,,99.36668360313742,86.85,74.33331639686257,797140.4,536994.95,4.169523963407199,111.78156064814591
2026-05-11,3580,96.0,105.0,94.5,105.0,6425036.0,657439645.0,92.6,90.1,87.62500000000001,75.97666666666667,71.18833333333333,68.79416666666665,75.46666666666665,75.46666666666667,4.622209094453623,3.8862035531241017,0.7360055413295217,38.02521933081254,10.932754029489875,53.66336477557199,,97.38288480099422,87.62500000000001,77.86711519900581,3359438.6,2685376.1,1.9125326475679596,102.32466323924099
2026-05-11,3581,226.0,226.0,204.0,210.0,369740.0,78476495.0,227.9,205.45,175.49499999999998,106.40499999999999,89.35249999999999,80.82625,65.32663316582915,65.32663316582915,34.32206181403885,31.691118666598435,2.630943147440412,37.25293996544309,9.520192294736193,70.53419443494752,,262.94930024635136,175.49499999999998,88.04069975364858,557321.8,1417215.35,0.6634228196349039,212.24778222534755
2026-05-11,3583,800.0,866.0,800.0,866.0,3749702.0,3166221401.0,809.6,787.9,778.05,523.2583333333333,430.625,378.9916666666667,85.57692307692308,56.06694560669456,71.5675872345729,79.60566891957784,-8.03808168500494,31.630094922927736,13.100176969777683,48.69278111594414,,890.3568634543241,778.05,665.7431365456758,2840294.0,2894006.1,1.3201809390154682,844.3928080151436
2026-05-11,3587,370.0,377.0,350.0,353.0,4087089.0,1471972363.0,329.5,330.95,337.625,262.8666666666667,235.43333333333334,221.71666666666667,64.05228758169935,64.05228758169935,15.054413101994157,18.937879615102304,-3.8834665131081465,24.777850745543013,10.56720953957719,43.96747690095759,,371.0471404713141,337.625,304.2028595286859,2796025.4,4370353.5,1.4617495964092457,360.1517762397638
2026-05-11,3588,59.5,64.8,59.3,63.6,964880.0,60275598.0,61.6,61.55,60.06500000000001,54.13583333333334,51.317083333333336,49.447916666666664,61.32075471698113,56.10561056105612,2.4913506819182913,2.7701494283138945,-0.2787987463956032,28.094204949590168,14.841657848159894,35.089088918974234,,69.03800630253116,60.06500000000001,51.09199369746886,810364.2,1859569.25,1.1906745140024695,62.4695278169306
2026-05-11,3591,23.6,24.15,23.25,23.3,1624549.0,38410130.0,24.1,23.565,23.915,21.191666666666666,19.694583333333334,19.147291666666664,49.05660377358489,27.5862068965517,0.5970959988498272,0.7747899695806173,-0.17769397073079007,26.709144852655243,17.39679747903124,35.9398712428838,,26.227688114681456,23.915,21.602311885318542,2681884.8,4857815.15,0.6057489866827986,23.643565075599444
2026-05-11,3592,274.5,274.5,257.0,263.5,2486508.0,656968447.0,248.2,242.65,239.85,229.45833333333334,231.51666666666668,279.9,86.07594936708861,64.64088397790056,6.57973254573858,4.708420235154714,1.8713123105838658,38.884309849002825,13.95475642504146,24.325814382220553,,258.226472372086,239.85,221.47352762791402,1835573.0,1075190.35,1.3546222351276687,264.2132850567945
2026-05-11,3593,18.65,18.75,17.1,18.6,44845.0,814730.0,19.0,19.330000000000002,19.080000000000002,,,,0.0,38.88888888888891,1.139846450590916,1.4560742142308432,-0.3162277636399271,21.998276542446867,32.27704847893407,39.32691364870359,,20.73351300664912,19.080000000000002,17.426486993350885,41616.6,98965.05,1.0775748138963779,18.16768870554131
2026-05-11,3594,53.0,53.3,49.7,49.7,2839047.0,145276911.0,54.120000000000005,53.379999999999995,51.364999999999995,44.25333333333334,42.05166666666666,40.950833333333335,38.461538461538446,38.46153846153845,2.5205571594970664,2.802768503858542,-0.28221134436147555,17.331878653596632,13.69858134435196,55.10230872213169,,57.79069676746186,51.364999999999995,44.93930323253813,1549181.8,1079202.1,1.8326106077414541,51.171013019509715
2026-05-11,3596,179.5,184.0,177.5,184.0,3460309.0,627034477.0,172.7,167.35,170.15,178.75833333333333,185.6875,201.08125,94.64285714285714,60.215053763440864,-0.9350345360291215,-3.1129896970361433,2.177955161007022,33.76401971501978,18.381081407080856,15.746913520878401,,183.59423178991904,170.15,156.70576821008098,2660044.6,1590237.45,1.3008462339315663,181.20765428752173
2026-05-11,3597,27.5,27.85,26.85,26.85,94448.0,2572124.0,25.880000000000003,25.134999999999998,24.802500000000002,24.288333333333334,24.394166666666663,24.447083333333335,96.22641509433983,96.22641509433983,0.5181356170633542,0.3115930733443866,0.20654254371896763,30.89148449972089,2.0451431742701587,49.07322183999351,,26.216890328021243,24.802500000000002,23.38810967197876,134950.4,52859.8,0.6998719529545671,27.233228866677962
2026-05-11,3605,82.5,83.0,77.2,82.3,7787167.0,629890408.0,86.34,84.72,76.96000000000001,67.34166666666667,66.29583333333333,63.4575,34.61538461538463,68.40796019900498,5.881128886770114,5.611753822592035,0.269375064178079,28.73335679571905,18.750334032374496,44.919454178193284,,95.30538806234114,76.96000000000001,58.61461193765887,11552818.0,10827505.75,0.6740491367560711,80.88826244512285
2026-05-11,3607,14.5,14.65,14.45,14.55,345531.0,5025591.0,14.48,14.539999999999997,14.8,14.417499999999999,13.992083333333333,14.184166666666668,50.0,38.29787234042554,0.00924755640591357,0.07050949985385338,-0.06126194344793981,22.965228479635826,21.6498144338651,13.09120156471464,,15.514511242591336,14.8,14.085488757408665,498662.0,530179.7,0.6929162438685924,14.544544483707684
2026-05-11,3609,27.95,28.25,25.1,27.35,871010.0,23063027.0,23.47,22.815,23.5075,29.096666666666668,32.32333333333333,33.93666666666667,80.3680981595092,80.3680981595092,-1.131750626100576,-1.7207145216582553,0.5889638955576793,24.438052621142052,11.986626786964285,67.57188662533844,,27.24694479414002,23.5075,19.76805520585998,365057.0,292030.3,2.3859561657494583,26.478487043776767
2026-05-11,3611,191.0,191.0,187.5,188.0,41731.0,7877768.0,189.4,188.9,188.375,190.06666666666666,191.78333333333333,192.64166666666668,47.05882352941176,47.05882352941176,0.053962735975915166,-0.13330164596860153,0.1872643819445167,11.4498534951463,17.64449347621692,15.43182814552495,,190.31827450183326,188.375,186.43172549816674,50418.6,39642.5,0.8276905745102007,188.77496345642328
2026-05-11,3615,36.25,39.5,35.35,37.25,12587370.0,472892114.0,34.55,33.305,33.1525,30.811666666666667,28.28083333333333,27.015416666666667,90.29850746268659,90.29850746268659,0.8524001719914622,0.5402896507817893,0.312110521209673,20.339178986195577,6.5751719122507035,26.17218438318708,,36.42012025107918,33.1525,29.884879748920824,5115075.2,7342601.15,2.4608377214082795,37.568778386589095
2026-05-11,3617,198.0,204.5,198.0,202.5,446969.0,90315166.0,196.9,193.0,190.775,185.775,201.3875,224.0625,88.0952380952381,67.0886075949367,4.090012370408999,2.9794743832382933,1.110537987170706,31.33683136105356,15.43838162533504,20.364746596660705,,202.22040818063505,190.775,179.32959181936496,317243.2,318941.35,1.4089159357868033,202.06136443466997
2026-05-11,3622,57.9,59.5,56.6,57.4,565092.0,32563233.0,56.52,55.88000000000001,55.879999999999995,59.105000000000004,60.17916666666667,56.67875,70.73170731707312,56.96202531645571,-0.33463578764731494,-0.6992607375619013,0.3646249499145864,26.007693739142496,19.630741032541103,25.394890250081318,,57.39706087030643,55.879999999999995,54.36293912969356,481517.4,373737.0,1.173565067430585,57.62465757788112
2026-05-11,3623,23.0,23.2,22.65,22.8,44750.0,1022393.0,23.29,23.165,22.957500000000003,23.967499999999998,24.65875,25.004375,44.73684210526318,44.73684210526318,-0.05629200249816435,-0.14500492700980433,0.08871292451163998,14.853114569642663,15.443072982751296,12.89945382774337,,23.645957467248717,22.957500000000003,22.26904253275129,108124.8,62105.65,0.4138735979164817,22.84677094972067
2026-05-11,3624,74.1,80.5,71.4,76.2,33811522.0,2625955732.0,61.52,56.32000000000001,54.864999999999995,53.608333333333334,54.604166666666664,55.10208333333333,85.0828729281768,85.0828729281768,2.8764588403905123,0.8876128744727564,1.988845965917756,46.91094058727449,10.022755212433841,21.103353728513294,,66.92943664573473,54.864999999999995,42.800563354265265,13430899.2,4871379.0,2.5174429125341065,77.66452311729712
2026-05-11,3625,14.5,14.65,13.65,13.9,759141.0,10645273.0,15.080000000000002,15.815000000000001,16.25,17.300833333333333,18.025416666666665,18.387708333333332,9.230769230769212,9.230769230769212,-0.5575553495816141,-0.3655085197712198,-0.19204682981039434,10.199619667608092,28.41111612563121,27.98001543054554,,17.792724862054214,16.25,14.707275137945786,1029192.6,668832.85,0.7376082960565399,14.022787598087838
2026-05-11,3628,64.6,64.8,62.9,62.9,242723.0,15468269.0,66.9,67.4,68.32500000000002,66.565,65.5325,65.01625,12.121212121212238,12.121212121212238,-0.30269125401322583,0.18693291655763913,-0.48962417057086494,9.936719416745978,19.94673905587295,24.0250902733167,,72.11077670540121,68.32500000000002,64.53922329459883,222414.2,185468.2,1.0913107166718672,63.72807274135537
2026-05-11,3629,,,,,401.0,6693.0,,,,,,,50.0,50.0,-0.7041749574171448,-0.8147635993508104,0.11058864193366569,26.399043712788657,27.47439957853422,25.447387830008765,,,,,11475.2,9325.25,0.034944924707194645,16.69077306733167
2026-05-11,3630,25.5,27.0,25.3,25.6,1841771.0,48059177.0,26.97,27.2,27.817500000000003,29.866666666666667,31.008333333333333,31.579166666666666,27.272727272727238,27.272727272727238,-0.6861412533222548,-0.6472855882274935,-0.03885566509476135,11.674189728545128,27.49299368278102,25.058695469659117,,30.038991912159403,27.817500000000003,25.5960080878406,1203380.2,883936.1,1.5304980088587132,26.094002457417343
2026-05-11,3631,39.0,39.5,38.1,38.1,184365.0,7097456.0,38.87,38.585,36.0975,30.701666666666668,29.475833333333334,28.862916666666663,45.652173913043576,45.652173913043576,2.5322993774898492,2.5977253812577015,-0.06542600376785224,26.214869214929415,5.8844751146480405,58.490247716508435,,44.669208360095176,36.0975,27.525791639904817,166468.4,143030.6,1.107507490911188,38.496764570281776
2026-05-11,3632,8.23,8.23,8.22,8.22,30205.0,248794.0,8.484,8.631,8.7645,,,,20.833333333333314,20.833333333333314,-0.21441250729194472,-0.18247557085482755,-0.031936936437117175,18.087482824093737,54.08079648089256,41.42681680819959,,9.183545280809154,8.7645,8.345454719190846,53675.0,45961.95,0.5627387051700047,8.236848203939745
2026-05-11,3645,95.9,103.0,94.3,101.0,9961287.0,999098417.0,98.28,99.58000000000001,101.18,80.02999999999999,68.40333333333334,65.365,43.53448275862069,36.63366336633664,4.37238657255854,6.18356250935658,-1.8111759367980405,18.69296538042874,14.618599387815346,32.54753772167246,,114.83724793114033,101.18,87.52275206885969,8356769.4,17730530.45,1.1920021390084068,100.29812583454327
2026-05-11,3646,24.45,24.6,23.3,23.8,95423.0,2271958.0,23.33,23.315,23.3425,,,,74.99999999999982,74.99999999999983,-0.14057922648997234,-0.2101109309289121,0.06953170443893975,37.44142434713026,6.784377787562828,58.08908629911771,,23.616409320377276,23.3425,23.068590679622726,45104.8,24854.45,2.115584150689062,23.809333179631746
2026-05-11,3652,31.0,32.0,30.75,30.9,296335.0,9267576.0,30.079999999999995,30.75,29.494999999999997,28.28416666666667,28.73125,29.301041666666666,57.40740740740739,64.21568627450982,0.7097124907923629,0.7283956197442237,-0.01868312895186086,35.838582309923936,15.493611033528223,30.948737556547826,,32.58860971239603,29.494999999999997,26.40139028760397,161862.2,239474.1,1.8307856930154167,31.27398383586144
2026-05-11,3653,3710.0,4015.0,3700.0,4015.0,4163150.0,16304751725.0,4125.0,4666.0,4714.25,3827.0833333333335,3164.5416666666665,2349.8708333333334,17.42243436754177,36.13793103448276,43.16248479657406,247.64629554427307,-204.483810747699,21.147746371333,39.8039642471346,30.998553325872862,,5939.537399154307,4714.25,3488.9626008456926,2824566.0,1404816.2,1.4739078499139338,3916.4458943348186
2026-05-11,3661,5200.0,5375.0,5180.0,5375.0,1273298.0,6793571750.0,4755.0,4432.5,4034.25,3458.6666666666665,3376.0833333333335,3284.1666666666665,93.05555555555556,84.31372549019608,440.18617926709067,319.7765341546259,120.40964511246477,49.304893655714736,8.772285755872353,41.049747325945816,,5207.11098696173,4034.25,2861.38901303827,2550493.2,2912043.2,0.49923599090560206,5335.413823001371
2026-05-11,3663,68.8,72.6,67.7,69.0,3634712.0,253938716.0,71.58,69.65,69.21000000000001,66.04166666666667,61.270833333333336,58.885416666666664,56.91489361702126,56.91489361702126,0.8700660634667656,0.6443140458226385,0.2257520176441271,17.595454008053782,12.506439855199735,26.312122987009257,,75.06865082366954,69.21000000000001,63.35134917633047,3668215.6,2369887.6,0.9908665128625482,69.86487952828175
2026-05-11,3664,9.23,9.23,9.23,9.23,90960.0,839556.0,7.6819999999999995,6.329,6.286499999999999,10.917333333333334,13.333666666666666,14.541833333333333,80.85106382978724,80.85106382978724,-0.6295974831177693,-1.2868352394393203,0.657237756321551,48.00848420818987,35.67823956873306,50.33242259717497,,9.28927257845053,6.286499999999999,3.2837274215494685,54558.6,276536.95,1.667198205232539,9.22994722955145
2026-05-11,3665,2650.0,2925.0,2645.0,2905.0,2750212.0,7827402470.0,2811.0,2780.5,2619.75,1941.0833333333333,1681.75,1244.0854166666666,61.53846153846154,67.72908366533864,229.0060078265601,241.02739548764558,-12.02138766108547,30.30017557567646,14.366367609264183,48.64294647402106,,3058.0178224676424,2619.75,2181.4821775323576,3117253.6,3045565.8,0.8822548155851034,2846.1087617972726
2026-05-11,3666,29.0,29.1,28.3,28.65,152314.0,4376661.0,27.639999999999997,27.04,26.335,26.758333333333333,27.429166666666667,27.764583333333334,63.15789473684211,63.15789473684211,0.4407165998213962,0.16188728154007642,0.2788293182813198,34.00924102923222,11.03817976477374,30.469710204975662,,28.790091380012278,26.335,23.879908619987724,422927.8,173822.45,0.3601418492707266,28.734463017188176
2026-05-11,3669,39.85,41.8,39.7,40.4,353040.0,14420494.0,40.480000000000004,39.795,39.3825,36.465833333333336,33.059583333333336,33.30020833333334,57.142857142857125,53.7593984962406,1.184090055955295,1.2298741323749283,-0.045784076419633335,27.231096470824106,16.69811888217855,25.31483213499302,,42.428511196716826,39.3825,36.336488803283174,667727.2,380038.95,0.5287189139516857,40.84662927713573
2026-05-11,3672,11.05,11.25,11.0,11.0,8015.0,88755.0,11.58,11.88,11.805,11.671666666666665,11.735833333333336,11.767916666666668,38.82352941176471,38.82352941176471,0.03274503459163114,0.11296620694076887,-0.08022117234913773,17.035634742194063,13.818490598529035,22.826937829208397,,12.623792435621857,11.805,10.986207564378143,119665.2,97723.05,0.06697853678429486,11.07361197754211
2026-05-11,3673,59.9,60.5,59.0,59.8,5735038.0,342947470.0,60.260000000000005,60.279999999999994,62.645,48.99083333333333,44.47,39.12875,46.428571428571416,24.32432432432431,2.3484310907870096,3.4687601501368555,-1.1203290593498458,24.991443552143185,17.515905619835785,33.25666295605898,,72.01044038923047,62.645,53.27955961076954,9719945.6,16206894.7,0.5900277878098412,59.79863952078434
2026-05-11,3675,259.0,267.0,240.5,242.0,2240042.0,559110837.0,231.2,223.45,216.85,188.10833333333332,167.55416666666667,157.27708333333334,65.2439024390244,65.2439024390244,10.397419948829338,9.158673920901219,1.2387460279281193,29.41300231976006,5.12649017696595,48.676631015945304,,239.78721407393877,216.85,193.91278592606122,1970857.8,1196051.4,1.1365822536765462,249.59837226266293
2026-05-11,3679,120.5,120.5,119.5,120.0,73214.0,8799362.0,119.9,119.75,120.45,118.15833333333333,117.58333333333333,121.80208333333333,50.0,44.73684210526315,0.2217068613875881,0.36023584188297775,-0.13852898049538964,18.52802665727303,18.25085296284771,15.535176567020647,,123.06372893532834,120.45,117.83627106467166,68909.2,70849.7,1.0624706135029867,120.1868768268364
2026-05-11,3680,592.0,592.0,557.0,568.0,3254170.0,1865277445.0,570.8,556.6,517.625,437.94166666666666,422.22083333333336,414.36041666666665,67.41573033707866,67.41573033707866,40.40560436730556,38.666934490715434,1.738669876590123,20.44097035871435,4.263109731223778,60.45025515878138,,638.5481487132918,517.625,396.70185128670823,4805002.2,6077354.5,0.6772463080245832,573.1960668926331
2026-05-11,3684,58.3,60.1,58.3,59.3,183469.0,10923591.0,59.17999999999999,58.839999999999996,58.565,58.095,55.6975,54.498749999999994,63.04347826086951,63.04347826086952,0.2017610585630294,0.07734018074021641,0.12442087782281298,16.05462545885232,8.074341807617062,25.33013756509909,,60.04080486514993,58.565,57.089195134850065,128452.0,94418.65,1.4283078504032636,59.53916465451929
2026-05-11,3685,28.15,28.15,27.0,27.5,237020.0,6478066.0,29.48,30.45,31.409999999999997,32.75416666666667,35.37708333333333,36.688541666666666,17.187499999999986,17.187499999999986,-0.5533771566766816,-0.27269479526060175,-0.2806823614160799,11.453573401435884,18.58195879737576,23.912929485499753,,35.49406402341691,31.409999999999997,27.325935976583082,387949.6,492494.25,0.6109556499091635,27.331305375073832
2026-05-11,3686,17.4,17.4,17.0,17.05,502293.0,8618019.0,17.660000000000004,17.505000000000003,17.6375,18.71,18.743333333333332,17.47125,47.16981132075474,41.999999999999986,-0.20853412660708415,-0.2422750966256636,0.03374097001857945,18.089262342779552,19.714113826605843,12.829924300799284,,18.3504442290135,17.6375,16.924555770986498,310602.2,261772.8,1.6171585391217447,17.15735437284613
2026-05-11,3687,63.2,64.2,62.5,62.5,90781.0,5729196.0,65.17999999999999,65.25,66.14,69.30833333333334,71.80416666666666,73.05208333333333,23.5294117647059,23.5294117647059,-1.0748758452669875,-1.038042497084515,-0.036833348182472525,10.471203032247304,24.626948637509226,15.103629142955597,,69.69610668243249,66.14,62.583893317567515,90925.0,70450.9,0.9984162771514985,63.11007810004296
2026-05-11,3689,124.0,126.0,118.5,119.0,3281073.0,398533032.0,128.2,131.35,132.625,121.775,117.6375,115.56875,35.57692307692308,35.57692307692308,0.5496034774367047,2.5980705148496943,-2.0484670374129896,17.358798732080547,24.703956377675375,23.377854482046324,,142.4169139573102,132.625,122.83308604268981,7608114.6,6675347.45,0.4312596710885507,121.46423807089937
2026-05-11,3691,152.5,152.5,146.5,152.5,5168488.0,781776449.0,138.0,129.15,124.75,118.29166666666667,117.14583333333333,116.57291666666667,89.65517241379311,89.65517241379311,5.794583543950253,3.114865012198017,2.6797185317522363,29.38782680293763,10.365922083148458,25.484470244455764,,143.73337222551967,124.75,105.76662777448033,2366853.8,1476712.75,2.1836955032879515,151.25824980148934
2026-05-11,3693,567.0,567.0,544.0,546.0,1094076.0,603841590.0,617.2,641.2,651.1,518.175,451.5875,418.29375,26.171875,26.171875,16.504849343166825,33.77917952294001,-17.274330179773187,9.943699605522001,18.10105899166236,39.54332699684314,,716.1470275221986,651.1,586.0529724778014,2753881.6,2965932.85,0.39728505393986435,551.9192359580139
2026-05-11,3694,59.0,59.0,56.4,56.8,2320371.0,132497577.0,60.260000000000005,60.52,60.835,59.03999999999999,63.19416666666667,63.67541666666666,29.347826086956488,36.094674556213,0.3787276504528805,0.7354668490607708,-0.3567391986078903,18.17888203268796,29.64283351814312,13.336673868890196,,63.38989210813532,60.835,58.28010789186468,1802489.6,1410913.5,1.2873145010101583,57.10189318863233
2026-05-11,3701,61.0,64.8,60.6,62.9,2466415.0,153763571.0,63.64,65.06,65.84,59.59833333333333,48.04291666666667,41.59354166666667,35.35353535353535,45.034642032332556,0.9758207133282681,1.990526167289869,-1.014705453961601,21.058445249938597,22.468319148786286,18.463102600634425,,74.84091223447074,65.84,56.83908776552927,3555392.6,10266818.15,0.6937110123928367,62.34294350301956
2026-05-11,3702,115.0,117.5,111.5,114.0,35239439.0,4039446702.0,107.5,104.0,101.265,84.31333333333333,73.4225,70.50833333333334,86.11111111111111,68.69806094182826,5.702133029893531,5.057800469476816,0.6443325604167152,40.061826624646216,10.003392488243913,39.60413809299523,,111.45710736950866,101.265,91.07289263049134,14990750.4,17535435.05,2.350745497036626,114.62857572732642
2026-05-11,3703,20.7,20.85,20.55,20.75,1102490.0,22844611.0,20.669999999999998,20.725,21.197499999999998,22.110833333333336,22.136666666666667,22.863333333333333,50.0,32.55813953488371,-0.41188833749060905,-0.41103391146792934,-0.0008544260226797107,15.26466333485754,28.413884849706623,33.2740303286841,,22.382704845718788,21.197499999999998,20.012295154281208,1127548.4,1265473.85,0.9777762089857962,20.7209235457918
2026-05-11,3704,35.3,35.85,34.75,35.05,1674303.0,58881140.0,35.17,34.835,35.834999999999994,34.80666666666666,34.52833333333333,32.11604166666667,53.84615384615363,30.967741935483858,0.12793793342998327,0.2512811355591802,-0.12334320212919692,22.496778930349738,20.76852662830889,12.890020068705725,,38.5395964773445,35.834999999999994,33.130403522655484,2789498.4,3356443.05,0.6002165120438857,35.16755330427049
2026-05-11,3705,55.3,55.5,55.3,55.4,100742.0,5576180.0,55.339999999999996,55.339999999999996,55.345000000000006,55.05499999999999,55.9275,58.119166666666665,43.74999999999995,54.838709677419274,0.11660275953175159,0.12574401304465516,-0.009141253512903569,21.86359655583124,15.314124711240689,17.289060864096417,,56.01770076244072,55.345000000000006,54.672299237559294,144975.4,192046.9,0.6948903055276965,55.351094876019935
2026-05-11,3706,86.9,89.2,85.7,86.8,21367106.0,1860093351.0,86.46000000000001,84.10999999999999,83.68,80.90833333333333,85.51416666666667,78.2025,81.39534883720933,58.709677419354854,1.4999462107530661,1.0672981132524344,0.4326480975006317,27.6543100267434,17.009326521588257,15.874557013843653,,87.8770415645723,83.68,79.48295843542772,23847101.6,13812361.4,0.8960043177741985,87.0540610881043
2026-05-11,3707,85.0,87.5,79.2,80.4,50909662.0,4216660856.0,74.92,70.81,65.75,58.72166666666667,57.76083333333333,57.28041666666666,90.80459770114939,90.80459770114939,5.11550285595446,3.8811494059392144,1.234353450015246,34.73805171741473,7.181056036603463,44.602076051558385,,80.61578551397031,65.75,50.88421448602969,42634385.8,29989528.25,1.194098637630661,82.82633768026196
2026-05-11,3708,119.0,124.5,118.0,121.5,1704405.0,206142045.0,121.5,119.55,120.675,118.86666666666666,116.50833333333334,106.31458333333333,62.50000000000001,40.57971014492754,0.4176595817989721,0.5408218252064292,-0.12316224340745707,26.671102295010396,15.44579327898693,17.158485959685624,,129.2606367204043,120.675,112.08936327959569,1257668.8,1325100.4,1.3552097340730722,120.94663240250996
2026-05-11,3709,82.3,84.5,79.8,81.1,2683461.0,219658206.0,86.78,84.91,80.78,71.53166666666668,68.21583333333334,66.55791666666667,48.37209302325581,48.37209302325581,4.20760347647807,4.178517749042885,0.029085727435185227,21.09785901327029,7.425625768231278,57.880297995486195,,94.23442208659338,80.78,67.32557791340662,6691886.6,4654634.3,0.4010021628280432,81.85630646392849
2026-05-11,3710,6.22,6.23,6.09,6.18,340288.0,2093975.0,6.343999999999999,6.6579999999999995,6.759,6.612166666666666,6.756083333333334,6.828041666666667,16.52892561983471,16.528925619834723,-0.04333116386437297,0.047213225435850194,-0.09054438930022315,16.515340455940684,20.568624468761378,24.908530368521927,,7.3532496374243275,6.759,6.164750362575673,685439.2,588071.05,0.4964524935253193,6.153537591687042
2026-05-11,3711,526.0,546.0,513.0,537.0,22625012.0,12026456309.0,527.4,511.95,482.95,386.025,302.1125,225.01458333333332,75.21367521367522,70.46070460704607,39.81908273651288,38.76167201237647,1.0574107241364104,35.28738187189327,13.16633259497619,47.60317918358371,,556.4990527328132,482.95,409.4009472671868,28167373.8,25834503.95,0.8032346984368134,531.5557980256541
2026-05-11,3712,20.7,20.75,20.2,20.3,467907.0,9535353.0,20.43,20.305,20.029999999999998,22.5,,,59.99999999999997,45.50000000000001,-0.24624793321626726,-0.43374184681230143,0.18749391359603418,26.40380140108244,26.15575336360685,16.2443057443814,,22.782300473193033,20.029999999999998,17.277699526806963,967397.8,1303356.5,0.48367589837396774,20.37873551795549
2026-05-11,3713,13.55,13.55,12.95,13.25,288314.0,3811432.0,13.839999999999998,14.35,14.895,16.845833333333335,17.972916666666666,18.536458333333336,25.000000000000014,25.000000000000014,-0.6657093111733765,-0.6096869793723104,-0.05602233180106608,13.660252348339835,33.569052492850076,27.33987851027807,,16.706629101113226,14.895,13.083370898886773,234788.6,135411.15,1.2279727380290184,13.21972571571273
2026-05-11,3714,68.8,69.6,64.6,67.9,41901115.0,2819781603.0,71.66,72.07000000000001,71.235,51.69333333333334,42.9275,39.60041666666667,29.05405405405412,36.986301369863014,4.743771325179466,6.0755064478556235,-1.3317351226761573,33.880720399608435,23.191900931824748,41.91338862082168,,81.91232964842071,71.235,60.55767035157928,52333074.2,41166747.2,0.8006622129605373,67.29609947133865
2026-05-11,3715,182.0,182.0,177.0,181.5,8846837.0,1594614379.0,186.8,182.1,184.875,168.09166666666667,138.04083333333335,101.22041666666665,58.42696629213483,43.99999999999999,2.490267055799393,3.654944887132427,-1.1646778313330342,21.00155051573602,17.893587397501996,20.635550539668547,,197.84815041071374,184.875,171.90184958928626,27597475.2,23443766.65,0.3205668973660315,180.246836129116
2026-05-11,3716,35.1,35.2,34.5,34.5,557623.0,19427878.0,33.85,32.879999999999995,32.7325,33.295,33.544583333333335,34.4075,85.89743589743588,66.9491525423729,0.24825351554815,-0.09381795291602278,0.3420714684641728,39.200422234695495,10.368553889895527,37.483392938156626,,34.67191798106126,32.7325,30.79308201893874,756377.4,299493.65,0.7372285316827287,34.84052487074601
2026-05-11,4102,17.2,17.2,16.9,17.0,73530.0,1252743.0,17.55,17.875,18.267500000000002,19.2325,19.541249999999998,19.695625,17.948717948718,17.948717948718,-0.47084303993572973,-0.39171669094619493,-0.0791263489895348,2.3359771508770892,22.082314043431474,71.17164505075742,,19.42065357081994,18.267500000000002,17.114346429180063,83834.4,86833.9,0.8770862557613581,17.03716850265198
2026-05-11,4104,70.6,70.8,70.0,70.2,529630.0,37253254.0,70.56,71.19000000000001,74.485,76.45166666666667,79.8475,82.78791666666666,0.0,1.098901098901024,-1.9692363907867758,-1.5603022230654862,-0.40893416772128965,11.478488975566847,42.354982798665056,45.606500653002094,,81.97963667881072,74.485,66.99036332118928,393559.8,432459.95,1.345742121019474,70.33826256065555
2026-05-11,4105,76.2,76.4,74.5,75.1,697385.0,52531711.0,74.78,74.45,74.42999999999999,78.885,81.4925,82.79625,57.37704918032775,57.37704918032775,-0.6831557703811484,-1.05655639097538,0.3734006205942315,17.837548485691784,15.321062821762007,46.744445940455854,,75.37723975734359,74.42999999999999,73.4827602426564,938599.0,835102.95,0.7430063317774683,75.32670045957398
2026-05-11,4106,22.3,22.3,22.1,22.2,58351.0,1292834.0,22.19,22.2,22.3125,22.592499999999998,22.188333333333333,22.21916666666667,37.49999999999978,33.33333333333333,-0.06575566071371597,-0.062102006161475876,-0.003653654552240093,11.450605782340679,20.79924823864985,26.726719213326813,,22.64157365996775,22.3125,21.98342634003225,83001.2,84003.75,0.7030139323286893,22.15615842059262
2026-05-11,4107,119.0,119.5,118.5,118.5,59175.0,7046012.0,116.9,116.15,116.875,118.88333333333334,118.94166666666666,118.97083333333333,75.0,75.0,-0.6904302877021422,-0.9588637347658269,0.26843344706368466,24.44188715049613,15.95321795177409,23.592075916906456,,120.58664596769054,116.875,113.16335403230946,55079.2,55895.25,1.074362009615245,119.07075623151668
2026-05-11,4108,12.1,12.1,12.0,12.1,220047.0,2647716.0,12.1,12.190000000000001,12.36,13.172499999999998,13.664583333333333,13.898750000000001,28.5714285714285,37.03703703703701,-0.2373119248682034,-0.2409522026257244,0.0036402777575209877,16.720704631355947,18.016761184963435,11.878984458860458,,12.876669496313529,12.36,11.84333050368647,205851.2,242168.7,1.0689614634260087,12.032502147268538
2026-05-11,4109,11.2,11.3,11.0,11.05,331261.0,3685395.0,11.379999999999999,11.514999999999999,11.809999999999999,12.854999999999999,13.4275,13.713750000000001,7.142857142857238,7.142857142857238,-0.3790817237540214,-0.371705078257373,-0.007376645496648404,4.310445372262466,28.240856871912808,59.9171882777694,,12.746173623123177,11.809999999999999,10.87382637687682,199486.8,176279.95,1.6605660123877872,11.125351309088604
2026-05-11,4111,30.2,30.6,30.0,30.15,124024.0,3755632.0,30.130000000000003,29.785000000000004,29.5825,29.595833333333335,29.672916666666666,29.711458333333333,61.29032258064516,61.29032258064516,0.17375864987689127,0.07465917367694597,0.0990994761999453,35.099940050095235,13.83635245457206,23.893414183910984,,30.323960152600755,29.5825,28.841039847399244,287903.8,141239.45,0.43078278230436695,30.2814939044056
2026-05-11,4113,14.4,14.6,14.35,14.6,241925.0,3501049.0,15.190000000000001,14.895000000000001,15.110000000000003,17.685833333333335,19.192916666666665,19.946458333333336,50.72463768115941,50.72463768115939,-0.5678699796372157,-0.7239839955597303,0.1561140159225145,22.05841512343264,28.150824479384973,55.93018255012105,,16.55280428697951,15.110000000000003,13.667195713020497,451261.0,318228.85,0.536108815075976,14.471629637284282
2026-05-11,4114,30.75,31.25,30.65,30.65,1423744.0,43961512.0,30.909999999999997,30.85,31.080000000000002,31.405833333333337,31.652916666666666,31.77645833333333,39.99999999999991,39.99999999999991,-0.12414045850185218,-0.12686694480807073,0.0027264863062185507,21.1683676916738,20.727748594740632,16.898187705151436,,32.01211700191718,31.080000000000002,30.14788299808282,998310.0,871162.2,1.4261542005990124,30.877399307740717
2026-05-11,4116,38.3,38.3,38.25,38.25,25150.0,963106.0,39.14,39.550000000000004,39.935,40.598333333333336,41.32416666666666,41.68708333333333,17.30769230769218,17.30769230769218,-0.3306032747564487,-0.20616681043605112,-0.12443646432039757,13.168756024530074,19.206554569884503,20.138038685281447,,41.314969488602465,39.935,38.55503051139754,37302.0,38319.1,0.6742265830250389,38.2944731610338
2026-05-11,4119,46.05,46.05,44.15,44.3,661393.0,29469915.0,46.489999999999995,47.084999999999994,48.019999999999996,51.041666666666664,51.85708333333333,58.11145833333333,5.128205128205039,24.999999999999986,-1.3118142665489145,-1.1404387286889504,-0.17137553785996418,17.046233026819444,34.61738910729176,20.535200207369552,,50.98175623575003,48.019999999999996,45.058243764249966,281679.6,246598.3,2.3480330133953613,44.55734336468635
2026-05-11,4120,46.25,46.75,46.2,46.2,126981.0,5871312.0,46.5,47.190000000000005,47.41,46.080000000000005,45.415,45.082499999999996,2.631578947368652,2.631578947368652,-0.002533088451421861,0.26164371651218293,-0.2641768049636048,9.446706819047453,12.400973638368718,26.48861114320524,,48.68014296750182,47.41,46.13985703249817,89372.8,66720.2,1.4208014071395323,46.23772060386987
2026-05-11,4121,13.95,13.95,13.7,13.7,97119.0,1335169.0,14.38,14.525,14.807500000000001,16.881666666666668,17.940833333333334,18.47041666666667,22.22222222222223,22.222222222222243,-0.588640575200376,-0.630174869676487,0.0415342944761109,13.97476253980064,30.02258370088255,44.40216630809371,,15.72417304622968,14.807500000000001,13.890826953770322,122813.6,135962.2,0.7907837568477758,13.74776305357345
2026-05-11,4123,39.75,39.75,38.3,38.3,4069225.0,158243299.0,38.06,38.504999999999995,39.0775,40.68083333333333,40.06541666666667,39.75770833333333,29.411764705882135,29.41176470588212,-0.7326148542550044,-0.7128746475483126,-0.019740206706691743,19.050491044147964,19.02113533319834,19.656703282942015,,40.738024647592866,39.0775,37.416975352407135,2989796.2,2703786.2,1.3610375851036267,38.88782237403928
2026-05-11,4126,80.0,80.5,79.9,80.0,26359.0,2109162.0,79.85999999999999,79.66,79.915,80.40166666666666,80.60083333333334,80.70041666666665,72.72727272727225,72.72727272727226,-0.16462847427047222,-0.22531261078664755,0.060684136516175324,16.79045851029728,11.085486370282087,20.12947610902363,,81.1084470199695,79.915,78.72155298003051,22642.6,32481.25,1.16413309425596,80.01676846617853
2026-05-11,4127,41.25,41.25,39.05,39.1,2597766.0,101893127.0,39.36,38.875,38.325,37.266666666666666,37.30833333333333,37.329166666666666,58.82352941176474,58.82352941176474,0.671977047169058,0.5897711446047178,0.08220590256434024,20.573013367502682,4.734086480254163,50.446256874199655,,40.064177058871536,38.325,36.58582294112847,712384.6,243273.1,3.6465779861046967,39.22336615384142
2026-05-11,4128,15.4,15.4,14.55,14.6,2041000.0,30253166.0,15.040000000000001,15.264999999999997,15.785,17.274166666666666,18.337083333333332,18.868541666666665,23.529411764705884,23.5294117647059,-0.5768382181336413,-0.5470390196556447,-0.029799198477996613,11.11996403167206,19.872325528579633,28.55254390732107,,17.42531447562569,15.785,14.14468552437431,1670449.2,2736642.5,1.2218270390982258,14.82271729544341
2026-05-11,4129,91.9,93.6,91.9,93.2,238104.0,22129652.0,97.94000000000001,98.26,99.905,104.44333333333334,106.47166666666665,107.48583333333333,26.363636363636374,26.363636363636374,-1.8224755867756386,-1.6650050649546104,-0.15747052182102816,13.955379062666767,27.359128279460233,22.359960075937554,,106.35528763128549,99.905,93.45471236871451,219602.2,238892.5,1.0842514328180684,92.94111816685145
2026-05-11,4130,28.2,28.2,27.5,27.6,124562.0,3462325.0,27.27,27.3,28.692500000000003,31.1675,31.308749999999996,31.379375,53.6585365853659,53.6585365853659,-1.2965998190042782,-1.31941267018801,0.022812851183731775,17.37210390985475,29.200792099110746,38.97994815918064,,33.497680866304066,28.692500000000003,23.887319133695936,143010.8,438921.35,0.8709971554595878,27.79599717409804
2026-05-11,4131,35.35,35.35,34.85,35.3,51006.0,1791708.0,35.48,35.41,35.44,36.89666666666667,38.123333333333335,38.736666666666665,48.48484848484837,48.484848484848364,-0.23936684327540547,-0.3218996812083419,0.08253283793293642,8.94512577209617,7.676591118784101,39.46571920091315,,35.83014167467207,35.44,35.049858325327925,63005.2,71367.9,0.8095522274351958,35.127396776849785
2026-05-11,4133,21.8,22.0,21.65,21.75,94188.0,2052791.0,21.82,21.71,22.0975,23.573333333333334,23.719583333333333,25.571041666666666,57.89473684210517,36.17021276595744,-0.35148862030304784,-0.4004078016664245,0.04891918136337664,27.627401724548562,21.136044528294217,14.839221229076259,,22.95924547469415,22.0975,21.23575452530585,147879.6,124050.75,0.6369235513214804,21.794612901855864
2026-05-11,4137,107.5,108.5,106.5,107.0,182976.0,19593953.0,106.9,106.4,107.525,107.43333333333334,103.70250000000001,106.8275,60.0,39.99999999999999,-0.1985006027131675,-0.2114780391213424,0.012977436408174892,18.20332767666301,20.91408574121419,17.460376309423065,,110.82531896385129,107.525,104.22468103614872,199749.0,160010.0,0.9160296171695478,107.08482533228401
2026-05-11,4138,51.3,51.5,51.2,51.2,54928.0,2818246.0,54.52,55.239999999999995,57.545,59.483333333333334,59.641666666666666,59.72083333333333,7.142857142857125,7.142857142857125,-1.8286640750537941,-1.430914088603364,-0.39774998645043014,7.9113664406296715,53.37924156305417,53.74044863569506,,65.14540857627507,57.545,49.94459142372493,74217.0,45154.2,0.7400999770941967,51.308003204194584
2026-05-11,4139,23.9,24.4,23.5,24.4,8120.0,192408.0,23.98,23.865000000000002,24.1025,,,,88.23529411764723,88.23529411764723,-0.12332072775062386,-0.14912099595354278,0.02580026820291892,14.659653563569336,16.571902443228208,41.68541339829637,,25.12718223572507,24.1025,23.07781776427493,6225.2,12557.55,1.304375763027694,23.695566502463056
2026-05-11,4142,17.85,17.9,17.55,17.65,1009106.0,17854689.0,17.889999999999997,17.875,18.055,18.324166666666667,18.745,18.3075,47.999999999999986,41.30434782608691,-0.14654363440161333,-0.12473758158877071,-0.02180605281284262,23.738037794509868,23.241055691145597,9.286677835504504,,18.649625047713812,18.055,17.460374952286188,1245605.6,1236522.45,0.8101328381953324,17.693571339383574
2026-05-11,4147,52.8,54.0,50.5,51.1,1540757.0,80392471.0,49.77,49.52,50.4725,52.98916666666667,54.89458333333334,55.84729166666666,66.33663366336626,66.33663366336626,-0.9397528853777999,-1.0949666944078988,0.15521380903009896,25.677592113258974,11.561635867940447,23.824862564966267,,54.0637869706086,50.4725,46.8812130293914,1080384.6,905512.85,1.4261189950319542,52.177255076563014
2026-05-11,4148,37.4,39.45,37.4,38.4,145245.0,5602470.0,36.7,36.82,37.545,38.8075,,,70.51282051282054,56.62650602409639,-0.8290764045165204,-0.8693560352564718,0.04027963073995133,35.58068761877178,17.462375638237436,16.44092966479769,,39.88546778949694,37.545,35.20453221050306,67174.0,77442.85,2.1622205019799328,38.572549829598266
2026-05-11,4153,30.7,31.4,30.25,30.5,37647.0,1147288.0,30.160000000000004,30.369999999999997,30.85,32.50416666666667,32.85208333333334,33.02604166666667,47.058823529411725,47.05882352941173,-0.6246883349712249,-0.6508735203865923,0.026185185415367407,30.815299705584813,23.480722534316772,44.03513360430205,,32.34842022073064,30.85,29.351579779269365,51039.0,31605.25,0.7376124140363252,30.474885117007997
2026-05-11,4154,14.45,14.45,13.3,13.3,67201.0,941816.0,12.23,12.615,13.002500000000001,,,,53.94736842105264,53.94736842105264,-0.20141474115549585,-0.1140649230990004,-0.08734981805649544,22.7966032599595,18.353434560582656,26.07010839192397,,14.337248152865898,13.002500000000001,11.667751847134104,48753.0,41190.25,1.3783972268373228,14.014910492403386
2026-05-11,4155,13.0,13.05,12.9,12.95,220346.0,2858572.0,13.12,13.05,13.155000000000001,13.668333333333333,14.202083333333333,15.357708333333333,44.44444444444436,26.6666666666666,-0.11385616537444143,-0.13357066681032798,0.019714501435886544,22.217199769298706,21.00038566257253,16.304594626385416,,13.550900040547992,13.155000000000001,12.75909995945201,202872.6,238542.6,1.0861299160162585,12.97310593339566
2026-05-11,4157,9.24,9.39,9.13,9.17,880760.0,8099456.0,9.494,9.739,10.007,11.379,12.339500000000003,12.819749999999999,19.708029197080364,19.708029197080364,-0.46749157010301623,-0.4495169157430948,-0.017974654359921405,4.5749478937944055,29.01598427442476,69.52163096495264,,10.800741307453485,10.007,9.213258692546514,1541005.6,1320246.8,0.5715488639366397,9.195985285435306
2026-05-11,4160,43.1,43.5,41.5,41.85,117870.0,5057970.0,43.2,43.465,43.847500000000004,47.0275,49.46375,50.681875000000005,30.92783505154638,30.92783505154638,-0.8461042187044683,-0.881322706178662,0.03521848747419376,4.9869995244305265,25.35709355771742,57.01080979942376,,45.28733734462136,43.847500000000004,42.407662655378644,93773.8,56393.2,1.2569608995263069,42.91142784423518
2026-05-11,4161,23.1,23.5,22.6,23.4,149181.0,3454552.0,23.19,23.31,23.6025,24.71916666666667,24.909583333333334,25.00479166666667,47.619047619047585,47.619047619047585,-0.3937506982558894,-0.41447831397072493,0.020727615714835557,11.61688989306828,15.274113876452681,50.425045233828385,,24.51526041705769,23.6025,22.68973958294231,165248.8,96299.1,0.9027660110088546,23.156782700209813
2026-05-11,4162,56.2,56.3,55.0,55.0,414162.0,23012129.0,57.06,56.019999999999996,56.44500000000001,59.575,62.0375,63.26875,50.66666666666667,50.66666666666668,-0.5375109869118262,-0.8189928111095384,0.28148182419771217,20.299229083676362,26.031871332726723,38.4729134586834,,59.97977461501391,56.44500000000001,52.910225384986106,444012.8,304847.75,0.9327704066189083,55.563110570259944
2026-05-11,4163,114.0,118.0,113.5,118.0,390568.0,45716623.0,99.75999999999999,99.11,101.30499999999999,101.94333333333334,97.67166666666667,95.53583333333333,84.42028985507247,84.42028985507247,-0.7130520697143652,-1.5871180355492038,0.8740659658348386,44.93903609231284,12.633953606842288,43.603526683547656,,113.66137061344651,101.30499999999999,88.94862938655348,92186.6,44590.5,4.236711192299097,117.05163505458717
2026-05-11,4164,29.1,29.25,28.7,29.0,1014742.0,29370967.0,29.130000000000003,29.220000000000006,30.294999999999998,31.657500000000002,36.42583333333334,41.11291666666666,49.05660377358489,25.874125874125852,-0.7393250751471285,-0.6406095642820562,-0.09871551086507235,20.74095511408211,27.588816164511965,15.192210516881199,,32.82209527448406,30.294999999999998,27.767904725515933,1368645.6,1454158.6,0.7414205693570344,28.94427056335502
2026-05-11,4166,26.2,26.4,25.65,25.7,230588.0,6000084.0,26.0,25.919999999999998,25.835,25.785833333333336,26.342916666666667,26.621458333333333,46.42857142857139,46.42857142857139,0.1065287968594113,0.10033751503921773,0.006191281820193573,10.106264372648614,8.127197431195746,35.19625569393594,,26.207897615410708,25.835,25.462102384589294,255023.6,224847.05,0.9041829854178202,26.020799000815305
2026-05-11,4167,19.3,19.3,18.85,18.9,909915.0,17393827.0,18.77,18.845,19.1375,19.883333333333333,20.216666666666672,20.383333333333333,44.44444444444436,44.44444444444436,-0.3570837478784341,-0.3627643794416894,0.005680631563255267,15.314837341574137,16.205460913430514,23.55174205504583,,20.06819017966581,19.1375,18.20680982033419,994573.6,882475.75,0.9148795021303602,19.11588115373414
2026-05-11,4168,22.65,24.9,22.65,24.5,1079441.0,26436405.0,23.05,23.464999999999996,23.6575,24.7425,26.07125,26.735624999999995,55.8139534883721,55.8139534883721,-0.23483598472684974,-0.26657154952558687,0.031735564798737126,22.6530649643102,14.353017092393436,26.77130207509071,,24.776369260035615,23.6575,22.538630739964383,410720.6,269010.15,2.628163768751799,24.49082904948024
2026-05-11,4171,18.05,18.2,17.75,17.75,122753.0,2197896.0,18.410000000000004,18.765,19.04,19.675833333333333,20.787916666666664,21.34395833333333,3.2258064516129537,3.2258064516129537,-0.262023921700429,-0.16557250490498895,-0.09645141679544003,8.001660322327744,15.622792865864241,13.531711778181112,,20.069869690275134,19.04,18.010130309724865,109426.2,188391.2,1.1217880178604394,17.90502879766686
2026-05-11,4173,18.8,18.8,18.3,18.4,126226.0,2332328.0,18.59,18.75,19.065,20.378333333333334,20.814166666666665,21.032083333333333,23.809523809523796,23.809523809523782,-0.4816105124712493,-0.4841594990633294,0.0025489865920800825,4.87424014747906,33.43756034130917,61.145324538955656,,20.06294525743755,19.065,18.06705474256245,127420.8,171130.8,0.9906231949571812,18.477397683520035
2026-05-11,4174,33.5,33.6,32.5,32.5,441778.0,14580243.0,34.13,32.975,33.9225,39.85333333333333,45.17666666666667,47.83833333333334,55.03875968992247,55.03875968992247,-1.3700263479342922,-1.777713672125237,0.40768732419094467,19.88966694578938,25.41466988387982,44.9150759010174,,39.09250203603743,33.9225,28.752497963962572,758593.0,459413.85,0.5823649835946285,33.00355155756964
2026-05-11,4175,53.4,53.9,53.0,53.0,35457.0,1900247.0,53.720000000000006,54.029999999999994,54.45,55.68,56.79,57.345,11.111111111111256,11.111111111111256,-0.4956086837932716,-0.4157554147293586,-0.07985326906391299,9.468203529452177,22.073420597190136,25.876132891564726,,55.7073991536419,54.45,53.192600846358104,24524.8,20843.75,1.4457610255741127,53.59299997179682
2026-05-11,4183,13.25,13.25,13.25,13.25,10005.0,132566.0,13.709999999999999,14.025,14.41,,,,25.000000000000014,25.000000000000014,-0.5281118981507227,-0.46631332349341453,-0.06179857465730815,11.449624615388815,29.53270237358071,61.627721485299425,,15.574202912319269,14.41,13.245797087680732,12001.0,6450.25,0.8336805266227815,13.249975012493753
2026-05-11,4188,11.5,11.55,11.45,11.55,14865.0,170920.0,11.8,11.8,11.865,12.783333333333333,13.341666666666667,13.620833333333334,30.769230769230617,30.769230769230617,-0.20342562115276408,-0.23988914859243293,0.03646352743966885,7.390241231114114,22.405577689806176,59.17781978022213,,12.134697686503332,11.865,11.595302313496669,22024.2,45663.05,0.6749393848584738,11.498150016818029
2026-05-11,4190,24.55,24.9,24.5,24.6,16081.0,395933.0,24.75,24.865000000000002,25.8,27.668333333333333,29.570833333333333,,17.647058823529363,23.287671232876633,-0.80103424048297,-0.7656761020914229,-0.03535813839154711,8.765037597942563,34.872177486462135,46.72500940517557,,27.820682531904104,25.8,23.779317468095897,25697.6,49834.55,0.6257782827968371,24.62116783782103
2026-05-11,4192,,,,,267.0,5086.0,,,,,,,74.9999999999999,74.9999999999999,-0.0359377834196124,-0.17515590021459798,0.13921811679498558,22.558986419760448,11.047365363273762,45.94455269751212,,,,,21280.0,15483.45,0.012546992481203008,19.04868913857678
2026-05-11,4198,37.0,37.15,37.0,37.15,4397.0,162505.0,38.69,38.015,38.222500000000004,,,,50.931677018633536,50.93167701863352,-0.03007566668702566,-0.014288316436154684,-0.015787350250870975,14.89361182753996,21.39069501832661,16.196075571336905,,40.98626459504823,38.222500000000004,35.458735404951774,7279.4,4847.25,0.6040332994477567,36.95815328633159
2026-05-11,4205,73.1,73.1,72.9,73.0,33175.0,2421879.0,73.78,74.11,74.985,76.565,77.2325,77.56625000000001,5.88235294117618,5.88235294117618,-0.8322607002165512,-0.7376517605935473,-0.09460893962300387,9.861058759457892,34.53123086412143,32.743189454376385,,77.75268951711672,74.985,72.21731048288328,41175.6,25939.8,0.8056956061356726,73.00313489073098
2026-05-11,4207,19.05,19.05,18.65,18.85,415690.0,7812326.0,17.95,17.725,17.665,18.654166666666665,18.727083333333333,18.763541666666665,81.39534883720935,81.39534883720935,-0.12816861950243563,-0.29106854863694276,0.16289992913450713,35.76556746170576,14.626449671545465,50.77821047963841,,18.297538744392632,17.665,17.032461255607366,192945.2,177383.15,2.154445925578869,18.79363467968919
2026-05-11,4303,48.55,49.2,47.0,47.0,1271197.0,61126004.0,51.339999999999996,52.55,53.355000000000004,54.84166666666667,55.72083333333333,56.16041666666667,6.329113924050631,6.329113924050631,-1.0322595756071138,-0.5807994941476119,-0.4514600814595019,5.633283596506671,31.44728198062896,17.809088557289783,,56.68048374003885,53.355000000000004,50.029516259961156,767412.6,750125.15,1.6564713688568575,48.085390384023874
2026-05-11,4304,29.8,30.0,28.3,28.9,31000.0,901600.0,29.839999999999996,29.9,29.43,29.058333333333334,29.779166666666665,30.139583333333334,39.47368421052631,39.47368421052631,0.40971581095770304,0.4317687136190185,-0.022052902661315432,20.147344956479508,21.227549236298344,29.098795874861292,,31.088280656837696,29.43,27.771719343162303,29800.0,26553.45,1.0402684563758389,29.083870967741934
2026-05-11,4305,44.3,44.45,43.9,44.0,16002.0,706438.0,43.93,43.839999999999996,,,,,72.72727272727285,72.72727272727285,0.12459346797368909,0.1323683271435874,-0.007774859169898313,35.52996525844125,37.89275162696866,21.568221400872385,,,,,6200.4,3320.1,2.580801238629766,44.14685664291964
2026-05-11,4306,13.3,13.35,13.15,13.35,1525703.0,20242773.0,13.180000000000001,13.205000000000002,13.432500000000001,13.515000000000002,13.600833333333334,14.592083333333333,71.4285714285715,36.36363636363635,-0.11046200247560556,-0.09841053256682365,-0.012051469908781906,20.82721707031749,19.259962634655484,12.469514593062986,,14.019441223633459,13.432500000000001,12.845558776366543,1224296.2,1161727.45,1.246187809780019,13.267833254571826
2026-05-11,4401,14.15,14.8,14.0,14.8,343586.0,4985749.0,14.2,14.285000000000002,14.442499999999999,15.210833333333333,15.830416666666666,16.140208333333334,64.28571428571429,64.28571428571429,-0.19947394251752826,-0.241034575087459,0.041560632569930755,18.36294329101042,15.384142686747996,42.875057045309156,,14.994315186452798,14.442499999999999,13.8906848135472,154979.6,88098.45,2.216975653569889,14.510920118980401
2026-05-11,4402,11.7,12.65,11.4,12.25,165278.0,1958853.0,13.45,13.84,14.532499999999999,17.1875,18.49375,19.146875,14.285714285714292,14.285714285714292,-0.9943986988006781,-0.9408323110560091,-0.05356638774466904,7.42030835629877,36.92605481746454,59.03309465738056,,16.73136932667429,14.532499999999999,12.333630673325708,73681.4,49937.5,2.243144131354725,11.851867762194605
2026-05-11,4406,10.0,10.0,9.81,9.91,486108.0,4814470.0,9.982,10.046000000000001,10.047,,,,17.241379310345025,17.241379310345025,-0.02325518906928714,-0.008178708573330992,-0.01507648049595615,9.687591947184968,14.312341614224572,31.851271161370985,,10.17417166185494,10.047,9.919828338145061,111422.8,38861.4,4.3627336595382635,9.904115957770701
2026-05-11,4413,18.15,18.4,18.1,18.4,4225.0,76872.0,18.580000000000002,18.8,18.6875,,,,11.764705882352715,11.764705882352715,0.16121369537816577,0.23408074795796185,-0.07286705257979609,11.301095292129274,20.625859312476994,35.548005910092066,,19.515862366676718,18.6875,17.859137633323282,8145.6,11986.4,0.5186849341976036,18.19455621301775
2026-05-11,4414,10.0,10.0,9.95,9.98,473549.0,4726235.0,10.028,10.104,10.449499999999999,10.712,10.78,8.918291666666667,37.49999999999995,23.31288343558272,-0.3062659224996711,-0.26376969489491553,-0.042496227604755576,13.2399932287869,25.966099619392914,27.830131819065276,,11.337181189806792,10.449499999999999,9.561818810193206,514480.6,412361.55,0.9204409262467818,9.980456087965553
2026-05-11,4416,12.35,12.35,11.5,11.55,266002.0,3138334.0,12.35,12.580000000000002,13.16,18.293333333333333,23.646666666666665,26.323333333333334,6.666666666666643,6.666666666666643,-1.0053225352247708,-1.1649745654365578,0.15965203021178698,10.168890959712108,31.697367123963353,44.15145596686213,,15.234050194794511,13.16,11.08594980520549,165638.8,427784.8,1.6059160051871906,11.798159412335245
2026-05-11,4417,46.0,46.0,45.05,45.1,230077.0,10434900.0,46.02,46.55,47.089999999999996,50.15333333333333,51.026666666666664,51.46333333333333,14.035087719298232,14.035087719298232,-1.1179402557456513,-1.0760135515397853,-0.04192670420586597,2.9579251229423615,33.60121727553606,71.74608378840645,,48.698071744929734,47.089999999999996,45.48192825507026,233034.8,175749.8,0.9873074751067223,45.35394672218431
2026-05-11,4419,46.1,47.0,45.05,46.3,16248.0,748168.0,45.72,46.22,46.410000000000004,46.155833333333334,46.80291666666667,47.12645833333333,43.181818181818144,43.18181818181814,-0.0720935909942142,0.033164700249055774,-0.10525829124326996,26.961952739553645,34.13157024582398,21.913920336121347,,47.529962405384026,46.410000000000004,45.29003759461598,5260.4,2169.15,3.0887384989734623,46.046774987690796
2026-05-11,4420,41.0,41.0,40.45,40.45,77881.0,3159263.0,41.33,41.115,41.885000000000005,46.37416666666666,48.38708333333333,49.39354166666667,40.47619047619051,40.47619047619051,-1.1653195638728135,-1.4095370070875817,0.24421744321476813,20.502404377235706,31.350210204267075,35.905297229896355,,45.039962673897826,41.885000000000005,38.730037326102185,64373.4,53876.0,1.2098320113587289,40.56525981946816
2026-05-11,4426,8.04,8.14,7.91,8.0,186675.0,1498840.0,8.062,8.213,8.453999999999999,8.967833333333335,9.471666666666668,10.099124999999999,9.523809523809362,7.692307692307551,-0.23935457746843802,-0.20257872355299736,-0.036775853915440665,17.07545618482146,30.692884754446197,20.699352522850646,,9.059149829207083,8.453999999999999,7.848850170792915,245066.4,167611.65,0.76173233050308,8.029141556180528
2026-05-11,4430,16.55,17.15,16.55,17.0,24920.0,420111.0,17.04,17.59,17.75,18.121666666666666,18.235833333333336,18.292916666666667,0.0,0.0,-0.25907687900692267,-0.14233352853927442,-0.11674335046764825,5.014417979173207,12.32314413070784,28.142193685715704,,18.842558561600406,17.75,16.657441438399594,14157.6,34368.3,1.7601853421483866,16.85838683788122
2026-05-11,4432,18.0,18.2,16.95,17.4,826219.0,14507899.0,14.839999999999998,14.564999999999998,14.632500000000002,15.421666666666665,16.010833333333334,16.30541666666667,90.78947368421053,90.78947368421052,-0.04285555961014431,-0.2649184150909425,0.22206285548079818,62.478678417216216,9.134457650936739,58.94054672734836,,16.134875312279696,14.632500000000002,13.130124687720308,223523.8,77435.85,3.696335692217115,17.559386796963032
2026-05-11,4433,20.1,21.55,20.1,21.55,271902.0,5743268.0,20.240000000000002,20.119999999999997,20.207500000000003,20.935,21.4925,21.77125,89.74358974358978,89.74358974358978,-0.09421959320612316,-0.22269321693457533,0.12847362372845217,30.850102211095482,13.583210058317654,25.23123184378077,,21.074603466174953,20.207500000000003,19.340396533825054,83430.6,35123.75,3.2590200717722273,21.122566218711153
2026-05-11,4438,58.3,59.9,57.8,59.9,146277.0,8532641.0,58.739999999999995,57.339999999999996,57.585,61.515,69.1225,73.36708333333334,68.4210526315789,55.8282208588957,-0.3161469506643044,-0.9253476961997639,0.6092007455354594,25.425039358003087,16.63263315475733,20.32838626186783,,60.473288511614506,57.585,54.696711488385496,229640.2,121160.6,0.6369834201503046,58.332075445900585
2026-05-11,4439,98.5,98.9,96.2,97.8,35176.0,3441184.0,98.62,98.86999999999999,99.2,96.09500000000001,96.7475,93.25625,48.14814814814817,46.84210526315789,1.2961134512367494,1.6470126278477493,-0.3508991766109999,18.951311024582896,21.615167381485183,18.72803028204126,,103.02622529394083,99.2,95.37377470605918,16751.2,33704.1,2.099909260232103,97.82760973390948
2026-05-11,4440,18.05,18.1,17.95,17.95,53321.0,961722.0,17.85,17.86,17.8575,17.53916666666667,18.09375,17.795833333333334,52.63157894736844,54.99999999999997,0.09387375013346855,0.0968534112105241,-0.002979661077055551,26.60640028254481,16.988644140162382,25.84937634672654,,18.217726536911353,17.8575,17.49727346308865,56746.2,65886.25,0.9396400111373097,18.03645843101217
2026-05-11,4442,53.0,53.0,49.55,51.0,110280.0,5627944.0,54.44,54.839999999999996,55.915,57.445,57.122499999999995,56.96125,14.754098360655732,14.754098360655732,-1.2790279969183516,-1.005648271879579,-0.2733797250387726,10.631619498658909,52.554751042486416,30.48317712463637,,59.9024936066604,55.915,51.9275063933396,41082.0,17950.95,2.6843873229151454,51.03322451940515
2026-05-11,4502,15.8,16.1,15.3,16.1,57254.0,900348.0,16.25,16.055,15.9725,15.858333333333333,15.829166666666667,15.814583333333333,57.14285714285722,57.14285714285722,0.09921022414384773,0.062200481868143837,0.03700974227570389,24.01381676415909,11.894981742479155,55.22115510387946,,16.35290836783198,15.9725,15.592091632168021,69497.4,38693.4,0.8238293806674782,15.725503894924373
2026-05-11,4503,44.45,44.8,43.4,43.4,274191.0,12124426.0,44.17,44.14,43.5625,40.05416666666667,39.177083333333336,38.738541666666656,44.89795918367346,44.89795918367346,1.0744257609138117,1.2768014759804878,-0.20237571506667607,18.092513727111033,11.640949669107613,30.69813644425904,,46.17398777922729,43.5625,40.95101222077271,347988.6,224173.25,0.7879309839460259,44.21890579924214
2026-05-11,4506,118.5,119.5,118.5,118.5,67271.0,8002400.0,118.6,117.85,118.35,116.525,114.0125,112.75625,80.0,80.0,0.14199862447999578,0.13413317710231698,0.007865447377678803,11.476499161745553,9.195904469005761,21.99721784494278,,121.46363723675458,118.35,115.23636276324541,62761.4,70417.05,1.0718530816712182,118.95764891260721
2026-05-11,4510,46.85,49.0,46.5,48.55,7229210.0,349093770.0,47.34,47.64,47.055,45.707499999999996,47.82875000000001,48.889375,56.76855895196505,56.76855895196505,0.9155376891557836,0.887174392855594,0.028363296300189633,15.611790398748834,8.0593983605762,34.76103393317557,,50.44956221501084,47.055,43.660437784989156,3435789.2,4050548.3,2.1040900879483524,48.28933866909386
2026-05-11,4513,14.85,15.05,14.4,14.4,484260.0,7090612.0,14.719999999999999,14.940000000000001,15.4,17.0,17.775,18.1625,16.666666666666742,16.666666666666742,-0.5881774799444202,-0.5805630435190688,-0.007614436425351312,12.619802381600072,24.00264508059792,28.14593017262721,,16.806750641877052,15.4,13.993249358122949,412568.6,297890.05,1.1737684351160025,14.642159170693429
2026-05-11,4523,29.0,29.0,28.05,28.1,244600.0,6961763.0,30.35,30.465000000000003,30.4175,30.469166666666663,29.634583333333335,29.217291666666664,20.238095238095255,20.238095238095255,-0.09633622432616917,0.019372644429787308,-0.11570886875595648,13.171231058354572,27.781749275102747,17.35320280349055,,31.64579578128226,30.4175,29.18920421871774,210673.2,193657.8,1.161039942432165,28.461827473426002
2026-05-11,4526,34.75,35.75,34.25,35.25,3433078.0,120546744.0,36.65,35.905,34.975,34.31583333333334,33.03875,31.355833333333337,42.574257425742566,50.36319612590799,0.6362244194915476,0.5981927534819454,0.03803166600960217,24.36182839449237,19.5559712587497,15.106903475532304,,38.75729949550346,34.975,31.192700504496543,11540849.0,8239728.25,0.2974718757692783,35.11331347554585
2026-05-11,4527,43.7,43.7,43.25,43.25,38582.0,1673888.0,42.95,42.845000000000006,42.9125,42.105000000000004,41.4775,41.16375000000001,75.0,75.0,0.13346323803740034,0.14945589152202896,-0.01599265348462861,29.941231742120983,4.59943758373702,45.702850398286174,,43.341544225422716,42.9125,42.48345577457729,28206.0,26683.5,1.3678649932638445,43.38520553626043
2026-05-11,4528,16.0,16.0,15.75,15.75,32490.0,514317.0,15.809999999999999,15.954999999999998,16.3075,17.919166666666666,19.009583333333335,19.55479166666667,35.48387096774192,35.48387096774192,-0.4920544367663986,-0.5216953941134935,0.02964095734709493,6.520858229577916,13.06860678768175,52.33553354182201,,17.34382701605794,16.3075,15.271172983942064,32971.8,47428.65,0.9853875129656251,15.830009233610342
2026-05-11,4529,5.15,5.47,4.9,5.47,160950.0,829140.0,4.932,5.014,4.5855,3.7418333333333336,3.5359166666666666,3.432958333333333,56.99481865284972,56.99481865284972,0.4000896879737592,0.4085584581877946,-0.008468770214035415,26.58515619701665,13.198418426033548,45.00197592469753,,6.377828388613975,4.5855,2.7931716113860245,144094.0,227651.95,1.1169791941371605,5.1515377446411925
2026-05-11,4530,25.3,26.2,25.3,26.2,7177.0,182815.0,25.58,25.24,25.8375,,,,96.55172413793099,96.55172413793099,-0.5949706179198841,-0.7558202583389044,0.16084964041902028,13.141698323117817,23.36444930535505,34.89297923902428,,28.511325369253413,25.8375,23.163674630746584,5053.6,99301.75,1.4201757163210385,25.47234220426362
2026-05-11,4532,23.1,23.5,23.0,23.2,1665373.0,38798631.0,22.979999999999997,23.03,23.607499999999998,25.154999999999998,24.475,25.140833333333333,75.00000000000014,28.57142857142857,-0.6419151332484745,-0.652921933495869,0.011006800247394533,15.97131818272151,24.347302969135928,31.96496902072927,,25.011357467648956,23.607499999999998,22.20364253235104,1014684.6,1163280.0,1.641271583307759,23.297261934713724
2026-05-11,4533,31.2,32.65,30.6,32.2,5948323.0,190718070.0,31.28,31.190000000000005,31.182500000000005,32.45333333333333,34.17666666666666,35.038333333333334,61.70212765957447,61.70212765957447,-0.09651435753279003,-0.25131485156838984,0.1548004940355998,5.833201874989177,11.023477127550517,13.16486088836815,,32.270847371017155,31.182500000000005,30.09415262898285,2925552.4,3246545.0,2.0332307156761233,32.06249391635256
2026-05-11,4534,23.3,24.15,22.2,22.8,619370.0,14389219.0,23.729999999999997,24.035,24.86,25.051666666666666,23.825833333333332,23.21291666666667,9.756097560975732,9.756097560975718,-0.6280725223262209,-0.47018890018848036,-0.15788362213774054,9.624335707596284,17.002915631916654,16.36064843318937,,27.71870784207057,24.86,22.001292157929427,686003.8,950852.75,0.902866718814094,23.23202447648417
2026-05-11,4535,27.55,27.55,27.55,27.55,1215.0,33354.0,,,,,,,0.0,0.0,-0.22421902688672546,-0.20981261611005075,-0.014406410776674705,7.505855077792122,45.52195659165422,50.84022534477665,,,,,,,,27.451851851851853
2026-05-11,4536,151.0,151.5,150.0,151.5,166911.0,25195625.0,151.1,151.0,152.825,156.21666666666667,164.89583333333334,175.32916666666668,100.0,23.80952380952381,-1.0302792024340022,-1.0772088106564162,0.04692960822241399,19.115623769045982,24.4101352193128,18.10985949773598,,157.62932918806743,152.825,148.02067081193255,243729.4,247644.9,0.6848209530733674,150.9524537028716
2026-05-11,4538,18.6,18.6,18.15,18.3,13155.0,241846.0,18.41,18.380000000000003,18.4825,18.456666666666663,18.103333333333335,17.92666666666667,50.0,50.0,-0.06670371665072139,-0.06012467049964079,-0.0065790461510805975,9.91500584499741,10.557623584152095,26.75789281047227,,18.968379560558372,18.4825,17.99662043944163,20445.4,26431.45,0.643421014017823,18.384340554922083
2026-05-11,4540,68.8,70.2,67.0,69.5,9586018.0,662659909.0,70.4,66.85,60.875,51.27333333333333,44.08708333333333,42.30895833333333,53.086419753086425,64.65753424657535,6.114862216387344,5.256969538242417,0.8578926781449274,35.84421442245733,18.54132009693799,32.98287925149225,,76.3275930373818,60.875,45.42240696261819,17033595.6,13374655.85,0.5627712565866011,69.1277555498018
2026-05-11,4541,45.55,46.55,44.05,44.1,1813245.0,82285925.0,47.78,47.215,47.1725,44.625,44.1875,43.96875,38.693467336683426,38.693467336683426,0.6841945902782456,0.8726358419954137,-0.18844125171716808,19.33387675678765,20.45659608917301,34.91623689624446,,49.86585927988188,47.1725,44.47914072011812,2053557.2,1133986.3,0.8829775961439009,45.38047809314241
2026-05-11,4542,214.0,217.0,205.0,205.0,320389.0,67309230.0,208.4,205.65,195.125,164.91666666666666,137.70833333333334,124.10416666666667,52.4390243902439,52.439024390243894,10.541448316051572,11.054646811361467,-0.5131984953098954,31.689695535173847,14.623611242534057,57.40111689557205,,229.38695527034838,195.125,160.86304472965162,863835.6,1028012.2,0.37089117420027606,210.0859580072974
2026-05-11,4543,36.9,37.8,36.9,37.3,261899.0,9794052.0,39.879999999999995,39.575,38.6525,33.94916666666666,32.29958333333333,31.474791666666665,43.75,43.74999999999999,1.4517465509126453,1.679310676414656,-0.22756412550201066,15.08185872648768,11.760324138772123,50.67877337377895,,41.896032025431516,38.6525,35.40896797456849,480165.2,1116062.7,0.5454351960533583,37.39629399119508
2026-05-11,4545,30.65,30.8,30.15,30.65,157172.0,4803680.0,30.369999999999997,30.27,30.544999999999998,32.42583333333333,33.27625,33.24395833333333,56.923076923076934,48.97959183673468,-0.39201865610735354,-0.5125859805920288,0.12056732448467522,24.35715019175612,14.818997868961151,16.499210799890665,,31.7615092423983,30.544999999999998,29.328490757601696,150558.6,165079.05,1.0439257538260849,30.563204642048202
2026-05-11,4549,98.4,99.1,94.1,94.6,255791.0,24614881.0,103.12,101.36,100.37,98.97,101.735,103.1175,40.16064257028112,40.16064257028111,1.1750414578879003,1.263279044170959,-0.08823758628305867,21.633869244349615,27.47556429703203,21.758427233025827,,106.85174765256866,100.37,93.88825234743135,451861.2,199520.45,0.5660831246409296,96.23044204057219
2026-05-11,4550,24.35,24.7,24.25,24.7,43342.0,1057572.0,24.55,24.355,24.389999999999997,25.255,25.7275,25.96375,82.35294117647044,82.35294117647044,-0.1212362582158768,-0.2169151883245663,0.0956789301086895,10.238597490610976,16.177453904304027,44.86906953401337,,24.894297322493074,24.389999999999997,23.88570267750692,23963.4,12631.85,1.808674895882888,24.400627566794334
2026-05-11,4551,143.0,148.5,143.0,148.5,1251180.0,184868191.0,139.2,136.0,137.125,128.65833333333333,128.3875,125.04291666666667,74.57627118644068,58.585858585858595,2.3398898558198766,1.9948253928011423,0.3450644630187343,31.679966230308064,14.193971829765118,18.26467732107423,,146.42058469042087,137.125,127.82941530957913,863101.8,615563.65,1.4496320132804728,147.75507201202066
2026-05-11,4552,19.95,20.05,19.85,20.0,83346.0,1661822.0,20.07,20.035,20.5275,21.888333333333332,22.373333333333335,22.620416666666667,50.0,18.75000000000003,-0.4197807475726023,-0.45185026923909777,0.03206952166649546,13.288109119587293,30.15053676719221,40.44594990842699,,21.70959225750985,20.5275,19.34540774249015,133831.8,127601.6,0.6227667863691589,19.938833297338803
2026-05-11,4554,31.15,31.3,30.05,30.15,337690.0,10345906.0,30.2,30.075,29.952499999999997,28.265833333333333,27.53291666666667,27.16645833333333,56.75675675675676,56.75675675675676,0.4253173714055336,0.48483285207830806,-0.05951548067277446,29.489833451595445,4.849833359342079,44.95220261735424,,30.450363857949778,29.952499999999997,29.454636142050216,123547.8,61982.05,2.733274085010012,30.637288637507773
2026-05-11,4555,43.2,43.2,41.6,42.65,199946.0,8426988.0,42.379999999999995,41.34,40.485,38.346666666666664,40.294999999999995,39.54833333333333,87.09677419354841,63.473053892215574,1.3282797697459827,1.1240701346628792,0.20420963508310352,26.29783283855079,9.063239569496869,33.70539985618172,,43.61786483992922,40.485,37.35213516007078,636402.8,512669.5,0.31418152151436163,42.14631950626669
2026-05-11,4556,42.15,42.65,38.4,38.55,1179937.0,46676887.0,41.95,38.87499999999999,36.2875,30.676666666666666,29.188333333333333,28.444166666666664,61.133603238866385,61.133603238866385,3.0280664627733813,2.6441697391600663,0.38389672361331506,32.88961834031296,12.48023385750083,53.564405569771964,,44.42402421589158,36.2875,28.150975784108425,1663182.8,957393.3,0.7094451674223663,39.55879593571521
2026-05-11,4557,51.0,51.0,50.4,50.8,71596.0,3626531.0,52.720000000000006,51.355,52.217499999999994,60.34916666666666,66.48625,80.86354166666666,53.20754716981129,44.60227272727271,-1.8617492957197967,-2.3377123985576196,0.47596310283782284,18.79508784500693,21.681975499001478,39.73513128163003,,55.82163140130318,52.217499999999994,48.61336859869681,216559.6,132637.05,0.33060644737060835,50.65270406167942
2026-05-11,4558,20.2,20.3,19.55,20.1,72045.0,1441508.0,19.380000000000003,19.33,19.4375,19.245,19.3725,19.436249999999998,72.22222222222223,72.22222222222223,0.055309986661391974,0.02369230264358766,0.031617684017804314,26.869571598023832,10.288390872645582,14.597352541244977,,20.07234353646351,19.4375,18.80265646353649,59469.0,44560.35,1.2114715229783584,20.008439169963218
2026-05-11,4560,35.0,35.75,35.0,35.35,347285.0,12252793.0,35.4,35.754999999999995,34.775,33.32833333333333,32.729166666666664,34.14479166666667,34.92063492063491,60.50000000000003,0.6601349573995989,0.7016860801198985,-0.041551122720299594,25.41680715359706,8.715231295289774,52.284510733631876,,37.2136147923079,34.775,32.336385207692096,286567.4,330599.35,1.2118789506412802,35.281664914983374
2026-05-11,4561,49.2,49.4,47.6,48.1,365679.0,17832378.0,48.470000000000006,43.665,40.27,38.751666666666665,42.00083333333334,43.625416666666666,66.12903225806453,66.12903225806453,3.289111383126027,2.0018638638775728,1.2872475192484543,39.84697705480657,12.091935386039738,36.60215318446705,,50.98140071433971,40.27,29.55859928566029,2816912.8,1243532.6,0.12981552002603702,48.7651136652638
2026-05-11,4562,37.05,38.05,37.05,37.2,498183.0,18663948.0,38.32000000000001,36.615,35.4375,35.120000000000005,36.8,44.469791666666666,58.49056603773587,53.90243902439024,1.2389560296811908,0.845224585864781,0.3937314438164098,29.066322594920287,15.55111993751689,25.9225456407496,,40.62583458727282,35.4375,30.24916541272718,1944672.0,1669910.65,0.2561784198054993,37.46404032253208
2026-05-11,4563,46.8,49.5,46.65,47.3,521396.0,25049183.0,48.6,49.85,47.7275,47.874166666666675,51.28708333333334,52.99354166666667,35.26785714285714,35.26785714285714,1.1128267824929168,1.2379782112120907,-0.12515142871917395,23.504116629710982,17.948813320058,39.17145618726166,,56.481956008228025,47.7275,38.97304399177197,472281.6,721713.5,1.1039938883920102,48.04253005393213
2026-05-11,4564,17.6,18.0,17.45,17.65,1302605.0,22996420.0,18.39,18.455,18.96,18.63583333333333,18.025,17.645833333333332,39.99999999999998,29.824561403508767,-0.21863316276765588,-0.08499295724413904,-0.13364020552351685,19.301871827055734,29.78716672898273,13.923768970647911,,20.300306327908366,18.96,17.619693672091636,988042.6,939341.4,1.3183692686934754,17.654177590290224
2026-05-11,4566,68.0,69.4,67.4,68.3,945353.0,64392030.0,68.62,67.59,68.89,62.085,58.65083333333334,58.534166666666664,54.26356589147284,48.97360703812316,1.5708602668655516,1.931964766337458,-0.36110449947190637,25.330995169319014,20.67938691279002,24.912862130637617,,74.1571374428717,68.89,63.6228625571283,1665028.6,2672004.75,0.5677698268966671,68.11427054232652
2026-05-11,4568,41.05,41.05,40.05,40.1,13055.0,525362.0,40.779999999999994,,,,,,29.629629629629648,29.629629629629648,-0.44751214515093807,-0.3736234941937519,-0.07388865095718616,4.938952988456997,9.397935360829289,51.69828368803873,,,,,15613.0,,0.8361621725485172,40.24220605132133
2026-05-11,4569,171.0,171.0,163.0,163.5,101673.0,16829542.0,172.3,178.6,183.8,158.04166666666666,157.0,155.20833333333334,9.803921568627459,19.259259259259252,3.2221528672249633,6.88939829441604,-3.6672454271910766,24.85969987698248,23.353452639847685,26.799080242792524,,203.77472086624036,183.8,163.82527913375966,116433.8,244022.0,0.8732258158713363,165.52616722236976
2026-05-11,4571,188.0,199.5,187.5,197.5,913249.0,179811291.0,195.1,185.8,173.975,170.775,168.0,166.97708333333333,68.62745098039215,69.0721649484536,9.071946794004987,6.073885169465817,2.9980616245391696,30.967226005028913,13.958536285485962,32.06372633623708,,205.34792664568874,173.975,142.60207335431124,1392895.6,914504.25,0.6556478461128027,196.89185643783898
2026-05-11,4572,145.0,146.0,144.5,144.5,55504.0,8044163.0,148.1,147.05,146.45,145.475,150.44166666666666,159.46875,50.0,39.99999999999999,0.7463422193596898,0.7584014641473193,-0.012059244787629542,17.14996347035497,15.065084363834611,14.076764401737895,,150.71614580153795,146.45,142.18385419846203,59087.0,41035.4,0.9393606038553319,144.92942850965696
2026-05-11,4576,230.0,250.5,229.0,250.5,6996979.0,1717975874.0,238.0,222.7,207.125,151.54166666666666,129.87,124.48333333333333,72.44094488188976,69.66292134831461,24.00877373988311,21.541900313450977,2.4668734264321337,32.55634401398655,16.167751762230093,43.373579698775664,,251.9261689227215,207.125,162.3238310772785,7536774.0,5961916.9,0.928378507833723,245.5310890600072
2026-05-11,4577,135.0,139.0,128.0,129.0,1065383.0,141444947.0,145.9,155.15,154.925,107.05166666666668,81.02583333333334,68.01291666666667,25.0,25.000000000000014,7.601769523736351,13.274638439377824,-5.672868915641473,16.148373966310565,20.314124727797896,53.092364984516664,,178.21329613437,154.925,131.63670386563,1484062.0,2227453.9,0.7178830803564811,132.76441148394522
2026-05-11,4580,82.0,82.8,81.3,81.6,85624.0,7024706.0,81.84,80.97999999999999,80.4,80.58833333333334,80.84416666666667,80.97208333333332,72.72727272727269,72.72727272727269,0.4390659639359029,0.1805085773883093,0.25855738654759364,19.263611984753073,9.413179608171909,26.464222763050667,,82.47034194988983,80.4,78.32965805011018,72546.0,90645.8,1.1802718275301187,82.04132019060077
2026-05-11,4581,50.7,51.5,50.4,51.0,16000.0,813000.0,50.44,50.095,50.302499999999995,50.247499999999995,,,73.43750000000009,50.96153846153848,0.111612530325921,0.04658852963916964,0.06502400068675136,42.012843118418765,13.12028538413617,29.55647427482763,,51.2630234318624,50.302499999999995,49.34197656813759,31498.8,19339.95,0.5079558586358845,50.8125
2026-05-11,4583,764.0,820.0,757.0,783.0,481229.0,383031231.0,762.0,752.3,740.15,704.55,671.3833333333333,697.7791666666667,62.33766233766234,60.674157303370784,22.66864008590062,20.884868397727768,1.7837716881728518,32.00570336433371,17.687701680667047,18.25895761681401,,797.8945372216983,740.15,682.4054627783016,252486.2,315533.85,1.905961593148457,795.9437835209433
2026-05-11,4584,40.75,42.6,40.75,41.95,8400.0,348800.0,40.980000000000004,41.04,41.260000000000005,,,,64.17910447761201,64.17910447761201,-0.5120542203459735,-0.6874225707857033,0.17536835043972987,16.87754320758097,8.148703761011735,56.615712538660894,,42.3260305120547,41.260000000000005,40.19396948794531,8896.2,12030.6,0.9442233762730153,41.523809523809526
2026-05-11,4588,58.6,58.6,58.1,58.3,75010.0,4379384.0,59.7,59.589999999999996,60.125,61.97333333333333,61.95666666666666,65.91541666666666,36.3636363636363,39.36170212765957,-0.27769090538527763,-0.2195767925387647,-0.05811411284651294,22.07548624563512,29.424829264579916,12.643753227310818,,61.93476881337945,60.125,58.31523118662055,108839.8,112603.4,0.6891780396509365,58.384002133048924
2026-05-11,4609,5.67,5.67,5.37,5.63,117453.0,665024.0,5.19,5.063000000000001,4.729,,,,70.6806282722513,70.6806282722513,0.10348390424823162,0.005120976345016203,0.09836292790321541,41.22827494141891,19.391172850898432,20.70869628209389,,5.821441013703287,4.729,3.6365589862967136,45071.6,54548.55,2.6059203578306516,5.662043540820584
2026-05-11,4702,9.67,9.96,9.67,9.79,237680.0,2344187.0,9.706,9.714,9.789,9.904,9.887,9.878499999999999,61.53846153846123,61.53846153846123,-0.07051837475544609,-0.07285011599624357,0.0023317412407974775,11.927030362702403,10.435066678539515,23.726624516316733,,10.041973890893267,9.789,9.536026109106732,128834.0,133041.15,1.8448546191222814,9.86278609895658
2026-05-11,4706,31.7,32.0,31.7,32.0,12156.0,388272.0,31.369999999999997,31.994999999999997,32.19250000000001,30.929166666666667,30.614583333333332,30.457291666666666,42.04545454545451,42.045454545454504,0.13385733062068894,0.3218054651008627,-0.18794813448017378,24.78114590261228,14.941499519355608,43.09829866437283,,33.60755997641163,32.19250000000001,30.777440023588387,15433.2,13282.55,0.7876525931109556,31.94076999012833
2026-05-11,4707,15.05,15.1,14.6,14.75,1216259.0,18063241.0,15.36,15.255,15.104999999999999,12.132666666666665,11.046333333333333,10.503166666666667,43.0769230769231,43.0769230769231,0.7635108245479572,0.924250037610428,-0.16073921306247085,27.452387576609773,13.575889136508893,74.92340381063183,,16.077192313658397,15.104999999999999,14.1328076863416,3089352.8,3591788.0,0.3936937859606064,14.851475713643229
2026-05-11,4711,16.5,17.15,16.5,16.85,186329.0,3136077.0,16.03,15.9,15.722500000000002,15.4425,15.22125,15.110624999999999,72.34042553191489,72.34042553191489,0.18119599373206086,0.11064505123461009,0.07055094249745077,31.81985349983011,7.199257908086598,28.737039586576863,,16.450492914945293,15.722500000000002,14.994507085054712,161205.6,134795.45,1.1558469432823673,16.830858320497615
2026-05-11,4714,13.85,13.85,13.25,13.25,1644058.0,22206461.0,14.52,14.675,14.7925,15.439166666666665,16.069583333333334,16.384791666666665,17.021276595744624,17.021276595744624,-0.2048335863566777,-0.1376240949739986,-0.06720949138267909,6.46438972506293,31.587522161995548,27.74244697651939,,15.633724045505641,14.7925,13.95127595449436,992508.2,1121903.65,1.6564679264110866,13.507103155728082
2026-05-11,4716,15.0,15.4,15.0,15.15,450138.0,6811700.0,14.99,14.91,15.194999999999999,14.92,15.110000000000001,15.205,56.521739130434796,56.521739130434796,0.025972926526597107,0.024653470220591445,0.0013194563060056619,23.66581789844079,13.83615314181732,24.62572603048053,,16.34432474454396,15.194999999999999,14.045675255456038,977520.4,765494.25,0.4604896225183638,15.132470486828483
2026-05-11,4720,26.0,26.8,25.55,25.75,3619806.0,94499351.0,26.23,26.589999999999996,24.975,19.583333333333332,17.023333333333333,16.436875,45.32374100719426,54.632587859424916,1.91336069353925,2.162697933612627,-0.24933724007337688,27.960771851692627,9.549107031512351,48.82222409125118,,30.06921756814322,24.975,19.880782431856783,4789876.2,9411362.25,0.7557201582788298,26.106192155049193
2026-05-11,4721,94.4,94.4,89.4,89.8,1648771.0,150511574.0,93.46000000000001,88.78,87.555,74.94166666666666,69.47083333333333,66.73541666666667,64.12556053811659,64.12556053811659,4.148355348536327,3.907163568563188,0.24119177997313956,20.354820902456744,13.359442445810627,38.71556487521245,,97.19449660183794,87.555,77.91550339816207,5893358.2,3144602.3,0.27976765437403756,91.28713083866711
2026-05-11,4722,242.5,245.0,232.5,235.0,9070335.0,2170191354.0,215.3,199.1,191.85,178.33333333333334,177.3875,130.93395833333335,94.64285714285714,71.02272727272728,11.553023403226405,6.200448230006104,5.352575173220301,41.54603232908472,8.954815559710463,29.114714152812947,,227.9975048276242,191.85,155.7024951723758,7106200.2,3855030.75,1.276397335386076,239.26253594823123
2026-05-11,4726,29.0,29.45,28.0,28.25,505911.0,14487827.0,28.53,28.840000000000003,29.197499999999998,31.236666666666668,32.093333333333334,32.52166666666667,11.538461538461448,11.538461538461448,-0.667715423338894,-0.6714020606982108,0.0036866373593168467,3.5904911612264354,22.096502370402405,52.209805114156275,,30.206133781539975,29.197499999999998,28.18886621846002,354613.0,277532.35,1.4266566651532797,28.637106131315587
2026-05-11,4728,384.5,384.5,384.5,384.5,5029.0,1933568.0,383.1,,,,,,50.0,50.0,-2.23525187530214,-1.0250056538400523,-1.2102462214620877,8.506644793884027,57.11525730670445,53.284427902210155,,,,,32687.4,14727.15,0.15385133109393834,384.4835951481408
2026-05-11,4729,20.45,21.2,20.45,20.75,310368.0,6435710.0,20.309999999999995,19.985,20.0075,20.608333333333334,21.029166666666665,21.23958333333333,65.21739130434784,65.21739130434784,-0.008519097307484458,-0.14294778272548136,0.1344286854179969,34.00923066184641,12.129888041458122,26.176491971776723,,20.904439239859624,20.0075,19.110560760140377,933966.6,348469.0,0.3323116693894621,20.735739509227756
2026-05-11,4735,30.9,30.9,30.7,30.75,18460.0,568077.0,30.27,30.135,30.252499999999998,31.186666666666667,32.04333333333333,32.471666666666664,77.77777777777774,77.77777777777774,-0.19316285468846317,-0.2861008165209983,0.09293796183253511,24.008489888239907,15.817972195682412,20.915351916471984,,30.98553622370472,30.252499999999998,29.519463776295275,40530.0,25769.55,0.45546508758943993,30.773401950162512
2026-05-11,4736,125.0,125.5,124.0,125.0,274932.0,34311920.0,126.6,126.4,126.275,126.76666666666667,124.525,127.05208333333333,50.0,52.17391304347826,0.26945953066686457,0.343453584095959,-0.07399405342909443,17.591571320684558,20.68801042596399,10.590028516330987,,129.18550728080066,126.275,123.36449271919935,313503.0,234802.45,0.8769676845197654,124.80147818369633
2026-05-11,4737,59.0,59.5,58.6,59.4,86869.0,5120223.0,58.44000000000001,59.980000000000004,62.74499999999999,60.67666666666666,60.7425,65.15645833333333,30.434782608695656,37.5796178343949,-1.5216058730310138,-0.8974211893091075,-0.6241846837219063,13.268512549416972,28.77397700305082,34.877120595418965,,70.47259239417579,62.74499999999999,55.01740760582419,110775.2,161096.3,0.7841917685546945,58.94188951179362
2026-05-11,4739,93.0,95.5,93.0,95.5,3879383.0,368827096.0,91.62,88.25,89.91499999999999,80.05,73.83333333333333,63.45,71.65991902834011,52.83018867924528,2.4683943296686124,2.5672510974105163,-0.09885676774190388,25.284069213560233,16.961852303594423,32.333974615161225,,98.55207430971579,89.91499999999999,81.27792569028419,4634019.6,5553401.25,0.8371529114809959,95.07364856731083
2026-05-11,4741,64.4,65.0,58.1,58.2,1870876.0,114732292.0,61.4,56.970000000000006,56.045,37.48166666666667,29.240833333333335,25.120416666666667,67.28395061728395,67.28395061728395,5.026328745836544,5.309513176377507,-0.2831844305409632,27.312533676276097,13.29329986112462,57.81622403323118,,63.99496855339661,56.045,48.09503144660339,2749964.2,1270953.25,0.6803274020803616,61.32543899221541
2026-05-11,4743,52.3,52.3,50.2,50.3,2550227.0,129952068.0,52.1,52.75,53.214999999999996,56.04666666666667,60.723333333333336,63.061666666666675,35.353535353535335,35.353535353535335,-0.7345800218097978,-0.624352127689611,-0.11022789412018674,13.113356646554667,17.679336469258757,22.96608036779925,,55.326896129821876,53.214999999999996,51.10310387017812,2554877.2,3086787.6,0.9981798733809985,50.95705911669824
2026-05-11,4744,33.5,33.85,33.05,33.1,467643.0,15612747.0,32.459999999999994,32.739999999999995,32.709999999999994,32.44083333333334,30.995416666666667,30.272708333333334,50.980392156862834,50.980392156862834,-0.10194317942899289,-0.0680560335160529,-0.033887145912939995,19.66956769086728,14.366469043839105,14.63646445768406,,33.71974202020525,32.709999999999994,31.70025797979473,242062.2,272841.65,1.9319125414872704,33.38603806750021
2026-05-11,4745,19.95,19.95,18.55,18.7,145955.0,2781928.0,19.82,19.72,19.5475,20.266666666666666,21.083333333333332,21.491666666666667,30.232558139534845,30.232558139534845,-0.059720161751432244,-0.07370496036017965,0.013984798608747406,13.265737711103379,31.628219619293812,16.99939937700373,,20.359563648011058,19.5475,18.73543635198894,799955.2,465056.05,0.18245396742217565,19.060176081669006
2026-05-11,4746,54.5,55.9,54.2,55.5,1228171.0,67949124.0,55.220000000000006,54.9,53.735,55.156666666666666,58.82083333333333,62.53666666666667,63.999999999999964,58.823529411764696,0.2267180048391495,-0.057603741889601025,0.28432174672875055,24.084892940880536,18.264298660535932,15.626610667355266,,56.55020308699992,53.735,50.91979691300008,1372024.2,1034365.0,0.8951525782125418,55.325458751265096
2026-05-11,4747,56.5,58.0,56.5,58.0,102569.0,5875350.0,54.760000000000005,54.93000000000001,54.575,55.653333333333336,56.92666666666666,57.56333333333334,62.71186440677967,62.71186440677967,0.07989764301836999,-0.13405537573512047,0.21395301875349046,15.682697691128041,10.119837178557562,35.08059605171082,,57.22978713588148,54.575,51.920212864118525,74320.8,56365.15,1.3800847138351577,57.281927287971996
2026-05-11,4749,1140.0,1145.0,1010.0,1015.0,4648196.0,4875012320.0,1036.4,1023.2,987.8,914.1,878.05,860.025,51.44508670520231,51.44508670520231,34.3683882115032,33.179803162504385,1.1885850489988172,23.849740936366455,4.1635362076147695,44.733220906584066,,1103.6521744111412,987.8,871.9478255888586,5292889.6,3131581.9,0.8781962880918582,1048.7966342211043
2026-05-11,4754,38.5,38.7,38.5,38.5,47308.0,1823483.0,37.42,37.245,37.225,37.750833333333325,38.025416666666665,38.16270833333333,93.93939393939388,93.93939393939388,-0.0040357454171413565,-0.1328938822833817,0.12885813686624034,37.74614154542964,6.807038971540455,14.704373837450238,,37.87913663468884,37.225,36.57086336531116,39212.2,21483.85,1.2064612544055167,38.54491840703475
2026-05-11,4755,139.5,142.5,138.5,139.0,555512.0,77745261.0,143.1,148.5,152.1,142.05,124.87833333333333,119.4625,0.0,4.918032786885249,-0.5472046669096358,2.1782694206696656,-2.7254740875793013,16.43219806689476,20.356370872129894,18.274327656271115,,170.21251384801906,152.1,133.98748615198093,749299.2,1441779.5,0.7413754078477597,139.9524420714584
2026-05-11,4760,317.0,320.0,289.5,299.0,2412256.0,733778085.0,276.8,260.0,257.15,214.99166666666667,197.99583333333334,189.49791666666667,69.72789115646259,69.72789115646259,14.403957490110713,11.617430630588835,2.786526859521878,33.638859718707195,15.374734642258561,31.908332025386393,,295.03639528073865,257.15,219.2636047192613,3353356.0,1484046.05,0.7193557737383087,304.18748466166113
2026-05-11,4763,41.85,42.3,41.7,41.95,5471131.0,229547805.0,42.39,42.59,43.582499999999996,45.611666666666665,51.1,239.64958333333334,43.39622641509447,26.086956521739154,-0.7500121208993633,-0.6781736817276816,-0.07183843917168176,22.041400186728573,22.337171639031205,8.708212032276663,,47.248312899531506,43.582499999999996,39.91668710046849,6502835.8,9116193.7,0.8413454019552516,41.956188766088765
2026-05-11,4764,307.0,328.5,307.0,321.0,587368.0,186982806.0,328.8,288.75,247.25,167.16666666666666,120.19166666666666,,75.19999999999999,68.1912681912682,45.95677654678764,37.3386619211528,8.618114625634838,45.91086328182781,16.79067539679394,45.660280893918205,,357.7957752293256,247.25,136.7042247706744,1239832.2,1866748.65,0.47374797976693944,318.34013088898274
2026-05-11,4766,389.5,389.5,372.5,379.0,1483243.0,562457175.0,374.2,364.6,357.425,332.89166666666665,338.14166666666665,344.39166666666665,64.53900709219857,64.58333333333334,11.88580908019486,9.362079190544234,2.5237298896506264,28.405253438113448,10.552350423850422,27.325847728343017,,383.53665297434577,357.425,331.31334702565425,1757970.2,1408733.45,0.8437247684858367,379.20770568275054
2026-05-11,4767,26.85,27.0,26.45,26.65,23116.0,619245.0,26.659999999999997,26.65,26.82,25.831666666666663,25.740833333333335,25.695416666666667,48.57142857142856,48.571428571428555,0.1890969763408492,0.2511883809612598,-0.06209140462041057,22.062084847164563,10.20341809339632,30.021030131294218,,27.700430516700035,26.82,25.939569483299966,20843.2,19020.95,1.109042757350119,26.788587991001904
2026-05-11,4768,470.0,470.0,424.0,430.5,1639287.0,726020964.0,496.7,497.0,489.875,456.26666666666665,425.3833333333333,409.94166666666666,20.96069868995633,20.96069868995633,5.732243399306469,10.56073032971853,-4.82848693041206,14.924334895729674,25.460049441064303,42.00012901629972,,534.3779567320505,489.875,445.37204326794955,639446.2,691273.45,2.563604256308037,442.8882581268564
2026-05-11,4770,227.0,242.0,225.5,240.0,1303167.0,306334437.0,230.4,229.0,230.775,234.125,236.96666666666667,249.97083333333333,68.68686868686868,46.20253164556962,-0.004696005538562531,-0.5012179305018556,0.49652192496329306,27.64920124281905,22.43764330330507,11.104647765984371,,243.943842813736,230.775,217.606157186264,586862.8,599279.55,2.220565011106514,235.06920985568235
2026-05-11,4771,188.0,190.0,187.5,188.5,113204.0,21346106.0,189.2,188.8,190.6,184.9,181.475,184.20208333333332,50.0,41.81818181818182,0.44711652467313456,0.9549156404037022,-0.5077991157305677,20.344750380872533,21.39024294271629,10.52613100847055,,196.34547877167674,190.6,184.85452122832325,299141.0,196012.35,0.37843023858314306,188.5631779795767
2026-05-11,4772,309.5,310.5,296.0,299.5,1949912.0,589359510.0,311.4,310.35,308.6,310.4916666666667,315.74583333333334,318.37291666666664,43.51145038167939,43.51145038167939,1.073033352781863,0.9580448913092839,0.11498846147257902,11.016836665499238,9.857943500553798,16.904561972040387,,320.3634581381677,308.6,296.83654186183236,3000645.8,2755877.5,0.6498307797608102,302.2492861216301
2026-05-11,4806,10.0,10.2,10.0,10.15,7610.0,76903.0,10.34,10.330000000000002,10.32,,,,42.85714285714283,42.857142857142826,-0.15686951621298917,-0.1787701274657934,0.021900611252804236,11.261219887685035,18.350287095414913,28.791319416605962,,10.700304587071155,10.32,9.939695412928845,13033.0,11598.3,0.5839024015959488,10.105519053876478
2026-05-11,4807,21.3,23.7,21.25,23.7,504384.0,11660389.0,21.83,20.58,17.95,17.084999999999997,,,73.22834645669292,83.13253012048193,1.7817124934255801,1.1231250042659093,0.6585874891596708,51.69091196481257,8.91738983072612,44.21721519406302,,24.165430712940818,17.95,11.73456928705918,416139.4,303838.25,1.2120553833643244,23.118078686080448
2026-05-11,4903,50.0,50.2,47.05,48.6,6646768.0,320854389.0,44.92,45.089999999999996,45.8275,43.530833333333334,40.64041666666667,39.19520833333333,63.137254901960794,63.1372549019608,0.05486633265437746,0.10843467213857239,-0.05356833948419493,15.908951450422093,13.150532037149572,26.31219674010576,,49.06664787364969,45.8275,42.58835212635031,3582279.2,5275589.95,1.8554578325441522,48.27224133593951
2026-05-11,4904,96.3,96.9,95.9,96.2,2828872.0,272858032.0,95.68,95.36,95.62,93.25833333333334,91.8375,88.97875,74.28571428571422,42.187499999999986,0.5239764543438241,0.6208896587535986,-0.09691320440977447,16.29595518257794,14.188921010732953,14.31187466593984,,97.67564690803614,95.62,93.56435309196387,5266513.0,6411758.35,0.5371432672814062,96.4547112771451
2026-05-11,4905,78.3,80.0,78.2,78.2,21006.0,1655613.0,79.4,78.92999999999999,81.19500000000001,,,,51.16279069767451,51.16279069767451,0.13263286589611312,0.6979584439566725,-0.5653255780605594,22.01376929175526,18.947561859091092,27.62424654712756,,91.11329251009408,81.19500000000001,71.27670748990593,35707.2,69247.75,0.5882847156875924,78.81619537275064
2026-05-11,4906,40.8,41.6,38.85,40.3,44982311.0,1811088033.0,37.92,36.404999999999994,37.3725,32.833333333333336,29.707083333333333,27.57979166666667,96.15384615384626,54.89130434782608,0.8770329211192447,0.732469721308267,0.14456319981097765,33.234723269304666,18.143227139800192,21.50803247442815,,42.113083463978555,37.3725,32.63191653602145,42041091.6,33432653.3,1.0699605858949675,40.262227367553436
2026-05-11,4907,39.2,39.3,38.6,38.85,23230.0,905891.0,37.72,37.8,38.377500000000005,40.38666666666666,41.29333333333334,41.74666666666667,63.888888888888914,63.888888888888914,-0.7307838537335556,-0.819102806541387,0.08831895280783142,17.816552537960867,12.481073649237771,39.69942335525215,,40.562731530549044,38.377500000000005,36.192268469450966,33203.2,50247.0,0.6996313608326908,38.9965992251399
2026-05-11,4908,245.0,249.0,236.0,242.5,686169.0,166312641.0,237.3,227.75,208.55,132.77166666666668,102.13583333333334,86.81791666666666,69.38775510204081,69.38775510204081,28.026598652528293,28.33226868511916,-0.3056700325908679,39.095666246651746,6.792501053087917,79.41260787623871,,265.8974176906812,208.55,151.2025823093188,2446725.6,1826163.25,0.280443789855307,242.37854085509545
2026-05-11,4909,52.0,52.5,49.05,49.2,1594595.0,80412002.0,54.14,54.54,56.720000000000006,57.431666666666665,55.66583333333333,54.782916666666665,25.00000000000003,25.00000000000003,-1.47803948593495,-1.0339233054323322,-0.4441161805026177,12.23805389734646,25.045678422719302,18.92912543481316,,64.86308877127362,56.720000000000006,48.57691122872639,1511665.2,1621423.4,1.0548598988717872,50.427852840376396
2026-05-11,4911,31.0,31.6,31.0,31.0,51537.0,1606169.0,33.83,34.144999999999996,35.065000000000005,37.0875,39.56875,40.809375,16.82242990654204,16.82242990654204,-0.943418392844066,-0.75431814633937,-0.18910024650469603,12.101608046834603,33.23563931199379,26.227769588577285,,38.28043972600629,35.065000000000005,31.849560273993717,37532.2,36918.05,1.3731409296550696,31.16535692803229
2026-05-11,4912,95.0,98.0,94.0,95.1,1314208.0,125974840.0,89.11999999999999,85.33,86.97,90.0,86.48416666666665,84.07208333333332,93.5064935064935,58.80281690140845,0.1816871072113173,-1.0764145172710309,1.2581016244823482,37.9485482422961,17.347755631292117,17.518887069676992,,96.10595557183508,86.97,77.83404442816492,1025028.4,595301.0,1.2821186222742706,95.856089751394
2026-05-11,4915,72.8,72.8,71.6,71.7,4400975.0,316704622.0,73.38,73.34,73.675,75.09166666666667,77.69166666666666,76.99916666666667,32.60869565217395,38.46153846153853,-0.2637741026513254,-0.1790425768407752,-0.08473152581055018,18.431653180172937,22.99639115461846,12.185198489894821,,75.48010970653469,73.675,71.8698902934653,4241425.8,2942816.85,1.0376168787392201,71.96237697328434
2026-05-11,4916,64.7,67.7,62.6,67.0,9440717.0,614267889.0,64.1,63.230000000000004,63.955000000000005,62.22666666666667,57.54375,53.41229166666667,73.27586206896554,46.88796680497925,0.9011648450245815,0.9386790408965529,-0.037514195871971356,25.24126061772744,14.297147970095233,16.284129869633784,,70.37617385562989,63.955000000000005,57.533826144370124,5604347.0,8219936.85,1.6845347013666356,65.06580898463538
2026-05-11,4919,163.0,184.0,156.0,184.0,50067134.0,8804578506.0,170.9,159.35,144.5,100.05666666666667,77.91000000000001,72.84666666666665,78.74015748031496,68.5589519650655,19.74138892760979,17.66422100001211,2.0771679275976815,25.31530943363915,14.345591934822849,41.002708761397,,189.96600812405742,144.5,99.03399187594258,31388979.6,22539910.6,1.5950545267167588,175.85545252100908
2026-05-11,4923,38.7,39.4,36.4,36.65,500970.0,18797663.0,36.45,35.205,34.777499999999996,33.6175,32.10875,31.354375,68.71508379888269,68.71508379888269,0.5595940677262945,0.30087623788211976,0.25871782984417474,32.61614690039098,17.833530907032063,17.483968906852976,,37.752213608506125,34.777499999999996,31.80278639149387,229384.0,100722.95,2.183979702158825,37.522532287362516
2026-05-11,4924,10.7,11.45,10.6,10.75,308434.0,3459675.0,10.43,10.379999999999999,10.315000000000001,10.496666666666666,10.723333333333333,10.836666666666666,70.00000000000006,70.00000000000006,0.04302734216131476,-0.0031264356172716868,0.04615377777858645,34.21696554255512,8.360528046804747,30.63467649776202,,10.617794006754233,10.315000000000001,10.01220599324577,71096.8,78188.4,4.338226193021345,11.216905399534422
2026-05-11,4927,54.4,55.6,53.5,54.9,7683688.0,418286488.0,56.67999999999999,56.34000000000001,53.652499999999996,44.23666666666667,34.57541666666667,29.339791666666667,60.46511627906974,54.42622950819671,3.110135564736332,3.45125759410499,-0.3411220293686581,28.003498379715232,13.203745773331674,42.23060572543143,,60.958119682639115,53.652499999999996,46.34688031736088,19750796.6,27839376.05,0.389031802393226,54.43824475954776
2026-05-11,4930,17.85,17.9,17.8,17.85,54372.0,971253.0,17.95,18.139999999999997,18.6525,20.159166666666668,21.22833333333333,22.429791666666667,0.0,0.0,-0.546536193982508,-0.521536198372164,-0.02499999561034394,5.730690387272893,44.02778379125706,64.6760132802643,,19.76722205645996,18.6525,17.53777794354004,115148.4,105911.9,0.47219066873703847,17.863109688810418
2026-05-11,4931,199.0,213.5,182.5,183.5,24882526.0,4928768501.0,170.8,164.4,157.975,146.86666666666667,147.93333333333334,148.46666666666667,76.34408602150538,76.34408602150538,7.619033230940488,5.7154727163370325,1.9035605146034555,38.897158279314006,8.738987059389553,41.28133119313526,,178.76840735602752,157.975,137.18159264397246,17283848.2,8249493.15,1.4396403921205465,198.0815171659019
2026-05-11,4933,69.8,69.9,67.3,67.4,627133.0,42908114.0,70.25999999999999,71.66999999999999,69.35,61.89333333333333,58.946666666666665,57.473333333333336,29.33333333333337,29.33333333333337,2.3532965260867655,3.0839469119278906,-0.7306503858411251,18.165170716763463,15.289644096673655,42.83555935853151,,80.49299402267967,69.35,58.207005977320314,1064429.0,1990801.65,0.589173162324589,68.41948039730009
2026-05-11,4934,18.25,18.85,18.2,18.3,1542685.0,28355024.0,18.369999999999997,17.080000000000002,16.825,17.2025,15.59875,13.410333333333334,82.43243243243246,58.86524822695036,0.33025039363472786,0.02166316746331917,0.3085872261714087,32.135298714998626,16.52168312313258,20.669452455489804,,19.03752415984431,16.825,14.612475840155689,3700984.6,1795796.1,0.4168309697911199,18.38030706203794
2026-05-11,4935,37.85,37.85,36.65,36.85,116753.0,4313962.0,37.519999999999996,37.720000000000006,37.855000000000004,37.85333333333333,39.965833333333336,41.13,36.734693877551024,31.62393162393164,0.011623759846024484,0.143088971214012,-0.13146521136798753,17.030617191831674,21.86410892919807,12.990068128269787,,40.00047258933256,37.855000000000004,35.70952741066745,98611.8,115504.45,1.183965813421923,36.94947453170368
2026-05-11,4938,84.4,84.4,82.6,83.4,10027621.0,835037154.0,83.44,82.86,82.335,76.42333333333335,74.13916666666667,76.04166666666667,60.784313725490264,53.27102803738319,1.5847540767554307,1.7762988769783412,-0.19154480022291054,28.992152101796577,19.068498324689482,23.777641899266115,,86.43956741742826,82.335,78.23043258257172,10311046.2,12944941.6,0.9725124692002641,83.27370509914564
2026-05-11,4939,38.5,40.0,37.55,37.9,3058863.0,118036378.0,41.519999999999996,42.72,42.152499999999996,35.76499999999999,35.457499999999996,35.30375,21.698113207547195,21.698113207547195,1.7335672644773865,2.4607969237364644,-0.7272296592590779,19.000849344957533,20.11672139412926,42.627296543688125,,48.04946398246812,42.152499999999996,36.255536017531874,3709507.6,2432423.6,0.8246008176395163,38.58831794689726
2026-05-11,4942,38.3,38.4,38.0,38.0,140352.0,5340698.0,37.95,37.975,38.1675,37.939166666666665,38.181666666666665,37.970625000000005,66.66666666666666,39.47368421052642,-0.040344711958688606,-0.002972220836822585,-0.03737249112186602,23.97712600337944,18.06290353653376,10.582977435991493,,38.72406370515432,38.1675,37.61093629484567,96957.6,100043.1,1.447560583182752,38.052168832649336
2026-05-11,4943,9.48,9.48,9.08,9.36,9984.0,92625.0,9.297999999999998,9.401,10.008,,,,38.8235294117646,25.23364485981307,-0.5161083784538416,-0.4932859844605109,-0.022822393993330692,13.160539750541854,29.20432558935704,37.16749186192168,,11.348237213885602,10.008,8.667762786114396,29367.8,38408.75,0.339964178453953,9.27734375
2026-05-11,4946,106.0,106.0,103.5,103.5,27647.0,2881689.0,107.1,109.6,110.825,120.19166666666666,119.59583333333333,119.29791666666667,25.714285714285722,25.714285714285722,-3.2704000991013658,-3.089801886095982,-0.1805982130053838,16.72241817794465,32.37750358572802,30.381933030012416,,116.19817900609873,110.825,105.45182099390128,64936.6,38107.5,0.4257537351817003,104.23152602452346
2026-05-11,4949,96.7,99.5,94.5,95.4,2212755.0,213422271.0,96.97999999999999,97.8,93.88000000000001,68.5975,53.23791666666667,50.746875,20.80924855491328,56.79287305122496,7.06834528526845,8.269700420265595,-1.2013551349971454,29.575902508268882,12.547308207352922,50.263063909944705,,105.69642033247317,93.88000000000001,82.06357966752685,3327232.2,4102868.0,0.6650437561887024,96.45092701180202
2026-05-11,4950,17.5,17.5,16.7,16.75,15614.0,264539.0,17.339999999999996,17.71,17.497500000000002,16.938333333333333,17.84416666666667,18.297083333333333,39.47368421052632,39.47368421052632,0.21258285410764444,0.34891458158219035,-0.13633172747454592,18.234208385327523,9.502758813429695,44.06453018559006,,18.956221502224654,17.497500000000002,16.03877849777535,89999.4,183087.2,0.17349004548919217,16.94242346612015
2026-05-11,4951,130.0,130.0,120.0,120.5,648388.0,78706556.0,126.3,123.8,109.63499999999999,82.88833333333334,75.39416666666668,71.64708333333334,51.99999999999999,51.99999999999999,13.117427876214578,13.184284014620681,-0.06685613840610394,38.11092912439269,9.253570578453497,63.81361984829799,,155.1015765034861,109.63499999999999,64.1684234965139,1427905.0,2814620.35,0.4540834299200577,121.3880515987341
2026-05-11,4952,48.9,51.9,48.9,51.6,1696345.0,86066583.0,48.76,47.925,46.9325,43.33083333333334,40.30666666666666,40.623958333333334,96.33027522935788,66.97459584295612,1.7852249745583606,1.623796646300169,0.16142832825819164,32.06850473250256,12.143430840151437,35.03433293931219,,53.99398001484126,46.9325,39.87101998515873,1075313.2,1348182.05,1.577535735634976,50.736485207902874
2026-05-11,4953,118.5,120.0,116.5,117.0,384509.0,45393771.0,121.0,120.3,120.425,117.6,119.05,119.775,42.30769230769231,42.30769230769231,0.8342079980342731,1.0357882996673995,-0.20158030163312635,16.324354107660803,15.784300799907463,24.331375707308336,,125.01646806014915,120.425,115.83353193985084,563178.4,458940.75,0.6827481309652501,118.05645901656398
2026-05-11,4956,49.3,49.75,44.75,45.35,9402590.0,438259859.0,48.95,48.435,48.11749999999999,34.774166666666666,27.360833333333336,25.581875,44.135802469135804,35.76864535768644,3.2308327085061777,4.074670012951976,-0.8438373044457981,31.994290200189596,20.714198829077834,34.9095264624847,,56.238186709360555,48.11749999999999,39.99681329063943,7720313.4,8499044.1,1.217902630740353,46.61054656217063
2026-05-11,4958,405.0,424.5,397.0,412.0,41454268.0,17112619399.0,415.7,406.75,348.95,247.6,198.8625,161.98999999999998,44.64285714285714,73.50230414746544,49.473847262588265,47.555212899801376,1.9186343627868894,31.461595386207424,10.136604032365785,58.38518061996076,,481.1388202932699,348.95,216.76117970673013,45986380.2,56297254.95,0.9014466418037399,412.8071782379561
2026-05-11,4960,37.8,41.25,36.0,39.7,24574535.0,959638540.0,41.28,40.019999999999996,37.3425,24.66,19.15958333333333,16.4,52.80000000000001,53.90625,4.2528473036678065,4.650227895574275,-0.3973805919064688,32.23955993681543,18.808265505044304,50.915350164326114,,48.73013295028977,37.3425,25.95486704971023,14952841.2,17394925.7,1.643469269238277,39.05011997175124
2026-05-11,4961,171.5,173.0,164.0,170.5,2067111.0,350403346.0,163.4,159.8,158.2,150.95833333333334,149.37916666666666,172.0875,89.13043478260869,63.39285714285714,3.8554622840747754,2.922833041404889,0.9326292426698863,31.49020505238535,9.534487740395994,33.36803234800175,,169.87723831806485,158.2,146.52276168193512,1946339.4,1681514.55,1.0620506372115779,169.51356071347885
2026-05-11,4966,813.0,813.0,738.0,800.0,3411033.0,2627573587.0,664.2,619.6,588.75,542.2333333333333,534.1166666666667,530.0583333333333,77.10843373493975,77.10843373493975,39.480688666051606,22.751768442611986,16.72892022343962,52.68294587011147,8.558070253400583,41.05148852878259,,711.9201860713131,588.75,465.57981392868686,3763893.0,1887159.0,0.9062513201092592,770.3160851859246
2026-05-11,4967,288.5,290.0,278.0,284.5,21393469.0,6073693955.0,293.3,290.45,260.975,233.83333333333334,184.26000000000002,129.55208333333334,55.38461538461538,70.51671732522796,19.49670159231607,17.716556790950417,1.7801448013656547,34.78862059638491,12.73408634225905,40.4361938357908,,327.7184010142379,260.975,194.23159898576216,23227105.2,20459842.4,0.9210561891285531,283.9041183549989
2026-05-11,4968,121.0,123.5,119.5,121.0,1236844.0,150405741.0,119.7,118.85,117.175,114.95,128.00833333333333,130.575,67.85714285714286,54.76190476190476,2.1191528877396735,1.9999512019596752,0.11920168577999823,28.42909985212686,13.86753414951227,24.61764950357773,,130.19027442741873,117.175,104.15972557258128,2036279.8,2430337.75,0.6074037565957291,121.60445537189815
2026-05-11,4971,785.0,787.0,705.0,705.0,2775061.0,2051630815.0,726.2,761.0,765.55,568.6,482.8,439.9,39.03061224489795,39.03061224489795,33.283390560654766,54.08794913518782,-20.804558574533054,30.32507731644386,19.394630713509002,50.134520341592626,,848.9904294281745,765.55,682.1095705718254,924001.0,507287.45,3.0033095202277917,739.3101683170207
2026-05-11,4972,16.4,16.45,16.4,16.4,36892.0,605690.0,16.45,16.46,16.6,17.375,17.7125,17.88125,37.49999999999978,37.49999999999978,-0.23677345601257116,-0.2642097555618392,0.027436299549268017,4.901770082973019,24.43240434700528,56.89031797538569,,17.06111991818546,16.6,16.13888008181454,95017.4,51171.25,0.38826572817189275,16.41792258484224
2026-05-11,4973,119.0,121.5,114.0,117.0,7542968.0,885001455.0,100.67999999999999,92.12,86.345,67.65583333333332,56.47791666666667,50.88895833333333,84.1046277665996,84.1046277665996,8.244254419878303,6.13649609536569,2.107758324512613,39.66211045483071,3.8710130198019224,52.60651999814541,,106.06946784019668,86.345,66.62053215980332,12182975.6,6713043.6,0.6191400399751272,117.32801398600657
2026-05-11,4974,74.7,76.6,74.5,74.6,501275.0,37826856.0,73.94,72.91999999999999,72.16,72.83166666666668,73.56583333333333,73.93291666666667,81.3953488372093,81.3953488372093,0.5769501187630368,0.22864575363959425,0.34830436512344254,25.89269801867574,8.902246308841438,26.95193297667683,,74.50982642136074,72.16,69.81017357863925,257469.4,182549.85,1.9469303925048957,75.4612857214104
2026-05-11,4976,29.05,29.15,28.65,29.0,465883.0,13500422.0,29.18,29.080000000000002,29.497500000000002,29.8075,31.209166666666665,31.52875,50.0,38.62068965517242,-0.07193855470916333,-0.046847378882012174,-0.025091175827151153,21.354109751145003,19.827918141835646,11.83327090043985,,30.96915320571671,29.497500000000002,28.025846794283293,581224.6,637007.4,0.801554166840151,28.978138287939245
2026-05-11,4977,235.0,250.5,221.0,246.0,16622159.0,3970474120.0,,,,,,,68.42105263157895,43.47826086956522,12.269599992392642,11.846167252462983,0.4234327399296589,17.269055318033438,10.856242463004714,24.781876653158726,,,,,,,,238.86633018009272
2026-05-11,4979,600.0,600.0,531.0,531.0,2824650.0,1549733019.0,650.8,635.9,622.25,456.825,385.4125,349.70625,36.267605633802816,36.267605633802816,44.006314914926975,54.48100873299473,-10.474693818067756,24.435496664617094,19.866723058038023,52.56390171913743,,728.9988444409313,622.25,515.5011555590687,12906965.4,5106988.0,0.21884694910548066,548.6460336678881
2026-05-11,4987,81.6,81.6,81.5,81.6,28084.0,2289797.0,81.52,81.5,81.475,,,,66.66666666666666,66.66666666666666,0.10907707640014053,0.13183013202721244,-0.022753055627071916,20.96146073355416,0.3503472479368714,87.38606378049188,,81.58502392084714,81.475,81.36497607915285,20718.8,16827.1,1.3554839083344596,81.53386269762142
2026-05-11,4989,95.5,96.9,92.8,94.6,7416022.0,702754798.0,100.46,103.42999999999999,102.965,75.70583333333335,58.407083333333325,39.62791666666667,8.928571428571416,40.06410256410256,6.047743772544834,8.8143784502677,-2.766634677722866,27.624127452606928,14.931940494454068,48.52951819707652,,119.2381001801653,102.965,86.6918998198347,11094986.2,14657562.2,0.6684120075787026,94.76169272421252
2026-05-11,4991,716.0,716.0,638.0,642.0,750665.0,497204402.0,669.0,672.6,666.45,457.4,349.45,295.475,41.41414141414141,41.41414141414141,44.86234471443606,59.14119878930003,-14.278854074863965,26.90795647571998,8.880637070413282,70.24802702464454,,720.0586206736051,666.45,612.841379326395,6304930.0,5274295.3,0.11906000542432668,662.351917299994
2026-05-11,4994,98.0,98.1,95.8,98.0,11994.0,1168822.0,97.62,97.72999999999999,98.61999999999999,99.32333333333332,97.9,96.34458333333333,69.09090909090904,41.379310344827566,-0.2090915062856169,-0.08519693511151188,-0.12389457117410502,20.72642485060074,21.77993152898403,9.419791628898363,,102.15901562287378,98.61999999999999,95.0809843771262,16795.4,23897.9,0.7141241054098145,97.45055861263965
2026-05-11,4995,45.45,45.45,44.1,44.3,78516.0,3519026.0,44.64,43.730000000000004,43.0775,41.531666666666666,40.865833333333335,40.532916666666665,69.89247311827961,69.89247311827961,0.8179588599649747,0.6601671338396424,0.15779172612533232,24.52132184469704,14.218572717848879,44.99046040814577,,45.23753776770095,43.0775,40.91746223229905,138020.0,77709.1,0.5688740762208375,44.81922155993683
2026-05-11,4999,20.9,21.1,20.6,20.95,209425.0,4363402.0,21.1,21.44,21.6475,22.330833333333334,23.402083333333334,24.503958333333333,0.0,41.96428571428569,-0.23663895227588227,-0.14081101492801018,-0.0958279373478721,29.928210824755674,24.958893721025895,30.788538525619582,,23.335374714730154,21.6475,19.959625285269848,120189.8,206004.85,1.7424523545259247,20.835153396203893
2026-05-11,5007,58.0,58.1,57.8,58.0,26783.0,1550958.0,58.04,57.989999999999995,57.92,57.79333333333333,55.46166666666667,54.045,62.50000000000022,50.0,0.1960930903679028,0.20476996856836338,-0.008676878200460592,20.194493831018562,18.221617928271243,9.01017885496673,,58.5410347901089,57.92,57.2989652098911,42037.6,66535.55,0.6371201020039203,57.90830004107083
2026-05-11,5009,37.5,38.95,37.15,37.3,5376756.0,204090400.0,36.3,34.37,33.052499999999995,33.365,33.2325,33.166250000000005,82.27848101265823,82.27848101265823,0.9633433491014429,0.3538910939656296,0.6094522551358132,31.5285898672582,7.052313344983732,33.43750321794959,,37.10108324797568,33.052499999999995,29.00391675202431,8790238.2,4697335.9,0.6116735266627928,37.95790621705727
2026-05-11,5011,15.7,15.7,15.05,15.1,630121.0,9622629.0,14.86,14.814999999999998,14.6825,13.609999999999998,12.754999999999999,12.327499999999999,59.99999999999998,59.99999999999998,0.3099551346918332,0.3291990155046815,-0.01924388081284828,15.830216331112354,5.61221494761538,37.22364278179487,,15.452513670418638,14.6825,13.91248632958136,404605.8,608105.25,1.557370161277965,15.27108126851827
2026-05-11,5013,27.3,27.5,27.25,27.25,6025.0,164781.0,27.95,28.325,28.952499999999997,,,,15.5555555555556,15.5555555555556,-0.5132525000644748,-0.3765868309026006,-0.13666566916187417,8.105449251221525,24.58898394882078,35.1674855171545,,30.878082618599535,28.952499999999997,27.02691738140046,16206.2,40372.1,0.37177129740469694,27.349543568464732
2026-05-11,5014,10.1,10.2,10.1,10.15,310237.0,3147676.0,9.574,9.667,9.836,10.512,10.956,11.178,64.91228070175437,64.91228070175437,-0.20531251091771807,-0.23794688130306496,0.03263437038534689,20.593641651630907,16.08521055226102,59.481133381304836,,10.39849070167755,9.836,9.27350929832245,386336.8,276922.1,0.8030221299135883,10.146036739653878
2026-05-11,5015,22.25,22.25,22.05,22.2,27369.0,606152.0,22.9,23.29,23.725,26.191666666666666,27.595833333333335,28.297916666666666,18.74999999999997,18.74999999999997,-0.80012017459579,-0.7821438528897194,-0.017976321706070553,9.66106525106106,42.04370366996174,55.16657279983387,,25.083210897506248,23.725,22.366789102493755,53182.4,36773.45,0.5146251391437768,22.147393035916547
2026-05-11,5016,25.1,25.2,24.6,25.0,103188.0,2568661.0,25.46,25.705000000000002,26.975,26.572499999999998,25.78625,25.393125,8.333333333333172,8.333333333333172,-0.7279478907285224,-0.48293583028521936,-0.24501206044330304,11.343438573194955,29.61562866170612,36.06513635280322,,31.175814457371725,26.975,22.774185542628278,52426.6,133996.95,1.9682374977587713,24.893020506260417
2026-05-11,5201,30.05,30.05,28.9,29.4,58321.0,1714634.0,30.309999999999995,30.389999999999997,32.58,37.8175,40.10874999999999,41.254374999999996,19.444444444444358,19.444444444444358,-2.2147175932162426,-2.2692196631223185,0.05450206990607587,5.867060031447871,36.62112724038569,58.19689130564922,,40.25109406867928,32.58,24.90890593132072,51253.4,57873.85,1.1378952420717454,29.399941701959843
2026-05-11,5202,12.6,12.65,12.0,12.1,243635.0,3022712.0,12.86,12.934999999999999,13.184999999999999,13.843333333333334,14.421666666666665,14.710833333333333,12.500000000000014,12.500000000000014,-0.23907373791702113,-0.21221584821129752,-0.026857889705723614,9.854755086247257,24.18661144629657,20.053600718865155,,14.26061487923001,13.184999999999999,12.109385120769987,204167.6,254430.9,1.193308830588203,12.406723171958053
2026-05-11,5203,65.6,65.6,64.6,64.7,254857.0,16547983.0,65.7,65.1,64.495,69.14666666666668,82.43166666666666,91.78125,43.13725490196073,53.982300884955784,-0.17456651088872377,-0.5889710601291299,0.41440454924040615,25.57646961512885,21.63319583524053,19.32145007301902,,67.33343915596294,64.495,61.65656084403707,253153.6,272808.75,1.0067287212190543,64.93046296550615
2026-05-11,5205,22.5,22.5,20.8,21.75,3051.0,66197.0,22.339999999999996,22.225,23.2475,26.701666666666664,27.300833333333333,27.600416666666668,46.15384615384617,46.15384615384617,-1.439191539303998,-1.530184752131151,0.09099321282715289,13.258008279048203,14.819775209760227,46.27127368877402,,27.18242794022168,23.2475,19.31257205977832,11212.8,7976.2,0.27209974315068497,21.69682071451983
2026-05-11,5206,23.5,23.6,22.8,22.85,120288.0,2782615.0,23.830000000000002,23.555,24.042499999999997,27.539166666666667,28.769583333333333,29.38479166666667,46.728971962616846,46.728971962616846,-1.043771387974214,-1.2143974388753085,0.1706260509010944,19.502187529362537,25.930657817490165,45.457428169072216,,26.78750023967014,24.042499999999997,21.297499760329853,287091.6,128473.95,0.41898822536082564,23.13293927906358
2026-05-11,5209,166.0,166.0,164.5,165.0,16155.0,2667913.0,164.8,163.9,164.125,167.48333333333332,170.74166666666667,172.37083333333334,70.0,70.0,-0.6277353903885512,-0.9959424638642578,0.3682070734757066,10.387154361538196,14.508384415628653,35.917047855506134,,166.65638198161494,164.125,161.59361801838506,44748.4,57847.45,0.36101849451600504,165.14472299597648
2026-05-11,5210,25.6,27.1,25.5,25.9,305995.0,8031724.0,27.640000000000004,25.419999999999998,23.9575,22.540833333333335,21.995416666666667,21.722708333333333,66.66666666666666,66.66666666666666,1.2966316673777598,0.870782752668556,0.42584891470920383,33.48443283447414,13.509632145314072,54.58889091759361,,28.578763782491556,23.9575,19.336236217508443,813286.4,351051.7,0.37624507184676886,26.247892939427114
2026-05-11,5211,20.45,20.45,19.6,19.75,85581.0,1710133.0,20.1,20.305,21.0725,22.713333333333335,24.15666666666667,24.878333333333334,9.523809523809618,9.523809523809618,-0.6507314132647828,-0.6270239577500368,-0.023707455514745956,8.557492540041558,22.327751270805543,36.1817782037275,,23.68088223708427,21.0725,18.464117762915734,86258.8,91558.95,0.9921422509935218,19.9826246479943
2026-05-11,5212,48.0,48.0,47.75,47.75,3310.0,158212.0,46.94,47.105,47.510000000000005,50.51166666666666,51.255833333333335,51.62791666666667,55.55555555555558,55.55555555555558,-0.9035975410173265,-1.0588123949953012,0.15521485397797474,19.172937859183804,19.103911205392055,39.45853562727147,,48.86047749839989,47.510000000000005,46.15952250160012,7139.6,18343.5,0.4636114068015015,47.798187311178246
2026-05-11,5213,25.75,25.95,25.7,25.75,440969.0,11372107.0,25.879999999999995,25.875,26.092499999999994,25.763333333333332,24.831666666666663,24.36583333333333,44.82758620689661,44.827586206896605,-0.13747921130388008,-0.09636978804776693,-0.04110942325611315,20.21234124141448,15.560404726029434,20.60191200390867,,26.86999598069697,26.092499999999994,25.315004019303018,853319.0,660406.7,0.5167692269831095,25.78890352836594
2026-05-11,5215,38.35,38.9,37.5,38.3,67898.0,2612037.0,38.269999999999996,37.93,38.0125,37.880833333333335,36.85125,37.005208333333336,67.30769230769226,51.11111111111106,0.16615828425755552,0.09969156430276992,0.0664667199547856,29.610554847293685,12.865800995843745,27.646583560621718,,38.83127636558495,38.0125,37.19372363441506,88058.0,73540.75,0.7710599831928956,38.470013844295856
2026-05-11,5220,22.95,23.1,22.15,22.75,161240.0,3640830.0,20.75,20.485,20.35,19.4825,18.791249999999998,18.445625,98.1132075471698,98.1132075471698,0.3688029723722046,0.2472201460319387,0.1215828263402659,42.50234520851121,2.9406491201057063,55.44973893483445,,21.481835956125686,20.35,19.218164043874317,70873.8,40119.8,2.2750297006792355,22.580191019598114
2026-05-11,5222,136.5,136.5,130.0,131.5,1552619.0,204293656.0,135.7,134.65,136.025,134.875,135.19583333333333,127.90083333333334,50.0,33.33333333333333,0.8137642224835417,1.0393764406511623,-0.22561221816762056,27.221792250124622,21.56531985133554,19.013677783647463,,146.17894660114726,136.025,125.87105339885277,871191.8,1458666.4,1.782178160997383,131.58003090262324
2026-05-11,5223,24.55,24.75,23.95,24.15,29001.0,706274.0,24.669999999999998,24.909999999999997,25.285,27.059166666666666,27.629583333333336,27.914791666666662,18.75000000000003,18.75000000000003,-0.5840967103619086,-0.5866794221126351,0.002582711750726552,12.314115119889706,27.09359078899552,22.102639784459992,,26.627464348247592,25.285,23.942535651752408,34411.4,30937.65,0.8427730345176307,24.353436088410746
2026-05-11,5225,74.3,74.6,73.2,73.4,566668.0,41759985.0,75.86,76.11000000000001,76.85,87.77833333333334,96.455,96.06541666666666,23.333333333333428,35.24590163934427,-2.525088276550136,-2.8556966160706936,0.3306083395205577,14.576398296913407,38.2997297798685,36.15618834262395,,79.62773099376682,76.85,74.07226900623317,387855.0,350691.6,1.4610305397635714,73.69391777901699
2026-05-11,5227,22.7,23.95,22.7,23.25,975429.0,23056638.0,21.25,21.54,21.785,23.676666666666666,24.58833333333333,25.04416666666667,67.53246753246754,67.53246753246754,-0.4568022002389256,-0.5926149315512141,0.13581273131228855,23.21842335944562,9.407424468667793,26.67988993632142,,23.028551789284116,21.785,20.541448210715885,297443.6,320942.0,3.279374644470414,23.63743337546864
2026-05-11,5228,49.2,54.8,48.35,49.15,3603005.0,183906048.0,39.690000000000005,36.9,35.85,27.87833333333333,25.164166666666667,23.80708333333333,76.16580310880828,76.16580310880828,3.327716696861927,2.5520193801458104,0.7756973167161165,52.710429939296866,14.27232274124374,43.038392196284015,,43.7494336905615,35.85,27.950566309438496,1371890.8,1391319.8,2.6263059712915924,51.042407101849705
2026-05-11,5230,16.8,17.95,16.75,16.75,434537.0,7506414.0,16.889999999999997,17.065,17.2975,17.066666666666666,17.408333333333335,17.579166666666666,14.285714285714434,14.285714285714434,-0.014266642573637967,0.05459121542638561,-0.06885785800002359,23.48007247781515,9.64410297234143,29.930908942287896,,18.4286265925709,17.2975,16.1663734074291,196027.0,254643.75,2.2167201456942154,17.27451057102157
2026-05-11,5234,412.0,424.5,403.5,414.5,784081.0,324840878.0,412.6,425.1,429.325,387.8833333333333,368.7125,316.7395833333333,25.80645161290323,37.42514970059881,6.150965248608543,11.92940219213181,-5.778436943523268,23.352475153735806,19.981349384417264,23.726243671575673,,469.67253628427585,429.325,388.9774637157241,958524.6,1042658.5,0.8180082180467774,414.2950511490522
2026-05-11,5236,165.0,166.5,160.5,161.0,460152.0,75063517.0,164.5,163.7,160.45,138.18333333333334,128.34166666666667,123.42083333333333,46.47887323943662,46.47887323943662,6.553345594434376,7.574302225012141,-1.020956630577765,20.691647167131368,8.096479661755307,57.19623482723625,,173.60054531588892,160.45,147.29945468411105,766165.0,652439.65,0.6005912564525918,163.1276556442219
2026-05-11,5243,108.0,111.0,105.5,107.0,4572230.0,491366192.0,106.9,105.67999999999999,113.73999999999998,93.38333333333334,86.355,72.71104166666666,57.14285714285714,34.54157782515992,2.331288939075236,4.376367680038089,-2.045078740962853,23.443855413252876,16.410081637291857,30.126065240097272,,131.07440752406913,113.73999999999998,96.40559247593083,5332737.6,5175206.15,0.8573888953396095,107.46751410143409
2026-05-11,5244,41.4,41.45,40.7,40.7,579551.0,23711724.0,41.290000000000006,41.425,42.3425,39.55499999999999,40.06875,42.5875,36.84210526315788,28.418803418803407,0.30008768722994716,0.6477083730434985,-0.3476206858135513,26.30122777753851,21.727564963032897,15.799416424576867,,48.15159223817097,42.3425,36.53340776182903,788051.8,2139981.1,0.7354224684214921,40.913955803717016
2026-05-11,5245,25.1,27.15,25.1,25.15,594694.0,15680367.0,25.39,24.815,24.717499999999998,26.65583333333333,29.977916666666665,31.63895833333333,55.78231292517006,55.78231292517005,-0.027755902670115518,-0.2875052281022853,0.2597493254321698,27.754212854212803,14.729786956622467,23.362061439814894,,26.308684596787142,24.717499999999998,23.126315403212853,443693.4,177988.95,1.3403264506526353,26.36711821541835
2026-05-11,5251,27.65,27.7,26.85,27.0,142266.0,3882931.0,28.439999999999998,28.455000000000002,28.929999999999996,30.760833333333334,32.00541666666666,32.62770833333333,27.272727272727252,27.272727272727252,-0.6057707766917062,-0.6011729648844558,-0.004597811807250385,8.99822841348528,23.462000078236194,22.982931470084086,,30.75624146671146,28.929999999999996,27.10375853328853,128902.8,110101.85,1.103668810917994,27.29345732641671
2026-05-11,5258,55.8,57.0,53.1,54.3,5599519.0,307361286.0,50.66,49.15,49.477500000000006,50.6975,60.74458333333333,64.55062500000001,94.0397350993378,64.6341463414634,0.44830902965846775,-0.19136827207602566,0.6396773017344934,44.82832494381713,14.401244999856502,20.791560371510613,,53.66161469602172,49.477500000000006,45.29338530397829,1924829.6,917815.75,2.9090985508535403,54.89065864407282
2026-05-11,5263,103.0,105.5,100.0,102.0,286983.0,29549307.0,103.4,98.53999999999999,96.065,98.99499999999999,102.9975,104.99875,84.49612403100775,84.49612403100777,1.5754775146680515,0.23094680516653926,1.3445307095015122,17.889120250528297,8.74860557632387,30.192335829542586,,104.89873319187659,96.065,87.23126680812341,301105.4,188249.3,0.9530981510129011,102.96535683298313
2026-05-11,5269,1365.0,1435.0,1275.0,1390.0,3700684.0,5020824020.0,1372.0,1349.0,1300.25,1250.9166666666667,1283.2916666666667,1531.5625,57.57575757575758,62.50000000000001,50.2672508100045,40.429463033579694,9.837787776424804,28.384641620325286,20.941340471013532,30.880375861431652,,1453.8549272784267,1300.25,1146.6450727215733,2434053.8,2029684.6,1.5203788839835835,1356.7286534056948
2026-05-11,5272,22.85,23.45,22.25,22.3,352394.0,8090500.0,23.91,24.21,24.0025,22.235000000000003,21.1925,20.671249999999997,16.923076923076934,16.923076923076934,0.3796296532528096,0.5940396907310862,-0.21441003747827658,12.21708373627471,14.889911714390694,39.08592814569202,,25.54743229284449,24.0025,22.457567707155512,479773.6,530782.75,0.7345006061192196,22.958676935475633
2026-05-11,5274,18200.0,18450.0,17195.0,17195.0,246404.0,4375632630.0,17539.0,17114.0,16045.75,12370.25,11080.125,10435.0625,56.67903525046381,56.679035250463826,1361.0206539290484,1416.5336274612105,-55.51297353216205,25.792598483848256,7.572386470454326,59.4319654074182,,19365.68860913437,16045.75,12725.81139086563,393504.2,328802.25,0.6261788311281048,17757.961031476763
2026-05-11,5276,21.65,21.65,20.25,20.3,44548.0,923516.0,20.330000000000002,19.544999999999998,18.2575,,,,64.17910447761196,64.17910447761196,1.1584071801228113,0.9767164380473188,0.18169074207549252,20.43949122583837,8.325338882620697,65.10698187498234,,21.962301294479772,18.2575,14.55269870552023,70177.0,64966.85,0.6347948758140132,20.73080721917931
2026-05-11,5278,24.55,24.6,23.25,23.45,791399.0,18815483.0,23.189999999999998,23.425,23.527499999999996,25.599166666666665,27.324583333333333,28.187291666666667,44.73684210526318,44.73684210526318,-0.41312100172053334,-0.48913710108038,0.07601609935984666,17.253352567453494,15.697183078717527,35.05137572198755,,23.978784715824528,23.527499999999996,23.076215284175465,800058.0,693431.95,0.9891770346649867,23.774964335310003
2026-05-11,5283,52.5,52.5,52.0,52.3,136355.0,7118163.0,52.64,52.73,53.815,56.505,60.21333333333334,69.47125,43.74999999999995,17.307692307692363,-0.9440918612511524,-0.9331978933909544,-0.010893967860198028,13.138333912871204,33.91945687288119,30.849353407462736,,56.29462221230731,53.815,51.335377787692686,136762.8,127778.3,0.9970181950062444,52.203168200652705
2026-05-11,5284,368.0,372.0,355.0,367.0,1716567.0,624840240.0,365.1,350.7,342.325,295.35,292.4583333333333,247.08125,65.58441558441558,54.857142857142854,18.205172429310267,17.123758596251278,1.0814138330589884,26.23627382105352,10.032117679691153,32.048172327256644,,385.6915830601846,342.325,298.9584169398154,2481795.4,2599253.55,0.6916633820821814,364.00573936234355
2026-05-11,5285,64.6,67.8,64.6,67.8,2931242.0,197857598.0,59.82000000000001,57.129999999999995,55.504999999999995,52.27916666666667,51.82041666666667,48.952083333333334,97.05882352941177,77.96610169491527,2.7350394587007827,1.7221886307596057,1.012850827941177,48.62574195167203,10.574032336863146,32.927204568716114,,63.03136768476801,55.504999999999995,47.978632315231984,1139902.4,574405.65,2.571485067493498,67.49957799458386
2026-05-11,5287,149.5,151.0,149.0,150.0,53583.0,8048302.0,151.4,152.85,155.55,162.15,163.825,164.6625,20.0,20.0,-3.2870201133099215,-3.036726915711057,-0.2502931975988645,4.521861242748447,26.414817728775393,50.29938455821446,,163.9222599602563,155.55,147.17774003974372,148147.0,93375.65,0.36168805308241136,150.20252692085177
2026-05-11,5288,152.0,157.5,150.5,154.5,170544.0,26335738.0,157.4,162.8,165.05,149.775,138.97083333333333,137.19583333333333,28.301886792452834,33.33333333333333,1.9354156539529583,4.704984924931341,-2.7695692709783826,23.209558306685267,26.43614197122116,16.660500831384965,,179.88204212791402,165.05,150.217957872086,349304.4,427139.3,0.48823891139075254,154.421955624355
2026-05-11,5289,1865.0,1875.0,1760.0,1760.0,5067235.0,9149835670.0,1602.0,1428.5,1283.25,1040.7166666666667,913.8583333333333,850.4291666666667,83.66013071895425,83.66013071895425,149.6606842635067,106.11031798802091,43.5503662754858,34.54965163541044,6.72162668103263,43.078756011230304,,1717.279770989576,1283.25,849.220229010424,7037712.4,5795254.15,0.7200116617439496,1805.6860733713752
2026-05-11,5291,68.6,69.1,66.0,66.7,864578.0,57765344.0,67.3,65.52,66.34,57.04083333333334,46.720416666666665,41.56020833333333,58.60655737704918,58.60655737704918,1.0879943108155743,1.265027354096394,-0.1770330432808198,20.187470620008664,14.522671935508258,27.6680089687771,,75.22532794170112,66.34,57.45467205829888,3003223.2,1938596.95,0.2878833647795475,66.81334014976092
2026-05-11,5292,225.0,225.0,210.0,223.0,754104.0,164815895.0,228.1,236.25,238.3,212.14166666666668,180.32083333333333,165.85416666666666,9.523809523809518,33.33333333333333,3.372283919126744,7.743085188872039,-4.370801269745295,20.57838491328554,26.861950572591958,25.764402452436283,,266.2499552772424,238.3,210.35004472275762,500658.0,610320.55,1.5062258068382008,218.55857414892375
2026-05-11,5299,104.0,106.0,98.0,99.4,1065654.0,108798296.0,93.74,91.38000000000001,88.845,80.02666666666667,76.11333333333333,74.15666666666667,96.46017699115052,96.46017699115052,3.815846400360442,3.3133433162653194,0.5025030840951228,47.430597365087564,5.064112001133617,55.61013011307245,,96.84380912188945,88.845,80.84619087811055,443929.4,403957.05,2.4005033232761783,102.09532925320977
2026-05-11,5301,7.32,7.55,7.0,7.45,7028.0,50739.0,7.49,,,,,,20.503597122302153,20.503597122302168,-0.6826926360105272,-0.5194882731984497,-0.1632043628120775,13.671405876330537,27.940959412973555,22.8703009588522,,,,,32456.8,12022.9,0.216533977471593,7.219550369948776
2026-05-11,5302,10.55,10.75,10.2,10.25,561130.0,5848409.0,11.47,11.285,11.145,11.319999999999999,11.31,11.305000000000001,36.923076923076934,36.92307692307693,0.01983736545657422,0.015208309072966088,0.004629056383608131,18.294968482176426,23.131415149838585,17.577475101051494,,11.918848890458051,11.145,10.371151109541948,907901.8,583315.05,0.6180514236231275,10.422556270382977
2026-05-11,5306,80.9,81.5,80.3,80.8,155597.0,12591857.0,80.6,80.92999999999999,82.675,87.57,88.70416666666667,91.33541666666666,50.0,26.666666666666757,-1.7226899352333902,-1.7358777909509147,0.013187855717524455,19.411989605902946,25.79334455626257,29.318928513607304,,86.53784596474723,82.675,78.81215403525276,185142.8,171099.1,0.8404161544494304,80.92609112000873
2026-05-11,5309,64.8,67.7,63.5,64.9,8898400.0,580723583.0,63.9,62.010000000000005,60.575,61.57666666666667,63.58833333333333,64.59416666666667,90.16393442622959,90.16393442622959,1.1072134779725857,0.45668247093766406,0.6505310070349217,22.47363124893369,5.317337542334401,32.45968532316555,,64.96440111009049,60.575,56.185598889909514,9872221.6,5160635.25,0.9013574006483,65.26157320417154
2026-05-11,5310,25.5,25.5,23.45,23.8,47001.0,1112624.0,24.61,23.36,23.505000000000003,,,,56.48854961832061,56.48854961832061,-0.27698966909386513,-0.6033394934040683,0.3263498243102032,48.407472677030974,35.1215547093868,39.612903716219236,,26.718933481118206,23.505000000000003,20.2910665188818,47105.0,15122.0,0.997792166436684,23.672347396863895
2026-05-11,5312,95.0,96.0,95.0,95.2,43017.0,4118405.0,96.54,96.88,97.45500000000001,97.98833333333333,98.09416666666667,98.14708333333334,26.19047619047612,26.19047619047612,-0.4846990569936196,-0.3286722288350232,-0.15602682815859642,7.90427656907632,19.443022943677494,18.028665335920458,,99.40000710322062,97.45500000000001,95.50999289677941,52410.6,37327.1,0.8207690810637543,95.73901015877443
2026-05-11,5314,67.2,68.6,66.9,67.3,4178207.0,281835960.0,72.4,72.33999999999999,73.995,80.42,86.61,89.70499999999998,36.30573248407647,36.30573248407647,-1.9258428420015576,-1.9432602135823267,0.01741737158076906,13.057200525588792,18.919841088536604,17.212376346657894,,81.51996896304136,73.995,66.47003103695864,4556399.8,3875235.8,0.9169974504871149,67.4538049455185
2026-05-11,5315,22.1,22.15,21.75,21.8,532092.0,11679717.0,22.1,22.220000000000002,22.465,23.388333333333332,24.194166666666668,24.597083333333334,30.76923076923073,30.76923076923073,-0.28845309423848065,-0.28232200309476185,-0.006131091143718792,8.448160118669925,24.718074876971922,31.97026516495399,,23.301722930938226,22.465,21.628277069061774,515654.8,350136.05,1.0318763637999686,21.95055930177488
2026-05-11,5321,23.25,25.0,23.25,24.25,313925.0,7639730.0,22.55,22.625,23.1175,25.475833333333334,27.037916666666668,27.818958333333335,63.917525773195884,63.917525773195884,-0.6727256793261027,-0.8110963248006278,0.13837064547452504,21.94518454562356,9.930905350696587,25.263015327883537,,24.897587224356176,23.1175,21.337412775643823,348316.6,305551.85,0.9012633908346602,24.33616309628096
2026-05-11,5324,11.5,11.5,11.4,11.5,285913.0,3279502.0,10.76,10.709999999999999,11.017500000000002,11.049166666666666,11.149583333333334,11.199791666666668,84.00000000000003,84.00000000000003,-0.13590160750066183,-0.1557958559448646,0.01989424844420276,33.41029852091337,19.921270744248332,41.485133740680894,,12.24579578128226,11.017500000000002,9.789204218717744,191259.0,182770.2,1.4948995864246912,11.470279420662928
2026-05-11,5328,29.4,31.45,28.25,28.6,28585471.0,855506265.0,27.4,26.110000000000003,25.922499999999996,25.875,26.1875,26.34375,71.89189189189189,71.89189189189189,0.4761109799543668,0.07834454071693664,0.39776643923743016,32.940530456823055,10.101720352227513,21.920679452710697,,28.758077542582804,25.922499999999996,23.086922457417188,24508185.4,9913113.2,1.166364238455614,29.928010106952584
2026-05-11,5340,108.0,108.5,102.0,103.0,2406492.0,252274838.0,112.2,114.3,118.4,111.16666666666667,107.58333333333333,105.79166666666667,35.0,35.0,-0.7722381621829868,0.8251471064688851,-1.597385268651872,19.165921896137668,20.479302007707904,23.606966639418935,,135.84645945080024,118.4,100.95354054919977,5277553.2,10309586.65,0.4559863082005502,104.83094811867232
2026-05-11,5344,16.7,16.85,16.1,16.2,99713.0,1641362.0,16.5,16.67,16.2075,14.789166666666667,14.519583333333335,14.384791666666667,39.705882352941174,39.705882352941174,0.5395534922616498,0.6270517456547541,-0.08749825339310424,17.56616417643768,6.04231036032093,42.026973615037676,,18.198869536670415,16.2075,14.216130463329586,154815.6,122056.35,0.6440759199977263,16.460862675879774
2026-05-11,5345,20.75,20.75,20.7,20.7,5001.0,104118.0,21.43,21.669999999999998,,,,,25.00000000000003,25.00000000000003,-0.44849800997510414,-0.37023216172498524,-0.0782658482501189,10.482108099554209,38.864153810042076,39.48523109029018,,,,,12920.6,,0.3870563286534681,20.819436112777446
2026-05-11,5347,181.0,183.5,173.0,176.5,49783035.0,8875005227.0,173.2,159.9,149.0,133.03333333333333,134.26666666666668,134.88333333333333,73.13432835820896,73.13432835820896,11.729130760665441,8.70255096467038,3.0265797959950618,31.730600337413406,10.051636317866608,45.75375007667017,,181.42968101178803,149.0,116.57031898821197,53091316.8,41894756.55,0.937686951475274,178.27368755239613
2026-05-11,5348,15.3,15.3,15.3,15.3,1070.0,16423.0,14.89,,,,,,30.188679245283026,30.188679245283026,-0.6077968927763919,-0.3986807652385844,-0.2091161275378075,15.623020207837948,31.485481567939942,53.77324331345362,,,,,12842.2,,0.08331905748236283,15.348598130841122
2026-05-11,5351,89.7,90.0,85.5,87.5,40014518.0,3503334500.0,78.7,74.42999999999999,71.63,65.59833333333333,60.64916666666667,58.17458333333333,86.12244897959182,86.12244897959182,3.1938755592941135,1.979035786161061,1.2148397731330525,25.716024396768017,9.90950694725069,25.698750317603153,,81.46101429686996,71.63,61.79898570313003,35941196.8,22113122.1,1.113332931640162,87.55158565198761
2026-05-11,5353,26.0,26.25,25.8,26.0,63061.0,1639540.0,26.47,26.389999999999997,26.014999999999997,25.278333333333332,25.389166666666664,25.444583333333334,42.857142857142854,42.857142857142854,0.36019219338207265,0.380382956857438,-0.02019076347536536,28.989718000009074,12.70510361726544,47.71278678097736,,27.237637356399297,26.014999999999997,24.792362643600697,118304.2,109106.9,0.5330410923703469,25.999270547565057
2026-05-11,5355,6.23,6.57,6.21,6.56,62019.0,392966.0,6.878,6.800999999999999,6.6875,,,,44.20289855072463,44.20289855072463,0.0015213018210911144,-0.027928359127453402,0.029449660948544516,15.781020922000765,13.195771309216516,24.587591458641935,,7.077742839375954,6.6875,6.297257160624046,86009.2,62859.7,0.7210740246392247,6.336219545623115
2026-05-11,5356,26.5,26.65,26.05,26.35,101794.0,2677496.0,26.869999999999997,26.835,26.585,25.684166666666666,25.66708333333333,25.658541666666665,38.63636363636366,38.63636363636366,0.33755955778990554,0.38833811506066274,-0.050778557270757196,12.483039212721792,20.12975972664293,47.86384147253472,,27.56000337381335,26.585,25.609996626186653,124124.4,96251.85,0.8200966127530124,26.303082696426117
2026-05-11,5364,9.31,9.4,9.13,9.21,136531.0,1263125.0,9.736,9.856,10.303,11.591000000000001,12.2205,12.535249999999998,5.681818181818244,5.681818181818244,-0.491783296627343,-0.4830438027094373,-0.008739493917905683,8.530875048433984,35.76813543293484,41.37858052393008,,11.809450690932389,10.303,8.796549309067613,78257.2,131637.85,1.7446445822237444,9.251561916341343
2026-05-11,5371,69.0,70.9,68.2,68.6,4197795.0,293167381.0,72.72,69.82,70.775,77.365,81.43249999999999,83.46624999999999,57.76397515527951,57.7639751552795,-1.140611216076195,-1.923377192187931,0.782765976111736,25.392596255351712,26.78056757188696,27.030010883060807,,80.75242187984549,70.775,60.79757812015452,6046434.0,5057230.9,0.6942596247639518,69.8384225527926
2026-05-11,5381,26.8,26.8,25.4,25.4,1623437.0,42095782.0,24.369999999999997,23.970000000000002,24.185,25.529999999999998,26.464999999999996,26.9325,79.68749999999994,79.68749999999994,-0.19518358811128778,-0.4197581924221914,0.22457460431090365,34.446871450657945,15.076422917718654,16.751496964489395,,25.796831256676754,24.185,22.573168743323244,1175567.2,713041.6,1.3809818783647587,25.93003732205192
2026-05-11,5386,446.5,446.5,415.0,415.0,447689.0,190219054.0,470.4,426.6,394.95,288.475,201.2375,157.61875,57.2,57.199999999999996,39.217822682614155,35.7552674254131,3.4625552572010534,31.18918802736028,27.9873758297208,44.02840343106862,,495.59314236580286,394.95,294.3068576341971,2041525.6,2966595.7,0.21929139659086322,424.891060535327
2026-05-11,5388,86.3,87.5,84.3,87.3,9544854.0,823797653.0,82.06,79.60999999999999,81.08500000000001,81.00166666666665,84.26833333333333,92.12916666666666,93.5483870967742,59.25925925925926,0.48670620351809646,-0.1820678290449469,0.6687740325630434,30.017295805223153,12.351218233538502,20.071249518677742,,87.42028963322461,81.08500000000001,74.7497103667754,9353081.4,5361985.55,1.020503681278771,86.3080412754349
2026-05-11,5392,43.0,44.5,41.9,42.7,12142348.0,526861153.0,41.41,41.05,40.1725,40.67583333333334,42.462916666666665,43.35645833333333,61.43497757847535,61.43497757847534,0.6810299204525663,0.40807870706754,0.27295121338502626,17.571400027605215,10.655150734632738,27.32213331240369,,43.10085053265574,40.1725,37.24414946734426,4989296.8,5178746.95,2.433679231109282,43.3903848744905
2026-05-11,5398,20.0,20.0,19.8,19.9,69050.0,1373085.0,19.98,20.05,20.2575,20.875,20.6875,20.59375,28.5714285714285,28.5714285714285,-0.261314678864931,-0.259103980536032,-0.0022106983288989746,15.22343686993389,16.158666188786793,9.62176250586196,,20.86731015164797,20.2575,19.64768984835203,73463.4,57207.85,0.9399238260140425,19.885372918175236
2026-05-11,5403,88.0,88.3,85.5,85.5,471620.0,40992864.0,92.24,93.02000000000001,93.595,103.055,106.77749999999999,108.63875,19.259259259259238,19.259259259259238,-2.7495247690411873,-2.727048189142414,-0.022476579898773164,9.935270417412395,51.89675979804004,69.25958958067498,,97.59630241954197,93.595,89.59369758045803,219953.0,169792.75,2.144185348688129,86.91926551036852
2026-05-11,5410,37.85,37.85,36.7,36.95,665711.0,24782441.0,36.33,34.59,33.582499999999996,31.347500000000004,30.623749999999998,30.261874999999996,76.10062893081759,76.10062893081759,1.3800724086868286,0.993207520854768,0.3868648878320605,39.29052780227424,15.58112222270218,46.38260527951616,,36.96080150410399,33.582499999999996,30.204198495895998,1783563.2,867184.9,0.3732477772584678,37.22702644240519
2026-05-11,5425,73.0,77.0,71.9,72.0,14528289.0,1077772414.0,71.6,67.15,65.28999999999999,61.41,61.605,61.7025,71.69811320754718,71.69811320754718,2.907897020345814,1.9447197795592843,0.9631772407865298,27.77562403728437,5.695195764889335,38.67400133593703,,73.7364629782003,65.28999999999999,56.84353702179969,20706524.2,16041921.5,0.7016285717329613,74.18440079213732
2026-05-11,5426,18.1,18.25,17.8,17.8,353470.0,6360967.0,17.82,17.794999999999998,18.1325,19.115,19.132499999999997,19.141250000000003,55.00000000000007,55.00000000000007,-0.3827376949548693,-0.41833786147440355,0.03560016651953424,15.038525824553838,16.345149547868637,25.167031017753317,,19.45727406216659,18.1325,16.80772593783341,369957.6,382674.45,0.9554338118746581,17.99577616205053
2026-05-11,5432,143.5,146.0,142.0,142.0,106078.0,15301181.0,142.6,141.1,138.1,142.95,149.475,152.7375,53.84615384615384,53.846153846153854,1.210134110326777,0.2938583811300676,0.9162757291967094,9.908730656717445,8.601066707550935,21.41391531225081,,148.18699005754752,138.1,128.01300994245247,262305.8,132412.4,0.4044058499659558,144.24462188201136
2026-05-11,5434,429.0,438.0,418.5,431.0,912348.0,392223614.0,421.8,415.95,416.325,359.3833333333333,334.62083333333334,304.56666666666666,76.59574468085107,56.03864734299517,16.61702762445458,18.417307793290032,-1.800280168835453,32.07010034545229,13.031167370348435,32.20024325798858,,435.4953581494817,416.325,397.15464185051826,812093.0,903619.1,1.12345260949177,429.9057092249887
2026-05-11,5438,18.65,18.8,18.55,18.55,85507.0,1594046.0,19.45,19.244999999999997,19.169999999999998,20.193333333333335,20.796666666666667,21.098333333333333,41.17647058823532,41.17647058823532,-0.126469776248598,-0.19602437315223642,0.06955459690363841,13.633569215939612,14.36219022032069,27.387560955754267,,19.80940762058581,19.169999999999998,18.530592379414188,134473.4,122252.75,0.6358655317705956,18.642286596419005
2026-05-11,5439,428.0,439.0,389.5,391.0,13208541.0,5460685347.0,396.0,390.25,389.025,328.80833333333334,314.40416666666664,307.20208333333335,57.65765765765766,57.65765765765766,16.64323354891019,18.975360579398235,-2.3321270304880457,17.918311187180567,6.326273524701389,45.85604989587546,,411.9974663570591,389.025,366.05253364294083,8665330.8,7725876.5,1.5242973759293759,413.4207818259413
2026-05-11,5443,128.0,135.0,126.5,131.0,15707540.0,2066499478.0,125.6,128.35,125.225,106.33333333333333,98.16666666666667,94.08333333333333,51.54639175257732,51.54639175257732,4.8744855336740756,6.043556189580474,-1.1690706559063981,24.495654205846193,11.05631129608605,48.93030785027373,,139.3986412139992,125.225,111.05135878600078,8576883.8,16445708.7,1.8313807632557642,131.56098778039083
2026-05-11,5450,12.65,12.9,12.65,12.8,27329.0,349035.0,12.919999999999998,13.004999999999999,13.275,14.024166666666668,14.212083333333332,14.306041666666667,34.99999999999997,34.99999999999997,-0.3281826697513033,-0.32642343408569086,-0.0017592356656124242,12.488110285184442,18.96450959199662,38.08408679729306,,14.16736527805246,13.275,12.382634721947541,68007.2,39532.8,0.40185450952252116,12.771597936258187
2026-05-11,5452,33.4,33.6,31.55,31.7,2107382.0,68176834.0,32.510000000000005,32.05,32.4575,32.405,32.252500000000005,32.17625,53.08641975308642,53.08641975308642,-0.18852304528606822,-0.22435202052707948,0.03582897524101125,11.798863911718135,10.86501938458729,19.774879527832738,,34.90640415879171,32.4575,30.0085958412083,2625354.4,2225703.35,0.8027038178159871,32.351436047190305
2026-05-11,5455,24.35,25.85,24.3,24.95,127051.0,3183714.0,25.6,25.39,25.305,,,,46.999999999999986,46.99999999999999,0.07971424665561955,0.005368553912189894,0.07434569274342966,19.050480836409765,13.399041760097353,31.268184089002066,,26.17913114757337,25.305,24.43086885242663,95240.2,84916.05,1.334006018466992,25.058551290426678
2026-05-11,5457,34.45,34.85,33.3,33.3,800489.0,27165295.0,35.82000000000001,36.13,36.745,36.16333333333333,35.95666666666667,35.85333333333334,19.801980198019706,19.801980198019706,-0.31643829072343266,-0.026665798360052752,-0.28977249236337993,13.061670309508047,23.54775336250259,22.183935219438045,,39.17288623682151,36.745,34.31711376317848,603476.2,636897.95,1.3264632474321274,33.93587544613355
2026-05-11,5460,15.25,15.4,15.0,15.05,102477.0,1545875.0,15.040000000000001,15.005,14.977500000000001,15.050833333333335,15.275416666666667,15.387708333333332,55.5555555555556,55.5555555555556,0.031604693733674694,0.018001776656848732,0.013602917076825961,37.681907170041804,14.31568112460044,25.445931635134652,,15.138009058606576,14.977500000000001,14.816990941393426,66054.8,40425.8,1.5513936912987398,15.085092264605716
2026-05-11,5464,60.2,60.2,53.6,57.1,1423151.0,80221686.0,50.58,42.08,36.790000000000006,30.235,27.6925,26.42125,78.55450236966826,78.55450236966826,5.796339960834771,3.5136781686285112,2.28266179220626,64.38633086996228,11.843665627727592,65.27281665021717,,54.08863395884498,36.790000000000006,19.491366041155032,4029284.4,1642774.6,0.35320192339860645,56.36906132940215
2026-05-11,5465,24.7,24.7,24.45,24.5,132245.0,3246806.0,24.79,24.89,25.1625,27.054166666666667,28.277083333333334,28.888541666666665,29.166666666666714,29.166666666666714,-0.48913441075216113,-0.5396319853073479,0.050497574555186775,14.192445068556939,21.4038262550173,44.445950622947294,,26.07894335397916,25.1625,24.246056646020843,123905.0,127989.6,1.0673096323796456,24.551446179439676
2026-05-11,5468,17.95,17.95,17.65,17.65,68204.0,1210108.0,17.85,17.945,18.0225,17.927500000000002,18.13875,18.244375,34.78260869565209,34.78260869565209,-0.06701910789532306,-0.02085470277371645,-0.046164405121606605,16.429873085040782,13.121804066106083,26.82178644554138,,18.341173236370693,18.0225,17.70382676362931,472660.6,160293.25,0.14429804388180442,17.742478447011905
2026-05-11,5469,82.2,86.0,82.1,85.1,6030137.0,512240063.0,83.92,85.18,89.035,90.6,92.36,78.99395833333332,64.28571428571428,28.12499999999997,-1.4844429111961404,-0.7744862406067959,-0.7099566705893444,18.678600381594663,30.874342907152393,22.580883386869473,,98.90452246485141,89.035,79.16547753514858,3854108.4,5375011.25,1.5645997398516347,84.94667086336513
2026-05-11,5471,46.1,49.85,45.5,49.85,6607148.0,325244760.0,45.53000000000001,43.904999999999994,43.205,40.736666666666665,37.695,36.18333333333333,93.85474860335191,73.41772151898735,1.5144942850975553,1.0516369075178045,0.4628573775797509,37.445814406529266,11.510338702703415,33.45952528486986,,47.848263371470814,43.205,38.56173662852918,2561448.8,2085771.2,2.57945737584136,49.22619562933962
2026-05-11,5474,171.0,173.0,161.0,164.0,1033182.0,172836938.0,168.5,162.3,156.45,147.825,149.6625,150.58125,65.15151515151516,65.15151515151516,6.429838083316497,5.276100443229262,1.1537376400872352,19.410249730375927,9.149239122783293,32.295830412148035,,173.45742871744451,156.45,139.44257128255546,1062434.4,1197845.6,0.972466629469076,167.28605221538896
2026-05-11,5475,294.5,315.0,294.0,299.0,4109555.0,1233761884.0,335.1,346.35,350.75,243.89166666666668,183.44583333333333,153.22291666666666,32.22891566265061,32.22891566265061,17.128655849103097,28.26427087807989,-11.135615028976794,19.413360198735848,23.693383336755808,47.271280056098604,,397.86296614465516,350.75,303.63703385534484,3758453.8,2482363.7,1.0934163937308476,300.2178785780942
2026-05-11,5478,100.0,100.5,97.7,97.8,186675.0,18459880.0,96.6,96.75999999999999,97.525,101.58666666666666,103.04333333333334,103.77166666666668,61.76470588235292,61.764705882352935,-1.2474838203709595,-1.4602507737576111,0.21276695338665164,26.610948471325592,18.78427877858697,31.450423452002084,,100.07956248185123,97.525,94.97043751814878,140354.8,139865.3,1.3300222008794855,98.88779965180126
2026-05-11,5481,19.3,20.1,19.3,19.95,39789.0,790593.0,20.490000000000002,20.645,21.1125,21.822499999999998,22.16125,22.330625,23.333333333333243,23.333333333333243,-0.41153336268216734,-0.3556455711450015,-0.05588779153716583,15.496950963756056,22.437234220786472,21.148526620115682,,22.744055602549484,21.1125,19.480944397450518,110216.8,177972.0,0.36100667048943536,19.869637336952422
2026-05-11,5483,152.5,153.0,139.5,140.5,18782358.0,2717303119.0,147.2,140.85,134.825,122.43333333333334,118.46666666666667,116.48333333333333,58.9041095890411,58.9041095890411,6.662253232654933,5.79917663853703,0.8630765941179037,27.219696316659903,11.513769546181175,40.71286496095728,,152.58443040812548,134.825,117.06556959187449,25866859.2,17649297.95,0.7261166829253085,144.67316185752608
2026-05-11,5484,38.1,38.5,37.7,38.2,322381.0,12226760.0,38.55,38.285000000000004,38.52,39.69416666666666,39.07041666666667,39.345625,34.00000000000006,44.0559440559441,-0.4124989822364995,-0.4179430432732781,0.00544406103677858,17.02532085359751,17.053848452298524,9.86132041646108,,40.06898948384021,38.52,36.971010516159794,367901.4,396562.05,0.8762701093282058,37.926428666701824
2026-05-11,5487,28.1,28.25,26.4,27.2,102217.0,2778896.0,28.25,28.815000000000005,28.994999999999997,,,,16.666666666666686,16.666666666666686,-0.06715116486053674,0.15398517400007572,-0.22113633886061246,7.730687345734431,16.004029703488552,43.90941059210905,,30.15526312805146,28.994999999999997,27.834736871948536,101403.2,69196.8,1.0080253877589662,27.18624103622685
2026-05-11,5488,10.6,10.6,10.15,10.2,780905.0,8014977.0,10.099999999999998,9.995999999999999,10.0305,9.998999999999999,9.8595,9.789750000000002,80.3921568627451,80.39215686274508,-0.007299852954975705,-0.026875273444810957,0.019575420489835252,25.681275662999063,7.731323145840256,19.215549541563142,,10.391870199452901,10.0305,9.669129800547099,350340.2,212249.65,2.2289905640289067,10.263703011249769
2026-05-11,5489,40.3,40.45,40.05,40.05,37155.0,1496834.0,40.42,40.63,40.802499999999995,40.91166666666666,41.60583333333333,41.95291666666667,5.5555555555552445,5.5555555555552445,-0.11909181744816522,-0.039457914427993346,-0.07963390302017187,7.1027142288575025,16.925928753027087,22.919769208678513,,41.34875519388108,40.802499999999995,40.25624480611891,50481.2,55240.8,0.7360165764680713,40.28620643251245
2026-05-11,5490,28.85,29.7,28.3,28.4,1161782.0,33666580.0,28.23,27.8,27.3225,26.579166666666666,25.814583333333335,25.432291666666668,76.9230769230769,76.9230769230769,0.41881128808306656,0.31504336747432254,0.10376792060874401,29.54857798671967,7.033506375575113,28.69053944436894,,28.727556657407817,27.3225,25.917443342592186,820597.0,513396.3,1.4157765626732732,28.978396979812047
2026-05-11,5493,95.3,97.0,92.4,95.1,1107305.0,105162036.0,88.08,88.62,87.275,84.66166666666666,83.18083333333334,82.44041666666666,66.66666666666666,66.66666666666666,1.49301044041367,1.2814008847135097,0.21160955570016027,32.74455116982634,10.770254755530484,29.828212112404376,,93.77257039612742,87.275,80.77742960387259,417308.0,292957.0,2.6534478131260366,94.97115609520412
2026-05-11,5498,75.5,75.9,68.2,70.5,17102674.0,1209917511.0,72.8,73.36,72.21000000000001,64.57,63.335,62.7175,31.91489361702125,31.91489361702125,2.1388105021330404,2.7360155258902155,-0.5972050237571751,19.983372591609015,15.182791672889573,38.59408213615026,,77.46553342477692,72.21000000000001,66.9544665752231,5497730.0,14341446.35,3.110861028097051,70.74434740438835
2026-05-11,5508,48.4,48.65,47.6,47.75,597346.0,28724202.0,49.07000000000001,48.754999999999995,49.235,53.041666666666664,56.020833333333336,57.510416666666664,47.58064516129034,47.58064516129034,-0.8337898328347819,-1.038223765484156,0.20443393264937404,12.906180292980263,21.187427675633213,24.14714640307461,,52.143806953845186,49.235,46.32619304615481,427748.8,452138.2,1.3964878452026048,48.08637205237835
2026-05-11,5511,72.0,72.5,71.9,72.4,172647.0,12475006.0,71.02,70.75999999999999,70.7,70.225,68.9125,68.25625,69.56521739130437,69.56521739130437,-0.052534049689697326,-0.13877348942248147,0.08623943973278414,21.269884977293756,11.842477494064111,20.44482197600816,,71.6689929661361,70.7,69.7310070338639,130716.4,152540.85,1.3207753579504944,72.2572995765927
2026-05-11,5512,6.83,6.83,6.72,6.75,1765311.0,11938413.0,6.959999999999999,7.123,7.359999999999999,7.7195,7.75475,7.772375,12.500000000000057,12.500000000000057,-0.23468960219229995,-0.18850173045457938,-0.04618787173772057,9.85578817966446,47.38188852691118,45.95490231984347,,8.031870914920267,7.359999999999999,6.688129085079732,1523061.8,1197066.8,1.1590540843451,6.76278174214062
2026-05-11,5514,15.3,15.3,15.3,15.3,2218.0,33232.0,15.5,15.62,15.7075,,,,30.00000000000007,30.00000000000007,-0.11145240400223067,-0.07782377242871677,-0.033628631573513895,17.872796568072097,16.674959837903433,27.190772849888436,,16.02418513334889,15.7075,15.390814866651109,3070.2,9615.7,0.7224285062862355,14.982867448151488
2026-05-11,5515,39.9,39.9,37.8,38.6,1155033.0,44499649.0,39.489999999999995,39.905,40.75,36.6375,33.2175,29.746041666666667,19.117647058823493,30.17241379310346,0.412895097397346,0.8159486735968496,-0.40305357619950366,19.651549232946007,28.600800197171832,21.427884676377356,,43.52317982031312,40.75,37.97682017968688,557513.0,807890.55,2.071759761655782,38.526733868209824
2026-05-11,5516,11.0,11.0,10.55,10.7,44153.0,472091.0,10.82,11.245,11.6,13.004166666666666,13.527083333333334,13.788541666666667,20.000000000000043,20.000000000000043,-0.5209049893445226,-0.4713635909817527,-0.049541398362769884,8.36131955775137,26.65161507407302,56.762270372680824,,12.624951860230244,11.6,10.575048139769756,40269.8,38055.6,1.0964295824662649,10.69216134803977
2026-05-11,5519,33.1,33.1,32.7,32.95,459053.0,15065396.0,32.85,32.64,32.8475,32.486666666666665,31.477500000000003,31.407708333333336,65.38461538461581,55.55555555555561,-0.02880122649128225,-0.052299092858678196,0.023497866367395946,22.275854981022537,18.203132138536237,11.312510667705373,,33.58125386666205,32.8475,32.11374613333794,409721.6,524499.45,1.1204022438651027,32.81842401639898
2026-05-11,5520,82.0,82.0,82.0,82.0,1049.0,86018.0,,,,,,,21.052631578947313,21.052631578947313,-2.1741144843220894,-2.502575577578617,0.3284610932565277,2.92903843220154,27.054975476618903,69.00752953556501,,,,,,,,82.0
2026-05-11,5521,11.65,12.15,11.65,12.1,5264685.0,63146309.0,11.9,11.665000000000001,11.870000000000001,16.028333333333332,15.779583333333333,14.039791666666668,68.29268292682929,53.846153846153854,-0.6893650126790867,-0.947777927831769,0.2584129151526823,17.641973572729512,28.41179381667116,33.0777209838063,,12.568419267836068,11.870000000000001,11.171580732163934,7297521.2,5532606.3,0.7214346975792273,11.99431855847026
2026-05-11,5522,70.2,72.7,70.2,72.7,1618880.0,116014118.0,70.11999999999999,69.55,69.795,68.91666666666667,64.98166666666667,64.37791666666666,93.33333333333312,67.64705882352939,0.10074680526736302,-0.07397311303877027,0.1747199183061333,24.345367181346663,17.420200024798294,13.322680212828944,,71.8340658335848,69.795,67.7559341664152,990786.4,1004828.3,1.6339344181551139,71.66319801344139
2026-05-11,5523,30.05,30.25,29.95,30.25,243081.0,7319823.0,30.330000000000002,30.365,,,,,0.0,0.0,0.007112524346982951,0.02970951657295867,-0.022596992225975717,5.6374303384864595,10.325889597862902,17.253056863623918,,,,,164077.4,,1.4815020228258127,30.112690831451246
2026-05-11,5525,23.6,23.6,22.9,23.4,40907.0,953151.0,23.259999999999998,23.225,24.067500000000003,24.995833333333334,26.653333333333332,29.063958333333336,83.33333333333314,27.941176470588275,-0.5454265736404267,-0.5344144803406592,-0.01101209329976749,12.462238150374567,28.300655580076455,31.043314324375444,,25.94738661472252,24.067500000000003,22.187613385277484,75113.2,91204.8,0.5446046766746724,23.30043757792065
2026-05-11,5529,21.1,23.0,21.0,21.5,163530.0,3608326.0,21.89,21.904999999999998,22.557499999999997,25.264166666666664,26.257083333333338,26.753541666666667,34.61538461538464,34.61538461538463,-0.9596163641121116,-1.0281430937195808,0.0685267296074692,6.09423838866843,27.79898595400583,54.547825891935155,,24.9850339446919,22.557499999999997,20.129966055308095,104193.6,57059.15,1.5694821946837425,22.065223506390264
2026-05-11,5530,50.2,50.8,48.1,48.1,1117077.0,54883473.0,45.86,44.95,44.71,47.52583333333333,48.28791666666667,48.66895833333333,76.82119205298014,76.82119205298014,-0.18464268802085115,-0.6841703710953326,0.4995276830744815,38.25563028701127,10.615882546180144,44.39797660732169,,46.70989473407199,44.71,42.710105265928014,729568.2,479951.6,1.5311481503716857,49.13132487733612
2026-05-11,5531,8.4,8.45,8.34,8.4,665901.0,5587215.0,8.378,8.348,8.5595,8.827166666666667,8.971666666666666,9.35,61.22448979591848,32.14285714285717,-0.13647962233812372,-0.13906225426257046,0.0025826319244467433,21.649060428165594,25.534107317744965,27.366810918687516,,9.033518653863307,8.5595,8.085481346136692,768634.8,693358.9,0.8663425075211271,8.390458942094996
2026-05-11,5533,14.05,14.1,14.0,14.0,111708.0,1570509.0,14.11,14.209999999999999,14.382499999999999,14.343333333333334,14.45125,15.715833333333334,12.499999999999773,21.052631578947313,-0.09572012496350268,-0.04609181019884215,-0.049628314764660536,11.743723109971505,19.992267606112563,23.194118098198132,,14.807105079671942,14.382499999999999,13.957894920328055,207027.2,186008.75,0.5395812724125139,14.059055752497583
2026-05-11,5534,78.4,79.8,77.8,79.4,715849.0,56740356.0,78.34,78.11,78.57000000000001,78.05833333333334,78.32249999999999,81.46333333333334,83.33333333333363,63.07692307692307,-0.08186781968551315,-0.1501703226881741,0.06830250300266094,21.521656917073276,18.96497384778704,12.574764060166231,,81.83519121709668,78.57000000000001,75.30480878290334,818609.4,894886.25,0.8744695577646677,79.26302334710253
2026-05-11,5536,1035.0,1055.0,1000.0,1025.0,2778119.0,2851988855.0,896.6,863.7,841.0,734.3666666666667,692.6833333333333,671.8416666666667,92.73504273504274,92.73504273504274,45.51168969959326,35.79085705616084,9.720832643432423,35.44872293512929,4.977000409646201,44.332290933129684,,940.1118453805453,841.0,741.8881546194547,1796577.4,2066258.85,1.5463397235209573,1026.5898814989566
2026-05-11,5538,31.15,31.5,30.95,31.0,28061.0,875013.0,31.389999999999997,31.385,31.615,31.180833333333332,30.166249999999998,,50.0,33.3333333333333,0.10522703076052764,0.2000884497452709,-0.09486141898474326,24.711835816389225,21.403160038779188,22.014333755665625,,32.47956560434188,31.615,30.750434395658115,46231.2,39518.4,0.6069710498537785,31.18253091479277
2026-05-11,5543,29.3,29.75,28.9,28.9,34008.0,996334.0,29.330000000000002,29.544999999999998,28.9,28.325833333333332,29.037916666666664,29.393958333333334,24.24242424242418,24.24242424242418,0.42277257073805075,0.4785931884309796,-0.05582061769292884,13.810495067698763,14.493213986202655,27.73136748171941,,31.4762069220587,28.9,26.323793077941296,27823.2,80099.0,1.2222893125161736,29.297047753469773
2026-05-11,5546,16.65,16.65,16.3,16.35,4000.0,65850.0,16.5,16.6,16.759999999999998,18.786666666666665,21.147083333333335,24.906458333333333,42.105263157894775,40.298507462686594,-0.37430983839470855,-0.45132329517776915,0.0770134567830606,10.460537338540961,25.722124948330492,45.849404206236294,,17.293706010139466,16.759999999999998,16.22629398986053,23830.8,34640.0,0.1678500092317505,16.4625
2026-05-11,5547,21.35,21.6,21.3,21.35,42326.0,903582.0,21.68,21.72,21.8275,22.450833333333332,23.02541666666667,23.312708333333333,35.897435897436,35.897435897436,-0.19684918619977054,-0.19489027996854835,-0.0019589062312221905,1.7869090500387521,12.851023828059924,48.317918621557276,,22.26215049480195,21.8275,21.39284950519805,23885.2,54549.8,1.7720596854956208,21.348154798469025
2026-05-11,5548,23.25,23.5,23.25,23.45,38810.0,907227.0,23.53,23.575,23.807499999999997,23.793333333333337,23.571666666666665,23.460833333333333,25.000000000000227,25.000000000000227,-0.17707641920168982,-0.1337377073576886,-0.043338711844001204,9.12503263496713,14.08244886467544,24.694186608237768,,24.60173912612871,23.807499999999997,23.013260873871285,31003.6,79305.05,1.251790114696358,23.37611440350425
2026-05-11,5601,35.6,35.6,35.45,35.45,6000.0,213450.0,,,,,,,18.749999999999886,18.749999999999886,-0.33692990845344895,-0.2770404425454325,-0.05988946590801647,1.7266023890001456,16.371637162882877,82.98227212779778,,,,,,,,35.575
2026-05-11,5603,15.7,16.1,15.55,16.1,111313.0,1753672.0,15.9,16.19,16.419999999999998,17.09416666666667,17.32208333333333,17.436041666666668,27.777777777777914,27.777777777777914,-0.29387304277713966,-0.2640459433504461,-0.029827099426693537,13.478473187837697,20.722565457735925,49.29409348043064,,17.097767232206337,16.419999999999998,15.742232767793661,156391.4,137747.3,0.7117590864970836,15.754422214835644
2026-05-11,5604,31.6,32.0,31.6,31.65,12815.0,406816.0,31.47,32.05499999999999,32.822500000000005,35.41,37.13,37.99,28.260869565217376,28.260869565217362,-0.9450837050203518,-0.9051068258996712,-0.0399768791206806,16.20051916656157,41.8031897553086,60.1310485745094,,35.081860645473924,32.822500000000005,30.563139354526086,38710.4,17365.2,0.3310479871042407,31.74529847834569
2026-05-11,5607,51.8,52.0,50.6,50.6,978894.0,49966982.0,49.2,48.065,48.1075,48.19916666666666,48.559999999999995,45.98604166666667,80.59701492537317,59.68586387434556,0.44053388598264576,0.02887285283816486,0.4116610331444809,39.35583967822619,14.631179578470752,16.276692119829015,,50.63758737107301,48.1075,45.57741262892699,972497.2,533007.7,1.0065777053137017,51.04432349161401
2026-05-11,5608,15.1,15.3,14.95,15.15,2108874.0,31779477.0,15.330000000000002,15.315000000000001,15.655000000000001,16.6875,17.154583333333335,16.874375,46.66666666666675,34.146341463414615,-0.3573691780565209,-0.3713547108025229,0.013985532746002005,15.242955719622012,24.93246292663498,18.106198956901864,,16.54523947103552,15.655000000000001,14.764760528964484,1616431.8,1438030.1,1.3046476813930534,15.069405284526244
2026-05-11,5609,80.3,80.3,79.1,79.2,313217.0,24941297.0,79.34,78.64,78.805,78.68666666666667,78.34333333333333,78.17166666666667,63.63636363636379,63.63636363636378,0.06407737480955689,-0.06431689886693889,0.12839427367649578,22.799488638355502,16.25042818141397,18.799698951052676,,80.691768331524,78.805,76.91823166847601,225149.4,192237.4,1.3911518307399442,79.62944859314788
2026-05-11,5701,3.25,3.44,3.25,3.44,124906.0,418971.0,3.444,3.4270000000000005,3.4465000000000003,3.6371666666666664,3.7685833333333334,3.834291666666666,55.55555555555552,55.55555555555552,-0.03592334135332376,-0.050222017738186284,0.014298676384862527,8.225188590752246,18.223267315929043,23.766653569961562,,3.5780934728824265,3.4465000000000003,3.314906527117574,66785.0,75725.75,1.8702702702702703,3.3542904264006532
2026-05-11,5703,14.0,14.0,14.0,14.0,4000.0,56000.0,,,,,,,50.0,50.0,-0.21173834925390622,-0.15891691449230483,-0.052821434761601394,10.397968742322261,5.372814558667941,30.68157973277516,,,,,,,,14.0
2026-05-11,5704,21.35,21.5,21.25,21.35,24340.0,520305.0,21.52,21.580000000000002,21.7475,21.96083333333333,22.155416666666667,22.252708333333334,29.41176470588242,29.41176470588242,-0.12273800376913258,-0.09994151802725178,-0.022796485741880798,7.740435327229949,10.442591131171259,13.061541003180741,,22.368598348005154,21.7475,21.126401651994843,20712.8,81638.3,1.1751187671391603,21.376540673788003
2026-05-11,5706,51.7,51.7,51.3,51.5,199350.0,10265901.0,51.48,51.23,51.855,51.20666666666667,51.43375,54.63270833333333,68.75000000000003,47.05882352941173,-0.07586671674472001,-0.05811338467877719,-0.017753332065942817,23.18535930199782,25.98689723656633,10.238902273831833,,54.697145223891695,51.855,49.0128547761083,242793.6,497953.35,0.8210677711438852,51.49686982693755
2026-05-11,5864,31.05,31.95,29.85,30.2,6404797.0,197524160.0,33.1,30.95,28.665000000000003,25.55916666666667,24.329583333333336,23.714791666666667,54.5945945945946,54.5945945945946,2.064860172717463,1.6994125844018892,0.36544758831557367,37.37164328718448,27.62447639238703,36.78461883582065,,35.43529891278227,28.665000000000003,21.894701087217733,7859034.4,5387122.25,0.8149597869173343,30.840034430443307
2026-05-11,5871,112.0,113.0,111.0,112.0,6063393.0,678136421.0,114.0,115.3,116.4,109.325,106.875,113.31791666666666,18.181818181818187,32.60869565217391,0.9223078856111755,1.9648679685273576,-1.042560082916182,20.30871000817141,24.541430737030918,24.12375207518728,,122.6878328623829,116.4,110.1121671376171,6412882.0,8507497.6,0.9455020379292804,111.84107990361173
2026-05-11,5876,39.1,40.25,38.9,39.85,22139454.0,880327649.0,38.870000000000005,38.925,39.3375,39.455,39.82541666666667,42.38104166666667,69.04761904761914,50.0,-0.1426996736947359,-0.1421266284167229,-0.0005730452780129958,28.764889699736134,16.126502469139357,17.42965252621508,,40.40613168781849,39.3375,38.26886831218151,9883273.8,8597790.1,2.2400931561766506,39.76284369975881
2026-05-11,5878,40.6,40.6,40.6,40.6,1704.0,69585.0,40.720000000000006,40.754999999999995,40.845,,,,40.000000000000135,40.000000000000135,-0.13779133733334703,-0.1452119258055965,0.0074205884722494675,29.465918886253622,27.50336586647829,29.678795309525306,,41.161061286528586,40.845,40.52893871347141,7215.8,9627.95,0.23614845200809334,40.8362676056338
2026-05-11,5880,23.15,23.15,23.0,23.0,14792317.0,340907930.0,22.98,22.975,23.2975,23.461666666666666,23.800416666666667,24.219791666666666,60.0,27.586206896551815,-0.1658630779369581,-0.14675297779061286,-0.019110100146345232,16.15233686348655,24.41096164364998,21.774935238291214,,24.11344310947198,23.2975,22.48155689052802,15735092.6,16358194.7,0.9400845216506702,23.046283418615218
2026-05-11,5902,38.0,38.0,37.75,37.75,5000.0,189600.0,37.989999999999995,37.925,38.0425,38.92416666666667,39.33708333333333,39.54354166666666,50.0,50.0,-0.23222397445307053,-0.27737864041273713,0.04515466595966661,20.854773226124657,7.5672190257831895,35.44941724227596,,38.756477000956174,38.0425,37.32852299904382,16493.8,44664.65,0.3031442117644206,37.92
2026-05-11,5903,189.0,189.5,189.0,189.5,18913.0,3577361.0,189.4,189.45,189.8,191.73333333333332,192.61666666666667,193.05833333333334,50.0,50.0,-0.4795771935813491,-0.5552493593528228,0.07567216577147373,14.46189556251636,9.278507426266566,20.589124905671895,,191.07320565172222,189.8,188.5267943482778,27016.0,21959.15,0.700066627183891,189.1482578120869
2026-05-11,5904,550.0,558.0,535.0,546.0,745367.0,406824648.0,581.8,578.3,560.15,500.4,455.7,433.35,32.09876543209876,32.09876543209876,19.208561742829374,22.195568284770932,-2.9870065419415575,14.026199851602797,14.620964460221582,68.6285577330646,,623.8872071787534,560.15,496.4127928212465,395570.2,664314.2,1.8842850143918828,545.8044802090782
2026-05-11,5905,8.33,8.33,7.94,8.06,919239.0,7397892.0,8.008,7.989999999999999,8.148,8.342333333333332,8.636166666666668,8.783083333333332,67.74193548387095,67.74193548387095,-0.05187941328913048,-0.06455763022007076,0.012678216930940275,19.276966528917512,14.510268271098425,20.886633998861214,,8.776501978391586,8.148,7.519498021608413,528895.6,497407.15,1.7380348787170852,8.047843923071149
2026-05-11,5906,48.6,48.6,47.05,47.9,3151.0,151102.0,48.980000000000004,,,,,,23.37662337662333,40.32258064516127,-0.12798685950567545,0.03881027765328441,-0.16679713715895986,17.288627259879707,36.04392441038088,23.15878401451123,,,,,2433.2,,1.295002465888542,47.95366550301492
2026-05-11,5907,5.3,5.38,5.28,5.28,202923.0,1077858.0,5.308,5.363,5.5089999999999995,5.771833333333333,5.7705,6.254333333333333,0.0,26.744186046511672,-0.13228539745578072,-0.11504988057655371,-0.017235516879227003,7.55039384820177,18.16164014467937,29.61484114855822,,5.844034954970874,5.5089999999999995,5.173965045029125,329473.0,279295.5,0.6159017582624373,5.311660087816561
2026-05-11,6005,30.6,32.6,30.6,32.25,25924900.0,831448439.0,30.729999999999997,29.475,28.772499999999997,28.793333333333333,26.783333333333335,24.858541666666667,88.88888888888891,81.39534883720934,0.7202483131624966,0.314040343969749,0.4062079691927476,37.14156882509934,6.4120415845141014,31.848113327639634,,31.32086893140031,28.772499999999997,26.224131068599686,28117170.8,19816870.1,0.9220308893951734,32.07142318774614
2026-05-11,6015,15.35,15.5,14.7,14.8,3267530.0,49344194.0,15.639999999999997,14.965,14.295000000000002,13.754166666666666,13.552083333333334,13.451041666666667,55.454545454545475,55.454545454545475,0.5249699878131651,0.3877852843659573,0.1371847034472078,39.71293297383392,24.875111972927712,30.19651095112816,,16.284154805967926,14.295000000000002,12.305845194032075,5845790.4,3004213.6,0.5589543545728222,15.101374432675446
2026-05-11,6016,22.4,23.35,22.05,22.1,8503234.0,193000314.0,21.639999999999997,20.61,19.439999999999998,17.658333333333335,17.029166666666665,16.714583333333334,73.45132743362834,73.45132743362834,1.1608346290644498,0.9041183503549136,0.25671627870953617,44.56932630859395,11.211743385792047,43.71160763952377,,22.825510923114283,19.439999999999998,16.054489076885712,10161903.4,7219922.9,0.8367757166437932,22.69728364525779
2026-05-11,6020,21.6,21.6,20.9,21.0,64881.0,1375890.0,20.470000000000002,19.845,19.525,19.356666666666666,19.303333333333335,19.276666666666664,62.41134751773049,62.41134751773049,0.3163510339089193,0.13190594032448,0.18444509358443928,43.02976175144466,20.649038783228434,24.560760925892815,,21.01019004631873,19.525,18.039809953681267,356717.0,102391.7,0.18188367809776376,21.206362417348686
2026-05-11,6021,32.45,32.65,31.5,31.55,204782.0,6591219.0,34.08,33.66,32.339999999999996,31.566666666666663,31.383333333333333,31.291666666666668,39.43661971830991,39.43661971830992,0.794072781525621,0.7496469076324036,0.044425873893217394,22.71478720695142,25.032354793123762,32.26751913881352,,36.64062418970228,32.339999999999996,28.039375810297713,369762.2,284453.9,0.5538208069943331,32.186515416394016
2026-05-11,6023,99.0,99.3,98.3,98.7,179037.0,17668172.0,100.24000000000001,99.92,99.68499999999999,96.80166666666668,96.00083333333332,95.60041666666667,43.10344827586209,43.10344827586209,0.7820521500809576,0.9385555377636875,-0.15650338768272987,20.289079753274777,10.700768946519993,50.5483736578074,,100.99933393177282,99.68499999999999,98.37066606822715,277012.4,156312.8,0.6463140278196933,98.6844730418852
2026-05-11,6024,58.2,59.0,57.8,58.2,448579.0,26242943.0,57.879999999999995,56.989999999999995,56.519999999999996,54.55166666666666,52.25458333333333,50.67041666666667,100.0,72.34042553191493,0.7463289173135621,0.5792765806212309,0.16705233669233122,33.579291463162455,11.909496784225686,24.458696029748943,,58.45972325752704,56.519999999999996,54.580276742472954,432373.4,385803.5,1.0374805665658433,58.502388653949474
2026-05-11,6026,15.5,15.9,15.35,15.4,3374696.0,52520023.0,16.32,15.870000000000001,15.467500000000001,14.833333333333334,14.791666666666666,14.770833333333334,50.53763440860215,50.537634408602166,0.3822006179091275,0.32755122719311647,0.05464939071601105,34.05385181183354,29.157709211153744,27.086349035827087,,16.749880598730346,15.467500000000001,14.185119401269656,4842044.2,2497653.35,0.6969568761887799,15.5628901092128
2026-05-11,6101,38.45,38.45,37.9,38.1,41437.0,1577007.0,39.339999999999996,39.875,39.9775,39.05833333333333,39.22916666666666,39.31458333333333,25.263157894736793,25.263157894736793,0.019044020716989962,0.27598985551786104,-0.2569458348008711,9.201362056072842,15.749297225801309,31.38397433945387,,41.22459135275078,39.9775,38.73040864724922,143560.0,146030.1,0.2886388966285873,38.05794338393223
2026-05-11,6103,37.65,37.65,37.65,37.65,1000.0,37650.0,39.39,,,,,,12.698412698412668,12.698412698412668,-0.8367106315206598,-0.6357002783336305,-0.2010103531870293,8.52925132756177,16.070048259240302,14.074741264270678,,,,,2083.2,,0.4800307219662059,37.65
2026-05-11,6104,99.2,103.0,96.4,96.6,2992221.0,298840475.0,100.32,99.36,97.525,95.945,97.97250000000001,98.98625,44.06779661016947,44.06779661016947,1.5897857594084854,1.468782763443265,0.12100299596522035,25.235771328753508,15.938059426742605,30.04565415393878,,104.37339589362287,97.525,90.67660410637714,3076665.8,1903473.65,0.9725531450312218,99.87246095793058
2026-05-11,6108,19.8,20.85,19.7,20.0,7092453.0,142558252.0,21.6,20.58,19.2275,16.794166666666666,15.482083333333332,14.931041666666665,54.73684210526315,55.333333333333336,1.296641039525614,1.1226075692418345,0.17403347028377958,37.665250415581625,30.096713227419762,46.34000729464084,,22.935595695125645,19.2275,15.519404304874353,6912179.6,3601083.2,1.026080543393288,20.099992484969587
2026-05-11,6109,11.3,11.55,11.05,11.05,433228.0,4860908.0,12.209999999999999,12.025,11.977500000000001,12.0075,11.90375,11.851875000000001,35.294117647058826,35.294117647058826,0.021983755105987157,0.029153193999314354,-0.007169438893327197,23.89452448826648,27.92981505886265,30.624314076201667,,12.706937418404369,11.977500000000001,11.248062581595633,564137.6,420454.95,0.7679473943945591,11.220207373484632
2026-05-11,6111,48.0,50.3,47.65,48.75,1213658.0,59702529.0,47.97,46.6,46.407500000000006,44.49083333333333,44.245416666666664,44.122708333333335,74.66666666666664,74.66666666666664,0.9276819751311294,0.6603331303928065,0.2673488447383229,26.863015127723465,10.009789344005618,20.174938420671833,,49.56265868313925,46.407500000000006,43.252341316860765,589369.0,618530.5,2.05924980784534,49.19221807131828
2026-05-11,6112,44.45,44.85,44.05,44.25,562133.0,24949440.0,45.7,45.68,46.375,45.833333333333336,47.339166666666664,49.625416666666666,35.922330097087325,34.46808510638296,-0.21635543321384176,0.03134660344853826,-0.24770203666238003,22.940213247369964,26.88531977496912,13.90792092892876,,48.935735913960954,46.375,43.814264086039046,817929.6,598351.65,0.6872633048125414,44.383517779600204
2026-05-11,6113,24.2,24.3,23.7,23.75,224864.0,5382571.0,24.140000000000004,23.415,22.975,21.6,20.850000000000005,20.475,58.503401360544224,58.503401360544224,0.6767325007828333,0.5620902692836687,0.11464223149916464,30.031422277385644,13.044259028074718,24.79130297777614,,24.76105710994918,22.975,21.18894289005082,1757088.4,681294.8,0.12797534830916873,23.937006368293723
2026-05-11,6114,30.4,31.7,30.3,30.4,50896.0,1579445.0,30.859999999999996,30.629999999999995,30.2875,30.554166666666667,30.777083333333334,30.888541666666665,52.63157894736841,52.63157894736841,0.19029799460156482,0.10231061288617564,0.08798738171538918,21.51833028341946,14.50321624600203,24.20283599188431,,31.347229359690257,30.2875,29.227770640309746,96296.4,36522.7,0.528534815424045,31.032792360892802
2026-05-11,6115,48.0,48.15,47.7,47.8,291347.0,13959655.0,47.76,47.75,47.755,47.21916666666666,47.063333333333325,48.38458333333334,54.54545454545419,54.90196078431371,0.15266060987153196,0.17960811669137683,-0.02694750681984487,22.47080410573382,14.82760045820645,18.47161029091564,,48.2393878393901,47.755,47.27061216060991,232604.0,192795.3,1.2525450981066533,47.91418823602096
2026-05-11,6116,9.55,10.1,9.4,9.71,89842953.0,877115049.0,9.074,8.652,8.738000000000001,8.644666666666668,8.033583333333333,7.651583333333333,89.84771573604057,60.54421768707484,0.15298388522386475,0.03860159057012254,0.11438229465374221,36.73599577869439,9.940376154002394,27.100120974308005,,9.640804985644882,8.738000000000001,7.83519501435512,57129453.2,29316016.1,1.5726205655334364,9.762758454744915
2026-05-11,6117,81.5,81.5,80.2,80.3,449876.0,36256970.0,84.22,86.31,84.44,77.445,78.95750000000001,84.70208333333333,16.949152542372886,45.65916398713826,1.998896588748309,2.9118268680948813,-0.9129302793465723,18.241039697681906,24.113937477740123,24.998050548207868,,91.20536068980573,84.44,77.67463931019427,854853.4,1382527.95,0.5262609939903146,80.59325236287333
2026-05-11,6118,18.7,19.15,17.4,17.5,5119071.0,94247639.0,17.61,17.73,17.597500000000004,17.903333333333332,18.12666666666667,18.238333333333333,26.666666666666572,26.666666666666572,0.004885382903893287,0.0030634824807461557,0.0018219004231471315,20.017663146073005,5.291128251653271,30.349619521868068,,18.251616519476922,17.597500000000004,16.943383480523085,1337831.8,833121.3,3.8263935720469493,18.411082596822745
2026-05-11,6120,12.95,13.1,12.7,12.8,2855177.0,36682163.0,13.01,13.045000000000002,13.762500000000003,13.343333333333334,12.544166666666667,11.754458333333332,50.0,27.710843373493987,-0.1854970772167519,-0.06472873199349932,-0.12076834522325258,20.98535147298476,21.675072196234037,15.467164320135204,,15.586282939531449,13.762500000000003,11.938717060468557,3271475.2,4596687.05,0.8727490888514148,12.847596839005078
2026-05-11,6121,372.5,377.0,363.5,368.0,957512.0,353574050.0,376.4,366.95,360.1,348.225,347.3625,346.93125,54.83870967741936,54.83870967741936,7.1097936101352275,5.534461647625836,1.5753319625093916,30.50605821850872,14.901134130219257,27.50254248662387,,383.792326094951,360.1,336.407673905049,1593345.8,808428.7,0.6009442520261452,369.2633094937714
2026-05-11,6122,47.55,47.55,46.8,46.9,513088.0,24159214.0,48.88,48.985,49.4375,50.91583333333334,51.70791666666666,52.10395833333333,16.666666666666742,16.666666666666742,-0.6447802774227185,-0.5635279054369564,-0.08125237198576207,10.125065265901933,24.04091401993014,15.143048758222143,,51.25665972505525,49.4375,47.61834027494475,285293.8,270028.2,1.7984547859084214,47.08590729075714
2026-05-11,6123,44.05,44.2,43.95,44.1,55100.0,2432028.0,45.269999999999996,44.629999999999995,43.8575,43.55583333333334,43.57791666666667,43.58895833333334,52.29357798165137,52.29357798165138,0.5158257770839825,0.3863248065793176,0.12950097050466486,18.785517673642037,18.22145063356948,25.39256854933115,,46.13259976646485,43.8575,41.582400233535154,116509.4,165239.5,0.4729232147792367,44.1384392014519
2026-05-11,6124,29.15,30.0,28.35,28.9,93930.0,2744462.0,30.49,30.419999999999998,30.51,30.646666666666665,28.99833333333333,28.174166666666668,26.31578947368419,26.31578947368419,-0.24128985480068366,-0.18450257100487377,-0.056787283795809884,23.44644463083317,17.555919093004505,27.982918587327127,,31.53884708085798,30.51,29.481152919142023,134395.4,116014.65,0.6989078495246117,29.21816246140743
2026-05-11,6125,58.9,60.7,58.5,58.7,2381788.0,142317282.0,59.0,57.629999999999995,56.785000000000004,59.50166666666667,63.15083333333333,64.97541666666667,83.72093023255812,83.72093023255812,0.41924553462899894,-0.14363275479802382,0.5628782894270228,22.3441920854739,8.46441721864026,29.006788522622823,,59.795350565351804,56.785000000000004,53.774649434648204,3585052.4,2321076.35,0.6643663004758312,59.752287777081754
2026-05-11,6126,32.85,34.35,32.6,32.7,2541619.0,85153047.0,32.64,32.125,32.0825,34.04333333333334,36.221666666666664,37.310833333333335,60.000000000000014,60.000000000000014,-0.1075918224078336,-0.34596614870122294,0.23837432629338934,20.975739685849607,11.835518188549628,20.399149270689968,,34.13093329092447,32.0825,30.03406670907554,1372356.8,1181347.15,1.8520103518268718,33.503466491240424
2026-05-11,6127,47.6,50.5,45.25,46.45,13840435.0,660758819.0,47.43,45.89,46.230000000000004,40.611666666666665,37.630833333333335,36.14041666666667,63.90532544378702,63.90532544378702,1.3246094110275735,1.356392456939415,-0.031783045911841556,19.10109194524017,12.643647566964411,33.738101513944265,,51.31417565641304,46.230000000000004,41.145824343586966,15711422.0,13924016.65,0.8809154893809102,47.74118869818759
2026-05-11,6128,20.55,20.55,20.3,20.35,80275.0,1635396.0,20.55,20.549999999999997,20.7275,22.314166666666665,23.678333333333335,27.027291666666667,45.00000000000013,39.393939393939434,-0.35186830586591356,-0.41058054701248453,0.058712241146570976,15.892880177925104,22.561353320834453,17.502858777263175,,21.26988750955437,20.7275,20.18511249044563,140991.6,135065.75,0.5693601604634602,20.372419806913733
2026-05-11,6129,15.55,15.85,15.15,15.2,791534.0,12221131.0,16.34,16.63,16.59,15.833333333333334,15.541666666666666,15.395833333333334,33.3333333333333,33.333333333333314,0.08759467538417454,0.25097654186406615,-0.1633818664798916,22.544713481419183,28.583247487508846,26.464715670641567,,17.583981891183146,16.59,15.596018108816853,1258348.0,771283.0,0.6290263106867099,15.439805491615015
2026-05-11,6130,23.1,23.15,22.4,22.4,137239.0,3093280.0,23.46,23.91,24.22,31.072499999999998,35.68625,37.993125,4.545454545454618,4.545454545454618,-1.4846608679556894,-1.7155362136222847,0.2308753456665953,4.892756838868171,23.56071529550603,61.18233428501995,,25.87446763579436,24.22,22.565532364205637,131053.2,388518.3,1.0472006788083008,22.539365632218246
2026-05-11,6133,22.0,22.25,21.8,21.9,625749.0,13743002.0,22.29,22.089999999999996,22.517500000000002,23.506666666666664,20.666666666666668,18.097708333333333,46.666666666666615,38.14432989690718,-0.28728015500721327,-0.28548917531993345,-0.0017909796872798145,21.836082003950494,21.498372441969405,7.81311330915316,,23.882195840413893,22.517500000000002,21.15280415958611,886403.8,1492751.55,0.7059412425804131,21.962483359941444
2026-05-11,6134,32.45,32.45,30.2,30.35,1165096.0,36073562.0,31.95,31.115,31.014999999999997,31.03666666666667,30.21833333333333,29.809166666666666,50.74626865671643,50.74626865671643,0.07517714807834253,-0.031204735306007318,0.10638188338434984,23.077446248980063,15.399020021620752,18.354707614303365,,33.09475200950802,31.014999999999997,28.935247990491973,1972133.2,898837.75,0.5907795680332343,30.961879536106895
2026-05-11,6136,26.15,26.15,25.5,25.55,687731.0,17646786.0,25.17,25.355,25.532500000000002,24.530000000000005,24.15875,23.850833333333334,52.94117647058828,55.73770491803279,0.20214896209429511,0.31621188135818656,-0.11406291926389145,25.9601367580735,19.02860989074305,25.145950653964853,,27.97731728948151,25.532500000000002,23.087682710518497,609220.6,1163201.1,1.128870231899578,25.659430794889282
2026-05-11,6138,308.5,308.5,282.0,284.5,2514070.0,739292277.0,263.6,250.4,240.925,237.20833333333334,248.60416666666666,254.30208333333334,84.02777777777777,84.02777777777777,9.641423508677178,5.0072145331161355,4.634208975561043,46.45194295635245,7.276588436201122,37.02031061974836,,271.50238242213493,240.925,210.34761757786507,1836875.0,806175.05,1.368666893501191,294.06193025651635
2026-05-11,6139,719.0,719.0,655.0,679.0,6692308.0,4507306098.0,704.0,690.2,689.15,602.0833333333334,537.0708333333333,418.175,54.45544554455446,32.85714285714286,26.255494991491446,30.04108980727535,-3.7855948157839023,26.931833449118997,24.79473228032944,21.86146137849997,,761.776731340899,689.15,616.523268659101,3890897.4,4979058.1,1.719990868944527,673.5054779307826
2026-05-11,6140,20.4,20.4,19.6,19.85,158808.0,3169585.0,21.880000000000003,20.445,19.61,20.675000000000004,21.9875,22.64375,52.96296296296297,52.962962962962955,0.5131945515357366,0.1429306547706212,0.3702638967651154,38.73075565841813,30.345352789529738,27.941148882627623,,22.748990786525972,19.61,16.471009213474026,627252.6,231582.4,0.2531802976982479,19.958597803637097
2026-05-11,6141,33.1,34.5,31.45,33.25,1399058.0,46038184.0,35.05,33.705,31.655,21.70333333333333,16.500416666666666,14.197624999999999,53.92670157068063,46.95652173913044,3.184976653361595,3.4428235784048344,-0.2578469250432396,32.40222932295317,26.400867669596995,35.38729106466366,,39.35379689849088,31.655,23.956203101509125,2000881.4,2545164.25,0.6992208533699199,32.906558555828276
2026-05-11,6142,8.92,8.92,8.59,8.6,834286.0,7216668.0,8.828,8.857000000000001,9.043499999999998,9.541833333333333,9.53725,9.473541666666668,32.87671232876713,26.45161290322575,-0.20018808447215264,-0.17941020389881573,-0.020777880573336904,11.550030746319516,25.586697544420062,24.135582037897436,,9.49096184782962,9.043499999999998,8.596038152170376,806788.8,884885.85,1.0340822777906684,8.650112791057264
2026-05-11,6143,98.6,98.8,95.1,95.1,1880810.0,181662379.0,92.6,90.03999999999999,89.92,96.95,100.225,101.8625,79.8507462686567,79.8507462686567,-0.7337446353292592,-1.8720400136921935,1.1382953783629344,29.70002390886752,15.082578607219185,34.09233521491382,,95.68873606515972,89.92,84.15126393484029,1083601.4,745490.65,1.7357028147065887,96.58731025462434
2026-05-11,6144,14.25,14.25,13.8,14.25,37112.0,522016.0,14.45,14.86,15.3375,16.838333333333335,18.09416666666667,18.722083333333334,23.80952380952381,23.80952380952381,-0.6115681281373178,-0.5512351560458728,-0.06033297209144495,3.5299790367707717,17.86236936102678,70.14576735116421,,16.69701810347798,15.3375,13.97798189652202,21025.4,12961.75,1.765103160938674,14.06596249191636
2026-05-11,6146,223.5,223.5,212.0,214.5,668418.0,143889006.0,219.3,221.9,220.475,199.86666666666667,187.18333333333334,180.84166666666667,44.444444444444436,44.444444444444436,4.568356344353447,6.205625249808018,-1.6372689054545715,20.526750277049594,10.82426160646349,42.59917826684433,,233.22966890779122,220.475,207.72033109220877,705796.2,609257.5,0.9470410863645908,215.26799996409432
2026-05-11,6147,190.0,205.0,176.0,205.0,82576212.0,15830068763.0,193.7,179.95,159.55,97.51666666666667,75.90833333333333,65.10416666666667,73.86363636363636,73.86363636363637,26.298695905256864,24.440118795541895,1.8585771097149681,28.490708571124973,7.553971503347788,76.66627913605505,,218.70981922323904,159.55,100.390180776761,71508549.0,66759979.0,1.1547739837372453,191.70253005793
2026-05-11,6148,29.0,29.85,28.35,28.35,255260.0,7429724.0,31.04,31.055,31.4925,33.596666666666664,34.64833333333333,35.17416666666667,19.999999999999986,19.999999999999986,-0.784700404170259,-0.741764209171258,-0.04293619499900103,12.070287662547603,23.321222556523345,19.879809307621233,,33.61661591516392,31.4925,29.368384084836084,378172.0,211298.25,0.6749838697735422,29.106495338086656
2026-05-11,6150,69.5,72.0,67.7,68.4,1411439.0,98250593.0,69.75999999999999,62.64000000000001,58.475,58.48,59.59,60.145,71.11111111111113,71.11111111111113,3.2678897554354904,1.4267043988438792,1.8411853565916112,45.17888214483001,14.717260774500208,31.465102389174586,,72.16785253430841,58.475,44.782147465691594,2679861.0,916257.45,0.5266836600853552,69.6102297017441
2026-05-11,6151,41.95,42.4,40.85,41.45,1200613.0,50190729.0,37.47,36.555,36.045,32.409166666666664,31.004583333333336,30.302291666666672,83.33333333333337,83.33333333333337,1.3890273628553231,1.1513037237032628,0.2377236391520603,38.93126773662664,7.9339433948173665,48.18405689941649,,38.77087986760814,36.045,33.319120132391866,789120.8,434330.95,1.5214565374528208,41.804252494350806
2026-05-11,6152,14.65,14.85,14.6,14.85,1249634.0,18495182.0,14.0,13.905000000000001,15.239999999999998,16.128333333333334,12.682583333333334,10.906791666666665,72.88135593220338,40.00000000000001,-0.772566596582422,-0.7304096117409966,-0.04215698484142538,16.228450097529173,22.23131719242975,27.03257118164788,,18.606022172113136,15.239999999999998,11.873977827886863,1262918.0,3091014.65,0.9894815023619903,14.800479180303993
2026-05-11,6153,18.7,19.05,18.0,18.05,5056239.0,92461612.0,18.51,18.225,18.3625,17.055833333333332,16.106666666666666,14.639166666666666,52.38095238095233,44.96644295302013,0.34243196356539585,0.43148071589178233,-0.08904875232638648,23.3931857126442,16.074525390472644,24.002519220223224,,19.949246091185813,18.3625,16.77575390881419,5607933.8,8187476.95,0.9016224478256145,18.286637953625213
2026-05-11,6154,13.2,13.3,13.1,13.1,44547.0,586510.0,12.98,13.069999999999999,13.15,13.436666666666667,13.643333333333333,13.746666666666668,41.666666666666686,41.666666666666686,-0.1056054624810816,-0.10257060750347072,-0.0030348549776108846,27.772752514680903,20.740451812960124,42.04980128665958,,13.390613251592875,13.15,12.909386748407126,39891.4,40390.65,1.1167068591225175,13.166094237546861
2026-05-11,6155,53.5,53.5,49.65,51.2,5517600.0,283925834.0,49.99,48.745,48.6725,48.4625,41.37458333333334,31.9375,69.73180076628356,52.34899328859061,0.9506824107192458,0.4769910082204789,0.47369140249876684,27.12703380057775,18.642000951676888,11.964252133395988,,53.940424289109714,48.6725,43.404575710890285,6806304.8,4109694.35,0.81066013969871,51.458212628679135
2026-05-11,6156,19.3,19.3,18.4,18.55,1190895.0,22442387.0,19.610000000000003,19.885,20.0875,20.170833333333334,20.335416666666667,20.417708333333334,36.8421052631579,36.8421052631579,-0.15043851912044914,-0.022926996996214304,-0.12751152212423483,20.822867895056174,26.85228988346599,20.797181726896856,,21.254536282302524,20.0875,18.920463717697473,840618.0,627376.2,1.4166898638858554,18.844975417648072
2026-05-11,6158,17.8,18.0,17.65,17.9,84896.0,1510576.0,18.47,18.855,18.817500000000003,19.2975,19.94875,20.274375000000003,18.604651162790645,18.604651162790645,-0.10034088234419158,-0.019314915440915965,-0.08102596690327563,15.072241527321143,28.86804714469392,31.311953474657766,,19.76244499979189,18.817500000000003,17.872555000208116,96279.4,58455.0,0.8817670238908842,17.79325292122126
2026-05-11,6160,16.6,16.8,16.15,16.35,134164.0,2200879.0,16.14,15.925,15.802499999999998,16.245833333333334,16.67291666666667,16.886458333333334,61.016949152542395,61.016949152542395,0.04993048811999046,-0.05117998923755107,0.10111047735754153,17.8843524997182,5.423851740829561,27.458197224837527,,16.42529083250524,15.802499999999998,15.179709167494755,215688.4,137234.0,0.6220269611161287,16.404393130795146
2026-05-11,6161,45.9,46.7,44.3,45.55,776987.0,35418318.0,44.42999999999999,42.959999999999994,42.32000000000001,42.18416666666666,42.467083333333335,42.608541666666675,93.61702127659579,93.61702127659579,0.7343793882094971,0.3102979274901272,0.4240814607193699,41.11108004874152,5.957926574755951,31.089691863775226,,44.922913347527455,42.32000000000001,39.71708665247256,324025.2,141397.85,2.3979215196842714,45.584183519157975
2026-05-11,6163,58.5,58.5,54.5,54.8,6040220.0,340548419.0,57.02,56.669999999999995,58.915,57.65833333333333,56.77916666666667,56.33958333333333,44.444444444444436,44.444444444444436,-0.9748621291350617,-0.6824879750555879,-0.29237415407947376,11.768943869414263,14.916940488531088,16.337804572921396,,68.29342428690794,58.915,49.53657571309206,3953299.8,7704113.0,1.5278932298531978,56.38013499508296
2026-05-11,6164,12.5,12.6,12.2,12.3,527628.0,6515856.0,12.59,12.28,12.4975,12.355833333333333,11.407166666666667,11.104333333333333,50.0,38.775510204081634,0.028068487746391924,0.031837380666383225,-0.0037688929199913013,25.450766982011164,22.501577029876728,14.245005907938769,,13.451425408095737,12.4975,11.543574591904264,1006057.4,928586.6,0.5244511893655371,12.349337032909549
2026-05-11,6165,52.8,53.5,51.5,51.8,1078229.0,56510811.0,51.879999999999995,51.879999999999995,49.4875,45.965,48.27208333333333,51.76833333333333,32.43243243243242,68.99224806201548,1.682126623794339,1.6161012791426164,0.06602534465172272,27.247860797015445,9.881273270781097,32.269340292426996,,55.56843439842058,49.4875,43.406565601579416,1909161.6,1711543.5,0.5647657065803126,52.41076895538888
2026-05-11,6166,93.4,93.4,85.6,92.7,4644859.0,421959552.0,84.9,80.75999999999999,77.54499999999999,66.765,63.9875,65.11791666666667,85.25896414342628,66.66666666666669,5.741828329346703,4.531123996750085,1.2107043325966176,43.20628094303303,9.0949535169494,40.95793409213478,,90.08050326493745,77.54499999999999,65.00949673506253,3935344.4,2725992.6,1.180292886182973,90.84442649389356
2026-05-11,6167,11.9,12.0,11.35,11.35,754299.0,8716950.0,12.0,12.1,12.655,12.771666666666667,12.210833333333333,11.930416666666668,9.52380952380949,9.52380952380949,-0.403532633507794,-0.3138182897467008,-0.08971434376109322,10.896323540175986,22.198679063671342,27.402228898880193,,14.547060975984166,12.655,10.762939024015832,600545.0,603631.3,1.2560241114321158,11.556358950495758
2026-05-11,6168,26.35,27.0,26.25,26.5,2150985.0,56986443.0,26.880000000000003,26.215000000000003,26.8125,23.845833333333335,21.879166666666666,19.754583333333333,65.55555555555557,38.61386138613861,0.49214405623904867,0.6668589192495699,-0.1747148630105212,23.91000758480603,18.529621086575723,23.900157482008222,,29.828226324313444,26.8125,23.796773675686556,4940168.4,8835331.75,0.4354072221505647,26.49318475024233
2026-05-11,6169,14.75,14.75,14.35,14.5,69703.0,1010238.0,16.240000000000002,16.46,16.657500000000002,17.15,17.9,18.275,13.333333333333314,13.333333333333314,-0.23829913314361306,-0.12317899847447496,-0.1151201346691381,17.463836238857418,46.66075984975775,27.67594127538451,,17.730751331726463,16.657500000000002,15.584248668273542,39020.4,17433.4,1.7863220264272022,14.493465130625655
2026-05-11,6170,50.4,50.7,50.1,50.3,184646.0,9300519.0,51.7,51.9,51.75500000000001,50.475833333333334,49.61291666666667,49.18145833333333,17.857142857142833,17.857142857142833,0.18809104981162506,0.3701814209382844,-0.18209037112665932,13.218538236350486,20.491159925520872,29.933028904041645,,52.87604274767025,51.75500000000001,50.63395725232977,271455.2,347963.35,0.6802080048567867,50.36945831482946
2026-05-11,6171,24.0,24.0,23.6,23.6,22399.0,532010.0,24.21,24.81,25.2825,26.649166666666662,27.024583333333336,27.212291666666665,2.499999999999858,2.499999999999858,-0.6581763658388446,-0.5368166465128984,-0.12135971932594625,7.52230407430249,28.55912461126799,38.77997029666589,,26.690475403493267,25.2825,23.87452459650673,16977.6,44623.25,1.3193266421637924,23.751506763694806
2026-05-11,6173,172.0,175.0,155.0,155.0,3038481.0,488534974.0,122.2,104.38,95.645,74.53666666666666,69.21833333333332,66.55916666666667,81.13207547169812,81.13207547169812,14.171115142293488,8.948313681167354,5.222801461126133,61.154340465120015,14.08509472729427,46.49885713487631,,133.2431228534785,95.645,58.046877146521496,15097808.8,14108072.9,0.2012531116435916,160.7826325061766
2026-05-11,6174,39.5,40.3,36.15,37.25,2084330.0,79974844.0,39.989999999999995,35.83,32.4225,25.629166666666666,23.88958333333333,23.019791666666666,67.71428571428572,67.71428571428572,3.9134695658943173,3.2499386109100232,0.663530954984294,32.117945835713655,6.497902243892498,73.81083031773409,,42.38450545229615,32.4225,22.460494547703846,4685618.2,2327530.95,0.44483564623340416,38.36956911813388
2026-05-11,6175,71.0,75.9,70.8,73.9,20870882.0,1555339592.0,68.76,65.65,64.245,52.8675,49.58375,47.941874999999996,77.51196172248804,77.51196172248804,4.242344239568688,3.785393982178022,0.45695025739066564,31.741906268333658,6.721658307081022,51.76232771784056,,71.05319166036121,64.245,57.43680833963881,12272338.4,8905337.1,1.7006442716736037,74.52198675647728
2026-05-11,6176,104.5,105.0,102.5,104.0,6020385.0,623211747.0,103.1,101.11999999999999,98.095,104.90333333333334,115.43083333333333,129.91125,84.12698412698413,63.59743040685225,1.4477317521886164,0.41671619773663027,1.0310155544519861,30.611272037521527,12.744230164287085,36.04679581204779,,111.6042132304355,98.095,84.58578676956449,6592716.0,11258247.8,0.913187372245369,103.5169257447821
2026-05-11,6177,46.8,47.2,46.55,47.05,1221437.0,57319834.0,46.15,45.705,45.739999999999995,46.94833333333334,47.526666666666664,47.45958333333333,84.44444444444439,64.66666666666663,-0.1568587852612069,-0.3855572141784601,0.22869842891725323,29.39433401939721,18.51775837927675,9.906508930068599,,47.08735608546997,45.739999999999995,44.39264391453002,1126458.4,1170171.9,1.0843161185535126,46.928195232336996
2026-05-11,6179,23.65,25.7,23.6,24.95,4484518.0,111855814.0,24.02,23.945,24.074999999999996,25.695,26.472500000000004,26.86125,74.41860465116278,74.41860465116278,-0.3575778970726695,-0.5061549067122791,0.14857700963960963,21.096544668289965,15.057447612222418,24.783684035668735,,24.83692277547613,24.074999999999996,23.313077224523862,1602137.2,995167.45,2.7990848723817163,24.942661396386413
2026-05-11,6180,38.9,39.15,38.4,38.4,346940.0,13459870.0,38.839999999999996,39.0,39.7825,45.05916666666666,47.72958333333334,49.064791666666665,40.0,39.99999999999999,-1.3839702863043541,-1.5722487810586294,0.18827849475427527,5.730931934845994,22.13115776639463,66.65170287205122,,42.30404401320425,39.7825,37.26095598679575,592518.0,459031.8,0.5855349542123615,38.795958955438984
2026-05-11,6182,59.3,59.3,55.0,55.2,12329699.0,692831529.0,55.04,47.970000000000006,42.9625,37.66,36.73,36.26499999999999,74.27652733118973,74.27652733118973,4.918318719508619,3.2240741842085403,1.6942445353000788,40.15697724470616,7.964343449772018,46.02906211217729,,58.0909630659179,42.9625,27.8340369340821,112048521.0,50180296.4,0.1100389267967223,56.19208781982431
2026-05-11,6183,93.0,93.0,92.0,92.0,25273.0,2333111.0,92.06,92.33,93.41,93.9,95.12333333333332,94.79958333333335,45.83333333333331,33.695652173913075,-0.4665532833381718,-0.30845273220337466,-0.15810055113479715,28.092214066533966,25.900001569690744,13.782859777030424,,96.16520559935861,93.41,90.65479440064138,41178.6,35008.75,0.6137411179593284,92.31634550706288
2026-05-11,6184,46.65,46.8,46.55,46.7,91515.0,4270280.0,46.8,46.795,47.147499999999994,47.654999999999994,48.041666666666664,50.05083333333334,40.00000000000057,27.272727272726954,-0.25377390198846683,-0.23378577249246402,-0.019988129496002816,23.87975168889693,13.651206523402603,22.387114291736758,,47.91628235918322,47.147499999999994,46.37871764081677,67221.4,66518.55,1.3613968170850355,46.66207725509479
2026-05-11,6185,13.9,13.95,13.7,13.8,218441.0,3017342.0,13.84,14.025,14.082500000000001,14.224166666666665,14.262083333333333,14.281041666666669,0.0,0.0,-0.07764630171701903,-0.038124895373906766,-0.03952140634311226,5.473999590215324,12.350671456332275,20.386967458051014,,14.429327729116638,14.082500000000001,13.735672270883365,343178.6,236363.4,0.6365227901739794,13.813075384199852
2026-05-11,6186,39.55,40.5,38.75,39.05,1469314.0,58175205.0,39.88,39.934999999999995,40.105000000000004,42.2375,44.19375,45.17187499999999,26.829268292682826,26.829268292682826,-0.43510520802050934,-0.49216369851895697,0.057058490498447634,25.086546852375818,19.21403261367571,29.13586850581251,,40.85255742606384,40.105000000000004,39.35744257393617,1202062.0,701570.25,1.2223279664443265,39.593446329375475
2026-05-11,6187,1190.0,1210.0,1105.0,1125.0,2950142.0,3388400060.0,1122.0,1178.0,1186.5,806.0,590.0,482.0,44.137931034482754,44.137931034482754,62.039906825025355,95.97742033291311,-33.93751350788776,25.134836768038433,18.160724826388936,66.37329365658279,,1320.4324260096944,1186.5,1052.5675739903056,3571909.6,3820229.65,0.8259285173398565,1148.5549034588844
2026-05-11,6188,83.5,87.8,83.5,84.3,5072394.0,436444087.0,84.98,84.33,84.60499999999999,92.40166666666667,97.20083333333334,99.60041666666666,54.838709677419324,54.838709677419324,-1.547089143109119,-2.083046523659927,0.535957380550808,7.712877093086375,12.545886558616361,38.772568936284095,,87.44640439701357,84.60499999999999,81.76359560298641,3402122.4,2758402.6,1.4909498846955065,86.04301775453563
2026-05-11,6189,49.5,49.7,47.8,48.2,1371872.0,66426279.0,48.739999999999995,48.35,47.8375,46.766666666666666,46.53,56.06895833333333,53.24675324675326,55.23255813953492,0.6372366251856292,0.5851623493434197,0.05207427584220947,29.709092670982557,17.17011638199482,16.40074816821302,,49.530791717956745,47.8375,46.14420828204325,1069788.4,981125.45,1.2823769635191409,48.42017258169859
2026-05-11,6190,78.7,79.5,77.0,77.3,5952896.0,463250781.0,77.36,73.8,70.11,58.166666666666664,53.18333333333333,50.69166666666667,66.23376623376622,66.23376623376622,4.868039590638716,4.4899312500801125,0.37810834055860365,31.984694712712532,5.247068853958925,67.750630141656,,80.82190189019995,70.11,59.39809810980005,12912425.6,9704090.1,0.4610207395890049,77.81939765116005
2026-05-11,6191,96.0,96.7,94.0,94.8,6698206.0,634411233.0,97.96,100.47,103.60499999999999,102.42,109.33500000000001,101.59833333333333,26.92307692307685,18.122977346278304,-0.9816236197797537,0.30701940268640393,-1.2886430224661576,17.502148418827193,28.161638683976303,18.48859890480777,,115.54422769255798,103.60499999999999,91.665772307442,8407399.4,12294284.45,0.7967036750983901,94.71360435913736
2026-05-11,6192,125.0,129.0,125.0,128.0,794148.0,100982703.0,123.2,119.75,120.525,120.76666666666667,111.36083333333333,106.36291666666666,90.3225806451613,54.285714285714285,1.0060536606383863,0.21308248556122214,0.7929711750771642,33.114780330118315,16.100782447631502,15.169254507876003,,128.08859006932795,120.525,112.96140993067206,548971.2,396841.85,1.4466114069371947,127.15854349567083
2026-05-11,6194,32.35,32.5,32.0,32.2,162916.0,5254390.0,32.290000000000006,32.47,32.64,32.7875,33.36875,33.659375,26.31578947368432,26.31578947368432,-0.13280700506079768,-0.07856007077668477,-0.05424693428411291,6.3564581359106125,27.62560835403533,37.08956804903186,,33.14429732249414,32.64,32.13570267750586,104065.0,82552.8,1.565521549031855,32.25214220825456
2026-05-11,6195,27.1,27.1,26.5,26.5,83325.0,2229338.0,24.240000000000002,23.97,24.04,24.686666666666664,24.96833333333333,25.10916666666667,92.42424242424242,92.42424242424242,-0.02576828903200834,-0.2328889622951391,0.20712067326313077,59.30502322521786,9.518307829402746,40.23730928699969,,25.41212858074787,24.04,22.66787141925213,40176.2,31813.55,2.0739890781109214,26.754731473147316
2026-05-11,6196,420.0,437.5,410.0,425.0,4394222.0,1865236616.0,399.5,389.7,377.25,315.3666666666667,279.575,240.37916666666666,83.57142857142857,62.97872340425532,24.91025976692606,23.624184050651333,1.286075716274727,35.6283753705049,15.370143886255835,26.213703893048372,,428.8287593981587,377.25,325.6712406018413,4059786.2,3461524.45,1.0823776877708486,424.4748253501985
2026-05-11,6197,227.5,234.0,220.5,229.0,3578804.0,816556020.0,231.4,216.6,199.75,172.90833333333333,160.50416666666666,153.68958333333333,64.78873239436619,66.39344262295083,15.565095028393188,12.644618410393958,2.9204766179992294,38.75426203044092,14.268657317464559,37.46828213404978,,245.4809062830985,199.75,154.0190937169015,7121614.4,6090054.35,0.5025270674581875,228.16449853079408
2026-05-11,6198,21.8,22.35,21.75,22.0,28662.0,626101.0,21.83,21.845,21.862499999999997,,,,51.61290322580647,51.61290322580648,-0.26410657551387473,-0.36541022389139005,0.10130364837751532,7.49892372036167,17.220537826671574,64.06130248098394,,22.205666370576438,21.862499999999997,21.519333629423556,36382.8,27059.25,0.787789834757083,21.844288605121765
2026-05-11,6199,103.5,103.5,97.4,97.4,775529.0,77528663.0,96.9,93.17,96.735,99.29166666666667,98.49583333333334,98.09791666666666,82.30769230769234,82.30769230769232,-1.8894213702511564,-2.5120252671274352,0.6226038968762788,18.624592137437933,14.43051308332951,29.606167397273996,,115.74815610999815,96.735,77.72184389000185,860672.4,444804.55,0.9010733933143436,99.96874778377082
2026-05-11,6201,50.2,50.6,49.95,49.95,39555.0,1987003.0,50.410000000000004,50.575,50.6575,51.95583333333333,54.20291666666666,56.75062500000001,34.28571428571436,28.282828282828277,-0.26956740630935627,-0.2953691299395683,0.025801723630212048,19.045214854795102,19.31119668989677,14.888375531129826,,51.69534949725405,50.6575,49.61965050274595,39583.6,41130.55,0.9992774785517234,50.23392744280116
2026-05-11,6202,55.2,60.2,55.1,59.5,7516178.0,442413463.0,57.260000000000005,55.9,55.220000000000006,52.74666666666666,45.71333333333333,43.54229166666667,75.23809523809523,60.691823899371066,1.5156497516723633,1.3075150716280066,0.20813468004435665,24.93549823353673,17.253212597867275,20.367504704804766,,60.51850028434068,55.220000000000006,49.92149971565933,4445270.6,5675943.4,1.6908257508553024,58.861493567608434
2026-05-11,6203,70.0,70.1,67.9,68.1,308106.0,21230434.0,70.46000000000001,67.96000000000001,66.435,65.81833333333333,65.40916666666666,65.20458333333333,59.57446808510637,59.57446808510637,1.2182255760901342,0.7237519180996175,0.4944736579905167,30.857751898794934,15.119805077105106,31.79610058516587,,72.32818071565505,66.435,60.541819284344946,1372605.2,470294.95,0.22446804077385107,68.90626602532895
2026-05-11,6204,85.0,88.6,82.6,82.7,1394700.0,120181477.0,75.24000000000001,73.4,71.3,67.29166666666667,67.89583333333333,68.19791666666667,91.79104477611935,91.79104477611935,3.003732985571176,2.2438233501141784,0.7599096354569976,39.959050015183216,5.531919974542747,46.83174646294109,,79.19936706325262,71.3,63.40063293674738,491604.6,367584.3,2.83703610584604,86.17012762601276
2026-05-11,6205,83.2,87.5,81.0,86.1,3335931.0,281286057.0,90.8,88.89,82.3,63.1525,51.98166666666667,48.933125000000004,49.23664122137403,53.99061032863849,7.74175666834978,8.247522038829985,-0.505765370480205,31.77593540273197,17.59981293487131,45.4764044203269,,102.14540249025023,82.3,62.45459750974975,9915547.6,9541895.45,0.33643436899037227,84.32010644105048
2026-05-11,6206,128.0,130.5,127.0,130.5,5058880.0,657651181.0,117.5,112.35,109.375,100.64,99.89333333333333,106.88208333333334,97.87234042553192,80.51948051948052,4.965839134458037,3.2415139188793947,1.724325215578642,45.881696747580186,9.059179214479483,28.50737162103252,,122.54544138652119,109.375,96.20455861347881,3244700.2,1619716.1,1.55912093203557,129.99936369314946
2026-05-11,6207,73.2,77.2,72.3,77.2,9070182.0,689719286.0,68.42,66.35,63.485,56.71333333333333,54.60666666666667,53.553333333333335,74.70817120622569,74.70817120622569,3.6563077513178754,2.9487346481638697,0.7075731031540058,24.520839725455527,7.146420870846281,45.743964464642275,,73.59060553148082,63.485,53.37939446851919,9319518.4,10272416.0,0.9732457848894852,76.04249683192685
2026-05-11,6208,106.0,108.5,97.5,99.8,7371442.0,763542244.0,79.26,79.85999999999999,77.77000000000001,57.56916666666667,51.25958333333334,48.104791666666664,70.71129707112972,70.71129707112972,6.55816538021692,6.579206781516449,-0.021041401299529028,47.65292646908873,9.414153496558182,64.61495126968455,,92.89698529815267,77.77000000000001,62.64301470184734,2371822.4,1454756.4,3.1079232576604388,103.58112347624792
2026-05-11,6209,68.0,68.3,64.5,65.8,7271001.0,478232267.0,68.17999999999999,65.88,64.355,60.329166666666666,56.41916666666666,42.58791666666666,60.11560693641618,49.85994397759102,2.5469751614030116,2.3086597296244715,0.2383154317785401,31.3727923730867,17.966329446963073,27.017392716431416,,70.82223726909271,64.355,57.8877627309073,13302271.4,9305500.35,0.5465984553585337,65.77254864907871
2026-05-11,6210,21.25,21.25,21.05,21.15,39745.0,839561.0,20.369999999999997,20.415,20.485,20.31,20.330000000000002,20.34,67.50000000000001,67.50000000000001,0.06885688575887272,0.05061434765590781,0.01824253810296491,48.286300857954814,19.9468518573807,32.45795527742055,,20.958619878672454,20.485,20.011380121327544,37376.4,33268.65,1.0633715392600678,21.123688514278527
2026-05-11,6212,28.25,28.25,28.25,28.25,2000.0,56500.0,28.27,,,,,,39.28571428571428,39.28571428571428,-0.6124220650586949,-0.8183747392596562,0.2059526742009613,18.048467985759945,25.84389896471625,27.225365723227704,,,,,7600.0,,0.2631578947368421,28.25
2026-05-11,6213,289.5,302.5,285.0,300.5,5133303.0,1515812545.0,291.3,278.85,269.2,181.40833333333333,144.90833333333333,118.46229166666667,72.93233082706767,56.40138408304498,28.30302577651534,29.741555054286017,-1.4385292777706766,34.4759151642671,16.477648688267635,49.457411975709114,,321.7280877245694,269.2,216.67191227543063,6590580.6,23551373.3,0.778884792031828,295.2899030117645
2026-05-11,6214,128.0,128.0,125.0,127.0,931514.0,117821095.0,125.6,123.55,123.0,115.86666666666666,120.25416666666666,117.75500000000001,93.75,50.847457627118644,2.7618793546687215,2.617215102754331,0.14466425191439036,26.583130203940442,12.05745201028636,26.38815789721459,,129.76679197878988,123.0,116.2332080212101,1430626.6,1860279.25,0.6511230813127618,126.48343986241753
2026-05-11,6215,115.5,122.0,114.5,119.5,7214128.0,857216528.0,114.4,111.3,108.35,108.37666666666665,109.21166666666666,109.89791666666666,74.28571428571428,62.5,2.9272579310997457,1.7279280609436816,1.1993298701560642,27.911290636267015,13.448085576977947,20.85344706952444,,118.67676644759506,108.35,98.02323355240493,3674337.0,2888873.25,1.9633822373941203,118.82469066254438
2026-05-11,6216,23.75,24.0,23.55,23.55,258460.0,6132230.0,23.69,24.065,24.695,25.903333333333332,26.333333333333332,28.861458333333335,27.272727272727337,22.388059701492608,-0.5277996173982373,-0.4272636879027407,-0.10053592949549661,14.22754607587737,27.539690978371663,25.524289247302065,,26.210498875652398,24.695,23.179501124347603,336143.0,223143.5,0.7688989507441774,23.72603110732802
2026-05-11,6217,324.5,326.5,300.0,300.0,11664849.0,3611669887.0,279.0,278.65,269.625,172.35333333333335,118.52666666666667,91.61333333333333,63.25301204819277,63.25301204819277,23.497852351306506,27.493176277959545,-3.9953239266530396,32.90114863167343,6.851020544641215,66.0956870877171,,303.555075154647,269.625,235.69492484535303,3542279.8,3972671.55,3.2930343334256094,309.6199433871797
2026-05-11,6218,41.5,43.25,40.25,40.8,3440158.0,141992446.0,38.83,39.905,39.68,30.3125,26.18125,24.115625,47.741935483870954,47.741935483870954,1.9848028231175832,2.6589356231296786,-0.6741328000120954,16.41884629373351,13.075483331392276,50.480659949284146,,42.913280882193575,39.68,36.446719117806424,3672788.8,9435657.95,0.9366609917782368,41.27497806786781
2026-05-11,6219,12.2,12.3,11.85,12.0,699884.0,8406685.0,12.75,12.885000000000002,13.232499999999998,14.495833333333334,15.122916666666667,15.436458333333333,23.076923076923094,23.076923076923094,-0.46948186508818246,-0.449899105916318,-0.019582759171864472,7.336926159494818,27.427562511330862,32.002945646075645,,14.374186195248495,13.232499999999998,12.090813804751502,352480.0,226087.85,1.985599182932365,12.01154048385161
2026-05-11,6220,30.0,30.1,29.9,30.0,252640.0,7578335.0,30.07,29.884999999999998,30.77,32.2825,30.641250000000003,29.820625,60.46511627906978,60.46511627906978,-0.8394239308341191,-0.9176430532252896,0.07821912239117046,15.459180142432185,17.88715221718177,19.825038245970568,,34.42691846116082,30.77,27.113081538839182,239792.2,243590.2,1.053578890389262,29.996576155794806
2026-05-11,6221,23.05,23.45,22.5,22.55,674792.0,15433860.0,24.96,25.465,26.1,27.401666666666664,28.40083333333333,28.900416666666665,9.41176470588239,9.41176470588239,-0.6942219377317969,-0.48499571896412363,-0.20922621876767322,7.93285259279086,37.38337493137242,21.64408736667884,,28.3360679774997,26.1,23.863932022500304,273386.4,465881.7,2.468272013531031,22.872025750157086
2026-05-11,6222,21.05,21.05,21.05,21.05,4535.0,93647.0,22.250000000000004,22.134999999999998,21.7,20.28083333333333,19.415416666666665,18.982708333333335,42.391304347826086,42.391304347826086,0.45276594200901954,0.5225716716492205,-0.06980572964020093,17.06413386268015,14.648864860009688,69.12112681965779,,23.135270009440784,21.7,20.264729990559214,13508.0,47513.65,0.33572697660645545,20.64983461962514
2026-05-11,6223,6280.0,6665.0,5895.0,5895.0,2197825.0,13717994480.0,5185.0,5079.0,5037.0,3897.5,3371.25,3108.125,84.39716312056738,84.39716312056737,300.6519985299592,303.5226936829385,-2.8706951529792946,42.33753405689152,3.682812432242065,61.41410361787158,,5542.812530281203,5037.0,4531.187469718797,1529683.2,1337229.8,1.4367844269976948,6241.62273156416
2026-05-11,6224,78.7,78.7,73.9,75.7,1650263.0,125291481.0,82.0,74.31,66.0275,49.52833333333333,46.71875,45.498125,54.255319148936174,66.80761099365752,9.161488573178076,7.9301775506996695,1.2313110224784065,50.822339523556934,18.366786986549602,54.98189662847798,,88.58884269520598,66.0275,43.46615730479402,3133821.6,1737787.8,0.5265976212557856,75.92212938180157
2026-05-11,6225,24.9,26.0,24.5,24.9,28322.0,708210.0,23.839999999999996,21.775,20.0025,,,,100.0,95.03105590062114,1.2336474462499893,0.5159370455771964,0.7177104006727929,37.31969897947033,9.346028610457859,49.088683111579776,,25.005286065888928,20.0025,14.999713934111075,36254.2,27398.35,0.7812060395761043,25.00564931855095
2026-05-11,6226,12.4,12.4,12.05,12.2,1055862.0,12826313.0,12.45,12.525,13.0775,11.348833333333333,9.122416666666668,8.110625,37.03703703703699,23.972602739726014,0.06870504038250225,0.2830345983330728,-0.21432955795057057,24.621749433073216,21.252811975087585,15.594059549473924,,15.056727653723348,13.0775,11.098272346276653,1500688.6,3091695.6,0.7035850075758555,12.147717220621635
2026-05-11,6227,118.0,124.5,117.0,124.5,2632979.0,324118333.0,104.67999999999999,98.30999999999999,95.64500000000001,89.03500000000001,85.9175,84.35875,90.09661835748794,90.09661835748794,4.568755950183345,2.3457087515970336,2.223047198586311,45.18426714910541,4.919196726890883,41.73802467957182,,110.78219364938381,95.64500000000001,80.5078063506162,1357815.6,862964.65,1.9391285532439013,123.09947515722685
2026-05-11,6228,22.7,22.7,20.5,22.45,73151.0,1599124.0,22.61,23.235,,,,,34.52380952380955,34.52380952380955,-0.41573507082668826,-0.28910807513431647,-0.1266269956923718,12.023617701941593,25.84870550387379,31.164572329132096,,,,,26450.2,,2.7656123583186516,21.86058973903296
2026-05-11,6229,29.3,29.3,27.1,27.1,904456.0,25157624.0,28.939999999999998,27.339999999999996,26.2575,23.271666666666665,22.810833333333335,22.580416666666668,56.60377358490567,56.60377358490567,1.588250766429013,1.384630131911248,0.20362063451776513,32.47601837243196,15.449869773025593,56.44987140856351,,29.996100216517828,26.2575,22.518899783482173,1557595.8,653092.75,0.5806743957578725,27.815199412685637
2026-05-11,6230,161.0,161.0,151.0,154.0,161354.0,24654737.0,156.1,157.95,158.325,148.525,136.80416666666667,135.74583333333334,29.166666666666657,44.14414414414414,1.140925163566152,2.2024054222111262,-1.0614802586449743,24.583425335749787,20.46398196843462,16.81252529246002,,168.3684582008218,158.325,148.28154179917817,164617.0,221421.9,0.9801782318958552,152.79904433729564
2026-05-11,6231,292.0,295.5,281.0,282.5,1055280.0,303508430.0,312.1,311.75,299.125,247.50833333333333,226.00416666666666,215.25208333333333,37.94642857142857,37.94642857142857,15.242378551064121,18.287937242726642,-3.045558691662521,27.00922064334779,22.50121908688592,47.52047708793968,,345.3314873549623,299.125,252.91851264503768,2595322.8,1472016.75,0.40660838027547097,287.6093832916382
2026-05-11,6233,26.05,26.25,25.2,25.3,445500.0,11421033.0,26.380000000000003,27.369999999999997,27.222500000000004,26.052500000000002,24.82625,24.213124999999998,19.58762886597941,19.58762886597941,0.04970455032841059,0.35334381179531776,-0.3036392614669072,19.772131470996314,18.184262621048326,25.17505162279682,,29.55769412018512,27.222500000000004,24.88730587981489,1113031.8,932257.1,0.4002581058330948,25.63643771043771
2026-05-11,6234,56.5,56.5,52.3,52.5,1527366.0,82817401.0,57.61999999999999,55.73,49.2175,34.79333333333333,30.721666666666668,28.68583333333333,49.21465968586388,49.214659685863886,6.579304176813537,6.659928316396545,-0.08062413958300851,31.79678591025984,14.527383421759557,71.44907490430226,,69.59610784977073,49.2175,28.838892150229274,2654647.0,3370740.5,0.5753555934178819,54.222367788729095
2026-05-11,6235,42.95,43.65,42.5,43.6,777089.0,33536777.0,43.18,43.395,44.5575,50.31666666666667,57.69083333333333,56.10479166666667,56.249999999999964,36.27450980392159,-1.4646026905816143,-1.619156473290407,0.1545537827087926,18.328899159968216,33.26204348300764,30.899178256492846,,47.4676048995389,44.5575,41.6473951004611,779495.2,736883.05,0.9969131304464737,43.156931831489054
2026-05-11,6236,,,,,131.0,2246.0,,,,,,,50.0,50.0,-0.8685612830188596,-0.8685328548300151,-2.8428188844520363e-05,0.24719515208360793,2.7775314713557804,83.97226483588193,,,,,,,,17.14503816793893
2026-05-11,6237,47.85,52.0,45.7,45.7,8190291.0,399516889.0,42.36,40.995000000000005,39.925,38.435833333333335,38.51791666666667,38.55895833333333,70.06578947368422,70.06578947368422,1.3563591078864548,0.8507379901554493,0.5056211177310055,43.27940058028749,13.161789473585369,33.01891214156367,,44.0401197462912,39.925,35.8098802537088,2262182.4,826537.5,3.620526355434469,48.779327743055774
2026-05-11,6239,225.5,231.0,223.0,225.5,15003946.0,3403235325.0,228.0,220.6,216.425,223.175,192.41666666666666,159.0625,73.68421052631578,59.067357512953365,4.226040472130023,2.5297974022538394,1.696243069876184,31.238705927380074,20.94956651191791,18.333345633142198,,234.1369495791646,216.425,198.71305042083543,28343129.8,19841526.3,0.5293680022592282,226.82268551219792
2026-05-11,6240,17.3,17.9,17.05,17.8,24100.0,422474.0,18.330000000000002,18.685000000000002,18.78,,,,17.500000000000043,17.500000000000043,-0.12209625536294055,-0.00030072513482303783,-0.12179553022811751,14.081937121358537,28.901102944913504,32.04808586336697,,19.5250891857604,18.78,18.034910814239602,28920.0,15430.0,0.8333333333333334,17.530041493775933
2026-05-11,6241,11.45,11.45,10.6,10.8,1139978.0,12629529.0,9.672,9.901,10.013,11.302666666666665,12.076333333333334,12.463166666666666,57.11159737417943,57.11159737417943,-0.3151594150754349,-0.3865596666634932,0.0714002515880583,20.42147359204678,23.362476108085662,63.59112687357733,,10.810366718775876,10.013,9.215633281224124,496703.0,169409.7,2.295089822288168,11.078748010926526
2026-05-11,6242,37.2,37.75,37.2,37.4,12252.0,458474.0,,,,,,,0.0,0.0,0.011633314760580049,0.10277844125009944,-0.09114512648951939,7.773859099653338,7.952111711841398,22.5588507368807,,,,,,,,37.42033953640222
2026-05-11,6243,34.9,35.25,34.25,34.45,296214.0,10253780.0,34.67999999999999,34.2,33.1875,32.75833333333333,32.68125,34.681875,58.33333333333337,62.94117647058824,0.8715537484956783,0.7204105890545183,0.15114315944116008,26.865683660534568,9.496759138466109,35.19743826990672,,37.02497106966672,33.1875,29.35002893033328,559206.4,659404.1,0.5297042380058598,34.61612212792103
2026-05-11,6244,28.5,28.8,27.25,27.55,5092809.0,142537751.0,28.96,28.21,28.0125,27.977500000000003,26.23875,25.369374999999998,50.753768844221106,50.753768844221106,0.19855244418646123,0.03791436672553349,0.16063807746092773,21.63856592778346,16.661551268012364,17.120895714258435,,30.143196698512586,28.0125,25.881803301487412,12385433.2,11092129.2,0.41119344941442987,27.98804176634152
2026-05-11,6245,82.0,83.8,81.3,82.5,1548000.0,127928837.0,81.46000000000001,80.82000000000001,80.785,71.89833333333333,69.84916666666666,68.82458333333332,64.99999999999999,64.99999999999999,2.272630918161667,2.6011080105602415,-0.3284770923985745,15.73227357301935,8.329152304781239,54.929380255077795,,84.15500702794805,80.785,77.41499297205195,1594569.0,1781182.15,0.9707952431033088,82.64136757105943
2026-05-11,6246,15.9,16.0,15.0,15.0,137762.0,2106329.0,16.8,16.759999999999998,16.589999999999996,15.270833333333334,14.435416666666667,14.017708333333333,38.88888888888891,38.88888888888891,0.2123752964259893,0.3493484787166386,-0.1369731822906493,20.19546817883024,22.765154683195423,29.45890419915783,,17.8256971183996,16.589999999999996,15.354302881600393,258955.2,209719.6,0.5319916340741564,15.289622682597523
2026-05-11,6248,18.55,18.65,18.4,18.55,79670.0,1479026.0,19.37,19.455,19.6175,20.46833333333333,21.03416666666667,21.317083333333336,14.285714285714434,14.285714285714434,-0.27525285967150026,-0.2497060869987877,-0.025546772672712548,5.336270942340465,32.668694002653965,49.727236943628675,,20.263357243473553,19.6175,18.971642756526446,134133.0,108945.65,0.5939627086548426,18.564403163047572
2026-05-11,6257,210.5,214.5,204.5,212.5,11870597.0,2499075841.0,207.4,194.35,188.025,153.78333333333333,125.475,102.12833333333333,94.52054794520548,73.91304347826087,14.158309003315736,12.456419808812086,1.70188919450365,33.454473845020196,9.235767782171335,42.65269310998569,,212.7731525094603,188.025,163.27684749053972,21001797.8,17233908.3,0.5652181357540734,210.52655068654087
2026-05-11,6259,24.55,25.4,23.45,23.45,1084735.0,26618160.0,21.910000000000004,21.48,21.720000000000002,18.986666666666668,17.893333333333334,17.346666666666668,68.70229007633587,68.70229007633587,0.72397533757362,0.7049379158625962,0.01903742171102374,28.924834154623397,7.288492347884988,49.23911927473682,,23.969771918264183,21.720000000000002,19.470228081735822,743438.2,766693.7,1.459078912006405,24.5388597214988
2026-05-11,6261,120.5,122.0,112.5,114.5,6417744.0,745894373.0,122.1,107.7,96.52,80.815,76.55749999999999,74.42875000000001,68.85245901639345,68.85245901639344,11.267172750290754,8.491553010579025,2.775619739711729,39.12341937831391,17.50073057090412,60.29634147131146,,129.6906655439951,96.52,63.3493344560049,9901692.6,9537408.6,0.6481461563450274,116.2237653917015
2026-05-11,6263,187.0,187.0,169.0,171.0,628388.0,111432146.0,150.7,144.7,139.975,128.90833333333333,125.45416666666667,123.72708333333334,73.88059701492537,73.88059701492537,6.681934259957984,4.537277362501875,2.144656897456109,58.10520250153507,4.161569056702327,58.67071360972527,,158.8079917683666,139.975,121.1420082316334,491316.2,197214.25,1.2789889688147877,177.33016225644027
2026-05-11,6264,6.08,6.1,6.02,6.09,80201.0,485865.0,6.093999999999999,6.092999999999999,6.125,6.526333333333333,6.788166666666666,6.919083333333334,50.0,50.0,-0.08759584539062804,-0.10861923326582079,0.021023387875192756,3.93573458962924,21.298042180573752,37.02162702698952,,6.252568351131995,6.125,5.997431648868005,83753.6,75100.75,0.9575827188323844,6.0580915449932045
2026-05-11,6265,46.2,46.35,44.3,45.0,13192790.0,597362965.0,44.160000000000004,42.23,40.8825,39.97083333333333,39.235416666666666,38.86770833333333,88.80597014925374,88.80597014925374,1.1286150151424081,0.6038094252582871,0.5248055898841211,16.406046167227643,8.834275145290585,25.691670942973836,,45.069984485438674,40.8825,36.69501551456133,12996898.8,12095572.35,1.0150721493653547,45.279502288750145
2026-05-11,6266,27.0,27.0,26.3,26.4,384905.0,10220991.0,27.6,27.71,27.845,28.380000000000003,28.665000000000003,28.8075,16.279069767441783,16.279069767441783,-0.23442005186691972,-0.17184510269273143,-0.0625749491741883,8.425004103762282,36.248229118873454,22.433474338492598,,28.59114800281531,27.845,27.09885199718469,263503.2,253198.35,1.4607222986286315,26.55458100050662
2026-05-11,6269,61.1,61.1,57.3,58.0,9567195.0,558608382.0,64.84,65.15,65.015,61.72666666666667,60.173333333333325,59.42583333333334,20.454545454545467,36.8421052631579,0.5068639280423213,1.290111671062096,-0.7832477430197746,20.200809856676617,30.588968914033117,24.17903072306649,,70.64920942009368,65.015,59.38079057990632,5520321.2,4906179.9,1.7330866544504693,58.38789551169387
2026-05-11,6270,26.65,26.85,25.8,25.85,378187.0,9912050.0,27.169999999999998,26.805,26.265000000000004,25.813333333333333,27.056666666666665,27.678333333333335,44.68085106382978,44.68085106382978,0.4610410477908964,0.41912949853634357,0.041911549254552816,20.807891299787805,15.4722671214519,31.931795990733878,,27.973831549087855,26.265000000000004,24.556168450912153,853958.4,581162.7,0.4428634931162923,26.20938847712904
2026-05-11,6271,183.0,185.5,178.5,185.5,5440818.0,995716644.0,180.8,177.75,179.575,162.41666666666666,142.3,125.02208333333333,96.29629629629629,50.0,4.864149974714195,5.260827995923655,-0.3966780212094596,25.0617720009184,13.15377206878797,27.906816449762346,,189.4759568915542,179.575,169.67404310844577,6838505.0,8796175.75,0.7956151234809362,183.0086292171508
2026-05-11,6274,1440.0,1440.0,1305.0,1305.0,1538577.0,2084573060.0,1361.0,1195.5,1079.5,744.275,624.6375,564.81875,71.53284671532847,71.53284671532847,158.99098473251388,135.3396827890959,23.65130194341799,39.48488522515023,17.834466680590698,66.67785319054062,,1435.4819628783707,1079.5,723.5180371216293,10178854.8,5847388.65,0.15115423397138938,1354.8708059460137
2026-05-11,6275,47.15,48.0,46.7,46.85,458334.0,21667938.0,52.09000000000001,52.225,51.67,50.37,49.885,49.642500000000005,24.884792626728128,24.884792626728128,0.4721158126307472,0.7652937298070084,-0.2931779171762612,14.53710528965207,24.18207099822504,30.97748543934858,,55.13826211599742,51.67,48.20173788400258,877682.2,593108.6,0.5222095195732579,47.27543232664389
2026-05-11,6276,30.6,30.6,29.0,29.15,69130.0,2042842.0,30.110000000000003,30.775,31.089999999999996,32.97833333333333,33.98916666666666,34.49458333333334,18.666666666666714,18.666666666666714,-0.6608802398094831,-0.552023866004125,-0.10885637380535806,14.804980573567764,22.938667761429123,15.189996748046717,,32.392063140194026,31.089999999999996,29.787936859805967,105419.2,49250.0,0.6557628970813666,29.550730507739043
2026-05-11,6277,70.9,72.5,70.1,71.8,235356.0,16801939.0,71.23999999999998,70.64000000000001,70.795,65.055,63.315000000000005,62.958333333333336,78.26086956521736,51.16279069767442,1.2156840217390652,1.4755167631476418,-0.2598327414085766,27.559430732400624,11.882079448112707,36.53091242051573,,72.7486470618073,70.795,68.8413529381927,265606.2,304320.85,0.8861088333028371,71.38946532062067
2026-05-11,6278,209.0,221.0,190.0,215.5,39508392.0,8214372263.0,190.2,176.6,160.225,117.91666666666667,110.09750000000001,107.62916666666666,78.10650887573965,72.61904761904762,22.214068641384188,18.02992061825566,4.184148023128529,41.91901515608977,11.115152316128139,43.73902611864196,,209.003203717385,160.225,111.446796282615,26748618.0,16538739.95,1.4770255420298724,207.91461882326166
2026-05-11,6279,117.5,118.5,115.5,115.5,663844.0,77295232.0,120.7,113.95,110.825,111.00833333333334,111.75416666666666,112.12708333333333,59.09090909090909,59.09090909090909,2.7172570098359614,1.1722998764641335,1.544957133371828,31.526482986584547,25.561097730528836,18.221003174161336,,123.46693106501661,110.825,98.1830689349834,2476542.8,980786.35,0.2680527063776164,116.43583733527757
2026-05-11,6281,51.5,51.5,50.5,51.5,154295.0,7879822.0,50.1,50.105,51.2275,56.7125,60.94375,66.211875,69.73684210526318,41.304347826086925,-1.5767898560989622,-1.8833095018984853,0.3065196457995232,16.854328962384056,33.335273264400506,49.66021302414795,,53.86018424156859,51.2275,48.59481575843141,248786.6,168451.25,0.6201901549359974,51.06984672218802
2026-05-11,6282,52.0,55.4,51.6,55.4,90352778.0,4940744214.0,51.28000000000001,49.505,49.48,49.11416666666666,44.338750000000005,35.786875,96.5317919075144,66.56891495601172,1.061821181295116,0.5448538448411134,0.5169673364540025,28.14333413199257,12.40891050465371,19.479754718372835,,53.78989070566094,49.48,45.170109294339056,42041152.6,33945158.4,2.149150829894231,54.68281466674993
2026-05-11,6283,25.35,25.4,24.65,25.1,572348.0,14286720.0,24.720000000000002,23.275,22.91,22.08,23.778750000000002,23.657500000000002,76.5151515151515,61.76470588235294,0.8483206869357218,0.4718340071475501,0.37648667978817174,41.81654055240458,14.893687595417568,30.311956655773187,,25.825945274195934,22.91,19.994054725804066,1558472.8,614719.75,0.3672492712096098,24.96159679076366
2026-05-11,6284,86.1,89.8,83.7,84.5,3954468.0,344097555.0,81.25999999999999,78.49,80.14000000000001,81.77,82.485,82.8425,77.57575757575756,77.57575757575756,-0.4531609164664019,-1.1937961143609352,0.7406351978945334,31.170322481915854,15.817220061420766,24.37475859959262,,91.13825823530826,80.14000000000001,69.14174176469177,2366668.4,2538453.1,1.6709007480726916,87.01487911901171
2026-05-11,6285,253.0,266.5,250.5,259.0,26743862.0,6949732179.0,245.7,231.3,236.4,197.5,153.21166666666667,136.96416666666667,85.83333333333333,53.138075313807526,12.18391183422338,11.222308232748865,0.9616036014745148,34.1554836380665,12.835510043240305,36.177833987108464,,273.95501228023096,236.4,198.84498771976908,35761570.8,34875231.55,0.7478380116345449,259.86269967291935
2026-05-11,6290,277.5,279.0,267.5,271.0,6148680.0,1676234925.0,277.2,282.05,270.025,224.50833333333333,198.50416666666666,185.50208333333333,31.16883116883116,31.16883116883116,14.071434939543963,16.91475121031952,-2.8433162707755564,23.121945666945358,13.825279586275713,45.47817848447521,,318.58909221463443,270.025,221.46090778536555,5009680.2,5364798.15,1.2273597823669462,272.61703731532623
2026-05-11,6291,505.0,509.0,458.5,462.5,2444682.0,1163610922.0,463.8,444.4,433.85,343.19166666666666,286.09583333333336,257.54791666666665,64.62093862815885,64.62093862815885,26.126915100356086,25.943598055405346,0.18331704495074064,26.62653866521486,10.864603463911504,55.94122780323047,,473.2856237563532,433.85,394.41437624364687,2528846.6,1706430.75,0.9667181868603655,475.97639365774364
2026-05-11,6292,52.5,53.9,52.5,52.6,216884.0,11490266.0,50.69,48.02,47.239999999999995,44.27583333333334,42.48791666666667,41.59395833333333,69.9468085106383,69.9468085106383,1.5433258301045143,0.9164510973960043,0.62687473270851,44.436059576254685,18.103539019654328,28.000603759284406,,52.46409397836,47.239999999999995,42.01590602163999,752304.2,280104.45,0.2882929538343665,52.978855056159055
2026-05-11,6294,28.55,28.55,27.5,27.5,49063.0,1367504.0,31.02,32.355000000000004,34.5825,39.92916666666667,42.23958333333333,43.394791666666656,13.714285714285737,13.714285714285737,-2.612728699661062,-2.246036708596796,-0.3666919910642661,8.680580351839275,53.030147393304276,62.08935267276885,,41.4798125964126,34.5825,27.68518740358741,67431.2,54042.55,0.7276008731862995,27.872408943603123
2026-05-11,6405,58.5,58.5,58.0,58.0,821975.0,47749050.0,60.1,53.4,44.7475,36.03333333333333,31.328750000000003,28.099375000000002,61.269841269841265,71.01879327398615,7.123680482717269,5.209807702329589,1.9138727803876803,47.11851711770599,13.234464838547241,47.84192580852012,,66.22780860799584,44.7475,23.267191392004168,4467245.4,2390577.95,0.18400041331958167,58.0906353599562
2026-05-11,6409,809.0,809.0,747.0,764.0,2494620.0,1908600215.0,791.4,781.4,776.1,816.8833333333333,945.225,1093.7708333333333,47.05882352941176,48.33948339483395,0.4457549104812415,-4.324978651176465,4.770733561657707,21.602109917946503,20.065104126242872,21.002706255583977,,825.9076299375299,776.1,726.2923700624701,1495466.8,1022408.4,1.6681212849392577,765.0865522604645
2026-05-11,6411,86.5,86.7,81.0,82.6,1078749.0,90710362.0,80.97999999999999,79.26,78.585,79.38833333333332,80.19416666666666,80.59708333333334,78.26086956521736,78.26086956521736,0.6160224876894489,0.07146634227289646,0.5445561454165524,25.575834133145914,14.273313811760884,15.390951462509813,,81.97245363145625,78.585,75.19754636854374,804556.8,434657.45,1.3407990585624283,84.08847841342147
2026-05-11,6412,87.0,94.0,87.0,93.6,5494413.0,504498303.0,88.86,84.6,81.715,82.68,87.83833333333334,98.90499999999999,79.43925233644858,74.3827160493827,2.457494942845571,0.9536572156186236,1.5038377272269474,41.58748792295287,11.238982175843958,26.811995493747087,,92.05944168064107,81.715,71.37055831935893,4332648.8,2633758.45,1.2681417889213638,91.8202368478671
2026-05-11,6414,352.0,359.0,342.0,359.0,2116012.0,747920066.0,350.1,335.9,320.5,292.40833333333336,291.57916666666665,293.5,89.36170212765957,81.81818181818181,17.498713855346466,14.079728456352179,3.4189853989942876,39.663975114587686,7.2640177325664705,52.20905103704903,,362.0033289723801,320.5,278.9966710276199,2277974.2,1895749.45,0.9289007750834052,353.45738398458985
2026-05-11,6415,440.0,468.0,425.0,468.0,9060243.0,4150415327.0,435.6,426.6,386.6,313.26666666666665,262.65416666666664,305.825,81.53846153846155,74.11764705882354,39.162830035718684,36.976248608482344,2.186581427236341,40.83475381222386,11.520856845667788,43.44653082710723,,510.01014203822467,386.6,263.1898579617754,3885327.6,7632969.2,2.3319122433845734,458.0909504303582
2026-05-11,6416,84.4,84.8,82.9,83.8,347860.0,29137365.0,85.16,83.09,82.03999999999999,82.07666666666667,82.29583333333333,85.31083333333332,64.28571428571428,55.17241379310343,1.0193692249813324,0.6392043860698959,0.3801648389114365,27.745245192447253,16.16539924162548,18.841241125758483,,86.61425288693685,82.03999999999999,77.46574711306313,405506.2,300985.4,0.857841384422729,83.76175760363364
2026-05-11,6417,138.0,138.0,123.0,124.5,420626.0,53913040.0,129.3,122.8,120.475,111.875,110.6875,110.09375,55.26315789473684,55.26315789473684,4.538166751820185,3.5412126520500156,0.9969540997701696,36.5566254505762,17.865247641702002,41.07788217896726,,134.97536297186332,120.475,105.97463702813667,844803.8,304590.8,0.4978978550996101,128.17334163841514
2026-05-11,6418,31.0,31.0,30.0,30.0,242524.0,7359082.0,31.709999999999997,32.834999999999994,32.155,31.961666666666666,32.98083333333334,33.49041666666667,16.12903225806447,16.12903225806447,0.23229540203535493,0.52230537194873,-0.290009969913375,19.173569465069008,20.596430111769152,25.367029394058584,,36.790889740299114,32.155,27.51911025970089,281891.4,327177.0,0.8603455089442246,30.34372680641916
2026-05-11,6419,178.5,194.5,177.0,194.5,1184586.0,223940937.0,151.2,151.1,143.925,100.81833333333334,85.40916666666666,77.70458333333333,74.33155080213903,74.33155080213903,14.953944470304407,14.463638008150182,0.4903064621542246,44.33005117854012,9.870736884469887,56.366398809817376,,177.19467166401873,143.925,110.6553283359813,789322.2,643121.9,1.5007635665131427,189.04574003069428
2026-05-11,6423,113.0,113.0,101.5,103.0,420247.0,44134103.0,113.0,111.6,106.92999999999999,93.58333333333334,87.59333333333332,,35.55555555555556,35.55555555555554,5.580780238350712,6.083506112396891,-0.5027258740461784,22.120982272063706,18.695116368318914,44.39518328151422,,123.41055952039407,106.92999999999999,90.44944047960591,230575.0,256145.15,1.822604358668546,105.01943618871759
2026-05-11,6425,94.0,94.9,84.5,89.0,6849580.0,613806131.0,82.92,82.97,83.07000000000001,71.77833333333334,68.88916666666665,67.44458333333333,72.79999999999998,72.79999999999998,3.2799801381439266,3.572860971007654,-0.29288083286372757,28.684776132206892,2.5745720545981796,58.942404973744026,,89.7629971258263,83.07000000000001,76.37700287417371,2806548.2,3535884.3,2.440570947614582,89.61222892498517
2026-05-11,6426,262.0,268.5,245.5,260.0,6010063.0,1546595533.0,248.5,231.9,228.425,171.9316666666667,125.77583333333334,99.31458333333333,81.73913043478261,53.81818181818181,19.54459858053417,18.417405541223534,1.1271930393106366,32.943364268871896,12.267728486072077,26.683040944969818,,268.7777537702494,228.425,188.07224622975065,4655288.2,3946407.95,1.2910184593942002,257.33432960686105
2026-05-11,6431,18.9,21.0,18.9,20.15,268141.0,5343423.0,19.860000000000003,19.744999999999997,20.4375,23.39833333333333,22.2325,19.601458333333333,62.2641509433962,40.3361344537815,-0.772670948632058,-0.922418972535655,0.14974802390359698,24.14095620381532,28.693109869380756,14.011693670631825,,22.215693938863353,20.4375,18.659306061136647,286011.8,164879.2,0.9375172632737531,19.927661193178217
2026-05-11,6432,50.1,54.5,50.0,51.1,4732470.0,251558495.0,45.07,41.955,40.802499999999995,36.17166666666667,34.21083333333333,33.23041666666666,87.69230769230766,87.69230769230766,2.4331802016251984,1.597112244114014,0.8360679575111845,41.276652498754885,6.004541623472905,52.34981098356874,,46.94531565819175,40.802499999999995,34.65968434180824,2758553.0,1671449.45,1.7155624706141226,53.15585624420229
2026-05-11,6435,250.5,250.5,226.5,228.0,1215899.0,285817983.0,217.6,205.7,194.95,164.05833333333334,151.27916666666667,144.88958333333332,80.17241379310344,80.17241379310344,14.474748675318438,12.1729984671867,2.301750208131738,41.818222835512586,8.416843228355713,50.62117132336608,,227.1841760444276,194.95,162.71582395557238,1159762.4,1189596.45,1.0484035350689074,235.06720788486544
2026-05-11,6438,171.0,175.0,170.0,171.0,996975.0,171494515.0,175.1,175.2,177.025,164.13333333333333,154.62083333333334,161.62083333333334,34.375,35.1063829787234,1.350175524224312,2.8515493306888993,-1.5013738064645872,17.869051088414057,21.445371828980335,10.648664620989168,,185.66075797423022,177.025,168.3892420257698,2035728.6,2772168.35,0.48973866162709506,172.01485995135283
2026-05-11,6441,25.6,25.8,24.6,24.8,308481.0,7728029.0,27.1,28.139999999999997,26.93,22.77333333333333,22.211666666666666,21.930833333333332,26.53061224489798,26.53061224489798,1.4164565029954481,1.8679408076762962,-0.4514843046808481,25.109263392504765,16.10313087555065,49.718812045622784,,33.49909831191308,26.93,20.36090168808692,725140.8,1149655.85,0.4254084172342805,25.05188001854247
2026-05-11,6442,1935.0,1990.0,1870.0,1950.0,3829499.0,7360427900.0,2026.0,2001.0,2074.25,1940.1666666666667,1500.375,1036.4604166666666,15.217391304347828,31.89655172413792,-0.416848233833889,18.861531400059572,-19.27837963389346,21.90699128833854,27.205256296352804,14.988120762999522,,2367.9966685141553,2074.25,1780.5033314858447,2307118.4,2859015.25,1.659862363370688,1922.0341616488215
2026-05-11,6443,40.5,41.4,40.0,41.4,4246941.0,173231214.0,39.38,37.654999999999994,38.0775,41.355000000000004,28.863333333333333,22.167916666666667,96.18320610687023,58.84615384615385,-0.32122328142825296,-0.9058087442867877,0.5845854628585347,29.809377516106995,24.445849154406034,20.223343142980887,,41.961132998000515,38.0775,34.193867001999486,3253294.2,7640097.75,1.3054278952084934,40.78964459360278
2026-05-11,6446,725.0,729.0,700.0,706.0,3751873.0,2667382066.0,678.2,657.3,651.45,668.55,586.1125,550.525,69.91150442477876,60.909090909090914,10.614075405893914,2.318000530458329,8.296074875435584,36.12089504252815,16.569497926537682,13.66987084506725,,703.9675659836007,651.45,598.9324340163994,2980126.0,1991836.9,1.2589645538477232,710.9467900432664
2026-05-11,6449,186.0,186.0,176.5,180.5,1340939.0,243072149.0,177.1,170.1,170.975,165.81666666666666,172.30833333333334,148.62458333333333,86.53846153846153,53.98230088495575,3.664892970292698,2.1343606171908833,1.5305323531018145,29.966790104680456,12.62373551037768,22.2640576877489,,185.30742551184534,170.975,156.64257448815465,1687621.6,1241265.55,0.7945732621578202,181.27010177196726
2026-05-11,6451,423.0,468.0,423.0,455.5,3986111.0,1801048517.0,477.0,447.2,460.175,308.28333333333336,230.28333333333333,188.35625,55.8472553699284,44.24581005586592,33.159651637737,39.74440161189746,-6.584749974160459,35.122029552158665,20.807722027677567,38.87936927209638,,540.5447213213014,460.175,379.80527867869864,7289412.2,3532318.4,0.5468357242851488,451.8309994377979
2026-05-11,6456,65.4,67.9,63.9,66.6,6519578.0,429193986.0,71.32,74.1,74.145,58.54416666666667,52.88,50.85541666666667,26.923076923076906,30.71748878923765,2.5606851571307914,4.539938697435536,-1.9792535403047449,24.20163517424225,29.270538385900462,28.612770130084584,,87.44390775095607,74.145,60.84609224904392,10526353.0,14583408.45,0.6193577205704578,65.8315593432581
2026-05-11,6461,16.55,16.6,16.15,16.2,237146.0,3865726.0,16.9,17.35,17.685,19.353333333333335,19.626666666666665,19.763333333333332,14.583333333333371,14.583333333333371,-0.5956476599099467,-0.5240498519433096,-0.07159780796663717,14.128207104644346,24.229554596208867,13.185579139787816,,18.745337582788384,17.685,16.624662417211614,224992.4,160399.6,1.0540178246020755,16.301038179012085
2026-05-11,6462,131.5,140.0,128.5,134.0,5419001.0,732124443.0,128.5,125.4,122.975,111.91000000000001,109.955,108.97749999999999,85.29411764705883,85.29411764705883,5.057002663662132,4.531048415783124,0.5259542478790085,22.342987501693752,2.851886558432534,54.770122565151134,,133.33928584383065,122.975,112.61071415616934,2824707.0,3786210.05,1.9184294158650792,135.10321238176556
2026-05-11,6464,77.0,77.0,75.6,76.5,16097.0,1226880.0,76.32000000000001,76.12,76.23499999999999,76.50166666666665,,,75.0,52.380952380952415,-0.07295956508531276,-0.12636318516104544,0.05340362007573268,18.770233254232206,26.02092465913363,12.970695304867222,,76.83771316386634,76.23499999999999,75.63228683613363,37021.8,38697.1,0.43479787584612306,76.21792880660993
2026-05-11,6465,48.3,49.4,45.3,45.3,1003598.0,47833583.0,47.82000000000001,46.480000000000004,46.745,40.791666666666664,37.895833333333336,36.447916666666664,50.50505050505048,50.50505050505048,1.1887323877183746,1.3862540887922639,-0.19752170107388922,18.176477751941082,16.562293269118513,18.72511147612832,,50.42351514666022,46.745,43.06648485333977,515389.4,471449.0,1.9472616239294016,47.66209478297087
2026-05-11,6469,72.3,72.3,70.0,70.1,905969.0,64086134.0,75.53999999999999,76.28,77.645,84.01333333333334,90.15666666666667,93.22833333333332,12.765957446808414,12.765957446808414,-2.0399149621375585,-1.8531944554755955,-0.18672050666196305,9.688888794479656,34.496623213382776,38.85019668144012,,82.65003956554118,77.645,72.63996043445881,706431.6,564015.5,1.2824582026058857,70.73766762438892
2026-05-11,6470,46.2,46.9,46.2,46.4,72457.0,3364499.0,47.6,47.73,47.67,50.32833333333333,51.91416666666667,52.70708333333334,28.57142857142857,28.57142857142857,-0.5002689350790632,-0.5784429683052719,0.07817403322620864,14.279955455052248,27.01227009637501,34.13644286293216,,48.81680333742843,47.67,46.52319666257157,91554.0,66161.3,0.7914127181772506,46.43442317512456
2026-05-11,6472,419.0,419.0,402.0,408.5,1417323.0,578009054.0,411.7,410.35,413.8,471.46666666666664,522.5583333333333,638.3708333333333,50.98039215686275,49.63503649635037,-10.647439480047979,-13.868876007435354,3.2214365273873753,22.20036780384876,23.90381912130198,21.605664426373444,,426.7020602191027,413.8,400.89793978089733,1085427.4,841519.1,1.3057741125753783,407.8174516324084
2026-05-11,6474,38.9,38.95,38.0,38.0,74371.0,2849275.0,39.67,38.96,38.035,36.638333333333335,36.06916666666667,35.78458333333333,53.28947368421052,53.28947368421052,0.8305325200374583,0.7418416626734007,0.08869085736405757,22.801370007498015,11.958141238998012,61.165179972194274,,40.89343166420804,38.035,35.176568335791956,103498.0,107017.9,0.7185742719666081,38.311640289897944
2026-05-11,6477,35.0,35.25,34.5,34.5,921067.0,32077658.0,35.22,34.459999999999994,34.3575,35.145,35.86958333333334,34.795833333333334,58.088235294117666,49.777777777777786,0.07594896610183355,-0.11787427565918596,0.1938232417610195,27.050780440887795,13.51908709043626,18.68781968076925,,36.21994745598764,34.3575,32.49505254401236,1312385.6,861192.5,0.7018265058683971,34.82662824745648
2026-05-11,6482,28.4,29.2,28.4,28.65,27000.0,774850.0,29.619999999999997,29.615,30.085,32.4175,34.08375,34.916875,31.99999999999993,31.99999999999993,-0.6925609817384171,-0.7431271950486502,0.050566213310233143,13.97934580399276,23.101121425902356,15.322869705703797,,31.935490688837465,30.085,28.234509311162537,14521.0,16186.35,1.8593760760278217,28.69814814814815
2026-05-11,6485,98.2,98.2,98.2,98.2,1408404.0,138305225.0,87.84,87.63,85.345,87.06333333333333,90.68166666666667,92.49083333333333,65.77380952380953,65.77380952380953,1.37496121522274,0.549899150023232,0.825062065199508,29.104028893698054,18.13609534560113,21.82725222547024,,95.36360900104343,85.345,75.32639099895657,1393615.0,1282141.6,1.0106119695898796,98.19996606087457
2026-05-11,6486,82.9,83.1,82.0,82.0,170474.0,14057484.0,83.5,84.09,85.305,83.85,81.575,80.43749999999999,26.31578947368419,26.31578947368419,-0.5755312966418415,-0.18264950471355673,-0.3928817919282848,12.367886484779776,24.303010059157746,20.597314575269856,,89.1687178713607,85.305,81.44128212863932,205581.0,215912.55,0.8292303277053813,82.46116123279796
2026-05-11,6488,797.0,797.0,710.0,710.0,3847642.0,2804824258.0,765.6,675.4,608.675,513.6333333333333,494.31666666666666,484.65833333333336,63.655462184873954,63.655462184873954,68.70774933182463,51.51220932551051,17.19554000631412,38.09207756046406,21.910828348242834,41.26097080038551,,810.732385022437,608.675,406.6176149775628,16349342.8,10483904.7,0.23533924556282468,728.9722531358167
2026-05-11,6491,286.0,288.0,284.0,285.5,461959.0,131954175.0,282.5,282.1,285.175,285.2,296.96666666666664,308.34583333333336,80.0,46.15384615384615,-0.9770051364313304,-0.9312107463618583,-0.04579439006947206,18.81348901961937,14.728332216171589,9.32427684261822,,294.20870880296974,285.175,276.1412911970303,411755.6,394819.05,1.1219252391467172,285.64044644654615
2026-05-11,6492,48.3,48.8,47.65,47.85,298727.0,14397703.0,50.45,50.255,51.0975,53.49666666666667,57.74833333333333,59.87416666666666,39.593908629441636,39.593908629441636,-0.7785775567042563,-0.7913878188930727,0.012810262188816424,15.643163470013235,18.337449162586893,17.74704365113314,,55.09966717607635,51.0975,47.09533282392364,354462.2,347664.75,0.8427612309577721,48.196858670290936
2026-05-11,6494,54.4,55.8,52.1,52.1,520010.0,28069110.0,54.419999999999995,53.89,53.720000000000006,47.123333333333335,42.461666666666666,40.130833333333335,44.66019417475727,44.66019417475727,1.4824807896821355,1.807248663866137,-0.32476787418400144,25.25751224476126,13.790306289111786,46.000274124137306,,55.662976555375046,53.720000000000006,51.777023444624966,662897.4,380355.95,0.7844502030027573,53.9780196534682
2026-05-11,6496,23.75,24.0,23.55,23.8,19048.0,452321.0,24.339999999999996,24.765,25.317500000000003,,,,20.0,20.0,-0.604404951120685,-0.4949987935784361,-0.10940615754224892,8.357607337654546,17.645012076885063,28.26266124444125,,26.902055391734113,25.317500000000003,23.732944608265893,13870.2,12470.85,1.3733039177517266,23.74637757244855
2026-05-11,6498,111.5,114.0,103.5,105.0,1436863.0,156358684.0,97.96000000000001,93.43,91.935,88.95,86.825,85.76250000000002,83.73983739837398,83.73983739837398,2.452269450960884,1.1718642946999678,1.2804051562609162,39.51149378579025,4.026884109872027,29.350113747410855,,100.8722726323674,91.935,82.9977273676326,476355.8,195920.65,3.016365078372091,108.81947965811632
2026-05-11,6499,83.9,86.4,82.6,83.6,609756.0,51419740.0,82.52,83.03999999999999,83.42999999999999,90.15,92.125,93.11249999999998,49.01960784313718,49.01960784313717,-1.9283478900143365,-2.2463196767256157,0.31797178671127924,17.252322760539027,15.713804959101859,11.524502560702533,,85.01824630199272,83.42999999999999,81.84175369800727,491907.6,781125.35,1.239574261507649,84.32838709254193
2026-05-11,6504,39.9,41.2,39.9,40.75,93557.0,3793772.0,39.879999999999995,39.58,40.325,40.92999999999999,42.32166666666667,48.94416666666667,72.41379310344819,46.363636363636374,-0.2972147387220474,-0.34267555443178743,0.04546081570974003,28.064382046972767,18.489216200924965,15.071154959723474,,42.259588219481195,40.325,38.39041178051881,55436.4,45592.25,1.6876456624167515,40.550381051123914
2026-05-11,6505,53.5,54.4,53.3,54.0,9349965.0,503327914.0,53.9,53.86,53.864999999999995,53.9325,51.051249999999996,44.79708333333334,36.04651162790699,50.0,-0.19957540963749665,-0.2270411038425956,0.02746569420509895,23.006973006119754,20.632731318131157,9.2774423031881,,56.763475098172925,53.864999999999995,50.966524901827064,10188656.2,11819521.0,0.9176838256648605,53.832063970292936
2026-05-11,6506,19.75,19.75,19.3,19.3,314941.0,6114689.0,17.830000000000002,17.6,17.354999999999997,16.5,16.0,15.75,84.4827586206896,84.4827586206896,0.3798752251089894,0.2847895439058959,0.09508568120309352,43.809214082500134,2.908301423729364,62.1715552921859,,18.374236040013884,17.354999999999997,16.33576395998611,145798.0,138179.85,2.160118794496495,19.415347636541448
2026-05-11,6508,24.15,24.15,23.9,24.0,42105.0,1010672.0,24.51,25.155,25.6125,25.545833333333334,24.472916666666666,23.93645833333333,17.543859649122794,17.543859649122794,-0.48437268363008457,-0.2781173916947645,-0.20625529193532005,13.459567094010449,24.55773415528809,20.55729079350203,,27.101715618335625,25.6125,24.123284381664376,65061.6,69420.5,0.6471559260762109,24.00361002256264
2026-05-11,6509,47.85,47.95,45.75,45.85,3856425.0,179119085.0,43.190000000000005,41.545,41.9225,40.774166666666666,37.51208333333333,35.88104166666667,70.03367003367005,70.03367003367005,0.09546913434424198,-0.2955416907903611,0.39101082513460306,29.986728309143473,8.550157644862782,35.92857214809412,,46.918232389276184,41.9225,36.926767610723815,4842109.6,3400986.8,0.7964348844974514,46.446925585224655
2026-05-11,6510,4200.0,4200.0,3735.0,3735.0,1164546.0,4559503755.0,3685.0,3596.5,3577.25,3620.25,3697.625,3736.3125,62.99559471365639,62.99559471365639,36.45616861143708,9.3631293244056,27.09303928703148,16.76943381597169,8.468789729993905,15.66820285808655,,3881.3184652819946,3577.25,3273.1815347180054,931370.6,1140019.95,1.2503572691686855,3915.2629050290843
2026-05-11,6512,,,,,2021.0,38755.0,,,,,,,59.25925925925925,59.25925925925925,-0.16390083910729203,-0.19425500928376893,0.030354170176476902,18.188739551174855,29.345630623877707,27.457061808033124,,,,,4903.6,6425.55,0.41214617831797046,19.17615042058387
2026-05-11,6515,9790.0,10195.0,9545.0,10090.0,245882.0,2469851705.0,9953.0,10075.0,10000.0,7168.25,4829.25,3016.6583333333333,42.606516290726816,41.28553770086527,640.6596604603128,836.2348174608956,-195.57515700058275,22.82690428623651,17.06659347277705,43.55231957197981,,11351.677320571505,10000.0,8648.322679428495,343036.0,375778.9,0.7167819121025198,10044.865850285909
2026-05-11,6516,56.2,57.8,56.2,56.7,109015.0,6180466.0,58.779999999999994,59.71,60.410000000000004,61.92666666666666,62.56333333333334,62.88166666666667,21.917808219178113,21.917808219178113,-0.8919853610486186,-0.5999386298250707,-0.29204673122354785,4.934166262101737,31.975381227807453,35.49102740221052,,62.87482624561104,60.410000000000004,57.94517375438897,148741.6,90608.6,0.7329153377400808,56.69372104756226
2026-05-11,6517,58.2,62.4,58.1,60.0,1178630.0,71738992.0,58.75999999999999,58.44,58.529999999999994,59.98833333333334,62.94416666666667,64.42208333333333,64.55696202531645,64.55696202531645,0.012983581943778688,-0.21266475939812846,0.22564834134190714,15.78609513304537,8.771495128175113,21.46831503343775,,60.43743696867655,58.529999999999994,56.62256303132344,376430.8,216611.75,3.1310668521279346,60.86642288080229
2026-05-11,6523,98.8,98.9,98.6,98.7,31013.0,3064454.0,99.46000000000001,99.65,101.425,111.93333333333334,114.71666666666667,116.10833333333333,41.55844155844158,41.55844155844158,-3.539708757275264,-3.893544830955509,0.3538360736802453,12.350636927746885,45.53411322715568,67.52877344023491,,108.57125407947557,101.425,94.27874592052443,46333.2,66384.55,0.6693472499201437,98.81191758294909
2026-05-11,6525,105.5,111.0,103.0,109.5,1722827.0,186821857.0,106.2,99.03,94.575,85.525,81.56083333333335,76.00916666666667,87.01298701298701,72.95285359801488,5.934675529405254,4.3039562525225605,1.6307192768826937,35.20712429866449,12.635150966334619,37.008030798071054,,109.76251218323023,94.575,79.38748781676978,2264076.0,1074987.8,0.7609404454620782,108.43912766632982
2026-05-11,6526,775.0,782.0,739.0,750.0,3602950.0,2744115133.0,694.8,631.3,580.25,511.8833333333333,490.6666666666667,510.18333333333334,98.53658536585365,76.34408602150538,56.453259627825105,36.3538597945898,20.099399833235303,48.410300440656314,8.701282240752764,38.26056218273321,,747.5579417374485,580.25,412.94205826255154,4870833.6,2535318.55,0.7396988474416372,761.6300900650856
2026-05-11,6527,69.9,71.0,69.9,71.0,25683.0,1818688.0,71.24,69.1,68.925,72.50999999999999,74.25500000000001,75.12750000000001,73.8095238095238,73.8095238095238,-0.32578754123659337,-0.9788138193572364,0.6530262781206431,22.954999554292506,12.328832287139765,49.83738585042356,,72.9829356950624,68.925,64.8670643049376,34093.6,63021.25,0.7533085388460005,70.8129112642604
2026-05-11,6530,116.0,116.5,108.5,109.0,2122143.0,237805107.0,110.7,114.7,117.025,90.845,77.67249999999999,71.08625,32.07547169811322,32.075471698113205,3.667108424277899,6.304873208445844,-2.6377647841679455,15.674231328294287,12.897416762330701,42.13122640606237,,130.641843285161,117.025,103.408156714839,2388968.6,4217487.7,0.8883092896239825,112.05894560357149
2026-05-11,6531,875.0,962.0,875.0,962.0,2885959.0,2700640883.0,932.4,879.9,778.0,564.375,479.60833333333335,384.20416666666665,70.19867549668874,75.73529411764706,107.2473383416841,97.68550769211538,9.56183064956872,39.229746612266005,17.731344095974542,43.53317806582505,,1041.3164995729846,778.0,514.6835004270154,2649749.8,7260560.3,1.0891439637055544,935.7862959938101
2026-05-11,6532,115.0,122.5,109.0,109.0,4692349.0,540188494.0,107.16,102.14000000000001,95.885,75.18666666666668,66.24333333333333,61.77166666666667,60.327868852459005,60.32786885245901,8.154144821019983,7.541416325279895,0.6127284957400878,38.24803206590753,13.379081701663623,58.44688031319272,,115.19469486526052,95.885,76.5753051347395,3579852.0,2074554.25,1.3107661992730426,115.12112462223078
2026-05-11,6533,240.0,260.0,235.5,253.0,1806939.0,453303979.0,244.5,239.0,230.95,215.19166666666666,240.55416666666667,261.49791666666664,78.16091954022988,57.692307692307686,11.199060471453464,10.045263495841139,1.153796975612325,34.79161516130407,10.912507722652135,42.898444092325015,,269.5312880743197,230.95,192.36871192568026,1488013.2,1729114.2,1.214329953524606,250.86844602944538
2026-05-11,6534,95.4,97.8,94.4,97.6,181383.0,17479480.0,95.5,94.95000000000002,96.965,89.91333333333334,93.60666666666665,,81.48148148148147,48.29545454545452,0.9730704501188114,1.3449285485827838,-0.37185809846397233,21.710864588664084,16.555609908841614,18.758454517634327,,102.31123330264617,96.965,91.61876669735383,130693.6,210788.6,1.3878491372186548,96.3677963204931
2026-05-11,6535,128.5,135.0,127.0,132.0,187357.0,24442024.0,134.9,142.5,142.175,154.08333333333334,162.04166666666666,166.02083333333334,6.521739130434767,6.521739130434767,-3.21588031213642,-2.0726597249657353,-1.1432205871706849,16.04803185694382,20.698122731512797,20.86086214228922,,161.11611373372003,142.175,123.23388626628001,141823.8,353061.4,1.3210547171913318,130.45695650549484
2026-05-11,6538,86.5,92.4,85.3,88.8,1490819.0,135061184.0,82.14000000000001,79.45000000000002,76.575,70.63499999999999,67.8675,66.48375,76.17187499999997,76.17187499999997,3.451414568971927,2.5987662967293965,0.8526482722425306,32.39113770792428,3.848172062992101,48.23161262449222,,85.42482902005497,76.575,67.72517097994503,524286.0,362870.7,2.8435224285981318,90.59529292288333
2026-05-11,6541,40.3,41.9,39.65,39.85,615567.0,24837632.0,39.82,39.8,40.25,44.211666666666666,50.71666666666667,52.445416666666674,54.71698113207547,44.954128440367015,-0.8929019030783465,-1.0691095104768598,0.17620760739851327,20.449281375904786,17.52713435106035,19.653084540640684,,41.39661974607334,40.25,39.10338025392666,369050.8,378077.8,1.6679736231434805,40.34919350777413
2026-05-11,6542,46.6,46.65,46.0,46.0,5450.0,252395.0,48.44,48.760000000000005,49.529999999999994,51.55583333333333,51.37791666666667,51.28895833333333,37.394957983193265,37.394957983193265,-1.087889132896656,-0.9448602820927523,-0.1430288508039037,22.37739302272225,31.742730650328767,23.28830637538055,,52.745652508065945,49.529999999999994,46.31434749193404,42813.6,16360.05,0.12729599940205916,46.31100917431193
2026-05-11,6546,70.5,70.5,66.8,66.8,376910.0,25852013.0,67.2,65.1,66.095,67.76833333333333,64.48416666666667,62.842083333333335,58.72340425531914,58.72340425531914,-0.7156129770019106,-1.257790472914208,0.5421774959122974,25.56250957893816,15.461776307511627,24.27646569805906,,73.93886451478568,66.095,58.25113548521432,918336.4,631906.15,0.41042694158698273,68.5893528959168
2026-05-11,6547,49.1,49.85,47.9,47.9,2332964.0,113631108.0,48.43,48.945,49.19,44.98583333333333,41.017916666666665,39.03395833333333,28.9855072463767,28.9855072463767,0.032467984032287234,0.48528972295693534,-0.4528217389246481,11.07700355836244,10.400184190036136,15.173824287774051,,52.46118198499396,49.19,45.91881801500604,1820767.4,3131651.8,1.2813080902041634,48.70675586935761
2026-05-11,6548,50.2,51.2,48.85,49.05,4689570.0,233513473.0,51.61,51.645,52.2625,50.48916666666667,51.84458333333334,52.52229166666667,29.26829268292684,29.26829268292684,0.13359432956347206,0.42293977754342804,-0.289345447979956,10.182749126514526,12.085697033325168,34.159497729003085,,55.11628326916542,52.2625,49.408716730834584,7433228.4,10488677.55,0.6308927625579216,49.794218446467376
2026-05-11,6550,17.85,17.85,16.8,16.9,1938966.0,33022374.0,17.65,17.62,17.965,23.708333333333332,28.06875,33.30770833333333,32.35294117647058,33.333333333333314,-1.151374761297138,-1.4048818741270965,0.25350711282995864,18.155185018377356,33.6269417646692,26.2195518633295,,19.214884205156885,17.965,16.715115794843115,1042984.4,1169021.25,1.8590556100359699,17.03091957259694
2026-05-11,6552,29.55,30.9,29.55,30.5,362678.0,11031406.0,30.880000000000003,31.204999999999995,29.884999999999998,28.83833333333333,27.209999999999997,26.812708333333333,30.681818181818116,59.661016949152554,0.91064723519343,0.98587438882524,-0.07522715363180998,29.194090545180458,25.48358861292,20.421113467433326,,34.06378098568412,29.884999999999998,25.706219014315877,325500.6,574250.85,1.1142160721055507,30.4165292628723
2026-05-11,6556,69.9,70.0,69.6,69.6,10100.0,705050.0,69.82000000000001,69.91,69.505,68.455,68.6275,68.71374999999999,45.23809523809519,45.23809523809519,0.4119380170596685,0.4909476265790043,-0.07900960951933583,19.175137806673455,9.663998143751696,34.356489910536325,,71.17514023993577,69.505,67.83485976006422,13471.6,7955.4,0.7497253481397903,69.8069306930693
2026-05-11,6558,29.8,31.1,29.15,30.2,1071065.0,32532415.0,29.48,29.339999999999996,29.6675,31.3,35.50291666666667,42.786875,82.92682926829262,48.872180451127804,-0.16131176673691883,-0.2746536409351857,0.11334187419826686,26.152674472192235,9.781984275919495,28.626689107544507,,31.127591922125227,29.6675,28.207408077874774,663967.8,617683.65,1.6131279257819429,30.373894208101284
2026-05-11,6560,37.7,38.5,37.45,37.7,62035.0,2343072.0,38.96,38.4,38.269999999999996,39.840833333333336,39.995416666666664,40.07270833333334,49.20634920634925,49.20634920634925,-0.18401962637145175,-0.3615242325858009,0.17750460621434916,18.340805357684527,14.529758809628715,20.40133573426871,,39.558164749188705,38.269999999999996,36.98183525081129,129713.0,64417.55,0.4782481324154094,37.77016200531958
2026-05-11,6561,349.5,350.0,338.0,338.5,167162.0,57208848.0,339.2,338.85,347.225,343.9583333333333,331.9791666666667,325.9895833333333,48.18181818181819,48.18181818181818,-3.946949729494179,-3.1670902289810154,-0.7798595005131634,16.95588388231118,15.535531632111521,23.710604231585275,,376.23765604053347,347.225,318.2123439594666,184148.8,200690.5,0.9077550328864484,342.2359627187997
2026-05-11,6568,217.0,217.0,205.0,207.5,482887.0,101454465.0,232.6,236.85,234.675,198.75,175.125,163.3125,25.925925925925924,25.925925925925924,6.04097286327098,10.115342949801217,-4.074370086530237,14.131391112881936,19.255092416543842,51.65261613378534,,254.07460661565472,234.675,215.2753933843453,913826.8,906800.45,0.5284228915151098,210.09980595874396
2026-05-11,6569,99.1,100.5,97.5,99.1,59110.0,5882335.0,101.12,100.91,100.95500000000001,99.97,102.235,103.3675,45.13888888888887,45.13888888888887,0.3572616853476376,0.5360666466028293,-0.17880496125519174,17.14435396529059,16.904326724757286,20.058043017419045,,103.42884210022417,100.95500000000001,98.48115789977585,113494.6,66907.15,0.5208177305351972,99.51505667399763
2026-05-11,6570,43.75,43.95,42.7,42.7,118606.0,5153643.0,42.8,40.934999999999995,40.144999999999996,39.58166666666667,39.840833333333336,39.970416666666665,67.28971962616825,67.28971962616825,0.8899690316003799,0.45412401835113064,0.43584501324924924,34.64373174343605,9.108171275690424,31.664964914486024,,43.492725072029415,40.144999999999996,36.79727492797058,309737.2,132944.25,0.382924621259571,43.45178996003575
2026-05-11,6573,12.7,12.9,12.25,12.3,192523.0,2405018.0,12.66,12.74,12.764999999999999,13.743333333333334,14.093083333333334,12.180166666666667,33.33333333333337,49.382716049382815,-0.17289139732418057,-0.17808752180788207,0.005196124483701492,19.299708224065625,21.330436097746734,11.004986953603447,,13.609860623821598,12.764999999999999,11.9201393761784,131724.0,181347.2,1.4615635723178768,12.492107436514079
2026-05-11,6574,124.5,124.5,112.5,112.5,203274.0,23835658.0,114.6,108.25,105.76500000000001,94.24833333333335,82.12416666666667,76.06208333333332,61.0,61.0,3.868645545084405,2.9128745864081553,0.9557709586762497,31.4095565567013,11.77526528959535,31.375662819547557,,118.10906313726719,105.76500000000001,93.42093686273284,159990.6,104619.2,1.2705371440572133,117.25876403278333
2026-05-11,6576,78.9,79.3,78.1,79.0,118600.0,9340658.0,79.24000000000001,79.57,78.95500000000001,80.54833333333333,82.27416666666666,83.13708333333334,29.166666666666714,29.166666666666714,0.06846474511591794,0.015658509348817864,0.05280623576710007,23.867398506774894,11.73627592182494,33.16932890198098,,81.74556681659763,78.95500000000001,76.1644331834024,164114.6,162019.85,0.7226657469841196,78.75765598650928
2026-05-11,6577,79.2,79.8,77.6,77.6,70504.0,5527313.0,81.05999999999999,80.07000000000001,79.365,75.78333333333333,73.59166666666668,72.49583333333334,42.35294117647053,42.352941176470516,1.0935700330207823,1.1803109042037219,-0.0867408711829396,22.422887390247336,34.11262548235156,49.95551803841994,,82.13192875528841,79.365,76.59807124471158,36999.6,28255.35,1.9055341138823123,78.39715477136049
2026-05-11,6578,16.6,16.6,16.2,16.2,119170.0,1955964.0,15.4,15.37,15.970000000000002,17.740000000000002,18.720000000000002,19.209999999999997,72.97297297297297,72.97297297297297,-0.6088979657764035,-0.7039474758750197,0.09504951009861617,23.67002658426206,17.04729133006252,40.72603219547834,,18.169138587337354,15.970000000000002,13.77086141266265,217235.6,183354.55,0.5485749112944656,16.413224804900562
2026-05-11,6579,138.0,142.5,138.0,139.0,933884.0,130599192.0,135.7,127.7,122.775,117.125,117.54583333333333,120.41875,87.23404255319149,80.0,5.339270164519547,3.402182837379808,1.9370873271397393,44.838268616726054,11.543758713503422,27.49795445931669,,138.64776714508574,122.775,106.90223285491426,811651.8,423618.7,1.1505968446075028,139.8451970480274
2026-05-11,6581,110.0,110.0,105.5,108.0,47332.0,5085079.0,109.0,108.25,107.95,108.16666666666667,,,55.55555555555556,47.368421052631575,0.24396009135696772,0.053211288524218844,0.19074880283274886,25.160362295084727,25.409416699968585,14.449900298150908,,109.83902648277603,107.95,106.06097351722397,30351.6,24945.15,1.5594565031168044,107.4342727964168
2026-05-11,6582,31.85,32.45,31.1,31.45,116847.0,3701664.0,31.05,31.055,31.595,32.25166666666667,32.781666666666666,34.325624999999995,64.28571428571425,44.15584415584415,-0.3935993466878642,-0.4149941819662803,0.02139483527841607,30.16471332026925,18.499375110153817,20.647673674846082,,33.0778493198114,31.595,30.1121506801886,75601.2,74496.15,1.5455707052269012,31.679580990526073
2026-05-11,6584,667.0,671.0,655.0,658.0,1027554.0,680878285.0,683.8,680.3,675.55,518.15,413.575,361.2875,40.56603773584906,40.56603773584906,31.91872408714721,41.79209459652645,-9.873370509379235,14.01534371368435,13.20059031629853,55.980505267995966,,704.5362036148238,675.55,646.5637963851761,1526203.2,1523277.5,0.6732746989391715,662.6204413587997
2026-05-11,6585,95.0,98.0,93.2,93.6,380370.0,36135305.0,89.1,86.58999999999999,88.45,89.7,91.2925,101.40791666666668,95.14563106796116,57.964601769911496,-0.2866382951592783,-1.041712289057666,0.7550739938983877,32.098036385885905,15.970379438808063,19.800723770860838,,95.94750835805257,88.45,80.95249164194743,340196.6,152978.9,1.1180887757255658,95.00040749796251
2026-05-11,6588,134.0,136.0,128.0,129.0,994645.0,130057483.0,143.2,143.25,145.25,111.47166666666666,88.73583333333335,77.36791666666666,39.82300884955752,39.823008849557525,5.209264809438025,8.057547236954575,-2.8482824275165495,17.51906600816695,16.336933995761765,45.592661450778465,,159.92364267909244,145.25,130.57635732090756,2331197.6,4708181.95,0.4266669629378479,130.75769043226478
2026-05-11,6590,67.2,67.2,67.0,67.2,6475.0,434978.0,69.36,69.78,69.975,71.095,71.29749999999999,71.39875,23.728813559322106,23.728813559322106,-0.511500922058346,-0.37189944548899817,-0.1396014765693478,12.346414841962895,27.49822494495568,14.005221107525303,,71.46019004631879,69.975,68.4898099536812,27717.0,12833.8,0.23361114117689505,67.1780694980695
2026-05-11,6591,56.9,56.9,55.5,56.4,608980.0,34323765.0,57.48,57.6,57.775,62.333333333333336,70.42916666666666,69.85437500000002,44.82758620689655,44.915254237288124,-1.0976428809875785,-1.3128241153026865,0.21518123431510805,16.393762990568174,27.71403337777487,28.380133495929492,,59.284095232599704,57.775,56.26590476740029,442183.6,348803.1,1.3772107332791177,56.36271306118427
2026-05-11,6592,60.9,61.1,60.6,60.9,628828.0,38238485.0,61.36,61.510000000000005,62.565,62.07666666666667,62.375,65.58083333333335,45.714285714285644,30.95238095238095,-0.44387423589309094,-0.23908173171339928,-0.20479250417969166,15.001709479411653,23.85835705371333,16.0969536358614,,65.18096314154356,62.565,59.94903685845644,663879.0,575796.3,0.9472027282080018,60.80913222693646
2026-05-11,6593,35.25,35.25,34.8,35.0,121577.0,4256887.0,35.33,35.61,36.2325,37.26333333333333,36.306666666666665,35.82833333333333,25.0000000000001,25.0000000000001,-0.6255186254018099,-0.5575890970343141,-0.06792952836749577,12.705187819465982,19.461673592419405,31.66149527245624,,38.17598439122813,36.2325,34.28901560877188,102672.6,64491.15,1.1841231253518465,35.01391710603157
2026-05-11,6596,98.9,98.9,97.3,97.5,219286.0,21465256.0,98.16,99.06,99.83,124.07666666666665,134.78833333333333,140.14416666666665,25.49019607843134,25.49019607843134,-5.400725262155959,-6.67634895200077,1.275623689844811,7.29219854194618,28.04170993402712,64.50912861078291,,102.54068062922845,99.83,97.11931937077155,241273.4,255531.35,0.9088693573348741,97.88703337194349
2026-05-11,6597,77.0,79.0,73.0,73.0,41127.0,3146529.0,71.84,67.74,63.980000000000004,,,,66.7721518987342,66.7721518987342,3.0565594100847306,2.0333350050751013,1.0232244050096293,42.891608968585295,13.511424055372947,40.68083444610486,,75.20864757287313,63.980000000000004,52.751352427126875,88231.2,36536.0,0.46612762832195415,76.50762272959369
2026-05-11,6598,22.7,23.2,22.55,22.7,183951.0,4195271.0,22.65,22.3,22.380000000000003,23.463333333333335,22.76375,21.532499999999995,80.48780487804882,50.0,-0.16018049502301324,-0.2855221110743211,0.1253416160513079,27.383763371663623,19.392638799958267,12.553202611830148,,23.221302248709772,22.380000000000003,21.538697751290233,138627.2,137783.75,1.3269473811777197,22.806459328843008
2026-05-11,6603,22.65,22.65,21.7,21.8,1222626.0,26913815.0,24.02,24.585,24.79,24.0375,24.69375,25.021875,16.981132075471734,16.981132075471734,0.04583960301620138,0.3419911541704608,-0.2961515511542594,12.470866765608312,27.38513811519229,31.343244532424922,,27.02526755728069,24.79,22.55473244271931,1560035.0,2522043.1,0.7837170319896669,22.01312175595808
2026-05-11,6605,131.5,131.5,128.5,129.0,297228.0,38366783.0,128.9,127.2,128.675,137.775,138.03333333333333,153.2,66.66666666666666,50.0,-1.731160379502569,-2.37637421567879,0.6452138361762212,19.543402624854743,17.582229779142327,25.024385588224273,,133.84856641724156,128.675,123.50143358275848,532671.2,457055.2,0.557995251104246,129.0819942939427
2026-05-11,6606,25.4,25.45,25.05,25.2,93042.0,2346360.0,24.82,24.52,24.485,24.8,24.961666666666666,24.965833333333332,84.37499999999983,58.33333333333333,0.11226760436160887,-0.014366636012731783,0.12663424037434065,29.829096001561805,14.393700869455314,17.822285570057645,,25.25966461333797,24.485,23.710335386662027,208274.8,94070.75,0.44672711244951385,25.218288514864255
2026-05-11,6609,40.8,42.6,40.8,41.1,514198.0,21499885.0,42.78,41.235,40.12,38.774166666666666,39.46208333333334,39.806041666666665,61.33333333333336,61.33333333333335,1.1564807003177222,0.9084573968504914,0.24802330346723078,20.088185346109743,14.520126008944187,39.92742368407155,,43.60672671109949,40.12,36.633273288900504,1333108.2,959377.0,0.38571362774604495,41.812463292350415
2026-05-11,6612,67.0,67.2,66.9,66.9,35189.0,2358924.0,67.84,67.94000000000001,68.61999999999999,70.74666666666667,74.42333333333333,76.26166666666667,32.258064516129096,32.25806451612908,-0.6185299557554913,-0.6321722005728395,0.013642244817348215,8.756344280166314,23.850481197890964,26.65119308848678,,71.17103694087028,68.61999999999999,66.0689630591297,42136.6,21650.9,0.8351172140134705,67.03583506209327
2026-05-11,6613,256.0,264.5,250.0,252.5,753232.0,192939182.0,246.6,237.55,234.725,210.90833333333333,204.20416666666668,200.85208333333333,84.50704225352112,84.50704225352112,8.698368528279161,7.575234620352603,1.123133907926558,25.07846446144186,8.415550248615245,31.912465567050095,,250.96489564394855,234.725,218.48510435605144,690088.0,517986.75,1.091501373737842,256.14841376893173
2026-05-11,6615,32.8,32.8,32.7,32.75,15013.0,492927.0,32.65,33.0,33.265,34.10916666666667,34.70458333333333,35.002291666666665,18.18181818181789,18.18181818181789,-0.36216386767957687,-0.3216859107175433,-0.040477956962033546,16.307634624643104,12.937005143302082,16.180418170515903,,34.0794096990429,33.265,32.4505903009571,12947.4,14970.85,1.1595378222654742,32.833344434823154
2026-05-11,6616,9.39,9.68,9.35,9.65,38001.0,362189.0,10.018,9.96,9.955,10.073666666666666,10.061833333333333,10.055916666666667,41.304347826086925,41.304347826086925,-0.027285254227759737,-0.03009799160353554,0.002812737375775802,18.690955998521638,22.051243364004016,27.117929410690625,,10.244645881797245,9.955,9.665354118202755,74264.6,36370.25,0.5116973632120821,9.53103865687745
2026-05-11,6617,64.0,64.0,61.7,62.3,150839.0,9465255.0,63.46,68.57000000000001,69.65,71.95166666666667,73.92583333333333,74.91291666666666,10.625,10.625,-1.8399651711459626,-0.7042137551406409,-1.1357514160053217,14.130178810730298,28.23690480636361,32.65205826563905,,79.83264777891645,69.65,59.46735222108355,139050.2,233924.6,1.0847808920807016,62.750714337803885
2026-05-11,6620,69.6,70.3,69.0,70.0,401594.0,27907600.0,70.56,72.72999999999999,74.83,75.77166666666668,77.98583333333333,79.09291666666668,0.0,0.0,-1.2236064842371945,-0.6297226587562417,-0.5938838254809529,12.85585317123831,19.167115550481867,25.207394435755337,,82.01539454287955,74.83,67.64460545712045,436031.2,387618.05,0.9210212480207838,69.49207408477218
2026-05-11,6624,46.95,46.95,45.0,46.65,42352.0,1938680.0,49.300000000000004,49.690000000000005,51.61999999999999,57.96333333333333,60.13166666666667,61.21583333333333,18.446601941747517,18.446601941747517,-2.4184578512027386,-2.4158857869297905,-0.0025720642729480936,5.837673247603592,33.25253786147505,47.34393974810134,,58.45446374903254,51.61999999999999,44.78553625096744,93710.4,35629.2,0.45194556847479045,45.775406120136005
2026-05-11,6625,74.0,74.0,73.1,73.4,220060.0,16151243.0,73.78,73.61,75.53999999999999,78.98166666666665,80.77416666666666,83.61708333333334,54.54545454545466,34.54545454545456,-1.2984520503809023,-1.3447962863037406,0.04634423592283832,21.788600207629194,23.454360320553526,11.120742751288574,,81.59740955576893,75.53999999999999,69.48259044423105,187267.4,272232.45,1.1751110978205497,73.39472416613651
2026-05-11,6629,137.0,137.0,126.5,130.0,208663.0,27473167.0,121.2,119.25,118.1,116.7,122.35,125.175,93.10344827586206,93.10344827586206,1.9338624132126796,1.130287626296869,0.8035747869158105,36.85013584202371,9.351628189459575,23.533985941709062,,123.99915248150114,118.1,112.20084751849885,78812.2,50323.5,2.6475977069539995,131.6628582930371
2026-05-11,6637,66.7,66.9,65.6,65.8,47210.0,3121597.0,70.53999999999999,71.4,71.80999999999999,73.575,75.2875,76.14375,13.483146067415746,13.483146067415746,-0.7954403527302105,-0.45296752881158886,-0.34247282391862166,7.5511946477784555,41.33820629641444,19.99266729577261,,74.70965515191031,71.80999999999999,68.91034484808966,50062.6,30497.75,0.9430193397865873,66.12152086422368
2026-05-11,6640,1495.0,1530.0,1350.0,1370.0,877562.0,1258481550.0,1395.0,1430.0,1492.0,1173.35,986.675,893.3375,28.57142857142857,28.57142857142857,19.636394025581467,53.01348601135265,-33.37709198577118,22.66070180183086,15.079713652769374,38.450864482572385,,1694.7287531861732,1492.0,1289.2712468138268,439343.2,642359.65,1.9974407251551862,1434.0656842479507
2026-05-11,6641,19.05,19.5,19.0,19.1,48957.0,939771.0,19.1,18.735,18.5475,19.839999999999996,19.95125,21.0775,66.66666666666674,57.608695652173935,0.01644225435517299,-0.14037463806161005,0.15681689241678304,34.12374388336957,8.908907075163384,36.54459799786872,,19.489767701373147,18.5475,17.605232298626852,228084.0,102224.25,0.21464460461935075,19.195845333660152
2026-05-11,6642,63.8,69.8,63.8,69.8,536014.0,36807973.0,65.28,61.24000000000001,59.36,56.78,55.64,55.07000000000001,75.60975609756096,75.60975609756096,2.5173456305286663,1.3682515311538666,1.1490940993747998,30.092856088423254,10.564940671893144,27.431653320589124,,67.03261706535513,59.36,51.687382934644866,845836.4,377254.35,0.6337088354201829,68.66979780378871
2026-05-11,6643,645.0,666.0,607.0,619.0,1776001.0,1125684703.0,631.4,595.1,558.75,494.3333333333333,482.4166666666667,476.4583333333333,76.69172932330827,76.69172932330827,39.14495548204616,32.27154739686449,6.873408085181666,25.709292735123633,8.113111831879323,47.99891603348092,,662.4821956822109,558.75,455.0178043177891,925032.6,996232.25,1.919933416400676,633.8311200275225
2026-05-11,6645,12.95,12.95,12.7,12.95,20292.0,260839.0,12.89,12.895,13.0425,14.880833333333333,17.53166666666667,18.907499999999995,57.142857142857,43.24324324324325,-0.36912698677363487,-0.46624457848760065,0.09711759171396578,22.074260112181147,17.254773258404256,11.846691896642804,,13.424013606021457,13.0425,12.660986393978543,41823.4,48747.95,0.48518293586843725,12.85427754780209
2026-05-11,6649,39.6,39.8,39.05,39.05,70901.0,2800358.0,39.43,39.875,40.04,42.23916666666666,45.29458333333333,46.822291666666665,6.250000000000057,6.250000000000057,-0.5661004249130883,-0.5567609010263406,-0.009339523886747747,6.856792099966932,9.866216292525552,20.6459758893741,,41.12317272763592,40.04,38.95682727236408,47146.6,66617.8,1.5038412101827068,39.496734883852135
2026-05-11,6651,132.0,132.5,118.5,118.5,911105.0,113078583.0,115.4,111.1,105.545,99.17333333333335,99.28666666666666,99.34333333333333,60.952380952380956,60.952380952380956,5.341776224570225,4.0713122169266205,1.2704640076436045,38.10393275138904,11.553383963665441,42.65469188499894,,123.37737446184227,105.545,87.71262553815774,835204.0,528987.0,1.09087719886399,124.11147233304614
2026-05-11,6654,99.0,101.0,95.3,95.3,74223.0,7199720.0,91.25999999999999,90.72,89.63000000000001,,,,72.88135593220336,72.88135593220335,0.5436942461611096,0.09010939992359478,0.4535848462375148,40.46882055331166,11.371063920599092,25.309335996518644,,93.53524613416629,89.63000000000001,85.72475386583373,36448.6,26471.7,2.036374510955153,97.00119908923111
2026-05-11,6655,138.0,138.5,137.0,138.5,7280.0,1010622.0,138.1,137.95,137.425,,,,80.0,51.515151515151516,2.0781151834761147,2.4351971188509434,-0.3570819353748287,23.50103698183682,18.077261034568746,22.721637185513302,,141.6957696828821,137.425,133.15423031711794,7438.4,9205.75,0.9787050978705099,138.8217032967033
2026-05-11,6657,41.0,41.0,38.7,39.9,409893.0,16297104.0,40.94,41.47,42.927499999999995,45.34916666666666,45.22541666666667,53.255625,7.843137254902061,17.557251908396935,-0.9695577695145232,-0.7666425123856624,-0.20291525712886083,22.716231839556862,30.82967444126799,11.064792878804532,,47.421528201256294,42.927499999999995,38.433471798743696,304894.0,383261.45,1.3443787021063058,39.75941038270963
2026-05-11,6658,166.0,176.5,166.0,176.5,570562.0,99583968.0,162.5,150.7,118.67,80.57833333333333,66.98708333333333,68.63520833333334,78.72340425531915,91.34199134199135,24.963652105652997,20.084886337521787,4.87876576813121,54.352867564471374,1.462806316262981,75.09497469336095,,189.4184528378351,118.67,47.921547162164885,658016.4,2309974.9,0.8670938900610987,174.53662879757152
2026-05-11,6661,17.35,17.35,17.2,17.2,4000.0,69250.0,17.729999999999997,17.880000000000003,18.0825,,,,21.428571428571303,21.428571428571303,-0.24933961902293333,-0.20692978634921716,-0.042409832673716175,11.505474961061731,19.61780077764735,21.719899199151794,,18.789066940993745,18.0825,17.375933059006254,10260.4,6265.9,0.389848348992242,17.3125
2026-05-11,6662,29.85,29.85,29.5,29.5,5000.0,148100.0,29.439999999999998,30.029999999999994,30.339999999999996,30.070833333333333,30.235416666666666,30.317708333333332,24.137931034482747,24.137931034482747,-0.188372465574961,-0.003689315529805167,-0.18468315004515584,15.439694417596744,18.253496251392516,19.18278111511193,,31.77549001353104,30.339999999999996,28.904509986468952,16434.2,10396.5,0.30424358958756736,29.62
2026-05-11,6664,446.0,448.5,417.5,417.5,3406847.0,1455549376.0,443.9,454.0,451.4,351.2916666666667,319.8958333333333,304.1979166666667,21.686746987951807,21.686746987951807,21.403956518922087,30.66643459498052,-9.262478076058432,12.317406035315164,9.320204957547576,54.901477832557305,,484.86891723753087,451.4,417.9310827624691,2098454.6,3793816.4,1.6235028387080663,427.2423669158022
2026-05-11,6666,42.2,42.2,41.05,41.55,31259.0,1295158.0,41.1,40.85,41.3625,42.19916666666666,44.73708333333333,,93.74999999999991,48.979591836734656,-0.17212985257589253,-0.2454652552642617,0.07333540268836916,22.700910425402512,17.594196725066315,11.257585024270242,,42.780012647304176,41.3625,39.94498735269582,24552.2,22763.35,1.2731649302302848,41.43312326050098
2026-05-11,6667,255.0,256.0,248.5,248.5,464644.0,117443084.0,261.6,263.85,269.0,255.38333333333333,248.19166666666666,244.59583333333333,23.07692307692308,23.07692307692308,0.13644491613712262,2.419164186151301,-2.2827192700141783,13.408122955377785,21.618917535340454,17.590755998484752,,290.8824611335915,269.0,247.11753886640847,655992.4,975022.0,0.70830698648338,252.7592823753239
2026-05-11,6668,37.05,37.5,36.5,36.6,277047.0,10226494.0,37.25,35.78,36.0775,35.8875,37.55083333333334,40.421875,70.9677419354839,39.22413793103449,0.42061220766223784,0.24174316875823093,0.1788690389040069,33.648631744449,22.630052511271217,19.884215677625832,,39.516666820764414,36.0775,32.63833317923559,658224.4,689259.05,0.42090053179432424,36.91248777283277
2026-05-11,6669,5290.0,5345.0,5115.0,5340.0,2206874.0,11601970360.0,5029.0,4921.5,4463.75,3977.5833333333335,4077.4166666666665,3337.7708333333335,81.51658767772511,77.53036437246963,353.54161393638424,279.33673815372765,74.20487578265659,34.495617459651974,8.93467424814165,38.11234164116325,,5548.62144520979,4463.75,3378.8785547902094,2622513.6,2775005.8,0.8415109839659173,5257.196541352157
2026-05-11,6670,254.5,263.0,254.0,262.5,471826.0,122828662.0,257.9,255.4,257.775,266.025,257.8125,277.72291666666666,78.04878048780488,50.0,-1.95593181344384,-2.825828765302731,0.869896951858891,20.72638734954498,21.046180713892856,15.394756512581655,,267.0058122468528,257.775,248.54418775314716,434672.8,432011.95,1.0854739473001302,260.32618380504675
2026-05-11,6671,30.05,30.1,29.6,29.7,32044.0,955550.0,29.9,29.9,30.827500000000004,33.1425,,,59.09090909090908,28.70370370370371,-0.6574771687187848,-0.6859818607569345,0.028504692038149648,26.261516568539246,14.242878401216853,21.016189494924067,,33.189139706911426,30.827500000000004,28.465860293088582,37085.0,39093.15,0.8640690306053661,29.81993508925228
2026-05-11,6672,208.0,211.0,197.0,209.0,5447945.0,1111598447.0,215.6,214.3,195.825,137.76833333333335,113.75166666666665,97.64750000000001,38.372093023255815,60.0,21.085726532206053,22.85968853767557,-1.7739620054695173,32.185398397509694,16.256998892419418,64.40324401111837,,245.9251890951352,195.825,145.72481090486477,6423480.4,9395274.1,0.8481297771220723,204.03995396429295
2026-05-11,6674,18.25,18.3,18.05,18.1,17261.0,313770.0,18.37,18.55,18.770000000000003,19.13,19.86708333333333,21.842499999999998,23.809523809523867,42.10526315789474,-0.14159037619187842,-0.0931625347096155,-0.04842784148226292,22.381975971425845,24.829547200743082,12.601470573453499,,19.59806051139227,18.770000000000003,17.941939488607737,19876.6,40128.55,0.8684080778402745,18.17797346619547
2026-05-11,6679,315.5,322.5,305.0,305.0,494583.0,154863905.0,316.2,301.5,290.3,243.33333333333334,215.41666666666666,201.45833333333334,57.36434108527132,57.36434108527132,17.27950621899072,16.144060917148746,1.1354453018419726,30.79492199902144,9.041852232289644,66.3115109136395,,326.5163092077521,290.3,254.0836907922479,1395125.8,744707.8,0.35450781571095596,313.1201537456807
2026-05-11,6680,54.4,54.4,53.2,53.2,3143.0,168677.0,53.96,53.36,53.64,,,,58.06451612903227,58.06451612903227,-0.9468149692450538,-1.3310375676583879,0.38422259841333406,14.456502948789327,14.745214541876836,39.399994943407314,,55.74703083683314,53.64,51.53296916316686,6828.6,7833.5,0.4602700407111267,53.66751511294941
2026-05-11,6683,1895.0,1930.0,1735.0,1735.0,1270743.0,2322307825.0,2187.0,2177.0,2086.25,1381.5333333333333,1038.7666666666667,867.3833333333333,33.474576271186436,33.47457627118645,172.13008189524567,225.83365836844916,-53.7035764732035,26.974374580615933,35.66223163699835,62.26152087685044,,2458.114080998478,2086.25,1714.3859190015216,918475.8,511774.3,1.3835345471268812,1827.5196676275218
2026-05-11,6684,46.45,47.4,45.0,45.15,260296.0,12023078.0,48.11,48.015,47.53,46.285,46.892500000000005,47.19625,37.71929824561403,37.71929824561403,0.6640384133748185,0.7841529840297472,-0.1201145706549287,17.91849679935894,15.197248415870481,30.976894212342952,,50.69184489782392,47.53,44.36815510217608,402835.8,336444.9,0.6461590553769054,46.19002212865353
2026-05-11,6689,69.5,71.5,68.9,70.1,287361.0,20174514.0,70.36,69.72999999999999,70.88,69.60999999999999,68.04833333333333,74.96374999999999,68.29268292682929,47.28682170542634,-0.6309105405980233,-0.5308880470236399,-0.10002249357438342,21.545001769613002,19.34026315622775,9.631593308135882,,74.06456805300351,70.88,67.69543194699648,272794.6,348169.9,1.0533969514059296,70.20616576362137
2026-05-11,6690,168.0,169.0,167.5,167.5,36858.0,6188483.0,169.0,167.9,168.05,166.1,163.8,162.65,55.55555555555556,55.55555555555556,0.35600786476473445,0.28940758889328366,0.06660027587145079,19.013843229998667,12.788979734738806,16.650937624460646,,171.2272215601222,168.05,164.87277843987783,83189.6,50289.7,0.44306019021608467,167.90067285256933
2026-05-11,6691,660.0,660.0,630.0,643.0,556285.0,356329894.0,656.8,646.7,652.85,620.6,556.3291666666667,498.7916666666667,57.14285714285714,43.037974683544306,9.838972693079995,11.587787307037758,-1.7488146139577623,24.09983707380987,27.788616173858134,15.142064483843976,,690.6209161295186,652.85,615.0790838704814,619331.0,727394.9,0.8982030610449017,640.5527634216274
2026-05-11,6692,29.45,29.45,27.8,28.55,74936.0,2164304.0,30.82,31.535000000000004,31.8875,31.350833333333338,31.100416666666668,30.975208333333335,5.813953488372093,5.813953488372093,-0.2836140519865822,0.05272735117475802,-0.3363414031613402,7.678725318549473,23.323364621298502,25.389054140946403,,33.63584508216077,31.8875,30.139154917839228,63067.2,57051.2,1.1881929116878505,28.882032667876587
2026-05-11,6693,147.0,147.5,140.0,141.0,747075.0,106880994.0,147.9,143.95,142.925,113.485,98.94250000000001,91.67125,53.65853658536585,53.65853658536585,6.822554674342882,8.030364231125775,-1.2078095567828928,30.622128354328805,14.615240239594307,56.98477259279888,,151.05081979669998,142.925,134.79918020330004,1509550.6,1055323.4,0.4948989454212399,143.06594920188735
2026-05-11,6695,52.9,56.5,51.2,54.0,8472671.0,457907325.0,50.910000000000004,48.045,44.722500000000004,42.442499999999995,44.71875,45.49395833333334,80.24193548387095,71.72284644194755,2.931706703428148,1.8814003061592661,1.0503063972688818,41.60665267027318,10.636653327045623,33.57475029579803,,54.25098775763352,44.722500000000004,35.19401224236649,4775529.0,2931274.0,1.7741848075888556,54.04521490330499
2026-05-11,6697,40.4,41.0,40.3,40.5,33708.0,1365330.0,41.14,41.345,41.345,43.035,43.592499999999994,43.87125,17.647058823529278,17.647058823529278,-0.4535177706544644,-0.476685686795087,0.02316791614062258,13.207149378523276,17.015218529774852,12.115194651503181,,41.94227451151511,41.345,40.74772548848489,45590.8,56712.85,0.7393596953771374,40.50462798148807
2026-05-11,6698,32.8,32.8,30.7,31.2,601389.0,18753534.0,31.419999999999998,30.98,31.064999999999998,32.10333333333333,31.910416666666666,31.627499999999998,53.271028037383154,45.652173913043484,0.040171994297235614,-0.09056831929826493,0.13074031359550053,27.51241868887806,17.133905250583087,11.017766149051146,,32.705314475625215,31.064999999999998,29.424685524374777,592635.2,330994.9,1.0147709754668641,31.183699735113212
2026-05-11,6703,113.0,116.0,112.0,114.0,78917.0,8992268.0,114.1,112.85,113.15,111.975,108.7375,107.11875,55.8139534883721,55.81395348837209,-0.11491077710894615,-0.31505275317270875,0.2001419760637626,28.025008236041298,19.98346729482202,19.586669623984832,,117.57599973838802,113.15,108.72400026161199,100947.2,55213.0,0.7817651207760097,113.94589251998936
2026-05-11,6706,173.5,174.5,167.0,168.5,6205207.0,1060485542.0,173.3,158.75,150.475,129.575,110.13166666666666,88.51416666666667,64.40677966101694,58.44155844155844,11.595210454902173,9.008182775734308,2.587027679167864,31.026927896024738,16.886472236908528,26.181311977809468,,184.39824928578093,150.475,116.55175071421904,11280201.8,10863411.3,0.5500971622688523,170.90252460554498
2026-05-11,6708,43.05,43.05,41.0,42.35,55094.0,2304737.0,42.03,41.335,40.5375,40.765,41.8075,42.32875000000001,66.9291338582677,66.9291338582677,0.575736186774904,0.31811164946507287,0.25762453730983115,22.570564613341727,8.706133952925331,31.37274079720575,,42.82634595145112,40.5375,38.248654048548886,44573.8,33989.5,1.2360175708600118,41.83281301049116
2026-05-11,6712,130.5,130.5,128.0,128.0,203704.0,26244821.0,136.0,132.65,133.55,142.79166666666666,148.64583333333334,151.57291666666666,48.97959183673469,48.97959183673469,-1.8420412772149177,-2.648615793592052,0.8065745163771343,20.901523309064487,30.500039161973053,38.293221728655034,,144.61392906321234,133.55,122.48607093678768,221888.4,243054.85,0.9180470903391075,128.83802478105486
2026-05-11,6715,445.0,489.5,440.5,489.5,2035208.0,974319281.0,456.1,423.25,422.775,294.5833333333333,194.52083333333334,153.87666666666667,79.47019867549669,53.684210526315795,33.94443486593963,33.168460454689495,0.7759744112501323,36.08243303174572,14.741054475569065,38.02157087854172,,487.03391295950286,422.775,358.5160870404971,1956247.4,1864594.1,1.040363299652181,478.73204163898725
2026-05-11,6716,94.4,96.9,90.5,92.0,604435.0,56428975.0,89.86,86.22,83.06,74.75833333333334,66.47916666666667,62.33958333333333,61.95121951219512,61.95121951219512,4.090125551683343,3.2517897016991393,0.8383358499842037,28.270822082317395,13.353936049375164,39.59689870497974,,93.51620440343012,83.06,72.60379559656988,826273.6,554649.35,0.7315191965470034,93.35821883246338
2026-05-11,6719,188.5,193.0,185.5,190.0,798117.0,151742232.0,188.6,181.35,175.4,178.66666666666666,187.34583333333333,191.04166666666666,88.46153846153847,66.94915254237289,4.626534967266707,2.4872346779880887,2.1393002892786184,31.421438484578623,12.096947738705012,28.61833371981938,,195.25632605016864,175.4,155.54367394983137,1061514.4,729455.4,0.75186639013093,190.1252974187995
2026-05-11,6720,160.0,162.0,154.5,158.5,118097.0,18715714.0,160.2,160.6,160.925,164.73333333333332,166.36666666666667,167.18333333333334,46.51162790697674,46.51162790697675,-1.1893117814507548,-1.269035586829656,0.07972380537890111,12.216198124703919,12.412568806703543,9.457613588132602,,164.64231368768222,160.925,157.2076863123178,86481.4,73744.85,1.3655768754899897,158.47747190868523
2026-05-11,6721,57.9,57.9,57.7,57.8,4066.0,235119.0,57.760000000000005,57.67,,,,,52.38095238095225,52.38095238095225,-0.5550604373075814,-0.6990479604535266,0.1439875231459452,9.460962362596156,27.42484540899353,44.999503594296485,,,,,5673.6,3581.85,0.7166525662718556,57.82562715199213
2026-05-11,6725,310.0,315.5,295.0,295.5,440930.0,132746973.0,323.1,338.2,352.775,291.775,266.3875,253.69375,10.738255033557053,10.738255033557053,2.685397080773953,12.18458174659833,-9.499184665824377,13.565990949632594,23.448064223503675,34.0212807523801,,401.4148959053583,352.775,304.13510409464163,454714.2,1123944.45,0.9696860137642501,301.0613317306602
2026-05-11,6727,526.0,569.0,523.0,557.0,5074687.0,2835016613.0,488.1,433.85,411.075,300.65,236.325,204.1625,73.45844504021449,73.45844504021449,44.072819413564844,33.580712296657325,10.492107116907519,40.263258081256645,13.692330790223068,48.185955743113496,,515.5920723903648,411.075,306.55792760963516,4568021.4,1905001.45,1.1109157676012638,558.6584183418603
2026-05-11,6728,111.5,114.0,111.0,111.0,35482.0,3965225.0,114.6,115.35,116.45,,,,21.05263157894737,21.05263157894737,-2.2783260736823365,-2.3597097559878386,0.08138368230550208,4.478634827464755,28.940573872639735,59.816592615171935,,120.14779450626074,116.45,112.75220549373927,41095.8,30291.8,0.8633972328072455,111.75314243841947
2026-05-11,6730,37.5,37.5,37.3,37.5,201000.0,7536400.0,37.660000000000004,38.08,38.407500000000006,37.47833333333333,37.73916666666666,37.86958333333334,18.749999999999886,18.749999999999886,0.0517281777445433,0.22363443326046528,-0.17190625551592198,14.661065144125212,14.34738030952647,34.03856672798992,,39.38851719497786,38.407500000000006,37.426482805022154,76200.0,44459.65,2.6377952755905514,37.494527363184076
2026-05-11,6732,175.0,175.5,165.5,166.5,300950.0,51259716.0,162.4,156.7,155.075,161.86666666666667,168.68333333333334,172.09166666666667,71.83098591549296,71.83098591549296,1.2700531438957512,-0.7911503578952435,2.0612035017909944,37.122158075474616,15.71969390845362,25.077237167692523,,166.49647100858724,155.075,143.65352899141274,401313.8,240888.2,0.7499119143174244,170.32635321481973
2026-05-11,6733,27.75,28.25,27.3,27.3,265203.0,7393113.0,28.28,28.725,29.355,33.1525,34.52625,35.213125,23.188405797101467,23.188405797101467,-1.2063917720245776,-1.2354253963650008,0.029033624340423225,1.8724120003332618,22.571937944564056,71.96930652082013,,31.329815114597107,29.355,27.380184885402894,267031.6,277770.0,0.993152121321971,27.877184647232497
2026-05-11,6735,130.0,132.0,124.0,124.0,2774959.0,351116972.0,129.0,125.15,111.83,77.78333333333333,69.99166666666666,66.09583333333333,54.71698113207547,54.716981132075475,14.73549354380151,15.078963322868594,-0.34346977906708354,33.9706860326035,4.8970557235352565,68.88528288285495,,155.5401987376425,111.83,68.1198012623575,955306.8,1208354.0,2.904783049801383,126.53050801831667
2026-05-11,6739,1350.0,1380.0,1280.0,1285.0,403071.0,531293010.0,1352.0,1390.0,1437.5,1193.15,1036.575,958.2875,35.78947368421052,35.78947368421052,11.907464821663098,42.690977452424676,-30.783512630761578,13.640897238025682,18.977750450425003,24.295236820205016,,1597.7465206125294,1437.5,1277.2534793874706,579521.6,634317.4,0.6955236871240003,1318.112714633402
2026-05-11,6741,65.3,65.3,60.9,60.9,1360827.0,84875497.0,64.73999999999998,65.16,64.835,63.52333333333333,64.26166666666667,64.63083333333333,15.151515151515156,15.151515151515156,0.40476091293126615,0.7238285841065992,-0.3190676711753331,10.102598735335594,20.640644416294748,36.707951825333,,67.47499601275611,64.835,62.19500398724388,556478.4,369247.2,2.4454264532100436,62.37052689283796
2026-05-11,6742,38.7,39.7,38.4,39.5,205041.0,8040819.0,39.220000000000006,39.455,41.1725,42.185833333333335,44.365,49.36916666666666,55.88235294117645,23.83720930232556,-0.8162584260171215,-0.6233430465262637,-0.1929153794908578,11.638049079726063,23.914631623685814,23.51127967899736,,45.115044596416595,41.1725,37.2299554035834,271090.0,355943.1,0.7563576671953963,39.215664184236324
2026-05-11,6743,29.85,30.5,29.85,29.95,718569.0,21722405.0,29.54,29.575,26.5075,25.778333333333332,27.45,29.464375,55.55555555555557,79.59183673469389,1.550407781279997,1.147731130502301,0.402676650777696,36.17179541571534,12.69095198897469,31.774112107121415,,32.99345851780916,26.5075,20.02154148219084,686757.0,884411.7,1.0463220615152085,30.230089246822505
2026-05-11,6751,47.8,47.8,46.1,46.1,96423.0,4513717.0,49.67999999999999,50.739999999999995,51.099999999999994,53.365,55.4325,56.466249999999995,15.662650602409627,15.662650602409627,-0.8654929654609376,-0.5574278873411918,-0.3080650781197458,10.529226034388405,39.026266599254875,27.275672159195928,,53.722172662828335,51.099999999999994,48.477827337171654,61789.6,38521.8,1.560505327757422,46.81162170851353
2026-05-11,6752,100.0,100.5,97.5,98.1,116955.0,11580729.0,102.52000000000001,103.75999999999999,104.35499999999999,111.00166666666668,113.75083333333333,115.12541666666667,18.348623853210995,18.348623853210995,-2.071511877628893,-1.9378193911211836,-0.1336924865077096,10.51729925317856,28.392959371125688,26.977864129860748,,107.81269926548285,104.35499999999999,100.89730073451713,75947.4,67585.9,1.5399473846372622,99.01867384891625
2026-05-11,6753,140.0,140.0,130.5,131.5,4051785.0,534123540.0,140.5,139.2,139.05,138.55,133.0125,124.0175,42.622950819672134,38.095238095238095,1.1755926881755272,1.5312051497744008,-0.3556124615988736,23.848132253689403,20.87147518294683,20.75634331316179,,149.72165453555957,139.05,128.37834546444046,2160559.4,1732501.55,1.8753407103734339,131.8242552356554
2026-05-11,6754,45.95,45.95,45.2,45.2,21629.0,985502.0,45.660000000000004,45.925,46.515,44.98666666666667,46.10125,51.39875,35.185185185185176,29.166666666666657,0.012394576120826173,0.23854168313446353,-0.22614710701363736,21.01326379028798,28.66789406054735,14.050445789158399,,47.912026918329815,46.515,45.117973081670186,23884.4,19622.2,0.9055701629515499,45.56391881270516
2026-05-11,6756,94.1,97.5,92.4,95.6,565595.0,54029845.0,93.17999999999999,88.91,84.275,79.4,80.875,87.76166666666667,70.83333333333333,64.16382252559727,4.60559182734616,3.40601046235748,1.19958136498868,35.215009483313914,7.109385323975935,45.23022202859759,,99.13418110657052,84.275,69.41581889342949,905506.8,607884.35,0.6246170652721769,95.52744454954517
2026-05-11,6757,57.2,57.2,54.1,55.2,2471735.0,136424681.0,53.580000000000005,51.470000000000006,50.3575,55.873333333333335,62.454166666666666,74.68958333333333,76.30331753554506,71.47887323943664,0.3499026208374403,-0.7915761922732107,1.141478813110651,46.3631931759497,20.62931397070436,32.084206022764974,,55.33960217731895,50.3575,45.37539782268105,3182652.4,1507373.8,0.776627381614153,55.19389457203139
2026-05-11,6761,190.0,192.5,180.0,181.0,820608.0,151160146.0,199.7,208.25,208.025,177.35833333333332,161.17916666666667,153.08958333333334,9.782608695652172,9.782608695652172,3.931132444635324,8.482750128126478,-4.551617683491154,15.29130693669545,16.5390597937406,42.644914415344445,,230.221431671496,208.025,185.82856832850402,1395406.4,2031435.4,0.5880781398164722,184.20506015052254
2026-05-11,6762,173.0,184.5,173.0,184.5,33442.0,6062463.0,,,,,,,100.0,100.0,-1.7338920362429633,-4.805777827462519,3.0718857912195556,4.164390124888861,9.544098869864323,54.85886876059768,,,,,,,,181.28290772083008
2026-05-11,6763,46.25,46.6,45.0,45.0,451311.0,20672777.0,47.260000000000005,47.625,47.8925,49.49166666666667,51.045833333333334,51.822916666666664,25.00000000000003,25.00000000000003,-0.4616509233030328,-0.35434381324430614,-0.10730711005872667,7.162806277762798,23.819193549609228,22.95399719765169,,49.436341756275816,47.8925,46.34865824372418,369172.6,364991.2,1.22249321861915,45.80605613424002
2026-05-11,6767,26.95,26.95,26.45,26.95,4040.0,108340.0,27.410000000000004,27.605,27.807499999999997,28.391666666666666,28.595833333333335,28.69791666666667,16.000000000000142,16.000000000000142,-0.24763937357353427,-0.20259119525979008,-0.04504817831374419,9.920689272500152,43.16102532610152,29.65225954604687,,28.446804721017905,27.807499999999997,27.16819527898209,14029.6,9945.4,0.28796259337400926,26.816831683168317
2026-05-11,6768,88.0,92.5,87.0,92.0,1587701.0,143940901.0,84.66000000000001,81.03999999999999,81.81,91.30333333333333,103.15583333333333,104.72291666666666,99.29078014184401,63.028169014084526,-0.9228435486108992,-2.711054527159705,1.7882109785488058,33.9269619411174,22.99030283249953,30.570721662470408,,90.21774079424313,81.81,73.40225920575688,1148199.0,863038.95,1.3827751112829745,90.65995486555718
2026-05-11,6770,64.9,66.0,62.5,62.5,283121477.0,18090492483.0,60.25999999999999,56.92999999999999,55.32000000000001,60.779999999999994,46.938750000000006,31.511458333333334,83.97435897435898,68.19672131147541,0.6547989757537636,-0.671803146246443,1.3266021220002067,33.339191657220574,16.041191123163376,16.182502131476042,,62.384395530441296,55.32000000000001,48.25560446955872,279951507.8,155383901.15,1.011323279609784,63.89657427154493
2026-05-11,6771,43.8,44.0,43.75,43.9,19291.0,845964.0,44.019999999999996,44.33,44.745,44.3575,46.136250000000004,50.90645833333333,30.76923076923073,26.470588235294088,-0.13650888800439986,0.02493597370837305,-0.16144486171277292,17.537333881996286,24.904961436800157,17.959768048217548,,46.215374102058696,44.745,43.2746258979413,31537.4,39863.55,0.6116864421290277,43.852781089627285
2026-05-11,6776,58.7,58.9,58.1,58.1,402718.0,23530380.0,57.98,57.779999999999994,58.935,59.223333333333336,55.138333333333335,55.392500000000005,76.92307692307688,45.83333333333335,-0.4065670794103724,-0.32425502105499204,-0.08231205835538036,22.581691492799326,22.197721665886437,11.717278623797743,,61.8853077448754,58.935,55.98469225512461,487888.8,450788.7,0.8254298930412012,58.42892545155667
2026-05-11,6781,1265.0,1345.0,1240.0,1320.0,4359896.0,5670593070.0,1193.0,1176.5,1107.3,1096.4833333333333,1178.95,1126.2791666666667,93.87755102040816,76.27118644067797,44.57488412683642,24.817236487565054,19.75764763927137,36.51392050478821,12.099637684076482,29.159866901240363,,1294.2805506350587,1107.3,920.3194493649413,2724900.6,2188843.95,1.6000201989019343,1300.6257649265028
2026-05-11,6782,189.0,198.0,188.5,194.5,585957.0,113213856.0,208.6,215.25,218.3,198.03333333333333,190.54583333333332,186.28958333333333,7.89473684210526,32.07547169811322,0.6243886568807397,4.902295931778523,-4.2779072748977836,22.380593211539196,32.92037106712085,31.660519211074686,,241.15284734073396,218.3,195.44715265926607,788060.2,603044.8,0.7435434501069843,193.21188414849553
2026-05-11,6785,133.0,133.5,126.5,127.0,214058.0,27688033.0,135.9,140.4,148.75,191.6,222.8,238.4,13.20754716981132,13.20754716981132,-12.402331647131376,-12.677848578806989,0.27551693167561275,6.395740816189921,38.805246849752386,55.22462566574404,,173.37668642368743,148.75,124.12331357631257,133912.0,170557.4,1.598497520759902,129.34827476665203
2026-05-11,6788,445.5,448.0,403.0,408.0,2264271.0,949572241.0,443.4,442.35,436.325,371.98333333333335,347.7416666666667,335.62083333333334,34.25925925925925,34.25925925925925,16.20754238360871,20.5987578393724,-4.391215455763689,25.390997951104886,17.707836585664126,46.66952079819672,,474.70848740360896,436.325,397.941512596391,2221963.8,2256774.95,1.0190404542144207,419.3721692323931
2026-05-11,6789,603.0,616.0,587.0,600.0,10383449.0,6263304528.0,589.6,580.9,519.375,382.39166666666665,319.28333333333336,276.35,59.09090909090909,71.45270270270271,62.29654121665959,60.58103172718415,1.7155094894754441,35.92825207268541,13.232845395115223,49.10757934753358,,674.0729654886097,519.375,364.67703451139033,9862138.6,12137927.95,1.0528597722201958,603.2007792401157
2026-05-11,6790,40.15,40.25,39.9,39.9,258956.0,10367589.0,39.96,39.815000000000005,39.925,39.51083333333334,38.95,39.91354166666667,63.636363636363576,45.94594594594596,-0.004541472082024711,-0.00024696858640443404,-0.004294503495620277,23.4526413786372,15.564378193615303,16.540300088111625,,40.5003717333861,39.925,39.34962826661389,169699.8,181287.4,1.5259652633650718,40.03610265836667
2026-05-11,6791,116.5,119.5,112.0,117.5,82101.0,9429893.0,118.9,121.65,123.95,109.46499999999999,107.7325,106.86625000000001,29.032258064516128,29.032258064516128,2.625878422364181,4.1477813955140554,-1.5219029731498743,19.863435838305865,17.9920926353503,35.476809089495674,,139.0771801386564,123.95,108.82281986134362,90512.6,278641.45,0.9070670823730618,114.85722463794595
2026-05-11,6792,57.0,57.0,56.1,56.1,63701.0,3591847.0,57.42,57.760000000000005,58.99000000000001,57.82666666666667,55.25916666666667,55.51333333333333,31.70731707317077,34.61538461538463,-0.14704328776201692,0.2420470157216383,-0.38909030348365525,24.198248269623804,23.555139800705717,14.008771004167906,,62.19322206207249,58.99000000000001,55.786777937927525,88394.6,92213.1,0.7206435687247863,56.386037895794416
2026-05-11,6794,83.1,84.0,82.0,82.6,65313.0,5410122.0,83.52,82.36999999999999,82.03999999999999,83.7,79.90166666666666,74.60458333333334,55.140186915887824,54.6052631578947,0.2851709558082689,-0.012532379414953174,0.29770333522322207,24.0802908181816,10.655748218459278,19.38185822680425,,85.04413749772898,82.03999999999999,79.035862502271,80339.8,45323.15,0.8129594547160933,82.83376969362914
2026-05-11,6796,69.0,69.0,66.0,66.0,230002.0,15408675.0,68.85999999999999,69.69000000000001,71.435,77.49499999999999,84.40249999999999,,33.64485981308414,26.751592356687922,-1.9808760438994852,-1.8785380312753974,-0.10233801262408782,19.18322294607244,29.12016052664258,14.255493977656258,,76.4897632564702,71.435,66.3802367435298,130680.4,78775.55,1.7600344045472773,66.99365657689933
2026-05-11,6799,89.7,91.7,89.4,90.8,511377.0,46382949.0,89.72,89.47999999999999,86.36,82.47,82.04166666666667,88.99666666666667,65.9090909090909,62.12534059945503,2.7781799664243607,2.668786331117162,0.1093936353071987,22.74447277256725,14.940738492685036,24.91168736306036,,96.58451131247587,86.36,76.13548868752413,426182.0,504990.8,1.1999028584032174,90.702063252747
2026-05-11,6803,286.5,287.5,286.0,287.0,44079.0,12637398.0,289.5,289.2,289.125,293.48333333333335,296.2416666666667,297.62083333333334,41.1764705882353,41.17647058823529,-0.7854318591942615,-0.9864813898642942,0.20104953067003273,8.122454988947784,21.83177121355601,46.66333079595672,,291.0133298106231,289.125,287.2366701893769,80945.0,49364.8,0.5445549447155476,286.69883618049414
2026-05-11,6804,15.15,15.45,15.0,15.05,82469.0,1256189.0,15.25,15.3,15.647499999999999,16.438333333333336,16.769166666666667,16.934583333333332,42.22222222222224,42.22222222222224,-0.35872382317994855,-0.3556423282038177,-0.0030814949761308608,8.960782728562428,16.54295455816261,48.86373487160862,,16.80256892024944,15.647499999999999,14.49243107975056,85571.8,39274.55,0.9637403911101554,15.232256969285428
2026-05-11,6805,2020.0,2055.0,1965.0,1995.0,1945868.0,3908065560.0,1954.0,2028.0,1949.5,1771.9166666666667,1599.9166666666667,1194.3166666666666,43.69747899159664,55.26315789473684,47.35649126271619,59.305748661231604,-11.949257398515414,25.57791315781784,18.838539504613287,26.004549699309244,,2182.4874629561405,1949.5,1716.5125370438595,2983501.0,2583212.6,0.6522096020748778,2008.3919155872854
2026-05-11,6806,20.0,20.0,18.5,19.55,1193768.0,23013094.0,20.45,21.305,22.567500000000003,35.71666666666667,,,21.29629629629632,30.9823677581864,-3.423147503860683,-3.6909061710477027,0.2677586671870196,22.355141975866992,50.096767006507505,35.9691257570676,,28.2434209779026,22.567500000000003,16.891579022097407,720045.6,1189324.5,1.6579061103907864,19.27769382325544
2026-05-11,6807,35.1,35.2,34.5,35.05,17000.0,595500.0,35.85,35.910000000000004,37.457499999999996,42.065000000000005,,,23.188405797101396,31.067961165048516,-1.732857466531783,-1.7504722554548673,0.017614788923084213,10.799095786085816,35.49045210593926,48.88925564515204,,41.37430253590834,37.457499999999996,33.54069746409165,14638.2,26243.35,1.1613449741088384,35.029411764705884
2026-05-11,6811,208.0,210.0,205.0,205.5,86126.0,17863435.0,210.5,203.05,198.325,197.625,200.8125,202.40625,68.85245901639345,68.85245901639344,4.184003547747665,2.466742632045449,1.7172609157022158,29.22290358243823,19.11108308521432,25.752828433446886,,214.00024028188218,198.325,182.6497597181178,205061.2,110271.35,0.42000144347150997,207.41047999442677
2026-05-11,6821,50.0,50.4,48.75,48.95,292197.0,14433272.0,51.55,52.09499999999999,55.99249999999999,46.96000000000001,42.255,39.902499999999996,30.45685279187819,30.45685279187819,-0.22032556574564666,0.9176166007283483,-1.1379421664739948,13.279819989695026,14.875289508575495,31.00637297979016,,69.21378566883116,55.99249999999999,42.77121433116882,860288.0,1276456.9,0.3396502101621782,49.39568852520731
2026-05-11,6823,81.1,82.7,80.6,82.0,274865.0,22405639.0,90.82000000000001,94.53,90.36999999999999,71.855,67.0775,64.68875,34.8360655737705,34.8360655737705,5.466293686341771,7.316596920079071,-1.8503032337373,20.48703627238049,19.62346728374183,49.01650835235005,,110.18611252969343,90.36999999999999,70.55388747030655,1086304.6,1458936.8,0.25302755783230596,81.51506739672203
2026-05-11,6829,205.0,214.0,198.0,198.0,2153080.0,443326323.0,248.4,249.4,232.425,153.54166666666666,130.52083333333334,119.01041666666667,34.32343234323433,34.32343234323433,24.995559728792898,30.57525188357762,-5.579692154784723,25.269727356990085,23.53762669195649,75.7624548383085,,299.976364472564,232.425,164.873635527436,2037175.2,1741111.85,1.056894861080186,205.90332128857264
2026-05-11,6830,762.0,815.0,752.0,754.0,3114572.0,2424321272.0,853.6,818.3,819.7,503.8,333.89166666666665,235.8775,36.12716763005779,43.069306930693074,71.86604488721662,91.44505464910529,-19.57900976188867,35.27131158796582,32.14158648622365,37.703652045749195,,976.7706847250629,819.7,662.6293152749372,3076160.2,1731224.75,1.0124869309472244,778.3802307347527
2026-05-11,6834,47.9,49.65,46.05,47.85,7689305.0,372434429.0,43.63,40.575,38.842499999999994,33.747499999999995,31.053333333333335,31.054166666666667,92.18106995884771,73.73493975903614,3.0940008204526066,2.1061638905255275,0.987836929927079,45.1122437171383,11.3560465270774,35.61166320546876,,46.24429743462123,38.842499999999994,31.440702565378757,3620531.4,1768685.05,2.12380563803424,48.43538252156729
2026-05-11,6835,38.4,38.7,37.5,37.5,141133.0,5352358.0,37.7,38.18,38.707499999999996,38.75,38.973749999999995,40.073125000000005,42.62295081967207,38.11881188118811,-0.27482591946719026,-0.13360660042453096,-0.1412193190426593,15.346040362767827,16.094053321098517,12.262670271519578,,40.595767097520394,38.707499999999996,36.8192329024796,192610.2,437154.95,0.7327389722870336,37.924213330688076
2026-05-11,6838,26.9,26.9,26.45,26.9,164820.0,4385018.0,26.910000000000004,27.305,28.6875,28.19833333333333,28.064999999999998,29.285416666666666,20.588235294117695,27.678571428571402,-0.48962427382210194,-0.22630628045927,-0.2633179933628319,23.655249098145436,32.17976395233436,17.84576127233156,,32.4797184869324,28.6875,24.8952815130676,184706.2,216167.65,0.8923360450271837,26.60489018323019
2026-05-11,6840,61.8,63.4,61.5,62.0,100848.0,6270880.0,65.08000000000001,66.84,67.76,65.07,65.835,66.2175,29.801324503311264,29.801324503311264,-0.10745921803231795,0.6394787358512589,-0.7469379538835769,12.365603609264626,24.729731456939277,18.219762853845744,,71.86257941967455,67.76,63.65742058032547,156778.6,164758.65,0.6432510559476867,62.181500872600346
2026-05-11,6841,59.5,61.0,59.5,60.1,303656.0,18326755.0,61.120000000000005,60.15,59.485,61.85166666666667,64.27583333333334,65.48791666666666,61.403508771929836,61.40350877192984,0.10250641428839202,-0.2624391791680744,0.36494559345646643,20.307226389105857,14.859951127692655,19.236122567709447,,61.67615446619759,59.485,57.29384553380241,244410.8,211070.5,1.2424000903397068,60.35367323550333
2026-05-11,6843,45.05,45.05,44.0,44.0,32511.0,1439870.0,46.089999999999996,46.16,46.3125,,,,29.906542056074784,29.906542056074798,-0.29910874413354094,-0.23263249163700206,-0.06647625249653888,13.348874987583711,28.25312870742786,16.235223306952925,,47.62393753989768,46.3125,45.00106246010232,18782.2,13314.95,1.730947386355166,44.28870228538033
2026-05-11,6844,64.2,65.0,64.0,65.0,27515.0,1775331.0,63.94,64.03,63.830000000000005,,,,63.333333333333215,63.33333333333322,-0.05280749642531646,-0.16467372659904866,0.1118662301737322,10.551211721236228,8.272220281043259,29.51136714262529,,65.0089379698872,63.830000000000005,62.65106203011281,25331.6,15611.2,1.0861927395032291,64.52229692894785
2026-05-11,6846,69.0,70.1,68.5,69.7,26040.0,1802660.0,69.08,69.09,69.58,71.50166666666668,73.00083333333332,73.75041666666667,62.962962962963005,62.962962962963005,-0.5664918239254746,-0.6689658655880727,0.1024740416625981,8.146991483765126,11.336921892322266,42.06389815251707,,71.50118384555473,69.58,67.65881615444526,20248.2,21296.35,1.2860402406139804,69.22657450076805
2026-05-11,6854,147.5,147.5,143.0,145.5,529994.0,76808148.0,151.9,153.7,161.15,141.65833333333333,140.75,148.2625,22.222222222222214,20.155038759689916,0.7451132513637049,3.8708165058260984,-3.1257032544623935,22.69130425479286,26.30576163457438,15.73481899660316,,187.3096314153976,161.15,134.9903685846024,659353.0,1299147.15,0.8038091887046848,144.9226745963162
2026-05-11,6855,105.0,105.5,105.0,105.0,6503.0,683209.0,104.6,104.2,105.625,,,,63.63636363636363,63.63636363636363,-1.6912415733023067,-2.0313533869444678,0.34011181364216103,23.933545828290843,21.792780476369803,37.97949060527253,,111.63267053550355,105.625,99.61732946449645,8064.8,13126.85,0.806343616704692,105.06058742119022
2026-05-11,6856,49.3,49.3,47.2,48.75,11210.0,538632.0,,,,,,,0.0,0.0,-1.7334737368350162,-1.6570201334441301,-0.07645360339088603,1.3177324572141589,23.588451812077913,63.00030451920791,,,,,,,,48.049241748438895
2026-05-11,6859,118.0,119.5,116.0,118.5,50564.0,5941895.0,121.8,123.35,122.525,117.95,114.975,113.4875,19.04761904761905,19.04761904761905,0.9128258444876565,1.5639282237263785,-0.651102379238722,10.475224511860246,17.444870531540175,18.09681658523389,,128.80340911797174,122.525,116.24659088202827,82505.4,107898.5,0.6128568554300688,117.5123605727395
2026-05-11,6861,381.0,389.0,379.0,389.0,435102.0,166854486.0,388.5,347.15,264.6,162.23,111.34583333333333,81.79187499999999,69.0625,84.05797101449275,66.30721080254796,54.3872643568846,11.919946445663356,50.28520510140196,3.0252024055416338,70.7991412150932,,457.30501045025176,264.6,71.89498954974829,647778.0,2081589.2,0.6716838176041792,383.4836107395507
2026-05-11,6862,180.0,180.0,168.5,168.5,1794427.0,305981484.0,176.3,173.9,181.125,184.61666666666667,176.86666666666667,157.62916666666666,48.484848484848484,36.0,-2.0270731639393205,-2.008292156121338,-0.01878100781798242,27.045192383158135,25.556579554760887,11.800175616246106,,202.08580301796536,181.125,160.16419698203464,1305118.6,943939.9,1.3749148927921186,170.5176549394319
2026-05-11,6863,112.5,113.0,112.0,113.0,253345.0,28590485.0,104.4,102.36999999999999,101.515,100.705,112.34416666666667,135.54916666666665,84.84848484848484,69.8170731707317,2.2503196170114848,1.3164114177404038,0.9339081992710809,38.65184734611379,13.486134998205129,26.39083328854585,,108.09224146304152,101.515,94.93775853695848,142151.6,120542.65,1.7822170133857094,112.85198050089798
2026-05-11,6865,31.45,31.5,29.7,29.85,74496.0,2245298.0,34.64,35.5,35.927499999999995,,,,10.179640718562894,10.179640718562894,-0.8197474209349025,-0.4496391314886862,-0.3701082894462163,8.249572082725797,41.01335497456965,21.53012043085919,,38.8658982389265,35.927499999999995,32.98910176107349,32544.6,15584.45,2.289043343596173,30.139846434707902
2026-05-11,6869,88.0,88.0,85.5,86.9,743464.0,64249572.0,85.58000000000001,84.19,85.08,96.12666666666665,100.33500000000001,123.28,70.42253521126767,46.596858638743456,-1.557565700460188,-2.485547191049659,0.9279814905894712,22.687902662772693,22.036653976440338,24.374138335558794,,89.9542502797544,85.08,80.20574972024559,711265.6,591675.4,1.0452691652738444,86.41921061409833
2026-05-11,6870,194.0,194.5,184.0,188.0,244623.0,46186737.0,185.3,182.3,183.125,188.98333333333332,192.74166666666667,194.62083333333334,68.62745098039215,68.62745098039215,-0.9565905830222619,-2.0295264276582317,1.0729358446359698,15.913667717526186,11.19902629331128,25.115020530947657,,193.3378659826196,183.125,172.9121340173804,116329.6,81680.2,2.102843988116524,188.8078267374695
2026-05-11,6872,18.2,18.95,18.1,18.2,30000.0,547600.0,18.15,18.495,18.6175,18.523333333333333,19.211666666666666,19.555833333333332,28.94736842105263,28.94736842105263,0.032672995829717166,0.11529604616156314,-0.08262305033184597,14.802779168064406,7.898264265623281,32.34948960857711,,19.38202599694191,18.6175,17.85297400305809,47089.6,60765.4,0.637083347490741,18.253333333333334
2026-05-11,6873,93.1,94.5,91.0,94.1,557081.0,51785259.0,91.9,89.97999999999999,89.19,98.40166666666666,105.02,151.15791666666667,69.29133858267717,59.19282511210762,-0.11413226365667128,-1.2271733420126427,1.1130410783559714,24.324705157856137,17.994990745413038,15.769615079464248,,94.1872202799537,89.19,84.19277972004629,612477.0,632616.1,0.9095541546866249,92.95822151536312
2026-05-11,6874,83.3,83.3,81.3,82.1,32775.0,2697524.0,89.38,88.72,88.525,79.63833333333334,70.81916666666667,66.40958333333334,38.827838827838825,38.827838827838825,1.1912773292234107,1.9014558076949237,-0.710178478471513,16.771866235374212,15.532872396143993,56.85598948182422,,92.94070164896048,88.525,84.10929835103953,111728.8,87169.7,0.29334424069711657,82.3043173150267
2026-05-11,6875,39.0,39.55,37.45,37.5,156914.0,5949545.0,35.85,36.425,36.69,39.24916666666666,41.12458333333334,42.06229166666667,53.048780487804876,53.04878048780486,-0.6638548490067464,-0.7421008953777615,0.07824604637101507,21.2471136285877,14.65142700157398,31.135902698931453,,38.14912735276215,36.69,35.230872647237845,159139.4,119373.75,0.986016033741487,37.91596033496055
2026-05-11,6877,159.0,161.0,151.0,158.0,628640.0,97439187.0,167.0,169.0,164.525,122.85833333333333,103.97916666666666,94.53958333333331,38.54166666666667,38.54166666666667,10.561654030389349,13.362206046339962,-2.800552015950613,21.71255924109635,13.294230680621006,68.50916505718354,,186.49261971150895,164.525,142.55738028849106,874143.2,1039474.2,0.7191499058735457,154.99997932043777
2026-05-11,6881,270.0,271.0,270.0,270.0,13054.0,3532474.0,271.7,267.9,262.175,,,,70.58823529411765,70.58823529411765,7.956224883337029,7.879812663696443,0.07641221964058609,41.32751938895184,22.528939055551024,65.38569252644271,,279.1215879192613,262.175,245.22841208073874,14491.2,10691.75,0.9008225681793087,270.6047188601195
2026-05-11,6884,33.7,33.7,33.4,33.6,8000.0,268800.0,34.209999999999994,34.42,34.527499999999996,34.755,34.8525,34.90125,34.42622950819681,34.42622950819681,-0.10112398447192561,-0.03447381518757051,-0.0666501692843551,11.611643658578805,13.47124400315138,20.7922170772072,,35.33826636909976,34.527499999999996,33.71673363090023,11415.4,10326.75,0.7008076808521821,33.6
2026-05-11,6885,22.3,22.6,22.15,22.6,213548.0,4760412.0,22.98,23.04,23.3875,25.145,27.566250000000004,28.78916666666667,42.222222222222285,39.285714285714334,-0.5240655062479043,-0.5380280650367882,0.013962558788883972,19.909822283076785,24.733399660742293,10.369271376149916,,24.571549696680105,23.3875,22.203450303319894,359164.8,318657.95,0.5945682873154607,22.291999925075395
2026-05-11,6887,39.35,41.45,39.35,39.35,32087.0,1285532.0,39.39,38.785,39.75750000000001,46.37583333333334,,,74.13793103448262,43.870967741935516,-1.4890132471711297,-1.906131250937509,0.4171180037663793,25.230232750480084,22.08651807953304,20.75061552050717,,42.88602327700515,39.75750000000001,36.628976722994864,47974.8,46425.25,0.6688303025755188,40.06395113285755
2026-05-11,6890,153.0,163.0,152.5,161.0,551261.0,88105963.0,156.5,156.8,160.275,181.2,214.4625,245.975,68.0,39.99999999999999,-4.489322964846394,-5.382000094903841,0.8926771300574465,20.45841990982635,27.678844666672465,16.722460504350067,,174.26550429847046,160.275,146.28449570152955,690754.2,701430.15,0.7980566748635043,159.82622206178198
2026-05-11,6894,355.0,356.0,341.5,344.0,112072.0,39039703.0,347.1,341.35,343.45,314.51666666666665,271.7583333333333,250.37916666666666,60.49382716049383,60.49382716049383,1.3573102209803096,2.319568434203882,-0.9622582132235724,15.525465507534422,9.093285875765048,23.26898680273051,,366.4142743133068,343.45,320.4857256866932,163857.6,179687.0,0.6839597308882834,348.3448408166179
2026-05-11,6895,155.0,156.0,150.0,152.0,124050.0,18867541.0,163.9,167.5,168.7,170.00833333333333,176.00416666666666,179.00208333333333,14.545454545454547,14.545454545454547,-1.6043199124679575,-0.13022726102024412,-1.4740926514477133,9.752976673095032,22.325391574454766,22.17528860839627,,177.64662535614147,168.7,159.7533746438585,98246.4,98063.35,1.262641684580809,152.09625957275293
2026-05-11,6899,64.2,65.0,60.2,60.2,310736.0,19499813.0,54.92,54.15,54.135000000000005,,,,94.73684210526318,94.73684210526318,0.5678850271111671,0.2362136949380155,0.3316713321731516,58.164150250207605,4.320493611667323,30.994480408395464,,57.24916120327781,54.135000000000005,51.0208387967222,72973.4,26724.75,4.258209155664941,62.75363330930436
2026-05-11,6901,13.7,14.3,13.65,14.05,4398363.0,62220740.0,13.39,13.55,13.87,15.033333333333333,16.19375,18.51875,59.52380952380954,45.45454545454547,-0.31057603154458313,-0.32966479220084616,0.019088760656263026,25.57620254621619,19.864002288578444,19.38773983880569,,14.888461171521783,13.87,12.851538828478215,1543727.2,1039168.15,2.849184104549042,14.146340354354564
2026-05-11,6902,100.5,102.5,100.5,102.5,113347.0,11488590.0,103.1,105.15,101.475,85.39166666666667,81.37999999999998,,50.0,51.42857142857142,5.434474546287177,6.692262732062483,-1.257788185775306,33.40440010775604,15.794542186097907,44.55546040949182,,123.92127503970129,101.475,79.0287249602987,170165.2,520162.95,0.6660997665797707,101.35768921982937
2026-05-11,6903,412.0,414.0,382.0,386.5,2021508.0,800713505.0,411.7,411.65,407.925,333.9916666666667,292.99583333333334,272.49791666666664,32.432432432432435,32.432432432432435,15.37609649235236,20.729639842951322,-5.353543350598962,16.094328039999322,9.313162587809545,58.72896838365128,,428.0333250630726,407.925,387.8166749369274,1545901.6,1890982.15,1.3076563217219,396.0971240282007
2026-05-11,6904,113.0,116.0,113.0,116.0,6020.0,687294.0,115.2,115.9,116.75,,,,46.666666666666664,46.666666666666664,-1.4960750456527734,-1.6550624156980618,0.1589873700452884,8.330010100527234,28.45685045171795,47.01522456778001,,119.62457090619405,116.75,113.87542909380595,5212.8,3515.2,1.1548496009821976,114.16843853820598
2026-05-11,6906,72.7,72.7,67.7,69.9,905630.0,63159672.0,64.46000000000001,63.46,65.37,70.20666666666666,81.86666666666666,105.43958333333333,87.8504672897196,53.781512605042046,-1.1727216968321557,-1.813008606816295,0.6402869099841393,34.98794203191874,17.911350914943103,22.07856389379848,,71.18363189317354,65.37,59.556368106826476,332162.4,154048.65,2.726467535157501,69.74114373419609
2026-05-11,6907,124.0,124.0,117.5,118.0,933206.0,111769160.0,127.7,122.95,123.05,100.36833333333334,73.05916666666667,59.404583333333335,49.23076923076923,49.23076923076923,3.375732026195081,4.063414476438182,-0.6876824502431012,20.88631602859089,15.730561610010444,25.109687819546856,,134.269813301759,123.05,111.830186698241,3794141.4,2391157.55,0.24595973149551043,119.76901134369047
2026-05-11,6910,27.15,27.15,26.75,26.75,34647.0,931887.0,28.45,29.119999999999997,29.4,31.352500000000003,32.82625,33.56312499999999,9.090909090909122,9.090909090909122,-0.6442766795825285,-0.49691922268549865,-0.1473574568970299,8.421456334861693,35.74674837938236,50.465322127406864,,30.89031964074122,29.4,27.909680359258775,90199.6,58667.9,0.38411478543142097,26.896614425491386
2026-05-11,6913,133.0,140.5,133.0,138.0,1238490.0,169898139.0,131.3,131.5,130.175,121.51666666666667,118.75833333333334,117.37916666666666,65.0,65.0,2.8410447172021804,2.961415577174817,-0.12037085997263652,21.967788701991548,9.55718342887267,39.722873725862286,,136.72259899746294,130.175,123.62740100253708,569484.0,456330.9,2.174758202161957,137.18168011045708
2026-05-11,6914,145.0,146.5,144.5,146.0,79617.0,11610024.0,145.8,145.9,148.1,146.35833333333332,147.39583333333334,143.62291666666667,57.14285714285714,33.33333333333333,-0.8616921785618104,-0.48572165380522625,-0.3759705247565841,19.722334507139216,24.015411559519364,17.172960835488546,,153.266694963137,148.1,142.93330503686298,84460.6,92357.9,0.9426525504199591,145.82342966954295
2026-05-11,6916,18.6,18.65,18.35,18.55,34000.0,630250.0,18.560000000000002,18.705,18.79,18.321666666666665,18.134999999999998,19.700833333333332,42.30769230769234,44.827586206896555,0.10970450718958347,0.16969788232280242,-0.05999337513321895,24.65345247968193,16.29542908031739,27.793733425643147,,19.484034732939822,18.79,18.095965267060176,34826.0,55032.4,0.9762820880951013,18.53676470588235
2026-05-11,6919,103.5,104.0,100.5,103.0,3811411.0,388720289.0,102.1,102.22,104.69500000000001,125.01166666666667,139.585,369.77791666666667,43.75,46.98795180722891,-3.2675662553827607,-4.139282315981579,0.8717160605988186,26.555042990270145,23.62912910396876,13.602573010444676,,114.05976599332918,104.69500000000001,95.33023400667084,5178891.0,7473240.75,0.735951191094773,101.9885520086918
2026-05-11,6922,185.5,198.0,184.5,189.5,548624.0,105606650.0,183.3,180.9,176.05,165.39166666666668,160.69583333333333,158.34791666666666,59.55882352941176,59.55882352941176,5.340282648269721,4.671551538030368,0.6687311102393529,17.965548556638865,10.113732840148723,34.898627579999896,,191.49054812225924,176.05,160.60945187774078,385714.0,606544.65,1.4223595721182016,192.49367508530432
2026-05-11,6923,83.0,83.0,80.6,80.9,192809.0,15725275.0,83.12,84.1,82.68499999999999,85.90166666666667,94.50333333333333,90.835,22.619047619047578,43.750000000000014,0.1880483792905494,0.2345566908765246,-0.04650831158597518,20.960103990241567,24.077349338924602,20.45741091595354,,90.63888683534574,82.68499999999999,74.73111316465423,252702.4,281641.9,0.762988400585036,81.55882246160708
2026-05-11,6924,102.5,103.0,98.1,103.0,282108.0,28815901.0,95.34,92.25,89.67,,,,100.0,67.38197424892704,4.9504222893436065,4.545552854869068,0.4048694344745387,56.59864507593352,14.448739447508768,39.442315557219096,,101.4295381219716,89.67,77.9104618780284,69069.8,49068.7,4.084389993890238,102.14492676563586
2026-05-11,6925,63.9,63.9,60.6,60.8,50365.0,3076762.0,64.24,65.4,67.47,73.79333333333334,78.69666666666667,81.14833333333333,24.545454545454476,24.545454545454476,-2.4316230901344937,-2.214799137634192,-0.21682395250030195,10.294845073445801,32.00899956656514,30.97254519311342,,74.42492252785168,67.47,60.51507747214832,64877.0,68569.65,0.7763151810348814,61.08928819616797
2026-05-11,6928,48.55,49.4,48.2,48.5,153591.0,7474731.0,50.5,48.82000000000001,48.394999999999996,49.229166666666664,51.284166666666664,52.957708333333336,58.49056603773583,49.481865284974084,0.47840116829482326,0.20942186253879133,0.2689793057560319,37.532323986255555,23.135823070648968,16.30456145449245,,51.74869395710267,48.394999999999996,45.041306042897325,334844.4,190119.45,0.4586936499460645,48.66646483192375
2026-05-11,6929,23.7,23.7,23.15,23.6,26696.0,623867.0,24.25,25.265,26.747499999999995,,,,18.604651162790702,18.604651162790717,-1.665511379195216,-1.515891811761545,-0.1496195674336711,11.723871799325677,32.262459748718,33.645921390132486,,31.172723752891812,26.747499999999995,22.322276247108178,30769.4,13529.6,0.8676152281162454,23.369306263110577
2026-05-11,6931,43.85,43.85,42.5,42.5,145264.0,6245599.0,43.5,45.745000000000005,47.972500000000004,51.40833333333333,55.516666666666666,54.36270833333334,9.43396226415095,7.777777777777729,-2.201577701440989,-1.6382843218251466,-0.5632933796158426,8.807133319147436,40.565329492486576,30.68610437134948,,53.841461622493796,47.972500000000004,42.10353837750621,209402.8,213418.75,0.6937061013510804,42.99481633439806
2026-05-11,6933,166.5,167.0,162.0,163.0,169842.0,27812340.0,168.1,167.6,176.875,150.16666666666666,159.7375,163.85625,45.714285714285715,21.100917431192656,2.86686102539079,5.669372731764369,-2.802511706373579,25.2164911097637,20.93787062932711,28.34129808812241,,199.35979018077734,176.875,154.39020981922266,219431.8,606003.5,0.7740081428489399,163.75419507542304
2026-05-11,6937,302.0,303.0,291.5,295.5,935014.0,278106968.0,315.6,314.15,313.2,264.39166666666665,250.97083333333333,229.82083333333333,14.141414141414145,34.35114503816794,11.101969134243461,14.597423708338825,-3.4954545740953638,27.063862273568258,22.263814670022477,31.77239521980586,,343.5945978579618,313.2,282.8054021420382,1249842.8,1508805.8,0.748105281720229,297.4361538971609
2026-05-11,6949,685.0,695.0,665.0,687.0,144225.0,98190861.0,708.4,738.0,768.05,649.9,510.7,369.0395833333333,19.565217391304344,34.43526170798897,14.446641784436906,34.821089720763695,-20.37444793632679,23.5526440903885,20.18863511497019,30.72939710228812,,874.0976059929853,768.05,662.0023940070146,445997.6,274091.15,0.3233761796027602,680.8172022880915
2026-05-11,6951,81.6,82.6,81.4,81.8,53922.0,4415696.0,81.22,80.99999999999999,80.725,78.61833333333334,76.05,74.53958333333334,62.962962962963005,50.57471264367812,0.7229848715276574,0.7023017718341936,0.020683099693463824,41.327473099713394,13.183020504945459,34.6202276856859,,82.74789526747081,80.725,78.70210473252918,53632.4,66342.65,1.0053997210641328,81.89043433107081
2026-05-11,6952,37.15,38.4,37.05,37.05,34510.0,1290883.0,37.44,37.37,38.49249999999999,40.43,,,52.17391304347814,26.548672566371607,-0.734963722426393,-0.705113662976656,-0.029850059449736954,37.952063781060914,21.933991039733385,16.154698982966664,,40.98232666908836,38.49249999999999,36.00267333091163,33750.8,21807.75,1.0224942816170282,37.406056215589686
2026-05-11,6953,260.0,263.0,253.0,253.5,130455.0,33533851.0,276.0,277.5,266.075,235.225,230.3625,227.93125,29.66101694915254,29.66101694915254,12.517972010184621,14.64350693309296,-2.1255349229083382,15.618225000114737,14.319552025446328,43.34218172780128,,311.84591124054083,266.075,220.30408875945915,258569.4,662982.2,0.5045260576077448,257.053014449427
2026-05-11,6955,159.0,159.5,158.5,158.5,6000.0,954000.0,160.2,162.8,,,,,10.0,30.0,-1.5432029925940753,-0.8804938769585376,-0.6627091156355377,14.719623575290077,27.316080737553506,21.132129346343365,,,,,26258.2,16477.7,0.22850004950834404,159.0
2026-05-11,6957,158.0,159.0,155.0,159.0,156707.0,24577026.0,160.5,160.1,160.8,168.10833333333332,183.44166666666666,176.16666666666666,44.827586206896555,42.22222222222222,-1.0743997204000948,-1.5165250388258964,0.4421253184258016,19.58159196694981,23.129123616550242,13.854519047415698,,165.7139971938355,160.8,155.88600280616453,92253.2,86836.9,1.6986619434339405,156.83425756347833
2026-05-11,6958,19.05,19.25,18.95,19.0,72236.0,1378412.0,19.110000000000003,19.355,19.5125,17.5875,17.15083333333333,18.979166666666668,15.384615384615358,36.111111111111086,0.2881087238965101,0.45536906707462305,-0.16726034317811295,25.923401484970164,20.24261029057108,24.156918559059353,,20.345298073711827,19.5125,18.67970192628817,56397.4,167468.05,1.2808391876221243,19.0820643446481
2026-05-11,6961,59.0,59.1,58.6,58.8,35098.0,2062317.0,60.0,59.15,58.56500000000001,57.919999999999995,57.51,57.305,52.87356321839081,52.87356321839081,0.5482353413956531,0.38818892811279215,0.16004641328286096,36.5269133377854,31.488537208509015,22.302507220318557,,60.66590206189723,58.56500000000001,56.464097938102796,121197.8,79073.6,0.2895927153793221,58.75881816627728
2026-05-11,6962,38.9,38.9,37.05,38.1,6272069.0,238301489.0,36.72,35.845000000000006,35.722500000000004,35.221666666666664,38.42333333333333,43.96708333333333,87.96296296296299,62.2857142857143,0.7473290967386603,0.5186271076075116,0.2287019891311487,28.479783807042423,16.774785971271413,18.60508202717605,,39.63045073502247,35.722500000000004,31.814549264977536,6963511.0,7284896.05,0.9007049748323798,37.99407962508066
2026-05-11,6965,84.7,85.7,84.7,85.2,43905.0,3743597.0,85.64,86.11,87.205,84.87666666666665,85.28833333333334,94.21625,32.692307692307736,34.95145631067966,-0.08525107517243669,0.3014755211036789,-0.3867265962761156,14.747719661151033,21.86155098528147,12.789269471995818,,90.2154904304054,87.205,84.1945095695946,52954.4,51727.85,0.8291095735198586,85.26584671449721
2026-05-11,6967,73.1,73.8,72.0,72.1,73148.0,5315613.0,79.2,78.09,75.67999999999999,71.28833333333334,70.34416666666667,69.87208333333334,42.61744966442952,42.61744966442952,2.004574472836296,2.2302196688506455,-0.2256451960143493,19.75451701749287,19.86802807733945,42.26151080212835,,84.70431802351152,75.67999999999999,66.65568197648847,432727.8,229228.85,0.16903928982607544,72.66928692513808
2026-05-11,6968,43.6,43.65,43.2,43.25,40906.0,1774293.0,42.9,43.16,44.085,46.525,47.6625,48.23125,42.857142857142854,42.857142857142854,-0.9468957683653869,-0.9714627762285573,0.024567007863170343,13.825573822995732,23.23734698589277,40.09133288958287,,46.98746719007716,44.085,41.18253280992284,67310.2,30462.2,0.607723643667676,43.374883880115384
2026-05-11,6969,29.0,29.15,28.3,28.5,70040.0,1996241.0,28.82,28.755000000000003,29.440000000000005,29.98916666666667,,,50.0,18.867924528301884,-0.21802590347485307,-0.1331453517595198,-0.08488055171533326,29.479091924920752,19.44263933500209,18.866508387987377,,31.621404665756522,29.440000000000005,27.258595334243488,63953.4,95949.05,1.0951724224200745,28.50144203312393
2026-05-11,6971,26.5,26.5,26.05,26.1,71481.0,1878518.0,28.420000000000005,28.725,28.9875,29.53083333333333,29.690416666666668,29.770208333333336,23.423423423423444,23.423423423423444,-0.37496646904011044,-0.21232302273330025,-0.16264344630681019,12.40507373535225,43.100375687656424,22.67887132940621,,30.445644097997953,28.9875,27.52935590200205,62377.8,49086.9,1.1459365351134538,26.279962507519482
2026-05-11,6982,53.5,53.5,51.2,52.0,58424.0,3034952.0,52.660000000000004,52.879999999999995,54.385000000000005,55.53333333333333,56.866666666666674,57.53333333333333,33.33333333333333,33.33333333333333,-0.7450431865103226,-0.628369112231359,-0.11667407427896359,18.250208357920425,23.126244926108985,15.95245507102167,,59.627448202690644,54.385000000000005,49.142551797309366,53151.2,46255.65,1.0992037809118138,51.9470080788717
2026-05-11,6988,15.0,15.25,14.5,14.9,92000.0,1378950.0,14.45,14.065000000000001,14.35,15.867500000000001,15.260416666666666,,86.11111111111111,51.807228915662655,-0.1587436075790425,-0.280924680181192,0.1221810726021495,23.79422538014048,14.820501579670694,15.919803501668044,,15.320621070841039,14.35,13.37937892915896,77658.8,49893.0,1.1846693484833657,14.98858695652174
2026-05-11,6994,65.2,65.2,64.0,64.3,261695.0,16853921.0,64.48,64.11,66.72999999999999,76.74333333333333,85.31166666666667,,55.555555555555515,17.482517482517522,-2.6604518676109024,-2.997473987596418,0.33702211998551546,19.08639351339434,27.729421625439727,20.018966240188817,,73.92593452473027,66.72999999999999,59.53406547526971,321765.2,560487.55,0.8133104512234387,64.40291560786412
2026-05-11,6996,190.0,191.5,182.0,183.0,190805.0,35416455.0,185.2,179.7,178.8,171.33333333333334,167.66666666666666,165.83333333333334,70.2127659574468,70.2127659574468,3.1619426818612624,2.386714940768932,0.7752277410923303,27.268929441629417,12.05829328825123,26.936332914575775,,190.84115748938686,178.8,166.75884251061316,211960.6,134403.05,0.900190884532314,185.6159691831975
2026-05-11,6997,73.9,73.9,70.0,72.0,19042.0,1363928.0,71.5,75.21000000000001,,,,,26.35135135135137,26.35135135135137,-2.94630042571157,-2.2290213651743485,-0.7172790605372215,29.495348898323936,36.37251546918266,48.64437271555762,,,,,34367.8,,0.5540651423716385,71.62735006827015
2026-05-11,7402,102.0,104.0,100.5,101.0,495925.0,50643903.0,119.3,119.7,120.825,121.53333333333333,122.51666666666667,123.00833333333334,25.33333333333333,25.333333333333343,-1.049251358412917,-0.09885211852394615,-0.9503992398889709,20.17047523108607,32.923822442909426,24.22028753653511,,131.5624161353259,120.825,110.08758386467412,693942.6,551667.55,0.7146484449866604,102.12008469022534
2026-05-11,7547,69.7,71.3,69.2,71.0,67406.0,4722749.0,72.64000000000001,71.09,70.215,63.669999999999995,58.835,56.417500000000004,58.7719298245614,58.7719298245614,1.6534576353277544,1.6785138398326827,-0.025056204504928292,22.942907114539118,9.783637773909764,44.106763646234285,,73.58125670597578,70.215,66.84874329402423,522862.0,232739.5,0.12891738164180988,70.06422276948639
2026-05-11,7556,277.5,300.0,275.0,285.0,843728.0,244280451.0,274.0,288.6,284.7,211.53333333333333,187.51666666666668,175.50833333333333,42.49084249084248,42.4908424908425,17.236704081330515,23.712347855233137,-6.475643773902622,23.588971243708652,21.20474433848659,49.15805251773228,,333.64185594312914,284.7,235.75814405687083,416179.2,290575.75,2.0273190010457034,289.5251206549978
2026-05-11,7584,27.9,28.55,27.45,28.4,16230.0,452605.0,32.14,32.375,32.5525,34.914166666666674,36.40708333333334,37.15354166666667,20.422535211267558,20.422535211267558,-0.6947205652613562,-0.5797583847493573,-0.11496218051199891,7.7328620311698435,29.578853887088663,34.35638782857955,,34.56887376443301,32.5525,30.536126235567,14860.2,29480.4,1.0921791092986635,27.88693776956254
2026-05-11,7631,123.5,131.5,122.0,128.5,107597.0,13652974.0,126.9,127.15,128.925,121.19166666666666,,,64.0,39.77272727272727,1.70537855773253,2.5168265511260812,-0.8114479933935512,25.04574489400364,25.198741564340022,20.363555120394096,,143.75837275768436,128.925,114.09162724231567,95758.8,110137.0,1.1236251916272968,126.8899132875452
2026-05-11,7642,68.2,71.0,68.2,71.0,24661.0,1721238.0,72.74,68.1,68.16499999999999,73.85,77.025,78.6125,64.50381679389312,64.50381679389312,-0.33353754610651265,-1.5955562752168788,1.2620187291103662,32.87291469984391,31.603598737778192,39.85267750517277,,78.18524792213515,68.16499999999999,58.144752077864844,111601.4,51640.95,0.22097393043456445,69.7959531243664
2026-05-11,7703,215.5,224.0,211.0,212.0,241150.0,52330633.0,212.5,210.15,214.35,210.20833333333334,210.10416666666666,210.05208333333334,56.36363636363637,56.36363636363637,-0.6050356357937687,-0.43354061844260033,-0.1714950173511684,27.78387532256994,17.187826354965193,19.77588444356809,,232.41159053437937,214.35,196.28840946562062,161826.2,172136.8,1.490178969783632,217.0044909807174
2026-05-11,7704,75.4,75.6,68.0,69.8,1330794.0,96101925.0,61.42,63.129999999999995,63.69,52.51,48.68,46.76499999999999,60.08583690987126,60.085836909871254,2.3538122840298854,3.010713513808146,-0.6569012297782604,39.816960041416614,14.778886620240373,51.40607778066551,,69.1698770635459,63.69,58.2101229364541,411107.4,233188.3,3.23709570783693,72.2139752658939
2026-05-11,7705,32.3,32.3,31.2,31.4,225105.0,7120458.0,32.209999999999994,32.665,33.6725,36.124166666666675,38.373333333333335,44.575208333333336,8.333333333333272,5.5555555555554434,-0.9651651061623241,-0.8537517433096196,-0.11141336285270453,10.073760001707676,46.12715898981968,31.061261637301524,,35.956880602445814,33.6725,31.38811939755418,109139.2,66212.5,2.0625494780976954,31.631718531352035
2026-05-11,7708,93.8,94.2,93.8,93.9,11377.0,1068595.0,91.96,91.81,91.88000000000001,92.57999999999998,93.33999999999999,93.72,70.37037037037032,70.37037037037032,-0.05162768378228577,-0.21601058259308237,0.1643828988107966,36.32417987447824,17.135588434911202,14.965725765526235,,93.09672554531896,91.88000000000001,90.66327445468106,20332.8,13609.5,0.5595392666037142,93.92590313790981
2026-05-11,7709,78.0,79.0,76.1,76.2,260852.0,20148096.0,82.64,76.61,73.88,65.61833333333333,61.80916666666667,59.904583333333335,58.97435897435897,58.97435897435897,4.008454159499465,3.261502967072163,0.7469511924273018,36.277920288323884,18.057037576649332,36.91521032712006,,85.79577459549007,73.88,61.964225404509925,1323674.4,506201.25,0.19706658978975497,77.23956879763237
2026-05-11,7712,170.5,173.0,151.5,151.5,3499207.0,560365826.0,132.2,122.75,119.35,106.65666666666667,94.57833333333333,88.53916666666667,76.92307692307692,76.92307692307692,6.273943101734773,3.5574426890035915,2.716500412731181,47.34486374699771,5.275706270510448,38.127946047230324,,139.57530983433207,119.35,99.1246901656679,1755762.2,860958.25,1.9929845852701464,160.1408050452574
2026-05-11,7713,67.4,68.2,67.4,68.1,13000.0,881200.0,68.32000000000001,68.07,67.84,,,,51.61290322580634,51.61290322580634,-0.2510102884255332,-0.43284335225354875,0.18183306382801556,19.24910020919482,21.647150640812423,14.018115254811239,,69.0529129790456,67.84,66.6270870209544,18660.0,14683.8,0.6966773847802786,67.78461538461538
2026-05-11,7714,126.5,128.5,125.0,125.5,91115.0,11529454.0,130.4,129.55,129.925,135.675,141.8375,144.91875,42.42424242424243,42.42424242424243,-0.9544445503009911,-1.228959255744916,0.274514705443925,17.838562994805514,23.30367517298596,17.20935963194915,,135.5095180727845,129.925,124.34048192721554,80164.8,54561.45,1.136596112009261,126.5373868188553
2026-05-11,7715,29.25,29.25,28.85,28.85,45740.0,1327502.0,28.4,28.214999999999996,28.355,29.66916666666667,30.459583333333335,30.854791666666664,81.4814814814815,81.4814814814815,-0.24811540396360954,-0.37862350580257337,0.13050810183896383,36.51563548310722,12.869684951130921,33.944834519227726,,29.213333759154946,28.355,27.496666240845055,91951.4,34286.05,0.49743668938156466,29.022780935723656
2026-05-11,7716,24.2,24.4,24.2,24.4,41269.0,1005088.0,,,,,,,34.78260869565213,34.782608695652144,-0.23321652950546934,-0.22140370702137768,-0.011812822484091656,12.820207586534307,23.99462374213446,17.03530806266652,,,,,,,,24.354551842787565
2026-05-11,7717,635.0,638.0,601.0,606.0,414423.0,254132555.0,656.4,681.8,734.8,706.05,654.525,628.7625,31.983805668016203,31.983805668016203,-30.38259379960664,-15.716467753427324,-14.666126046179315,16.35050509637949,23.124268529252596,20.00508834510865,,915.8467808112177,734.8,553.7532191887822,560886.0,597281.8,0.7388720702602668,613.2202001336799
2026-05-11,7718,49.0,49.0,48.3,48.3,7166.0,348632.0,48.870000000000005,48.075,47.902499999999996,46.8525,45.676249999999996,45.088125,68.05555555555554,68.05555555555554,0.34860767643312585,0.23390438532046354,0.11470329111266231,21.767534698632332,19.20358394148563,19.254445775984934,,49.68057554158388,47.902499999999996,46.124424458416115,11548.4,17538.8,0.620518859755464,48.650851241976
2026-05-11,7722,278.5,278.5,275.0,277.0,116787.0,32268505.0,279.8,281.05,292.225,356.45,461.31666666666666,548.2770833333333,37.83783783783784,23.80952380952381,-16.094250087278454,-18.48173355741815,2.3874834701396956,13.167367889815514,30.62457628245065,43.42457391118447,,317.1785884984461,292.225,267.2714115015539,130499.0,138943.05,0.8949263979034322,276.30219973113446
2026-05-11,7723,26.35,26.35,24.75,24.75,285131.0,7234353.0,27.47,28.635,30.442500000000003,32.06916666666667,32.10958333333333,32.12979166666666,14.666666666666657,14.666666666666657,-1.612276460010218,-1.159850635201231,-0.45242582480898696,14.456600003611467,43.677215886056345,45.944087462909465,,35.840674642755104,30.442500000000003,25.0443253572449,211266.6,120815.45,1.3496264908887632,25.372032504357644
2026-05-11,7728,751.0,751.0,707.0,709.0,154627.0,112113888.0,768.0,734.8,744.45,783.45,799.725,807.8625,52.857142857142854,52.857142857142854,-10.22163393949188,-15.493899819240514,5.272265879748634,21.00404784076059,17.923743227027774,23.190143669315123,,854.3044012485805,744.45,634.5955987514196,379809.8,280096.6,0.4071169306321217,725.0602288086816
2026-05-11,7732,35.85,35.85,35.25,35.8,4000.0,142700.0,35.82000000000001,35.76,35.555,,,,14.814814814814568,55.28455284552845,0.009107694430412039,-0.09574102049504583,0.10484871492545787,17.13913373220331,21.81430597521594,11.842516215674468,,36.55599950049947,35.555,34.55400049950053,13406.0,21180.0,0.2983738624496494,35.675
2026-05-11,7734,3960.0,4080.0,3710.0,3750.0,767189.0,3012143235.0,3713.0,3587.5,3278.25,2258.3333333333335,1779.1666666666667,1539.5833333333333,67.6923076923077,67.6923076923077,375.7122267687946,383.6703803119426,-7.958153543148001,33.741796837764085,9.063028135886702,63.10126195216423,,4207.133172077318,3278.25,2349.3668279226818,217060.8,425033.05,3.5344428842057156,3926.207538168561
2026-05-11,7736,74.2,76.5,74.2,75.2,55187.0,4175846.0,74.94,76.16,77.91499999999999,82.89000000000001,87.90916666666665,94.07416666666667,41.41414141414141,39.56043956043957,-1.9026392906159373,-1.8572621465351982,-0.04537714408073912,17.491624739123363,24.030786169380917,17.56913707730989,,82.62077472787071,77.91499999999999,73.20922527212927,50401.2,42065.35,1.0949540883947209,75.66720423288093
2026-05-11,7738,170.0,170.0,160.0,166.5,230074.0,38221485.0,175.2,177.3,178.725,177.79166666666666,173.39583333333334,171.19791666666666,21.73913043478261,21.73913043478261,-1.9937261852630002,-0.8627513622209104,-1.1309748230420897,6.772986416507903,33.10817924179593,22.3522941233309,,185.43300778331843,178.725,172.01699221668156,160957.4,76685.7,1.429409272267072,166.1269200344237
2026-05-11,7743,19.35,19.45,19.35,19.4,15112.0,293238.0,,,,,,,100.0,100.0,-0.11467156885558438,-0.08184054937777603,-0.03283101947780835,8.104906509961976,4.6324774452516415,32.502883229200386,,,,,,,,19.404314452091054
2026-05-11,7744,592.0,592.0,548.0,548.0,457678.0,253833893.0,558.8,536.2,519.175,448.225,375.1125,338.55625,71.42857142857143,71.42857142857143,23.87271326692121,22.301617880057147,1.5710953868640622,24.563852134694617,5.920901798432402,50.60669928970452,,569.9803820190835,519.175,468.36961798091636,248718.6,132280.75,1.840143841272828,554.6123977993261
2026-05-11,7747,,,,,52.0,6604.0,,,,,,,36.36363636363636,36.36363636363636,2.7236933061929847,3.1025758971009925,-0.3788825909080078,15.064589178095655,18.489321023138945,40.59340488075324,,,,,7442.4,13212.85,0.006986993442975385,127.0
2026-05-11,7751,1600.0,1625.0,1395.0,1625.0,534765.0,796261630.0,2010.0,2239.0,2201.5,1580.4666666666667,1211.2333333333333,1026.6166666666666,31.724137931034477,31.724137931034477,74.09631116580886,177.566862296104,-103.47055113029515,17.184597774675602,40.10521999397929,46.471645898608,,2778.3891164093684,2201.5,1624.6108835906316,293561.2,250439.1,1.8216474111701408,1488.9935392181612
2026-05-11,7753,41.8,42.0,41.55,41.7,36439.0,1518593.0,42.019999999999996,42.82000000000001,42.2575,41.78416666666667,42.442083333333336,42.77104166666667,8.163265306122554,8.163265306122554,0.31345578036694377,0.4860181227806084,-0.17256234241366464,13.266582438283006,10.981540458415942,38.68174704214352,,45.679299311227396,42.2575,38.835700688772604,54516.8,66329.95,0.6683994658527279,41.67493619473641
2026-05-11,7757,103.5,104.0,103.5,103.5,24262.0,2512773.0,104.9,105.4,106.6,107.925,108.4625,108.73125,14.285714285714292,14.285714285714292,-0.9669558469725104,-0.7622990260080488,-0.20465682096446158,8.169441493776139,22.50941450756645,25.452539144486206,,110.35008771827238,106.6,102.84991228172761,16399.6,19059.6,1.479426327471402,103.56825488418103
2026-05-11,7767,44.45,44.45,43.7,43.7,16000.0,700550.0,44.17,44.45,44.545,,,,19.99999999999983,19.999999999999844,-0.2539957944237088,-0.22076981337061932,-0.033225981053089465,14.802428851364121,15.664824883826345,23.300843291419444,,45.15189026147547,44.545,43.93810973852453,21800.0,16861.8,0.7339449541284404,43.784375
2026-05-11,7770,45.4,45.4,44.1,45.4,12448.0,560986.0,47.089999999999996,47.464999999999996,48.1175,49.6675,52.18375,53.441874999999996,23.91304347826089,23.91304347826089,-0.5690970422980399,-0.4523684291300288,-0.11672861316801114,16.23226459028987,28.103912269209104,28.300159057690088,,50.621869865066444,48.1175,45.613130134933556,15117.4,20487.25,0.8234220170135076,45.06635604113111
2026-05-11,7777,36.2,37.1,34.4,35.8,16806444.0,598598132.0,30.26,28.884999999999998,27.82,29.831666666666667,32.740833333333335,34.19541666666667,94.5945945945946,94.5945945945946,0.824766794218462,0.04756511103058686,0.7772016831878752,34.282985442063776,6.849838305202889,28.173603774870674,,32.22590512834767,27.82,23.41409487165233,4673886.2,2000097.9,3.5958179726327097,35.61717945806977
2026-05-11,7782,26.3,26.8,26.25,26.8,36602.0,965262.0,27.410000000000004,27.0,27.45,,,,56.00000000000002,56.00000000000002,-0.11203793443349142,-0.12978257686995753,0.017744642436466118,22.19488950586602,30.28242682901293,23.70705105543175,,29.815319606756194,27.45,25.084680393243804,24124.8,29553.9,1.51719392492373,26.371837604502485
2026-05-11,7792,306.5,306.5,289.5,293.0,281074.0,83203599.0,319.1,336.8,348.775,340.8666666666667,343.93333333333334,345.46666666666664,11.65644171779141,11.65644171779141,-7.724547923647208,-1.0179303009682577,-6.70661762267895,10.227341527856595,20.28570256572348,28.37474377274713,,388.2137933518846,348.775,309.33620664811536,249007.4,612981.3,1.1287776989760143,296.020261568128
2026-05-11,7805,733.0,733.0,702.0,709.0,149760.0,106520915.0,714.4,703.5,690.75,651.3166666666667,614.6583333333333,596.3291666666667,73.33333333333333,73.33333333333334,13.419306210596233,12.757845771571196,0.6614604390250367,21.557771772132817,8.984117833172496,35.39176654271795,,726.5616417413469,690.75,654.9383582586531,100053.0,101964.35,1.496806692453,711.2774772970085
2026-05-11,7810,235.0,250.0,234.5,240.5,381042.0,92815989.0,220.0,219.5,225.95,220.25833333333333,213.62916666666666,210.31458333333333,69.91150442477876,69.91150442477877,-2.3489461806306053,-2.5865635345007205,0.23761735387011518,26.475814404857438,16.789039233964527,20.102335278772664,,253.8764070464914,225.95,198.02359295350857,179002.4,145523.55,2.128697715784816,243.58466783189255
2026-05-11,8011,19.3,19.5,19.2,19.3,1060395.0,20518791.0,19.64,19.565,20.127499999999998,20.54416666666667,21.327916666666667,21.421249999999997,48.64864864864863,23.17073170731706,-0.3278007563798191,-0.2544300268836192,-0.07337072949619988,16.6253711233994,18.803888801133475,10.331211537943176,,21.54374968063342,20.127499999999998,18.711250319366574,1772096.8,2004914.7,0.5983843546244201,19.350139334870498
2026-05-11,8016,273.0,275.5,268.0,268.5,2551040.0,690783569.0,256.6,242.0,229.6,206.53333333333333,198.275,202.64166666666668,90.52631578947368,73.2394366197183,15.48295643021109,11.160223688821894,4.322732741389196,49.795073275656456,5.723490797965399,50.848230794020346,,270.1730011344084,229.6,189.0269988655916,3566118.6,2132427.1,0.7153547837696704,270.78507941859004
2026-05-11,8021,401.0,429.0,393.0,429.0,2029024.0,835451518.0,421.2,412.2,404.875,292.9,213.47,133.918125,66.45962732919254,52.05223880597014,33.7851166337461,38.94416387178233,-5.15904723803623,33.45167233529107,23.585781643762584,41.30168953096696,,476.2530704934518,404.875,333.4969295065482,1047741.4,5023601.05,1.9365694626555752,411.75043666314446
2026-05-11,8024,12.1,12.35,12.0,12.2,162983.0,1983176.0,12.43,12.565,12.729999999999999,12.919166666666666,13.034583333333332,13.092291666666666,25.0,25.0,-0.14209869334986713,-0.09803767262272982,-0.044061020727137315,4.5977975225773715,14.402526024089765,19.93904397172881,,13.268418737454509,12.729999999999999,12.191581262545489,95406.4,65153.4,1.7083025876670748,12.167992980863035
2026-05-11,8027,268.0,278.5,242.5,247.0,5912446.0,1539354342.0,210.5,202.85,186.75,139.57166666666666,128.28583333333333,122.64291666666666,87.94326241134752,87.94326241134752,20.383241802506234,18.342741731449248,2.040500071056986,45.012565377855005,1.7265195914223392,73.22979276498555,,238.60049357730878,186.75,134.89950642269122,3918342.2,11087231.95,1.5089151733608157,260.35829198270903
2026-05-11,8028,227.5,236.0,226.0,234.0,6507331.0,1511756694.0,233.3,236.7,220.625,192.33333333333334,179.68333333333334,161.19500000000002,29.629629629629633,66.92607003891051,12.344033954781224,13.277186445182416,-0.9331524904011914,23.172232350071038,14.36299598489201,29.509294351429784,,264.5614073945136,220.625,176.68859260548643,10809603.6,17471186.05,0.6019953405136892,232.31593628785748
2026-05-11,8032,42.05,42.5,41.0,41.5,117035.0,4885089.0,41.459999999999994,41.44,40.3725,37.372499999999995,37.08624999999999,36.943124999999995,50.0,50.0,1.3405616319049116,1.4032864045866986,-0.062724772681787,22.457414726463913,12.538052735459566,42.295679732245354,,44.2729014638171,40.3725,36.472098536182905,167004.8,813009.35,0.7007882408170305,41.740410988165934
2026-05-11,8033,146.5,147.5,143.5,144.0,11105416.0,1599389104.0,151.8,149.65,148.35,146.19166666666666,140.34166666666667,115.85249999999999,50.0,41.984732824427475,2.0557127085234583,2.0432340223574084,0.012478686166049968,27.604890452355303,23.8067536084278,17.14828510203493,,163.75027340837332,148.35,132.94972659162667,6746126.4,5798728.7,1.6461915092489223,144.01883765542865
2026-05-11,8034,24.0,24.2,23.75,23.8,454159.0,10868725.0,24.37,24.125,24.369999999999997,24.452499999999997,24.02625,23.813125000000003,49.24242424242426,49.24242424242426,-0.09124700026108457,-0.11544717982825758,0.02420017956717302,28.070766025153315,15.521259777084703,20.885592021285323,,25.837687045373745,24.369999999999997,22.90231295462625,1305440.4,642193.25,0.34789715409451094,23.931541596665486
2026-05-11,8038,41.7,42.9,40.65,40.65,375910.0,15722720.0,43.81999999999999,43.15,42.6325,43.45666666666666,45.55333333333333,46.60166666666667,39.99999999999999,40.0,0.24227410404385097,0.15010905199754157,0.0921650520463094,18.86225923918156,21.664778541389452,20.59302863339942,,44.90250463713882,42.6325,40.36249536286118,534957.6,376525.0,0.7026912039384056,41.82575616503951
2026-05-11,8039,133.0,137.0,130.0,135.5,7031534.0,939793276.0,135.8,136.4,139.225,114.78999999999999,94.33833333333334,71.65458333333335,47.368421052631575,44.3609022556391,3.8100716647897457,5.989256649081639,-2.1791849842918936,23.99037516471361,13.588997775260456,40.919180349492656,,152.00852146525526,139.225,126.44147853474473,7997994.2,15641196.95,0.8791621779370633,133.6540897050345
2026-05-11,8040,87.9,89.2,83.0,84.5,2447345.0,211119718.0,80.14,74.59,69.28999999999999,54.97083333333333,50.78541666666667,48.692708333333336,87.50000000000001,87.50000000000001,7.261505634123111,6.137362317653112,1.1241433164699988,38.355547728068,2.519153790983681,67.91855813016042,,84.94051201449288,69.28999999999999,53.63948798550711,4417694.6,2191272.6,0.5539869143512094,86.26479634052411
2026-05-11,8042,107.5,107.5,98.1,98.1,1904302.0,191855516.0,85.72,72.74,67.34,59.34166666666667,57.170833333333334,56.08541666666667,85.97449908925319,85.97449908925319,7.523478752003626,4.004577890800039,3.518900861203587,55.76757879904449,13.789283157583935,25.586811726296133,,90.97462223986349,67.34,43.705377760136514,17842907.4,6047677.55,0.10672599242430637,100.74847161847228
2026-05-11,8043,113.0,113.0,108.5,113.0,9804252.0,1103246476.0,95.96,91.13000000000001,90.325,79.11833333333334,78.10916666666667,77.60458333333332,85.38461538461534,85.38461538461536,5.047945323950984,3.6154690710516166,1.432476252899367,33.154488063128554,9.343914304019389,32.63072334989232,,104.77125247343812,90.325,75.87874752656188,14100407.0,9876938.4,0.695316950780215,112.52734793026536
2026-05-11,8044,23.95,25.55,23.5,25.55,3549304.0,89825634.0,23.4,23.0,23.104999999999997,24.6725,26.03625,26.718124999999997,83.72093023255816,83.72093023255816,-0.06052788251049179,-0.34646307085468786,0.28593518834419607,35.22120933445222,13.73296297096723,26.837052171555555,,24.76565934907923,23.104999999999997,21.444340650920765,984312.0,509574.35,3.605872934597973,25.30795727838472
2026-05-11,8045,77.0,77.5,74.2,74.6,412060.0,31070139.0,74.17999999999999,74.14,75.125,77.24166666666666,79.42083333333333,84.98666666666666,56.43564356435642,40.68627450980388,-0.5579090379979732,-0.5073544768626982,-0.05055456113527501,29.348640076461805,12.701640149693674,28.859116066196435,,79.37798656673195,75.125,70.87201343326805,388235.0,386973.95,1.0613674707329324,75.40197786730087
2026-05-11,8046,857.0,918.0,857.0,908.0,13746504.0,12287034400.0,929.2,939.8,842.85,603.525,434.10833333333335,288.5870833333333,29.875518672199163,60.93749999999999,89.26443985645005,98.57188613256552,-9.30744627611547,25.07662086820206,16.591028084265425,56.78064672691413,,1077.3871926514898,842.85,608.3128073485102,16142892.2,20139302.2,0.8515514958341852,893.8297620980578
2026-05-11,8047,53.9,53.9,51.2,51.2,128578.0,6679771.0,53.86,54.64,55.225,52.62083333333333,50.360416666666666,49.23020833333333,26.262626262626284,26.262626262626284,-0.2496655872095772,0.3054794455950458,-0.555145032804623,8.240801092080972,13.174135220256725,19.496840873804178,,57.87264045897446,55.225,52.577359541025544,100898.8,135791.3,1.274326354723743,51.95111916502046
2026-05-11,8048,62.1,65.2,61.6,61.8,537025.0,33932448.0,61.92,61.8,62.06999999999999,58.818333333333335,56.60916666666667,55.50458333333333,53.48837209302322,53.48837209302322,0.7623302067744859,0.8852680414682602,-0.12293783469377428,17.875277387794906,9.600571787802783,25.659302269393038,,65.33519121709742,62.06999999999999,58.80480878290257,414111.0,479774.9,1.296814139204223,63.18597458218891
2026-05-11,8049,26.3,26.9,25.8,25.8,378937.0,9917389.0,25.34,25.294999999999998,25.354999999999997,25.7375,26.09375,26.271875,92.30769230769222,92.30769230769222,-0.04743931062913376,-0.09724530826144806,0.0498059976323143,38.35584146155936,9.781488005867297,17.16759662736236,,25.794976075904636,25.354999999999997,24.915023924095358,227715.8,146261.95,1.6640786453992213,26.17160372304631
2026-05-11,8050,49.55,49.55,46.85,47.0,1644102.0,79109900.0,44.940000000000005,43.38,42.55,41.83416666666667,41.91708333333334,41.95854166666666,98.2300884955752,98.2300884955752,0.9734993446543001,0.49891751012200003,0.4745818345323001,45.440959153000556,3.9149714865844802,41.34981561462793,,45.67965442854404,42.55,39.420345571455954,853673.6,562688.3,1.925914073013386,48.11739174333466
2026-05-11,8054,102.5,108.5,101.0,102.5,3234820.0,338864998.0,106.8,106.4,105.64500000000001,109.56333333333333,117.78166666666667,121.89083333333333,37.93103448275862,37.93103448275862,0.34159389890905345,0.22380745147476416,0.11778644743428929,13.205804438326615,13.41974429529094,21.051719360674305,,110.13802383233069,105.64500000000001,101.15197616766933,3015169.4,3184267.4,1.0728485106010959,104.75544172473275
2026-05-11,8059,19.55,19.95,18.55,18.65,540043.0,10233300.0,20.169999999999998,20.355,20.2825,19.300833333333333,19.575416666666666,19.712708333333335,13.207547169811335,13.207547169811335,0.2667689591744029,0.42354764742431794,-0.15677868824991503,16.588956515128267,19.232707190873626,41.47965187809247,,21.3664863079346,20.2825,19.198513692065397,420720.2,541845.05,1.2836155715841548,18.949046649988983
2026-05-11,8064,118.5,127.0,117.5,120.0,6214844.0,760278943.0,109.5,107.75,99.625,72.55083333333333,62.775416666666665,57.887708333333336,64.54545454545455,64.54545454545453,10.172277657790502,10.168890624824629,0.0033870329658736154,40.101023752577106,13.24574409581184,61.65873105766436,,125.60854742605589,99.625,73.64145257394411,9888793.4,9155066.15,0.628473439439032,122.33274769246017
2026-05-11,8066,16.35,16.4,16.0,16.05,90284.0,1461564.0,16.75,17.28,17.697499999999998,18.975833333333334,19.71291666666667,20.081458333333334,12.500000000000014,12.500000000000014,-0.5699635306204236,-0.4610001736833303,-0.1089633569370933,6.708784024756303,43.390822420514134,69.41719337768302,,18.972141332421042,17.697499999999998,16.422858667578954,93563.2,71697.3,0.964952032423004,16.18851623765008
2026-05-11,8067,12.9,12.9,12.35,12.65,7610.0,96715.0,,,,,,,100.0,100.0,-0.3230917151602313,-0.32381882443789584,0.0007271092776645616,13.814994911503206,4.792159248337012,25.786371115336486,,,,,,,,12.708935611038108
2026-05-11,8068,21.4,22.5,21.0,21.0,511995.0,11125240.0,22.95,23.335,23.5025,22.889999999999997,23.295,23.4975,23.46938775510202,23.46938775510202,0.027865488927552917,0.24461598092269174,-0.21675049199513882,12.8450768812842,20.106811658763426,33.499342309456566,,25.127137611414,23.5025,21.877862388586003,488415.2,559089.05,1.0482781862644732,21.729196574185295
2026-05-11,8069,226.0,226.0,208.0,210.0,9356738.0,2005466604.0,166.5,152.25,148.9,157.375,163.9375,167.21875,84.36018957345972,84.36018957345972,5.231984481677074,-0.944645233523984,6.176629715201058,53.033217969720724,10.579039874897154,36.21841106380048,,182.93805919385227,148.9,114.86194080614774,17090815.0,9372763.3,0.5474717267725383,214.33394886123776
2026-05-11,8070,48.7,48.8,47.8,48.25,2643728.0,127484988.0,48.57000000000001,47.96,47.8575,45.749166666666675,45.197916666666664,43.1725,57.142857142856805,48.46625766871166,0.8029618686582936,0.8430513250867323,-0.04008945642843875,23.366650932703088,20.443129513270268,12.424993798462152,,49.60807133530723,47.8575,46.106928664692774,3400146.8,4050090.15,0.7775334876717677,48.221673334019236
2026-05-11,8071,18.15,19.25,18.0,19.0,3466619.0,64691919.0,17.48,16.91,16.682499999999997,16.78333333333333,17.091666666666665,17.24583333333333,75.49019607843141,75.49019607843141,0.2972783155914378,0.07846451918458537,0.21881379640685245,32.98141480378293,9.13568612802663,26.55633600001458,,18.002896670861073,16.682499999999997,15.362103329138922,1199476.6,476970.35,2.8901097361966044,18.66138707484151
2026-05-11,8072,28.4,28.4,27.5,28.0,343138.0,9524518.0,28.419999999999998,28.105,28.627500000000005,29.05666666666667,30.279583333333335,36.506875,61.702127659574494,37.96296296296296,-0.09527789832850075,-0.08834811452391941,-0.006929783804581341,18.05165045518662,20.72729731057621,13.515666416279021,,29.967364486473095,28.627500000000005,27.287635513526915,228576.0,263203.75,1.5011987260254795,27.757106470283095
2026-05-11,8074,80.0,80.1,73.8,75.6,4415194.0,334891726.0,81.1,81.5,78.52,68.33333333333333,66.66666666666667,65.83333333333333,41.39194139194139,41.39194139194139,3.6512725414524425,4.305309748962889,-0.6540372075104468,21.094861513571786,14.26314815083996,43.450651125743505,,88.8241330491573,78.52,68.2158669508427,5334541.2,7779156.5,0.8276614303775552,75.84983264608532
2026-05-11,8076,25.05,25.2,23.9,23.9,2072714.0,50561057.0,23.369999999999997,22.86,22.8475,23.4475,23.123749999999998,22.961875000000003,69.13580246913578,69.13580246913578,-0.09166859783119463,-0.27106900742375506,0.17940040959256043,30.470229895438507,13.505183898722217,24.306647231294534,,23.9911207505343,22.8475,21.7038792494657,1490294.2,952813.15,1.390808606783815,24.3936486172236
2026-05-11,8077,,,,,25.0,1073.0,,,,,,,0.0,0.0,-1.3825398758038503,-1.046226839139315,-0.33631303666453527,0.465855590718772,9.599948378037453,78.96025029623083,,,,,,,,42.92
2026-05-11,8080,28.0,28.0,27.3,27.4,142044.0,3930291.0,29.080000000000002,28.76,28.6775,29.824166666666667,30.312083333333337,30.556041666666665,37.49999999999997,37.49999999999996,-0.22196685515950776,-0.27637779806570467,0.05441094290619691,9.878799432618738,16.917576806736474,17.052505195640645,,29.81604708891826,28.6775,27.538952911081736,66219.2,49187.5,2.1450576267910213,27.669531976007434
2026-05-11,8081,254.5,268.0,252.5,264.0,1483330.0,386871952.0,261.2,257.15,249.025,240.425,228.12916666666666,226.21875,66.66666666666666,64.28571428571428,6.800081417731661,5.91142828553628,0.8886531321953814,28.95412241075312,16.189755879694804,26.721170358971747,,271.42912321074107,249.025,226.62087678925892,1470116.8,1063969.15,1.0089878572913389,260.8131380070517
2026-05-11,8083,174.0,174.0,171.0,171.5,50295.0,8644583.0,174.3,175.25,174.85,172.30833333333334,169.90416666666667,168.70208333333332,28.57142857142857,28.57142857142857,0.5748229348236862,1.0349119217807843,-0.4600889869570981,12.813014948855628,22.53164500198553,16.99389963920889,,178.3458622157604,174.85,171.35413778423958,78035.8,80541.75,0.6445118778816902,171.87758226463862
2026-05-11,8084,44.45,44.95,42.3,43.3,60937.0,2631860.0,44.92,44.62,44.9825,48.91916666666667,51.20958333333333,52.354791666666664,37.31343283582093,37.31343283582093,-0.9498380166156863,-1.105229341908831,0.1553913252931447,14.673342392632502,23.097571957690473,23.31853725130666,,47.30136428644426,44.9825,42.66363571355574,74173.4,62847.55,0.821547886439074,43.18985181416873
2026-05-11,8085,11.8,12.0,11.2,11.45,730149.0,8388843.0,12.17,12.395,13.070000000000002,15.439166666666667,16.094583333333336,16.422291666666666,24.999999999999957,24.999999999999957,-0.8776939802633112,-0.8846061744291156,0.006912194165804353,8.133419560316856,33.09028282594066,44.90416071834032,,15.352519383672755,13.070000000000002,10.78748061632725,605507.8,402555.2,1.2058457380730685,11.489220693310543
2026-05-11,8086,155.5,160.0,148.5,150.0,7733493.0,1185160856.0,156.0,150.65,147.95,131.7,119.85,113.925,58.82352941176471,58.82352941176471,5.126284030807426,4.98236013849893,0.14392389230849645,24.92619339152301,9.818493309695645,44.18557794923573,,159.40195915208668,147.95,136.4980408479133,17667577.0,14149899.85,0.4377223317040022,153.25039487331276
2026-05-11,8087,34.3,35.5,34.1,34.1,99641.0,3481326.0,33.21,33.435,34.08,32.530833333333334,30.71541666666667,29.80770833333333,54.71698113207547,54.71698113207547,-0.037257744006460314,0.08751859955961605,-0.12477634356607636,22.256113601186744,12.145787746298788,20.858051290347234,,36.062927129271216,34.08,32.09707287072878,63415.4,40366.2,1.5712429472967133,34.93868989672926
2026-05-11,8088,56.3,56.3,53.8,54.0,2967614.0,162752637.0,54.260000000000005,52.35,51.39,52.37083333333333,53.38541666666666,53.89270833333333,81.35593220338983,81.35593220338983,0.5744795124438866,0.024956479597020267,0.5495230328468663,13.760892951656926,8.928693412720499,22.29700080287304,,54.836371089161844,51.39,47.94362891083816,4112484.0,2239074.65,0.7216110749610212,54.84292667442599
2026-05-11,8089,20.5,20.8,20.0,20.0,154827.0,3146651.0,20.98,20.525,20.6625,23.5525,25.47625,26.438125,49.5798319327731,49.579831932773104,-0.5707847148367939,-0.7833435594287401,0.21255884459194618,18.140377908202577,20.984553846366158,39.19863984003851,,22.146759517668595,20.6625,19.178240482331407,391359.0,307705.3,0.3956137459468161,20.3236580183043
2026-05-11,8091,215.5,237.0,212.5,237.0,2902556.0,675257714.0,199.7,196.35,191.525,161.31666666666666,149.65833333333333,143.82916666666668,87.5,87.5,10.421767356443553,9.263514222037543,1.15825313440601,36.285439451680645,4.9570570269703556,57.824297159744674,,215.00954138812378,191.525,168.04045861187623,1148574.8,1373787.5,2.527093577188007,232.64244135169142
2026-05-11,8092,16.0,16.15,15.35,15.8,91010.0,1431162.0,17.56,16.64,15.7,14.190833333333334,14.295416666666666,14.347708333333333,50.0,50.0,0.9978225455372236,0.8928542068951797,0.10496833864204391,25.585323371741097,23.715757155167562,52.334392709258566,,18.79736730313446,15.7,12.602632696865538,145823.4,197107.15,0.6241110823091494,15.725326887155259
2026-05-11,8093,18.6,18.95,18.05,18.05,39437.0,723556.0,19.29,19.325,19.4675,19.68916666666667,19.819583333333334,19.88479166666667,31.74603174603176,31.74603174603176,-0.19107977549856514,-0.12088949413723131,-0.07019028136133383,7.015443191069782,16.736463525130972,22.20915160673703,,20.447443607400093,19.4675,18.48755639259991,31767.4,23224.85,1.2414298935386592,18.347135938332023
2026-05-11,8096,97.8,98.1,93.2,95.9,11234542.0,1072889900.0,96.06,93.03999999999999,91.86999999999999,82.43,78.16499999999999,76.0325,88.50574712643679,88.50574712643679,2.52144259854758,2.366572976073871,0.15486962247370872,19.454626377545083,10.853549477234882,28.161916087633042,,97.76418982424329,91.86999999999999,85.97581017575669,16224331.8,12294089.15,0.6924502123409483,95.49921127180797
2026-05-11,8097,52.7,54.6,52.7,53.7,211793.0,11392170.0,52.36,51.7,52.05,54.57333333333334,55.33666666666667,55.718333333333334,75.9259259259259,75.9259259259259,-0.5981267484058321,-0.9339278613789477,0.33580111297311555,19.937060475219752,10.86377447893467,16.496492078485964,,54.82242056504294,52.05,49.277579434957055,108038.8,97152.05,1.960342025272402,53.78917150236315
2026-05-11,8099,59.4,61.9,57.6,59.5,203112.0,12030672.0,61.35999999999999,62.75,64.86500000000001,65.51833333333333,67.85916666666667,69.02958333333332,20.25316455696202,20.25316455696202,-1.2217537868927906,-0.6680148165875128,-0.5537389703052777,10.036128115582091,26.554385844121974,22.64227922817295,,71.22681867409824,64.86500000000001,58.50318132590178,69021.8,123073.15,2.9427224442132776,59.2317145220371
2026-05-11,8101,12.45,12.6,12.45,12.6,8799.0,109926.0,12.459999999999997,12.64,13.132499999999999,,,,53.99999999999998,40.740740740740755,-0.488490876037579,-0.4738290763972192,-0.014661799640359796,25.589627589944385,34.98890350031158,17.656454144821517,,14.344837889326387,13.132499999999999,11.92016211067361,13394.4,9058.8,0.6569163232395628,12.493010569382884
2026-05-11,8102,63.4,63.4,62.0,62.0,30120.0,1882640.0,68.38,68.39000000000001,67.75,,,,32.60869565217391,32.60869565217391,2.103584943664302,2.8587309482522336,-0.7551460045879317,14.237385557363533,16.48592278761375,52.01385633423152,,73.57643702626673,67.75,61.92356297373326,60165.4,94742.85,0.5006199576500779,62.50464807436919
2026-05-11,8103,120.0,122.5,115.0,115.5,3439232.0,404135589.0,118.5,120.95,108.56500000000001,95.97,84.82750000000001,66.27166666666668,24.324324324324323,62.096774193548384,7.988691991627533,7.9386708520559175,0.05002113957161569,26.136868973874854,14.168797330195101,35.27445571380203,,135.96398384592908,108.56500000000001,81.16601615407096,2822764.6,4197760.1,1.218391360016347,117.50751010690759
2026-05-11,8104,34.0,35.3,33.75,34.7,786349.0,27238537.0,34.54,34.165,35.3625,35.374166666666675,33.855,35.963541666666664,67.05882352941174,29.381443298969103,-0.1086745275388381,0.007706074790097068,-0.11638060232893517,20.163690388008842,20.331586671600622,11.303830432055406,,39.395113753412375,35.3625,31.32988624658762,871405.4,2031083.3,0.9023916996612599,34.639246695805554
2026-05-11,8105,13.55,13.75,13.3,13.45,1849601.0,25054655.0,13.55,13.430000000000001,13.757499999999999,13.122499999999999,12.336666666666668,12.662333333333333,55.1724137931034,40.298507462686544,0.05018114532504114,0.10610447675407567,-0.05592333142903452,23.92515139664378,18.3165750404884,16.639298739935967,,14.649732563499374,13.757499999999999,12.865267436500623,1720276.0,2166816.25,1.0751768902199415,13.545978294778172
2026-05-11,8107,11.65,11.65,11.45,11.5,63254.0,730093.0,12.09,12.45,12.7075,13.625833333333334,14.462916666666667,14.881458333333335,22.91666666666663,22.91666666666663,-0.3467891668068166,-0.2719898995879521,-0.07479926721886448,13.10391466944558,31.38963015767021,29.6131334173488,,13.600911557193193,12.7075,11.814088442806806,188157.0,131576.15,0.33617670349761103,11.54224238783318
2026-05-11,8109,113.0,114.5,112.5,113.0,136298.0,15451066.0,119.0,119.05,115.875,108.68333333333334,107.34166666666667,106.67083333333333,38.095238095238095,38.095238095238095,3.1021272757543557,3.529735421689978,-0.42760814593562246,19.30399909053006,15.701329758676701,47.894840680134635,,126.72747970693696,115.875,105.02252029306304,259262.0,212188.65,0.5257152995811187,113.3623824267414
2026-05-11,8110,50.3,52.6,50.0,50.7,17995619.0,921948370.0,50.339999999999996,48.470000000000006,48.3925,56.785833333333336,46.497083333333336,29.94708333333333,73.30677290836653,58.21167883211678,-0.7417720653706041,-1.472673619152074,0.7309015537814698,24.538397522166218,23.871525715041113,12.059809229735428,,52.30311645429868,48.3925,44.481883545701315,22021438.6,13075248.9,0.8171863485794247,51.2318231454
2026-05-11,8111,65.1,65.7,62.4,62.4,2184562.0,138708493.0,66.76,68.05,70.56,67.06,66.23,65.815,20.338983050847474,20.338983050847474,-0.40190349211630405,0.4623317708678627,-0.8642352629841668,10.627125175617318,16.373496749553272,22.137567594415042,,80.03892954205058,70.56,61.08107045794942,2724814.2,6100554.8,0.8017287931044986,63.49487586069885
2026-05-11,8112,89.6,89.7,84.7,86.8,28614697.0,2463202556.0,86.92,85.86999999999999,85.24,80.21833333333333,73.53375000000001,60.02583333333333,75.24752475247523,52.012383900928796,1.6226352100749182,1.5708313890087926,0.05180382106612558,26.983863653016314,14.767812255342022,16.303595013625937,,90.1785273747925,85.24,80.3014726252075,22568945.6,20213930.5,1.267879213639471,86.08172772194652
2026-05-11,8114,209.5,218.0,208.0,218.0,3561304.0,763777902.0,190.7,187.85,182.525,179.125,186.01666666666668,226.72083333333333,86.17021276595744,75.30864197530865,5.59971769521988,3.0038545063388966,2.5958631888809833,47.885784501159215,11.645398932045275,28.533670359894312,,206.91972548685098,182.525,158.13027451314903,1714844.8,1009546.25,2.076750035921618,214.46579735961885
2026-05-11,8121,36.0,37.0,33.6,34.0,3289040.0,115448828.0,31.839999999999996,30.454999999999995,29.472500000000004,26.983333333333334,27.04166666666667,27.070833333333333,75.46296296296295,75.46296296296295,1.59175682832484,1.1935364755718236,0.39822035275301637,26.50025144297954,3.6807175474531855,48.19439330066102,,33.288322322907575,29.472500000000004,25.656677677092432,2428914.4,1869601.2,1.3541193547207757,35.10107143725829
2026-05-11,8131,67.9,69.6,67.1,67.5,7462002.0,510131784.0,69.1,66.15,63.53499999999999,66.0,54.297916666666666,40.65229166666667,66.34146341463416,60.67708333333334,1.5817245017758808,0.7769215658328683,0.8048029359430124,25.228052829628183,24.413447496890107,11.265832705082978,,71.56055785895029,63.53499999999999,55.50944214104969,15127967.2,8030598.2,0.4932587373669081,68.36393021604658
2026-05-11,8147,185.0,197.5,184.0,189.0,3746930.0,713115009.0,164.8,165.3,164.125,141.575,124.2875,115.64375,65.33333333333334,65.33333333333334,5.655091823253116,5.916803586202985,-0.26171176294986864,31.2667062481263,10.08286743926277,45.03798250700396,,179.2625274348931,164.125,148.9874725651069,1779416.0,1309492.2,2.105707715340314,190.319810885178
2026-05-11,8150,95.0,97.9,90.3,91.0,51675179.0,4787948288.0,91.02000000000001,80.45,75.07,64.91499999999999,52.27166666666667,39.58624999999999,79.94350282485877,68.32298136645963,7.620058082338431,5.403445964981554,2.2166121173568776,41.02159616315017,9.422558252526239,34.491614951799555,,96.15090680162876,75.07,53.98909319837122,65814677.0,46936113.1,0.7851619328010985,92.65470155410588
2026-05-11,8155,423.0,424.0,393.0,399.0,2666385.0,1081675771.0,436.0,425.9,408.175,294.775,254.6375,234.56875,40.0,39.99999999999999,33.77292544241459,38.69657941028373,-4.923653967869143,21.593202809574176,13.73708357580597,58.725404037135405,,470.98237050278146,408.175,345.36762949721856,4236610.0,5269384.35,0.6293675839881414,405.67126315217047
2026-05-11,8162,56.7,57.0,54.8,55.0,776883.0,43299085.0,54.14,52.32000000000001,48.72,41.915,38.94958333333333,,79.45205479452054,71.42857142857143,3.7000846308708617,3.2803407403204363,0.4197438905504254,34.92263113678952,14.370568644757462,40.93360713716907,,59.06104748842696,48.72,38.37895251157304,914398.4,1169736.1,0.8496110666860309,55.73437055515438
2026-05-11,8163,29.75,30.25,29.15,30.2,2268295.0,67154368.0,28.830000000000002,27.825,27.93,28.995833333333334,31.29416666666667,33.677083333333336,100.0,64.91228070175438,0.17476441491983508,-0.18252978396076158,0.35729419888059666,39.07998565518053,12.940702141567161,23.927808723900533,,29.85474195126055,27.93,26.00525804873945,2354848.2,1257705.9,0.9632446796358253,29.60565887593986
2026-05-11,8171,23.6,23.9,22.9,22.9,171539.0,3996080.0,22.869999999999997,22.88,23.19,25.509999999999998,26.93,27.64,49.57264957264957,49.57264957264957,-0.5564735361361564,-0.6805473078888445,0.12407377175268819,22.32880683325174,12.93912207886994,41.39919135448308,,24.48273272362738,23.19,21.897267276372624,424071.8,184171.75,0.40450461454876274,23.29546050752307
2026-05-11,8176,10.5,10.65,10.1,10.15,274233.0,2801542.0,10.19,10.24,10.3475,10.959166666666668,10.979583333333332,10.989791666666665,33.33333333333333,33.33333333333333,-0.23733816186497947,-0.2508107626948865,0.013472600829907033,19.529466996965684,14.649023803004516,19.65690772161856,,10.677531896385187,10.3475,10.017468103614814,236333.6,212218.9,1.1603639939475385,10.215918580185463
2026-05-11,8182,35.1,36.15,34.0,34.05,796764.0,27842158.0,39.07,38.15,37.7675,31.015833333333333,29.182916666666667,28.266458333333336,40.63492063492062,40.63492063492062,1.911262663504644,2.2705951884842497,-0.35933252497960577,26.768369661638857,14.742760366406275,70.08106931524664,,42.08457442360543,37.7675,33.450425576394565,2840489.2,2035453.9,0.2805023867015583,34.94404616674448
2026-05-11,8183,30.8,31.25,29.95,30.1,466303.0,14205558.0,32.47,32.875,33.864999999999995,33.8375,32.51875,31.859375,27.007299270073005,27.007299270073005,-0.6712771118333194,-0.3889889568880259,-0.28228815494529347,10.439148821049583,23.83360751511496,15.81945717640773,,37.4112508000481,33.864999999999995,30.318749199951892,898652.2,820149.7,0.5188915133129369,30.46422176138691
2026-05-11,8201,12.6,13.0,12.6,12.75,73782.0,943380.0,12.719999999999999,12.780000000000001,13.125,13.5375,14.0725,13.369833333333332,33.33333333333333,36.84210526315792,-0.16498298833571567,-0.13033139380431516,-0.034651594531400515,20.78898494073701,20.63906453706527,14.004348638293965,,13.885539974380775,13.125,12.364460025619225,65955.2,78684.65,1.1186684294794043,12.7860453769212
2026-05-11,8210,1455.0,1555.0,1455.0,1555.0,3683014.0,5651291425.0,1370.0,1258.5,1143.65,992.9166666666666,933.625,692.8770833333333,92.92929292929293,83.64779874213836,121.60137097722895,83.45593066586126,38.14544031136769,46.39772854828469,3.80392243066517,49.64560069273542,,1470.268576839785,1143.65,817.0314231602151,5132455.6,3971373.5,0.7175929588168284,1534.4202940852247
2026-05-11,8213,39.0,41.8,39.0,41.8,6809218.0,283740915.0,38.36,37.56,37.225,35.78666666666666,34.748749999999994,33.45645833333334,98.26086956521736,66.49214659685865,1.007741781153932,0.743694902372911,0.26404687878102095,40.109464495256226,10.895376397390336,29.9508711151576,,40.60240167958513,37.225,33.847598320414875,1987428.6,1400202.15,3.4261447178530084,41.67011762584191
2026-05-11,8215,27.2,28.1,27.05,27.8,2891885.0,79890487.0,28.810000000000002,27.190000000000005,26.922500000000003,23.47833333333333,21.964166666666664,22.8,59.51219512195122,53.665689149560116,1.1370906542416535,1.0960145564250394,0.04107609781661403,34.48190604086169,22.99408711076203,25.935029061267276,,30.274086427193545,26.922500000000003,23.57091357280646,9189955.4,5424178.55,0.3146788938714545,27.625748257624352
2026-05-11,8222,37.65,37.65,34.85,35.5,833790.0,29690092.0,37.13,36.335,36.605,37.894999999999996,40.63166666666667,47.218333333333334,52.941176470588225,39.170506912442384,-0.04953638385426018,-0.15875642919553412,0.10922004534127394,27.979562087367565,26.183389046630445,17.118414963296754,,39.07437025852526,36.605,34.13562974147473,515203.6,483118.2,1.6183699026947793,35.60859688890488
2026-05-11,8227,212.0,215.0,207.0,208.0,994454.0,210073026.0,207.1,180.55,162.875,141.675,140.3375,139.66875,69.09722222222223,69.09722222222223,19.157047606477477,12.893461881592739,6.263585724884738,41.358722117141,16.095668219558643,48.49677658098576,,218.96691235444683,162.875,106.78308764555318,4799825.0,2055489.05,0.20718547030360482,211.24458848775308
2026-05-11,8234,68.1,73.3,68.1,70.8,3515085.0,250943520.0,71.82,69.57000000000001,66.69500000000001,66.39,68.445,69.47250000000001,67.88990825688072,67.88990825688072,2.0638004364249554,1.3970887272098624,0.6667117092150929,19.358311324305838,12.066000049191885,36.10298749916971,,74.99401072100582,66.69500000000001,58.39598927899419,2658298.0,1747609.65,1.3223066036990585,71.39045570732998
2026-05-11,8240,65.6,66.3,62.2,62.6,1664280.0,105348374.0,67.24000000000001,66.8,66.4,53.65166666666667,46.575833333333335,43.03791666666666,33.88429752066118,33.88429752066118,2.479572432911688,3.3740886913509778,-0.8945162584392898,12.587662760301408,15.0861529430056,43.94468615656071,,69.6991226904,66.4,63.10087730960001,2638644.8,4801005.35,0.6307328671142096,63.29966952676232
2026-05-11,8249,50.0,51.5,49.85,51.0,831415.0,42263702.0,50.35,49.655,49.7175,53.2575,53.14,52.83770833333334,65.97938144329896,55.27638190954773,-0.17260545796496274,-0.5105501140573362,0.33794465609237345,22.806335012539318,23.206835691759892,16.25420565996155,,51.6229699655133,49.7175,47.8120300344867,676582.2,595216.2,1.228845512045691,50.83346102728481
2026-05-11,8255,146.0,149.5,138.0,141.0,1515924.0,218398634.0,144.2,140.75,136.725,129.175,127.0875,126.04375,62.50000000000001,62.50000000000001,4.341358140302276,3.7580217318382143,0.5833364084640618,17.73236747221017,7.441087775694897,39.09904386756183,,148.79704251675395,136.725,124.65295748324603,1065622.0,835653.65,1.4225719814343172,144.06964597169778
2026-05-11,8261,127.0,137.5,124.5,135.0,12187966.0,1618820553.0,127.1,123.0,120.975,106.33166666666666,99.86666666666666,90.97041666666668,82.3529411764706,60.22727272727273,5.5204194910127455,4.910194761881152,0.6102247291315939,33.925501072892274,12.696398106683906,32.140259807898296,,134.59570791884704,120.975,107.35429208115293,6490288.6,5293581.9,1.8778773566401963,132.82122324594604
2026-05-11,8271,264.0,266.0,247.0,256.0,11446359.0,2946318547.0,247.9,233.65,211.4,160.85833333333332,130.40333333333334,92.83312499999998,90.0,68.67088607594937,24.69617358878031,21.59673339255098,3.099440196229331,45.63626970388868,10.621169419231473,42.13963473310809,,277.1768156243842,211.4,145.6231843756158,3397951.8,5561094.35,3.3686054640327745,257.402248784963
2026-05-11,8272,76.0,76.0,72.5,74.9,7870.0,580091.0,73.05999999999999,71.46000000000001,71.16,74.41666666666667,76.90833333333335,78.15416666666667,60.698689956331904,60.698689956331904,-0.07107201233981186,-0.7520864891440493,0.6810144768042374,25.176837154521177,9.996408992896576,50.14687262645646,,75.49074686642541,71.16,66.82925313357458,47333.6,20838.4,0.1662666689201751,73.70914866581957
2026-05-11,8277,6.53,6.73,6.52,6.58,160805.0,1056985.0,7.078,7.481,7.6425,8.422666666666666,9.136333333333333,9.493166666666667,11.538461538461533,11.538461538461533,-0.29633554997554157,-0.2145488528883033,-0.08178669708723826,4.619203932459161,23.68929091658102,36.423586086214726,,8.438856836177312,7.6425,6.846143163822688,169066.2,369300.0,0.9511363004550879,6.573085414010758
2026-05-11,8279,98.6,98.6,97.0,97.0,11300.0,1100560.0,97.76,98.16,100.405,112.25166666666668,122.12583333333333,127.06291666666667,41.46341463414633,41.46341463414633,-3.2643000698442677,-3.6226398216318754,0.3583397517876077,27.222692892288435,32.17905239152345,51.03647551582683,,107.52930236658482,100.405,93.28069763341519,38208.8,25846.2,0.2957433889575176,97.39469026548673
2026-05-11,8284,63.6,63.8,63.5,63.8,24543.0,1564540.0,63.98,63.970000000000006,63.94,63.365,63.2325,63.166250000000005,44.999999999999964,44.999999999999964,0.12586061458041087,0.1630835890309815,-0.03722297445057063,18.629059993168543,16.313235440247293,14.841601524846945,,64.21067167915145,63.94,63.66932832084854,20113.4,20426.6,1.2202312885936737,63.7468932078393
2026-05-11,8289,54.6,56.2,53.1,54.0,3413868.0,186184178.0,50.38,48.01,47.347500000000004,37.23583333333333,31.017916666666668,27.908958333333334,73.96121883656508,73.96121883656508,3.1628418134079936,2.9175796895492105,0.2452621238587831,32.163377722956966,3.287810639286934,67.22847149549256,,53.27402156789602,47.347500000000004,41.420978432103986,5576397.8,6309960.7,0.6121995098699737,54.53760309420282
2026-05-11,8299,2850.0,2850.0,2650.0,2650.0,13037341.0,35862892335.0,2445.0,2183.5,1966.75,1881.3333333333333,1935.6666666666667,1962.8333333333333,89.0625,89.0625,184.5370926768801,103.79610085492041,80.74099182195968,32.511493925671985,6.045585825132914,43.07284111772092,,2605.1713672060664,1966.75,1328.3286327939336,12613770.6,12487816.8,1.0335799986722447,2750.7827198045984
2026-05-11,8341,76.1,76.4,75.8,76.1,201442.0,15312082.0,75.4,74.95,75.3,76.43166666666666,78.44749999999999,77.28166666666668,81.81818181818159,59.99999999999995,-0.24309616568356773,-0.42459810084957006,0.18150193516600233,28.84757665710616,23.052448213826445,17.880104794979612,,76.67649440322157,75.3,73.92350559677843,327088.2,264545.9,0.61586446713761,76.01236087806912
2026-05-11,8342,91.0,91.1,89.8,89.8,4004.0,363354.0,,,,,,,50.0,50.0,-0.030688926881978773,0.8021580070727299,-0.8328469339547087,0.5801856939138639,3.125371153301791,60.194977640851135,,,,,,,,90.74775224775225
2026-05-11,8349,41.4,41.45,40.9,41.4,137077.0,5636312.0,44.02,44.589999999999996,44.8725,43.2425,43.32125,43.360625000000006,23.61111111111113,23.61111111111113,0.09756880265830148,0.4563381374013414,-0.3587693347430399,12.30116115947421,18.750612123955452,35.16034049566407,,46.67059109306149,44.8725,43.074408906938515,341861.4,336808.1,0.4009724408780868,41.11785346921803
2026-05-11,8354,17.2,18.05,17.05,17.3,162862.0,2857720.0,15.73,15.765,15.85,15.496666666666666,15.348333333333333,15.274166666666666,73.77049180327872,73.77049180327872,0.0984546703966167,0.05446908552258136,0.043985584874035345,34.00878140381703,5.428749678349722,26.337676103186478,,16.697907641445127,15.85,15.00209235855487,87777.6,120153.4,1.8553936311769743,17.54688018076654
2026-05-11,8358,417.0,417.0,388.0,389.5,3179658.0,1291144042.0,445.2,418.25,394.1,301.825,274.6625,261.08125,50.3125,50.3125,37.54577304055226,37.57229162853476,-0.02651858798249407,28.19716667320612,15.465870741059163,54.62346715863461,,475.8290774771331,394.1,312.3709225228669,21364623.2,19091372.55,0.14882818059716588,406.0638100072398
2026-05-11,8367,42.1,42.15,41.9,41.95,66587.0,2797983.0,42.13,42.33,42.7975,43.635,43.71791666666666,45.19291666666666,41.93548387096773,26.530612244897952,-0.4854570900830524,-0.4374566828429638,-0.04800040724008858,24.166311338301107,27.33266913695675,14.764255634696447,,43.97423723758344,42.7975,41.62076276241656,96754.8,65611.4,0.6882035826646327,42.01995885082674
2026-05-11,8374,88.8,91.7,88.0,89.5,864822.0,78036902.0,89.91999999999999,86.05,82.975,80.65833333333333,82.28583333333333,90.19,75.99999999999997,62.886597938144334,3.6203096644670865,2.6531997921532167,0.9671098723138698,33.71572657888714,14.312912966997404,33.239918034201445,,94.01271047960617,82.975,71.93728952039382,1858814.6,1519824.45,0.46525457676090987,90.23464019185451
2026-05-11,8383,55.0,56.0,54.3,54.5,1024213.0,56514166.0,60.980000000000004,62.3,62.004999999999995,49.336666666666666,44.96833333333334,42.784166666666664,35.41666666666667,35.41666666666667,2.712053775389606,3.956878478657414,-1.244824703267808,15.816967256819067,21.273391606802615,64.0141624123171,,68.4448349112545,62.004999999999995,55.56516508874549,3214579.8,4042867.5,0.3186148933058063,55.178137750643664
2026-05-11,8390,112.5,122.0,111.5,119.5,3467324.0,411120215.0,98.74,92.2,90.02000000000001,93.795,93.5475,93.42374999999998,92.94710327455917,92.94710327455917,2.158177987613911,-0.6874834760775562,2.845661463691467,55.96022242803971,11.702744366902515,27.853548048120842,,105.43750201624933,90.02000000000001,74.6024979837507,1387366.2,789106.85,2.4992132574658372,118.56988703680418
2026-05-11,8401,24.4,24.4,23.85,23.95,66929.0,1603211.0,24.24,24.375,24.509999999999998,26.56,27.68,28.240000000000002,34.375000000000014,34.375000000000014,-0.4729678476737966,-0.5443085737197428,0.07134072604594621,11.456596622553196,22.507165089401965,53.91298124867488,,25.003750416388748,24.509999999999998,24.01624958361125,63341.8,42210.95,1.0566324291384204,23.95390637840099
2026-05-11,8403,20.0,20.0,19.65,19.7,587405.0,11626881.0,20.86,21.18,21.509999999999998,22.50583333333333,23.027916666666666,23.288958333333333,7.142857142857082,7.142857142857082,-0.45379488781640376,-0.3562400660528158,-0.09755482176358798,3.080446472303567,44.34832695201506,62.83079051440246,,22.63978805650947,21.509999999999998,20.380211943490526,315912.0,221589.6,1.8593943883106687,19.79363641780373
2026-05-11,8404,17.15,17.3,17.05,17.2,248198.0,4269552.0,17.17,17.04,17.3375,19.975,22.486250000000002,21.94,60.52631578947366,42.465753424657514,-0.5592834093605887,-0.7257119733688849,0.1664285640082962,22.78174738280207,25.62581324768256,35.40954656952862,,18.34894763373624,17.3375,16.326052366263756,456918.0,515390.8,0.5432003116532944,17.20220146818266
2026-05-11,8409,19.2,19.2,19.0,19.15,13629.0,260112.0,19.580000000000002,19.85,20.1625,,,,16.666666666666657,16.666666666666657,-0.2912819551461432,-0.20144290461554257,-0.08983905053060062,10.43175169630069,29.505545726700205,26.843979545497703,,21.08352631541355,20.1625,19.241473684586452,25802.4,20340.05,0.5282066784485164,19.08518600044024
2026-05-11,8410,35.75,35.8,35.1,35.5,71378.0,2527967.0,36.379999999999995,36.629999999999995,36.775,36.88166666666667,37.09083333333333,37.19541666666667,8.823529411764994,8.823529411764994,-0.12715072688175155,-0.026012207399262948,-0.1011385194824886,5.843045364887684,24.57666542519016,17.523102242165717,,37.50805417334098,36.775,36.04194582665902,31902.2,29523.55,2.2374005554475866,35.41661296197708
2026-05-11,8411,12.2,12.25,12.1,12.25,91402.0,1111753.0,12.21,12.23,12.2575,12.233333333333333,12.352916666666667,12.646458333333332,50.0,45.833333333333336,-0.011465029176921604,-0.014347263092796108,0.0028822339158745044,12.324292174518275,16.83672066566077,25.290255182847293,,12.46339982234609,12.2575,12.05160017765391,104537.4,85124.2,0.8743473627620355,12.163333406271198
2026-05-11,8415,35.15,35.95,34.85,35.35,1931063.0,68371134.0,34.36,34.06,33.9025,33.954166666666666,33.927083333333336,33.91354166666666,81.1320754716981,81.1320754716981,0.15237901881591398,0.02122867936940362,0.13115033944651036,25.73101700016348,4.79790555696509,36.632001479911594,,34.71066556406926,33.9025,33.09433443593075,723887.8,510326.25,2.6676274969684526,35.405957237024374
2026-05-11,8416,173.5,174.0,173.5,173.5,7043.0,1222359.0,172.5,170.8,170.0,172.2,176.1,178.05,84.61538461538461,84.61538461538461,0.49361577799561474,-0.09822198677111325,0.591837764766728,32.18893976891972,8.384995990988976,46.92463015349865,,173.06078765232584,170.0,166.93921234767416,7294.4,7126.1,0.9655352050888353,173.55658100241374
2026-05-11,8421,13.75,13.75,13.45,13.55,37655.0,510788.0,13.64,13.62,13.5875,13.4475,13.248750000000001,13.149375000000001,40.000000000000135,40.000000000000135,0.028334828089741748,0.034531030900376986,-0.006196202810635237,14.3650540240405,10.29805825763816,25.67293185508148,,13.69930339887493,13.5875,13.47569660112507,65323.6,40426.45,0.5764379183021144,13.56494489443633
2026-05-11,8422,27.75,28.15,27.6,27.95,7448103.0,207457143.0,28.089999999999996,28.02,28.735000000000003,31.539166666666667,74.72375000000001,132.06604166666665,54.54545454545453,34.78260869565217,-0.7485950196752995,-0.836815927628924,0.08822090795362447,21.09197535067825,23.193456071283006,9.056353410310393,,30.42960444080536,28.735000000000003,27.040395559194646,10120128.6,10622817.45,0.7359692049763084,27.853688784916105
2026-05-11,8423,17.8,18.0,17.75,17.75,36728.0,654766.0,17.9,17.925,18.0175,,,,16.66666666666687,16.66666666666687,-0.1367915785138898,-0.14069932486963385,0.003907746355744063,11.820555627513519,9.221335822271364,16.142496887693916,,18.335842748092603,18.0175,17.699157251907394,20746.2,20891.5,1.7703483047497854,17.827434110215638
2026-05-11,8424,73.4,73.4,73.2,73.2,4680.0,342841.0,73.96000000000001,74.17,74.33500000000001,74.11999999999999,73.51,73.205,7.14285714285765,7.14285714285765,-0.12635274323376677,-0.020741385863656352,-0.10561135737011042,7.467876315749039,29.364528680526842,25.970552102535894,,74.98800922859691,74.33500000000001,73.68199077140311,24618.8,10504.9,0.19009862381594556,73.25662393162393
2026-05-11,8426,21.2,21.6,21.1,21.3,67172.0,1428373.0,22.5,23.17,23.755000000000003,25.47666666666667,26.46333333333333,26.956666666666667,15.068493150684873,15.068493150684873,-0.7652698950278456,-0.6106546226120391,-0.15461527241580653,19.7401909205931,46.35924823590831,25.40497663190451,,25.575902032105663,23.755000000000003,21.934097967894342,62191.6,30256.35,1.0800815544221407,21.264410766390757
2026-05-11,8429,6.51,6.53,6.41,6.44,380125.0,2463365.0,6.498,6.5200000000000005,6.6515,7.033,7.3886666666666665,7.7592083333333335,24.999999999999915,25.714285714285694,-0.13116303819455144,-0.13346632783655116,0.0023032896419997173,16.626801909927106,28.643550219900778,19.93543378442842,,6.970661730986584,6.6515,6.332338269013417,291118.8,301134.25,1.305738413321297,6.480407760605064
2026-05-11,8431,58.2,61.5,58.0,58.5,928803.0,55301320.0,60.779999999999994,61.879999999999995,63.175,64.285,63.1425,62.57125,18.309859154929555,18.309859154929555,-1.3219424305029435,-0.9227997999421974,-0.39914263056074606,7.715917291335983,19.02665730981101,18.807451340360412,,67.19593207314452,63.175,59.154067926855475,934240.2,1104348.75,0.9941800834517719,59.54041922775874
2026-05-11,8432,49.15,49.55,49.15,49.25,10341.0,509590.0,50.589999999999996,50.309999999999995,50.39,52.526666666666664,54.21333333333334,55.05666666666666,42.85714285714284,42.85714285714284,-0.38685867857316225,-0.49433374046947026,0.10747506189630801,9.953332594932803,25.304390785747454,29.279700571634212,,51.450585736875915,50.39,49.329414263124086,26074.2,40134.5,0.39659893688013437,49.27859974857364
2026-05-11,8433,53.1,53.1,52.2,52.2,43149.0,2268680.0,53.720000000000006,54.239999999999995,55.620000000000005,56.855000000000004,55.927499999999995,55.46375,6.451612903225893,6.451612903225893,-1.4041279859762597,-1.1389243027999998,-0.26520368317625986,8.99226752123997,27.121196029960025,41.55403914674015,,60.23147310634303,55.620000000000005,51.00852689365698,72330.2,148298.5,0.5965557955045058,52.57781176852303
2026-05-11,8435,55.8,56.2,55.8,55.9,7822.0,437220.0,56.1,55.89,56.265,55.98833333333334,54.64416666666667,53.97208333333333,61.538461538461455,61.538461538461455,-0.149594414258317,-0.14203903904607235,-0.007555375212244642,23.161213138920914,20.66736940298302,19.421731970226546,,58.061224109801366,56.265,54.468775890198636,18968.8,31562.45,0.41236135127156176,55.896190232677064
2026-05-11,8436,119.5,120.5,118.0,118.0,436284.0,52045755.0,120.8,119.8,120.6,129.75833333333333,140.62916666666666,146.06458333333333,48.38709677419355,48.38709677419355,-1.758010258960951,-2.294535315418011,0.5365250564570601,11.646208459736892,18.51398260938724,40.28931000956311,,125.97636151666697,120.6,115.22363848333302,502140.2,572368.85,0.8688489788310118,119.29329290095443
2026-05-11,8437,11.25,11.25,11.0,11.2,73814.0,819631.0,11.7,12.05,12.2575,13.598333333333334,14.549166666666668,15.024583333333332,11.764705882352985,11.764705882352985,-0.3932270999557037,-0.35241430251776085,-0.04081279743794286,4.09893996572301,36.59686976198755,71.68920566711355,,13.016498647804077,12.2575,11.498501352195923,47962.8,49440.9,1.5389843795608262,11.104004660362532
2026-05-11,8438,97.7,98.7,96.4,98.7,2233288.0,219868318.0,92.47999999999999,90.85999999999999,88.925,73.32166666666666,51.870000000000005,41.280416666666675,73.63636363636365,64.42577030812325,5.198607367441042,5.417141358700399,-0.21853399125935713,37.110394004589295,18.88780426199638,41.914881209892364,,96.08214585865807,88.925,81.76785414134193,1165634.4,1345658.95,1.9159420826976281,98.45049899520349
2026-05-11,8440,25.2,25.35,23.0,23.05,1818049.0,43667665.0,21.080000000000002,21.215000000000003,21.59,23.506666666666664,24.553333333333335,25.076666666666668,64.65517241379308,64.65517241379308,-0.48874591202597983,-0.6386526065052247,0.14990669447924487,34.4887814712677,19.323759659627253,48.267190727320006,,23.202973716625998,21.59,19.977026283374002,555540.0,204685.9,3.272579832235303,24.018970335783028
2026-05-11,8442,50.1,50.4,49.65,50.4,47361.0,2374172.0,50.25,50.015,50.765,58.16166666666667,64.1175,71.43833333333333,66.66666666666647,47.36842105263155,-1.3918408868183079,-1.8182136987881874,0.42637281196987953,19.020254176038463,28.757887355897786,29.033407123829438,,52.801017785059045,50.765,48.728982214940956,48038.6,61090.8,0.9858946763644236,50.12926247334305
2026-05-11,8443,11.65,11.75,11.65,11.7,24435.0,285388.0,11.73,11.795,11.9125,11.7925,11.629583333333333,11.788541666666667,36.36363636363639,34.78260869565209,-0.04209127277264102,-0.008479793846784323,-0.0336114789258567,7.595761550708813,24.023800783966497,35.39607074208016,,12.198810468216843,11.9125,11.626189531783156,30603.6,37674.5,0.7984354781790378,11.679476161244118
2026-05-11,8444,8.1,9.64,8.1,9.02,49104.0,453894.0,7.0840000000000005,6.6450000000000005,6.201,8.012833333333335,9.031416666666669,9.540708333333335,88.36565096952909,88.36565096952909,-0.00986512117950955,-0.3420068292392941,0.33214170805978455,39.58243726148195,13.28827963302192,44.71137973392567,,7.873097957342027,6.201,4.528902042657972,40623.8,85179.75,1.2087495507559607,9.243523949169111
2026-05-11,8446,83.7,84.6,83.7,84.0,158485.0,13336459.0,84.22,84.17,86.225,92.78666666666666,93.39333333333335,93.69666666666667,46.29629629629625,46.29629629629625,-2.791853585432321,-2.962261036730179,0.17040745129785817,12.23434230452409,30.676325190308003,54.406940920909015,,94.08345170233281,86.225,78.36654829766718,192309.8,190918.35,0.8241129677218738,84.14966085118465
2026-05-11,8450,16.2,16.2,15.6,15.8,14932.0,235647.0,16.080000000000002,16.259999999999998,16.639999999999997,16.978333333333335,16.964166666666664,16.957083333333333,25.000000000000057,25.000000000000057,-0.31022457211192744,-0.24488505170861816,-0.06533952040330929,7.663888472370557,13.744764177246447,19.96119356834097,,17.795581421212994,16.639999999999997,15.484418578786999,54724.4,67756.2,0.272858176608606,15.781342084114653
2026-05-11,8454,198.0,200.0,193.0,194.0,927666.0,181976423.0,187.7,179.95,178.175,182.3,205.29166666666666,242.76666666666668,92.72727272727273,74.68354430379748,2.0474764294534396,-0.8051202281728562,2.8525966576262958,40.01618898373635,13.919615439936797,28.12951773770114,,193.03318930671256,178.175,163.31681069328747,1110353.2,682725.2,0.8354692903123079,196.16588621335697
2026-05-11,8455,32.85,32.85,32.85,32.85,49839.0,1637206.0,27.330000000000002,25.355,23.77,,,,84.79087452471484,84.79087452471484,1.7420364084680564,1.0337914601398963,0.7082449483281601,35.959251214551756,10.458597089710102,33.93939050078556,,29.435165951952136,23.77,18.104834048047863,61570.2,31166.85,0.8094662677723964,32.8498966672686
2026-05-11,8462,148.0,150.0,147.5,147.5,120577.0,17875509.0,147.7,147.75,145.025,142.89166666666668,149.84166666666667,145.30416666666667,28.57142857142857,70.83333333333333,1.6569659105317953,1.4229314592866569,0.23403445124513844,31.73331089398863,13.175692531371599,24.29463360773476,,151.46071449433478,145.025,138.58928550566523,118400.2,131719.25,1.018385104079216,148.24974082951144
2026-05-11,8463,22.15,22.25,22.1,22.1,80024.0,1771589.0,22.240000000000002,22.24,22.57,24.3675,25.209166666666665,24.740416666666665,36.363636363636424,25.0000000000001,-0.41622708962426813,-0.4823694218431155,0.06614233221884736,22.855317076821077,23.101498013695807,15.459559344679436,,23.34825716220639,22.57,21.79174283779361,66306.2,77675.05,1.2068856306046796,22.13822103368989
2026-05-11,8464,341.0,342.0,331.0,335.0,848695.0,283943805.0,337.9,344.35,356.225,377.1,379.59166666666664,399.6458333333333,33.673469387755105,32.48730964467005,-8.459778759913888,-6.711380517791748,-1.74839824212214,16.2488794911407,29.748287154813767,21.316531488897542,,385.373395279476,356.225,327.0766047205241,1063394.0,922051.75,0.7981002337797656,334.56519126423507
2026-05-11,8466,15.55,15.6,15.3,15.5,63199.0,977468.0,15.52,15.745,16.675,19.190833333333334,21.070833333333333,24.172083333333333,26.666666666666742,12.962962962962948,-0.8810382771996359,-0.8680921624960829,-0.012946114703553002,7.2078761403577625,40.18555851278603,54.68267295919538,,18.67144420750464,16.675,14.678555792495363,78025.6,100159.15,0.8099777508920148,15.466510546052945
2026-05-11,8467,139.5,139.5,132.5,133.0,38216.0,5173851.0,135.3,140.95,147.525,160.71666666666667,158.825,163.95416666666668,13.513513513513516,12.857142857142847,-5.850877703047388,-4.179228886162598,-1.6716488168847903,22.05417686008215,35.62561458444363,26.07002928099761,,164.85606429142572,147.525,130.1939357085743,65703.2,42952.65,0.5816459472293587,135.38442013816203
2026-05-11,8472,70.0,71.9,70.0,71.9,16091.0,1145706.0,70.44,69.25999999999999,70.095,,,,64.28571428571428,64.28571428571428,-0.2669478422637326,-0.4240125117079913,0.15706466944425873,8.619751326118932,10.330358385739412,24.96463831302695,,75.98539360672159,70.095,64.20460639327841,19250.8,19023.45,0.8358613668003408,71.20166552731341
2026-05-11,8473,34.6,34.6,34.15,34.2,663733.0,22797518.0,34.910000000000004,35.495,36.3875,37.373333333333335,37.64375,35.346041666666665,11.363636363636374,16.483516483516482,-0.7677735883159613,-0.5604082787904159,-0.20736530952554544,13.785432559949518,32.84912537649683,20.36611977705806,,38.59248836373581,36.3875,34.182511636264195,699664.8,523235.4,0.9486442650823651,34.34742283418182
2026-05-11,8476,17.05,17.15,16.95,17.1,482676.0,8226266.0,17.2,17.425,17.8275,18.73916666666667,18.586666666666662,19.779999999999998,18.181818181818414,25.64102564102565,-0.43399162256663715,-0.3799202482841095,-0.05407137428252767,16.035923643325688,21.091323160482904,11.806042824332094,,18.818764476897062,17.8275,16.83623552310294,439975.4,612093.45,1.0970522442845667,17.043039222998452
2026-05-11,8477,17.0,17.0,15.55,16.5,181779.0,2906219.0,14.290000000000001,13.965,13.6975,13.395,13.2225,13.13625,82.41758241758241,82.41758241758241,0.30336789902957584,0.11916134978916806,0.18420654924040777,55.4992295973044,6.55284406508731,25.354391781808083,,15.081801077686572,13.6975,12.313198922313427,66979.6,40387.55,2.71394573870253,15.987649838540205
2026-05-11,8478,169.0,169.0,163.0,163.0,340960.0,56228184.0,167.5,168.45,169.85,170.79166666666666,183.92083333333332,182.84375,29.629629629629633,34.42622950819671,-0.2886371520955322,0.19477286190327395,-0.4834100139988061,26.54540556435722,23.7741438545582,20.745536062608927,,175.62745163272731,169.85,164.07254836727267,217434.2,222529.25,1.5681065812093957,164.91137963397466
2026-05-11,8481,40.7,40.8,40.6,40.65,33525.0,1365095.0,40.91,40.97,41.407500000000006,41.770833333333336,41.63791666666667,,36.84210526315793,29.230769230769255,-0.2663324032745251,-0.2032063568468576,-0.06312604642766753,19.921614159461,25.068336767339872,13.824157653725603,,42.41655114366325,41.407500000000006,40.39844885633676,24462.2,30371.0,1.3704818045801277,40.71871737509321
2026-05-11,8482,50.0,50.0,49.0,49.0,4234.0,208940.0,49.65,49.36,,,,,40.4255319148936,41.54929577464794,0.16035799190491673,0.1761752664108583,-0.01581727450594156,24.698658933789165,27.585363155516458,7.8710402649754805,,,,,4794.4,6487.6,0.8831136325713332,49.348134152102034
2026-05-11,8487,78.7,78.7,76.9,77.8,104366.0,8078229.0,77.62,77.62,78.45,79.87333333333335,78.70666666666668,79.10249999999999,57.14285714285714,40.22988505747128,-0.5544452018781101,-0.6054015407991012,0.05095633892099116,23.920363821504704,20.84302427581167,16.914739135551063,,80.85043855642215,78.45,76.04956144357786,102955.4,56277.4,1.0137010783310054,77.40288024835674
2026-05-11,8488,10.1,10.1,9.99,10.0,4000.0,40090.0,10.07,,,,,,12.499999999999773,39.28571428571425,0.022238689144211676,0.04941582941354251,-0.02717714026933083,19.63580058873151,22.844277142705003,15.296327194840716,,,,,7366.4,,0.5430060816681147,10.0225
2026-05-11,8489,24.15,24.65,24.15,24.4,20772.0,507232.0,24.869999999999997,25.560000000000002,25.982499999999998,29.074166666666667,33.26208333333334,35.35604166666667,14.545454545454504,14.545454545454504,-0.6604618917905256,-0.6182299807025619,-0.04223191108796376,8.921024443981688,19.05531900561284,31.68512076526459,,27.524294921170526,25.982499999999998,24.44070507882947,64878.8,72711.95,0.320166217624247,24.419025611399963
2026-05-11,8499,286.0,295.0,278.0,279.0,165051.0,47300190.0,274.0,269.05,271.175,275.09166666666664,288.92083333333335,248.4875,77.77777777777777,50.95238095238095,0.8473607568159878,-1.0064620391415915,1.8538227959575793,26.96247264219759,15.935762622595629,13.223779103675252,,291.0886953667052,271.175,251.26130463329477,179995.8,154833.1,0.91697139599924,286.5792391442645
2026-05-11,8905,29.35,29.9,29.35,29.7,11432.0,337745.0,35.87,38.17,39.3875,38.7875,37.41875,36.734375,11.764705882352928,11.764705882352928,-1.1737054612557927,-0.21740187520448587,-0.9563035860513068,8.48388895846661,51.55709114548542,33.19806482787839,,44.71319491388588,39.3875,34.06180508611413,19499.6,16821.2,0.586268436275616,29.54382435269419
2026-05-11,8906,24.3,24.45,23.5,23.95,48092.0,1147270.0,25.259999999999998,24.68,25.505000000000003,29.653333333333332,31.351666666666667,32.20083333333333,49.315068493150676,49.31506849315067,-1.1795346909923943,-1.4053877603698295,0.2258530693774352,15.345680555871999,32.761570634531026,43.88340625111614,,29.449736666549647,25.505000000000003,21.560263333450358,66658.2,56298.15,0.7214716268966159,23.855734841553687
2026-05-11,8908,40.4,40.4,39.7,40.25,186305.0,7461789.0,39.34,39.39,39.92,41.30416666666667,41.52708333333333,41.63854166666667,72.22222222222219,72.22222222222217,-0.5023466605368583,-0.5905113259987352,0.08816466546187696,22.64448234093968,22.234312618382816,18.614760807875058,,41.894681853122975,39.92,37.94531814687703,141667.0,135328.35,1.3150910233152393,40.05146936475135
2026-05-11,8916,46.9,46.9,46.25,46.6,63921.0,2975855.0,47.209999999999994,47.255,47.352500000000006,47.7575,48.403749999999995,48.726875,38.80597014925375,38.80597014925376,-0.1334083842590772,-0.10620138752145418,-0.027206996737623015,11.520152639713558,14.555195363194168,16.623915618057737,,47.8720899192733,47.352500000000006,46.83291008072671,171981.6,90572.4,0.37167348134916756,46.55520095117411
2026-05-11,8917,53.4,53.4,53.2,53.2,4822.0,256886.0,53.2,52.8,52.675,55.145,55.9225,56.31125,60.46511627906981,60.46511627906981,-0.37145542055311864,-0.6249993014671936,0.253543880914075,13.748723660296012,10.851282917047396,17.644614545991015,,53.578501958754735,52.675,51.77149804124526,16041.6,24659.25,0.30059345701176937,53.27374533388635
2026-05-11,8921,17.8,17.8,17.8,17.8,2359.0,41987.0,18.140000000000004,,,,,,33.33333333333333,33.33333333333333,0.21722873829184408,0.116092910694858,0.10113582759698608,16.088418805079705,33.82061691276625,23.093707991502054,,,,,3671.8,,0.6424641865025328,17.79864349300551
2026-05-11,8923,19.3,19.3,19.3,19.3,10004.0,193074.0,,,,,,,100.0,100.0,-0.20739684460954422,-0.14624577019425974,-0.06115107441528447,15.247803930235301,3.731173506769774,38.03103406728625,,,,,,,,19.29968012794882
2026-05-11,8924,64.7,64.7,64.1,64.2,92557.0,5950420.0,63.88000000000001,66.31,67.405,68.80833333333334,69.95416666666667,70.52708333333334,15.384615384615387,15.384615384615387,-1.1748491093838282,-0.6653032952840537,-0.5095458140997745,8.115727198427852,34.97545519333389,39.53906919302593,,71.60649096343113,67.405,63.203509036568875,487031.4,167103.4,0.1900431881804746,64.28924878723382
2026-05-11,8926,49.5,52.5,49.3,51.5,9983550.0,509868197.0,48.32,46.875,45.9525,45.1425,44.90125,44.786875,90.34090909090915,72.08333333333333,1.0628283010514181,0.526217134034488,0.5366111670169301,47.8694050876926,11.434630623740887,32.60855285110635,,49.58516974464828,45.9525,42.31983025535172,5206249.4,2456994.65,1.9176088644543228,51.07083121735254
2026-05-11,8927,19.4,19.4,18.55,18.65,1133854.0,21302746.0,20.2,20.220000000000002,20.88,22.84333333333333,23.396666666666665,23.673333333333332,41.17647058823527,41.17647058823527,-0.7976913860183288,-0.7875259828851612,-0.010165403133167605,11.62654962807566,20.765610571809344,32.78626089163279,,23.921190902469508,20.88,17.83880909753049,631552.0,2403078.25,1.795345434738549,18.787909201713802
2026-05-11,8928,21.55,22.5,21.5,21.85,165148.0,3626806.0,21.240000000000002,21.535000000000004,21.97,,,,48.88888888888896,48.88888888888895,-0.5821670652416522,-0.6268221943420041,0.044655129100351965,25.37757168410748,25.8856268957085,58.81988700037024,,23.27923842868973,21.97,20.660761571310267,62340.6,38688.85,2.649124326682772,21.960944122847387
2026-05-11,8929,14.35,14.4,14.3,14.3,17664.0,253620.0,14.52,14.779999999999998,15.054999999999998,15.82,16.16,16.33,9.999999999999986,9.999999999999986,-0.3476675652135466,-0.29913212281771345,-0.04853544239583313,8.057761636005493,22.027053881605248,31.208436382283242,,15.830886589650799,15.054999999999998,14.279113410349197,43440.2,62434.35,0.40662796211803814,14.358016304347826
2026-05-11,8930,29.0,29.0,28.6,28.6,81020.0,2326956.0,29.4,29.68,29.885,30.59333333333333,30.296666666666667,30.148333333333333,20.833333333333343,20.833333333333343,-0.36740596399740966,-0.2926601625314863,-0.07474580146592336,11.679086773835618,31.141186227172486,24.84196997680883,,30.65352558769842,29.885,29.11647441230158,74766.4,54504.8,1.08364184981489,28.72076030609726
2026-05-11,8931,42.45,42.7,42.1,42.1,96772.0,4093744.0,41.7,41.575,41.7325,43.8375,44.393750000000004,44.671875,100.0,100.0,-0.4639775504369794,-0.6362823606050108,0.17230481016803134,18.681551675547567,9.859642609084764,24.9118920497283,,42.51202414634624,41.7325,40.95297585365376,58834.6,34292.0,1.6448144459212777,42.302980200884555
2026-05-11,8932,102.0,103.5,98.2,98.4,4385311.0,437492461.0,93.38000000000001,91.34,90.11,129.13666666666666,168.56833333333333,188.28416666666666,84.49612403100775,84.49612403100777,-3.7022303256390927,-6.750672779586267,3.0484424539471746,25.5401152727191,12.850818855407828,42.5802821008777,,95.95894052484391,90.11,84.26105947515609,2686343.8,3125016.85,1.6324459289239153,99.7631549963047
2026-05-11,8933,5.57,5.68,5.5,5.54,446772.0,2482320.0,5.816000000000001,5.909,6.096,6.680833333333333,7.125416666666666,7.347708333333333,10.169491525423666,10.169491525423666,-0.23233163451023486,-0.21567049471713395,-0.01666113979310091,7.112123093966817,31.55968205601669,33.87797787560269,,6.6818471149586145,6.096,5.510152885041386,367713.4,278698.35,1.21500059557253,5.556122586017029
2026-05-11,8935,19.15,20.95,19.15,19.8,2365186.0,47664846.0,18.830000000000002,18.555,18.557499999999997,19.4575,19.72875,19.864375,78.94736842105262,78.94736842105262,-0.07270387088091113,-0.23018607562726978,0.15748220474635866,35.173456011396055,9.427794060312888,20.13719787450794,,19.48785081102719,18.557499999999997,17.627149188972805,784454.0,476369.75,3.015072904211082,20.15268397496011
2026-05-11,8936,50.0,50.2,49.5,49.95,2636722.0,131483806.0,51.85,51.195,50.6475,51.33083333333333,50.96541666666667,50.78270833333333,48.78048780487806,48.78048780487806,0.08322402245488547,-0.06781260983820649,0.15103663229309194,20.318017497958405,19.613399379143086,23.351564137145914,,52.65471724101594,50.6475,48.640282758984064,2863717.2,2266104.8,0.9207340724845315,49.86638940320595
2026-05-11,8937,32.1,33.0,31.0,31.45,451160.0,14174966.0,33.95,35.715,35.302499999999995,105.10916666666667,117.30458333333333,123.40229166666667,19.90049751243781,19.90049751243781,-20.052564472525248,-22.860781450931572,2.8082169784063247,12.037710487856762,47.167398648026186,57.66528070002001,,40.99861825349711,35.302499999999995,29.606381746502873,693211.0,654481.1,0.6508263717684803,31.418933416082986
2026-05-11,8938,55.0,55.5,54.7,54.8,314496.0,17337527.0,56.02,57.40999999999999,59.129999999999995,64.51333333333334,67.65666666666667,69.22833333333332,14.035087719298204,14.035087719298204,-2.1481936073249273,-1.9686604763813031,-0.1795331309436241,8.708490631501261,32.883023137833206,55.12935463526471,,64.15293686371294,59.129999999999995,54.107063136287046,475835.0,230561.85,0.6609349879685185,55.12797301078551
2026-05-11,8940,18.65,18.65,18.05,18.05,29432.0,536187.0,18.18,17.755000000000003,17.7275,18.829166666666666,19.634166666666665,20.25270833333333,72.00000000000009,55.00000000000002,-0.10351465492970391,-0.2732530815043844,0.16973842657468047,25.973364026387983,17.569304999227533,15.31582025909141,,18.823653562042516,17.7275,16.631346437957482,110606.8,81961.45,0.2660957554146761,18.217824136993748
2026-05-11,8941,44.3,44.75,44.3,44.75,2756.0,121834.0,44.3,44.29,44.515,45.59916666666667,45.999583333333334,46.19979166666666,68.96551724137917,68.96551724137917,-0.34177520618898427,-0.40909937427381515,0.06732416808483088,21.698493279201095,18.325984785400788,38.52275091373138,,45.578311609523546,44.515,43.451688390476455,12424.8,9328.95,0.22181443564483935,44.20682148040638
2026-05-11,8942,42.5,43.4,41.8,42.5,587194.0,24903737.0,43.839999999999996,43.205,43.3325,39.825,38.7875,38.26875,50.0,50.0,0.8298658759176902,0.9678581957347995,-0.13799231981710924,26.323135992908416,12.76255837336517,55.20191694172302,,45.52057172979674,43.3325,41.144428270203264,940909.4,559591.15,0.6240707128656595,42.4114296127004
2026-05-11,8996,1025.0,1065.0,1010.0,1055.0,3040869.0,3162862820.0,1100.0,1138.0,1148.5,945.5666666666667,735.675,507.45208333333335,14.545454545454547,39.86013986013985,36.13814876850074,63.629038683669485,-27.490889915168744,19.792434125144386,24.11219429336072,21.444960371924527,,1283.5672347193763,1148.5,1013.4327652806237,3608583.4,2678756.85,0.842676658103565,1040.1180780888621
2026-05-11,9103,5.34,5.34,4.87,4.91,4308423.0,22385900.0,4.736,4.697,4.7925,5.127,4.899916666666667,4.987875,80.55555555555549,54.4117647058824,-0.08172840485512811,-0.10759881939151697,0.025870414536388858,38.96987226245523,19.242901681667437,20.14481104840626,,5.070528775489045,4.7925,4.514471224510956,1635919.0,998177.35,2.6336407853934087,5.1958454404314525
2026-05-11,9105,5.75,5.85,5.7,5.8,17639696.0,102211502.0,5.779999999999999,5.833,5.7345,5.784166666666667,5.9238333333333335,6.050833333333333,42.10526315789468,56.91489361702127,0.03699866832162524,0.03902355912345862,-0.002024890801833379,24.102810820785177,17.909683548383683,23.38787562645857,,6.149202175949008,5.7345,5.319797824050991,18669115.4,25227227.45,0.9448597655569692,5.7944026926541135
2026-05-11,9110,2.97,2.98,2.77,2.88,94005.0,267844.0,2.944,2.9509999999999996,,,,,55.55555555555552,34.32835820895524,-0.04575248804374654,-0.037928100464774815,-0.007824387578971727,4.54891605037635,20.81096600669565,35.62563757990124,,,,,73601.0,,1.2772244942324154,2.849252699324504
2026-05-11,9136,,,,,,,,,,,,,50.0,100.0,0.5737378867254481,0.5576334576134421,0.016104429112006047,18.8385295120305,4.752620358236509,49.93903420384785,,,,,,,,
2026-05-11,9802,80.8,85.7,80.7,83.1,1963505.0,164413918.0,81.06,78.95,78.295,84.59500000000001,94.94000000000001,99.48125,81.81818181818184,65.31791907514453,-0.16879561550108235,-1.2385136370444358,1.0697180215433535,31.020755686306472,16.806387657385763,26.801426977285022,,83.1393021332121,78.295,73.4506978667879,1217178.8,1282159.75,1.6131606958648967,83.73491180312757
2026-05-11,9902,14.2,14.2,13.9,14.1,197384.0,2772241.0,14.24,14.395,14.5625,15.379166666666666,16.06625,16.375208333333333,31.034482758620655,34.54545454545455,-0.19914568736223082,-0.17756809878034632,-0.021577588581884494,18.442714119799543,20.15774954378265,14.933530461029575,,15.144578851594693,14.5625,13.980421148405307,192549.8,154862.8,1.0251062322578368,14.044912454910225
2026-05-11,9904,25.95,26.2,25.75,25.8,17539248.0,454311096.0,25.77,25.805,26.6375,28.780833333333337,29.337916666666665,29.62541666666667,53.846153846153925,17.307692307692292,-0.790124964383704,-0.8161802291182743,0.026055264734570205,14.414291186380195,28.036612332368378,39.652113114876364,,28.571101765999114,26.6375,24.703898234000885,12862921.4,15938712.45,1.3635508959885272,25.902541317620916
2026-05-11,9905,21.4,21.4,21.0,21.3,120821.0,2555992.0,21.33,21.34,21.3975,20.861666666666668,20.485,21.335208333333334,46.15384615384612,41.50943396226415,0.07289055040227055,0.11764453680661234,-0.04475398640434179,25.509787328181826,15.738104489902158,36.31784893621898,,21.765245621462967,21.3975,21.029754378537035,94153.0,155645.0,1.2832411075589731,21.15519653040448
2026-05-11,9906,36.5,36.5,35.85,36.2,169289.0,6098319.0,36.92,37.440000000000005,39.175,41.681666666666665,45.86749999999999,60.6675,4.444444444444514,20.863309352518016,-1.414625839391654,-1.2112972972672094,-0.20332854212444462,14.620617417613818,32.504565437057536,17.678465928242147,,43.24148691003636,39.175,35.10851308996364,144397.0,122875.45,1.1723858528916806,36.02312613341682
2026-05-11,9907,17.15,17.15,16.9,17.0,4378947.0,74544383.0,17.25,17.48,17.71,18.117500000000003,18.238333333333333,18.493541666666665,13.333333333333115,17.24137931034467,-0.2712325007880523,-0.19866207783072518,-0.0725704229573271,11.030800543374728,29.220193728220174,21.729388755522976,,18.359372166424087,17.71,17.060627833575914,5032773.8,3895388.2,0.8700861938201951,17.023358126965228
2026-05-11,9908,29.5,29.5,29.3,29.35,657423.0,19345668.0,29.46,29.520000000000003,29.6375,29.971666666666668,29.985833333333336,30.345208333333332,22.2222222222224,31.034482758620825,-0.15026834566123526,-0.14245953069249526,-0.007808814968740002,18.150010576892285,25.19668020471011,12.487903502993086,,29.99420273632959,29.6375,29.280797263670408,372153.8,455622.7,1.7665357709635103,29.426515348565534
2026-05-11,9910,74.4,77.5,73.8,74.4,2871152.0,216251542.0,71.28,71.03,73.965,83.51166666666667,104.27250000000001,110.61875,76.5432098765432,39.89071038251372,-2.9674239277665464,-3.5732317084560723,0.6058077806895259,30.072675204138598,22.71506854985007,33.13978611786835,,80.8380671924316,73.965,67.09193280756841,3080028.4,2502245.95,0.9321836123329252,75.31873686938205
2026-05-11,9911,83.9,84.3,83.0,84.2,410515.0,34391748.0,83.42,82.87,83.235,85.52833333333334,84.97416666666666,85.52,66.66666666666666,59.32203389830512,-0.6544108309505532,-0.9393334580085222,0.284922627057969,22.27969605005045,23.4353040095693,25.610119995199263,,85.20239207555184,83.235,81.26760792444816,319779.0,344933.65,1.2837459620550442,83.77708000925666
2026-05-11,9912,12.65,12.65,12.25,12.35,168331.0,2081761.0,12.64,12.614999999999998,12.555000000000001,,,,21.428571428571445,46.875000000000014,0.03485133976338339,0.04603207734140602,-0.011180737578022626,15.77292896795705,15.305690353794487,23.91482482885035,,12.91467821876313,12.555000000000001,12.195321781236872,177577.6,105014.3,0.9479292433279873,12.36706845441422
2026-05-11,9914,56.0,58.5,55.5,57.5,1655212.0,95145299.0,56.779999999999994,57.14,58.88000000000001,69.50333333333334,81.89333333333335,97.89625,45.65217391304349,36.440677966101674,-2.6728869525021253,-3.0043929165328884,0.33150596403076316,17.853401896628334,27.92446169378723,37.799268099310034,,63.04734169972122,58.88000000000001,54.7126583002788,1452953.2,1399382.7,1.139205309572256,57.48224336217959
2026-05-11,9917,114.0,114.0,112.5,113.0,402125.0,45444140.0,113.3,113.25,114.35,110.91666666666667,109.3875,112.15208333333334,50.0,35.294117647058826,0.09885861752781011,0.41472374119004574,-0.3158651236622356,19.297878124005113,19.467048068410634,19.26431109121308,,116.96775315470025,114.35,111.73224684529974,409727.8,469302.45,0.9814442661689053,113.00998445756916
2026-05-11,9918,43.5,43.5,42.5,42.65,93771.0,4001814.0,43.25,43.269999999999996,43.339999999999996,44.10666666666667,,,31.24999999999997,46.73913043478256,-0.5210262823030334,-0.5305484483859693,0.009522166082935879,24.548096603574017,24.58298674297133,8.82658049648121,,44.040826579644445,43.339999999999996,42.63917342035555,106181.0,145875.35,0.8831240994151496,42.67645647374988
2026-05-11,9919,14.75,15.3,14.6,14.65,976369.0,14566901.0,14.4,14.304999999999998,14.540000000000001,15.69,16.270416666666666,16.8,89.99999999999989,47.222222222222236,-0.2881506368289024,-0.3635774509466606,0.0754268141177582,29.6850804266274,17.064115997380906,19.987686128685347,,15.207753500060281,14.540000000000001,13.87224649993972,744935.0,538138.75,1.3106767704564828,14.919462826042203
2026-05-11,9921,67.5,70.8,67.4,69.8,3072968.0,213079081.0,68.34,67.57000000000001,68.39500000000001,76.3,87.22333333333334,100.10249999999999,63.33333333333331,51.70454545454544,-1.4162493479318243,-1.9324642757350798,0.5162149278032555,25.01540685153067,22.51420053196445,20.94367374512423,,71.62086585682974,68.39500000000001,65.16913414317028,2167611.4,1838825.75,1.4176747732550217,69.33983074343762
2026-05-11,9924,43.0,43.0,42.7,42.85,243476.0,10424089.0,43.29,43.644999999999996,44.24,46.005,49.3,47.72604166666667,7.692307692307779,6.250000000000213,-0.720220947709727,-0.6739333096071216,-0.04628763810260539,14.172580810410329,29.07720537854684,18.202575732215625,,45.67438965564204,44.24,42.805610344357966,166069.8,125819.45,1.466106420312423,42.813620233616454
2026-05-11,9925,40.4,40.4,40.25,40.3,258802.0,10435423.0,40.35,40.33,40.4975,40.684999999999995,40.6925,40.894999999999996,50.0,18.181818181818286,-0.10711984307629052,-0.10142723330291542,-0.005692609773375101,15.600635473758887,17.487999890067606,11.141891268666756,,40.872333296279926,40.4975,40.12266670372008,204103.0,302201.9,1.2679970407098378,40.32203383281428
2026-05-11,9926,49.35,49.35,49.2,49.2,54877.0,2703505.0,49.37,49.35,49.575,49.85,,,25.00000000000044,22.2222222222224,-0.17283608323182165,-0.16464124595105467,-0.008194837280766976,24.47523369344283,18.18901670199377,17.094282323066974,,50.12893330398422,49.575,49.02106669601579,53328.2,51008.55,1.0290427953690544,49.264810394154196
2026-05-11,9927,68.7,68.7,67.8,68.4,189115.0,12924447.0,68.58000000000001,68.59,69.22999999999999,68.94000000000001,64.83666666666666,65.95875,52.94117647058848,37.254901960784366,-0.05740067068805388,0.036362239327571565,-0.09376291001562545,22.993248369906734,25.912798575158476,14.098670327558443,,70.84192921354398,69.22999999999999,67.618070786456,130047.8,103811.95,1.4541960725210268,68.34173386563731
2026-05-11,9928,17.55,17.7,17.45,17.7,89106.0,1561714.0,17.69,17.665,17.717499999999998,17.92833333333333,18.038333333333334,17.30291666666667,79.99999999999972,45.83333333333326,-0.07055259118947887,-0.08479909419032623,0.014246503000847358,21.164310941493547,16.365289345139697,15.755732899504244,,17.98162716235674,17.717499999999998,17.453372837643254,47000.4,51377.1,1.8958562054791022,17.5264740870424
2026-05-11,9929,12.35,12.35,12.0,12.0,12074.0,147708.0,12.11,11.719999999999999,12.0375,,,,66.00000000000001,44.70588235294118,0.009983902043442683,-0.014184424261524284,0.024168326304966965,26.930673165578668,21.155939546717114,16.131410345723353,,13.1904709906424,12.0375,10.8845290093576,50359.2,36230.2,0.2397575815342579,12.233559715090276
2026-05-11,9930,70.0,70.2,69.8,69.8,69124.0,4831956.0,69.94,69.86,70.22999999999999,70.29833333333333,70.30666666666666,71.96583333333334,50.0,27.27272727272745,-0.15902793321915,-0.13460807632753397,-0.02441985689161602,25.139332883021424,17.67953502604303,17.208914773579306,,71.16830754693275,70.22999999999999,69.29169245306723,73352.8,77400.2,0.942349848949188,69.90272553671663
2026-05-11,9931,34.7,35.0,34.4,34.45,58282.0,2016858.0,34.56,34.760000000000005,35.404999999999994,36.645833333333336,,,33.33333333333333,21.4285714285715,-0.7301262448505668,-0.6919843966503237,-0.03814184820024302,23.661734580374315,29.630779048715045,9.553726628888597,,36.78336669171948,35.404999999999994,34.02663330828051,100592.8,143110.55,0.5793854033290653,34.6051611132082
2026-05-11,9933,36.95,36.95,36.2,36.45,3268526.0,119082957.0,36.769999999999996,36.80499999999999,36.845,34.26833333333333,33.00208333333333,,43.750000000000036,50.50505050505054,0.4629971156535646,0.63895848508154,-0.17596136942797536,27.852241281124314,17.388530429881975,25.971736950803155,,38.58490320359914,36.845,35.10509679640086,4239205.8,6085357.3,0.7710231949578857,36.43322922932233
2026-05-11,9934,9.84,9.98,9.78,9.88,2530125.0,25034795.0,9.292,9.281,9.4235,9.656166666666667,9.847666666666667,10.118,78.50467289719626,59.11949685534593,-0.056230338715042905,-0.08737130059568377,0.03114096188064086,40.54752343229791,18.366244940376887,18.59508471525394,,9.883535467740147,9.4235,8.963464532259854,969679.0,742852.8,2.609239758724279,9.894687021392224
2026-05-11,9935,18.25,18.35,18.15,18.35,220583.0,4028353.0,18.18,18.240000000000002,18.5025,19.1125,19.610833333333332,20.959375,60.00000000000014,39.39393939393947,-0.25576093320700366,-0.26325024340417275,0.007489310197169086,17.670491993623106,27.059540288360555,22.237901667542364,,19.194160853916983,18.5025,17.81083914608302,263384.0,303976.95,0.8374958235883728,18.262300358595176
2026-05-11,9937,56.6,56.9,56.6,56.6,14240.0,807895.0,56.760000000000005,56.6,56.85,57.315000000000005,57.729166666666664,,56.250000000000114,34.375000000000014,-0.12871432057799836,-0.16348229845211426,0.034767977874115896,21.01569433130014,22.8164157475085,9.142680108582876,,57.7120660617047,56.85,55.987933938295306,38903.4,46678.3,0.36603484528344565,56.734199438202246
2026-05-11,9938,44.95,45.7,44.7,45.25,2137782.0,96782117.0,45.32,44.6,44.915,47.906666666666666,51.541666666666664,53.09729166666667,70.37037037037032,49.60629921259845,-0.5411751038262054,-0.8318861668652462,0.2907110630390408,23.193408785278017,25.119019772887196,22.45859212997985,,46.999049701398974,44.915,42.830950298601024,2188993.8,2034244.8,0.9766048674966554,45.27221063700602
2026-05-11,9939,113.0,121.0,113.0,120.0,4938501.0,575392299.0,112.9,112.6,113.55,117.5,121.025,133.79375,84.0,52.08333333333334,-0.879622373194465,-1.3578955642421202,0.4782731910476552,34.06747710673599,19.931424182522036,16.099818373576117,,119.85705536430606,113.55,107.24294463569393,2010301.6,1672639.8,2.4565970598640523,116.51152829573184
2026-05-11,9940,19.5,19.5,19.15,19.2,1355727.0,26159038.0,19.61,19.735000000000003,19.880000000000003,20.607499999999998,21.73875,23.935625,5.555555555555614,27.77777777777777,-0.22030339813349897,-0.20063880533601544,-0.019664592797483532,14.12071461314792,31.313923002894857,19.598062397902716,,20.330029238815808,19.880000000000003,19.429970761184197,691598.0,518156.65,1.9602818400284558,19.295210613936288
2026-05-11,9941,75.8,76.0,75.0,75.2,1667575.0,125505865.0,75.72,76.91,77.275,77.07833333333335,85.76500000000001,95.17791666666666,17.241379310344882,35.1063829787234,-0.480478963892395,-0.19943946008619176,-0.28103950380620324,17.67116638297373,24.220568252077992,15.546991004168078,,80.19056620843921,77.275,74.3594337915608,2141517.4,1754241.85,0.778688513107575,75.26250093698934
2026-05-11,9942,122.5,122.5,120.0,120.5,170798.0,20680561.0,120.1,118.4,117.725,115.78333333333333,110.7,112.02416666666666,83.33333333333334,63.15789473684211,1.2171246463106655,0.8734641919096331,0.34366045440103243,29.768737481264314,14.571934680157955,17.548048288832458,,120.96090059049813,117.725,114.48909940950186,148791.6,101459.25,1.1479008223582514,121.0819857375379
2026-05-11,9943,56.5,56.5,55.8,56.0,116552.0,6531835.0,56.52,55.98,56.35,57.855000000000004,59.86416666666667,66.29291666666667,60.0,43.10344827586209,-0.38988568130374546,-0.5230900043614182,0.1332043230576727,25.036487317995725,26.338415601597475,20.20885957905381,,57.82612579695022,56.35,54.87387420304978,95964.8,112438.5,1.2145286605088532,56.0422386574233
2026-05-11,9944,16.8,17.1,16.7,17.1,243017.0,4086327.0,16.57,16.475,16.5325,16.5725,16.707916666666666,16.786041666666666,93.75000000000033,59.52380952380961,0.029332155532660664,-0.015597701773875062,0.044929857306535724,29.70957122243573,13.376272842245603,16.350422305481473,,16.92889825800291,16.5325,16.136101741997088,119226.2,63809.95,2.038285209123498,16.814984136912233
2026-05-11,9945,23.45,23.6,23.3,23.6,6190323.0,145282290.0,23.48,23.580000000000002,24.195,26.4425,28.16208333333333,29.37229166666667,50.0,33.33333333333333,-0.697860689640013,-0.7458561512525075,0.04799546161249446,10.843249360554319,29.747567827807746,46.755679612218515,,25.600590342356156,24.195,22.789409657643844,6395978.2,6519266.9,0.9678461693318466,23.46925838926337
2026-05-11,9946,16.2,16.7,16.2,16.6,617559.0,10242459.0,15.98,15.955000000000002,16.36,16.979166666666668,17.398333333333333,18.610833333333332,76.9230769230769,50.0,-0.3239217166050956,-0.3696077743599152,0.0456860577548196,25.040283704868116,26.2985285921161,30.145585416105803,,17.388847080857765,16.36,15.331152919142232,484675.2,491179.05,1.2741708261532672,16.585393460381923
2026-05-11,9949,23.55,23.8,23.55,23.7,15614.0,371218.0,24.369999999999997,24.639999999999997,27.294999999999998,27.814999999999998,26.9825,26.56625,20.00000000000007,20.00000000000007,-1.4996922741673515,-1.2139640162072902,-0.2857282579600613,24.429530509294885,25.838496492531714,29.32953943262668,,36.49871206576312,27.294999999999998,18.091287934236874,32970.6,135802.15,0.4735734260219711,23.774689381324453
2026-05-11,9950,11.6,11.6,11.6,11.6,342594.0,3974084.0,10.72,10.665,10.932500000000001,10.8025,10.85125,10.875625000000001,83.33333333333334,83.33333333333333,-0.017464749258719436,-0.04909420254056645,0.03162945328184701,33.830535844974996,14.168610418706141,18.845211805151525,,12.217750334002146,10.932500000000001,9.647249665997856,113339.6,292567.8,3.022721096598188,11.599981318995663
2026-05-11,9951,53.5,53.5,52.5,52.5,132390.0,7010660.0,53.94,53.79,54.15,54.391666666666666,54.59583333333333,54.697916666666664,39.99999999999998,39.99999999999998,-0.20263142986286198,-0.1541902329964087,-0.04844119686645329,22.089651736505854,31.106567624574282,20.41739996305623,,55.94883002912572,54.15,52.351169970874274,171425.8,79004.45,0.772287485314346,52.95460382204094
2026-05-11,9955,29.85,30.9,29.85,30.1,550901.0,16784379.0,29.869999999999997,29.5,30.315000000000005,32.485,31.243333333333332,30.174791666666668,81.57894736842127,37.81512605042016,-0.5697654983770377,-0.6892464495237659,0.11948095114672819,26.29723967607671,26.336034975109918,12.733816849815621,,32.625411218809255,30.315000000000005,28.00458878119076,377096.8,458735.65,1.4609007554558937,30.467142009181323
2026-05-11,9958,104.5,104.5,102.5,103.5,1057234.0,109125687.0,103.0,102.6,104.1,118.3,133.24583333333334,162.00416666666666,64.70588235294117,38.63636363636363,-3.35990846713932,-4.166609017891111,0.806700550751791,16.010521722879208,19.70289996180887,26.253215136450482,,108.55562920126947,104.1,99.64437079873052,1585787.0,1538257.65,0.6666935723397909,103.21810214200451
2026-05-11,9960,35.1,35.3,34.6,34.7,173642.0,6079847.0,34.6,34.56,32.6575,,,,57.14285714285725,57.14285714285725,2.3482438220348385,2.5251756818301896,-0.1769318597953511,55.65157999757151,4.885068959917817,81.49857384370495,,39.15942481622085,32.6575,26.155575183779145,271784.2,476743.4,0.638896595166312,35.0136890844381
2026-05-11,9962,9.7,9.7,9.46,9.53,105345.0,1002730.0,9.472,9.623000000000001,9.789,10.721333333333332,11.135666666666669,11.342833333333335,29.999999999999886,29.999999999999886,-0.2992637266644582,-0.3088805222560041,0.00961679559154588,6.442123691869115,18.890648957008086,64.4935183345157,,10.265031843251622,9.789,9.312968156748378,71535.2,70084.75,1.4726316554647223,9.518534339551
