trade_date,stock_id,open,high,low,close,volume,amount,ma_5,ma_10,ma_20,ma_60,ma_120,ma_240,rsi_6,rsi_14,macd_dif,macd_dea,macd_hist,dmi_pdi,dmi_mdi,dmi_adx,dmi_adxr,bb_upper,bb_mid,bb_lower,vol_ma5,vol_ma20,vol_ratio,vwap
2026-04-30,0050,91.25,91.9,90.3,90.5,89209769.0,8111730781.0,91.24000000000001,88.36,84.0125,76.93,69.40625,87.46270833333332,72.67759562841532,79.1044776119403,4.045379386319752,3.4659544723648006,0.5794249139549512,46.09756454618147,17.487308592864483,36.78661875633776,,95.28794490894705,84.0125,72.73705509105295,128246129.0,117441802.9,0.6956137366142257,90.92872755897395
2026-04-30,0051,126.2,127.4,125.6,126.75,136325.0,17274494.0,125.0,124.15500000000002,119.1825,109.6675,99.41375000000001,87.42645833333334,66.05504587155967,87.6666666666667,4.469953451397771,4.1762027824957535,0.2937506689020175,38.297118125620095,17.7809771080841,30.146495863806727,,131.12720924498984,119.1825,107.23779075501015,125715.0,119230.65,1.0843972477429105,126.71552539886301
2026-04-30,0052,53.55,53.6,52.65,52.65,47706881.0,2530600091.0,53.410000000000004,51.684000000000005,49.490500000000004,45.440000000000005,112.20358333333333,148.87033333333332,67.64705882352939,69.19315403422982,1.6939381957436837,1.1883988345856746,0.505539361158009,43.65032499331015,23.726266826212385,27.1623458828408,,55.67551236011474,49.490500000000004,43.30548763988527,68896575.8,54413821.75,0.6924419747432499,53.04476079666579
2026-04-30,0053,211.05,211.1,209.0,209.25,28564.0,5990724.0,209.57000000000002,202.78,191.28749999999997,171.78666666666666,153.2325,127.88020833333333,74.88986784140967,80.11363636363632,10.68815452260364,9.294161031105554,1.393993491498085,47.437849438340116,15.297995702831837,43.84296509818955,,220.45351979232765,191.28749999999997,162.12148020767228,34209.8,29634.9,0.8349654192658243,209.7298697661392
2026-04-30,0055,33.5,33.55,33.19,33.25,185570.0,6203099.0,33.246,33.31,33.1665,32.72266666666667,31.701666666666664,30.188291666666668,42.99065420560755,53.08641975308638,0.18179715120570705,0.1953094485636791,-0.013512297357972047,30.952038071573657,23.732297267327986,14.030730438413686,,33.739296464263845,33.1665,32.593703535736154,290463.8,303216.8,0.6388747926591886,33.42727272727273
2026-04-30,0056,41.04,41.3,40.81,40.9,46787938.0,1923116945.0,40.958,41.247,40.226,38.794666666666664,37.686749999999996,36.013083333333334,18.681318681318785,62.56323777403034,0.6910128226122865,0.7193094256979371,-0.02829660308565063,35.991311392,26.034936295055257,20.513303216380514,,42.86070281955487,40.226,37.59129718044513,76530864.4,81016633.05,0.6113603755401984,41.10283605573727
2026-04-30,0057,271.8,271.8,270.5,270.5,4919.0,1332154.0,271.41,262.91,249.73250000000002,227.845,204.47416666666666,173.39895833333333,74.66410748560459,79.66436327739383,12.282889583349544,10.5449420862426,1.7379474971069442,51.38765442623402,20.52378135993463,35.24415552200402,,283.4228589988843,249.73250000000002,216.0421410011157,36243.0,39109.95,0.1357227602571531,270.8180524496849
2026-04-30,0061,24.39,24.51,24.38,24.4,167788.0,4099959.0,24.25,24.211,23.8865,23.5795,22.926666666666666,20.893166666666666,63.414634146341506,78.68852459016401,0.24722988870061968,0.21600949484464782,0.031220393855971862,36.89103844920353,19.634109786290004,20.70743161277735,,24.833501361640497,23.8865,22.939498638359506,271046.2,289600.7,0.6190383779591818,24.43535294538346
2026-04-30,1101,24.5,24.75,24.45,24.5,21216965.0,520558962.0,24.439999999999998,24.59,24.6675,24.691666666666666,23.60625,,50.0,31.25000000000003,0.029169656353786877,0.06372158686613223,-0.034551930512345355,20.857738678581146,19.852414760033305,14.168695603092194,,25.689507827758725,24.6675,23.645492172241276,24565675.8,29344830.15,0.8636833430814876,24.5350342049393
2026-04-30,1102,35.2,35.5,35.05,35.05,11874662.0,417470570.0,35.379999999999995,35.455,35.485,35.33083333333334,36.282916666666665,38.88999999999999,32.35294117647051,42.1052631578947,0.04673338098418611,0.08660710031185057,-0.03987371932766445,20.36132371257997,16.65478413532537,18.59556432943616,,36.04704513773015,35.485,34.92295486226985,9099788.4,10141514.0,1.3049382554873474,35.1564170837031
2026-04-30,1103,13.5,13.55,13.4,13.45,195326.0,2628610.0,13.48,13.65,13.732500000000002,13.820833333333333,13.672083333333335,14.068958333333335,26.666666666666686,34.61538461538463,-0.07231170135647247,-0.032368094676492605,-0.039943606679979864,13.853370593212436,20.2817785819501,18.476861649628965,,14.088316333461592,13.732500000000002,13.376683666538412,311195.2,311691.2,0.6276639228368561,13.457553013935676
2026-04-30,1104,28.5,28.7,28.3,28.35,530424.0,15089419.0,28.49,28.8,29.067499999999995,29.4575,30.175,29.438750000000002,18.181818181818358,23.25581395348847,-0.27030072004374617,-0.19518741719454896,-0.0751133028491972,8.919050591116171,26.46881267362878,25.948975421484743,,29.834774739787445,29.067499999999995,28.300225260212546,729339.4,691052.75,0.7272663454079129,28.44784361190293
2026-04-30,1108,14.65,14.65,14.5,14.55,86528.0,1259881.0,14.559999999999999,14.65,14.7375,14.931666666666668,14.961666666666668,14.867291666666665,33.33333333333347,31.250000000000043,-0.09839619026764801,-0.08327464412100313,-0.015121546146644876,9.234468406547558,20.03561584189197,24.346577942857145,,14.988550424794449,14.7375,14.486449575205553,151173.6,272327.2,0.5723750707795541,14.560385077662723
2026-04-30,1109,15.45,15.45,15.35,15.45,140092.0,2153150.0,15.45,15.439999999999998,15.415000000000001,15.419999999999998,15.50625,16.022083333333335,59.999999999999716,54.54545454545443,0.019308500943941098,0.013071315218695374,0.006237185725245724,15.50236097706342,20.41394849634751,13.233497362007405,,15.564031964073173,15.415000000000001,15.265968035926829,139969.6,142802.15,1.000874475600416,15.369542871827084
2026-04-30,1110,15.75,15.85,15.0,15.4,250065.0,3832450.0,15.180000000000001,15.27,15.217499999999998,15.764166666666666,16.201666666666668,17.397708333333334,60.00000000000005,52.94117647058825,-0.08516690776539626,-0.11881674991580896,0.033649842150412695,24.273616666200944,21.854335108340138,24.35899456651571,,16.07299308650235,15.217499999999998,14.362006913497643,217578.2,214171.1,1.1493109144206541,15.325815288025114
2026-04-30,1201,12.65,12.7,12.5,12.5,367072.0,4608180.0,12.69,12.940000000000001,13.1725,13.885,14.459583333333333,15.284166666666666,0.0,15.999999999999872,-0.3075699320311731,-0.2622882381262126,-0.04528169390496051,6.062185244079439,37.51707366682304,60.03757717975681,,13.814433756215381,13.1725,12.530566243784618,514662.0,485053.75,0.7132292650321959,12.553885886147677
2026-04-30,1203,43.1,43.6,42.95,43.6,23513.0,1011860.0,43.64,43.745000000000005,42.2375,40.4625,,,41.07142857142856,74.4186046511628,1.068864746803527,1.02445177651047,0.04441297029305713,32.00943563474551,18.658968417670774,38.78252494961306,,45.79778901842733,42.2375,38.677210981572664,20956.2,40258.05,1.1220068523873603,43.0340662612172
2026-04-30,1210,53.8,53.8,53.2,53.4,1675829.0,89416257.0,53.6,53.9,54.265,52.705,52.405833333333334,55.88,37.03703703703699,43.83561643835616,0.0939792694178152,0.29446864315924304,-0.20048937374142783,18.301697428709172,20.274042723030508,18.034881144252896,,55.37623449607416,54.265,53.15376550392584,1657591.0,2312144.7,1.0110027141797946,53.35643254771221
2026-04-30,1213,9.1,9.1,8.8,9.03,6005.0,53620.0,8.937999999999999,9.077,,,,,39.70588235294113,32.81249999999997,-0.22269198425387415,-0.20600059513802266,-0.016691389115851496,16.20940938717936,30.763285839401604,32.55745225982658,,,,,33163.8,25714.1,0.1810709267333659,8.929225645295586
2026-04-30,1215,140.0,141.5,138.5,138.5,1251910.0,174391385.0,139.3,140.5,141.3,145.525,142.19583333333333,129.7675,22.222222222222214,29.16666666666667,-1.8022881979446765,-1.6639733219026813,-0.13831487604199522,13.68995138385882,23.23983432276142,18.51727619580829,,145.40904009792266,141.3,137.19095990207737,1252048.8,1164857.05,0.999889141701186,139.3002572069877
2026-04-30,1216,69.7,70.0,69.3,69.3,14125978.0,981801097.0,70.38,71.42999999999999,71.865,72.65,74.84416666666667,77.24458333333334,3.0303030303028606,31.8840579710145,-0.4949666943304436,-0.20281327579842842,-0.29215341853201515,13.219320282797565,30.13930782355041,15.998172774637448,,73.94171298982499,71.865,69.788287010175,11836004.4,10333132.85,1.1934752237841344,69.50322993565472
2026-04-30,1217,9.93,9.95,9.9,9.9,699903.0,6940908.0,9.966000000000001,10.163,10.2315,10.367166666666666,10.378583333333333,10.666791666666665,0.0,23.076923076923123,-0.09508417666695479,-0.0502112688949094,-0.04487290777204539,9.376987931831827,27.86805519635831,26.607776406750382,,10.561366001502824,10.2315,9.901633998497177,888420.0,575551.05,0.787806442898629,9.916957064050305
2026-04-30,1218,19.0,19.0,18.8,18.95,458064.0,8662599.0,18.919999999999998,18.935,19.152499999999996,18.697499999999998,18.603333333333335,19.33729166666667,46.15384615384612,35.714285714285666,0.0019202618208957745,0.05308817813824164,-0.051167916317345866,17.75526780711584,22.58455683168171,22.164904221177263,,19.65352526462197,19.152499999999996,18.651474735378024,612079.0,781041.95,0.748373984403974,18.91132898459604
2026-04-30,1219,13.5,13.5,13.4,13.5,215198.0,2895910.0,13.540000000000001,13.780000000000001,13.954999999999998,13.706666666666667,13.664583333333333,14.030416666666667,0.0,34.7826086956522,-0.07180109269293311,0.023238705057551132,-0.09503979775048424,18.23934853107989,20.618039462480635,32.366327607553714,,14.64317072545147,13.954999999999998,13.266829274548527,377214.8,677019.6,0.5704919319178356,13.456955919664681
2026-04-30,1220,12.5,12.5,12.35,12.5,74738.0,926344.0,12.43,12.51,12.540000000000001,12.6925,12.735833333333334,13.233958333333334,37.49999999999994,50.0,-0.0646039166890926,-0.05537657906942219,-0.009227337619670407,17.679336702748884,19.809544915400696,14.433711697580643,,12.788363061921102,12.540000000000001,12.2916369380789,66952.2,116536.1,1.116288934493564,12.394551633707083
2026-04-30,1225,32.85,32.85,31.65,32.0,150724.0,4818311.0,31.85,32.485,32.71,30.910833333333336,30.623333333333335,35.05333333333333,35.714285714285694,46.327683615819225,0.13415746814876428,0.3666951474050706,-0.2325376792563063,26.620547491724935,24.18249595944323,26.438964468358094,,34.581278763445624,32.71,30.838721236554377,362680.4,319769.0,0.4155835275355381,31.967775536742657
2026-04-30,1227,29.2,29.2,28.9,28.95,1248501.0,36190823.0,29.139999999999997,29.590000000000003,29.93,29.80166666666667,30.40125,31.598125,12.499999999999886,33.82352941176464,-0.25493995953868875,-0.11885599470834413,-0.13608396483034463,17.393629160860947,27.477636618419993,20.210800182211695,,31.12842001248294,29.93,28.73157998751706,829723.0,1029914.2,1.5047202500111483,28.98742011420095
2026-04-30,1229,41.7,42.0,41.3,41.3,3003240.0,124905807.0,41.839999999999996,42.754999999999995,43.625,44.85916666666667,46.469583333333325,46.314791666666665,7.692307692307551,17.89473684210516,-0.8079538770621397,-0.5618657636302478,-0.24608811343189196,14.014290091927167,37.55406144153682,20.843192649797555,,46.006397201555984,43.625,41.243602798444016,3408755.6,2631422.9,0.8810370564554408,41.59035142046589
2026-04-30,1231,87.5,87.6,86.8,86.8,249240.0,21682091.0,86.84,87.95,89.72999999999999,91.29166666666667,99.30416666666666,118.12708333333333,30.90909090909078,28.282828282828277,-1.1283736076746607,-0.8310341111952408,-0.2973394964794198,19.707164901404155,30.296501375306196,16.093387509941657,,94.31927812235381,89.72999999999999,85.14072187764617,362328.2,346033.7,0.6878846305642232,86.99282217942546
2026-04-30,1232,148.5,149.5,148.5,148.5,63979.0,9522890.0,149.1,149.65,149.75,148.66666666666666,146.97916666666666,149.95,20.0,38.46153846153846,-0.0927428390735372,0.12264282457959207,-0.21538566365312928,15.069713201041457,15.190822343028753,13.565973128856262,,151.0273327473174,149.75,148.4726672526826,83897.2,84724.1,0.7625880243917557,148.8439956860845
2026-04-30,1233,29.25,29.25,28.7,28.75,39067.0,1129538.0,28.810000000000002,28.835,29.0,30.769999999999996,30.985416666666666,31.37666666666667,52.000000000000014,36.53846153846158,-0.439049088134837,-0.5131349025315614,0.07408581439672435,25.015467777202026,36.739550578721364,22.03469075118572,,29.813051432308104,29.0,28.186948567691896,28229.6,18462.3,1.3839020035707201,28.912842040596924
2026-04-30,1234,35.25,35.35,35.15,35.25,125747.0,4428983.0,35.28,35.615,35.754999999999995,36.45666666666667,37.08416666666667,38.591875,7.142857142856769,34.37499999999994,-0.2636581603906194,-0.21633257736247416,-0.04732558302814524,17.55762804144247,28.206174182082243,15.232034971043946,,36.43237884914166,35.754999999999995,35.077621150858334,147397.2,141534.6,0.8531166127986148,35.22138102698275
2026-04-30,1235,44.3,44.3,42.1,42.2,27296.0,1164181.0,44.269999999999996,44.94,43.375,42.125,46.745,,28.235294117647058,43.49315068493151,0.8914579200066584,1.0219541976380684,-0.13049627763141003,27.957395554690812,30.72499381423232,15.11208022943467,,49.041104203254854,43.375,37.708895796745146,11433.6,73149.65,2.387349566190876,42.6502417936694
2026-04-30,1236,26.35,26.35,25.6,25.75,39138.0,1010100.0,25.660000000000004,25.845,25.975,26.3125,25.79958333333333,,100.0,52.702702702702695,-0.21506167188053027,-0.17361868602769465,-0.04144298585283562,21.620668027263406,21.921244725742692,19.177253873694948,,27.125057206815146,25.975,24.824942793184857,38615.0,53075.45,1.0135439596011913,25.808676989115437
2026-04-30,1240,59.4,59.6,58.6,59.6,19792.0,1175434.0,59.6,59.61,59.49499999999999,59.61166666666667,59.85583333333334,59.97791666666667,50.0,83.33333333333314,0.04884088010370391,0.03524368925995859,0.013597190843745319,4.770778201352224,6.995336396416738,17.378796223165196,,59.90268925214651,59.49499999999999,59.08731074785347,19792.0,31460.1,1.0,59.38934923201293
2026-04-30,1256,163.0,165.0,161.5,161.5,24189.0,3939125.0,160.1,160.75,155.875,155.38333333333333,151.8375,138.58333333333334,42.30769230769231,63.23529411764706,2.142419218416137,1.4664648042221575,0.6759544141939795,26.734512084414348,17.886126038658674,16.97920004297776,,167.2715599611179,155.875,144.4784400388821,37474.8,56604.1,0.6454737583656216,162.847782049692
2026-04-30,1259,57.8,57.8,57.6,57.6,2130.0,122882.0,57.6,57.79,58.475,,,,50.0,27.586206896551815,-0.6521219713625115,-0.5962374298205056,-0.05588454154200584,11.258974287630542,15.364566661432388,21.402904128907956,,60.17190120048587,58.475,56.77809879951413,2130.0,9967.2,1.0,57.691079812206574
2026-04-30,1264,273.0,273.5,273.0,273.5,11331.0,3100019.0,273.5,273.95,276.05,278.78333333333336,278.64166666666665,278.5708333333333,50.0,18.75,-1.6745243562448309,-1.4782078145435515,-0.19631654170127932,7.7113413286842345,16.187378730493876,27.920743855454493,,280.86117121094617,276.05,271.23882878905385,11331.0,31252.95,1.0,273.5874150560409
2026-04-30,1268,156.0,156.0,155.0,155.0,11192.0,1740444.0,155.0,155.25,156.725,158.46666666666667,158.98333333333332,159.24166666666667,50.0,0.0,-0.9965707376887281,-0.8779047925885292,-0.1186659451001989,8.855450845574577,17.673015493815207,28.3179918243759,,160.0093328249831,156.725,153.4406671750169,11192.0,15345.8,1.0,155.50786275911366
2026-04-30,1294,80.0,80.1,79.6,79.6,34120.0,2726291.0,79.6,79.91,80.835,80.78333333333333,79.69166666666666,79.14583333333333,50.0,34.92063492063491,-0.6075490839121613,-0.41505687605197694,-0.1924922078601844,13.477456185404115,11.709815085169481,18.811174985626113,,83.36505096682573,80.835,78.30494903317425,34120.0,38509.3,1.0,79.90301875732708
2026-04-30,1295,57.2,57.2,55.0,55.0,209908.0,11662406.0,55.0,55.42999999999999,57.55500000000001,69.33166666666666,74.41583333333332,76.95791666666668,50.0,14.08450704225352,-3.5812137302285834,-3.890429713448548,0.3092159832199646,3.0587895957990665,22.577970987461203,73.64320968463723,,62.37490390819349,57.55500000000001,52.735096091806525,209908.0,125392.0,1.0,55.559607065952704
2026-04-30,1301,51.2,52.1,50.6,51.5,20701677.0,1065907887.0,50.82,51.48,50.445,47.5325,43.57083333333333,40.19145833333334,43.750000000000014,62.962962962962955,1.017829100594291,1.2052727981632638,-0.18744369756897283,27.334204330885477,14.942685694176058,36.590150376658706,,55.696055031835996,50.445,45.193944968164004,20111983.6,32465332.4,1.029320499247026,51.48896328543818
2026-04-30,1303,92.5,93.6,87.8,89.6,101531762.0,9143629936.0,88.88,88.08,86.135,79.43833333333333,64.32,48.701875,50.79365079365075,62.903225806451616,2.6616388749551305,2.5719771255338855,0.08966174942124505,21.260112271486136,16.7288143968869,14.30202170641538,,94.07617186102263,86.135,78.19382813897738,81578139.8,91690988.95,1.2445952095612751,90.05684286263052
2026-04-30,1304,14.1,14.5,13.8,14.35,12389103.0,176089749.0,14.059999999999999,14.315000000000001,15.372499999999999,13.619166666666668,12.1975,11.1765,50.0,36.66666666666668,-0.1669499992304484,0.11152132945766902,-0.2784713286881174,21.664926332876412,23.136259036336696,20.786755509179063,,17.94839534766161,15.372499999999999,12.796604652338388,9984242.0,23496201.25,1.2408656561008837,14.213276699693271
2026-04-30,1305,14.75,15.05,14.35,14.85,9282896.0,136862429.0,14.45,14.584999999999999,15.782500000000002,14.016666666666667,12.645416666666668,11.847166666666668,58.33333333333332,35.877862595419856,-0.21025144786079686,0.08070017696079401,-0.29095162482159087,26.749386405785142,23.86568458767381,20.700141713584525,,18.4617133566639,15.782500000000002,13.103286643336105,6173583.6,13968335.15,1.5036478974707657,14.743505582740559
2026-04-30,1307,31.5,32.0,31.35,31.7,1021180.0,32319909.0,31.410000000000004,31.589999999999996,31.7175,32.59916666666666,32.283750000000005,33.877500000000005,37.14285714285714,48.648648648648624,-0.4037263379023379,-0.3977580400124232,-0.005968297889914709,20.85018687056154,17.76420461942731,8.158150093651773,,32.52161769235636,31.7175,30.913382307643644,864437.2,802904.9,1.1813235247164282,31.649571084431734
2026-04-30,1308,14.9,15.1,14.6,15.05,6074945.0,90443575.0,14.919999999999998,15.160000000000002,16.134999999999998,15.098333333333333,13.979166666666666,13.0875,44.1860465116279,35.576923076923066,-0.31620523441104886,-0.08058780175809041,-0.23561743265295845,24.98776860500016,19.740169363252136,31.281772046494417,,18.58708826148344,16.134999999999998,13.682911738516555,4640138.2,10655699.2,1.309216393597932,14.88796606389029
2026-04-30,1309,19.65,20.8,19.35,20.8,24559783.0,501007176.0,19.73,19.55,21.475,16.555,13.840833333333334,12.58125,68.0327868852459,42.436974789915965,0.2877661217311669,0.7321097561734478,-0.44434363444228087,28.78440367763532,19.489746032554255,35.81713818866411,,26.260009486873674,21.475,16.68999051312633,19251294.2,25412048.0,1.2757471131473332,20.399495223553075
2026-04-30,1310,9.5,9.68,9.36,9.5,3902363.0,37094089.0,9.558,9.729000000000001,10.169500000000001,9.925833333333333,9.333333333333334,9.029374999999998,35.29411764705873,35.91549295774644,-0.269551146462927,-0.15561229524201947,-0.11393885122090752,17.856917323375303,23.74644390252314,15.25912282241608,,11.261971365396173,10.169500000000001,9.07702863460383,3903031.6,8585076.25,0.9998286972618925,9.505545486158002
2026-04-30,1312,12.45,12.55,12.2,12.3,7858028.0,97015070.0,12.54,12.89,13.2025,13.159999999999998,11.881333333333334,11.054958333333333,23.809523809523583,47.169811320754725,-0.24586922081946305,-0.09303918973664935,-0.1528300310828137,24.284439934981926,29.470121640725853,12.138963491730419,,14.60305440150632,13.2025,11.801945598493681,6417844.2,15146284.2,1.2244030479892298,12.34598171449631
2026-04-30,1313,11.35,11.4,11.05,11.1,5660827.0,63315679.0,11.35,11.615,12.02,11.634999999999998,11.009583333333333,9.972791666666666,16.6666666666667,41.55844155844155,-0.22829972256837827,-0.07569466943668082,-0.15260505313169745,20.19605361430769,24.779507861765616,18.498526040234363,,13.1741230437002,12.02,10.865876956299799,3542119.8,6634432.4,1.5981466804143667,11.18488146696587
2026-04-30,1314,7.48,7.51,7.36,7.42,10905423.0,80827521.0,7.4319999999999995,7.565,,,,,25.000000000000014,37.815126050420155,-0.21099975725303732,-0.18153596966884888,-0.02946378758418844,17.29868084014578,27.26128985677139,17.957621062271762,,,,,12769708.6,,0.8540071932416688,7.411681417584627
2026-04-30,1315,62.7,63.1,61.7,62.3,86474.0,5386079.0,62.54,63.989999999999995,64.025,,,,17.02127659574461,33.74999999999997,-0.300710982920954,-0.017852646170554067,-0.28285833675039995,26.504457320001844,35.72326772006084,19.389217179981266,,66.37256312621804,64.025,61.67743687378198,47690.2,41493.55,1.813244649844203,62.285530911025276
2026-04-30,1316,11.3,11.3,10.95,11.0,1376821.0,15253197.0,11.09,11.440000000000001,11.78,13.054166666666667,14.147916666666667,,25.0,23.255813953488328,-0.4541867637149313,-0.41826649307883784,-0.03592027063609343,13.893027158217727,34.33079474394379,28.20919317536692,,12.680526161985638,11.78,10.879473838014361,2359431.0,2018755.05,0.5835394211570502,11.07856213698077
2026-04-30,1319,75.0,75.6,73.7,74.8,3520091.0,262506930.0,74.82000000000001,76.33000000000001,78.08,90.85833333333333,92.98,102.54041666666667,28.00000000000007,33.71428571428574,-3.36881411047861,-3.6020615904910214,0.23324748001241158,8.125876347703738,29.72396059431379,50.08190158563494,,82.94733472944579,78.08,73.21266527055421,2731988.8,2696068.9,1.2884719732379577,74.57390448144665
2026-04-30,1321,30.85,30.85,30.35,30.4,225941.0,6894414.0,30.82,31.625,32.480000000000004,33.266666666666666,34.551249999999996,35.335625,8.888888888888985,12.000000000000057,-0.7326501445272164,-0.49081266118770733,-0.2418374833395091,6.34566071224127,33.28528691618337,36.71790410898042,,34.664490787346786,32.480000000000004,30.29550921265322,267012.4,232530.5,0.8461816754577689,30.514222739564755
2026-04-30,1323,20.7,21.15,20.2,20.3,299932.0,6175562.0,20.939999999999998,20.975,21.5875,19.909166666666668,19.78458333333333,19.950208333333332,50.63291139240507,39.56834532374101,0.12401592179539378,0.3528175867701498,-0.228801664974756,27.092825254357262,24.350388516205253,19.082720782592663,,23.759298914797576,21.5875,19.41570108520242,438764.4,530554.25,0.6835832624524688,20.5898737047064
2026-04-30,1324,10.9,10.9,10.55,10.55,127778.0,1360680.0,10.71,10.99,11.3325,10.8725,10.855833333333333,11.009583333333333,8.695652173913146,36.06557377049184,-0.07916575227943135,0.04517055607490215,-0.12433630835433349,26.050316320246854,17.50217765292705,37.60809710297862,,12.363735845197873,11.3325,10.301264154802126,85466.0,428696.5,1.4950740645402851,10.648781480380034
2026-04-30,1325,27.15,27.15,26.1,26.2,256728.0,6799205.0,26.060000000000002,26.419999999999998,26.755000000000003,28.363333333333333,29.657499999999995,29.45854166666667,39.34426229508193,43.18181818181817,-0.4718756579152412,-0.4986581450299599,0.0267824871147187,27.158130333210632,27.270849831285897,14.392848480831177,,27.921596489117146,26.755000000000003,25.58840351088286,355993.6,235382.4,0.7211590320724868,26.4840804275342
2026-04-30,1326,53.0,53.3,51.2,52.3,29865338.0,1551294912.0,51.19,50.795,49.35,44.028333333333336,37.51291666666667,31.779583333333335,68.47826086956516,66.04215456674468,1.8847173882274149,1.8904145896786186,-0.005697201451203782,32.76399098702509,11.199510771023073,51.3548279384475,,55.23682740040085,49.35,43.463172599599154,29911949.2,39881967.75,0.9984417197392138,51.94298862447162
2026-04-30,1336,13.8,14.05,13.75,13.9,96437.0,1342580.0,13.9,13.925,13.965,14.860833333333336,15.305416666666666,15.527708333333333,50.0,45.45454545454554,-0.20295358292191068,-0.24245687912549077,0.03950329620358009,5.096204818996758,14.936570066613838,49.43279811860749,,14.159935886896076,13.965,13.770064113103924,96437.0,73390.45,1.0,13.921834980349866
2026-04-30,1337,5.14,5.16,5.02,5.02,396641.0,2015973.0,5.128,5.25,5.5344999999999995,5.5925,5.29625,5.448541666666667,20.370370370370395,32.413793103448256,-0.1906041928139368,-0.1271306978028931,-0.06347349501104371,16.062884886441132,29.417036612718146,23.647421849575192,,6.235791290181346,5.5344999999999995,4.833208709818653,545439.2,748971.2,0.7271956251035863,5.082613748956866
2026-04-30,1338,16.65,16.9,16.25,16.35,126685.0,2097461.0,16.64,16.6,16.457500000000003,17.604166666666668,19.332083333333333,21.53666666666667,22.2222222222221,49.23076923076927,0.006569351436720439,-0.09501262164987206,0.1015819730865925,24.824246712580223,18.28371319744876,28.242690907437645,,17.272668694196362,16.457500000000003,15.642331305803642,91553.2,239200.0,1.383730989195353,16.556506295141492
2026-04-30,1339,41.7,42.4,41.0,41.0,61243.0,2538698.0,41.779999999999994,41.855000000000004,41.3525,42.23083333333333,43.03041666666666,46.13041666666667,48.192771084337366,47.36842105263159,0.02981961584612236,-0.03650577139499595,0.0663253872411183,23.6628239313408,13.660035168614545,22.60647519188506,,43.35761845036525,41.3525,39.34738154963475,80476.6,73773.75,0.7610038197438758,41.452868082882944
2026-04-30,1340,5.72,5.79,5.68,5.77,286613.0,1638845.0,5.808,6.043,6.305000000000001,6.803166666666667,6.967666666666667,6.843208333333333,1.851851851851805,6.1728395061728065,-0.2756258569725798,-0.22276727983000716,-0.05285857714257264,12.116645972570435,32.57680395115487,21.835892329533145,,6.97604004116194,6.305000000000001,5.633959958838061,244147.2,280175.8,1.173935232515466,5.717971620268446
2026-04-30,1341,60.7,61.3,60.1,61.2,7320.0,444278.0,60.879999999999995,60.839999999999996,60.239999999999995,,,,47.61904761904775,64.00000000000006,0.4969965607118425,0.437892077457685,0.059104483254157514,21.64978759055672,23.922384165840132,11.402302679349392,,61.88591999549634,60.239999999999995,58.59408000450365,4921.0,7022.75,1.487502540134119,60.693715846994536
2026-04-30,1342,93.5,94.0,91.8,92.0,194130.0,17988076.0,93.14,94.75,91.285,92.52166666666668,88.765,88.70125,20.491803278688522,57.19557195571956,1.0526988742176258,0.9094091257009479,0.14328974851667786,30.19649384995463,23.280985047181066,22.25533391379646,,100.43918224810825,91.285,82.13081775189174,681818.2,546321.75,0.28472399240736024,92.65994951836399
2026-04-30,1402,26.0,26.15,25.75,25.75,11788625.0,305382605.0,26.0,26.055,26.3325,27.3075,27.493333333333332,29.220833333333335,35.71428571428574,21.87500000000007,-0.32130915624758316,-0.33141065338950565,0.010101497141922489,14.353203288173052,24.100868584546145,15.88646218475417,,27.02400864819522,26.3325,25.64099135180478,9813019.2,14538118.55,1.2013249704025852,25.904853619484886
2026-04-30,1409,17.55,17.8,16.8,16.8,14150191.0,241954909.0,16.75,16.825,16.557499999999997,15.78,15.163333333333332,14.18625,28.57142857142857,52.631578947368425,0.28401553174851557,0.3151196749847534,-0.031104143236237836,29.734249503645284,14.196967058952344,28.501506077023,,17.761561110531787,16.557499999999997,15.353438889468206,8006713.6,10900102.2,1.767290764590356,17.099056048077372
2026-04-30,1410,28.35,28.35,27.55,27.55,51003.0,1420282.0,28.810000000000002,30.185000000000002,30.7625,32.21666666666667,,,6.666666666666686,27.840909090909108,-0.8932997068149824,-0.5371036874351413,-0.35619601937984113,10.910128144205578,31.11754383335606,24.26784562232299,,33.41478302847923,30.7625,28.11021697152077,164440.6,110925.65,0.31016062943093126,27.84702860616042
2026-04-30,1413,9.57,9.57,9.52,9.53,15929.0,151846.0,,,,,,,30.95238095238085,28.787878787878682,-0.060952406154461514,-0.03221614002678978,-0.02873626612767173,10.094182641772484,35.17580903637821,32.95777130859622,,,,,15002.2,20552.5,1.061777605951127,9.532676250863206
2026-04-30,1414,16.95,16.95,16.5,16.65,188761.0,3135863.0,16.68,16.5,16.695,18.2375,17.94333333333333,18.14229166666667,71.42857142857137,49.05660377358489,-0.4213530597532795,-0.5273712540775285,0.10601819432424897,16.67751965750236,20.397621518280655,20.119976316612785,,17.284290385036098,16.695,16.105709614963903,313444.2,293929.8,0.6022156415719289,16.61287554102807
2026-04-30,1416,11.5,11.5,11.35,11.4,187318.0,2131849.0,11.44,11.515,11.525,11.639999999999999,11.574166666666667,11.767916666666668,33.33333333333333,42.1052631578947,-0.038379853764524796,-0.025484961314404392,-0.012894892450120404,10.691064405600754,14.77019963952412,14.87875885728137,,11.726311489462026,11.525,11.323688510537975,183201.2,185074.95,1.0224714685274987,11.380908401755304
2026-04-30,1417,8.95,8.99,8.81,8.85,140061.0,1238508.0,8.872,8.925,8.997,8.903,8.715833333333334,8.408083333333334,16.000000000000256,34.04255319148935,-0.023190779289221197,0.003895609849148159,-0.027086389138369357,19.527120437550163,16.468985348737064,14.458089680914746,,9.189173167522997,8.997,8.804826832477003,94473.0,137231.0,1.4825505700041282,8.84263285282841
2026-04-30,1418,18.6,19.9,18.6,19.2,63525.0,1227247.0,18.52,18.445,18.5975,,,,81.8181818181818,57.627118644067785,-0.1100437087554269,-0.1939281495175638,0.08388444076213689,37.219538264973025,21.586698943302878,12.572718562806255,,19.318226972175726,18.5975,17.876773027824274,28833.0,20491.65,2.2032046613255645,19.319118457300277
2026-04-30,1419,63.2,64.5,62.8,64.4,131676.0,8394568.0,62.9,63.57000000000001,63.065,66.17166666666667,64.48916666666666,59.291875000000005,46.96969696969703,59.78260869565218,-0.17500864925783333,-0.3893524234644641,0.21434377420663075,24.46563705019125,25.501361731705625,13.487615274567903,,65.46173022876225,63.065,60.66826977123774,89841.8,101059.25,1.4656429412589684,63.751693550836904
2026-04-30,1423,41.4,41.6,41.2,41.6,86101.0,3556044.0,41.8,41.64,40.86,,,,28.571428571428285,66.29213483146074,0.6484063621818876,0.609597804585477,0.038808557596410664,28.351992736334157,11.90687169550017,49.60939740485326,,42.673864731217854,40.86,39.046135268782145,49588.2,55093.65,1.736320334273073,41.3008443572084
2026-04-30,1432,16.95,17.1,16.8,16.85,208075.0,3515276.0,16.740000000000002,16.755,17.0325,17.834166666666665,17.752916666666668,17.324583333333333,52.1739130434783,37.49999999999995,-0.28316490899756985,-0.3002356335249715,0.01707072452740166,19.486614623034566,23.54788598120683,17.739376661560264,,17.66518433968672,17.0325,16.399815660313276,237092.4,310909.85,0.8776114291305838,16.89427369938724
2026-04-30,1434,16.1,16.15,15.85,15.9,894493.0,14234178.0,15.86,16.16,16.3975,16.7225,16.133333333333333,16.206041666666668,30.43478260869567,40.740740740740804,-0.2282924986440804,-0.16515834269471344,-0.06313415594936697,17.473827146691743,25.91098512232332,16.626468852219343,,17.166966664234863,16.3975,15.628033335765139,1541193.6,1776298.0,0.5803897706297249,15.913123970785685
2026-04-30,1436,50.8,51.2,49.65,49.95,205488.0,10301869.0,50.35,51.105,52.1625,56.32416666666666,60.452083333333334,81.47979166666667,17.543859649122837,30.400000000000006,-1.3293221964085618,-1.2658495734751176,-0.06347262293344413,16.98953072486917,29.98440063633186,23.532467158832464,,54.80643546381435,52.1625,49.51856453618565,242457.2,227542.25,0.8475227792781571,50.13367690570739
2026-04-30,1437,29.9,29.9,29.55,29.65,103472.0,3065396.0,29.9,30.155,30.357499999999998,31.600833333333334,31.751250000000002,31.777083333333334,17.857142857142833,26.82926829268291,-0.366627819892102,-0.3519616319377484,-0.014666187954353649,18.016980031696747,28.784175771823627,16.85021131585807,,30.969893922071936,30.357499999999998,29.74510607792806,68905.6,85477.8,1.5016486323317697,29.62536724911087
2026-04-30,1438,23.45,23.45,21.85,22.15,129221.0,2873335.0,24.19,25.919999999999998,27.184999999999995,30.186666666666667,32.723333333333336,36.208333333333336,1.02040816326533,6.622516556291387,-1.6459905444346141,-1.1456409569436268,-0.5003495874909873,10.586422839258727,40.085098901135616,23.200515487774467,,31.228591420871975,27.184999999999995,23.141408579128015,89716.6,46338.55,1.4403243101053762,22.235820803120237
2026-04-30,1439,27.0,27.0,26.4,26.55,40051.0,1068678.0,26.49,26.805,27.204999999999995,,,,29.629629629629576,31.42857142857143,-0.4269564134239161,-0.38277783334682197,-0.04417858007709413,13.400156029771424,24.41992455548033,27.533358973658448,,28.283449178950704,27.204999999999995,26.126550821049285,41645.6,66539.25,0.9617102406976968,26.682929265186885
2026-04-30,1440,12.8,12.85,12.65,12.65,1083859.0,13793290.0,12.75,12.955000000000002,13.0,13.1875,13.323333333333332,13.315,18.75000000000003,48.07692307692309,-0.08452992303791618,-0.03566203567902022,-0.04886788735889596,21.65374802663834,24.50111872377712,12.790907834854133,,13.736992465861757,13.0,12.263007534138243,1353430.0,1817123.5,0.8008238327804171,12.726092600605798
2026-04-30,1441,10.2,10.2,10.0,10.05,85895.0,864931.0,10.95,11.405,10.626000000000001,10.259833333333331,10.575333333333333,11.317458333333333,21.000000000000014,51.53301886792453,0.2671853162932347,0.3526452916253938,-0.0854599753321591,39.64228669415569,37.571584347469305,27.743284425807335,,13.135287170744487,10.626000000000001,8.116712829255516,273239.2,211264.5,0.31435826191849486,10.069631526864194
2026-04-30,1442,27.55,27.55,26.2,26.2,925843.0,24658320.0,27.419999999999998,28.395,27.534999999999997,28.258333333333333,31.483333333333334,50.05875,13.483146067415703,50.0,-0.04346492004792779,0.06403261239112502,-0.10749753243905281,19.78682684677752,24.219758849488855,18.742814675975467,,30.172003882000208,27.534999999999997,24.897996117999785,911948.0,963702.5,1.015236614368363,26.633370884696433
2026-04-30,1443,21.3,21.3,21.1,21.2,25231.0,535399.0,21.54,22.580000000000002,22.905,,,,0.0,31.52173913043481,-0.8373084363016616,-0.6825824570390108,-0.15472597926265086,13.42557136002023,34.868567359761386,26.345255336662536,,24.90207681111063,22.905,20.907923188889374,46402.2,37555.2,0.5437457706746663,21.219888232729577
2026-04-30,1444,6.15,6.15,6.01,6.11,1848624.0,11193538.0,6.188,6.319,6.369999999999999,6.317333333333334,6.306333333333333,6.590291666666667,18.181818181818088,45.00000000000001,-0.03116929992531947,0.015478123669122844,-0.046647423594442315,17.60159201654253,29.667578997938566,17.744235601975518,,6.758627815457466,6.369999999999999,5.981372184542533,1065199.4,1055826.6,1.735472250547644,6.055064740044487
2026-04-30,1445,12.7,12.75,12.55,12.7,28634.0,362476.0,12.809999999999999,12.965,12.765,13.529166666666667,13.88125,14.270416666666668,23.80952380952371,53.48837209302322,-0.10645824269120574,-0.12869065461029214,0.022232411919086398,19.279594501162762,25.487307929546855,12.839432247770754,,13.409899012902207,12.765,12.120100987097794,37107.6,70732.9,0.771647856503789,12.658936928127401
2026-04-30,1446,15.8,15.85,15.65,15.8,166428.0,2620583.0,15.88,16.15,16.3075,16.7025,17.620833333333334,20.845833333333335,0.0,31.250000000000043,-0.20512438781982212,-0.14177094694115705,-0.06335344087866507,13.098631452801468,26.62084218520604,17.034555961619994,,16.88540456324135,16.3075,15.729595436758652,192772.8,178665.1,0.86333756629566,15.746046338356527
2026-04-30,1447,5.02,5.06,4.98,4.99,978173.0,4892618.0,5.022,5.125,5.1579999999999995,5.343666666666667,5.4550833333333335,5.7625416666666665,7.69230769230785,46.8085106382979,-0.07594468235808094,-0.059090047785648185,-0.016854634572432754,22.177957470025277,23.93215582495322,11.563740018193775,,5.403687006703946,5.1579999999999995,4.9123129932960525,1190172.6,1151426.85,0.8218749112523679,5.001792116527445
2026-04-30,1449,13.5,13.55,12.95,12.95,1174410.0,15426952.0,13.36,13.969999999999999,14.142499999999998,12.246666666666668,11.675916666666666,12.300666666666668,0.0,19.56521739130433,0.2821790289505337,0.5727324959087219,-0.2905534669581882,28.57669062679145,24.01332680955202,27.357818253562137,,16.480577257739164,14.142499999999998,11.804422742260833,1447523.0,4131556.7,0.811323896062446,13.13591675820199
2026-04-30,1451,16.95,16.95,16.5,16.65,215766.0,3612782.0,16.81,16.970000000000002,17.615000000000002,17.776666666666667,17.54375,18.14375,27.7777777777777,19.642857142857054,-0.33824060995756966,-0.22637013235627285,-0.11187047760129681,16.408109013586913,41.331941450126294,27.023991318694996,,19.04037160436356,17.615000000000002,16.189628395636444,205557.8,226544.25,1.049660971269395,16.743981906324443
2026-04-30,1452,11.4,11.4,11.4,11.4,20713.0,236118.0,11.44,11.64,11.785,11.636666666666667,11.844583333333333,12.12125,0.0,25.0,-0.038757223391064244,0.029206507143404975,-0.06796373053446922,27.435847877351264,18.855043537130584,31.133561968441334,,12.256392115246317,11.785,11.313607884753683,87754.4,105133.4,0.23603374873510619,11.399507555641385
2026-04-30,1453,11.85,11.9,11.8,11.8,30455.0,360713.0,11.940000000000001,12.004999999999999,12.0875,12.509999999999998,12.630416666666665,13.262291666666668,14.285714285714064,28.57142857142857,-0.1418110321700219,-0.12683347679344334,-0.01497755537657855,13.802854836416852,21.716703083457105,15.161801428011715,,12.35675824035625,12.0875,11.818241759643751,99634.6,93984.45,0.30566690687773124,11.844130684616648
2026-04-30,1454,14.0,14.45,13.6,14.2,152632.0,2145647.0,13.830000000000002,13.425,13.125,13.371666666666666,,,74.54545454545456,70.88607594936707,0.18473968410550867,0.03370536891839467,0.151034315187114,39.041004487677085,16.322649287638388,25.298062418049366,,14.118928939533621,13.125,12.131071060466379,342473.8,126542.95,0.445674968420942,14.057648461659417
2026-04-30,1455,8.37,8.37,8.15,8.15,878365.0,7227087.0,8.386,8.684999999999999,8.6775,8.661499999999998,8.35825,8.746541666666667,4.950495049505008,44.24778761061947,-0.0859754807061659,-0.0077369774437653725,-0.07823850326240052,23.552394028624253,30.767430491380214,18.938015269825765,,9.236366333703716,8.6775,8.118633666296285,647266.2,771502.05,1.3570382633914764,8.22788590164681
2026-04-30,1456,13.55,13.95,13.55,13.7,38759.0,531870.0,13.6,13.815000000000001,14.15,13.605833333333333,13.126249999999999,12.995,42.85714285714283,35.087719298245574,-0.07240859141771594,0.0438895232800842,-0.11629811469780013,21.528384511577077,25.083146500719412,18.183714117910856,,15.063639339184231,14.15,13.23636066081577,56870.0,110838.6,0.6815368384033761,13.722490260326634
2026-04-30,1457,14.75,14.75,14.4,14.45,165791.0,2400902.0,14.579999999999998,14.715,14.8625,15.3,15.76125,16.56208333333333,0.0,27.77777777777777,-0.22888891810175238,-0.20145404402401357,-0.027434874077738813,19.57622260947733,23.66859828723985,11.052071640592146,,15.328021778561935,14.8625,14.396978221438067,157588.2,194344.3,1.0520521206537037,14.48149778938543
2026-04-30,1459,11.65,11.7,11.65,11.7,86882.0,1015752.0,11.68,11.690000000000001,11.685,11.7875,11.805416666666668,11.751458333333334,50.0,55.55555555555552,-0.017983797839452365,-0.025830656541214483,0.007846858701762119,18.370624566068198,13.75995098180238,16.74082682099036,,11.78810954828452,11.685,11.58189045171548,128487.2,137129.1,0.6761918696959698,11.691167330402155
2026-04-30,1460,6.98,7.05,6.94,6.98,559483.0,3922707.0,6.946,6.877,6.9655000000000005,6.816166666666666,6.334833333333334,6.459708333333333,78.12500000000014,48.5714285714286,0.0030158916759912557,0.00855513809152853,-0.005539246415537274,18.002407437087314,20.416965733449388,14.767717550171033,,7.204574971724892,6.9655000000000005,6.726425028275109,760480.0,682487.4,0.7356971912476331,7.0113068672327845
2026-04-30,1463,18.85,19.0,18.8,18.9,95031.0,1792615.0,18.669999999999998,18.305,18.119999999999997,18.08,18.5575,19.699375,67.92452830188682,64.51612903225806,0.1979738407070073,0.06577221533066265,0.13220162537634467,28.244264724948437,20.028176739948364,21.129230359664067,,19.07222730590167,18.119999999999997,17.167772694098325,580551.6,201106.75,0.16369087605649524,18.863476128842166
2026-04-30,1464,10.05,10.1,10.0,10.0,339343.0,3403057.0,10.069999999999999,10.225,10.3025,10.768333333333334,10.9375,11.974583333333333,0.0,29.411764705882362,-0.1582914052359996,-0.13887256404479134,-0.019418841191208264,11.612263457486934,24.55965530915376,17.322747991832436,,10.626090059049295,10.3025,9.978909940950706,427444.2,436786.1,0.7938884186520719,10.02836952581901
2026-04-30,1465,12.1,12.15,12.0,12.1,48391.0,584494.0,12.209999999999999,12.404999999999998,12.435,12.388333333333332,12.680416666666668,13.097291666666667,0.0,44.999999999999964,-0.03544485643917916,0.026073722215932828,-0.06151857865511199,18.83256627206495,25.021870336219266,20.985800088003373,,13.003562360603253,12.435,11.866437639396748,111098.2,104507.25,0.4355696131890526,12.078568328821476
2026-04-30,1466,16.1,16.6,15.8,16.3,191164.0,3080279.0,16.4,16.675,16.735,16.399166666666666,16.06875,15.907291666666667,22.222222222222257,39.62264150943396,-0.1228817711346828,-0.0331578761309008,-0.089723895003782,23.77188203885772,19.672236198259302,13.730417111549425,,17.375805414262203,16.735,16.094194585737796,236038.0,216850.95,0.8098865436921173,16.113279697014082
2026-04-30,1467,7.42,7.53,7.1,7.12,599084.0,4362584.0,7.364,7.3469999999999995,7.1985,7.278333333333333,7.233083333333334,7.718875,29.32330827067669,52.31481481481483,0.05862635227939883,0.04222952555858085,0.016396826720817978,32.72202371170149,22.54180779792779,22.524546180070185,,7.752652743526489,7.1985,6.6443472564735115,535115.8,553713.8,1.119540854521582,7.282090658405165
2026-04-30,1468,12.2,12.2,11.95,12.05,47001.0,566062.0,12.190000000000001,12.254999999999999,12.2175,12.435833333333333,12.1375,13.033958333333334,18.18181818181816,41.02564102564102,-0.023585908029884806,-0.01890572269813967,-0.004680185331745135,15.004629273678685,18.89845381085727,15.047142555634403,,12.76740429789373,12.2175,11.667595702106269,50077.8,60143.55,0.9385596012604387,12.043616093274611
2026-04-30,1470,,,,,1.0,22.0,,,,,,,41.17647058823532,52.83018867924528,0.06400720444708341,0.03843075934003483,0.02557644510704858,31.470829785381422,21.350269123326225,17.09222675686383,,,,,5691.6,13172.65,0.0001756975191510296,22.0
2026-04-30,1471,11.75,11.75,11.3,11.3,701159.0,8022089.0,11.620000000000001,12.035,12.0425,12.092166666666666,10.561833333333333,10.434708333333333,14.705882352941188,40.54054054054055,-0.18354077072508623,-0.08199406172628983,-0.1015467089987964,26.535581729173057,26.836226458113877,17.95618353768916,,12.850535304075102,12.0425,11.234464695924899,451228.0,853702.15,1.5538907160016666,11.441183811375167
2026-04-30,1472,89.9,90.7,89.3,89.3,30135.0,2712714.0,91.6,93.44,94.465,91.95833333333333,91.19583333333334,93.32166666666667,0.0,24.324324324324394,-0.6499507017135642,0.20310070307309405,-0.8530514047866582,16.37007491699312,34.32640875577655,20.78133863589896,,98.53505754517772,94.465,90.39494245482229,12944.2,26504.55,2.32806971462122,90.01871577899452
2026-04-30,1473,21.6,21.6,21.0,21.25,351834.0,7480206.0,21.95,22.53,23.165,24.302500000000002,25.478333333333335,26.591250000000002,0.0,9.523809523809618,-0.6397158041298177,-0.46329604090227156,-0.1764197632275461,9.104189157804393,40.449907054458706,27.754065756866986,,24.86735131509321,23.165,21.46264868490679,199881.4,148502.55,1.760213806787425,21.26061153839595
2026-04-30,1474,10.0,10.0,9.92,10.0,80946.0,805557.0,10.018,10.174000000000001,10.1555,10.240333333333332,10.858916666666667,11.765500000000001,2.702702702702652,45.5357142857143,-0.037085327786860134,-0.008093742630441526,-0.028991585156418608,18.54933639679237,26.432689571211633,20.170902955710815,,10.57499719276353,10.1555,9.73600280723647,74218.2,95500.9,1.0906489243878186,9.9517826699281
2026-04-30,1475,28.25,28.25,27.85,27.85,17401.0,485977.0,27.839999999999996,28.15,28.74,29.6825,32.4025,36.37125,30.434782608695656,27.884615384615387,-0.4272074793567242,-0.3659706119013535,-0.061236867455370714,18.98970259211988,27.651741004831543,28.15492932051353,,30.45298446854755,28.74,27.027015531452445,26615.2,44352.3,0.6537993327121344,27.928107580024136
2026-04-30,1476,332.5,341.0,332.5,334.5,1328985.0,448434633.0,333.4,339.1,335.025,372.55,398.40416666666664,403.14375,40.69767441860465,53.33333333333333,-7.615582737406044,-9.287559655399763,1.6719769179937192,12.693955640005065,28.347994011028977,28.662456163851573,,354.3653722818458,335.025,315.68462771815416,1193443.4,1462302.7,1.1135718711084246,337.42640661858485
2026-04-30,1477,212.0,213.5,210.0,211.5,1336076.0,282545165.0,214.6,217.75,218.425,271.7083333333333,281.95,273.85833333333335,18.51851851851852,39.473684210526315,-13.365668118856831,-15.609895574141843,2.244227455285012,10.219379426613164,33.348217412064116,47.48154308070959,,226.89336217312112,218.425,209.9566378268789,1893531.0,1902941.45,0.7056002779991455,211.47387199530564
2026-04-30,1503,190.5,194.5,187.0,189.5,1542099.0,294040666.0,190.1,193.0,190.1,200.9,187.85416666666666,180.97083333333333,16.666666666666657,55.73770491803278,-1.5885612589832192,-1.7786147836231703,0.19005352463995107,19.87658759418012,21.39707393316187,12.949819340569674,,201.80964514721637,190.1,178.39035485278362,1250040.6,1537424.3,1.233639131401012,190.67560902380455
2026-04-30,1504,65.5,65.8,62.2,62.4,24879960.0,1584844522.0,61.52,62.06,61.46999999999999,72.195,86.19,,37.83783783783784,62.385321100917395,-1.8615655218461882,-2.53467486857432,0.6731093467281317,21.049717256158377,25.036436779345077,38.78993906103958,,64.16119421740066,61.46999999999999,58.77880578259932,11109002.6,9473316.8,2.2396214039953506,63.69964107659337
2026-04-30,1506,10.9,10.95,10.75,10.8,99046.0,1072371.0,11.0,11.045,11.0825,11.518333333333334,11.88375,12.003125,36.36363636363641,43.58974358974358,-0.11698400377892604,-0.11239096851063786,-0.004593035268288179,15.97735110647971,17.916837394820615,24.04475942265836,,11.362114396135915,11.0825,10.802885603864084,254126.8,204365.55,0.38975031362296303,10.826999575954607
2026-04-30,1512,7.5,7.6,7.4,7.48,28922.0,215738.0,7.383999999999999,7.3629999999999995,7.398999999999999,7.648833333333333,7.749166666666667,7.824375000000001,75.75757575757581,52.0,-0.053211908915354655,-0.07812135911770746,0.0249094502023528,21.2385721128255,20.10985448761451,9.997560971272755,,7.67306491739611,7.398999999999999,7.124935082603888,79068.2,109429.7,0.36578548645346676,7.459304335799737
2026-04-30,1513,149.0,151.5,147.5,148.5,4297141.0,642731528.0,149.1,151.45,150.25,158.21666666666667,154.72916666666666,154.175,6.25,44.73684210526315,-1.5399996129864064,-1.512054140132583,-0.027945472853823317,18.097316508557103,21.934304797863703,12.172948831292913,,156.9582039324984,150.25,143.5417960675016,4471793.6,4246880.95,0.9609435015068675,149.57189629104562
2026-04-30,1514,111.5,113.0,109.5,110.0,1809249.0,201252906.0,111.1,112.1,108.6,114.975,107.74000000000001,106.22125000000001,26.66666666666667,64.1025641025641,-0.08228228263880055,-0.4729827133402557,0.39070043070145516,23.11083599712335,17.758180371118243,13.90108931085811,,117.60643045127675,108.6,99.59356954872324,1503734.2,2303404.25,1.2031707465321997,111.23560438612927
2026-04-30,1515,21.9,21.9,21.7,21.9,221189.0,4819597.0,22.11,22.64,23.005,25.105,26.58833333333333,28.309375,0.0,23.91304347826086,-0.7122036809677468,-0.6751981834057257,-0.037005497562021095,15.867801862433748,31.322414639656838,19.540983027652185,,24.29050624883314,23.005,21.71949375116686,285144.8,300440.15,0.7757076404689828,21.789496765209844
2026-04-30,1516,20.65,21.45,20.5,21.45,50962.0,1061630.0,20.54,20.415,20.32,21.646666666666665,19.92833333333333,17.922916666666666,70.2127659574468,60.674157303370784,-0.19881623903083678,-0.36024992644971365,0.16143368741887687,31.704435637962803,15.516761035462789,19.268235108970686,,21.13006822324777,20.32,19.509931776752232,60181.6,57491.0,0.8468036742127162,20.831796240335937
2026-04-30,1517,10.45,10.45,10.35,10.4,84423.0,878007.0,10.44,10.715,10.944999999999999,11.476666666666667,11.610833333333334,11.204416666666667,12.499999999999972,20.833333333333343,-0.27264952512233975,-0.21395696940937495,-0.058692555712964806,8.910470345352511,28.622244716715905,24.88372764896004,,11.598653698753873,10.944999999999999,10.291346301246124,163801.8,252212.4,0.515397266696703,10.400092391883728
2026-04-30,1519,874.0,905.0,862.0,888.0,2812385.0,2498572323.0,881.6,888.2,856.1,900.8833333333333,790.2416666666667,664.25625,33.73493975903615,68.31683168316832,2.206887677541772,-2.106179440902792,4.313067118444565,24.579971681917513,21.825659630468397,11.253527127954783,,937.1429385865134,856.1,775.0570614134866,2388980.0,3037015.95,1.1772325427588344,888.4175968084028
2026-04-30,1521,24.35,24.95,24.35,24.85,14326.0,356114.0,24.839999999999996,25.095,24.985,25.598333333333336,25.110416666666666,,25.000000000000227,50.0,-0.10620634323899836,-0.10388743717282023,-0.002318906066178128,23.086972463577016,22.191149703899324,11.465410989892412,,25.5581721519662,24.985,24.4118278480338,15957.4,25820.75,0.897765300111547,24.857880776211086
2026-04-30,1522,31.55,31.6,30.8,30.95,1013932.0,31493842.0,31.26,31.77,31.942499999999995,39.4275,42.76208333333334,43.90708333333334,9.374999999999929,45.83333333333331,-1.5067540268649644,-1.8087833222198528,0.3020292953548884,13.582194842448757,32.4536053877158,41.147029704439944,,33.22035799392359,31.942499999999995,30.6646420060764,825517.6,783564.05,1.228237895836503,31.06109877190975
2026-04-30,1524,28.9,28.9,28.05,28.15,399450.0,11320231.0,27.880000000000003,28.285000000000004,29.22,30.2325,29.741666666666667,30.132916666666667,45.61403508771929,38.40579710144927,-0.5709740826974112,-0.45140773521074606,-0.11956634748666517,19.51111008844396,29.504933744904882,20.08608818770277,,31.470473634359436,29.22,26.96952636564056,475212.8,862219.65,0.8405707927059204,28.339544373513583
2026-04-30,1525,62.5,63.5,60.9,63.3,83307.0,5189561.0,61.71999999999999,61.27,61.795,62.41833333333333,63.62083333333333,,90.90909090909096,67.34693877551021,-0.09514806543609211,-0.3210206617232366,0.2258725962871445,27.23462234424941,14.087068573591626,13.060548160916031,,64.21289382031456,61.795,59.37710617968545,39858.0,35858.2,2.090094836670179,62.294417035783304
2026-04-30,1526,16.4,16.6,16.3,16.35,102798.0,1690917.0,16.35,16.535000000000004,16.56,18.199166666666667,17.81791666666667,18.690416666666668,25.000000000000114,50.847457627118665,-0.36238232444496177,-0.41510386361818735,0.052721539173225584,25.47657324524044,19.315137529029503,14.548106127266255,,17.054815223355277,16.56,16.06518477664472,163907.2,140897.85,0.6271719607192362,16.44892896748964
2026-04-30,1527,32.5,32.7,32.4,32.5,128312.0,4169338.0,32.489999999999995,32.67,32.68,33.3025,33.19,34.63916666666667,31.250000000000114,50.0,-0.12260125464079863,-0.11732883234140848,-0.00527242229939015,17.917671531030773,17.785949462226593,9.063777884613167,,33.2045549492074,32.68,32.1554450507926,186762.4,187863.0,0.6870333643174429,32.493749610324834
2026-04-30,1528,28.0,29.2,27.4,28.8,29672988.0,850759560.0,26.52,27.509999999999998,27.502499999999998,25.2525,20.167083333333334,17.29104166666667,45.88235294117648,55.29801324503312,0.688730313637592,0.9002410332610024,-0.2115107196234104,31.84378572114861,20.81119660143978,25.503246003808965,,30.652683787454244,27.502499999999998,24.35231621254575,14836224.2,29931401.8,2.000036370439859,28.671179323093448
2026-04-30,1529,21.9,22.05,21.7,21.7,374670.0,8178885.0,22.020000000000003,22.755000000000003,23.24,24.006666666666664,22.210416666666667,24.00041666666667,0.0,23.684210526315766,-0.6884764362395899,-0.4912456511715591,-0.19723078506803077,18.1039530283659,27.741136286105768,14.896767502269624,,25.016928159552613,23.24,21.463071840447384,466150.2,830430.45,0.803753811539714,21.829570021619023
2026-04-30,1530,26.65,26.65,26.35,26.45,15331.0,405930.0,26.51,27.110000000000003,26.95,27.572499999999998,27.32833333333333,28.39875,6.060606060606133,47.52475247524752,-0.14484261570454038,-0.06409641326070695,-0.08074620244383343,21.630292152223866,24.253554227147003,17.748189329026456,,28.322282002628484,26.95,25.577717997371515,16447.8,32669.65,0.9321003416870342,26.477724871176047
2026-04-30,1531,13.25,13.25,12.9,12.95,132715.0,1728223.0,12.98,13.125,13.1525,12.586666666666666,12.15375,12.203958333333334,23.5294117647058,42.424242424242436,0.10019645323412263,0.1621419892716839,-0.06194553603756128,22.592788740371432,21.06072199633913,21.235609585336498,,13.439911313552344,13.1525,12.865088686447656,214988.4,197845.05,0.6173123759235383,13.022062313981086
2026-04-30,1532,20.9,21.0,20.7,20.85,934378.0,19483291.0,20.910000000000004,21.265,21.6,23.285833333333336,25.09083333333333,25.59208333333333,5.26315789473658,26.190476190476048,-0.5405425080051387,-0.5274206031657482,-0.013121904839390464,11.65769881374593,30.106148046308256,39.14394146567053,,22.50786041125101,21.6,20.692139588748994,809539.0,668331.75,1.15420998864786,20.85161572725385
2026-04-30,1533,32.95,33.0,32.2,32.5,204852.0,6662016.0,31.9,31.54,30.9125,30.966666666666665,31.49375,30.86208333333333,60.000000000000014,65.15151515151516,0.4503553461198315,0.235029771932312,0.21532557418751952,30.533430381891225,17.744040401215212,26.538433689319152,,33.03354120409564,30.9125,28.79145879590436,422900.2,197327.55,0.48439797380091093,32.5211176849628
2026-04-30,1535,50.8,51.1,50.6,50.9,41877.0,2130911.0,50.940000000000005,51.33,51.790000000000006,51.379999999999995,53.015,54.460208333333334,27.77777777777753,29.999999999999943,-0.24626617050919464,-0.07362191599646127,-0.17264425451273335,14.907023850194784,22.098210952782193,19.490681966194913,,53.08273272362698,51.790000000000006,50.49726727637303,53692.0,65401.65,0.7799485956939581,50.884996537478806
2026-04-30,1536,51.6,53.3,51.5,51.5,2814239.0,147786477.0,50.71000000000001,50.855000000000004,50.07,55.08833333333334,57.29666666666667,59.10354166666666,47.857142857142776,62.88209606986901,-0.5739804679272424,-0.9771618194862989,0.40318135155905643,25.621516432071758,21.677507450233456,18.680543411875085,,52.820196165255055,50.07,47.319803834744945,1957931.6,1636957.05,1.4373530719867844,52.513833046873415
2026-04-30,1537,122.5,123.5,122.0,123.0,88219.0,10808732.0,122.7,123.4,123.825,123.88333333333334,124.36666666666666,131.65833333333333,39.99999999999999,37.5,-0.29054575429445606,-0.1261260091985935,-0.16441974509586257,17.11262215535742,19.13553132263711,10.420690584639841,,125.45611198749984,123.825,122.19388801250017,71906.4,68118.6,1.2268588053358256,122.52158831997642
2026-04-30,1538,13.35,13.35,13.35,13.35,1249.0,16762.0,,,,,,,30.769230769230774,42.424242424242436,-1.1918019207563866,-1.6826212043452813,0.4908192835888947,14.62086576110407,41.14726220720137,53.31446672103708,,,,,1178.4,21475.15,1.0599117447386286,13.420336269015213
2026-04-30,1539,16.2,16.2,16.05,16.15,31308.0,504485.0,16.189999999999998,16.31,16.345000000000002,17.2325,17.264166666666664,18.089375,19.999999999999815,42.85714285714278,-0.1992963690635925,-0.21680755842693436,0.017511189363341867,15.388201928497802,24.792937554517238,13.7207776907758,,16.629512510132443,16.345000000000002,16.060487489867562,55886.6,92531.85,0.5602058454083806,16.113613134023254
2026-04-30,1540,20.95,21.4,20.85,20.95,262724.0,5559076.0,20.729999999999997,21.205000000000002,21.6125,22.9325,22.975833333333334,25.781458333333333,34.000000000000014,38.749999999999986,-0.4684039071181907,-0.42173592684367067,-0.046667980274520016,25.492626119999283,26.692620915300715,11.742279439177034,,22.8255323031257,21.6125,20.3994676968743,338386.4,294772.15,0.7764023613242139,21.159376379774972
2026-04-30,1541,24.05,24.3,23.8,23.95,60166.0,1439621.0,24.25,24.55,25.19,25.038333333333338,,,19.230769230769397,25.882352941176478,-0.3150337649371373,-0.15428131546243887,-0.16075244947469844,16.767160716675704,18.977215196974143,11.856231074076414,,26.86225029604766,25.19,23.517749703952344,54139.8,53367.25,1.1113081319103506,23.92748396104112
2026-04-30,1558,91.0,92.2,91.0,92.2,56487.0,5160485.0,91.18,92.09,92.35499999999999,95.11333333333333,95.14166666666667,96.60958333333333,43.137254901960766,46.478873239436616,-0.748129263288746,-0.7345649829317158,-0.013564280357030167,27.65604180551521,24.095693691683454,12.86189750554504,,94.2517839818189,92.35499999999999,90.45821601818108,89860.0,54486.9,0.6286111729356777,91.35703790252624
2026-04-30,1560,526.0,555.0,520.0,540.0,3535036.0,1904801905.0,530.2,531.3,514.7,462.325,395.3666666666667,344.4895833333333,52.77777777777777,57.05882352941176,18.761491090311267,20.293360156751984,-1.5318690664407164,21.466649702179637,15.462154022863439,23.44567742923023,,571.3730233792696,514.7,458.0269766207305,2762721.6,2808719.9,1.279548398941102,538.8352211971816
2026-04-30,1563,41.6,41.6,41.15,41.45,341120.0,14099116.0,41.15,41.805,41.9675,43.66583333333333,44.00791666666667,49.35270833333333,19.753086419753174,46.276595744680876,-0.3087446473403048,-0.2428731190902795,-0.06587152825002532,25.55985284400594,21.59365971876756,14.142126426095249,,43.55504195966128,41.9675,40.37995804033872,492501.2,726146.3,0.692627754003442,41.331836303939966
2026-04-30,1565,106.5,106.5,103.5,103.5,60936.0,6351204.0,103.5,104.0,105.275,108.36666666666666,110.18333333333334,111.09166666666667,50.0,39.130434782608695,-1.0933694949584094,-1.0015140554130875,-0.09185543954532194,5.421651407169935,8.61118568554152,22.96207212482296,,109.24163718107886,105.275,101.30836281892115,60936.0,182988.9,1.0,104.22745175265852
2026-04-30,1568,28.25,28.6,28.0,28.5,257852.0,7295047.0,28.320000000000004,27.955000000000002,25.8625,23.876666666666665,23.039166666666667,23.36958333333333,34.722222222222214,75.25773195876288,1.5565081792702706,1.32290579963876,0.23360237963151054,40.44168011333259,10.762046574573182,44.86151032397256,,30.944654019083238,25.8625,20.780345980916763,468573.0,570332.85,0.55029205694737,28.291605261933203
2026-04-30,1569,60.2,60.9,57.6,57.8,2488587.0,146608180.0,57.8,57.269999999999996,56.114999999999995,53.27916666666667,52.53958333333333,52.16979166666666,50.0,59.55056179775279,1.3450609735599386,1.1764663928476302,0.16859458071230837,15.138297073123852,6.9102380155958905,26.3071033699335,,60.172624402217934,56.114999999999995,52.057375597782055,2488587.0,2467876.35,1.0,58.91221805787782
2026-04-30,1570,37.8,39.0,37.6,37.65,249913.0,9561513.0,37.65,37.165,34.755,32.3275,31.488749999999996,31.069374999999997,50.0,95.9349593495935,1.6693959579820827,1.4017086864986943,0.26768727148338844,21.81819252095006,1.6118450245196747,64.44511381534852,,40.167743248454,34.755,29.342256751546003,249913.0,374105.95,1.0,38.25936625945829
2026-04-30,1580,123.0,123.0,122.0,123.0,50106.0,6152373.0,123.0,123.3,125.5,128.475,129.2375,129.61875,50.0,0.0,-1.7153912898031365,-1.5631846110805365,-0.15220667872259996,4.6372291669076136,19.859803924385968,44.73835923327328,,130.4736145915487,125.5,120.5263854084513,50106.0,93040.1,1.0,122.78715123937253
2026-04-30,1582,91.2,91.5,88.5,88.6,1957551.0,175626869.0,89.66,95.6,99.43,84.145,75.81416666666665,74.67708333333333,13.989637305699489,41.07883817427385,0.14020847146039728,2.645126170005464,-2.5049176985450665,26.6032579422475,27.006680439459245,26.91584668962203,,112.99638259972374,99.43,85.86361740027627,3432955.2,8562955.8,0.5702232875045966,89.717646692219
2026-04-30,1583,46.65,47.05,46.6,46.6,16048.0,750998.0,47.07000000000001,47.495,46.1375,46.364999999999995,,,18.181818181818358,64.7887323943662,0.507772943299166,0.45135976365159286,0.05641317964757314,30.717845920526305,21.652705821722716,19.83703472624409,,49.558622468921946,46.1375,42.71637753107806,17253.6,21944.05,0.9301247275930821,46.796984047856434
2026-04-30,1584,20.05,20.1,19.6,19.6,442035.0,8737510.0,19.6,19.755000000000003,20.4825,22.59083333333333,23.620416666666664,24.13520833333333,50.0,0.0,-0.7691952149312407,-0.7650297997665009,-0.004165415164739783,4.097129720264293,18.69610534726868,54.06844272246097,,22.122228796575154,20.4825,18.84277120342485,442035.0,770742.05,1.0,19.7665569468481
2026-04-30,1586,21.8,21.9,21.5,21.7,259469.0,5624970.0,21.7,21.805,22.232499999999998,23.438333333333333,23.99416666666667,24.272083333333335,50.0,19.354838709677466,-0.43222518129501,-0.4266682146224312,-0.005556966672578767,3.759047789470612,14.635491103642073,52.136284470668876,,23.228954240109264,22.232499999999998,21.236045759890732,259469.0,388914.65,1.0,21.67877472838759
2026-04-30,1587,32.3,32.3,31.6,31.7,393697.0,12509372.0,32.45,33.6,34.6825,40.62,41.727916666666665,36.29666666666667,5.26315789473685,28.472222222222257,-1.6337039414942964,-1.5703165383953712,-0.06338740309892521,15.136230659499079,32.152771582364096,29.342452187379525,,37.98118793693253,34.6825,31.383812063067467,342555.0,489829.25,1.1492957335318417,31.77411054694346
2026-04-30,1590,1565.0,1580.0,1455.0,1455.0,2744949.0,4125279245.0,1424.0,1362.0,1227.8,1115.1333333333334,1004.7833333333333,925.75,76.0,82.6923076923077,103.62880115821281,77.26522119795348,26.36357996025933,48.43782349599677,9.654168074347757,43.24565209454151,,1540.6844414224097,1227.8,914.9155585775902,2432864.2,1567734.85,1.128278758839067,1502.8618910588139
2026-04-30,1591,63.2,67.7,61.5,64.9,2667862.0,173274405.0,64.9,64.18,59.59000000000001,51.701666666666675,50.67583333333334,50.16291666666667,50.0,100.0,4.361081265181355,4.050137945441564,0.31094331973979106,17.091722892106368,3.433317045491634,51.55612393930391,,70.01888700727592,59.59000000000001,49.1611129927241,2667862.0,2138250.0,1.0,64.94878858051878
2026-04-30,1593,32.3,32.3,30.85,31.3,38326.0,1200498.0,31.3,31.51,32.5125,31.575,30.4125,29.83125,50.0,4.081632653061291,-0.40967352768781495,-0.17444334117652985,-0.2352301865112851,6.456458429296361,14.162498459588216,33.85660459473493,,34.76658985016822,32.5125,30.25841014983179,38326.0,31582.1,1.0,31.32333141992381
2026-04-30,1595,68.2,72.8,68.2,72.8,5208660.0,375763268.0,72.8,70.77,58.7025,46.9075,43.82875,42.289375,50.0,100.0,8.278368959593323,7.053727404751256,1.2246415548420666,23.181213101344948,1.5162308584243047,60.67985589270662,,85.64107486559885,58.7025,31.76392513440115,5208660.0,3867560.1,1.0,72.14202270833573
2026-04-30,1597,143.5,143.5,140.5,143.5,4524620.0,649039873.0,122.9,118.45,109.495,89.105,82.15916666666666,82.72416666666666,81.81818181818181,79.44297082228117,10.957197387485678,8.932516166365309,2.0246812211203693,41.42021788942889,13.624511158746284,36.51323180365048,,139.6906061634633,109.495,79.29939383653672,5932879.4,4650181.65,0.7626347503372477,143.4462723941458
2026-04-30,1598,21.0,21.1,20.8,20.8,476997.0,9996928.0,20.520000000000003,20.345,20.06,19.970833333333335,21.1825,21.787916666666664,62.26415094339629,63.21839080459773,0.21954164071340898,0.11564616940461454,0.10389547130879444,27.8711867971034,13.975560841263226,21.849173588017436,,21.10860809999288,20.06,19.01139190000712,417690.4,416590.55,1.1419869836606251,20.958052147078494
2026-04-30,1599,24.95,25.2,24.95,25.15,33227.0,831911.0,25.15,25.175,25.297499999999996,26.095833333333328,26.372916666666665,26.511458333333334,50.0,30.769230769230944,-0.23379800277857754,-0.2603836527831637,0.02658565000458618,9.250466838587895,14.312010505119238,17.29285591986717,,25.58491131355416,25.297499999999996,25.010088686445833,33227.0,29681.35,1.0,25.03719866373732
2026-04-30,1603,32.35,32.4,31.7,31.9,227043.0,7241899.0,31.85,32.230000000000004,32.255,35.78666666666667,37.063333333333325,37.30791666666667,35.18518518518516,45.555555555555564,-0.714624665559171,-0.8563782038565759,0.1417535382974049,17.93147717775383,28.346242468737792,35.795685641745266,,33.105943748527444,32.255,31.404056251472564,218492.2,275762.55,1.0391354931663463,31.896596679924066
2026-04-30,1604,23.1,23.1,22.9,22.9,157659.0,3623065.0,23.0,23.285,24.247500000000002,24.34,24.526666666666664,25.025208333333335,7.14285714285721,12.903225806451658,-0.5022572483059591,-0.3307235821749443,-0.17153366613101478,12.874058116634496,39.171310800083,37.23336038360263,,26.38549586430595,24.247500000000002,22.109504135694056,329742.0,623330.6,0.4781283548956457,22.980388052696007
2026-04-30,1605,30.9,31.0,30.1,30.15,16582155.0,504602437.0,30.3,31.204999999999995,31.325,33.62333333333333,31.484583333333333,26.51729166666667,25.423728813559293,40.25974025974024,-0.5654902354967639,-0.48061165834812364,-0.08487857714864028,24.442246138580394,23.730389941738203,10.346052371479095,,33.43350408434192,31.325,29.21649591565808,16090903.6,25141061.35,1.0305297584406634,30.430449902319694
2026-04-30,1608,32.85,33.1,32.45,32.7,2291333.0,75238956.0,32.74,33.315000000000005,32.815,34.516666666666666,34.40208333333333,30.37458333333333,6.521739130435009,52.50000000000003,-0.13622115373473775,-0.15993548204447441,0.02371432830973666,19.941851651818162,21.212092127108235,15.024623430168795,,34.73801846064926,32.815,30.891981539350734,1969218.8,3136956.35,1.163574611414435,32.836325405342656
2026-04-30,1609,32.4,32.8,32.1,32.2,2657496.0,86134076.0,32.260000000000005,33.07,33.165,36.51,38.187083333333334,38.075208333333336,12.5,35.00000000000003,-0.7844275188772798,-0.7885793877187602,0.004151868841480444,15.349629518610175,28.129713537624706,27.924834371817855,,34.927802792206684,33.165,31.40219720779331,2497952.6,2697173.0,1.0638696667022425,32.41174248239696
2026-04-30,1611,11.85,12.0,11.85,11.95,421895.0,5022802.0,11.93,12.025,12.1575,12.815000000000001,12.729166666666666,12.965,30.76923076923073,41.37931034482756,-0.22257847939934905,-0.2189735823203376,-0.00360489707901146,15.81509886336107,26.705777318485634,19.552547954973427,,12.491967369189275,12.1575,11.823032630810726,469381.0,519481.2,0.898832717983898,11.905336635892818
2026-04-30,1612,35.55,35.75,35.4,35.65,787418.0,28018987.0,35.290000000000006,35.404999999999994,35.2175,35.486666666666665,36.10458333333334,35.58083333333333,50.0,61.11111111111116,0.05677985992755907,0.019090186656657696,0.03768967327090138,18.708110679277457,23.052293691140626,16.391713178967596,,36.0084188527149,35.2175,34.426581147285106,719805.4,591078.5,1.0939317765607204,35.58337122087633
2026-04-30,1614,31.9,31.95,31.85,31.85,30420.0,969947.0,31.99,32.12,32.0125,32.96,34.0275,36.215625,30.76923076923073,43.75000000000005,-0.162603841973592,-0.19926180484107336,0.03665796286748135,16.8598518040217,24.0953129259644,21.55525213237587,,32.54746187763813,32.0125,31.47753812236188,48800.0,68636.75,0.6233606557377049,31.88517422748192
2026-04-30,1615,45.9,46.3,45.7,45.7,104110.0,4779435.0,46.18,46.635000000000005,46.385000000000005,47.23416666666666,47.42541666666667,49.547291666666666,17.647058823529633,42.70833333333338,-0.08524984991187523,-0.021865358412876543,-0.06338449149899869,21.038703929291692,30.2814942255877,12.45425788605963,,47.962839962534375,46.385000000000005,44.807160037465636,85307.2,106583.5,1.2204128139242643,45.90754970704063
2026-04-30,1616,22.2,22.5,22.1,22.15,357052.0,7937471.0,22.31,22.919999999999998,23.1575,25.984166666666667,29.059166666666666,30.594583333333333,8.333333333333442,25.49019607843134,-0.7854532712231368,-0.796106775838478,0.010653504615341203,11.670660733021611,32.5596203766144,41.99749592284638,,24.264071281032795,23.1575,22.050928718967203,418587.6,446682.15,0.8529923007752739,22.23057425809126
2026-04-30,1617,15.25,15.3,15.0,15.0,122792.0,1851142.0,15.190000000000001,15.444999999999999,15.247499999999999,15.4475,15.213750000000001,15.734583333333331,32.35294117647061,54.16666666666668,0.02162177388662556,0.060865168040847954,-0.03924339415422239,19.715736840211264,28.052829954087883,20.249680789398976,,16.12677901086489,15.247499999999999,14.368220989135107,135283.0,150692.55,0.9076676300791674,15.075428366668838
2026-04-30,1618,39.05,39.05,38.45,38.5,664038.0,25676358.0,39.11,39.614999999999995,39.135000000000005,42.15833333333333,42.806666666666665,44.52520833333334,9.589041095890437,53.012048192771076,-0.49676857233486515,-0.5901829307302084,0.09341435839534329,18.913038014109578,27.485792813146976,19.94247310231739,,41.03544316161332,39.135000000000005,37.23455683838669,529720.2,766199.25,1.2535636738036422,38.667000984883394
2026-04-30,1626,11.25,11.4,11.15,11.35,193215.0,2181233.0,11.1,11.305,10.711,10.797,11.39475,11.676749999999998,38.095238095238095,66.58476658476658,0.19635750925778872,0.13502961912516803,0.06132789013262069,31.370532282754155,15.485813585616844,31.371870597615196,,12.082682025451726,10.711,9.339317974548274,148287.2,301887.65,1.3029782745914684,11.289149393163056
2026-04-30,1702,35.4,35.45,35.05,35.1,431696.0,15209631.0,35.459999999999994,35.815000000000005,36.122499999999995,36.92166666666667,37.8525,40.304791666666674,8.695652173913189,33.87096774193546,-0.3261655483976682,-0.23273867977262855,-0.09342686862503966,20.695626370640536,30.50620563794811,15.598856455383837,,37.14306485907743,36.122499999999995,35.10193514092256,304086.0,282079.0,1.4196510197772998,35.232272247136876
2026-04-30,1707,113.5,114.0,112.5,112.5,241208.0,27235273.0,114.2,115.95,117.95,120.75833333333334,123.73333333333333,127.27291666666666,0.0,14.285714285714292,-1.9163136378976162,-1.3995029651124749,-0.5168106727851414,5.821143799706145,30.24977752422324,37.071251140099676,,123.49313230849575,117.95,112.40686769150426,259080.0,206038.6,0.9310174463486182,112.91198053132567
2026-04-30,1708,42.3,43.4,41.1,41.8,5919003.0,248895216.0,42.0,40.64,40.765,38.04083333333333,34.71333333333334,33.584583333333335,80.4597701149425,62.16216216216216,0.5911290883263902,0.5152468264040763,0.07588226192231395,28.804706110875223,20.402000883813297,22.0481297688806,,43.58878991316384,40.765,37.94121008683616,8073559.8,5890167.1,0.7331342241374121,42.050192574661644
2026-04-30,1709,19.0,19.0,18.65,18.65,390771.0,7342016.0,18.880000000000003,18.884999999999998,18.7075,17.7025,17.191666666666666,17.430625,39.99999999999999,54.385964912280684,0.2823490207357402,0.3462696423831153,-0.06392062164737511,28.771716104323104,16.109111199231123,45.184793401535565,,19.639546418541524,18.7075,17.775453581458475,486599.8,759245.4,0.8030644484440808,18.788538555829373
2026-04-30,1710,13.3,13.4,12.9,13.0,4296489.0,56370768.0,13.180000000000001,13.36,13.715,13.494166666666667,12.843333333333332,12.7675,7.142857142857025,42.02898550724636,-0.20567259132980986,-0.09089914187897716,-0.1147734494508327,20.664707273213974,26.580216244047367,15.237540074089718,,14.688382599089719,13.715,12.74161740091028,2730097.6,6487793.85,1.573749231529305,13.12019372096612
2026-04-30,1711,56.9,56.9,55.6,56.5,5779202.0,325355075.0,54.42,54.30499999999999,46.69,33.59583333333333,26.187083333333337,21.693333333333335,40.127388535031855,73.60742705570291,6.01709580453204,5.576006287284961,0.4410895172470797,42.25115403307122,16.42427916306418,43.24222412335648,,63.89457711436742,46.69,29.485422885632577,6701223.8,42019669.4,0.8624099377191372,56.297577935500435
2026-04-30,1712,43.0,43.0,42.2,42.2,856321.0,36342180.0,42.260000000000005,42.385,42.720000000000006,44.59166666666667,43.9425,42.848124999999996,42.85714285714291,47.05882352941176,-0.6128320724698,-0.676566199605045,0.06373412713524507,15.798478748635173,24.261072947019453,30.819898001988136,,43.83563057458429,42.720000000000006,41.60436942541572,725056.6,621929.35,1.1810402112055804,42.4399027934618
2026-04-30,1713,46.9,48.75,46.2,46.3,644148.0,30577680.0,46.57,47.35,47.2575,47.195,46.36291666666667,49.36020833333334,14.285714285714434,44.55445544554452,-0.11704407341620282,0.08295500350821944,-0.19999907692442226,29.895735995465678,22.073752140861664,15.607710319045887,,48.992973543748924,47.2575,45.522026456251076,232012.8,180500.55,2.77634682224429,47.46996031967809
2026-04-30,1714,9.63,9.67,9.39,9.4,3757127.0,35599406.0,9.572,9.686,9.742999999999999,9.433333333333334,8.818833333333334,8.391791666666666,29.99999999999993,29.166666666666615,-0.0014215114405367046,0.06079151149021853,-0.06221302293075524,24.703209509894094,22.767966335029527,30.929234990024337,,10.209886664935635,9.742999999999999,9.276113335064363,3184380.0,5494178.35,1.179861385889875,9.475167062492165
2026-04-30,1717,82.0,83.0,78.1,78.9,52724023.0,4230134644.0,77.96,79.3,75.72,64.03666666666666,51.96,40.89375,38.5542168674699,48.24281150159746,4.134879150439332,4.638517424722303,-0.503638274282971,29.87345210459135,14.371515712552096,35.51354581637604,,90.22845125762045,75.72,61.21154874237955,49151234.8,79740371.5,1.0726896936473305,80.23163642121922
2026-04-30,1718,6.7,6.7,6.53,6.55,4072047.0,26801471.0,6.628,6.709999999999999,6.986,7.139666666666667,6.902583333333334,6.674833333333334,26.66666666666667,22.32142857142857,-0.1899977592482358,-0.14486161151358024,-0.045136147734655574,16.281373150752408,27.906576683705058,24.752755725131124,,7.608876180987899,6.986,6.363123819012101,3747779.2,5047310.7,1.086522653202195,6.581817695129747
2026-04-30,1720,61.4,62.0,61.0,61.0,170765.0,10486429.0,61.120000000000005,61.529999999999994,62.565,62.111666666666665,60.39333333333334,58.79416666666667,28.571428571428626,28.57142857142854,-0.4871746886880004,-0.26192059088852054,-0.22525409779947986,20.711745789286233,23.869126646743037,17.23171855123132,,64.91740078933984,62.565,60.212599210660166,193045.6,287562.0,0.8845837460164852,61.408538049366086
2026-04-30,1721,25.1,25.1,24.0,24.2,3069232.0,74842100.0,25.470000000000002,25.240000000000002,21.63,18.985,15.475,13.835625,36.563876651982376,63.771186440677965,2.1379332318221707,1.8832601073701831,0.25467312445198753,36.28890621473283,16.447748540457717,37.8407755514881,,30.008129423181444,21.63,13.251870576818552,3884045.2,5793737.65,0.7902153146930422,24.38463433197621
2026-04-30,1722,51.0,52.0,49.0,50.7,41863198.0,2117137155.0,46.47,45.79,45.955,46.435833333333335,47.20291666666666,49.880625,90.20979020979017,72.44897959183675,0.21914561413436928,-0.22973851748412777,0.44888413161849705,56.24770329149542,14.638358407059657,21.580764921301746,,49.021439732258536,45.955,42.88856026774146,13615494.4,5367049.15,3.0746733662495576,50.57275258808465
2026-04-30,1723,77.7,78.9,77.6,78.3,558962.0,43730662.0,78.75999999999999,80.13,80.86999999999999,75.54,76.79749999999999,82.79708333333333,11.999999999999915,50.66666666666667,0.46005683233292416,1.19278498808746,-0.7327281557545358,26.89733929926267,20.588378107892154,30.973309965374785,,86.21222504402844,80.86999999999999,75.52777495597154,634738.0,1756403.9,0.8806184598999902,78.23548291297082
2026-04-30,1725,32.5,32.5,31.0,31.0,153797.0,4833431.0,31.589999999999996,31.855,31.02,29.521666666666665,27.84,28.640833333333333,32.38095238095234,48.68421052631578,0.496958659854414,0.588997855075972,-0.09203919522155801,31.247529833121728,18.33280853004343,30.41759553938351,,33.64666488556376,31.02,28.39333511443624,217251.4,322188.4,0.7079217901472672,31.427342535940234
2026-04-30,1726,75.5,76.5,75.5,75.6,14514.0,1097886.0,75.92,76.25,75.845,75.94000000000001,,,24.00000000000007,51.28205128205119,0.0588646108780182,0.0990334532131935,-0.0401688423351753,21.607579412916618,19.490018202419275,18.315457233308667,,77.07184876604114,75.845,74.61815123395886,20101.2,28233.7,0.7220464449883589,75.64324100868127
2026-04-30,1727,81.8,84.6,80.2,81.5,28077140.0,2313094717.0,76.97999999999999,68.69,60.7975,51.4125,44.583333333333336,36.1625,89.15094339622637,83.24742268041236,7.569120321627828,5.110652057410537,2.4584682642172915,38.093816129107374,7.037595397022326,38.826310086492306,,82.66587358282281,60.7975,38.92912641717719,26668831.4,13818935.1,1.0528072857365622,82.38355890236684
2026-04-30,1730,52.4,52.5,52.4,52.5,28525.0,1495802.0,52.5,52.6,52.73,52.916666666666664,52.765,53.5675,0.0,22.22222222222196,-0.12335310075483363,-0.10256269665654073,-0.0207904040982929,15.324655630812565,19.036698226578903,14.728269855825937,,53.14090400979109,52.73,52.3190959902089,33813.0,32966.65,0.8436104456865703,52.43828220858896
2026-04-30,1731,21.65,21.8,21.65,21.65,43007.0,932605.0,21.72,21.735,21.767500000000002,21.841666666666665,21.845833333333335,22.004166666666666,39.99999999999999,42.105263157894676,-0.03720328028151698,-0.026708501810071575,-0.010494778471445407,10.528207334354747,14.46480311816852,13.112061858831709,,21.917148711462485,21.767500000000002,21.61785128853752,85037.4,108421.65,0.5057421793234507,21.68495826260841
2026-04-30,1732,26.25,26.25,25.8,25.8,73721.0,1916312.0,25.660000000000004,25.78,25.9625,27.001666666666665,27.924583333333334,27.487916666666667,44.44444444444444,49.019607843137244,-0.26261749374600285,-0.2964402202083522,0.03382272646234935,25.46142845637201,22.099157305462942,10.09937565053659,,26.546384451438325,25.9625,25.378615548561672,100481.2,117287.55,0.7336795340819975,25.994112939325294
2026-04-30,1733,28.5,28.95,28.5,28.55,78090.0,2240093.0,28.639999999999997,29.034999999999997,29.3425,29.658333333333335,31.253750000000004,30.645833333333332,16.666666666666657,37.50000000000002,-0.2750113458317678,-0.17148402999192686,-0.10352731583984093,15.666700119831775,23.81788813126576,14.15911193344787,,30.32833387091968,29.3425,28.356666129080324,117352.4,137844.3,0.6654316400857588,28.68604174670252
2026-04-30,1734,31.85,32.0,31.45,31.5,267358.0,8450117.0,31.73,31.905,31.7925,31.148333333333333,31.0975,31.475624999999997,23.333333333333428,48.214285714285694,0.16140415265711638,0.22804320360346175,-0.06663905094634537,15.247003107612914,19.729412597690533,21.73463052523204,,32.32390825816114,31.7925,31.261091741838865,209180.0,376157.85,1.2781241036427957,31.60600019449577
2026-04-30,1735,28.45,28.8,27.1,27.2,1645282.0,45290366.0,27.65,28.225,27.3225,22.692500000000003,18.75041666666667,17.396875,27.39726027397259,49.189189189189186,1.1299523975259227,1.4937732459811572,-0.36382084845523455,33.9837076273536,13.066839883468425,39.49255641508948,,32.28663187406978,27.3225,22.358368125930223,1622455.6,2278771.75,1.014069044478012,27.52741840000681
2026-04-30,1736,127.5,130.5,121.5,122.0,931387.0,116177079.0,123.5,119.8,120.65,132.48333333333332,145.8625,153.25416666666666,56.79012345679013,50.89285714285714,-1.5784623234318076,-3.2977494396053246,1.719287116173517,32.71124023694419,23.696626715751762,25.342469517287416,,132.1212455158219,120.65,109.17875448417811,1725715.6,885288.8,0.5397105988959014,124.73555997667994
2026-04-30,1737,31.8,31.85,31.6,31.85,68237.0,2162268.0,31.689999999999998,31.870000000000005,31.945,31.72416666666667,31.7875,32.11479166666667,35.00000000000014,44.82758620689663,-0.0020394118920243898,0.04433973700605065,-0.04637914889807504,12.68861216289476,22.45867058727618,24.83858954773509,,32.38497607590506,31.945,31.505023924094946,91715.8,106169.35,0.7440048497641627,31.687618154373727
2026-04-30,1742,16.0,16.0,15.75,15.9,7003.0,111195.0,15.9,15.895000000000001,16.015,16.55833333333333,16.729166666666668,16.814583333333335,50.0,10.000000000000114,-0.19646106255398976,-0.2157459324526589,0.01928486989866915,4.88905937404724,10.41439188637484,32.92381981331932,,16.40311284305908,16.015,15.62688715694092,7003.0,49652.65,1.0,15.878195059260317
2026-04-30,1752,33.6,33.65,33.45,33.5,98245.0,3293421.0,34.03,34.705,35.2275,36.208333333333336,37.124583333333334,36.701458333333335,2.3809523809522517,13.11475409836062,-0.6351107166588008,-0.4446346782191287,-0.1904760384396721,6.529271669278557,44.01242672663895,33.333395952543064,,36.807465022930664,35.2275,33.647534977069334,128540.0,75345.65,0.7643146102380582,33.522530408672196
2026-04-30,1760,69.0,71.6,67.1,68.2,972460.0,67209919.0,66.64,65.65,64.925,63.63999999999999,65.04416666666667,68.31750000000001,69.14893617021283,65.44117647058826,1.0892976199849898,0.6521938643860368,0.437103755598953,45.15498420081479,14.44197822145264,26.420191954040412,,68.52317205053664,64.925,61.32682794946335,1079783.2,418101.95,0.9006067143848877,69.11329926166628
2026-04-30,1762,28.3,28.45,28.15,28.25,94365.0,2665482.0,28.060000000000002,28.305,28.395,27.570833333333333,26.4175,27.173541666666665,53.571428571428626,56.07476635514017,-0.00029854805053375344,0.11188793036387042,-0.11218647841440417,30.66246471976635,26.01923644145633,15.991250257548728,,29.833529951391935,28.395,26.956470048608065,85148.2,110386.0,1.1082442142053501,28.246510888570974
2026-04-30,1773,172.0,172.0,166.5,167.0,1741208.0,292805221.0,172.9,168.15,159.45,149.89166666666668,144.70416666666668,139.73333333333332,56.66666666666667,66.66666666666666,6.802725253008276,5.780376837478685,1.0223484155295912,25.444315466334082,11.247015442032108,31.08813457147782,,181.10737992609182,159.45,137.79262007390815,2443549.8,2335974.55,0.7125731589345959,168.16211561169027
2026-04-30,1776,16.5,16.7,16.45,16.5,82140.0,1357305.0,16.3,16.43,16.165,,,,44.99999999999993,61.01694915254237,0.20486236556129,0.21559472949627806,-0.010732363934988054,32.7550349058579,15.515593954709736,31.63580001533764,,16.99414032841853,16.165,15.335859671581467,80277.4,93654.05,1.0232020469023662,16.524287801314827
2026-04-30,1777,70.9,71.0,70.8,70.9,17051.0,1209336.0,70.9,71.02000000000001,71.27000000000001,71.63833333333332,71.71916666666667,71.75958333333332,50.0,41.666666666666806,-0.23339127306279295,-0.183252240510892,-0.05013903255190094,11.099936209623534,8.108864952497076,16.925160965407798,,72.19018304815145,71.27000000000001,70.34981695184857,17051.0,22787.35,1.0,70.92463785115243
2026-04-30,1781,11.0,11.0,10.8,10.8,27061.0,293963.0,10.8,10.870000000000001,11.3175,12.183333333333334,12.591666666666667,12.795833333333333,50.0,0.0,-0.38737905009216433,-0.36775368176542045,-0.019625368326743886,3.4938552283963182,23.39291656208603,52.24281448384381,,12.319222201222011,11.3175,10.31577779877799,27061.0,34839.05,1.0,10.862976238867743
2026-04-30,1783,39.55,39.55,38.8,38.9,196839.0,7686420.0,38.83,39.88,41.21,43.259166666666665,43.420833333333334,43.38187500000001,28.260869565217376,25.65789473684211,-1.2019786634679335,-0.949854633341935,-0.2521240301259985,18.718745435715046,33.41332257344047,28.587736239015864,,44.48375528777157,41.21,37.93624471222843,215105.0,139124.45,0.9150833313962948,39.04927377196592
2026-04-30,1784,75.8,77.8,75.5,75.5,130405.0,9933029.0,75.5,75.97,77.595,87.10166666666666,90.95083333333332,92.87541666666667,50.0,29.166666666666643,-2.722058221647373,-2.9778875580373896,0.2558293363900166,6.6794165737608715,17.604123445773027,37.589191176754554,,81.71400601192956,77.595,73.47599398807044,130405.0,144536.85,1.0,76.1706146236724
2026-04-30,1785,170.0,180.0,160.5,165.5,53428900.0,9066553910.0,165.5,164.55,146.675,95.405,77.75250000000001,68.92625,50.0,100.0,19.45798723406196,20.305081432937357,-0.8470941988753964,19.484414540558816,1.1091211000870078,74.4328382213521,,191.99407347963563,146.675,101.35592652036439,53428900.0,29395665.5,1.0,169.69381570648096
2026-04-30,1786,58.0,58.3,57.2,57.5,267084.0,15384269.0,59.760000000000005,61.85,61.59000000000001,68.58166666666666,77.57916666666667,86.71458333333334,5.405405405405389,42.236024844720504,-1.8268305189978804,-1.6422112992616453,-0.18461921973623507,13.926263259193696,33.027646195385785,25.150684163429823,,66.02569255258315,61.59000000000001,57.15430744741687,359514.4,349459.2,0.7429020923779409,57.60086339878091
2026-04-30,1788,136.0,136.0,135.5,136.0,34624.0,4692916.0,136.0,136.0,136.175,136.45,136.475,136.4875,50.0,0.0,-0.1579462257185753,-0.1554022093676007,-0.0025440163509745928,5.450772741315876,6.778805150795803,17.159046219597613,,136.66436048493037,136.175,135.68563951506965,34624.0,30609.0,1.0,135.53939463955638
2026-04-30,1789,20.6,20.75,20.25,20.3,614239.0,12553644.0,20.46,20.860000000000003,21.205,21.631666666666664,19.795,18.832291666666666,19.4444444444444,39.24050632911393,-0.2665907541923822,-0.16978749324171458,-0.09680326095066763,18.95017629237121,25.90573736741132,10.488118547324344,,22.444227263469877,21.205,19.96577273653012,643858.0,1148031.95,0.9539976205933607,20.437718868388362
2026-04-30,1795,222.5,226.0,221.0,221.0,1792543.0,400183764.0,221.9,224.7,223.85,264.5083333333333,273.7,243.87708333333333,32.25806451612904,55.23809523809524,-6.357601026817747,-8.05368260299933,1.6960815761815837,16.69069318405493,26.260840771707162,26.43617016428539,,240.11458859317256,223.85,207.58541140682743,1723235.0,2651158.85,1.0402197030584917,223.2491850962571
2026-04-30,1796,38.1,38.3,38.0,38.0,27840.0,1059533.0,38.0,38.155,38.86,40.980000000000004,42.59,43.394999999999996,50.0,7.894736842105203,-0.5819936570012132,-0.6059930680272788,0.02399941102606562,13.065559068543028,22.552049005756743,31.14079869365553,,40.45855197633753,38.86,37.26144802366247,27840.0,20022.4,1.0,38.0579382183908
2026-04-30,1799,38.05,38.1,37.65,37.65,111779.0,4233876.0,37.65,38.235,40.072500000000005,35.718333333333334,34.134166666666665,33.34208333333333,50.0,29.834254143646433,0.08597955937759139,0.7348365350938167,-0.6488569757162254,19.82141566565517,17.953188838299113,19.006548897550932,,44.87112644821149,40.072500000000005,35.27387355178852,111779.0,238973.45,1.0,37.877204125998624
2026-04-30,1802,66.3,69.3,65.3,67.0,126951852.0,8558957955.0,66.6,68.94,64.80499999999999,55.403333333333336,43.42791666666666,31.60145833333333,39.34426229508195,60.402684563758385,3.224797395251329,3.775628205155331,-0.550830809904002,26.031284491426792,16.827735176912984,25.03960082286952,,78.30548342214362,64.80499999999999,51.30451657785636,120276865.4,158696485.9,1.0554968453642457,67.41892946154105
2026-04-30,1805,10.65,10.85,10.65,10.85,89403.0,960827.0,10.68,10.725,10.735000000000001,11.26,11.22125,12.418125,75.0,52.631578947368375,-0.09011764430245783,-0.11114027277851571,0.021022628476057875,24.00163685939212,22.721364199651205,10.10412088389552,,11.156900462194551,10.735000000000001,10.313099537805451,100637.2,105744.55,0.888369310751889,10.747144950393164
2026-04-30,1806,8.83,8.83,8.6,8.6,861297.0,7458400.0,8.508,8.392,8.381,8.703000000000001,8.921750000000001,9.768875000000001,63.492063492063465,59.23566878980889,-0.016100711017141833,-0.08231405351906207,0.06621334250192024,37.08592947633485,15.99133679604854,33.49810312286651,,8.78293741330036,8.381,7.979062586699642,3203480.8,1038480.7,0.26886285692737727,8.659498407634068
2026-04-30,1808,29.5,29.55,28.7,28.7,2204046.0,63693063.0,29.589999999999996,29.835,30.142499999999995,31.105833333333333,31.94333333333333,31.801666666666666,36.111111111111114,31.35593220338984,-0.3814330313456509,-0.2849819865691242,-0.09645104477652666,20.369862187926042,27.638594991003153,9.073916318561583,,31.380186721692493,30.142499999999995,28.904813278307497,1925040.0,1471852.1,1.144935170178282,28.898245771639974
2026-04-30,1809,26.4,26.65,25.6,25.7,1409413.0,36482856.0,25.880000000000003,26.77,26.45,25.3125,21.87333333333333,19.435416666666665,21.551724137931032,50.672645739910315,0.05790873412372477,0.28025613362402224,-0.22234739950029747,24.16817898864922,21.91253935232332,14.45760530788736,,28.52516644861874,26.45,24.374833551381258,1948102.8,3443396.1,0.7234797876169574,25.885142254257623
2026-04-30,1810,17.4,17.5,17.25,17.4,434135.0,7560669.0,17.45,17.994999999999997,17.655,18.1,18.039166666666667,17.853749999999998,15.78947368421042,50.70422535211263,-0.06578206625428251,-0.012872060915637052,-0.05291000533864546,20.057740664844992,22.07476434606279,16.44383371425514,,18.830137170044793,17.655,16.47986282995521,671405.2,1107649.05,0.6466065499641648,17.415479056053993
2026-04-30,1813,12.35,12.45,12.2,12.3,25587.0,317026.0,12.3,12.41,12.89,13.219166666666666,13.284583333333332,13.317291666666668,50.0,4.347826086956573,-0.3016651843816689,-0.23370226640646727,-0.06796291797520163,3.89187958222179,27.500146145206866,46.221635848602816,,13.985733352119649,12.89,11.794266647880352,25587.0,23989.15,1.0,12.390119982803768
2026-04-30,1815,112.0,112.5,107.0,108.5,41658401.0,4556289722.0,108.5,110.35,112.875,104.27000000000001,99.985,97.8425,50.0,47.88732394366197,0.4368360701300418,1.8129390841277442,-1.3761030139977024,10.412090891535241,8.27306745024543,23.413733018947983,,127.5284529790943,112.875,98.2215470209057,41658401.0,84428322.05,1.0,109.3726502368634
2026-04-30,1817,38.8,38.85,38.55,38.6,22604.0,874142.0,38.62,38.645,38.75,38.7,38.67583333333334,40.216874999999995,41.666666666666764,38.235294117647264,-0.03968425353523486,-0.018598039328026596,-0.021086214207208263,17.922748216434606,26.58798890080003,23.34430892629301,,39.05779350562471,38.75,38.44220649437529,22526.4,34442.25,1.0034448469351516,38.67200495487524
2026-04-30,1903,49.7,50.1,49.35,49.45,149859.0,7444517.0,49.48,49.505,49.5325,52.18833333333334,53.52416666666667,53.85354166666666,31.111111111111242,42.735042735042775,-0.42856274598958066,-0.5858994612970473,0.15733671530746662,17.616961401641113,20.851433839599093,20.521403068912846,,50.4945564596632,49.5325,48.5704435403368,140933.8,219198.45,1.0633290239814723,49.67680953429557
2026-04-30,1904,18.0,18.0,17.6,17.6,1578181.0,27978283.0,17.98,18.235,18.567500000000003,18.199166666666667,17.987083333333334,17.96291666666667,16.12903225806454,28.358208955223873,-0.1538885786139197,-0.007141920106402601,-0.14674665850751709,19.704535103595624,29.36238616430589,18.18199282174773,,19.44606042538494,18.567500000000003,17.688939574615066,1294873.0,1784356.65,1.2187921132033799,17.72818390286032
2026-04-30,1905,13.25,13.25,13.0,13.0,3044498.0,39855821.0,13.309999999999999,13.635,14.142500000000002,12.982499999999998,12.542083333333332,12.570833333333333,12.121212121212096,37.254901960784316,-0.05355686298413609,0.1672169336178053,-0.22077379660194138,23.400040952677063,33.32634421772896,16.421196632524182,,15.785755754191788,14.142500000000002,12.499244245808216,5928299.0,7034040.15,0.5135533818385342,13.091097777039105
2026-04-30,1906,11.3,11.3,11.2,11.25,34673.0,390948.0,11.34,11.584999999999999,11.7625,11.735833333333334,12.140833333333331,12.397083333333335,6.249999999999886,40.816326530612244,-0.11932552175907496,-0.042118237915035196,-0.07720728384403977,21.262884956758914,27.446458499714417,13.348514729963924,,12.461277127333375,11.7625,11.063722872666624,100469.0,478047.85,0.34511142740546835,11.27528624578202
2026-04-30,1907,23.95,24.0,23.6,23.6,1941421.0,46074126.0,23.96,24.51,25.2775,25.291666666666668,25.710416666666667,25.587916666666665,3.3333333333333854,24.71910112359552,-0.43765553419091674,-0.20799625760231236,-0.22965927658860438,17.057410167863107,25.087479058870116,19.80975274397104,,27.13235848516783,25.2775,23.42264151483217,1532608.2,1312994.15,1.266743189811982,23.73216628438654
2026-04-30,1909,9.21,9.21,9.02,9.05,2398789.0,21790178.0,9.11,9.264,9.536,9.6865,9.909916666666668,9.697916666666666,25.352112676056464,26.993865030674925,-0.17703312071591526,-0.12034192902239355,-0.056691191693521714,17.745617220681513,25.991263217894193,16.562548868742546,,10.194655728299134,9.536,8.877344271700865,2474588.8,3687620.1,0.9693687290591472,9.083824379718266
2026-04-30,2002,18.9,18.95,18.7,18.75,40997251.0,769966990.0,18.85,19.265,19.605,19.675,19.142916666666668,19.533125,19.230769230769212,28.333333333333343,-0.21400927343957932,-0.08541506540999884,-0.1285942080295805,20.037463537893686,24.48124932010975,16.451205997772067,,20.698954680096737,19.605,18.511045319903264,48830440.6,42142157.6,0.8395838844837291,18.780941922179125
2026-04-30,2006,67.1,67.1,65.2,65.2,4460673.0,292674644.0,67.08,68.39,69.39,70.955,67.49,65.89458333333333,22.972972972972897,27.69230769230768,-1.3866375431466338,-1.0163017992368595,-0.3703357439097743,17.512825012388813,36.4034406687251,22.4513357696704,,73.03006940361912,69.39,65.74993059638088,2652117.2,2644817.25,1.681929064070019,65.61221681123006
2026-04-30,2007,7.74,7.74,7.45,7.46,407147.0,3066363.0,7.522,7.718000000000001,7.882000000000001,8.064499999999999,7.736666666666666,7.825333333333333,27.619047619047635,28.965517241379303,-0.1604084229889402,-0.10965058806229064,-0.050757834926649564,19.802771975598834,26.073175059909122,15.742419373723443,,8.358416447636928,7.882000000000001,7.405583552363073,462948.0,352444.75,0.879465944339321,7.531341260036301
2026-04-30,2008,27.55,27.95,27.5,27.5,32095.0,884210.0,27.71,27.54,27.502499999999998,28.441666666666666,28.215833333333332,,45.454545454545475,44.30379746835442,-0.1388716158388732,-0.2254726930308103,0.0866010771919371,30.2722914490251,14.338683859071283,17.59116870804904,,28.23409882593152,27.502499999999998,26.770901174068474,26077.6,181479.95,1.2307497622480597,27.54977410811653
2026-04-30,2009,37.85,38.15,37.35,37.5,1336302.0,50358817.0,37.88,38.725,39.6825,43.46166666666667,42.44125,38.18020833333333,18.75000000000003,29.729729729729712,-1.1857486865782505,-1.0634691878767755,-0.12227949870147503,15.89296761495287,31.367738504224192,21.911647713113794,,42.274446027702915,39.6825,37.09055397229708,1226746.8,1679507.55,1.0893054703709029,37.68520663742178
2026-04-30,2010,24.85,24.95,24.7,24.75,831934.0,20597589.0,24.660000000000004,24.73,24.9325,23.36583333333333,21.733749999999997,20.638541666666665,48.571428571428555,40.74074074074075,0.1931846565788753,0.31455248834753935,-0.12136783176866406,27.31614571404085,17.872592464165198,33.40338836537017,,25.542310151648035,24.9325,24.322689848351967,1516515.6,1606596.5,0.5485825533215748,24.758681578105957
2026-04-30,2012,15.05,15.05,14.6,14.7,125084.0,1835697.0,14.930000000000001,15.325,15.55,16.148333333333333,15.93125,,18.75000000000003,27.08333333333333,-0.2954136273563819,-0.20539035685084672,-0.09002327050553516,18.5574339890074,34.44925877503118,18.659366385914367,,16.394798325358828,15.55,14.705201674641176,75068.4,57897.85,1.6662670311342724,14.675713920245595
2026-04-30,2013,43.0,43.0,42.6,42.75,54165.0,2317877.0,42.73,43.245,43.635,43.05583333333333,42.27916666666667,42.785624999999996,28.260869565217376,27.272727272727323,-0.217048604851783,-0.03967854804398847,-0.17737005680779455,20.84197302990168,20.794470060322933,21.815204941935026,,44.90948648069524,43.635,42.36051351930475,102775.6,116831.9,0.527021977979209,42.79289208898735
2026-04-30,2014,18.05,18.05,17.5,17.6,3465950.0,61248214.0,17.52,17.855,18.192500000000003,17.894999999999996,16.55125,16.155416666666664,41.509433962264175,37.97468354430381,-0.13931146085247548,-0.032202105632537226,-0.10710935521993825,27.396724474350908,22.384098876800863,32.544640968338086,,19.28663508258655,18.192500000000003,17.098364917413456,4691768.0,5600691.0,0.7387300480330655,17.67140726207822
2026-04-30,2015,61.5,61.7,60.9,60.9,568175.0,34740991.0,61.2,61.769999999999996,62.364999999999995,64.425,64.11916666666667,64.1975,31.034482758620655,33.82352941176471,-1.0018694344804757,-0.935904934215299,-0.06596450026517675,16.584107163507028,26.033491890052794,21.127740906441165,,64.32273768470534,62.364999999999995,60.40726231529465,601970.4,424370.75,0.9438587013580734,61.14487789853478
2026-04-30,2017,8.88,8.88,8.62,8.62,613914.0,5349691.0,8.728,8.914,9.318999999999999,9.281166666666667,9.067583333333333,9.464791666666665,22.222222222222214,17.261904761904773,-0.2522417726850499,-0.15791364709101574,-0.09432812559403414,14.39825620760419,28.105518238530514,30.054283321540304,,10.23757784817501,9.318999999999999,8.400422151824989,582107.4,742311.0,1.0546404323325902,8.714072329349062
2026-04-30,2020,22.45,22.45,22.0,22.15,387528.0,8598762.0,22.19,22.55,23.7825,23.94833333333333,23.697083333333335,24.636458333333334,22.222222222222257,7.792207792207805,-0.6055830803627131,-0.39284360799361717,-0.21273947236909596,12.831471362909348,34.47363509963506,39.54180707626525,,26.51057528064063,23.7825,21.054424719359368,467298.0,812479.6,0.829295224888615,22.188750232241283
2026-04-30,2022,8.3,8.3,8.08,8.12,685420.0,5590758.0,8.116,8.352,8.674,8.804666666666666,8.397083333333333,8.214916666666666,27.58620689655173,16.107382550335572,-0.23121410242007912,-0.15300684005700574,-0.07820726236307338,20.64308134586275,30.007876662429904,23.38474297398289,,9.459296457597906,8.674,7.888703542402093,756861.0,910409.2,0.9056088238130912,8.156689329170435
2026-04-30,2023,14.1,14.1,13.9,14.0,3047393.0,42547862.0,14.069999999999999,14.030000000000001,14.122499999999999,14.543333333333333,14.747083333333332,15.010416666666666,46.6666666666666,50.0,-0.12427594221700922,-0.14565871488368284,0.021382772666673627,16.388431703160165,24.521096547261752,17.636404692009663,,14.472650343649562,14.122499999999999,13.772349656350436,1740165.4,1910421.25,1.7512088218740587,13.962052810385796
2026-04-30,2024,14.1,14.3,14.1,14.1,26264.0,373844.0,14.11,14.314999999999998,14.465,,,,37.49999999999997,39.99999999999999,-0.2808371179292255,-0.26979024417200853,-0.011046873757216968,17.620759398710227,24.19751271838888,11.235594649811741,,14.99524324110384,14.465,13.93475675889616,23089.2,18515.7,1.137501515860229,14.234084678647578
2026-04-30,2025,11.2,11.3,11.0,11.05,163174.0,1815742.0,11.27,11.629999999999999,11.5625,11.594333333333333,10.757416666666668,11.989541666666668,19.230769230769255,43.63636363636363,-0.054258070046566687,0.02856916278610711,-0.08282723283267379,16.037721180078186,26.434079222667645,12.787977044070477,,12.321221223333481,11.5625,10.803778776666519,128180.8,167840.7,1.2729987642455032,11.127642884283036
2026-04-30,2027,38.55,38.7,37.6,37.7,20009399.0,763009415.0,37.39,37.15,37.56,37.22083333333333,37.35,37.98374999999999,62.85714285714293,49.61240310077522,0.03491974590889413,-0.01768103149747681,0.05260077740637094,29.998269649767394,14.91404221511253,24.784761981758855,,39.115499581282585,37.56,36.00450041871742,24593972.2,26053855.9,0.8135895591522219,38.132550357959275
2026-04-30,2028,19.55,19.55,17.5,17.5,309827.0,5559953.0,17.84,18.32,18.419999999999998,18.398333333333333,17.34,17.806874999999998,17.500000000000043,40.50632911392405,-0.13728532013383798,0.005685713159378625,-0.14297103329321662,31.205945763122106,18.457024688078764,23.59760490956238,,19.515637281508724,18.419999999999998,17.324362718491273,227571.2,171085.7,1.3614508338489228,17.945346919409864
2026-04-30,2029,20.1,20.25,20.05,20.2,110237.0,2217977.0,20.16,20.365,20.4725,20.8925,21.054166666666667,22.32270833333333,23.529411764705642,39.9999999999999,-0.16004127100347532,-0.13120146368581173,-0.028839807317663585,18.047015767599884,27.425106837607622,18.134309499379505,,20.91316337552069,20.4725,20.03183662447931,166239.8,173729.15,0.6631203839273146,20.12007765087947
2026-04-30,2030,16.4,16.6,15.9,15.95,667577.0,10772501.0,15.9,16.09,16.15,16.0125,14.975833333333334,14.884583333333333,43.90243902439024,50.0,-0.006333403022406259,0.032489956598225844,-0.0388233596206321,23.250663701048342,19.78698829370476,25.670889433175628,,16.741162992930217,16.15,15.55883700706978,807784.0,748337.5,0.8264300852703198,16.136716813191587
2026-04-30,2031,40.85,40.9,40.45,40.65,871562.0,35476040.0,39.78,39.864999999999995,40.3275,39.4725,39.36333333333334,40.766041666666666,62.19512195121949,48.507462686567145,0.04685636306372487,0.09058486097975399,-0.04372849791602912,30.09258916621417,24.394991060227394,20.15294046319917,,42.04290236188392,40.3275,38.61209763811608,878245.8,812387.05,0.9923896020908952,40.703977456566484
2026-04-30,2032,16.55,16.55,15.9,16.0,376765.0,6066685.0,15.919999999999998,15.995,16.419999999999998,16.200833333333335,15.268333333333334,15.202708333333332,49.05660377358489,37.66233766233766,-0.09248424487426021,-0.0342668800178047,-0.05821736485645551,28.07870927437183,23.693901190892472,22.640241259774243,,17.49869316646033,16.419999999999998,15.341306833539665,495933.6,480087.7,0.7597085577585386,16.10203973299006
2026-04-30,2033,16.1,16.1,15.3,15.5,389926.0,6068318.0,15.98,16.240000000000002,16.285,16.1325,16.355,16.781041666666667,10.526315789473799,20.512820512820596,-0.030722888994382913,0.06295784510566932,-0.09368073410005223,14.093392870851657,27.156000334266277,18.43248629212335,,16.986201975557538,16.285,15.583798024442464,167836.0,135834.05,2.3232560356538525,15.562742674251012
2026-04-30,2034,21.9,21.9,21.15,21.3,2350141.0,50641772.0,20.93,20.965,20.77,20.84416666666667,20.311249999999998,20.914583333333333,50.684931506849324,54.54545454545453,0.1655338317992019,0.08660660476431742,0.07892722703488447,35.198124813121154,22.95155999562326,24.799741578460523,,21.688465539564845,20.77,19.851534460435154,2533841.6,1603560.6,0.9275011508217403,21.54839730892742
2026-04-30,2035,26.9,28.3,26.9,28.3,13014.0,358636.0,28.3,28.3,,,,,50.0,50.0,-0.06316241403438738,-0.10956017755583396,0.046397763521446575,1.3599413519702435,8.284287062595414,54.83357326250104,,,,,13014.0,,1.0,27.55770708467804
2026-04-30,2038,14.4,14.55,14.0,14.1,398196.0,5627726.0,14.15,14.594999999999999,15.0125,15.151666666666667,14.790833333333333,15.191875,19.354838709677438,23.404255319148945,-0.30450661727731365,-0.1696645114954932,-0.13484210578182046,20.235714061540595,25.41008382833579,30.050940445484574,,16.14334737673722,15.0125,13.881652623262777,381234.0,403521.2,1.0444923590235917,14.1330550784036
2026-04-30,2049,312.5,321.5,308.0,312.5,9788451.0,3092965639.0,302.1,301.05,276.025,245.00833333333333,225.69166666666666,219.72083333333333,50.0,80.78602620087337,18.935051293433105,16.855092920000043,2.079958373433062,36.32644327639525,8.473828907808995,43.72809482183983,,335.40555237196793,276.025,216.64444762803203,7524240.0,9480302.2,1.3009222193869414,315.98111274194457
2026-04-30,2059,4120.0,4170.0,3910.0,3910.0,1278072.0,5105067225.0,3961.0,3856.5,3607.5,3430.4166666666665,3555.125,2943.1875,48.93617021276596,65.37396121883657,167.24431594956286,122.86525998737274,44.37905596219012,25.421124193132844,14.372643386986416,17.830155392052692,,4183.899897731831,3607.5,3031.1001022681694,1280996.6,840982.05,0.9977169338310499,3994.3502596097874
2026-04-30,2061,19.15,20.2,19.05,19.35,1078494.0,21205440.0,19.35,19.025000000000002,17.669999999999998,17.985833333333336,18.592916666666664,18.896458333333335,50.0,90.41095890410965,0.6175400464653151,0.3479153467051716,0.2696246997601435,16.911615775420625,6.122383662171349,47.24212725625046,,20.79635654766981,17.669999999999998,14.543643452330189,1078494.0,547943.6,1.0,19.662084350956054
2026-04-30,2062,21.05,21.05,20.8,20.85,288660.0,6025925.0,21.29,21.845,21.5775,21.353333333333335,21.31,23.046458333333337,2.631578947368453,35.294117647058826,0.08605025965325197,0.2210368512027321,-0.13498659154948012,21.398880396425284,24.6527475071538,20.27732165350248,,23.102890372814322,21.5775,20.05210962718568,228140.2,375741.0,1.265274598689753,20.87551098177787
2026-04-30,2063,25.95,25.95,25.5,25.9,15039.0,386962.0,25.9,26.029999999999994,26.615,26.736666666666665,26.71833333333333,26.709166666666665,50.0,0.0,-0.30867370186735243,-0.2105657040946132,-0.09810799777273924,6.1907431182555746,19.049784460740796,33.00275899498315,,27.94208624238851,26.615,25.287913757611488,15039.0,16443.45,1.0,25.730567191967552
2026-04-30,2064,11.45,11.7,11.45,11.6,38029.0,440333.0,11.6,11.614999999999998,11.6575,,,,50.0,44.44444444444436,-0.07606296611412411,-0.08072638875174452,0.004663422637620415,4.663842799699374,11.077178336894173,38.57504181581393,,11.803589374230869,11.6575,11.511410625769132,38029.0,23870.05,1.0,11.578874017197402
2026-04-30,2065,29.3,29.3,29.0,29.05,20075.0,585937.0,29.05,29.220000000000006,29.9125,31.101666666666667,31.650833333333335,31.925416666666667,50.0,20.75471698113209,-0.6021038399168681,-0.5276961012600467,-0.07440773865682138,9.224108818528572,16.719732574897897,27.920920548029013,,31.529474107138967,29.9125,28.295525892861036,20075.0,39694.85,1.0,29.187397260273972
2026-04-30,2066,46.75,46.75,46.5,46.5,19743.0,919706.0,46.5,46.480000000000004,47.395,50.04833333333333,51.02416666666667,51.51208333333333,50.0,6.153846153846217,-0.9840897686238748,-1.0606341071392487,0.0765443385153739,5.671099372119506,14.29634343842339,37.19398361606163,,50.12628078689139,47.395,44.663719213108614,19743.0,47491.55,1.0,46.5839031555488
2026-04-30,2067,7.23,7.92,7.23,7.23,292366.0,2149771.0,7.23,7.228,7.274500000000001,8.771166666666666,9.410583333333333,9.730291666666666,50.0,35.714285714285865,-0.3198643691331515,-0.4041755263393383,0.08431115720618676,6.391857370210429,9.160048495086606,44.09994828684866,,7.4272950123187895,7.274500000000001,7.121704987681212,292366.0,160730.3,1.0,7.3530130042481
2026-04-30,2069,19.1,19.1,18.75,18.8,209248.0,3938719.0,18.9,18.855,18.7025,18.87833333333333,17.290416666666665,16.380833333333335,42.10526315789483,56.097560975609746,0.07266027657642482,0.039082098470054207,0.033578178106370614,27.957913442324617,17.118770432267635,24.26197088806659,,19.175424829900933,18.7025,18.229575170099068,295607.4,276457.75,0.707857787051339,18.823209779782843
2026-04-30,2070,58.2,61.4,57.6,59.0,1816362.0,107669310.0,59.0,57.665000000000006,49.475,42.955,41.4275,40.66375,50.0,100.0,5.2726310613533585,4.360358878640533,0.9122721827128251,25.687624245793145,2.5695870981073234,52.53444875178268,,67.7348351292494,49.475,31.2151648707506,1816362.0,1012882.5,1.0,59.277451301007176
2026-04-30,2073,,,,,,,,,,,,,50.0,50.0,0.14191902346522056,0.14724974367636506,-0.005330720211144502,5.648420835576739,16.570775856861463,50.47995903565499,,,,,,,,
2026-04-30,2101,34.4,34.4,33.4,33.45,1014148.0,34110177.0,33.440000000000005,34.265,35.3575,35.3875,36.50208333333333,37.568125,29.166666666666714,34.26573426573428,-0.5003079877789034,-0.22376073332879015,-0.27654725445011324,20.19630595126166,21.57068900588213,17.62745734014472,,38.131870483361624,35.3575,32.58312951663838,2944165.8,2386862.8,0.34446022027699663,33.63431865960392
2026-04-30,2102,19.05,19.1,18.8,18.8,447443.0,8444533.0,19.080000000000002,19.185,19.525,19.574166666666667,19.642916666666668,,21.052631578947086,26.92307692307685,-0.1452696508019926,-0.0846184681411221,-0.06065118266087051,20.89966892314861,22.42997181703469,10.757936107536267,,20.423243900765808,19.525,18.62675609923419,496905.0,503902.55,0.9004598464495226,18.87286872294348
2026-04-30,2103,19.6,19.95,19.4,19.65,3362384.0,66198622.0,19.58,19.2,19.3175,18.2025,16.76833333333333,17.353333333333335,62.66666666666669,50.84745762711862,0.14735803909250933,0.14007513890062326,0.007282900191886071,24.790944391872895,12.849402027799703,24.75680163127409,,20.280103377907125,19.3175,18.354896622092873,8249719.6,4976557.95,0.4075755495980736,19.688001727345835
2026-04-30,2104,10.8,10.8,10.6,10.7,1672520.0,17949484.0,10.780000000000001,10.985,11.432500000000001,11.817499999999999,11.1885,11.129458333333334,23.529411764705927,25.641025641025678,-0.3472047987723883,-0.2695726276593627,-0.07763217111302562,16.71731686744166,26.59989451907893,19.747502675637858,,12.50477009558916,11.432500000000001,10.360229904410842,2688609.6,3039852.1,0.6220761839130531,10.731999617343888
2026-04-30,2105,31.55,31.85,31.15,31.2,8685387.0,272385485.0,31.580000000000002,32.190000000000005,32.029999999999994,30.819166666666668,31.930833333333336,37.7725,11.111111111111072,46.08695652173915,0.2252125533746181,0.42576915884212585,-0.20055660546750775,19.297331418563516,19.708743813786086,16.85282499636301,,33.34445405917554,32.029999999999994,30.715545940824448,9775433.2,11202440.65,0.8884912639984078,31.361352695049742
2026-04-30,2106,17.55,17.6,17.25,17.25,602508.0,10457179.0,17.490000000000002,17.919999999999998,18.1875,18.955,19.67,21.162083333333335,0.0,33.33333333333337,-0.33829957584028136,-0.25687873713105003,-0.08142083870923134,12.685047000837207,27.659121091718163,19.1200686055131,,19.106810382269842,18.1875,17.268189617730158,670279.8,705751.0,0.8988902843260381,17.35608323872878
2026-04-30,2107,26.15,26.3,26.05,26.25,248067.0,6486633.0,26.1,26.080000000000002,25.845,25.3125,24.625,24.825208333333332,50.0,67.56756756756752,0.2440943524393262,0.23380306777309595,0.01029128466623025,26.944903312133476,11.934476601049882,29.688802983221045,,26.46220933922043,25.845,25.22779066077957,335487.2,314378.7,0.7394231434165,26.148713855530964
2026-04-30,2108,26.9,26.9,26.35,26.7,974700.0,25921593.0,26.99,26.564999999999998,26.2875,25.233333333333334,24.071250000000003,24.56895833333333,56.470588235294116,54.198473282442755,0.3877833674662803,0.3636947261134574,0.024088641352822904,34.27865085999119,14.340523989963296,39.26569022202712,,27.60773721951501,26.2875,24.967262780484994,2471728.6,1539841.35,0.3943394108883961,26.594432132963988
2026-04-30,2109,14.35,14.4,14.35,14.4,151024.0,2170331.0,14.41,14.51,14.607499999999998,14.829166666666667,15.044583333333332,15.97875,16.66666666666687,28.571428571428797,-0.12319258456353843,-0.10047057370075949,-0.022722010862778946,14.570859398414965,23.056172789003185,14.695962297713502,,14.883324123979685,14.607499999999998,14.331675876020311,113661.8,108058.95,1.3287137807073264,14.370768884415723
2026-04-30,2114,88.6,88.9,88.3,88.5,32221.0,2850032.0,88.67999999999999,88.58,88.47999999999999,89.02833333333335,89.55416666666666,,50.0,48.88888888888895,-0.033117244674144786,-0.07011844374125219,0.0370011990671074,20.93378563413402,22.790608219859944,10.042176935405937,,89.50925624654545,88.47999999999999,87.45074375345453,38157.4,36565.4,0.8444233621787648,88.45262406505074
2026-04-30,2115,21.25,21.35,21.1,21.2,77509.0,1646432.0,21.36,21.509999999999998,21.5125,22.94,,,0.0,35.294117647058854,-0.2869821587334975,-0.3349701852419426,0.04798802650844508,16.65230171113069,25.03166223457352,30.42582290599086,,21.77782006491165,21.5125,21.247179935088347,64939.0,74514.3,1.193566269884045,21.24181707930692
2026-04-30,2201,27.25,27.4,26.9,27.0,2484654.0,67219802.0,27.090000000000003,27.255000000000003,27.140000000000004,29.240000000000002,31.829583333333336,33.676875,13.043478260869463,56.70103092783505,-0.3658393110680116,-0.482307339100819,0.11646802803280742,19.435382618664264,16.52407389673324,19.794022062904542,,27.995077712687614,27.140000000000004,26.284922287312394,2304446.4,3838830.65,1.0781999529257873,27.05398900611514
2026-04-30,2204,54.2,54.4,53.8,54.1,906844.0,49100873.0,53.760000000000005,53.92999999999999,54.4,55.99666666666667,58.08166666666666,60.46333333333333,52.63157894736845,48.83720930232556,-0.5314346667589973,-0.5857676090692768,0.05433294231027952,12.75649171428373,20.60827207679185,22.12502923514421,,55.853851509104054,54.4,52.94614849089594,981557.2,1213599.4,0.9238829891930904,54.14478454949253
2026-04-30,2206,56.8,56.8,55.1,55.5,1620208.0,90137364.0,56.58,56.79,58.045,59.14666666666667,60.230000000000004,63.247499999999995,46.42857142857138,21.428571428571374,-0.8077022449149069,-0.6377134427452329,-0.16998880216967405,11.192825113706618,31.649280813673542,31.179400516944103,,60.96099942242464,58.045,55.12900057757536,1597779.4,1246511.35,1.014037357096981,55.633205119342705
2026-04-30,2207,478.5,480.0,475.0,476.5,499389.0,238071352.0,484.3,498.35,499.1,517.9,,,0.0,32.786885245901644,-7.036346424209228,-4.6838372872842475,-2.35250913692498,17.947909395191676,28.951763319802172,14.750694762802596,,526.3447001123319,499.1,471.85529988766814,421291.4,354784.5,1.185376677520595,476.72526227049457
2026-04-30,2208,20.15,20.25,19.8,19.8,4440108.0,88793772.0,20.19,20.490000000000002,20.4525,21.322499999999998,21.144583333333333,19.67354166666667,9.090909090908951,38.59649122807018,-0.2849475280453433,-0.2552533298145659,-0.029694198230777402,20.986622578648337,20.047851586803972,12.085664557653386,,21.063344971287727,20.4525,19.841655028712275,3445117.4,3421335.4,1.2888118123347554,19.998110856762942
2026-04-30,2211,98.5,99.0,97.5,97.5,921013.0,90370371.0,98.2,99.35,99.63000000000001,100.76833333333335,104.84249999999999,95.63333333333334,23.07692307692308,36.26373626373625,-0.7273469321905566,-0.5662027547896673,-0.16114417740088927,15.34957191416746,25.20578302078908,12.320974677964955,,101.68000641847384,99.63000000000001,97.57999358152618,966335.2,660355.35,0.9530988832860482,98.1206247903124
2026-04-30,2221,37.1,37.95,36.05,36.65,385968.0,14218838.0,36.65,36.199999999999996,34.3,31.772499999999997,30.96125,30.555625000000003,50.0,91.91919191919195,1.4777231960447708,1.2693473252739969,0.2083758707707739,17.348958572222845,2.79761692064592,53.17877685598757,,38.669632045209994,34.3,29.930367954790004,385968.0,264043.6,1.0,36.839421920988265
2026-04-30,2227,53.5,53.8,53.0,53.5,32031.0,1705075.0,53.839999999999996,54.6,52.9575,52.8875,53.95708333333333,56.55229166666667,25.80645161290262,65.16853932584281,0.6470661685382453,0.6329809546008051,0.014085213937440222,29.981850801774147,15.698153051139997,31.192151445056822,,57.286505598710946,52.9575,48.62849440128906,24694.0,41688.15,1.2971167085121893,53.23202522556274
2026-04-30,2228,87.8,87.9,87.0,87.2,185978.0,16262651.0,88.22,89.16,89.635,93.76166666666667,97.17416666666666,96.86,7.999999999999844,35.57692307692304,-0.9819846225795885,-0.874681012622308,-0.1073036099572805,21.590891529664397,24.5262445765862,10.391332798542347,,92.70147405954992,89.635,86.56852594045009,187632.0,205454.4,0.9911848725164151,87.44395035971996
2026-04-30,2230,27.55,27.55,26.75,27.0,337659.0,9076368.0,27.0,27.325,28.785000000000004,50.06499999999999,68.68249999999999,77.99125000000001,50.0,7.894736842105274,-3.9497308734567618,-4.89322635998947,0.9434954865327079,4.5306007906526595,31.24393756246112,73.75003298576988,,32.100529647316705,28.785000000000004,25.469470352683302,337659.0,316819.85,1.0,26.880278624292554
2026-04-30,2231,120.5,121.5,117.0,120.5,613189.0,73639189.0,124.6,129.35,124.75,104.58833333333334,104.97083333333333,95.64708333333333,0.0,48.760330578512395,5.494308379965645,7.54222751229408,-2.0479191323284347,27.721245758490443,25.363783118232398,26.206305916888823,,140.00398998709346,124.75,109.49601001290655,1267030.2,1964517.95,0.48395768309232096,120.09215592582385
2026-04-30,2233,275.0,300.0,271.0,300.0,6174279.0,1803117780.0,262.3,253.3,237.8,233.69166666666666,216.925,202.7125,74.23312883435582,83.46153846153847,11.776898291811278,5.958033243462645,5.818865048348633,38.85007799666245,11.28572957397407,22.925162919931278,,281.04763455654984,237.8,194.55236544345019,2439517.6,1528338.85,2.5309425929126315,292.03697792082284
2026-04-30,2235,32.35,33.3,32.3,32.5,13031.0,427063.0,32.5,32.504999999999995,32.714999999999996,,,,50.0,0.0,-0.4368811133418191,-0.5116476328599301,0.07476651951811097,3.4623059553927886,3.952859358465312,38.846379957949345,,33.27610792657316,32.714999999999996,32.15389207342683,13031.0,10084.95,1.0,32.772849359220324
2026-04-30,2236,134.0,134.0,131.5,132.0,199331.0,26414366.0,132.9,130.95,125.175,116.81666666666666,108.09166666666667,103.00666666666667,64.28571428571428,75.38461538461539,5.205482640937859,4.8354997506747335,0.3699828902631257,29.780617106646478,8.748257474835716,37.527833524516126,,141.0669873885525,125.175,109.2830126114475,428396.4,559473.75,0.4652956934278626,132.5150929860383
2026-04-30,2239,21.75,22.15,21.75,21.8,33211.0,727780.0,22.04,22.82,23.0,26.076666666666664,29.557916666666667,30.05875,10.204081632653072,35.52631578947371,-0.7429796323102167,-0.7381143563682117,-0.004865275942005032,18.166196929150637,33.008772936670184,29.714764204698636,,24.438932352747685,23.0,21.561067647252315,55348.4,76748.7,0.6000354120444312,21.91382373310048
2026-04-30,2241,30.05,30.35,29.7,29.8,627872.0,18814258.0,30.97,30.740000000000002,29.3825,30.848333333333333,33.30583333333333,29.202083333333334,30.275229357798196,59.65665236051501,0.2723024690910769,0.06083608257793189,0.21146638651314503,26.03526259268316,20.276603293758313,22.650808492118983,,33.02064223847421,29.3825,25.74435776152579,1149303.6,967365.45,0.5463064763740407,29.965117093929972
2026-04-30,2243,28.5,28.8,27.05,27.25,2172650.0,60547604.0,26.410000000000004,24.865,23.47,17.04,14.374166666666667,13.154791666666664,82.72727272727273,75.0,2.35595246833676,2.1625923046456488,0.1933601636911111,37.857238386713554,8.394283681075027,45.09045872669376,,27.801208655912625,23.47,19.138791344087373,2556139.0,1746208.35,0.8499733386955873,27.8680891998251
2026-04-30,2247,215.0,215.0,212.0,212.5,72455.0,15423969.0,213.7,220.85,229.075,251.25,271.35833333333335,284.775,13.8888888888889,9.459459459459467,-9.062326871772001,-7.8861592247113865,-1.1761676470606144,11.349735146429799,40.30220144249595,37.93381136215727,,249.8146772040019,229.075,208.33532279599808,182619.8,108024.5,0.3967532545759003,212.87653026016147
2026-04-30,2248,56.8,57.1,55.6,56.5,59587.0,3361333.0,57.879999999999995,57.260000000000005,53.88250000000001,50.3875,,,42.424242424242415,71.97802197802199,2.2562707896943266,2.057381099748264,0.19888968994606238,35.89974783887633,20.28508288676741,38.810679851953836,,61.847243032825766,53.88250000000001,45.91775696717425,99757.4,112223.15,0.5973190961272047,56.410509003641735
2026-04-30,2250,63.3,64.6,63.0,63.0,87803.0,5612602.0,62.44,63.30999999999999,62.64,67.225,73.7625,84.65208333333334,32.835820895522374,56.03448275862069,-0.6670144918417336,-0.8740241383076761,0.20700964646594255,24.13356961389832,20.969945221325474,11.265472812401491,,65.41917064494862,62.64,59.860829355051386,109959.2,71766.7,0.7985052637705622,63.92266779039441
2026-04-30,2254,71.9,71.9,71.0,71.5,7035.0,502626.0,73.46000000000001,76.75,72.91499999999999,66.83833333333334,,,2.5974025974026347,54.0785498489426,1.7914873031665763,2.442866007469668,-0.6513787043030916,43.23593633506708,31.46662288076167,31.512262880023133,,84.08795136055173,72.91499999999999,61.74204863944825,27098.8,43322.35,0.25960559139150075,71.44648187633263
2026-04-30,2258,28.65,28.9,28.05,28.45,466884.0,13278308.0,28.68,28.804999999999996,28.175,33.6925,36.59166666666667,38.52125,20.930232558139522,57.44680851063829,-0.8210176553639208,-1.1727277670756937,0.3517101117117729,22.621494922851454,20.83710044023623,20.59947041391912,,29.780418456677292,28.175,26.56958154332271,523523.8,805975.2,0.89181045828289,28.44027210184971
2026-04-30,2301,170.0,179.5,164.5,166.0,57280644.0,9838257184.0,170.4,169.1,161.5,163.80833333333334,164.6375,139.53916666666663,30.769230769230774,53.98230088495575,3.222196608445671,2.1283713164932405,1.0938252919524305,30.33174278399499,17.4822998049267,16.24997623778637,,180.64212769343104,161.5,142.35787230656896,33447567.2,27851045.45,1.7125503824385768,171.7553521919202
2026-04-30,2302,18.8,19.05,18.6,18.7,559552.0,10506663.0,18.369999999999997,18.729999999999997,18.3425,18.58,18.481666666666666,17.488333333333333,34.09090909090911,57.29166666666667,0.06820851355400848,0.04727743339859239,0.020931080155416087,20.277078018851757,23.499210390073543,12.740986881065652,,19.486948844594842,18.3425,17.19805115540516,744713.8,817585.4,0.7513651553120138,18.77691975008578
2026-04-30,2303,80.5,80.9,76.3,77.3,333288108.0,26100038450.0,74.82,75.24,67.71000000000001,63.001666666666665,54.63374999999999,49.282083333333325,45.18518518518519,71.19113573407203,4.336503300740489,3.6417299372676073,0.6947733634728817,35.92710862345687,16.804401524169574,23.9994150021601,,84.22970434296388,67.71000000000001,51.19029565703613,196976351.2,198493390.4,1.6920209252002838,78.31074023799253
2026-04-30,2305,16.3,16.5,15.7,15.7,2298533.0,36669785.0,15.99,16.765,17.065,14.672499999999998,12.780833333333334,11.861875,17.64705882352945,38.23529411764706,0.25682059726051776,0.6190784254998327,-0.36225782823931496,22.061168365656336,24.9798937216257,23.256602265948978,,19.296614945092085,17.065,14.833385054907918,2171924.0,4411903.6,1.058293476198983,15.95356037959864
2026-04-30,2308,2220.0,2280.0,2150.0,2165.0,14060511.0,30992635715.0,2110.0,2030.0,1844.25,1458.1666666666667,1207.35,851.1791666666667,72.72727272727272,84.6774193548387,185.44464347609915,166.12867921890057,19.315964257198573,39.29195094153498,4.738371544458432,53.338609058631796,,2296.603785624073,1844.25,1391.8962143759268,13766006.0,12586432.25,1.0213936416997058,2204.2325286044015
2026-04-30,2312,28.55,29.05,27.55,27.65,52074412.0,1468300167.0,27.96,27.305,25.020000000000003,24.545,23.265416666666667,21.393541666666668,39.21568627450979,62.745098039215684,1.3478417574622377,0.926937796721862,0.4209039607403756,37.44173229650992,17.910548914078195,23.460621687774807,,30.608088836275297,25.020000000000003,19.43191116372471,88757521.0,55072730.4,0.5867042185641935,28.19619292100696
2026-04-30,2313,231.5,251.5,227.5,244.5,78199478.0,18974555949.0,232.8,240.0,255.1,208.41666666666666,146.08916666666667,104.74187500000001,48.466257668711656,35.43859649122807,2.128013186376677,7.468390946731448,-5.340377760354771,23.257723450088648,22.929340687368622,27.968257645177882,,294.6242763507801,255.1,215.57572364921987,84406561.2,84362402.9,0.9264620769789161,242.6430001105634
2026-04-30,2314,14.1,14.25,14.1,14.1,261195.0,3697037.0,14.52,15.329999999999998,14.944999999999999,18.60333333333333,19.021583333333336,14.620125,23.529411764705856,52.542372881355924,-0.9201096025801601,-1.0000084938738933,0.07989889129373329,31.316438675121134,29.55815762296958,15.512192996261977,,18.06655494315923,14.944999999999999,11.823445056840768,224881.2,585297.2,1.161479928068687,14.154317655391566
2026-04-30,2316,114.0,115.0,112.0,112.5,2546862.0,287505683.0,115.4,114.7,111.18999999999998,103.44166666666666,102.11166666666666,82.13875,45.00000000000001,41.53846153846154,3.3041899802922785,3.63676447851542,-0.33257449822314156,22.667586295973052,15.335049064742481,20.105764222515155,,126.36586726907008,111.18999999999998,96.01413273092989,10129586.4,8773122.85,0.25142803461353563,112.88624314941289
2026-04-30,2317,224.5,230.0,219.5,219.5,73683654.0,16520785864.0,223.9,219.0,209.8,215.125,223.12916666666666,,46.666666666666664,70.2127659574468,4.3036002066571655,2.0018301419251308,2.3017700647320347,34.54696933361059,13.892561318705202,23.66851501655067,,232.9525831229093,209.8,186.64741687709073,81612926.0,68861348.25,0.9028429393647766,224.2123587410581
2026-04-30,2321,12.9,13.2,12.9,13.2,3272.0,41404.0,,,,,,,81.81818181818178,84.21052631578955,-0.8517374550268517,-0.889725755729907,0.037988300703055256,13.777089278287031,10.739189972781046,13.741937370962608,,,,,2891.0,15352.6,1.1317883085437566,12.65403422982885
2026-04-30,2323,10.3,10.4,10.15,10.15,4129671.0,42345036.0,10.22,10.45,10.675,10.7935,10.151583333333333,9.215666666666667,7.142857142857238,23.076923076923194,-0.20703546307331777,-0.13079821557198443,-0.07623724750133334,20.113994388159053,26.882205371123153,11.68870548255666,,11.299499799839868,10.675,10.050500200160133,4085893.4,5216590.0,1.010714327495671,10.253852183382163
2026-04-30,2324,29.45,29.55,29.0,29.0,24600246.0,717637737.0,29.77,30.485000000000003,29.365,30.623333333333335,31.024166666666666,29.773958333333333,0.0,54.59770114942529,-0.047144363357087826,-0.04985172172737909,0.002707358370291263,21.374653894553308,19.98556173765112,19.51288672088761,,32.4246009371708,29.365,26.305399062829196,33933442.6,47734972.75,0.7249557992091259,29.171974011967198
2026-04-30,2327,323.0,333.0,317.0,317.0,35517666.0,11510305699.0,313.5,313.7,299.55,275.0,245.96666666666667,337.19375,51.21951219512195,62.903225806451616,12.853639626509505,12.507643443699147,0.3459961828103584,30.366993191217407,17.896243355498434,18.71435768208461,,351.4627811054789,299.55,247.6372188945211,36150847.2,41486411.85,0.9824850245833242,324.07269382509537
2026-04-30,2328,48.3,50.7,47.6,49.55,24100442.0,1192155265.0,46.28,46.105000000000004,45.4525,47.5875,49.415416666666665,46.29208333333334,63.8036809815951,69.75806451612902,0.19312120447292358,-0.28117280747990964,0.4742940119528332,35.80220060273268,16.42754740511937,15.170926734340467,,48.112629597158595,45.4525,42.79237040284141,9574564.4,4901317.75,2.5171319543268202,49.466116223096655
2026-04-30,2329,56.9,57.5,54.8,54.9,13179875.0,738646414.0,56.480000000000004,58.42,56.55,55.64666666666667,51.934999999999995,45.149375,30.64516129032259,51.66666666666666,0.6736641299766717,1.052869611059759,-0.3792054810830874,23.681830514503368,22.475032645009122,14.72345320225066,,64.4556275758737,56.55,48.64437242412629,13724381.4,19594687.25,0.9603256143843394,56.04350678591413
2026-04-30,2330,2205.0,2215.0,2135.0,2135.0,59584011.0,129082703075.0,2196.0,2121.5,2042.75,1872.9166666666667,1654.7916666666667,1355.5958333333333,62.31884057971015,62.61682242990654,86.41396628529105,77.77366630618977,8.640299979101286,41.72013289895008,23.409364109768806,32.09623952879624,,2283.6578225117732,2042.75,1801.842177488227,59647495.8,43424382.6,0.9989356669689392,2166.398349298774
2026-04-30,2331,20.55,20.85,20.45,20.55,1598784.0,32927145.0,20.369999999999997,21.035,21.270000000000003,23.674166666666665,22.4275,20.216458333333335,14.285714285714306,39.99999999999999,-0.6928411035952564,-0.6744163905012898,-0.01842471309396665,17.3154693672374,31.5136767509184,26.525536118334337,,22.58204942140566,21.270000000000003,19.957950578594346,1656824.0,1967633.25,0.9649691216447854,20.59511791461511
2026-04-30,2332,13.95,14.05,13.8,13.85,1623601.0,22576324.0,13.970000000000002,14.540000000000001,14.867500000000001,15.345833333333333,15.867916666666668,16.442291666666666,0.0,26.530612244897924,-0.36378841039508814,-0.22918144755601688,-0.13460696283907125,10.084031184079063,25.738003817431043,21.285299647723154,,15.996670631830863,14.867500000000001,13.73832936816914,4814487.8,3698375.15,0.33723234276344,13.90509367757226
2026-04-30,2337,172.5,176.0,154.0,154.0,290565132.0,47454513692.0,151.5,140.2,140.825,110.26,71.48541666666667,46.142291666666665,65.6,53.30578512396695,8.64271244306022,7.669303749026189,0.9734086940340303,34.82124797939159,17.033599243153457,31.0552909876114,,165.39771700591137,140.825,116.2522829940886,239902175.8,160989061.5,1.2111817286819289,163.31799127226319
2026-04-30,2338,47.8,48.75,46.6,47.0,3001276.0,143169153.0,47.279999999999994,48.79,46.809999999999995,43.9425,40.5775,36.85895833333334,11.29032258064521,51.66240409207161,0.7326641197664046,0.9626436855120439,-0.22997956574563938,29.789334523332258,20.932138425341694,16.4726607708151,,51.816900501466336,46.809999999999995,41.803099498533655,3277999.4,6493606.0,0.9155816196915717,47.702761425473696
2026-04-30,2340,39.35,39.9,37.8,38.05,25091721.0,974715754.0,36.87,37.33,32.927499999999995,28.634999999999998,27.314166666666665,24.420416666666664,29.752066115702476,68.28358208955223,2.8633486543585676,2.5211908711057744,0.3421577832527931,37.03193557419328,19.19158725178513,30.98498073998005,,43.207038951364964,32.927499999999995,22.647961048635025,16121849.8,13932961.85,1.5563797772139025,38.846109997795686
2026-04-30,2342,32.55,34.85,32.5,33.6,6981784.0,236008700.0,32.13,32.0,30.607500000000005,31.215833333333332,31.279583333333335,27.132291666666667,53.6585365853659,75.29411764705884,0.5708791166374212,0.24732074785303212,0.32355836878438904,26.557830606560213,18.748068807229888,11.69388941877847,,33.852621845089025,30.607500000000005,27.362378154910985,3441879.6,2007769.8,2.0284800200448614,33.80349492336056
2026-04-30,2344,94.2,94.6,88.8,89.8,116065273.0,10532859195.0,92.02000000000001,90.31,91.26,100.65666666666667,77.57833333333335,48.19375,47.530864197530875,44.164037854889585,-2.294357757327461,-2.943507355025794,0.649149597698333,21.290847768390172,28.74195643515686,17.890534756415374,,96.75924396717447,91.26,85.76075603282554,171705884.0,156621501.7,0.6759539643964676,90.74944574506794
2026-04-30,2345,2225.0,2315.0,2215.0,2280.0,3775578.0,8579401800.0,2220.0,2164.5,1973.0,1552.1666666666667,1290.625,1038.4645833333334,58.163265306122454,71.92118226600985,187.3356450982294,175.23123797350067,12.104407124728738,35.50356401387052,10.045177539387732,45.299387379872144,,2436.072121244289,1973.0,1509.927878755711,4881453.6,4656653.35,0.7734536286486469,2272.341294498485
2026-04-30,2347,82.3,83.3,82.1,82.5,3801688.0,314587752.0,82.2,83.0,81.69000000000001,73.16,66.45166666666667,66.73083333333334,41.1764705882353,60.81081081081083,2.0565547311162646,2.5401132758296954,-0.48355854471343074,25.342056441207077,18.39084514709512,32.28394675332392,,85.90670861916541,81.69000000000001,77.47329138083461,5294215.8,5595279.6,0.7180833089576741,82.74949233077517
2026-04-30,2348,72.8,72.8,71.1,71.1,349846.0,25112345.0,72.26,74.42999999999999,76.53999999999999,76.93833333333333,80.2025,93.89166666666667,9.8591549295775,28.8888888888889,-1.4320040633430864,-0.7047039669177256,-0.7273000964253608,19.3779434180841,30.055362680349155,20.01301885526987,,82.31231140423745,76.53999999999999,70.76768859576254,304465.6,336372.0,1.1490493507312485,71.78114084482887
2026-04-30,2349,12.7,12.75,12.35,12.45,2919151.0,36504861.0,12.6,13.065000000000001,13.1925,13.671666666666669,12.087583333333333,11.306833333333334,4.166666666666586,35.593220338983,-0.23159484755001003,-0.11732872389091129,-0.11426612365909875,19.58506454128073,26.491998163504675,11.84190751970752,,14.122850811027035,13.1925,12.262149188972966,2900884.0,3910412.8,1.0062970460039078,12.505300685027942
2026-04-30,2351,152.0,160.0,151.0,154.0,10072980.0,1558317926.0,149.1,148.4,132.155,102.42833333333334,92.0875,83.595,28.57142857142857,70.66666666666667,14.357510536386428,13.53654098825826,0.8209695481281685,38.56186568493468,9.467309668118922,51.57942624930536,,169.90216301643625,132.155,94.40783698356375,10338698.2,10587347.9,0.974298679112231,154.7027717716108
2026-04-30,2352,24.45,24.45,23.9,23.9,2651259.0,63843482.0,24.2,24.9,24.46,24.605,26.928749999999997,27.21875,13.7931034482759,48.45360824742266,0.010845140888456228,0.09371834472407164,-0.08287320383561542,21.802375711976133,22.75870154603395,13.638701208532654,,26.142917266628313,24.46,22.77708273337169,3921335.4,4563753.3,0.6761112553646903,24.080439519488667
2026-04-30,2353,27.35,28.05,27.35,27.6,21657038.0,601998676.0,27.410000000000004,27.845,27.590000000000003,26.960833333333333,27.97375,30.15,31.578947368421083,55.00000000000003,0.09656283640794072,0.17966258132764987,-0.08309974491970915,26.765684647200416,18.7149445350226,17.326363283189075,,28.696725849188457,27.590000000000003,26.48327415081155,17256950.0,21437425.95,1.2549748362254047,27.796907222492752
2026-04-30,2354,50.8,52.8,50.8,51.8,8679752.0,451981450.0,51.239999999999995,51.870000000000005,51.525,55.09,61.12583333333334,62.525416666666665,21.428571428571388,58.25242718446599,-0.6322648720448001,-0.8073987229140205,0.1751338508692204,24.17281515702817,19.42443189208199,16.939683012090914,,53.53327236567846,51.525,49.51672763432154,5219857.6,6403568.8,1.6628331010409174,52.07308342450337
2026-04-30,2355,50.5,52.8,50.4,51.2,11581503.0,597479807.0,52.36,52.339999999999996,52.23,44.19833333333334,38.46416666666667,35.90166666666667,33.33333333333336,43.076923076923094,1.6409034942681089,2.2145045777769474,-0.5736010835088385,19.51995512472811,17.83396997140873,26.934019995091052,,54.683011039086296,52.23,49.7769889609137,18219497.0,27142446.85,0.6356653534397794,51.58914235915667
2026-04-30,2356,46.45,46.65,45.8,45.9,15146613.0,699654537.0,46.67,46.709999999999994,44.9625,44.204166666666666,44.19583333333333,43.04354166666667,33.02752293577983,58.69565217391303,0.9373920769637039,0.8726428216760699,0.06474925528763398,28.80309825618335,18.40678111923769,21.005466993060082,,49.37454988758346,44.9625,40.550450112416534,28293064.4,24497199.0,0.5353472068582292,46.19214454082903
2026-04-30,2357,585.0,590.0,581.0,581.0,3074874.0,1797021664.0,586.0,594.0,582.55,550.3583333333333,596.7041666666667,613.3604166666667,8.823529411764696,51.94805194805195,8.327729273584055,10.464553946463871,-2.1368246728798166,23.538121069561484,19.482434102858274,14.038708071081327,,614.559702476454,582.55,550.5402975235459,3284803.4,3761409.85,0.936090726160354,584.4212361221955
2026-04-30,2359,114.5,124.5,114.5,119.0,6495003.0,784331831.0,114.0,114.4,112.975,120.43333333333334,125.85833333333333,132.02708333333334,54.34782608695652,62.31884057971015,-0.49210151676635405,-1.3712214077911218,0.8791198910247677,29.46679103325151,20.072044269909885,13.768763757869149,,119.80739189063803,112.975,106.14260810936196,3135214.0,1659577.5,2.071629879172522,120.75927155075986
2026-04-30,2360,2115.0,2155.0,2085.0,2120.0,3995528.0,8492878125.0,2017.0,2038.5,1912.0,1428.4333333333334,1080.2416666666666,742.9145833333333,63.63636363636363,65.02242152466367,152.28529112405795,163.9952443415651,-11.709953217507149,31.646228023116446,8.747907866958982,55.10032436074377,,2294.517973433924,1912.0,1529.4820265660758,3948038.6,4727737.0,1.0120286057993455,2125.5959475193267
2026-04-30,2362,38.65,38.75,38.35,38.5,367395.0,14160449.0,38.52,38.635000000000005,38.442499999999995,38.45083333333333,39.510416666666664,42.3875,28.57142857142847,48.235294117647065,0.0637156101686287,0.049386644054103944,0.014328966114524756,17.90327976329584,17.846891707264,6.653441655628271,,39.363754865014066,38.442499999999995,37.521245134985925,393002.8,534514.45,0.9348406678018579,38.542846255392696
2026-04-30,2363,53.9,54.9,52.0,52.0,10426327.0,555692377.0,52.879999999999995,54.54,51.31,51.229166666666664,51.946666666666665,51.587916666666665,15.315315315315317,59.795918367346935,0.9167873223781484,0.9574661944940022,-0.04067887211585375,27.110464131018052,18.317022482145486,22.37933959090913,,59.25935283694864,51.31,43.36064716305136,9125812.8,12177042.2,1.1425094102302864,53.29704094260615
2026-04-30,2364,65.1,65.1,63.0,63.0,76164.0,4860126.0,63.75999999999999,64.1,63.75,63.49166666666667,66.84166666666665,76.50333333333333,17.64705882352915,46.000000000000014,0.24043556388972576,0.2730602653002782,-0.03262470141055246,23.71358342693677,15.261374921938808,25.73149370742167,,66.13989099068218,63.75,61.360109009317824,119946.4,213643.95,0.6349836260196221,63.81132818654483
2026-04-30,2365,36.3,38.0,35.75,35.9,9255024.0,340371605.0,35.489999999999995,35.345,33.8375,35.06333333333334,36.127500000000005,37.47708333333333,51.1111111111111,69.03765690376568,0.5753020576039276,0.2196302817039737,0.3556717758999539,27.160038766889993,16.182203735900963,18.63021557575025,,37.87989051213865,33.8375,29.795109487861346,14720980.4,8031171.25,0.6286961702632251,36.776955413621835
2026-04-30,2367,57.1,60.3,56.0,57.7,46158597.0,2697950840.0,58.42,62.54,67.92,60.25916666666667,43.09291666666666,34.523125,16.993464052287592,23.052959501557623,-2.2646577781371064,-0.229994170905301,-2.0346636072318054,13.09167382623797,28.75131738712827,31.355910944640474,,81.26049632154955,67.92,54.57950367845044,50364143.2,72103940.95,0.9164972154236906,58.44958502529875
2026-04-30,2368,1360.0,1410.0,1320.0,1390.0,4979385.0,6848070865.0,1390.0,1307.5,1178.55,919.6,713.4291666666667,512.9416666666667,76.92307692307693,80.61224489795919,128.5213354740065,114.37761703137254,14.143718442633954,35.8713694821122,10.442614836092527,59.02761482286855,,1502.0658663643462,1178.55,855.0341336356537,7007422.8,6876894.8,0.7105872076107639,1375.284470873411
2026-04-30,2369,30.4,30.8,29.55,29.55,6553599.0,196908451.0,30.089999999999996,30.49,30.555,28.484166666666667,24.73125,19.952291666666667,31.355932203389827,44.489795918367356,0.22979680910927058,0.500939041727919,-0.27114223261864845,23.707529071017262,20.5768013212373,20.2083360786331,,32.84752790834202,30.555,28.262472091657973,11246461.8,15581869.85,0.5827254043578398,30.04584976895901
2026-04-30,2371,31.3,31.7,30.2,30.2,15340133.0,469226154.0,30.43,31.1,31.484999999999996,33.71666666666667,34.33541666666667,37.148125,29.68750000000003,38.19444444444446,-0.6369402138979723,-0.5846200823396616,-0.05232013155831072,19.621238165267286,21.202844242780603,15.298058396025887,,33.19660128165542,31.484999999999996,29.773398718344573,14169733.6,17141522.65,1.0825985465245445,30.588141184955827
2026-04-30,2373,57.5,57.8,57.0,57.1,43221.0,2476000.0,57.160000000000004,57.63000000000001,57.185,56.08666666666667,56.57666666666667,58.08166666666667,32.142857142857125,51.85185185185188,0.3169252640984226,0.41115226613592054,-0.09422700203749795,27.339951820331247,20.282738241617068,24.235679340895036,,58.643586193616,57.185,55.726413806384,35890.2,43907.3,1.2042563150943713,57.28696698364221
2026-04-30,2374,75.0,81.3,74.5,78.4,30274390.0,2382972012.0,73.74,73.52,71.57000000000001,75.47666666666666,78.94166666666666,69.39916666666666,59.09090909090912,71.28205128205131,0.5719345964521096,-0.21871371695998826,0.7906483134120978,35.17264460542246,16.58716959861344,15.014829177379644,,77.56231086257155,71.57000000000001,65.57768913742846,12253574.8,6505505.2,2.4706577871463273,78.71246991268858
2026-04-30,2375,88.2,89.9,85.0,85.0,3765002.0,328469912.0,84.08,85.21,82.655,85.61666666666666,87.50500000000001,72.62041666666666,47.894736842105274,60.289855072463766,0.7485580541128627,0.34039297636201704,0.40816507775084565,29.061921267833185,22.09866279437342,18.484741117049552,,93.16964642647079,82.655,72.14035357352921,4569539.2,4151444.25,0.8239347197196601,87.24295817107135
2026-04-30,2376,273.0,280.0,271.0,273.0,5636066.0,1554393746.0,278.0,279.9,266.35,244.25,255.44583333333333,260.37291666666664,31.818181818181827,57.66423357664233,10.471658721239464,11.254610244502022,-0.7829515232625575,27.635684837070603,19.50251773627404,27.60438156568348,,306.8405447052308,266.35,225.85945529476925,6333128.8,9692423.05,0.889933898075782,275.79409928840437
2026-04-30,2377,100.5,101.0,97.1,97.7,15980140.0,1579499686.0,96.72,95.65,92.67999999999999,93.20666666666668,100.22166666666666,120.02958333333332,50.71428571428573,63.63636363636366,1.562731275025243,0.6893410625773743,0.8733902124478686,36.89220373903297,14.266402400381303,21.908627367102607,,100.26102895391124,92.67999999999999,85.09897104608875,16156494.2,10472339.4,0.9890846245592068,98.84141728420401
2026-04-30,2379,545.0,556.0,535.0,537.0,2851421.0,1548143614.0,548.6,547.2,529.125,499.1333333333333,510.425,524.1541666666667,29.729729729729726,59.47712418300654,15.641945387944702,15.423996703618656,0.2179486843260463,26.850249807938514,17.51272487855575,35.07822359554321,,576.3087115070333,529.125,481.9412884929667,2948161.2,3514814.45,0.9671862583362131,542.9375788422685
2026-04-30,2380,5.54,5.62,5.54,5.62,454071.0,2551036.0,5.176,5.197,5.258,5.323499999999999,5.340999999999999,4.826958333333334,75.60975609756096,66.91176470588235,-0.0862330479378901,-0.0966256129056962,0.010392564967806092,35.92075156198381,28.360965076365503,13.185550092190558,,5.680105000656216,5.258,4.835894999343784,260190.8,311478.95,1.745146254210372,5.618143418099812
2026-04-30,2382,320.0,321.0,312.0,312.5,18917525.0,5975404272.0,320.8,325.3,316.4,292.9166666666667,290.01666666666665,277.05625,14.285714285714292,44.943820224719104,7.931871159056129,9.58754785978465,-1.6556767007285202,26.590558938299463,20.5504646571915,26.630982859548123,,345.43283078099415,316.4,287.3671692190058,16307205.8,23110639.25,1.1600715188128674,315.866069795071
2026-04-30,2383,4550.0,4660.0,4485.0,4545.0,3472525.0,15926701156.0,4513.0,4233.0,3762.25,2703.0,2029.1666666666667,1462.1541666666667,70.16806722689076,76.84964200477327,487.3359647742309,445.3831627437174,41.95280203051351,40.83099186742628,11.352181149052576,59.75856738762481,,4946.908400685952,3762.25,2577.5915993140475,4325195.6,3498720.3,0.8028596440817614,4586.489991000784
2026-04-30,2385,123.0,126.0,123.0,123.5,2563853.0,319024563.0,123.5,124.1,123.8,121.6,123.58333333333333,134.0875,41.1764705882353,47.368421052631575,0.409328439496889,0.6310333666911645,-0.22170492719427548,21.45175510791371,19.250912078944555,10.735425521399991,,127.2701736646919,123.8,120.3298263353081,3622696.2,3836305.8,0.707719570854437,124.431690506437
2026-04-30,2387,40.9,40.9,40.5,40.5,301574.0,12251301.0,40.91000000000001,41.045,40.4325,40.641666666666666,40.622083333333336,44.12083333333333,13.33333333333347,49.13793103448275,-0.07277878579907338,-0.09033773643462906,0.01755895063555568,21.624939916702424,25.474956535444708,16.57748473530652,,42.153355050627205,40.4325,38.71164494937279,441604.2,756255.1,0.6829056426546668,40.62452665017541
2026-04-30,2388,72.1,78.6,71.7,78.6,21343602.0,1649471430.0,75.42,73.75,64.47,55.982499999999995,55.068333333333335,59.845416666666665,46.46464646464645,75.98343685300206,6.353038245951822,5.356655536716833,0.9963827092349895,34.71650121239816,16.51208586462434,39.97548921990592,,85.47016040039003,64.47,43.46983959960997,23481825.2,15028135.5,0.9089413543543455,77.28177418225846
2026-04-30,2390,9.98,9.98,9.74,9.78,442742.0,4358379.0,9.940000000000001,10.055,10.087499999999999,10.217833333333333,10.003916666666667,10.395166666666665,15.94202898550735,37.09677419354839,-0.07405158060755745,-0.04152814331346037,-0.03252343729409708,16.400365253654133,24.681029331435848,14.008675123222686,,10.348580749758902,10.087499999999999,9.826419250241095,559669.2,506580.1,0.7910780153705083,9.844060423452033
2026-04-30,2392,38.1,38.15,36.9,37.0,1246025.0,46582689.0,37.1,37.760000000000005,36.2375,37.49,,,33.73493975903612,61.06870229007633,0.242245921437366,0.0860821843477038,0.1561637370896622,28.47007974541364,22.08128276951179,19.55565016856722,,40.222059012779425,36.2375,32.25294098722057,1619597.6,2800312.0,0.7693423354047944,37.38503561325014
2026-04-30,2393,72.3,73.2,70.4,71.1,3702775.0,265053409.0,70.24,71.72,70.935,63.67,60.29833333333333,66.64,33.33333333333333,55.303030303030276,1.4988364612547826,2.0993733055482227,-0.60053684429344,33.545060339683744,19.1126348715295,35.11966673106916,,74.66949073538014,70.935,67.20050926461987,2773405.8,2700526.95,1.3351003304312699,71.58236970920458
2026-04-30,2395,367.0,369.5,357.5,359.5,3072034.0,1111238984.0,361.9,362.1,351.5,325.7916666666667,314.4125,326.1479166666667,47.27272727272727,60.97560975609756,8.955513522264766,9.081318570879365,-0.1258050486145983,29.242592504933086,19.61848359165437,27.864592927192092,,378.8380398173092,351.5,324.1619601826908,2903764.8,2815556.15,1.0579486327542782,361.7274366104021
2026-04-30,2397,56.8,57.0,56.5,56.5,112341.0,6375032.0,56.779999999999994,58.06,57.81,58.45333333333334,61.854166666666664,64.56041666666667,24.489795918367378,38.793103448275865,-0.08903737131684153,0.13037082150393572,-0.21940819282077725,19.03061437669926,26.33394930214979,18.121047797964422,,62.09161307526682,57.81,53.528386924733184,158593.2,203097.45,0.7083595009117667,56.747153755084966
2026-04-30,2399,42.7,43.4,41.7,42.45,20084036.0,857361578.0,42.39,40.72,37.685,29.865000000000002,26.185833333333335,22.505,63.473053892215574,66.94045174537987,3.3880594071896084,3.1536941704847004,0.23436523670490805,29.637304710880645,12.616444178194792,41.24830633708827,,45.23079701765007,37.685,30.139202982349936,28801879.4,22629360.6,0.6973168563437565,42.68870948050481
2026-04-30,2401,23.5,24.5,23.35,24.1,5921473.0,142825965.0,23.87,24.3,22.5,21.730833333333337,21.570416666666667,21.260416666666668,36.19047619047618,69.68325791855204,0.8405557926700808,0.7796999145224174,0.06085587814766347,27.951043610187465,19.331064776377787,24.729653705547236,,26.805076562678597,22.5,18.194923437321403,8173040.0,8275724.1,0.7245129107406791,24.120006120098832
2026-04-30,2402,68.9,70.4,67.7,70.2,11052692.0,768485506.0,69.62,72.87,67.09,58.825,55.36291666666667,49.10583333333333,18.09523809523803,64.30868167202573,4.069250584414249,4.656058742386532,-0.5868081579722828,32.91410015425142,19.752258577918212,29.86045485391815,,84.74588018942035,67.09,49.43411981057966,13142299.8,30385679.9,0.8410013595946122,69.52926092575456
2026-04-30,2404,960.0,963.0,945.0,950.0,3019950.0,2873945085.0,967.2,986.1,940.4,950.75,901.7,805.7854166666667,17.948717948717942,54.878048780487795,10.28394906845574,9.346266852045424,0.937682216410316,23.603016209194067,24.619780603110467,11.027128218290832,,1055.0094512498406,940.4,825.7905487501594,3388443.0,4469589.0,0.8912500520150405,951.6532012119405
2026-04-30,2405,15.1,15.2,14.95,14.95,1004802.0,15116778.0,15.059999999999999,15.469999999999999,15.420000000000002,16.041666666666668,17.177083333333332,17.165,0.0,47.05882352941176,-0.1786419268520465,-0.12594281497204782,-0.05269911187999868,21.644740559910996,24.356408059338094,15.399360055790988,,16.204990781038884,15.420000000000002,14.63500921896112,1323558.2,1705343.7,0.7591672206027661,15.044534147025981
2026-04-30,2406,30.6,31.2,30.1,30.55,4933283.0,150664586.0,29.78,31.32,31.660000000000004,31.284166666666668,26.1525,20.454791666666665,33.05084745762716,42.040816326530624,-0.6198021942744347,-0.27490985921199795,-0.3448923350624368,22.297252607526456,22.588000134428494,22.224164957472084,,34.88679570569844,31.660000000000004,28.43320429430157,5192240.6,9706182.65,0.9501260399989939,30.54043037871535
2026-04-30,2408,239.5,240.0,214.5,215.5,125666192.0,28127647083.0,224.1,218.45,215.775,239.51666666666668,185.36583333333334,115.87916666666666,47.368421052631575,50.22026431718062,-1.9679380466302234,-4.636610617676772,2.6686725710465486,27.68109511317861,27.608144669194264,11.189483082811783,,235.81568230795867,215.775,195.73431769204134,132507188.0,106736299.9,0.9483726422448872,223.82827581025134
2026-04-30,2409,17.5,17.6,16.95,17.2,107364483.0,1848269219.0,17.25,18.055,18.105,15.81,14.046249999999999,13.348749999999999,13.513513513513644,43.06569343065694,0.3738505535722929,0.6990285195865689,-0.32517796601427595,27.333733029525924,20.889491795443156,32.039846654107166,,20.763828392554085,18.105,15.446171607445915,145725801.8,370979700.1,0.736756852073124,17.214903544964677
2026-04-30,2412,136.0,137.0,135.5,136.0,9821487.0,1336283081.0,136.4,136.6,135.7,134.44166666666666,133.08333333333334,132.49166666666667,42.857142857142854,52.94117647058823,0.5425389034415389,0.5570257844487737,-0.01448688100723483,20.355381908220902,16.496430127889905,16.49232977607802,,138.04857179445077,135.7,133.3514282055492,12749562.8,10102106.55,0.7703391209618575,136.05710428573596
2026-04-30,2413,45.0,45.3,43.25,43.55,1457122.0,64375152.0,44.25,46.945,48.8275,47.88666666666667,36.06666666666667,27.534375,15.384615384615415,22.314049586776846,-1.3908314591982816,-0.4370308237020888,-0.9538006354961928,15.42760574347021,28.9564104992619,17.963111861958517,,55.21980417232978,48.8275,42.43519582767022,1697790.2,3087136.7,0.8582462073346872,44.1796582578535
2026-04-30,2414,45.75,45.8,45.45,45.7,123083.0,5622104.0,45.69,45.685,44.8375,42.85583333333333,42.31916666666666,41.91458333333333,24.242424242424278,60.86956521739131,0.7672261035018835,0.7947153627710165,-0.027489259269133037,26.180743374139155,16.75514121301356,23.054183132660484,,47.18335300387579,44.8375,42.49164699612421,130529.2,228438.4,0.942953760537872,45.67733968135323
2026-04-30,2415,27.25,27.25,26.6,26.6,182388.0,4894026.0,26.85,27.74,28.577500000000004,27.785,26.550833333333337,25.456458333333334,15.384615384615387,28.723404255319124,-0.43073156761714415,-0.10340915163035726,-0.3273224159867869,14.579970267904221,31.565058022784147,24.175813058787355,,30.979357833559618,28.577500000000004,26.17564216644039,218269.8,278908.35,0.8356080410574437,26.83304822685703
2026-04-30,2417,47.1,47.15,44.7,47.15,11980273.0,557291505.0,41.64,41.745,40.295,38.25666666666667,38.22208333333333,39.024375,68.5483870967742,71.9242902208202,1.5629116929407019,1.2177575207613809,0.345154172179321,44.85025590831302,18.540562252563035,26.936869511606638,,45.98820000665624,40.295,34.60179999334376,3196899.0,1821701.0,3.7474668420866597,46.517429527691064
2026-04-30,2419,30.75,31.0,30.2,30.25,1605364.0,48998818.0,30.869999999999997,32.8,34.089999999999996,31.06583333333333,27.230000000000004,24.788333333333334,14.38848920863309,31.935483870967744,-0.25372818750778947,0.5323728520700491,-0.7861010395778386,21.386693386719998,25.479423814494485,29.336938012102696,,38.79594249187572,34.089999999999996,29.384057508124272,2773649.0,12595856.05,0.5787913322846546,30.521936458024474
2026-04-30,2420,54.3,55.3,54.3,54.7,181803.0,9991121.0,54.839999999999996,55.14,53.95,52.2875,51.467083333333335,52.935208333333335,31.034482758620825,66.17647058823533,0.8088892726482584,0.8866783035507233,-0.07778903090246492,24.65896251019789,16.961818518356157,24.521392611118294,,57.387563396545495,53.95,50.51243660345451,188120.8,315581.4,0.9664162601902608,54.95575430548451
2026-04-30,2421,149.0,149.0,145.0,145.0,3501196.0,515019478.0,144.5,144.95,140.175,144.18333333333334,148.40833333333333,128.13333333333333,44.444444444444436,56.896551724137936,1.46104719343802,0.8105995988604336,0.6504475945775864,25.45891941367482,19.302222973723115,11.277852994694925,,155.3278180460555,140.175,125.02218195394451,3415653.4,4758383.6,1.0250442858165878,147.09815674415256
2026-04-30,2423,59.5,59.5,57.2,57.5,296000.0,17185626.0,57.06,57.04,52.910000000000004,51.04083333333333,52.577083333333334,49.53333333333333,34.883720930232556,72.27074235807859,2.40066695370016,1.911316032390024,0.4893509213101359,38.66768209760382,15.867408306932013,32.12952271134071,,62.25888678990849,52.910000000000004,43.56111321009152,280831.4,336739.9,1.0540131908326489,58.0595472972973
2026-04-30,2424,21.9,21.9,21.4,21.6,53327.0,1152474.0,22.14,22.824999999999996,23.6475,30.268333333333334,,,9.195402298850624,35.78431372549021,-1.8066541559086104,-1.9586050735070986,0.1519509175984881,22.011657140822013,25.416160726981918,16.461534611576408,,26.334011139981012,23.6475,20.96098886001899,132877.2,157558.2,0.4013254343107771,21.611453860145893
2026-04-30,2425,30.3,31.1,30.15,30.3,642177.0,19689493.0,29.85,30.109999999999996,29.127500000000005,29.029166666666665,29.329166666666666,32.33541666666667,40.425531914893625,67.85714285714286,0.4502998428982927,0.41747836875010186,0.032821474148190866,29.44002957090054,24.199982132141944,13.13549375567696,,32.752192364441925,29.127500000000005,25.50280763555808,340908.0,472797.85,1.8837252279207293,30.66053907256099
2026-04-30,2426,62.6,64.7,56.0,57.3,64170249.0,3845104576.0,53.56,53.220000000000006,48.885000000000005,31.875,24.391666666666666,20.360625000000002,63.78378378378377,63.29787234042553,5.972553998956222,6.058781045484539,-0.08622704652831725,44.62250496595847,14.440481629802191,47.164852790439,,63.28390712227093,48.885000000000005,34.48609287772908,22589267.8,19519516.25,2.8407405484829393,59.92036240968926
2026-04-30,2427,21.2,21.3,21.0,21.1,522419.0,11043638.0,21.310000000000002,21.735,22.2375,24.375833333333336,25.519166666666663,26.285416666666666,0.0,22.807017543859715,-0.7635910151627421,-0.7393456909700501,-0.024245324192691986,7.969895011594865,35.502507915206486,50.01189793618268,,23.60165580218406,22.2375,20.873344197815943,570210.6,563072.4,0.916186054766432,21.139426399116417
2026-04-30,2428,180.0,180.5,174.0,174.0,956202.0,169527820.0,175.2,178.45,172.625,170.11666666666667,175.9125,156.8125,26.66666666666667,55.68181818181818,2.920221581222961,3.1542803570788434,-0.2340587758558823,23.839383623024645,23.364071510910716,14.790502678853457,,196.602785771966,172.625,148.647214228034,720047.6,1461412.7,1.3279705397254293,177.29289417926339
2026-04-30,2429,54.4,54.4,52.0,52.1,243453.0,12910868.0,55.120000000000005,50.88,45.17999999999999,54.29333333333334,74.40333333333334,73.52270833333334,54.40414507772021,70.11331444759207,1.5904396028463808,-0.2481390734736647,1.8385786763200453,37.159860007599626,21.89165360071326,30.133381597903988,,60.03166657315118,45.17999999999999,30.328333426848808,1599311.0,794188.55,0.15222367632061556,53.03228138490797
2026-04-30,2430,20.35,20.4,19.95,19.95,394553.0,7906666.0,20.52,21.044999999999998,21.41,22.19666666666667,23.07541666666667,24.11895833333333,0.0,6.818181818181898,-0.47460681032024254,-0.33954310518625347,-0.13506370513398908,7.1244031445507545,52.52580098208877,43.65126621463599,,22.548142531079932,21.41,20.271857468920068,188337.2,121682.9,2.094928670491013,20.039553621439957
2026-04-30,2431,11.05,11.05,10.8,10.8,387727.0,4245140.0,10.879999999999999,11.18,11.370000000000001,12.9725,12.615,12.197291666666667,18.18181818181816,39.58333333333334,-0.47448651275658627,-0.4769063952934021,0.002419882536815854,13.947666918133264,29.197309332467174,22.198051436766978,,12.105848954752782,11.370000000000001,10.63415104524722,423423.4,546387.2,0.9156957315065724,10.948786130447454
2026-04-30,2432,27.8,27.9,27.5,27.65,28931.0,800185.0,28.01,28.55,27.942499999999995,26.368333333333332,,,0.0,46.3157894736842,0.4045509131009766,0.5688970837209432,-0.1643461706199666,28.990896157003633,23.42640380503298,34.736650472610066,,29.772735820295686,27.942499999999995,26.112264179704304,50474.4,76648.3,0.5731816524812579,27.65839411012409
2026-04-30,2433,45.35,45.45,45.3,45.35,37103.0,1683867.0,45.510000000000005,45.7,45.69500000000001,46.31583333333334,47.29666666666667,48.594375,33.33333333333333,43.749999999999986,-0.16533572332075153,-0.16550659122268904,0.0001708679019375159,22.309828826168502,18.845213467424465,15.539538585557972,,46.17392423309993,45.69500000000001,45.21607576690008,40535.2,37325.15,0.9153279125303441,45.38358084251947
2026-04-30,2434,29.6,30.0,29.4,29.6,14348.0,425999.0,30.040000000000003,30.05,29.660000000000004,29.725833333333334,30.14,29.53604166666667,25.00000000000007,55.357142857142854,0.13448639250287187,0.1155235838096002,0.01896280869327166,27.116601627518893,22.11933691850556,19.316065347331556,,30.640654990568223,29.660000000000004,28.679345009431785,16564.6,20287.85,0.8661845139635126,29.69047950933928
2026-04-30,2436,70.6,75.2,70.5,72.7,11750839.0,862736536.0,73.82000000000001,73.03999999999999,67.18,59.6725,54.25875,51.546875,34.44444444444446,63.97984886649875,3.8692011505870454,3.623022764317262,0.24617838626978328,30.810333634372572,14.630087049493593,34.11986226688796,,81.14169194994885,67.18,53.21830805005116,18602960.6,15095737.7,0.6316649942267791,73.41914360327803
2026-04-30,2438,22.4,23.0,22.3,22.5,161328.0,3647044.0,22.5,22.65,22.1175,22.053333333333335,22.803333333333335,25.802083333333332,30.76923076923083,68.42105263157895,0.1507988292692346,0.11233472855717272,0.03846410071206188,28.903407289592813,19.701457729661982,18.328819807473636,,23.842326459615393,22.1175,20.392673540384607,153944.0,243464.5,1.0479654939458505,22.606391946841217
2026-04-30,2439,87.9,88.0,85.4,86.0,3871849.0,334191605.0,87.52000000000001,88.05,87.35,91.60166666666667,97.17916666666666,105.37916666666666,31.70731707317077,50.0,-0.24674910438629638,-0.40391260222389,0.15716349783759365,13.57697271525219,27.471088391283665,20.291588303800825,,90.42143031997837,87.35,84.27856968002162,2652008.4,2156717.1,1.4599686034176966,86.31318137664977
2026-04-30,2440,18.7,19.5,18.05,18.25,3254089.0,60697790.0,17.53,16.8,15.752500000000001,15.306666666666667,14.03875,13.712916666666667,76.38888888888883,77.51937984496122,0.8074343098048331,0.48676102173469743,0.3206732880701357,35.53276696316304,9.755470309109397,27.89601261138583,,18.449374409190668,15.752500000000001,13.055625590809335,3009963.2,1114237.1,1.0811059085373536,18.652775016294882
2026-04-30,2441,87.9,88.4,83.7,84.0,12017798.0,1030275458.0,87.84,89.72,90.1,90.19166666666666,80.80166666666666,69.37208333333335,9.150326797385645,37.05882352941176,-0.5482527488645417,0.1791732888463456,-0.7274260377108872,18.132854187372345,21.814228445489533,13.726254039975837,,96.99103154755902,90.1,83.20896845244097,9916558.4,10774190.75,1.211892020925324,85.72913756746452
2026-04-30,2442,18.5,18.5,18.2,18.25,1669604.0,30548663.0,18.410000000000004,18.675,19.4825,20.834166666666665,22.920416666666668,24.19020833333333,39.999999999999964,26.744186046511615,-0.6187739892383419,-0.5303982577117966,-0.08837573152654532,12.16494438729383,28.642831584096996,23.778852806208363,,21.279361298575036,19.4825,17.685638701424967,2563087.8,2712492.4,0.6514033580901911,18.296951253111516
2026-04-30,2444,13.7,13.7,13.2,13.35,403043.0,5393279.0,13.36,13.64,13.0125,13.001666666666667,12.182500000000001,11.934375,25.0,61.79775280898874,0.15353346811289548,0.13869264315968302,0.014840824953212456,21.226017603008497,16.482016253061712,22.320611736457227,,14.419203874123143,13.0125,11.605796125876855,596967.2,761812.35,0.6751509965706659,13.38139851082887
2026-04-30,2449,287.0,311.0,286.5,302.5,71863037.0,21704401588.0,287.8,283.1,282.075,284.3833333333333,242.00416666666666,177.09,68.75,61.36363636363636,1.4433456688269075,-0.0959281864862825,1.53927385531319,30.444465831024143,18.50555436069532,13.226465242444492,,302.99156357002266,282.075,261.1584364299773,39927338.6,29738744.55,1.7998454071767258,302.024552455249
2026-04-30,2450,29.8,29.8,29.55,29.6,206235.0,6111589.0,29.810000000000002,29.97,29.8225,29.41916666666667,29.18166666666667,29.8625,34.375000000000014,44.00000000000005,0.10842376622369798,0.15856348335587522,-0.05013971713217724,22.488939295930752,23.772018622018646,16.819524367113765,,30.584405505951498,29.8225,29.060594494048505,161631.8,182907.25,1.2759555978464634,29.63410187407569
2026-04-30,2451,270.0,270.5,252.0,252.5,15418045.0,3968421576.0,259.3,257.95,249.35,236.98333333333332,195.87083333333334,148.4316666666667,33.66336633663367,57.05882352941176,5.971262282118431,5.676882018398641,0.2943802637197903,28.080295837609743,19.259719075459408,15.120545468599293,,272.75962465132204,249.35,225.94037534867795,12929368.4,8889674.9,1.1924824572250567,257.3881173650745
2026-04-30,2453,53.8,55.0,53.1,53.5,357470.0,19299779.0,53.5,54.17,53.825,54.07333333333334,55.06916666666667,57.37708333333333,19.999999999999957,49.48453608247422,0.03943180256771228,0.13629382545054264,-0.09686202288283036,27.617863970767655,19.896121553951932,15.06905949362126,,55.99549594138638,53.825,51.654504058613625,280278.2,375683.35,1.275411359142452,53.98992642739251
2026-04-30,2454,2665.0,2685.0,2565.0,2610.0,17532158.0,45996897710.0,2534.0,2309.5,1962.5,1772.9166666666667,1548.9583333333333,1450.1041666666667,78.37837837837839,89.05660377358491,244.35345294303647,162.27053540061215,82.08291754242433,48.97959407353568,5.289044318419565,46.504611046373014,,2790.58275711524,1962.5,1134.41724288476,20705401.2,16289345.15,0.8467432159682083,2623.573076970901
2026-04-30,2455,321.0,347.5,321.0,347.5,24628405.0,8458098572.0,327.8,333.3,307.8,233.14166666666668,189.80416666666667,157.56458333333333,40.86021505376344,61.74334140435835,25.698100236389394,27.270080907613842,-1.5719806712244484,32.27758478831175,13.909350284215835,45.62290933757609,,368.6470039914614,307.8,246.9529960085386,15200618.4,13466239.7,1.6202238851019377,343.4285968579776
2026-04-30,2457,23.95,24.3,23.75,23.95,1719906.0,41332497.0,23.96,24.57,24.494999999999997,27.574166666666667,28.00166666666667,25.66645833333333,9.090909090909065,51.64835164835163,-0.7228768231925216,-0.781137997344696,0.058261174152174466,16.175997753694116,24.664713569300982,20.57306138459227,,25.675499448272017,24.494999999999997,23.314500551727978,1994531.6,2509058.8,0.8623107299979604,24.031834879348057
2026-04-30,2458,134.5,136.5,133.5,136.5,1854138.0,251439317.0,135.9,136.55,134.1,127.93333333333334,128.05833333333334,126.94166666666666,33.33333333333333,61.11111111111111,1.872886623960028,2.1408087676946503,-0.2679221437346224,20.3212679687927,17.505617999835245,16.41634912388807,,143.0124395620593,134.1,125.18756043794068,2758402.2,3785008.85,0.672178263198891,135.60981814730079
2026-04-30,2459,66.7,67.1,66.7,66.7,147420.0,9856344.0,67.22,67.29,66.47999999999999,66.24833333333333,65.6625,63.885416666666664,41.93548387096773,53.06122448979596,0.36574524645945417,0.34299865058578793,0.02274659587366623,18.01362704827302,14.383209432464291,16.150551310926954,,68.63367494981819,66.47999999999999,64.3263250501818,162322.8,135990.5,0.9081903466426159,66.85893365893367
2026-04-30,2460,37.15,37.15,35.7,35.8,1993819.0,71721278.0,37.7,37.785,34.14,27.181666666666665,22.373333333333335,20.20854166666667,24.647887323943664,61.94029850746268,3.1028901910333886,3.2733380963202343,-0.17044790528684572,29.818014060314983,17.86650474939159,38.037613605354906,,44.082974245269966,34.14,24.19702575473003,3258673.2,2878126.35,0.6118499394170609,35.97180987842928
2026-04-30,2461,16.9,16.95,16.65,16.85,500497.0,8389244.0,17.06,17.345,17.625,16.713333333333335,16.117916666666666,16.446666666666665,16.666666666666657,32.65306122448979,0.013311756943071629,0.16943465760728463,-0.156122900664213,19.12421926614315,17.096011454927755,16.350566703200702,,18.640407618436623,17.625,16.609592381563377,711770.6,1027967.6,0.7031717803460834,16.76182674421625
2026-04-30,2462,21.8,21.8,21.0,21.1,393239.0,8360700.0,21.759999999999998,22.325,22.07,23.324166666666667,23.21333333333333,22.869374999999998,0.0,43.010752688172055,-0.28538109848290816,-0.23228898626255703,-0.05309211222035112,21.56522432526807,31.795793608208307,16.31419835604757,,23.250276506408134,22.07,20.889723493591866,346975.4,367574.6,1.133333948170389,21.26111601341678
2026-04-30,2464,112.0,118.0,111.5,113.5,30874543.0,3543610145.0,104.64000000000001,95.38,82.585,74.03500000000001,68.35583333333334,65.11854166666667,74.19354838709677,81.67613636363636,9.82596743166161,6.012149717059112,3.8138177146024983,42.35553543370419,6.753823206132191,38.47977417355042,,114.2145847519207,82.585,50.95541524807929,35590625.6,16143135.8,0.8674908765863334,114.77449706704971
2026-04-30,2465,73.0,75.0,70.1,74.0,4358783.0,318833289.0,69.97999999999999,68.39,63.08,57.82833333333333,59.686666666666675,59.170833333333334,63.366336633663366,75.91240875912408,4.04771936848028,3.1425529806067414,0.9051663878735385,37.0512141202202,11.58249766823926,33.89426971043184,,75.94522853520931,63.08,50.214771464790694,2101339.2,2017335.15,2.0742881491955223,73.14731864375905
2026-04-30,2466,59.0,59.1,57.2,57.7,423595.0,24590356.0,55.660000000000004,58.15,58.4375,56.45666666666667,56.745,69.75375000000001,46.456692913385844,47.666666666666664,0.6779086225717421,1.2685983285761622,-0.5906897060044201,27.72641284446225,24.352390625379723,18.4424613906334,,69.17870815511921,58.4375,47.69629184488079,453026.0,1262602.0,0.9350346337737789,58.05157284670499
2026-04-30,2467,566.0,609.0,556.0,609.0,5898109.0,3497712424.0,548.3,555.65,518.1,376.65833333333336,285.1666666666667,220.53333333333333,52.7906976744186,59.10326086956522,47.67771526432324,49.86923401954446,-2.1915187552212174,36.482736452450354,15.643109466322066,46.63173397944244,,642.3771097185637,518.1,393.82289028143634,2700842.4,3280728.6,2.1838034681327576,593.0226830328161
2026-04-30,2468,34.2,34.2,33.5,33.5,149691.0,5066332.0,33.7,34.295,34.239999999999995,36.72083333333333,41.05,51.150416666666665,10.204081632653057,47.82608695652174,-0.6690569236754556,-0.662962344442922,-0.006094579232533537,18.068140565268187,24.028189956988196,11.455973797799224,,35.62054146510257,34.239999999999995,32.85945853489742,226258.2,284489.6,0.6615937013553541,33.84526791857894
2026-04-30,2471,52.4,53.8,52.2,52.6,160224.0,8485779.0,52.120000000000005,52.79,52.375,51.5675,50.880833333333335,53.33479166666667,31.034482758620655,51.96078431372549,0.23048598353957317,0.3450786067409056,-0.11459262320133246,28.568055187800766,22.558999391091145,10.883050354943434,,54.514232523470135,52.375,50.235767476529865,190450.6,229041.35,0.8412890271808017,52.9619719892151
2026-04-30,2472,180.5,181.5,174.0,176.5,2759541.0,490775433.0,174.1,178.2,165.5,131.55,115.905,96.78125,35.294117647058826,68.38709677419354,12.710358315105282,14.09418261946803,-1.383824304362749,34.80704019676786,16.192726812648182,42.01105869599893,,205.34311338500592,165.5,125.65688661499408,3410415.6,5375497.2,0.8091509433630317,177.84676255942566
2026-04-30,2474,215.5,217.0,208.0,209.0,7164622.0,1507905297.0,221.0,218.05,205.825,198.85,196.63333333333333,201.50833333333333,48.717948717948715,58.252427184466015,7.536718696229542,6.563886157130991,0.972832539098551,30.804686908472124,16.906725890005152,36.53055904373099,,234.34696752643353,205.825,177.30303247356645,8431861.2,5637596.4,0.8497082470949594,210.46543655757415
2026-04-30,2476,116.0,118.0,114.5,117.0,3675720.0,428377494.0,118.7,119.1,108.245,92.185,93.425,86.94166666666666,39.99999999999999,68.5466377440347,8.287505366485831,8.369035159953265,-0.08152979346743372,33.02843738278532,17.532775856497075,39.7537078180996,,134.4142044807988,108.245,82.07579551920122,7178630.4,7211700.7,0.5120363906741876,116.54247167901799
2026-04-30,2477,21.25,21.25,20.9,20.95,322836.0,6779874.0,21.37,22.83,23.34,24.000833333333333,23.87208333333333,23.040208333333332,5.263157894736821,21.212121212121204,-0.6790264904623875,-0.3336234639586263,-0.3454030265037612,15.579197162236088,37.68244915689855,18.600680260332968,,25.76435015709635,23.34,20.91564984290365,390199.0,298679.8,0.827362448391718,21.000985020257964
2026-04-30,2478,70.4,71.9,68.2,68.4,2194907.0,153384531.0,67.6,70.28,67.285,65.53333333333333,61.917500000000004,52.820625,33.33333333333333,58.66666666666668,1.0325049219128744,1.2851412378528984,-0.252636315940024,28.831815340915455,21.81790661892446,17.294370735712384,,78.67442723018115,67.285,55.89557276981884,1798313.0,2931299.9,1.2205366918884533,69.88201823585236
2026-04-30,2480,144.5,144.5,141.5,143.0,522886.0,74829143.0,140.4,140.25,139.875,141.85,150.2,154.90625,66.66666666666666,54.83870967741936,-0.10858173158985096,-0.5461356143501512,0.4375538827603003,30.372640444202514,18.18844768948998,11.075549013310692,,142.6636046312562,139.875,137.0863953687438,492040.8,298087.55,1.0626882973932243,143.107948960194
2026-04-30,2481,102.0,105.5,100.0,101.0,17478248.0,1789284087.0,100.84,104.62,102.27000000000001,94.07999999999998,88.11916666666666,70.22708333333334,39.6694214876033,50.0,1.7875093393856645,2.759136236808301,-0.9716268974226363,26.027900974705886,18.108501324363115,24.78526526031529,,114.34696371740739,102.27000000000001,90.19303628259263,21514362.6,30658053.95,0.8123990621967113,102.37205050529091
2026-04-30,2482,16.8,17.0,16.8,16.85,125404.0,2114903.0,17.03,17.395,17.1875,17.3325,17.671666666666667,18.414375,0.0,50.0,0.00443477354220434,0.06381178024020723,-0.05937700669800289,22.075998724892965,25.65471444130582,15.49231862191876,,17.96742914658046,17.1875,16.40757085341954,149372.2,198244.15,0.8395404231845015,16.864717233900034
2026-04-30,2483,23.1,23.1,22.3,22.4,167070.0,3751370.0,22.4,22.979999999999997,22.177500000000002,21.028333333333332,20.39375,19.375208333333333,26.66666666666667,57.36434108527131,0.43069635200102496,0.5053725713954914,-0.07467621939446645,29.52247303275783,21.26396019459384,29.457735934890664,,24.274233047787508,22.177500000000002,20.080766952212496,464719.0,260486.3,0.35950757339381434,22.45388160651224
2026-04-30,2484,40.6,40.75,39.4,39.55,1692067.0,67535291.0,39.53,42.660000000000004,37.7975,30.645833333333332,26.064583333333335,23.718541666666667,22.680412371133997,61.23919308357348,3.0403684892484364,3.4601636558984157,-0.4197951666499793,34.47017498323709,24.188331388726795,34.3237441185035,,50.157089288015264,37.7975,25.437910711984735,4085201.6,14780915.95,0.414194246864096,39.91289411116699
2026-04-30,2485,60.7,63.1,58.5,58.7,33268714.0,2008827814.0,60.92,66.05,71.405,56.666666666666664,37.44375,24.757916666666667,11.320754716981128,30.927835051546396,-1.100703579865808,1.729438506014808,-2.830142085880616,17.49942460041636,30.05970062686694,27.251466068162443,,86.53189831497487,71.405,56.278101685025135,28744365.0,38850717.75,1.1573995111737552,60.38188954343111
2026-04-30,2486,258.0,278.0,242.0,270.5,33488505.0,8638178738.0,240.6,223.15,197.0,152.83666666666667,119.12416666666667,98.68416666666667,100.0,87.94642857142857,26.4664436298944,20.38664940379877,6.079794226095629,42.98737916235303,9.882503926043562,39.51741128991045,,266.3541635375992,197.0,127.64583646240075,12438279.8,10441761.25,2.692374310473382,257.9445913754585
2026-04-30,2488,51.4,52.5,51.4,51.8,292644.0,15253245.0,51.339999999999996,51.36999999999999,50.644999999999996,48.10916666666667,46.81499999999999,46.904583333333335,62.49999999999985,59.203980099502445,0.9031068710866705,0.941868819402854,-0.038761948316183514,26.314891065460127,21.01605561277361,18.888782056981686,,52.820437040180146,50.644999999999996,48.46956295981985,200228.4,310453.65,1.4615509088620795,52.1221860007381
2026-04-30,2489,42.0,45.5,41.5,42.1,108916868.0,4709445853.0,39.21,41.33,41.045,32.653333333333336,23.629166666666666,18.872916666666665,43.630573248407636,44.71947194719473,1.4350717837734948,2.1088228134128726,-0.6737510296393778,34.029634158855686,25.073086491675678,21.320678026630706,,49.71787968931113,41.045,32.37212031068887,45238808.2,51680118.55,2.4075980852209984,43.23890265555561
2026-04-30,2491,15.15,15.6,15.15,15.2,190931.0,2925942.0,15.239999999999998,15.825,15.4425,16.81,16.06875,13.681208333333332,15.151515151515142,52.127659574468076,-0.2357905724794236,-0.23566634854194324,-0.00012422393748035,21.624799956796927,24.690408057306414,12.751469883775695,,16.741193675644077,15.4425,14.143806324355925,123972.6,165741.9,1.5401064428752804,15.324604176377854
2026-04-30,2492,134.5,136.5,131.0,131.5,9215847.0,1228649452.0,133.5,138.55,133.825,132.21666666666667,123.53583333333334,102.62875000000001,34.72222222222223,52.23880597014925,1.429131710764068,2.251839843427456,-0.8227081326633878,24.896664726269833,24.43586013979891,16.015907344042066,,157.21927505316518,133.825,110.4307249468348,8526872.8,11685564.4,1.0808003374930137,133.31921113707725
2026-04-30,2493,125.5,126.5,123.0,123.0,1228380.0,153091461.0,123.3,127.65,125.7,115.41166666666666,105.92999999999999,105.7525,39.473684210526315,52.56410256410256,2.928029972770858,4.589969328586338,-1.6619393558154796,23.7948305833269,20.440910497499406,19.98942171042264,,152.23974179860883,125.7,99.16025820139117,2373865.4,3749872.6,0.517459835759854,124.62874761881503
2026-04-30,2495,40.8,41.35,39.7,40.2,5680635.0,229287424.0,40.53,41.805,39.6175,35.281666666666666,30.27875,26.50270833333333,17.692307692307764,58.52417302798982,1.7343015445158443,2.1065618532956476,-0.3722603087798033,25.141993765709884,20.042521950181406,26.094482536939484,,47.829255053131675,39.6175,31.405744946868325,8718726.6,12970410.8,0.6515441142517303,40.36299181341523
2026-04-30,2496,64.8,64.8,64.3,64.6,7156.0,461654.0,64.44000000000001,64.89000000000001,65.515,67.8,67.65333333333334,69.66875,27.272727272727153,14.285714285714434,-0.8662637409886287,-0.8253695221383155,-0.04089421885031319,15.250856609245966,25.620857433982447,22.212022643954104,,67.15435160481505,65.515,63.87564839518496,14619.8,20438.4,0.4894731802076636,64.51285634432644
2026-04-30,2497,56.3,56.5,55.0,55.1,515191.0,28605529.0,56.65999999999999,57.379999999999995,54.975,,,,3.124999999999929,61.16504854368933,2.47365576254208,2.7965025559223675,-0.32284679338028743,27.10606499207327,13.976913964860897,44.47985240078986,,61.73241308334374,54.975,48.217586916656266,736819.6,1059896.4,0.6992091415592093,55.52412406272625
2026-04-30,2498,39.85,40.9,39.85,40.15,6917634.0,279471614.0,39.879999999999995,40.415,40.3025,43.10083333333333,47.655833333333334,46.28270833333333,17.30769230769218,52.63157894736843,-0.5560017950321452,-0.6377495994512626,0.08174780441911744,18.647782476009006,22.81718837824154,14.757068460069073,,41.729854933174764,40.3025,38.87514506682524,6114775.4,6490846.85,1.1312981340246773,40.39988441134642
2026-04-30,2501,23.3,23.5,23.0,23.15,3209432.0,74316262.0,24.48,24.815,24.195,23.30666666666667,23.042916666666667,21.574166666666663,30.172413793103445,47.99999999999999,0.30023617776499023,0.4996417868606086,-0.19940560909561839,22.533079228745528,24.290013331376908,23.087937266442076,,26.63564271086625,24.195,21.75435728913375,7127394.6,4200690.25,0.45029525936448084,23.15558080059026
2026-04-30,2504,35.7,35.75,35.2,35.25,2387124.0,84433828.0,35.480000000000004,35.82,36.032500000000006,36.60666666666667,36.08958333333333,38.046458333333334,11.764705882353098,35.227272727272734,-0.35933385878767865,-0.27563578577754777,-0.08369807301013088,18.245774013157064,24.250658688071812,11.166685393614449,,36.96285081102606,36.032500000000006,35.102149188973954,1995259.8,2257981.2,1.1963975819088821,35.37052453077427
2026-04-30,2505,17.95,17.95,17.7,17.7,466649.0,8287176.0,18.130000000000003,18.475,18.854999999999997,19.054166666666667,18.995416666666667,19.252708333333334,4.166666666666728,9.999999999999972,-0.29082487562655857,-0.15214361045938132,-0.13868126516717724,14.192969034842251,28.68668582708197,16.210677390037223,,19.919696645701514,18.854999999999997,17.79030335429848,509867.2,467095.45,0.915236359585398,17.758906587177943
2026-04-30,2506,8.75,8.89,8.72,8.89,149539.0,1318892.0,8.802000000000001,8.844,8.907,8.988666666666665,9.264583333333333,9.672833333333333,50.0,44.11764705882351,-0.04827326341554539,-0.04029217176463605,-0.007981091650909336,9.080244130085601,16.68790112231816,25.47154666816528,,9.081488726826118,8.907,8.732511273173882,124733.6,129275.15,1.1988670254045422,8.819719270558181
2026-04-30,2509,13.6,13.65,13.5,13.5,149447.0,2024695.0,13.63,13.89,14.0875,14.483333333333333,14.721666666666666,14.486250000000002,8.333333333333172,23.333333333333314,-0.19735729595102924,-0.12952416419091392,-0.06783313176011532,18.929699859169528,30.013285165151355,13.606654461866711,,14.708089702578915,14.0875,13.466910297421085,348086.0,239088.3,0.42933930120717295,13.547913307058689
2026-04-30,2511,7.99,8.0,7.94,7.99,941964.0,7505310.0,7.9879999999999995,8.039000000000001,8.103,8.2,8.433583333333333,8.8915,29.999999999999915,30.769230769230887,-0.050680362116622746,-0.03698376520008638,-0.013696596916536366,14.613328722928854,27.880540841069113,17.447721780359664,,8.289389518566791,8.103,7.916610481433208,1395111.6,1137498.05,0.6751889956330375,7.967724881205651
2026-04-30,2514,13.3,13.3,13.2,13.3,65150.0,862236.0,13.290000000000001,13.36,13.425,14.1225,14.400833333333333,15.426666666666668,20.000000000000284,38.461538461538545,-0.1655364881253032,-0.18363890367634203,0.018102415551038836,9.607698916784251,22.307682405074427,28.102528710387944,,13.628909164501618,13.425,13.221090835498384,223069.6,188842.5,0.292061311805822,13.234627782041443
2026-04-30,2515,13.4,13.4,13.0,13.05,6091662.0,79801978.0,13.23,13.440000000000001,13.382500000000002,14.153333333333334,13.761666666666667,12.420333333333334,20.00000000000007,47.619047619047635,-0.25649752162507866,-0.27106441301603396,0.014566891390955294,17.880710534591188,25.533740263892867,15.730152229341781,,13.845072896104433,13.382500000000002,12.91992710389557,4049329.8,7090220.75,1.5043630182950276,13.100197942696099
2026-04-30,2516,13.75,13.75,13.6,13.65,206918.0,2818063.0,13.27,13.225,13.417499999999999,14.121666666666668,14.471666666666666,15.612916666666669,67.64705882352939,50.0,-0.18840488914278986,-0.24771884034155459,0.05931395119876473,32.60006163674379,26.45104526946686,10.70398571858309,,14.197699029938123,13.417499999999999,12.637300970061874,336631.0,316632.7,0.6146730396190487,13.619225973574073
2026-04-30,2520,30.5,30.5,29.45,29.45,2639297.0,78528122.0,30.18,30.689999999999998,30.9675,31.928333333333335,32.74625,40.29604166666666,16.326530612244852,36.170212765957416,-0.46855454979625577,-0.35012046770823163,-0.11843408208802414,14.338838120782002,28.326603908561275,13.697919200540282,,32.26294749431611,30.9675,29.67205250568389,1599102.8,1470081.4,1.6504861351002573,29.753423733668473
2026-04-30,2524,37.35,37.35,36.75,36.75,83446.0,3091226.0,37.13,38.144999999999996,38.45,40.0125,41.41625,44.12291666666667,22.2222222222223,35.65891472868218,-0.6054767070796032,-0.4504683103529841,-0.1550083967266191,23.031473034842783,25.586397402015194,12.304535998680262,,40.452629849912945,38.45,36.44737015008706,97855.4,90409.3,0.8527480343445534,37.04462766339908
2026-04-30,2527,34.6,34.6,33.6,34.05,481402.0,16367635.0,34.37,35.0,34.405,31.1475,28.600833333333334,28.282916666666665,37.49999999999997,53.53535353535352,0.9835771135662839,1.330196883211431,-0.3466197696451472,28.002985343736665,26.950165378646858,20.491577631025514,,40.21333339625965,34.405,28.596666603740353,498578.8,961971.55,0.9655484749852983,33.999931450222476
2026-04-30,2528,22.7,22.85,22.4,22.5,421732.0,9561772.0,22.509999999999998,22.764999999999997,23.552500000000002,26.460833333333333,28.224583333333335,30.350416666666668,50.0,25.86206896551731,-1.0333730501246094,-1.0481662687189253,0.014793218594315816,11.503942671250597,36.11537885185319,47.654225703182185,,25.373857215173707,23.552500000000002,21.731142784826297,692243.2,672523.15,0.609225197156144,22.672626217597905
2026-04-30,2530,21.2,21.35,20.85,20.85,1450883.0,30602498.0,21.3,21.72,22.6,25.0175,27.015833333333333,29.579583333333336,9.090909090909207,8.620689655172526,-1.0334768120793036,-0.9562599496609726,-0.07721686241833103,5.320758800252887,32.865047676488764,46.96046291508845,,24.81905622423359,22.6,20.38094377576641,1344746.4,1184119.55,1.0789268519328254,21.092326534944583
2026-04-30,2534,19.2,19.25,18.9,19.05,564157.0,10734685.0,19.22,19.425,19.627499999999998,19.9625,20.466250000000002,22.240208333333335,30.00000000000003,31.707317073170643,-0.21279340896045085,-0.14899492809677714,-0.0637984808636737,6.756709766770455,20.489979494707054,25.936443200371578,,20.234021575092157,19.627499999999998,19.020978424907838,621844.4,486613.75,0.9072317769525624,19.027832677782957
2026-04-30,2535,76.2,76.2,72.1,72.1,816630.0,59903394.0,75.1,73.13000000000001,71.80999999999999,70.555,66.37916666666666,62.35583333333333,58.1967213114754,56.17977528089884,0.9788732206134796,0.6772786019615681,0.3015946186519115,29.208981757624425,21.105139038656944,18.915033316288095,,76.81269401107355,71.80999999999999,66.80730598892643,1083414.2,1002612.1,0.7537560427027816,73.35438815620293
2026-04-30,2536,22.1,22.1,21.55,21.55,219369.0,4770981.0,21.78,21.935,22.145,22.90333333333333,24.666666666666668,26.908541666666668,43.58974358974357,38.98305084745764,-0.25749572083389083,-0.2502285629613458,-0.007267157872545005,22.090363132511083,23.037486289983445,11.496845041519062,,22.76391245873798,22.145,21.52608754126202,260129.6,337925.55,0.8433065671880478,21.74865637350765
2026-04-30,2537,10.45,10.55,10.2,10.2,1453368.0,15007642.0,10.38,10.440000000000001,10.4225,10.587499999999999,10.733749999999999,11.032833333333334,14.28571428571425,46.666666666666615,-0.007490370440697447,0.005372677722875897,-0.012863048163573344,19.953229459665536,18.4820058542324,16.06664042915434,,10.643681040397986,10.4225,10.201318959602013,875737.8,801531.15,1.6595926314931249,10.326112863362892
2026-04-30,2538,9.93,9.95,9.72,9.76,809038.0,7944388.0,9.916,9.988000000000001,10.019,10.418833333333334,10.659416666666665,11.691583333333334,0.0,37.23404255319147,-0.10516492622131324,-0.1013766794285356,-0.003788246792777644,13.011367298919863,27.37832734882281,21.807026370252782,,10.191523072447978,10.019,9.846476927552022,497549.6,359124.2,1.626044920948585,9.819548649136381
2026-04-30,2539,41.6,41.6,40.95,41.0,973020.0,39958343.0,41.61,43.52,45.5625,47.42333333333333,47.52833333333333,54.442499999999995,9.574468085106446,5.8823529411765065,-1.7593067990990008,-1.177219421055996,-0.5820873780430047,7.22915261249306,40.20560804811666,34.085356806063096,,50.75022589869541,45.5625,40.37477410130459,1719831.6,1036330.0,0.5657646946363818,41.0663121004707
2026-04-30,2540,56.5,56.5,54.1,54.1,1412430.0,77939871.0,57.32000000000001,57.34000000000001,53.325,49.68083333333334,50.59708333333334,64.77645833333332,0.0,69.1275167785235,2.4743856195987846,2.4008279266340624,0.07355769296472214,27.157238614389385,20.481656254157862,39.49249084135773,,62.39324999075062,53.325,44.25675000924939,1788854.0,1455291.5,0.7895725419738,55.18140438818207
2026-04-30,2542,40.2,40.5,39.95,40.15,12764554.0,512845496.0,39.6,37.25,36.5375,37.18416666666666,37.94958333333334,39.83354166666667,91.83673469387753,66.50717703349281,0.813730703698802,0.170288448636347,0.643442255062455,45.094159136816124,14.011909280065959,23.74529876274666,,40.626107406723804,36.5375,32.4488925932762,24031429.2,10261299.5,0.5311608349951987,40.17731414665957
2026-04-30,2543,46.0,48.65,46.0,46.7,4727769.0,224190754.0,46.58,49.96,53.84000000000001,61.273333333333326,63.8475,71.73916666666668,19.375000000000043,12.416107382550337,-4.409732010339866,-3.632548838955769,-0.7771831713840966,13.976220281943464,37.53284944839515,38.74548061239855,,63.6421802086114,53.84000000000001,44.03781979138862,4153975.0,2584655.75,1.1381313079640585,47.41998900538499
2026-04-30,2545,37.9,38.0,37.25,37.5,289788.0,10880451.0,37.5,37.415,36.825,37.18666666666666,38.815416666666664,42.773541666666674,36.84210526315784,65.59139784946237,0.24293351711941114,0.1254258906552629,0.11750762646414822,25.718746688163908,17.775051976886242,18.04107286479164,,38.37843422607118,36.825,35.27156577392883,268956.6,329352.35,1.077452644776146,37.54624415089652
2026-04-30,2546,85.3,85.3,84.5,84.5,75718.0,6431461.0,84.85999999999999,85.33,84.38,85.315,86.39750000000001,83.81124999999999,34.28571428571436,35.84905660377362,0.2535214661041181,0.23360605223378061,0.01991541387033746,26.1151942649305,22.99577913617513,18.135945949596888,,89.31562772630129,84.38,79.4443722736987,89967.0,151459.95,0.8416197050029455,84.93965767717056
2026-04-30,2547,10.55,10.55,10.3,10.35,3196967.0,33263493.0,10.4,10.529999999999998,10.6375,10.827499999999999,10.792083333333332,11.544999999999998,14.285714285714064,34.999999999999915,-0.12032323360363861,-0.08418133962284954,-0.03614189398078907,12.908687123393472,20.84624938558499,15.554821045584399,,11.014293954583378,10.6375,10.26070604541662,2314166.8,2051183.5,1.3814764778407504,10.404703270318398
2026-04-30,2548,128.0,128.0,125.0,126.0,1521370.0,192034634.0,128.7,129.25,127.8,118.125,109.95583333333335,107.63708333333334,23.529411764705884,46.34146341463415,2.5736574428946284,3.3872533788251413,-0.8135959359305129,19.327689163710744,16.089005984850495,33.21355144856278,,133.49764494284668,127.8,122.10235505715332,1260669.2,1688345.15,1.2067955654028828,126.22480658879826
2026-04-30,2596,28.7,29.0,28.7,28.75,47229.0,1363479.0,28.75,29.105,30.767500000000002,32.736666666666665,33.74333333333333,34.24666666666667,50.0,0.0,-1.1624276192653689,-0.9850849815609161,-0.1773426377044528,5.20658107972574,31.027534225538606,52.316524743985376,,34.51481833940521,30.767500000000002,27.020181660594798,47229.0,61288.35,1.0,28.86952931461602
2026-04-30,2597,156.5,157.0,152.0,157.0,809202.0,124724517.0,153.7,155.65,154.1,161.81666666666666,162.55833333333334,166.19791666666666,63.15789473684211,51.21951219512195,-1.158422974375327,-1.6990942221545158,0.5406712477791888,21.681224879384253,14.34907282026254,16.6275158660795,,160.76964845597675,154.1,147.43035154402324,994110.4,729946.55,0.8139961114982802,154.13273447173881
2026-04-30,2601,5.1,5.1,4.9,5.01,4690147.0,23415332.0,5.258,5.401,5.578,5.725666666666667,5.70725,,6.557377049180332,13.684210526315695,-0.18310178439701996,-0.12603072428300027,-0.05707106011401969,11.52953457888545,41.97245686153743,24.106401684282122,,6.051446490057057,5.578,5.104553509942944,2663753.0,1674032.25,1.7607289414596623,4.992451622518441
2026-04-30,2603,200.5,203.0,200.0,202.0,6460050.0,1304405749.0,200.9,200.4,201.35,198.25833333333333,190.725,199.84166666666667,50.0,48.88888888888889,-0.12395616263830789,0.0037211797152165286,-0.1276773423535244,18.681358003793544,15.349586737105072,13.030018611856377,,204.8907403329313,201.35,197.8092596670687,7861603.0,9444126.75,0.821721727744329,201.91883174278837
2026-04-30,2605,33.6,34.85,33.55,34.7,8307810.0,285971205.0,33.46,33.9,36.4,33.93416666666666,29.29125,26.157083333333333,53.571428571428626,27.314814814814795,-0.946008580235798,-0.46309034957485856,-0.4829182306609395,19.68278832297817,31.43663675989804,27.93895410509656,,42.54448833037402,36.4,30.255511669625974,5379508.6,9975078.85,1.5443436599394973,34.42197221650471
2026-04-30,2606,60.4,61.2,60.1,60.6,2507234.0,151669175.0,60.56,61.81,61.315,61.60166666666667,59.594166666666666,57.27645833333334,6.250000000000071,48.48484848484849,-0.024813255798370903,0.1561670160244393,-0.1809802718228102,20.878997492295483,23.6439551698545,12.876661564897695,,64.62385574115737,61.315,58.006144258842625,2735998.6,3714426.35,0.9163871648179936,60.49262853008535
2026-04-30,2607,48.5,48.5,47.45,47.45,511349.0,24421862.0,48.040000000000006,48.940000000000005,50.025,53.64833333333333,54.11625,43.68354166666666,13.636363636363711,16.190476190476318,-1.3763919660229647,-1.2695901099597922,-0.1068018560631725,9.427055264816422,32.95654166208225,42.44134445985247,,52.79162439198127,50.025,47.258375608018724,503371.2,553855.7,1.0158487414456767,47.759674899139334
2026-04-30,2608,30.15,30.3,30.0,30.25,309979.0,9336797.0,30.130000000000003,30.455000000000002,30.690000000000005,31.618333333333332,32.71041666666667,33.916666666666664,23.809523809523796,32.43243243243248,-0.3201125241337941,-0.286061068318559,-0.03405145581523511,13.90846163579763,28.17107180982521,27.068437293249897,,31.397553234003695,30.690000000000005,29.982446765996315,356191.4,262136.55,0.8702596413052083,30.120740437255428
2026-04-30,2609,49.4,49.7,49.1,49.15,11508316.0,567333236.0,49.489999999999995,49.955,50.6925,53.78416666666667,53.42958333333333,60.65895833333333,9.090909090909008,31.62393162393164,-1.2374297735332362,-1.2168042101636132,-0.020625563369623068,18.95884855285006,20.94687456404768,11.760602582062962,,52.645439754373356,50.6925,48.73956024562665,14711407.4,15906673.55,0.7822715860618474,49.29767621952682
2026-04-30,2610,18.15,18.15,17.9,17.9,21412281.0,384747429.0,17.95,18.04,18.15,19.765,19.833333333333332,20.69,36.84210526315784,43.74999999999989,-0.3291139018996887,-0.39193856185229486,0.06282465995260617,15.824417429189367,27.145657400706845,30.342623359931846,,18.524165738677503,18.15,17.775834261322494,21740641.0,25715543.8,0.9848964894825318,17.968540063527094
2026-04-30,2611,13.5,13.5,13.3,13.3,402034.0,5383666.0,13.51,13.959999999999999,14.190000000000001,14.571666666666667,14.809166666666666,16.596458333333334,13.333333333333314,15.094339622641527,-0.2836591666541892,-0.1602680550111284,-0.12339111164306082,18.310063695238483,39.56190207268098,21.90094609093559,,15.408108974470407,14.190000000000001,12.971891025529596,342139.0,613725.45,1.1750604286561894,13.39107140192123
2026-04-30,2612,54.7,54.7,53.9,54.1,331258.0,17954432.0,54.660000000000004,56.39,56.269999999999996,58.88666666666666,57.77625,52.34916666666667,0.0,38.16793893129771,-0.851565277262786,-0.6219850538019192,-0.22958022346086682,16.058258709797123,28.16936910791511,15.78705424334728,,60.04977999916707,56.269999999999996,52.49022000083292,352827.6,614946.1,0.9388664605603417,54.200749868682415
2026-04-30,2613,22.6,22.6,22.4,22.4,163586.0,3670554.0,22.419999999999998,22.675,22.9275,23.919999999999998,24.3175,26.170625000000005,22.22222222222217,30.303030303030354,-0.41482197609747473,-0.4049968769984862,-0.009825099098988543,16.47774623152695,25.27033025738253,18.809687171000544,,23.644566391993106,22.9275,22.21043360800689,292359.0,352889.6,0.5595381021278634,22.438069272431626
2026-04-30,2614,20.35,20.4,20.15,20.2,429444.0,8695594.0,20.15,20.255000000000003,20.4025,20.833333333333332,21.207083333333337,19.26125,44.4444444444444,50.0,-0.1476932605684489,-0.14449080138412887,-0.0032024591843200223,19.987459914891286,20.907209160514178,7.294815713640935,,20.904574643224638,20.4025,19.90042535677536,555162.2,683993.9,0.7735469021485973,20.248493400769366
2026-04-30,2615,75.1,76.0,74.5,74.6,4808930.0,360911147.0,74.82,74.55,76.20500000000001,76.56166666666667,77.82583333333334,84.14333333333335,51.42857142857134,38.09523809523806,-0.712031731012928,-0.6383946754760695,-0.07363705553685851,18.009997978423467,13.724251387260109,15.909643454062998,,80.0942429245696,76.20500000000001,72.31575707543043,5401554.4,7756496.85,0.8902863220261189,75.05019765311619
2026-04-30,2616,14.6,14.65,14.05,14.2,388697.0,5531795.0,14.35,14.73,15.3275,15.5275,14.79125,14.936666666666667,0.0,29.68749999999997,-0.5919446647763955,-0.433938119208979,-0.1580065455674165,22.239679142463025,33.75359188211326,15.764330522599405,,16.844239924970655,15.3275,13.810760075029346,427745.4,707111.7,0.9087111164725559,14.23163801109862
2026-04-30,2617,29.75,29.75,29.35,29.35,642601.0,18934332.0,29.53,29.860000000000003,30.1875,30.69,30.033333333333335,29.098958333333332,27.586206896551815,36.70886075949371,-0.34138036050685727,-0.26118720722348787,-0.0801931532833694,22.586397817656334,34.01326092094522,13.92701433569072,,31.264471875702224,30.1875,29.110528124297776,678868.4,680402.05,0.9465766855549618,29.465145556885222
2026-04-30,2618,33.95,34.2,33.5,33.5,26150659.0,883605443.0,33.589999999999996,34.265,34.61,35.910833333333336,36.030416666666675,37.87083333333333,22.807017543859644,35.164835164835125,-0.47760308283913133,-0.3699078066445923,-0.10769527619453906,17.92386689657347,29.131115736001096,22.357953703534818,,36.02926593331574,34.61,33.19073406668426,24573425.8,22209447.75,1.064184506174959,33.78903158807585
2026-04-30,2630,47.35,47.55,46.75,46.95,656338.0,30889386.0,48.39,49.3,48.005,50.0575,51.111666666666665,47.32979166666667,2.2471910112358273,54.198473282442755,-0.17849476856837754,-0.14280537987961617,-0.03568938868876137,23.925275855559466,24.104621424121184,15.872752525517654,,51.63018965021087,48.005,44.37981034978913,941881.4,1205359.1,0.6968372026456834,47.06322961644762
2026-04-30,2633,26.6,26.6,26.4,26.5,5489391.0,145431422.0,26.53,26.589999999999996,26.695,26.869999999999997,27.297916666666666,27.502083333333335,50.0,39.534883720930196,-0.0514756762561106,-0.03416427047447214,-0.017311405781638464,11.783229314408597,17.043155724769722,21.195135732377757,,27.137362080795864,26.695,26.252637919204137,5470788.6,5137068.55,1.0034003141704289,26.49317966237056
2026-04-30,2634,47.5,47.5,46.9,46.95,4046439.0,190574454.0,47.790000000000006,48.85,48.0375,50.964166666666664,52.04958333333333,50.125416666666666,0.0,52.80898876404495,-0.5695386686236361,-0.5516069219803554,-0.017931746643280677,19.01442881763979,27.357527336874266,16.52993291557685,,50.80723777972251,48.0375,45.26776222027749,3788283.6,4830096.45,1.0681457428372048,47.09683106553688
2026-04-30,2636,67.1,67.5,66.9,67.1,154516.0,10369960.0,66.94,67.41,67.85,67.02666666666667,67.33666666666666,70.05458333333333,26.315789473684134,38.09523809523806,-0.1531868645903387,0.03690430277445727,-0.19009116736479598,22.10352220995851,25.57352039359594,11.7270201432966,,69.21805663163782,67.85,66.48194336836217,193084.0,273035.7,0.8002527397402167,67.11253203551736
2026-04-30,2637,71.3,72.0,71.1,71.7,1249050.0,89503023.0,71.75999999999999,73.1,71.69,70.61166666666666,67.2825,63.90833333333333,4.444444444444514,53.93939393939393,0.6016790067288156,0.7983629203753861,-0.19668391364657056,20.094471524516518,25.60614063848191,13.003728828680003,,76.32165310945415,71.69,67.05834689054585,1614499.2,2432928.95,0.7736454747081943,71.65687762699652
2026-04-30,2640,174.5,180.5,174.0,178.5,52710.0,9325171.0,178.5,179.35,176.575,148.0,136.0,130.0,50.0,71.1864406779661,6.843380834128226,8.75848301874955,-1.9151021846213236,18.762410847737275,8.874906431324337,47.47628132862917,,192.19305635188124,176.575,160.95694364811874,52710.0,71219.7,1.0,176.91464617719598
2026-04-30,2641,17.1,17.2,17.0,17.15,915298.0,15646360.0,17.15,17.255,17.7,18.864166666666666,19.407083333333333,19.678541666666668,50.0,16.666666666666657,-0.4401780223199978,-0.4307828821238639,-0.009395140196133911,7.691544834828551,25.525632272590954,43.60823471831956,,18.725978352085143,17.7,16.674021647914856,915298.0,1033787.4,1.0,17.094279677219877
2026-04-30,2642,21.9,21.9,21.65,21.8,60230.0,1308379.0,21.92,22.335,22.725,24.119166666666665,26.28708333333333,26.67,18.518518518518547,16.27906976744191,-0.5354750545379794,-0.4822100428830522,-0.0532650116549272,17.802207638173346,35.02661840103985,17.412825671683954,,23.791474763440313,22.725,21.65852523655969,74204.4,72325.2,0.8116769355995063,21.723044994188943
2026-04-30,2643,67.0,67.5,66.2,66.9,16654.0,1114250.0,66.9,67.05,68.03500000000001,70.48166666666667,71.34083333333335,71.77041666666668,50.0,17.142857142857054,-0.9908689591897826,-0.9754923223275775,-0.015376636862205029,5.79498443533903,13.529883886994694,31.260389404532333,,70.253842751953,68.03500000000001,65.81615724804702,16654.0,17848.0,1.0,66.90584844481806
2026-04-30,2645,155.0,155.0,152.5,153.0,687858.0,105621871.0,157.9,161.35,155.875,158.29166666666666,153.9875,140.54333333333335,0.0,55.0,0.7608097348508807,1.0793636584382647,-0.318553923587384,20.46327699620335,26.9759251169896,14.301771764793166,,169.7953561660425,155.875,141.9546438339575,1092666.2,1131202.7,0.6295225385392172,153.5518537256236
2026-04-30,2646,20.45,20.5,20.25,20.25,3208646.0,65270612.0,20.259999999999998,20.490000000000002,20.777499999999996,21.969166666666663,22.909166666666668,24.171875,33.33333333333323,33.333333333333286,-0.38618900800459244,-0.3799778743767877,-0.0062111336278047324,16.938272730649505,31.107341457045973,26.668581153131186,,21.519102106396097,20.777499999999996,20.035897893603895,4635555.0,4318549.2,0.6921816265797731,20.342104426602372
2026-04-30,2701,10.7,10.75,10.55,10.6,68379.0,726834.0,10.67,10.764999999999999,10.7775,10.873333333333333,10.989166666666666,11.219375000000001,14.285714285714064,38.88888888888879,-0.03918908552317113,-0.020699765349302415,-0.018489320173868715,16.67927047623116,24.57670400688213,14.70626197181623,,10.991423252347161,10.7775,10.563576747652839,66889.6,96364.65,1.0222665406879394,10.629491510551485
2026-04-30,2702,15.5,15.5,15.25,15.3,98770.0,1515003.0,15.36,15.860000000000003,15.179999999999998,12.920833333333333,12.363333333333335,12.729583333333332,30.555555555555586,54.054054054054056,0.7489979598416205,0.9362308028903404,-0.1872328430487199,28.17504228982719,12.886617231854745,43.158863176088175,,18.10203966254285,15.179999999999998,12.257960337457147,138648.4,476114.45,0.7123774958816691,15.338695960311835
2026-04-30,2704,42.9,42.9,41.65,41.7,259967.0,10898248.0,42.05,42.515,42.565,42.902499999999996,42.86666666666667,43.97541666666667,31.666666666666757,45.04504504504508,-0.15334134679817168,-0.07175788879599695,-0.08158345800217473,25.2950569901647,22.538469999574318,15.354907822071263,,43.68143228752838,42.565,41.448567712471615,128368.0,152262.65,2.0251698242552663,41.92165928752495
2026-04-30,2705,16.35,16.85,16.25,16.65,298945.0,4964535.0,16.7,16.97,16.875,16.520833333333332,16.6475,17.145625,39.47368421052623,49.45054945054944,0.04613869550003713,0.13223602936752438,-0.08609733386748725,26.50125402320046,22.904264544553495,21.110499505360586,,17.615199119725357,16.875,16.134800880274643,975386.2,725612.9,0.3064888553887681,16.606850758500727
2026-04-30,2706,12.5,12.5,12.3,12.4,81858.0,1013062.0,12.350000000000001,12.455,12.495000000000001,12.645833333333334,12.866666666666667,13.194166666666666,33.33333333333333,47.36842105263164,-0.05391189748923075,-0.041186798612175717,-0.012725098877055037,18.283503344127094,27.24367683108807,18.188835590755335,,12.814374388453873,12.495000000000001,12.17562561154613,92626.6,132206.4,0.8837418193046057,12.375845977179994
2026-04-30,2707,170.5,170.5,168.5,168.5,497494.0,84167537.0,171.6,174.75,182.0,185.5,188.725,192.1,0.0,12.06896551724138,-4.382625795074574,-2.8298041179833073,-1.5528216770912668,18.120516233846306,43.36202957092936,25.367818716398407,,198.63224515654332,182.0,165.36775484345668,335408.4,356133.4,1.4832484815526383,169.18301929269498
2026-04-30,2712,17.9,18.0,17.05,17.85,60015.0,1058220.0,17.369999999999997,17.5,16.4775,,,,50.0,70.21276595744685,0.437851695080937,0.27238780827249554,0.16546388680844148,24.722580534133094,23.170944669593286,37.863977154664816,,19.053803962125972,16.4775,13.901196037874026,42613.4,37669.1,1.4083598117024223,17.63259185203699
2026-04-30,2718,44.2,44.55,43.7,43.7,28361.0,1247599.0,43.7,44.1,45.3975,47.37833333333334,47.914166666666674,48.18208333333334,50.0,30.83333333333337,-1.0922975016404308,-0.9282723610947761,-0.16402514054565476,10.847628024998928,24.333583541256516,31.51901209497297,,48.810551574856724,45.3975,41.98444842514328,28361.0,30322.45,1.0,43.989950989034234
2026-04-30,2719,27.0,27.0,27.0,27.0,3193.0,86218.0,27.0,27.275,27.577500000000004,27.59416666666667,27.822083333333335,27.936041666666664,50.0,52.58620689655173,-0.08651392897299104,0.04223097027543379,-0.12874489924842483,26.676435760244477,24.96039623118526,18.49559336143794,,30.075599277450756,27.577500000000004,25.079400722549252,3193.0,13067.95,1.0,27.002192295646726
2026-04-30,2722,23.2,23.5,23.2,23.3,71511.0,1665983.0,23.46,23.865,23.9575,24.404999999999998,26.095833333333335,27.707083333333333,17.647058823529335,50.86206896551725,-0.1551737907588553,-0.06869646144893186,-0.08647732930992343,19.36000794847494,26.98826418017855,13.288849703043379,,25.457771905180174,23.9575,22.457228094819826,42225.0,76745.0,1.693570159857904,23.296877403476387
2026-04-30,2723,63.5,64.4,63.5,63.5,212229.0,13529178.0,63.54,64.77,66.52000000000001,70.60999999999999,69.83916666666667,77.68791666666668,7.407407407407504,20.312499999999986,-1.8176345191746321,-1.585997176206972,-0.23163734296766014,23.07482082463598,30.796403718159894,12.201547644260703,,70.83867426051667,66.52000000000001,62.201325739483345,318775.6,324346.2,0.6657630006813571,63.74801747169331
2026-04-30,2724,14.4,15.8,14.4,15.8,6242.0,97008.0,15.8,15.965000000000003,16.995,,,,50.0,14.705882352941188,-0.8429132027814958,-0.7604536314872435,-0.0824595712942523,2.0813811096711614,16.474118492268342,69.50861141253056,,19.302858428568737,16.995,14.687141571431264,6242.0,9388.0,1.0,15.541172701057354
2026-04-30,2726,10.55,11.3,10.5,10.7,94685.0,1020044.0,10.7,10.62,10.309999999999999,10.8835,11.29175,11.495875,50.0,73.33333333333331,0.06488414729249037,-0.027784899423272287,0.09266904671576265,12.476053002803283,3.9866931237151855,40.37044536259115,,11.052400090744115,10.309999999999999,9.567599909255883,94685.0,62582.95,1.0,10.773026350530706
2026-04-30,2727,226.0,228.0,225.5,226.5,231722.0,52588507.0,226.7,226.15,226.95,222.825,220.70416666666668,225.87708333333333,52.17391304347826,47.368421052631575,0.39789407744629557,0.6236453086627066,-0.22575123121641105,24.253868483818113,20.75392953943888,15.372639863077763,,230.61921761343595,226.95,223.28078238656403,293665.0,289547.65,0.7890691774641173,226.9465437032306
2026-04-30,2729,166.5,167.0,164.0,165.5,59010.0,9748057.0,165.5,166.15,168.7,169.81666666666666,170.15833333333333,170.32916666666668,50.0,27.272727272727266,-1.4632623445394017,-1.010841804493748,-0.4524205400456538,10.280246482999067,14.921053519390256,27.88840569222932,,174.82501342640847,168.7,162.5749865735915,59010.0,35058.5,1.0,165.19330621928486
2026-04-30,2731,159.0,160.5,158.5,159.0,529915.0,84436836.0,158.6,159.2,160.375,166.65833333333333,165.70833333333334,158.675,41.66666666666667,42.42424242424243,-2.000801772854004,-2.1779078428298946,0.17710606997589062,20.919237669821026,26.502627112835963,11.426509630491141,,164.21214532048432,160.375,156.53785467951568,590931.2,840573.65,0.8967456786847606,159.34033948840852
2026-04-30,2732,66.0,66.0,65.1,65.4,27643.0,1814010.0,65.4,65.69,66.015,66.05833333333334,66.02916666666667,66.01458333333333,50.0,49.12280701754391,-0.23184897603059085,-0.08500800769316122,-0.14684096833742963,13.06892404233039,6.967143318896146,32.42399331677776,,68.36112782888611,66.015,63.6688721711139,27643.0,56542.55,1.0,65.62276163947473
2026-04-30,2734,16.6,16.6,16.35,16.45,49198.0,808484.0,16.45,16.535,16.612499999999997,17.024166666666666,17.41208333333333,17.60604166666667,50.0,54.23728813559322,-0.07547942167605726,-0.05924863603199476,-0.016230785644062495,9.666479410440305,15.650776511501995,19.864199479825203,,17.59222874871193,16.612499999999997,15.632771251288066,49198.0,135471.6,1.0,16.433269645107526
2026-04-30,2736,13.05,13.05,12.8,12.85,40679.0,524972.0,12.85,12.940000000000001,13.235,13.398333333333333,13.624166666666666,13.737083333333334,50.0,43.33333333333333,-0.11992534436068958,-0.0689671108656494,-0.05095823349504018,13.749361214239805,19.31723319830074,20.9378761140497,,14.166947592834193,13.235,12.303052407165806,40679.0,131282.75,1.0,12.905233658644509
2026-04-30,2739,34.7,34.7,34.4,34.5,70095.0,2422286.0,34.470000000000006,34.995000000000005,35.055,34.47833333333333,35.600833333333334,37.772708333333334,29.032258064516043,50.81967213114754,0.05217837477577092,0.21531016996857022,-0.1631317951927993,22.908755270033197,25.52884730562027,10.787221462308109,,37.31399372101474,35.055,32.79600627898526,83816.4,288873.85,0.8362921814823829,34.557186675226475
2026-04-30,2740,41.95,41.95,41.15,41.15,2322.0,96532.0,41.15,40.885000000000005,38.652499999999996,40.81333333333334,41.70666666666667,42.153333333333336,50.0,97.4576271186441,0.5150328507779562,0.08353877586864168,0.4314940749093146,15.984641057182733,9.810197956266581,24.500632551524408,,43.773404011474675,38.652499999999996,33.53159598852532,2322.0,13884.9,1.0,41.572782084409994
2026-04-30,2743,71.7,71.7,70.4,71.2,63903.0,4522694.0,71.2,71.36999999999999,72.215,74.79333333333334,76.29666666666667,77.04833333333333,50.0,47.05882352941179,-0.783785744080447,-0.7698123986072272,-0.013973345473219823,15.07906626219401,21.46060962787978,17.89445046904385,,75.81106510098576,72.215,68.61893489901425,63903.0,112030.85,1.0,70.77436114110449
2026-04-30,2745,102.0,104.5,102.0,102.5,136345.0,14061163.0,102.5,102.7,104.25,104.01333333333334,103.75666666666667,103.62833333333333,50.0,29.411764705882362,-0.5345995312605112,-0.30826745170874087,-0.22633207955177032,15.955406495227443,13.269223990396492,13.911842414620557,,107.92781399604078,104.25,100.57218600395922,136345.0,250301.75,1.0,103.12928966958818
2026-04-30,2748,40.0,40.05,39.65,39.65,89246.0,3555106.0,39.57,40.315000000000005,40.745,40.73166666666667,42.461666666666666,45.95333333333333,24.137931034482676,43.45991561181432,-0.23047824907897052,-0.023888107641032344,-0.2065901414379382,22.739544660441908,28.032421103306117,13.631607691588716,,43.53764070464958,40.745,37.95235929535041,113532.4,241496.5,0.7860839725047652,39.83490576608475
2026-04-30,2751,54.7,55.0,54.7,55.0,3070.0,168250.0,55.0,55.2,56.275,58.05166666666666,58.825833333333335,59.212916666666665,50.0,17.073170731707364,-0.9531614536823199,-0.8620521818788022,-0.09110927180351769,7.887529185909608,22.862857253824913,38.81659812861363,,58.74236595113943,56.275,53.807634048860564,3070.0,10963.1,1.0,54.80456026058632
2026-04-30,2752,186.5,186.5,185.5,185.5,13232.0,2456544.0,185.5,186.1,190.95,201.95833333333334,203.47916666666666,204.23958333333334,50.0,0.0,-5.150730248415414,-5.060547086827848,-0.09018316158756612,8.68875904879077,26.903803266158867,42.1081522645395,,202.07086706199337,190.95,179.8291329380066,13232.0,22172.2,1.0,185.65175332527207
2026-04-30,2753,179.0,180.5,177.5,177.5,297539.0,53016815.0,178.5,179.55,180.4,182.56666666666666,188.725,188.46666666666667,22.222222222222214,36.36363636363636,-1.142216574989817,-0.9025311854113087,-0.23968538957850827,15.424315783410517,21.186135451821926,13.672806920670737,,183.71821131271082,180.4,177.0817886872892,246018.6,191112.3,1.2094166863806233,178.18442288237844
2026-04-30,2754,67.5,68.9,66.7,68.8,25104.0,1696144.0,68.8,68.87,68.985,73.30833333333334,75.55416666666666,76.67708333333333,50.0,50.0,-0.8915903039285809,-1.1104696291539815,0.21887932522540066,4.741945320453357,12.76130987909482,39.027409868172484,,69.64761046745058,68.985,68.32238953254942,25104.0,26972.1,1.0,67.5646908859146
2026-04-30,2755,134.0,136.0,134.0,135.0,29053.0,3925675.0,135.0,135.45,138.4,130.10833333333332,122.05416666666666,118.02708333333334,50.0,0.0,-0.3598977488605897,0.5753580985952479,-0.9352558474558376,12.034549376607258,11.292022650872193,28.758006416696645,,145.08541224174706,138.4,131.71458775825295,29053.0,43125.25,1.0,135.12115788386743
2026-04-30,2756,66.8,70.0,66.8,68.1,38304.0,2603331.0,68.1,68.28999999999999,68.71,74.02333333333334,75.26166666666667,75.88083333333333,50.0,40.54054054054051,-1.4891017256353223,-1.684676583902308,0.19557485826698562,2.841761281057631,12.227360535235748,54.9837237356931,,70.16804483361912,68.71,67.25195516638087,38304.0,28740.4,1.0,67.96499060150376
2026-04-30,2762,73.1,73.5,73.0,73.0,48625.0,3556975.0,73.08000000000001,73.08,72.92,74.16333333333334,76.64833333333333,77.74583333333334,50.0,50.0,-0.24880390624274185,-0.35336719615735007,0.10456328991460823,21.819907051148853,18.336407466762967,9.143571607527518,,73.89462543412802,72.92,71.94537456587199,84914.2,46107.0,0.5726368499026075,73.15115681233934
2026-04-30,2801,21.3,21.45,21.15,21.15,16152202.0,343442521.0,21.15,21.29,21.1525,20.796666666666667,20.52833333333333,19.709375,38.8888888888888,50.0,0.12196165319005203,0.14767322357752322,-0.025711570387471183,24.098125329601416,18.811764661240733,16.229774107231975,,21.723256653832244,21.1525,20.581743346167755,14546502.0,15926745.0,1.1103839259775306,21.26289164783848
2026-04-30,2812,20.0,20.05,19.75,19.85,12995569.0,258402232.0,19.939999999999998,20.165,20.509999999999998,20.518333333333334,21.095833333333335,21.134791666666665,27.27272727272731,16.21621621621624,-0.1918143202571514,-0.10892100145336803,-0.08289331880378337,18.567665463648524,30.543091393866305,17.06087266718114,,21.348921613551685,20.509999999999998,19.67107838644831,18518875.8,13926738.5,0.7017471870511708,19.883872110563225
2026-04-30,2816,30.3,30.45,30.2,30.35,128501.0,3896307.0,30.28,30.425,30.7925,30.053333333333335,29.003750000000004,27.82270833333333,36.84210526315784,35.82089552238807,-0.05437514198690252,0.07097614818114825,-0.12535129016805077,22.52131407948025,20.03721778755417,15.28623298143883,,31.801551143662877,30.7925,29.783448856337124,114795.0,162400.8,1.1193954440524414,30.321219290122254
2026-04-30,2820,17.0,17.0,16.8,16.8,1243466.0,20941274.0,16.869999999999997,16.965,16.9775,16.815,16.71375,16.124583333333334,33.33333333333333,42.30769230769234,0.006533119618147509,0.03950036152951699,-0.03296724191136948,19.19718716947002,20.782206217114545,13.574361301298703,,17.282674669570454,16.9775,16.672325330429544,1087790.4,1075850.7,1.143111761236356,16.84105074043038
2026-04-30,2832,52.0,52.3,51.7,52.3,158267.0,8249881.0,51.620000000000005,51.239999999999995,49.4825,48.994166666666665,46.79,39.779374999999995,68.1818181818181,77.77777777777776,1.0435720779816435,0.7138951482077953,0.3296769297738482,38.81937300624741,12.812505315400028,31.865773801069977,,53.41606340391746,49.4825,45.54893659608254,171120.0,227441.15,0.9248889668069191,52.12634977601142
2026-04-30,2834,16.5,16.55,16.35,16.35,27154170.0,446233921.0,16.310000000000002,16.435000000000002,15.922500000000003,15.645833333333334,15.664583333333333,15.384999999999998,36.84210526315793,66.66666666666671,0.28001319037153216,0.2462424032663621,0.033770787105170064,35.34094469183369,15.544161163930514,29.92890169895642,,17.085741840266902,15.922500000000003,14.759258159733102,28356342.2,32201723.95,0.9576048211182894,16.4333478430753
2026-04-30,2836,11.95,12.0,11.85,11.85,1074876.0,12791955.0,11.87,11.969999999999999,12.0775,12.1825,12.161666666666667,11.96625,28.5714285714285,28.5714285714285,-0.08873564350966845,-0.06257131572509411,-0.026164327784574337,15.75139840485457,25.074233280161117,16.036917514250913,,12.37569633235777,12.0775,11.779303667642232,1877794.8,1866332.15,0.5724139826140747,11.90086577428466
2026-04-30,2838,20.2,20.2,19.95,20.0,1993957.0,39954546.0,20.080000000000002,20.330000000000002,20.630000000000003,19.892500000000002,19.501666666666665,18.33125,23.07692307692291,28.57142857142854,-0.040094381751739405,0.0949287157268743,-0.13502309747861369,19.571810208544314,30.973552441528117,15.937082058179024,,21.44911377013293,20.630000000000003,19.810886229867076,1489282.8,1646095.6,1.3388706295406083,20.037817264865794
2026-04-30,2845,12.3,12.35,12.25,12.25,9140319.0,112322205.0,12.3,12.415000000000001,12.52,12.539166666666667,12.578750000000001,12.812708333333335,22.22222222222217,24.999999999999943,-0.06195353476180898,-0.02360101165881761,-0.03835252310299137,15.711921313885252,24.331787419283444,20.232842064081396,,12.823315017762049,12.52,12.21668498223795,7934985.8,6439088.8,1.151901116193554,12.28865261704761
2026-04-30,2849,13.8,13.8,13.55,13.65,116901.0,1589966.0,13.790000000000001,13.89,13.692499999999999,13.416666666666666,13.319166666666666,13.36625,33.3333333333334,55.55555555555557,0.13853313032613102,0.15887780492070833,-0.02034467459457731,26.744181337866905,23.73783842668804,19.55955486865,,14.32767506911172,13.692499999999999,13.057324930888278,67011.0,137991.15,1.7445046335676233,13.600961497335351
2026-04-30,2850,132.0,135.5,132.0,133.0,1150460.0,153441735.0,126.9,125.3,123.5,118.225,117.52083333333333,111.22791666666667,91.30434782608695,69.76744186046511,2.668904686715919,2.135924128606236,0.5329805581096831,48.68678543489286,9.320697195609478,40.67848281642768,,131.27986605215628,123.5,115.72013394784373,473223.6,362036.2,2.43111290307584,133.37424595379238
2026-04-30,2851,30.5,30.5,30.15,30.15,1192715.0,36104663.0,30.3,30.1,30.53,28.75583333333333,27.003750000000004,25.756041666666665,48.14814814814812,38.54166666666664,0.2063395791656788,0.3379093642787347,-0.1315697851130559,28.538060262580334,25.79885594656977,20.807253630867635,,31.831577989656502,30.53,29.2284220103435,1207751.2,2019566.65,0.9875502504158141,30.27098929752707
2026-04-30,2852,26.2,26.3,26.1,26.1,228153.0,5983074.0,26.089999999999996,26.139999999999997,26.1,26.685833333333335,26.91583333333333,27.142916666666668,28.571428571428427,52.17391304347832,-0.07650069119800307,-0.10976047269320666,0.03325978149520359,18.49775098940838,21.964063661811885,15.72189128099305,,26.38837110593251,26.1,25.811628894067493,283781.0,276714.0,0.8039756009035136,26.223954977580835
2026-04-30,2855,35.5,36.05,34.85,35.6,7589759.0,269439843.0,35.43000000000001,34.370000000000005,33.285000000000004,30.660833333333336,27.3925,24.547916666666666,80.95238095238093,73.0994152046784,1.1828208646795915,0.998291357236097,0.1845295074434945,37.38996424066266,15.113291447462696,29.508103404114905,,36.26883363441986,33.285000000000004,30.301166365580144,8477653.8,6604047.25,0.895266447422045,35.50044777442867
2026-04-30,2867,7.78,7.82,7.71,7.71,6025397.0,46683951.0,7.808,7.837000000000001,7.8125,7.866666666666666,,,21.21212121212109,48.43750000000011,0.0024352083138010627,0.008931477138332507,-0.006496268824531444,18.191303238982456,19.415988792634597,10.64549137259559,,7.963966515319837,7.8125,7.661033484680163,6707797.6,9717846.0,0.8982675625156012,7.74786308686382
2026-04-30,2880,32.7,32.9,32.05,32.05,29661385.0,957876639.0,33.65,34.605000000000004,34.5625,34.0125,31.910416666666666,29.842916666666667,6.756756756756744,35.46099290780137,-0.16161278411981783,0.2008253553378496,-0.36243813945766745,15.307129383341389,32.57663926774842,17.834020235960786,,36.83635020105575,34.5625,32.28864979894425,26707821.2,19476154.45,1.1105879726347727,32.29372596728035
2026-04-30,2881,90.4,91.8,90.0,90.0,31101166.0,2823399768.0,89.12,88.50999999999999,88.17,90.65333333333334,91.15416666666667,87.50166666666668,66.03773584905665,62.50000000000007,0.02382525233264232,-0.4280217601291253,0.4518470124617676,27.60659744058127,18.05979337072207,18.80308853019853,,90.20971102184386,88.17,86.13028897815614,26308085.2,21188344.35,1.182190408901367,90.7811548930352
2026-04-30,2882,78.0,79.5,77.2,77.2,29476709.0,2297418031.0,75.97999999999999,75.57000000000001,74.17,74.52833333333334,70.54583333333333,66.22166666666666,59.154929577464756,66.92913385826768,0.9393387450458874,0.523247941567159,0.4160908034787284,31.333552036689284,13.348972838585905,18.48341860498504,,77.7898865931638,74.17,70.5501134068362,36172261.4,28864451.45,0.8148981528702544,77.9401130227937
2026-04-30,2883,21.5,21.6,21.3,21.5,56240224.0,1205740993.0,21.06,20.875,20.830000000000002,19.677500000000002,17.78708333333333,16.86479166666667,65.21739130434781,54.79452054794522,0.33518917613342225,0.310261167628601,0.024928008504821242,34.17703963970396,18.356138379133714,21.76093380767519,,21.856183527240326,20.830000000000002,19.803816472759678,55686568.6,44256413.8,1.0099423508023442,21.43912145513503
2026-04-30,2884,32.1,32.4,31.8,31.85,48508781.0,1552030167.0,32.36,32.584999999999994,32.535000000000004,33.075833333333335,,,7.142857142856812,43.54838709677419,-0.10181356409672304,-0.062272424133575484,-0.03954113996314756,17.366628939001068,23.42227100626638,11.679645576522256,,33.19202679589687,32.535000000000004,31.877973204103135,38538560.2,31670792.3,1.2587076618394268,31.994829286681107
2026-04-30,2885,51.3,53.0,51.3,52.2,33966640.0,1781272522.0,51.49000000000001,51.015,49.5225,45.545,40.63999999999999,36.52354166666667,87.50000000000016,75.28089887640452,1.7204184342817186,1.6117743903413648,0.10864404394035376,33.116099541072565,10.702838880176351,39.682686051580816,,53.541464909944544,49.5225,45.50353509005546,28765874.4,26954841.1,1.180796367518034,52.441822976897335
2026-04-30,2886,39.35,39.95,39.1,39.1,32116300.0,1265741065.0,39.739999999999995,39.67,39.5675,39.55583333333334,40.22833333333333,40.37020833333334,40.90909090909092,41.57303370786517,0.08765088861903791,0.0764545514183399,0.011196337200698014,16.054258295200118,20.661177938792996,11.170974489160386,,40.20762745441426,39.5675,38.92737254558575,29989600.8,26387967.7,1.070914555154732,39.41117329829401
2026-04-30,2887,24.05,24.15,23.8,23.8,61035540.0,1458368968.0,24.0,24.014999999999997,24.2475,23.644166666666663,21.348333333333333,18.967708333333334,45.94594594594597,40.74074074074074,-0.006738805840825535,0.07143186024020327,-0.07817066608102881,20.097333039678876,22.104992697610143,9.696827758069073,,24.930739189065154,24.2475,23.564260810934844,68654714.6,69691123.55,0.8890218298278383,23.893766942997473
2026-04-30,2889,14.75,14.75,14.5,14.5,4341405.0,63340167.0,14.6,14.834999999999999,15.032500000000002,15.9775,15.9125,14.950625,28.571428571428626,29.26829268292687,-0.3577350889142217,-0.336650340907035,-0.021084748007186682,17.583825338515492,35.05569203554166,21.84265842110125,,15.635365962234651,15.032500000000002,14.429634037765354,4313310.0,3159055.1,1.0065135591923604,14.589785334471214
2026-04-30,2890,31.85,31.9,30.95,30.95,38025170.0,1188593367.0,31.689999999999998,31.805,32.2425,31.026666666666667,28.829583333333332,26.288958333333333,34.285714285714235,28.915662650602314,0.013487436317017654,0.21183289561847315,-0.1983454593014555,20.991948129044914,25.05616417436255,17.69427295250107,,33.60642429177204,32.2425,30.878575708227956,27909622.0,24934791.25,1.3624394483020945,31.25806845833957
2026-04-30,2891,52.7,53.1,52.3,52.3,52055563.0,2736606502.0,52.86,52.970000000000006,53.58,52.28666666666667,47.96541666666667,44.761041666666664,28.571428571428385,34.54545454545449,0.06687456889950028,0.24324555114130192,-0.17637098224180164,19.707414894166593,15.308517602730944,24.30045218793046,,55.71699247591516,53.58,51.443007524084834,46217786.6,49929701.85,1.126310168215628,52.57087512433589
2026-04-30,2892,28.3,28.9,28.25,28.85,79928025.0,2294150909.0,28.470000000000006,28.564999999999998,28.615000000000002,28.933333333333334,28.82875,28.39333333333333,57.69230769230777,55.555555555555536,-0.07421833301865632,-0.08987735885346192,0.015659025834805593,20.82670896792488,19.140141560956614,11.200883892754986,,29.108217150852134,28.615000000000002,28.12178284914787,33893493.8,22298762.55,2.358211445289243,28.702709831751754
2026-04-30,2897,10.15,10.15,10.05,10.1,4071973.0,41135244.0,10.1,10.155,10.172500000000001,9.733833333333333,9.405000000000001,9.336333333333334,39.99999999999986,47.05882352941173,0.06822932193223608,0.10725725232957456,-0.039027930397338484,16.173770214341587,20.169695130679948,23.705887061412422,,10.396047946111006,10.172500000000001,9.948952053888997,3261838.8,3467007.7,1.2483673319478572,10.10204242513396
2026-04-30,2901,24.2,24.3,23.95,24.0,23607.0,570476.0,23.47,23.405,23.505000000000003,23.995833333333334,,,68.29268292682929,52.307692307692285,-0.07142482433431852,-0.15557676213961566,0.08415193780529714,32.6849607520115,14.855214657861001,21.100143630564173,,24.261654687283897,23.505000000000003,22.748345312716108,46370.2,43420.95,0.5090985158571669,24.165544118270006
2026-04-30,2903,22.35,22.45,22.15,22.2,2126464.0,47390730.0,22.240000000000002,22.445,22.720000000000002,22.669166666666666,22.633333333333333,22.443958333333335,23.076923076923194,28.571428571428612,-0.17790122542221098,-0.10627141412206909,-0.0716298113001419,13.003499702019875,22.104765085679613,18.68855697694948,,23.43774500676572,22.720000000000002,22.002254993234285,1881777.0,2068232.1,1.1300297537912303,22.28616614247878
2026-04-30,2904,16.2,16.25,16.15,16.25,45283.0,732793.0,16.26,16.405,16.5675,16.899166666666666,17.049583333333334,17.455416666666668,27.27272727272745,30.43478260869584,-0.17797552928468008,-0.14541811589605189,-0.03255741338862819,12.34298678397952,17.887108724059143,13.911038695728664,,16.994576968287785,16.5675,16.140423031712213,58493.6,56466.85,0.7741530697375439,16.18251882604951
2026-04-30,2905,13.85,13.85,13.55,13.7,501327.0,6843835.0,13.830000000000002,14.09,14.334999999999999,15.000833333333333,,,13.333333333333286,26.829268292682897,-0.2888424588516667,-0.24206290272275124,-0.04677955612891546,13.587653316733114,32.48082551733141,27.394402988364124,,15.028655458233377,14.334999999999999,13.641344541766621,609586.2,732182.45,0.8224054284693453,13.651439080679875
2026-04-30,2906,12.45,12.45,12.3,12.4,94355.0,1167977.0,12.4,12.645,12.804999999999998,12.729999999999999,13.144166666666667,14.227083333333333,18.749999999999886,27.272727272727153,-0.11887077201478569,-0.04556273771264543,-0.07330803430214025,13.676755909322152,25.63781632846036,19.857485689320892,,13.311692058459661,12.804999999999998,12.298307941540335,156547.4,116122.15,0.6027247977289946,12.37853849822479
2026-04-30,2908,20.8,20.8,20.6,20.65,170151.0,3516938.0,20.669999999999998,20.49,20.2875,20.27,20.262916666666666,20.183541666666667,63.99999999999987,66.6666666666666,0.13681305321165027,0.07404601950432911,0.06276703370732116,28.24780852661577,9.131021453065587,25.38355617849654,,20.83702132279886,20.2875,19.73797867720114,255171.2,205708.35,0.6668111448313916,20.669511198876293
2026-04-30,2910,21.8,22.0,21.55,21.6,15641.0,340293.0,21.99,22.29,21.975,,,,21.621621621621728,50.70422535211269,0.15263508545681503,0.22908372352037465,-0.07644863806355962,26.51986263833105,23.351629610474177,25.689689545952564,,23.209376040972113,21.975,20.74062395902789,8009.4,18755.9,1.9528304242515047,21.756473371267823
2026-04-30,2911,5.2,5.2,5.07,5.1,56375.0,288327.0,5.343999999999999,5.188,5.119000000000001,,,,50.537634408602145,51.10132158590309,0.06360978402394224,0.03201148788903546,0.03159829613490678,30.96354870953516,31.227842526249606,15.166525512962295,,5.560285204350761,5.119000000000001,4.677714795649241,516637.6,199304.6,0.10911904205191415,5.114447893569845
2026-04-30,2912,224.0,226.5,224.0,224.0,2596640.0,584625238.0,225.3,231.15,230.025,222.3,230.23333333333332,243.85,3.225806451612911,44.92753623188406,0.9061289591318769,2.3818230116450123,-1.4756940525131355,23.903107361626667,26.36202018938266,20.430739933545322,,239.92170333201761,230.025,220.1282966679824,2465859.6,2531869.5,1.0530364340289284,225.14681973627458
2026-04-30,2913,11.45,11.45,11.15,11.25,1455098.0,16360946.0,11.29,11.545,11.889999999999999,12.540833333333333,13.219166666666666,14.361666666666666,26.31578947368422,28.20512820512822,-0.3268443436978572,-0.27183398294143746,-0.05501036075641974,17.11838653317721,29.833374301281967,20.859701236002493,,12.740139307469821,11.889999999999999,11.039860692530176,2372196.8,2061362.85,0.6133968311566731,11.243879106424448
2026-04-30,2915,44.85,44.9,44.6,44.65,1862059.0,83344172.0,44.4,44.575,45.81,49.498333333333335,51.5475,52.467708333333334,52.94117647058825,28.57142857142864,-1.2726963723411444,-1.360065197519407,0.0873688251782625,10.993356338053395,31.653481505719256,48.06342878210934,,48.642071958645566,45.81,42.97792804135444,2059741.6,2345827.25,0.9040255340767016,44.7591467295075
2026-04-30,2916,45.6,45.7,45.3,45.4,68104.0,3093620.0,45.4,45.49,46.255,46.777499999999996,46.78875000000001,46.794374999999995,50.0,0.0,-0.5139640506054732,-0.4342662055207914,-0.0796978450846818,7.450312805106192,16.990466499300997,32.05503335737311,,48.083977281088224,46.255,44.42602271891178,68104.0,73288.5,1.0,45.42493832961353
2026-04-30,2923,21.6,21.6,21.5,21.5,11048.0,237463.0,22.77,24.805,22.702499999999997,21.07,20.784166666666668,21.796041666666667,12.244897959183689,54.878048780487816,0.7784174973944218,1.1683378517233707,-0.3899203543289489,27.597791266716676,24.99717159817835,23.32217384295561,,29.752358154601374,22.702499999999997,15.65264184539862,37435.0,136138.4,0.29512488313075996,21.49375452570601
2026-04-30,2924,,,,,,,,,,,,,50.0,66.66666666666666,0.39226956767338095,0.3704451831141153,0.021824384559265664,17.452591063054488,11.395897986895534,26.615712517866573,,,,,,,,
2026-04-30,2926,37.5,37.6,37.5,37.6,73913.0,2771832.0,37.6,37.46,37.455,37.563333333333325,37.681666666666665,37.74083333333333,50.0,43.750000000000014,0.03744285528966884,-0.024443531078683224,0.061886386368352066,8.27154385228743,16.613068934971643,30.952650416647387,,38.79030993839593,37.455,36.11969006160407,73913.0,44936.95,1.0,37.501278530163844
2026-04-30,2929,5.6,5.64,5.57,5.57,237113.0,1329074.0,5.654000000000001,5.863,6.046,6.9094999999999995,7.675583333333334,8.747166666666665,3.846153846153925,12.941176470588275,-0.2886026257414258,-0.26959167942626416,-0.019010946315161648,9.895904316180584,39.81306802246995,41.667246031114644,,6.5590055914326815,6.046,5.532994408567319,353352.8,275404.8,0.6710375579307706,5.605234634963077
2026-04-30,2937,43.4,43.75,43.4,43.75,2056.0,89507.0,43.75,43.885,44.4925,,,,50.0,0.0,-0.48777543693557845,-0.376604098052832,-0.11117133888274644,7.280672598824464,20.247107150175374,44.13876575189114,,45.870628020941886,44.4925,43.11437197905811,2056.0,5594.5,1.0,43.534533073929964
2026-04-30,2939,25.3,25.3,24.8,25.1,21009.0,525918.0,25.2,25.425,25.357499999999998,24.21833333333333,,,42.85714285714291,50.94339622641511,0.0837091102455787,0.16755080622249274,-0.08384169597691404,20.346083232148267,20.89324602598652,10.769759166988717,,26.60027914369399,25.357499999999998,24.114720856306008,16804.8,19361.1,1.2501785204227365,25.032985863201485
2026-04-30,2941,30.5,30.5,30.5,30.5,4216.0,128691.0,30.5,30.96,33.714999999999996,,,,50.0,0.0,-2.3284738565172596,-2.1330021593048096,-0.19547169721244995,13.769866035377998,36.60374750938576,36.887127606769305,,39.89417555393238,33.714999999999996,27.535824446067615,4216.0,6025.2,1.0,30.52443074003795
2026-04-30,2945,41.5,41.55,41.15,41.15,8353.0,344826.0,41.489999999999995,41.67,41.5625,41.03166666666666,,,40.47619047619045,47.32142857142853,0.13774716576546808,0.21749329634947234,-0.07974613058400426,17.322859869469447,23.475512237475314,14.632926079005632,,42.78633134372951,41.5625,40.33866865627049,21230.4,19896.9,0.3934452483231592,41.28169519932958
2026-04-30,2947,78.0,78.1,77.7,78.1,25492.0,1989114.0,78.1,78.09,78.03999999999999,,,,50.0,66.66666666666666,-0.20424947344764632,-0.2906068113908603,0.08635733794321399,9.536718642118656,7.506649042222355,19.076592795709615,,78.1596486083218,78.03999999999999,77.92035139167818,25492.0,16144.6,1.0,78.02895025890476
2026-04-30,2948,38.1,38.1,38.0,38.0,6211.0,236327.0,38.0,38.11,39.095,39.235,39.11749999999999,39.05875,50.0,0.0,-0.4829809851977771,-0.35678368250957904,-0.12619730268819807,19.92758647507846,25.435745759229405,27.614762239683415,,41.3711694507266,39.095,36.8188305492734,6211.0,4250.15,1.0,38.04975044276284
2026-04-30,2949,54.4,55.2,54.4,55.2,3480.0,191090.0,55.2,55.43000000000001,,,,,50.0,0.0,-1.8254766072553181,-1.8613878065889173,0.03591119933359921,4.463419115488463,19.890434405975917,41.84398542266156,,,,,3480.0,,1.0,54.910919540229884
2026-04-30,3002,18.0,18.2,18.0,18.05,122421.0,2214130.0,18.16,18.615000000000002,18.785,20.845000000000002,22.1875,18.298750000000002,16.1290322580645,32.85714285714285,-0.5531727296984457,-0.559604584248818,0.006431854550372318,17.838905875635046,25.26893599281169,15.721754481951644,,19.822760747195815,18.785,17.747239252804185,145464.2,269441.9,0.8415885145623458,18.086194362078402
2026-04-30,3003,56.4,56.6,54.1,54.7,625988.0,34540486.0,54.379999999999995,54.69,53.072500000000005,50.470000000000006,49.842499999999994,51.17458333333333,36.0,67.25978647686834,1.2465172958573447,1.2501273277712637,-0.003610031913918954,22.28231557022528,20.186703944924137,21.585490470772594,,57.76296905969964,53.072500000000005,48.38203094030037,632880.6,781246.45,0.9891091621389564,55.177552924337206
2026-04-30,3004,116.5,118.0,115.5,116.5,191361.0,22273684.0,116.4,116.0,114.525,110.54333333333332,111.57333333333334,117.37958333333334,53.846153846153854,51.16279069767442,2.179387169388093,2.128297670453069,0.051089498935024125,21.406123413818094,15.005231710771035,16.719846726911637,,121.91969938181369,114.525,107.13030061818633,329663.8,486922.15,0.5804731972391267,116.39615177596271
2026-04-30,3005,98.3,98.3,97.2,97.6,2706964.0,264575556.0,97.36,98.72,98.82500000000002,111.25833333333334,122.60833333333333,122.92833333333334,21.052631578947427,41.78082191780821,-3.8718493704551804,-4.40349631118421,0.5316469407290292,18.57529065299799,34.3316091258562,32.77137195391718,,101.84345202572618,98.82500000000002,95.80654797427385,3650646.0,4786251.7,0.7415027367759022,97.73885282552705
2026-04-30,3006,179.5,186.0,168.5,169.5,26728218.0,4728327826.0,170.3,163.9,160.375,157.5283333333333,120.64583333333333,87.63270833333333,51.72413793103448,57.37704918032787,3.076231550504673,1.4264541296012585,1.6497774209034144,30.96703577335373,16.280607634483424,20.007831030149585,,177.5547769730041,160.375,143.1952230269959,27550574.0,18234751.3,0.9701510393213586,176.90396815829624
2026-04-30,3008,2580.0,2580.0,2515.0,2515.0,1185538.0,3011183145.0,2565.0,2585.5,2498.25,2401.5,2307.2083333333335,2301.5208333333335,40.27777777777777,57.79467680608364,64.43714289219406,72.17003593764753,-7.732893045453466,28.80239699503577,22.112029869711037,22.95504267702899,,2913.4642756900853,2498.25,2083.0357243099147,1696086.8,1837402.05,0.6989842736822195,2539.929673279136
2026-04-30,3010,135.0,135.0,131.5,132.5,902400.0,119600412.0,133.9,135.15,131.725,124.99166666666666,113.14,105.13958333333333,25.0,55.38461538461538,2.530783689752951,2.9177272680795086,-0.38694357832655735,29.662710973410295,18.453955302901132,23.061059627249307,,143.42059071211364,131.725,120.02940928788635,1423993.2,1777195.35,0.6337108913160541,132.5359175531915
2026-04-30,3011,13.7,14.2,13.65,14.05,835535.0,11758047.0,13.76,13.91,13.247499999999999,13.313333333333334,13.58375,13.677291666666667,39.70588235294118,62.500000000000014,0.3187463361303813,0.24705995736898656,0.07168637876139472,29.013455690235507,17.815601857958605,20.19809225206115,,14.872137611414024,13.247499999999999,11.622862388585974,1469806.8,1621140.95,0.5684658691196693,14.07247691598796
2026-04-30,3013,111.0,111.0,104.0,104.5,6974143.0,742853544.0,110.7,111.65,106.705,108.91333333333334,117.465,115.88083333333334,17.647058823529406,51.04166666666667,1.7192180339822727,1.5030677255703246,0.21615030841194804,22.620686532098496,19.2140162701851,23.105643735849956,,118.83247641558427,106.705,94.57752358441573,4910979.2,4638701.15,1.4201125103523142,106.5153874820175
2026-04-30,3014,125.5,126.0,123.5,124.0,1185680.0,147757281.0,124.3,124.5,121.525,119.39166666666667,122.2625,127.58958333333334,26.31578947368422,63.41463414634146,1.7055528791446761,1.5561281169072154,0.1494247622374607,29.28022055616611,16.177206799086328,18.067736561981338,,128.72496345019874,121.525,114.32503654980127,952742.2,1022968.45,1.2444919517577788,124.61817775453748
2026-04-30,3015,50.0,50.4,49.55,49.6,300886.0,14997764.0,50.0,50.45,50.43,51.86833333333334,53.53916666666667,54.62270833333333,13.333333333333329,42.105263157894754,-0.40522552430468295,-0.36877890451581313,-0.036446619788869816,16.456793565381332,21.851987785056686,12.727520539042798,,51.820342631000976,50.43,49.03965736899902,263101.0,278074.1,1.1436140493574711,49.845336772066496
2026-04-30,3016,89.7,89.7,89.7,89.7,3049701.0,273558056.0,76.1,72.59,64.38000000000001,60.970000000000006,57.34375,46.283541666666665,70.03154574132492,82.10922787193974,5.837554854745747,3.393295237083231,2.444259617662516,44.95049011955148,8.775015397521605,34.43581579334084,,85.51302230110431,64.38000000000001,43.2469776988957,7795092.0,4968448.45,0.3912334838382921,89.6999594386466
2026-04-30,3017,2840.0,2870.0,2805.0,2835.0,3420271.0,9711527456.0,2846.0,2706.0,2463.75,1947.0833333333333,1622.4666666666667,1189.5125,64.0,75.0,239.614114009074,217.14489173513667,22.469222273937334,29.796091330380715,8.46517279076036,46.46601277952514,,3041.976644691853,2463.75,1885.523355308147,5060654.8,4357855.9,0.6758554248750577,2839.402917488117
2026-04-30,3018,10.7,10.7,10.6,10.7,21630.0,231270.0,,,,,,,49.999999999998224,22.222222222222,-0.35030811436115883,-0.35580052169024806,0.005492407329089233,26.2570475967984,34.447167944546564,23.681622256307346,,,,,29467.2,34613.85,0.734036488027366,10.692094313453536
2026-04-30,3019,141.0,143.0,138.5,138.5,6744292.0,948932635.0,141.3,135.55,130.425,137.86666666666667,141.4375,141.58958333333334,61.11111111111111,65.11627906976744,2.184733936919855,0.18762781155901095,1.9971061253608442,28.588812133146558,21.23199639625885,17.14666998433184,,144.84820863637685,130.425,116.00179136362318,16023819.0,6043464.3,0.4208916738263207,140.70159402944
2026-04-30,3021,16.75,17.55,16.7,17.2,459563.0,7856584.0,16.639999999999997,16.49,16.3725,16.89,17.2325,17.616875,67.50000000000001,61.038961038961034,0.04163583562678497,-0.04532006129053791,0.08695589691732288,26.827943985745172,16.916157569463536,14.379177115930528,,17.19037593963303,16.3725,15.554624060366969,203548.4,150568.55,2.2577578600470454,17.095771417629358
2026-04-30,3022,69.0,71.2,68.7,69.0,1190558.0,83250490.0,68.88,69.57000000000001,67.13000000000001,64.48333333333333,65.81583333333333,71.55,12.820512820512803,61.76470588235295,1.5686313148928548,1.6085141948819939,-0.039882879989139086,30.707469662200005,19.42753216558082,19.56871018534251,,73.9005554463883,67.13000000000001,60.359444553611716,688980.8,1001327.15,1.727998806352804,69.92560631233421
2026-04-30,3023,288.0,293.5,282.5,283.5,2726601.0,781664081.0,281.6,281.35,275.4,245.4,232.05833333333334,229.68541666666667,50.0,57.03703703703704,8.436599039337693,9.410125109645406,-0.9735260703077131,30.022358845815294,21.218915244381705,16.645027620310422,,291.3029954146304,275.4,259.49700458536955,3258433.0,2204577.8,0.8367828953365007,286.68077250760194
2026-04-30,3024,13.2,13.3,12.55,12.7,2469122.0,31693926.0,13.36,13.094999999999999,11.625,10.937,11.217166666666667,12.587958333333331,6.896551724138021,73.21428571428571,0.818755923275285,0.6560977451368529,0.16265817813843209,36.119002545499896,19.319443932139233,35.14933231787753,,14.934237469807702,11.625,8.315762530192298,3594675.4,3553412.75,0.686883160576891,12.836111783864872
2026-04-30,3025,61.4,61.8,60.0,60.1,387168.0,23540048.0,60.42,62.04,62.25999999999999,62.836666666666666,55.73708333333334,52.927708333333335,24.39024390243904,32.08955223880595,-0.10958998618569638,0.27645863520306524,-0.3860486213887616,20.297155901880515,26.593172338445193,15.912245549580545,,66.85445890520087,62.25999999999999,57.66554109479911,486938.6,748315.55,0.7951064056125352,60.80060335564923
2026-04-30,3026,233.5,233.5,212.5,212.5,17109724.0,3736898054.0,223.3,231.05,209.675,144.18833333333333,124.6575,103.67333333333335,26.490066225165563,55.42521994134897,23.25198163597102,26.7220392482112,-3.470057612240179,40.881097189652884,14.516933527372286,55.06604427878965,,280.05986305569087,209.675,139.29013694430915,8607450.8,8625696.55,1.9877806330301648,218.40785123126474
2026-04-30,3027,18.5,18.7,18.35,18.6,261074.0,4840649.0,18.25,18.910000000000004,19.092499999999998,21.625833333333333,22.7625,26.73479166666667,24.590163934426243,44.70588235294118,-0.6696937776713447,-0.693539106864418,0.02384532919307325,20.030389106775218,29.582295945361203,29.157657636660975,,20.257459904437674,19.092499999999998,17.92754009556232,457573.6,390171.95,0.5705617631786449,18.541290974972615
2026-04-30,3028,70.6,71.6,68.1,68.3,5772057.0,399385787.0,68.13999999999999,65.03999999999999,61.40999999999999,52.111666666666665,43.6725,38.1175,67.83216783216781,68.3127572016461,4.289863632136189,3.7220095736477177,0.5678540584884715,38.93576571725224,11.583096939333023,34.82698205675028,,73.22878967888413,61.40999999999999,49.59121032111585,10955819.8,6610866.95,0.5268484791982431,69.192973492812
2026-04-30,3029,96.6,103.0,96.6,102.0,4599211.0,460894093.0,96.42,96.67999999999999,96.7,106.27,110.5975,114.19666666666667,65.64885496183204,59.33014354066987,-1.958159865026957,-2.792173426374839,0.8340135613478821,27.915542371483987,21.471838341032026,22.029070521084677,,100.7429275479347,96.7,92.65707245206531,1758074.0,1506828.9,2.6160508602026993,100.21155650393078
2026-04-30,3030,356.0,358.0,339.5,342.5,6994340.0,2438663086.0,328.6,334.5,309.175,245.46666666666667,202.91666666666666,172.90166666666664,40.12738853503185,63.12292358803987,23.737353792475687,24.494246162465274,-0.7568923699895862,39.41614697324845,16.360202419359332,44.42539873790698,,374.77849396985437,309.175,243.57150603014563,6385689.2,8141843.5,1.0953148173888576,348.6623592790742
2026-04-30,3031,32.5,33.25,31.1,31.55,5958933.0,190535651.0,32.5,31.99,29.7275,23.69,21.935416666666665,20.176041666666666,47.61904761904763,59.30232558139535,2.4954004315176412,2.5931412232578013,-0.09774079174016004,28.247902223104767,17.194923236481532,40.97448460038192,,37.31561224010424,29.7275,22.13938775989576,10477869.8,10415268.05,0.5687160762390844,31.97479330611705
2026-04-30,3032,62.2,65.1,61.7,64.0,803247.0,51613562.0,63.3,63.129999999999995,62.720000000000006,67.98166666666667,78.44833333333332,,47.49999999999996,49.32432432432432,-0.7795429939489509,-1.209005961412499,0.4294629674635482,18.78379357908681,14.408689117022327,13.598344936568107,,65.1768700670387,62.720000000000006,60.2631299329613,543798.0,524723.95,1.4771054693102954,64.25615283966202
2026-04-30,3033,36.0,36.0,35.55,35.75,3160218.0,112924451.0,35.61,35.225,34.2825,32.2975,31.021666666666665,31.557291666666668,61.53846153846156,69.99999999999997,0.9193184263902694,0.8304804657650009,0.0888379606252685,28.271092364464128,17.905301336014926,17.337654231155895,,36.70699669220772,34.2825,31.85800330779228,5790401.2,4368117.85,0.545768400296684,35.73312062648843
2026-04-30,3034,409.5,413.0,407.0,409.0,2586981.0,1058793719.0,412.9,414.85,405.075,388.03333333333336,393.6791666666667,440.8375,25.773195876288668,58.62068965517241,7.338930896069428,8.012400398803438,-0.6734695027340099,23.029091742323715,14.679485151420737,24.99514226102216,,430.7024421172532,405.075,379.44755788274676,3709404.0,3992249.7,0.6974114979117939,409.2777330022911
2026-04-30,3035,170.0,172.5,167.0,168.0,9878768.0,1675851186.0,176.9,174.55,161.45,161.40833333333333,164.93333333333334,170.12708333333333,38.29787234042553,60.69364161849711,5.593676235485702,4.400645512544541,1.1930307229411614,31.00173938388166,24.97392548554714,22.095411778287435,,191.8038777545276,161.45,131.09612224547237,26306204.8,11803716.95,0.37552995862025673,169.64171908885805
2026-04-30,3036,203.0,207.5,202.5,204.0,4991122.0,1025033303.0,202.8,209.8,218.875,196.10833333333332,169.3,,32.72727272727272,32.231404958677686,-2.6919983654798614,1.1201564008412914,-3.812154766321153,17.594840784125314,24.9255177189222,22.575714996564567,,242.29535776615694,218.875,195.45464223384306,6896777.8,7413251.3,0.7236889667519809,205.3713179120847
2026-04-30,3037,828.0,883.0,815.0,883.0,34452546.0,29614041091.0,828.0,761.5,677.775,489.225,332.87083333333334,224.40250000000003,84.93723849372385,80.3970223325062,91.91486532479121,77.18990362601905,14.724961698772162,45.62708375420191,18.28149315948132,35.98818813789489,,892.902985162322,677.775,462.64701483767794,25285091.0,22723252.6,1.3625636546057913,859.5603091568327
2026-04-30,3038,23.2,23.2,22.85,22.9,305878.0,7018852.0,22.85,23.11,22.1675,22.603333333333335,21.8625,22.2225,20.0,72.99999999999997,0.33071278645665814,0.25550017568209765,0.07521261077456048,27.82319267106063,19.88213821609655,26.57735924012235,,24.770590268770754,22.1675,19.564409731229247,315744.8,549197.9,0.9687507126008092,22.946573470468618
2026-04-30,3040,43.85,43.85,42.85,42.85,129828.0,5620799.0,44.34,44.855,46.665000000000006,47.4475,53.88374999999999,54.83229166666667,0.0,27.48815165876779,-1.081831134370816,-0.6822923799691156,-0.3995387544017004,21.61399463154367,30.923704707554457,15.275223573227189,,51.52071827848339,46.665000000000006,41.80928172151662,119339.6,197220.2,1.0878870048165068,43.29419693748652
2026-04-30,3041,23.7,24.55,23.45,23.5,1003750.0,24053462.0,23.78,23.744999999999997,22.845000000000002,24.056666666666665,25.647083333333335,25.912708333333335,32.60869565217391,61.666666666666664,0.13687052426730517,-0.021767882864364076,0.15863840713166924,22.97219571820066,18.88345763118346,19.129511849918636,,25.097460642801735,22.845000000000002,20.59253935719827,1555342.8,1757073.7,0.6453561234217948,23.963598505603986
2026-04-30,3042,160.0,160.0,150.0,153.0,2506834.0,391381530.0,148.9,154.9,134.28500000000003,103.87666666666665,95.37083333333334,91.99125000000001,35.71428571428572,66.82692307692308,14.942348259679648,14.98190875886223,-0.039560499182583087,43.013127565978834,21.466358510345547,43.125760864077826,,185.54024466104116,134.28500000000003,83.02975533895889,3789291.8,10634935.4,0.6615573918060362,156.1258264408413
2026-04-30,3043,20.3,20.75,20.3,20.5,75474.0,1549789.0,21.02,21.04,20.305,21.295,21.860000000000003,23.248749999999998,37.66233766233769,59.83606557377047,0.05610294114431724,-0.026937627610174694,0.08304056875449194,24.12013992972548,20.777981567683053,19.56774991682627,,22.283276762077218,20.305,18.32672323792278,195508.2,152187.95,0.38604007402247065,20.534077960622202
2026-04-30,3044,450.0,457.5,446.0,448.5,3725592.0,1680068710.0,464.2,451.2,413.05,380.975,346.6625,295.0083333333333,41.40624999999999,74.25742574257426,26.028677730217566,22.266437720473686,3.7622400097438806,30.703395329288615,14.078341425941026,36.25291270326272,,502.46617656542224,413.05,323.6338234345778,6788766.2,5623299.45,0.5487877900405526,450.95348873413946
2026-04-30,3045,111.5,112.0,111.0,111.5,7770207.0,867324447.0,111.9,112.4,111.1,108.71666666666667,108.52083333333333,109.93958333333333,36.36363636363636,57.89473684210526,0.8993428731306778,1.0186887107199745,-0.11934583758929662,24.229421824229398,11.539059912636707,33.98913264948993,,114.03078038825971,111.1,108.16921961174027,11698998.8,10540758.15,0.6641770918037875,111.62179424563593
2026-04-30,3046,48.25,49.0,48.25,48.5,181625.0,8828468.0,47.81,48.345,48.07,49.29,48.718333333333334,47.31875,36.92307692307693,53.12499999999996,-0.027085920680988806,-0.043048067362017994,0.015962146681029188,24.423558487244613,25.676893412386057,16.54347247322797,,49.93671679130674,48.07,46.20328320869326,149019.0,156897.95,1.2188043135439106,48.60822023399862
2026-04-30,3047,14.9,14.9,14.45,14.65,693262.0,10157791.0,14.73,15.285,15.522499999999999,16.861666666666668,17.618333333333332,18.682708333333334,13.953488372093048,38.157894736842096,-0.46262951782211736,-0.39337693783490746,-0.0692525799872099,14.427767649475706,30.773295436845356,20.83581198534423,,16.60949247080012,15.522499999999999,14.43550752919988,1223795.8,1202002.3,0.566485029610332,14.65216757877974
2026-04-30,3048,38.7,39.85,38.1,38.15,1616472.0,62878925.0,38.559999999999995,38.955,37.935,38.59166666666667,38.663333333333334,33.51729166666667,30.952380952380977,51.11111111111111,0.2665638988395074,0.2467598803702348,0.019804018469272572,23.938529425370874,16.440243350230876,20.564885430753492,,42.01384142477022,37.935,33.856158575229784,2096257.2,3329620.65,0.771122932815687,38.898864316857946
2026-04-30,3049,12.75,12.85,12.1,12.2,4763095.0,59058654.0,12.42,12.925,12.357499999999998,11.323833333333333,9.059166666666668,7.776416666666667,36.5079365079365,51.70068027210884,0.13723416986257142,0.23761854380999187,-0.10038437394742045,29.07337599623514,26.534271996812613,17.147774324003223,,14.14142677451807,12.357499999999998,10.573573225481926,5794392.4,11684798.25,0.822018025565545,12.399218155422052
2026-04-30,3050,12.3,12.3,12.1,12.25,345415.0,4220122.0,12.3,12.695,12.9575,13.350833333333332,12.824166666666667,13.067499999999999,17.857142857142847,27.65957446808511,-0.2743920057118494,-0.17343780034909295,-0.10095420536275646,14.422990196556414,30.441509548235874,17.102385110152717,,13.81851225616315,12.9575,12.09648774383685,621185.2,707940.2,0.5560580000940138,12.217541218534228
2026-04-30,3051,27.5,28.8,27.05,28.35,11137534.0,313387761.0,25.909999999999997,24.59,22.465,22.245833333333334,21.062083333333337,23.673541666666665,71.72413793103449,82.35294117647058,1.4938103072945985,0.7598551517087929,0.7339551555858056,46.91325357701462,15.789511076326335,25.318072383843134,,27.947709664313805,22.465,16.982290335686194,8951489.0,3623900.6,1.2442102090501368,28.137984674165754
2026-04-30,3052,10.65,10.65,10.6,10.65,397233.0,4229253.0,10.67,10.82,10.9225,11.294166666666666,11.299166666666668,11.836666666666666,23.07692307692298,31.578947368421012,-0.13845838598902205,-0.11595743707392603,-0.02250094891509602,8.299382457440288,26.468372260337308,30.91894475897959,,11.247712481148435,10.9225,10.597287518851564,631773.0,679572.4,0.6287590637776543,10.646781611799623
2026-04-30,3054,67.9,68.2,66.0,66.0,258503.0,17277369.0,70.53999999999999,71.83,70.465,52.895833333333336,38.56041666666667,,37.5,40.3765690376569,2.8359695282639734,4.422477885858778,-1.5865083575948047,26.417470767114942,26.857141195627626,22.713486685067167,,79.54784096524871,70.465,61.3821590347513,808171.6,794617.6,0.3198615244584195,66.83624174574376
2026-04-30,3055,80.0,80.0,74.6,78.3,2138937.0,166893345.0,78.14,78.2,69.1,67.50833333333334,65.11166666666666,60.84041666666666,24.793388429752056,72.72727272727272,4.722019935869,3.608712117708117,1.1133078181608824,29.30577589618619,20.237705656338623,30.318901705037405,,88.98990751744782,69.1,49.21009248255217,1888963.4,1228950.9,1.1323337445288777,78.02630231745957
2026-04-30,3056,14.0,14.0,13.8,13.9,1160781.0,16094455.0,14.030000000000001,14.24,14.540000000000001,15.883333333333333,17.52583333333333,24.589999999999996,0.0,9.090909090909065,-0.42024214760861867,-0.4168376791829867,-0.003404468425631968,15.10724298759655,33.00480386967166,28.51904416231483,,15.271688746012916,14.540000000000001,13.808311253987085,1271247.6,1260304.3,0.9131037887505156,13.865195071249444
2026-04-30,3057,20.7,22.3,19.8,20.15,2376732.0,49080069.0,19.57,19.169999999999998,18.0525,17.559166666666666,15.602583333333335,12.877375,62.162162162162154,68.18181818181817,0.8605089440397435,0.6597459618809466,0.20076298215879695,40.82672516032229,10.797460204996282,33.597270661790134,,21.157076418264197,18.0525,14.9479235817358,1081169.0,579253.15,2.1982983233888502,20.650232756574994
2026-04-30,3058,8.68,8.68,8.56,8.58,737938.0,6354058.0,8.728,8.919,9.064,9.722666666666667,10.319666666666668,10.457041666666667,1.61290322580669,32.08955223880595,-0.2570996979303857,-0.2270699522392863,-0.03002974569109937,22.76114520477643,27.842908683199337,9.554721720425153,,9.54616179856926,9.064,8.58183820143074,780214.0,1005328.2,0.945814866177741,8.610558068564025
2026-04-30,3059,41.0,41.55,40.25,40.3,7032257.0,287730548.0,39.7,38.67,37.5625,38.58083333333333,42.1925,42.020208333333336,62.87878787878785,66.97674418604652,0.5860943586061822,0.10312952855049676,0.48296483005568547,27.70122850851931,16.306404825375793,16.444751120834407,,40.61793088528155,37.5625,34.50706911471845,7943318.8,3304685.1,0.8853046411784454,40.91581806523851
2026-04-30,3060,28.0,29.2,27.7,28.05,3036479.0,86164162.0,27.65,28.685000000000002,29.267500000000002,30.95583333333333,28.761250000000004,25.43791666666667,29.213483146067432,41.52046783625731,-0.7701821439660463,-0.5863088593890528,-0.1838732845769936,26.534232714417,26.24228908070406,12.128743850279683,,31.916288203569696,29.267500000000002,26.618711796430308,3871969.8,2980442.3,0.7842207343662649,28.376340491734013
2026-04-30,3062,25.6,25.8,24.85,24.9,3836018.0,96815155.0,25.51,27.675,29.2875,26.616666666666667,25.550416666666667,24.828125,3.125,24.186046511627907,-0.4492781956873877,0.37209575132490386,-0.8213739470122916,19.514750523866162,32.86570427023015,24.570484567366446,,34.18399444957692,29.2875,24.39100555042308,6528704.8,19482673.4,0.5875618698520417,25.238451696524887
2026-04-30,3064,19.9,20.75,19.9,20.75,3927.0,79396.0,20.75,20.735,,,,,50.0,100.0,-3.077535653382803,-3.9867786490410824,0.9092429956582793,2.4861431642326766,33.50714373468947,83.45855039224368,,,,,3927.0,,1.0,20.21797810033104
2026-04-30,3066,19.25,20.0,18.8,18.9,471186.0,9103516.0,18.9,19.214999999999996,19.835,17.545,16.0975,15.37375,50.0,42.24137931034482,0.06450188321752393,0.3798036570255751,-0.3153017738080512,13.065006524867087,8.95309849770013,38.622077019251336,,22.243559298571846,19.835,17.426440701428156,471186.0,1257140.9,1.0,19.320429724142908
2026-04-30,3067,18.0,18.0,18.0,18.0,3000.0,54000.0,18.0,18.060000000000002,18.64,,,,50.0,12.820512820512832,-0.16426431320625667,-0.08247626768883573,-0.08178804551742094,13.865782344003435,11.9880052365299,14.187228111748313,,19.997474435157166,18.64,17.282525564842835,3000.0,23640.0,1.0,18.0
2026-04-30,3071,30.5,31.0,29.95,30.35,539729.0,16318499.0,30.35,30.330000000000002,29.6025,26.21,24.73,23.99,50.0,100.0,1.0015484095132372,1.1398776308613392,-0.138329221348102,16.818533068654393,4.451250928897686,51.177608941570085,,31.697475191411968,29.6025,27.50752480858803,539729.0,726697.25,1.0,30.2346158905673
2026-04-30,3073,22.7,23.45,22.6,23.0,65944.0,1510177.0,23.0,23.4,24.8325,28.176666666666666,29.113333333333333,29.581666666666667,50.0,20.792079207920807,-1.463672264526025,-1.3719296267849528,-0.09174263774107216,6.404625383623398,19.077054929274908,41.795799714214226,,28.319509727847766,24.8325,21.345490272152233,65944.0,88416.1,1.0,22.90090076428485
2026-04-30,3078,56.0,56.0,55.3,55.5,550828.0,30658197.0,55.5,55.69,55.575,59.03666666666667,60.718333333333334,61.55916666666666,50.0,57.142857142857125,-0.71310301353315,-0.859243243173681,0.14614022964053097,10.748341400723058,16.475915128486257,23.695862357348975,,57.619633540708385,55.575,53.53036645929162,550828.0,1849139.8,1.0,55.65838519465241
2026-04-30,3081,2610.0,2685.0,2605.0,2640.0,3667019.0,9774588805.0,2640.0,2636.0,2518.5,1689.8333333333333,1392.4166666666667,1243.7083333333333,50.0,100.0,244.13497507690045,276.8705525106797,-32.73557743377927,24.346281456899707,2.4821078869073165,72.5372484381005,,2825.3704509792533,2518.5,2211.6295490207467,3667019.0,2873949.25,1.0,2665.5408125782824
2026-04-30,3083,27.65,27.65,27.15,27.25,84600.0,2309765.0,27.25,27.23,27.252499999999998,29.628333333333334,31.264166666666664,32.08208333333333,50.0,36.363636363636424,-0.41583063678695353,-0.5619728992698592,0.14614226248290563,7.7284485495616995,10.499288218894284,32.96597898703484,,27.502710437747794,27.252499999999998,27.0022895622522,84600.0,102007.5,1.0,27.302186761229315
2026-04-30,3085,11.65,11.65,11.2,11.55,3185.0,36415.0,11.55,11.670000000000002,12.342500000000001,,,,50.0,0.0,-0.31198431531430515,-0.21766249309269178,-0.09432182222161337,9.784205982680128,29.428413084893506,38.51001773517455,,13.84066554492486,12.342500000000001,10.844334455075142,3185.0,2836.45,1.0,11.433281004709576
2026-04-30,3086,39.0,40.0,37.25,38.6,1601040.0,61142663.0,38.6,64.03999999999999,167.12,207.43166666666667,216.71583333333334,221.35791666666668,50.0,7.2335920959774285,-56.71506070880653,-39.36985379037778,-17.34520691842875,14.04306113935083,54.70985910102621,60.31639477389952,,410.4096268366487,167.12,-76.16962683664869,1601040.0,803795.25,1.0,38.18934130315295
2026-04-30,3088,105.0,109.5,104.5,108.0,3588158.0,384078229.0,108.0,106.97999999999999,100.15,88.18333333333334,85.24166666666666,83.77083333333331,50.0,100.0,6.025287747957748,5.656000806631297,0.36928694132645123,20.19841611887268,2.3329552420773383,58.7935412123668,,115.45772079015924,100.15,84.84227920984077,3588158.0,3380712.5,1.0,107.04050072488447
2026-04-30,3090,98.9,99.5,96.0,96.3,2407728.0,234355002.0,97.34,101.61999999999999,100.505,96.54666666666667,91.06583333333333,,22.619047619047606,43.686006825938556,0.628313119569313,1.7313515842434537,-1.1030384646741407,23.24361371811795,26.055550675035505,15.788343048660737,,112.84022555422821,100.505,88.16977444577178,3663526.6,5770278.5,0.6572159186724617,97.33450040868404
2026-04-30,3092,32.75,32.75,32.0,32.0,442602.0,14277538.0,32.339999999999996,33.28,32.0,28.956666666666667,22.090416666666666,20.46833333333333,30.188679245282998,58.25825825825826,0.8402848238598786,1.1127690086738304,-0.27248418481395187,32.260471287984146,21.033173620287393,28.302517306686678,,36.9868247465329,32.0,27.013175253467097,826816.6,1418084.4,0.535308555730497,32.258186813435096
2026-04-30,3093,62.0,64.0,58.1,58.5,3501804.0,213434835.0,58.5,59.95,63.135000000000005,42.38583333333333,34.117916666666666,29.983958333333337,50.0,40.15444015444015,3.078813562247646,5.068461293591817,-1.9896477313441707,13.475218265219352,10.895675269941444,37.02399285150532,,74.22511413732724,63.135000000000005,52.04488586267277,3501804.0,5837032.5,1.0,60.94996607462896
2026-04-30,3094,27.05,27.9,26.2,26.2,1400471.0,37870978.0,26.32,26.225,24.6625,24.524166666666666,24.674166666666668,24.758541666666666,26.470588235294088,68.30601092896175,0.7575886319888383,0.5710115081385204,0.18657712385031788,33.04715624934436,12.813623365605388,29.1066649746529,,28.22456253084986,24.6625,21.100437469150144,1262980.4,1160370.05,1.108862021928448,27.041601004233577
2026-04-30,3095,41.0,41.2,40.75,41.2,12281.0,502127.0,41.2,40.510000000000005,36.88250000000001,,,,50.0,100.0,2.56285581234674,2.1772562108500075,0.38559960149673245,39.20906873820191,1.8083308088515266,75.41098143275711,,44.976505254052654,36.88250000000001,28.788494745947364,12281.0,34280.85,1.0,40.88649132806775
2026-04-30,3105,530.0,552.0,528.0,536.0,29315001.0,15903709107.0,536.0,536.3,511.1,356.2916666666667,296.3958333333333,266.4479166666667,50.0,90.0,45.971149985201976,52.2406895021046,-6.269539516902626,19.359324724811223,2.599666560429122,67.59017226895116,,583.3915151168836,511.1,438.80848488311636,29315001.0,35287835.15,1.0,542.5109522254494
2026-04-30,3114,25.8,26.45,25.75,25.8,117634.0,3061625.0,25.8,25.865,26.15,25.844999999999995,25.597500000000004,25.47375,50.0,20.000000000000213,-0.07517680744541622,-0.006264197417274983,-0.06891261002814124,6.212886793634675,9.305228161090874,17.444718387003075,,26.805342417527342,26.15,25.494657582472655,117634.0,113293.3,1.0,26.026701463862487
2026-04-30,3115,10.0,10.0,10.0,10.0,1013.0,10125.0,10.0,9.944999999999999,9.705,10.072000000000001,10.386,10.543000000000001,50.0,82.35294117647058,0.04618570199037819,-0.01665640642698085,0.06284210841735904,23.255283970637606,10.421000492261626,26.507722785490998,,10.256457399223121,9.705,9.153542600776879,1013.0,26583.45,1.0,9.995064165844028
2026-04-30,3118,34.7,34.7,33.5,33.6,14259.0,484879.0,33.6,33.585,33.55,33.266666666666666,33.13333333333333,33.06666666666667,50.0,60.00000000000114,0.07514127543914384,0.08170527402870349,-0.0065639985895596525,9.080555376690773,2.847228996875261,34.295644010023075,,33.66697953037293,33.55,33.43302046962707,14259.0,16207.75,1.0,34.005119573602634
2026-04-30,3122,34.9,35.0,32.65,32.7,1141830.0,38472760.0,32.7,32.02,28.605,26.526666666666667,25.413333333333334,24.85666666666667,50.0,100.0,1.948591618835792,1.4956101017299748,0.45298151710581713,22.007078070417112,2.7233179779809387,51.339201867904684,,36.24250441467699,28.605,20.96749558532301,1141830.0,571445.1,1.0,33.693947435257435
2026-04-30,3128,23.65,24.2,23.6,23.8,127369.0,3046392.0,23.8,23.884999999999998,24.12,25.29416666666667,25.722083333333334,25.936041666666664,50.0,35.48387096774189,-0.37176406540062246,-0.38763056263152174,0.01586649723089928,6.5411938268248315,13.925565751551122,29.778968577663925,,24.792309452558932,24.12,23.44769054744107,127369.0,142896.55,1.0,23.917845001530985
2026-04-30,3130,222.5,222.5,220.5,221.0,31515.0,6965868.0,221.2,221.35,220.975,222.44166666666666,223.60833333333332,225.32083333333333,44.444444444444436,50.0,-0.21865310495886092,-0.36235808811803527,0.14370498315917435,22.628350415977117,13.47362515612131,17.86913586120691,,222.40678210632726,220.975,219.54321789367273,23063.4,27729.65,1.3664507401337183,221.0334126606378
2026-04-30,3131,2895.0,3045.0,2895.0,2950.0,916720.0,2719914565.0,2950.0,2980.5,3103.75,2278.5833333333335,1956.7916666666667,1795.8958333333333,50.0,37.05882352941176,125.48286810537047,198.044539719495,-72.56167161412452,15.434106874348366,6.948954004501644,58.833404522342256,,3420.291757451566,3103.75,2787.208242548434,916720.0,1000960.9,1.0,2967.006899598569
2026-04-30,3138,154.0,159.0,151.5,152.0,1394143.0,215898729.0,155.6,170.55,172.925,169.85,131.61666666666667,110.16041666666666,3.4883720930232585,31.66666666666667,-4.215319490627394,-0.37108692645012,-3.8442325641772737,22.493207629506163,30.54431112541472,17.79230102396552,,199.15731233662407,172.925,146.69268766337595,2304659.8,3866885.2,0.6049235553117212,154.86125096206055
2026-04-30,3141,46.75,49.5,46.2,47.85,693419.0,33231037.0,47.85,47.485,45.222500000000004,45.127500000000005,45.113749999999996,45.10687500000001,50.0,97.36842105263149,1.0545483658940142,0.6946892786774976,0.3598590872165166,13.495368016743441,4.96398101538992,31.88668128843985,,50.26917425663985,45.222500000000004,40.17582574336016,693419.0,496799.75,1.0,47.923458976463
2026-04-30,3147,170.0,173.0,169.5,172.0,146299.0,25049194.0,172.0,171.1,165.575,168.425,167.4625,166.98125,50.0,100.0,1.531344653193372,0.4624665443352367,1.0688781088581354,17.881362318585794,8.9110020018545,26.14321477541738,,177.92206442843826,165.575,153.22793557156172,146299.0,147435.35,1.0,171.21917443044723
2026-04-30,3149,49.0,49.5,46.8,47.3,18968149.0,915945482.0,45.17,44.8,43.625,46.53666666666666,41.989583333333336,37.596250000000005,60.5504587155963,65.12820512820511,0.07904502667174995,-0.5003253155670724,0.5793703422388223,30.964631121311502,19.099954011583627,13.745497986583054,,47.77488902831963,43.625,39.47511097168037,9439674.4,6115162.8,2.0094071253135595,48.28860644230494
2026-04-30,3150,19.4,19.4,19.1,19.1,34282.0,661644.0,19.759999999999998,20.035,19.1125,18.295833333333334,19.157083333333333,20.855833333333333,7.142857142857139,54.83870967741937,0.5706339268018894,0.6314299686720588,-0.060796041870169404,33.95298078509092,16.171454865617125,41.164902498774055,,21.7432643476053,19.1125,16.4817356523947,111729.0,139017.5,0.3068317088669907,19.300040837757425
2026-04-30,3152,185.0,196.0,170.0,171.0,8098610.0,1488038999.0,171.0,170.7,166.325,153.54166666666666,152.27083333333334,151.63541666666666,50.0,77.5,5.6653543936373865,5.733937399804301,-0.06858300616691437,11.441780501310737,2.739775655856347,42.806258080208615,,177.2326264966073,166.325,155.41737350339267,8098610.0,4290133.7,1.0,183.74004909484466
2026-04-30,3158,90.4,90.4,89.3,89.3,13779.0,1233457.0,89.3,89.28,90.265,90.16166666666666,89.53083333333332,89.21541666666667,50.0,6.060606060606133,-0.5351123220919334,-0.4174163396493282,-0.11769598244260515,9.429146057848904,10.999699682361982,19.494526146756133,,93.14087057757261,90.265,87.38912942242739,13779.0,24174.55,1.0,89.51716379998548
2026-04-30,3162,77.5,78.6,72.5,73.2,5615771.0,421568147.0,73.2,72.33000000000001,68.135,61.90833333333333,61.604166666666664,61.452083333333334,50.0,84.72222222222221,3.685371356213494,3.303987819172627,0.38138353704086736,16.343522867628845,3.5248782870065187,49.04342451763265,,77.67081062157412,68.135,58.59918937842589,5615771.0,5131011.95,1.0,75.06861426507598
2026-04-30,3163,1145.0,1145.0,1125.0,1145.0,3477898.0,3980479195.0,1145.0,1153.0,1198.25,825.2083333333334,641.3541666666666,549.4270833333334,50.0,15.151515151515156,60.59833443378852,88.0568029656909,-27.458468531902383,20.047743461377372,10.595468502550112,41.53359123764828,,1302.1363245141179,1198.25,1094.3636754858821,3477898.0,1992981.1,1.0,1144.5071692729343
2026-04-30,3164,17.8,17.9,17.7,17.7,91598.0,1627325.0,17.830000000000002,17.875,17.9875,18.066666666666666,18.36916666666667,19.23166666666667,35.71428571428574,45.833333333333286,-0.08920949809227707,-0.06571831117512097,-0.0234911869171561,16.31425444934677,19.582659824314312,12.889692112493325,,18.496239412148867,17.9875,17.478760587851134,53097.8,53236.75,1.7250808884737219,17.765944671281034
2026-04-30,3167,818.0,894.0,790.0,861.0,8033647.0,6818682787.0,758.8,709.4,641.975,398.0083333333333,296.26666666666665,214.54166666666666,78.54889589905363,69.58762886597938,103.32897165894713,93.33285440380467,9.996117255142451,44.766510075433594,6.817906407191518,58.994641651558844,,864.6176154412639,641.975,419.3323845587362,2491906.8,2699644.0,3.223895452269724,848.7655465817704
2026-04-30,3168,43.7,44.9,43.05,43.8,52174.0,2300882.0,43.82,44.245,44.0125,,,,32.14285714285721,54.577464788732385,0.5488938234412402,0.8092328225838783,-0.26033899914263814,31.084000708127448,18.78463828635114,29.365470035546366,,48.211231011301415,44.0125,39.81376898869859,31703.0,67575.7,1.6457117622937891,44.100164833058614
2026-04-30,3169,106.5,106.5,103.0,103.0,292465.0,30505709.0,103.0,102.24,96.65,96.69000000000001,96.895,96.99749999999999,50.0,100.0,2.3640317766342065,1.5675912780729389,0.7964404985612676,20.702365382584347,7.611737192317874,32.75989066144455,,109.31117147652202,96.65,83.98882852347799,292465.0,272410.95,1.0,104.30550322260784
2026-04-30,3171,68.8,69.9,68.4,69.1,113455.0,7889441.0,69.1,68.83,69.05999999999999,57.94416666666667,52.97208333333333,50.486041666666665,50.0,45.045045045045,2.2957287109371265,2.886911288928988,-0.5911825779918614,16.57898763510603,4.037059662195421,62.20186092021954,,72.2371552982939,69.05999999999999,65.88284470170608,113455.0,121779.85,1.0,69.53806354942488
2026-04-30,3176,33.65,34.25,32.5,32.95,658808.0,21782034.0,32.95,32.705,32.1125,31.885833333333334,31.992916666666666,32.046458333333334,50.0,62.025316455696235,0.3330151438891136,0.20946477447178694,0.12355036941732664,11.737165823785267,6.403437586684466,25.287610408928636,,34.002048818327374,32.1125,30.222951181672617,658808.0,492629.2,1.0,33.062795230173286
2026-04-30,3178,71.2,74.4,70.7,72.3,288336.0,20997876.0,72.3,72.32,70.65,61.041666666666664,58.670833333333334,57.485416666666666,50.0,92.85714285714276,3.2257213683323442,3.577720357544894,-0.3519989892125497,11.539904921120163,2.197376115448496,58.28172971279768,,75.43924233102295,70.65,65.86075766897706,288336.0,590890.3,1.0,72.82432994839354
2026-04-30,3188,25.8,26.05,25.4,25.75,566198.0,14626927.0,25.75,25.839999999999996,26.4875,29.130000000000003,28.915000000000003,28.8075,50.0,0.0,-1.0974010926210482,-1.1559628628368592,0.05856177021581099,6.297359225337253,23.908999347319273,52.88752734892764,,27.957149080921287,26.4875,25.017850919078715,566198.0,398218.9,1.0,25.83359001621341
2026-04-30,3189,516.0,556.0,510.0,528.0,49392113.0,26443871028.0,517.0,485.1,427.7,319.825,227.57083333333333,158.90166666666667,68.71794871794872,80.49792531120332,52.95552704428735,45.70507534318112,7.250451701106229,40.05307495448371,11.815657228855049,44.9715522044215,,563.6343494795253,427.7,291.76565052047465,45973161.4,34754764.5,1.0743684248784335,535.386510554833
2026-04-30,3191,13.85,14.0,13.85,14.0,15500.0,216599.0,14.0,13.965,13.790000000000001,,,,50.0,100.0,-0.049630026744710065,-0.12813645760262937,0.07850643085791931,10.801730688378049,11.381580854017189,30.687923806382624,,14.181488387943636,13.790000000000001,13.398511612056366,15500.0,12874.6,1.0,13.974129032258064
2026-04-30,3205,56.3,56.6,56.0,56.2,131623.0,7409131.0,56.2,56.790000000000006,58.75500000000001,52.848333333333336,50.274166666666666,48.98708333333334,50.0,25.316455696202524,0.4385049718692713,1.1650388498956852,-0.7265338780264139,15.025409467811867,12.925749304440885,36.04426652972138,,63.71270532658622,58.75500000000001,53.7972946734138,131623.0,262687.65,1.0,56.29054952401936
2026-04-30,3206,34.9,34.9,33.95,34.4,63358.0,2172854.0,34.4,34.71,35.997499999999995,34.785,33.2425,32.47125,50.0,10.144927536231918,-0.5299575627123119,-0.20874107815834306,-0.3212164845539688,12.801156022845436,18.079203219565596,25.49691632067103,,38.97380555166006,35.997499999999995,33.021194448339934,63358.0,102736.3,1.0,34.29486410555889
2026-04-30,3207,63.5,64.0,62.1,62.3,152661.0,9574157.0,62.3,62.61,63.975,67.60666666666667,67.75333333333334,67.82666666666667,50.0,3.1250000000002416,-1.6470181790048386,-1.6338980014604692,-0.013120177544369449,8.169415623182056,15.282932167970154,28.649614807019212,,67.08483160823471,63.975,60.86516839176529,152661.0,251370.75,1.0,62.71514663208023
2026-04-30,3209,50.9,52.8,50.5,52.2,2968972.0,154764494.0,52.9,50.86,47.3375,40.09,36.024166666666666,35.881875,60.47619047619049,74.42528735632186,3.266350667268668,3.0189686265446083,0.24738204072405967,29.659502756810348,9.597673680237017,48.94664051430238,,55.91745675366365,47.3375,38.75754324633635,7147585.4,4610685.25,0.41538111597799166,52.127299954327626
2026-04-30,3211,363.0,371.0,360.5,360.5,5483808.0,1999894703.0,360.5,360.35,364.5,330.78333333333336,325.89166666666665,323.4458333333333,50.0,8.57142857142857,6.583969065507745,8.915340691048062,-2.331371625540317,15.594523341849511,8.020227493994811,36.37033043777052,,378.65329606394846,364.5,350.34670393605154,5483808.0,6387140.9,1.0,364.69086864456233
2026-04-30,3213,105.5,106.0,104.5,104.5,161104.0,16942629.0,104.5,104.8,104.425,101.44500000000001,100.5725,100.13625,50.0,62.50000000000001,0.809723716794835,1.0396959779657977,-0.2299722611709627,14.689396358035598,7.01458347368947,34.0037378472066,,108.04184654739048,104.425,100.80815345260952,161104.0,232234.4,1.0,105.16578731750919
2026-04-30,3217,168.5,170.0,166.0,166.5,922442.0,154687528.0,166.5,166.15,161.975,157.94166666666666,157.47083333333333,157.23541666666668,50.0,100.0,2.8387510561552745,2.5280686226611464,0.31068243349412805,15.854554746593186,5.19437482289954,33.48664899864161,,171.98276014690077,161.975,151.96723985309922,922442.0,722180.5,1.0,167.69350051276936
2026-04-30,3218,140.0,143.5,133.5,136.0,1649435.0,227890873.0,136.0,135.6,133.075,137.0,138.75,139.625,50.0,92.85714285714286,0.17533986970374826,-0.43393161274174796,0.6092714824454962,9.189553465926597,4.748046891100133,33.9127089209919,,138.71578195400514,133.075,127.43421804599484,1649435.0,876261.35,1.0,138.16299096357238
2026-04-30,3219,65.9,70.5,65.7,67.0,469445.0,31996083.0,67.0,67.25999999999999,66.085,63.904999999999994,61.9525,60.97625000000001,50.0,72.0430107526882,0.7523135994200914,0.8767459925998727,-0.12443239317978139,11.23290364720644,7.08929970556042,22.956665842128036,,71.2753858491598,66.085,60.89461415084018,469445.0,484575.75,1.0,68.15725590857289
2026-04-30,3221,44.5,44.5,42.75,42.85,1077895.0,46461364.0,42.85,43.005,40.977500000000006,33.85583333333333,31.377916666666668,30.13895833333333,50.0,84.26395939086296,2.436828887431595,2.724604566316152,-0.2877756788845569,20.295497697921856,4.772519925932494,55.47171616582601,,47.82597082432118,40.977500000000006,34.12902917567883,1077895.0,7973848.05,1.0,43.103793968800304
2026-04-30,3224,52.5,53.0,50.1,50.6,1850728.0,94835505.0,50.6,49.69,44.1625,,,,50.0,100.0,2.4532547767327273,1.6120693699260364,0.8411854068066908,22.58293084637403,6.631972136078577,44.66469728443074,,56.48970034805362,44.1625,31.835299651946386,1850728.0,908552.0,1.0,51.2422706091873
2026-04-30,3226,,,,,31.0,1279.0,,,,,,,50.0,3.076923076923123,-2.8823077475935506,-2.8671785532512746,-0.015129194342275998,1.5476336546976146,14.468019047122532,74.84020077357836,,,,,31.0,4368.75,1.0,41.25806451612903
2026-04-30,3227,208.0,209.0,204.5,207.5,1289521.0,266806128.0,207.5,206.55,198.625,194.48333333333332,193.24166666666667,192.62083333333334,50.0,100.0,4.484952885412838,3.5785522743869675,0.9064006110258704,15.231266604418511,7.071814431414365,29.56346101917048,,216.7818458888536,198.625,180.4681541111464,1289521.0,1043511.85,1.0,206.9032826917902
2026-04-30,3228,198.0,203.0,190.0,198.0,714055.0,139566496.0,198.0,192.05,162.225,140.95,137.225,135.3625,50.0,100.0,18.855155044276728,15.022448650122993,3.8327063941537354,26.622558970924725,1.7918749207653948,59.93010306226013,,228.9723437279479,162.225,95.47765627205209,714055.0,508000.15,1.0,195.45622676124387
2026-04-30,3229,38.8,40.6,38.0,40.05,772058.0,30618492.0,38.1,37.045,29.3025,24.560833333333335,20.68791666666667,17.59125,51.56249999999998,87.91423001949319,4.854886222219864,3.8990409031301234,0.9558453190897409,51.41521510412611,12.008197054582487,45.72135107432472,,46.309541111505,29.3025,12.295458888495002,549619.8,781845.7,1.404712857870113,39.65827955930772
2026-04-30,3230,35.75,38.0,35.2,35.5,733746.0,26713736.0,35.5,36.285000000000004,38.245,36.975,33.6125,31.93125,50.0,37.19999999999999,-1.0171894812915099,-0.47522940638672867,-0.5419600749047813,8.486843593080865,11.388202755335156,22.6279631004887,,44.327234700122,38.245,32.162765299878,733746.0,1067049.4,1.0,36.407334418177406
2026-04-30,3231,139.5,140.5,136.0,137.0,26873000.0,3707088331.0,140.4,140.7,135.95,133.96666666666667,138.08333333333334,125.57166666666667,23.07692307692308,53.2258064516129,2.5513520122671025,2.367876056675297,0.1834759555918053,25.13236735452556,26.51953780730944,12.729674592361073,,148.04567125702005,135.95,123.85432874297993,31405845.6,39492693.6,0.8556687293909385,137.94843638596362
2026-04-30,3232,21.5,21.6,21.35,21.4,58643.0,1256722.0,21.4,21.52,21.96,22.427500000000002,22.538749999999997,22.594375,50.0,25.641025641025607,-0.3160034884738181,-0.26023456959921215,-0.055768918874605944,7.409958777246456,14.612836404010551,24.06548713076364,,23.02553668217141,21.96,20.894463317828592,58643.0,53173.25,1.0,21.430042801357366
2026-04-30,3234,108.5,117.0,107.5,113.5,4356828.0,496676856.0,113.5,113.7,114.6,87.01166666666668,71.05583333333334,63.07791666666666,50.0,48.83720930232558,5.415740274617363,7.115468503565315,-1.6997282289479516,11.56874808701867,4.353108127662299,51.921340162998725,,119.50542127596974,114.6,109.69457872403025,4356828.0,6109157.5,1.0,113.99964744993376
2026-04-30,3236,30.65,31.0,29.7,29.75,1110151.0,33569432.0,29.75,30.3,31.947499999999998,30.410833333333336,29.705416666666668,29.352708333333332,50.0,32.51533742331287,-0.43396206634253076,0.011821696878173957,-0.44578376322070473,13.27805580970021,16.83899341001272,19.785884933055836,,36.45894451134529,31.947499999999998,27.43605548865471,1110151.0,4413265.35,1.0,30.23861798980499
2026-04-30,3252,19.05,19.25,19.05,19.25,4002.0,76486.0,19.25,19.335,19.7325,19.419166666666666,18.909583333333334,18.654791666666664,50.0,20.68965517241365,-0.16572404305055954,-0.07779765947950552,-0.08792638357105402,20.010766344573756,14.736873619155352,41.74824969055827,,20.63761703227004,19.7325,18.827382967729964,4002.0,47060.0,1.0,19.111944027986006
2026-04-30,3257,53.7,54.2,52.8,53.3,497799.0,26582011.0,53.839999999999996,54.42999999999999,53.705000000000005,59.41166666666666,63.14833333333333,60.95583333333333,15.68627450980388,53.27868852459015,-0.7300222518994701,-0.9739420824020635,0.24391983050259336,16.510792428248855,23.766105215328484,19.565866210104495,,55.906889141050435,53.705000000000005,51.503110858949576,290360.6,293118.6,1.714416487636408,53.399084771162656
2026-04-30,3259,17.25,17.35,17.0,17.0,51768.0,891748.0,17.0,17.01,17.060000000000002,17.86583333333333,18.532916666666665,18.866458333333334,50.0,47.36842105263154,-0.1866868942156934,-0.21234144822074658,0.025654554005053176,13.207515264755077,16.627624356019503,21.45155476321409,,17.28147828692416,17.060000000000002,16.838521713075846,51768.0,41489.5,1.0,17.225853809303043
2026-04-30,3260,468.0,471.0,433.0,436.0,38088261.0,17211780113.0,436.0,429.25,399.775,356.80833333333334,334.65416666666664,323.57708333333335,50.0,91.55844155844156,20.509869473357753,17.979924800150997,2.5299446732067565,15.648610973445983,6.0662809278260035,30.34673182044575,,467.09393844739583,399.775,332.4560615526041,38088261.0,29586039.65,1.0,451.89199141961353
2026-04-30,3264,197.5,202.5,192.0,195.0,10425767.0,2046953110.0,195.0,192.7,188.425,164.55833333333334,159.52916666666667,157.01458333333332,50.0,56.666666666666664,8.454777804132931,8.509061593412282,-0.05428378927935107,18.059536918374622,6.4481175788968015,41.74728047487747,,206.0744371462368,188.425,170.77556285376323,10425767.0,20169454.15,1.0,196.3359731710866
2026-04-30,3265,164.5,173.5,163.0,168.0,1716470.0,287867202.0,168.0,167.9,166.525,146.98333333333332,141.49166666666667,138.74583333333334,50.0,65.625,5.604798339857126,6.512480812142698,-0.9076824722855719,9.360404637055957,5.199398910748577,30.913532209681183,,171.77130195571377,166.525,161.27869804428624,1716470.0,3044271.6,1.0,167.70884547938502
2026-04-30,3266,13.5,13.7,13.35,13.5,57999.0,780686.0,13.580000000000002,13.75,13.655000000000001,13.675833333333335,13.699166666666667,14.439166666666665,18.18181818181816,44.11764705882354,0.018845749531129385,0.048852578117000306,-0.03000682858587092,14.937054461689636,29.084464854372737,17.292510339632077,,14.223377191290679,13.655000000000001,13.086622808709324,66168.8,75446.35,0.8765309330077015,13.46033552302626
2026-04-30,3268,17.5,17.6,17.05,17.2,40707.0,701293.0,17.2,17.19,16.697499999999998,,,,50.0,97.05882352941192,0.375457949555674,0.35484336299653685,0.02061458655913717,16.834104151387038,4.700965690502219,44.97668689464128,,18.17379514949454,16.697499999999998,15.221204850505455,40707.0,125712.75,1.0,17.227823224506842
2026-04-30,3272,17.7,17.95,17.55,17.9,68085.0,1206382.0,17.9,17.86,16.725,17.895833333333332,18.747916666666665,19.173958333333335,50.0,94.28571428571425,0.27735346718345255,0.08387957584822008,0.19347389133523246,19.387337235233947,13.84253351247365,37.40048251917046,,19.683573625032295,16.725,13.766426374967708,68085.0,145445.85,1.0,17.718763310567674
2026-04-30,3276,15.15,15.2,14.75,14.85,106151.0,1589856.0,14.85,14.810000000000002,14.477500000000001,14.291666666666666,14.320833333333333,14.335416666666665,50.0,100.0,0.20340926859846675,0.16804310010803977,0.03536616849042698,10.887910644710736,4.49683572205411,33.00386811059995,,15.262541064966841,14.477500000000001,13.69245893503316,106151.0,138381.15,1.0,14.977305913274487
2026-04-30,3284,16.1,16.15,15.4,15.7,411678.0,6486244.0,15.7,16.009999999999998,17.564999999999998,19.203333333333333,19.701666666666664,19.950833333333332,50.0,0.0,-1.0738282507109211,-0.9045638131110622,-0.16926443759985899,3.9396913445059045,23.885244535128194,44.54129891074672,,21.045033272678204,17.564999999999998,14.084966727321792,411678.0,244893.3,1.0,15.755624541510597
2026-04-30,3285,28.4,28.7,28.05,28.5,14352.0,406853.0,28.5,28.470000000000006,28.5825,28.934166666666666,29.192083333333336,29.321041666666662,50.0,31.818181818181912,-0.0667406934451833,-0.0956992399535762,0.0289585465083929,12.392650397200224,9.967964461587817,12.47140973250538,,29.122748480842738,28.5825,28.04225151915726,14352.0,12120.3,1.0,28.348174470457078
2026-04-30,3287,28.3,28.3,28.0,28.05,28710.0,806907.0,28.05,28.169999999999998,28.490000000000002,29.2,29.65,29.875,50.0,35.1351351351351,-0.281520575022693,-0.25220114264044796,-0.029319432382245048,10.237703888969083,17.263479636707142,18.0282497795286,,29.42954076127928,28.490000000000002,27.550459238720723,28710.0,41305.2,1.0,28.10543364681296
2026-04-30,3288,15.1,15.45,14.95,15.45,14117.0,213683.0,15.45,15.48,15.367500000000001,,,,50.0,59.99999999999998,0.0414890045992653,0.024991746993443142,0.016497257605822158,11.708655203802396,13.584586220674538,12.57102384981224,,15.93344122811844,15.367500000000001,14.801558771881563,14117.0,19679.45,1.0,15.13657292625912
2026-04-30,3289,198.5,204.0,196.0,199.0,3169500.0,634022417.0,199.0,197.1,180.75,147.8,137.65,132.575,50.0,100.0,15.137654708480312,14.741999656569318,0.39565505191099426,22.774378482298278,3.7569789937136657,55.36154565378574,,218.91929049435063,180.75,142.58070950564937,3169500.0,5992267.7,1.0,200.0386234421833
2026-04-30,3290,47.4,47.7,46.3,46.65,657644.0,30869258.0,46.65,46.85,46.925,47.269999999999996,48.535,49.1675,50.0,55.05617977528085,0.09539858205320684,0.1360266997878624,-0.04062811773465555,13.949189322167161,12.278213139292559,14.619330730811608,,48.74549732939008,46.925,45.10450267060991,657644.0,638707.6,1.0,46.93916161327405
2026-04-30,3293,756.0,758.0,738.0,748.0,2072976.0,1545817397.0,748.0,750.7,760.6,726.3,714.65,708.825,50.0,23.07692307692308,2.544133875244256,6.6041741708256225,-4.060040295581366,8.437963433049427,6.4823332127258615,34.86316290417151,,784.4892180039841,760.6,736.710781996016,2072976.0,1925792.2,1.0,745.6996110905288
2026-04-30,3294,30.8,31.0,30.45,30.5,321433.0,9875738.0,30.5,30.79,31.51,34.72416666666666,35.687083333333334,36.16854166666667,50.0,38.297872340425506,-1.1111762223733628,-1.1249077000325653,0.013731477659202573,9.557189739512875,21.214232079779755,33.48414614876498,,33.781007195983825,31.51,29.238992804016178,321433.0,456579.85,1.0,30.724094912470093
2026-04-30,3296,19.85,19.85,19.35,19.5,130643.0,2563235.0,19.8,20.365000000000002,21.0125,22.665000000000003,22.165416666666665,21.813333333333333,6.6666666666667425,11.538461538461561,-0.6762524907824385,-0.5471010191602365,-0.12915147162220209,10.48460302530093,36.83595098871073,26.999488429870176,,22.688923197417807,21.0125,19.33607680258219,120220.6,102458.85,1.0866939609351476,19.620148037016907
2026-04-30,3297,31.8,32.05,31.75,32.05,78281.0,2501351.0,32.05,32.535,34.0075,36.19916666666667,37.29958333333333,37.84979166666667,50.0,33.986928104575156,-1.1287381713170959,-0.9390538555710358,-0.18968431574606004,7.032650986399188,20.579474774200676,34.55158237923026,,38.08494437504418,34.0075,29.93005562495582,78281.0,266238.95,1.0,31.953488075011816
2026-04-30,3303,49.4,49.4,48.75,49.0,294507.0,14417174.0,49.0,48.75,47.61,46.42833333333333,45.53916666666667,45.09458333333334,50.0,82.6666666666667,0.7331236332984332,0.5912849815435077,0.1418386517549255,18.7151854014946,5.725973407299834,32.402421352391066,,50.20485320546166,47.61,45.01514679453834,294507.0,248026.25,1.0,48.953586841738904
2026-04-30,3305,110.0,111.5,106.5,108.5,3017208.0,329063361.0,106.0,111.0,111.6,110.20166666666665,106.67583333333333,90.8775,27.58620689655173,34.61538461538463,-0.3452062577180044,0.852609408955442,-1.1978156666734465,26.029080371293013,24.01821050337525,15.8949960247176,,125.24049698122151,111.6,97.95950301877848,2403945.6,5069234.4,1.2551066047418045,109.062206185321
2026-04-30,3306,46.8,47.7,46.4,46.4,123274.0,5773295.0,46.4,46.505,46.9425,47.029999999999994,46.940000000000005,46.894999999999996,50.0,22.2222222222224,-0.2391145143886746,-0.16386541977454333,-0.07524909461413126,8.022427984603867,10.082260162027701,11.824633013568222,,47.962961711806564,46.9425,45.92203828819344,123274.0,120027.7,1.0,46.833030484935996
2026-04-30,3308,23.0,23.0,20.65,20.65,260912.0,5567910.0,21.16,21.3,21.044999999999998,21.600833333333334,18.525416666666665,17.99458333333333,9.677419354838818,46.95652173913042,-0.08087041173591913,-0.08526828396670948,0.004397872230790342,27.734041909381123,18.843260068607233,11.009971683174056,,22.12051701153674,21.044999999999998,19.969482988463255,166680.2,206793.95,1.5653448939946075,21.34018366345741
2026-04-30,3310,70.0,70.3,69.2,69.9,40132.0,2812096.0,69.9,70.14,70.87,72.71666666666667,72.50833333333334,72.40416666666667,50.0,29.41176470588242,-1.0006404876511823,-0.9220845468444051,-0.07855594080677719,9.07225766961501,10.46270435432863,11.046413336774714,,72.81351824223385,70.87,68.92648175776615,40132.0,154242.6,1.0,70.07116515498853
2026-04-30,3311,31.05,31.05,30.55,30.65,265551.0,8156759.0,31.080000000000002,31.854999999999997,32.144999999999996,32.225833333333334,32.735416666666666,34.13729166666667,0.0,37.113402061855695,-0.3240044938037592,-0.0948744733127305,-0.22913002049102868,21.804656830995953,25.67413733340948,14.084386253837868,,33.73672200693775,32.144999999999996,30.553277993062245,187765.8,252562.9,1.4142671349095524,30.716355803593284
2026-04-30,3312,41.9,42.3,40.4,40.8,1744087.0,71834521.0,41.160000000000004,42.575,40.1175,38.080000000000005,38.41291666666666,42.690625,6.578947368421041,61.29807692307692,1.3611263181266509,1.4925249550107464,-0.1313986368840956,30.629889636581364,14.856446907184779,36.607392376394195,,46.8726364472557,40.1175,33.3623635527443,1610217.2,2793842.0,1.083137728251816,41.1874642721378
2026-04-30,3313,11.85,12.1,11.85,12.05,91545.0,1101941.0,12.05,12.14,12.43,12.772499999999999,12.96125,13.055625,50.0,28.000000000000014,-0.20353458808461156,-0.161109288397318,-0.042425299687293555,9.157688484506881,19.33234287959074,26.84117996970968,,13.17790936687047,12.43,11.68209063312953,91545.0,95430.65,1.0,12.037151127860614
2026-04-30,3317,55.4,56.8,55.4,55.7,3072666.0,172393975.0,55.7,55.59000000000001,53.714999999999996,49.590833333333336,48.57041666666667,48.06020833333333,50.0,100.0,1.872942054957072,1.8782403646262007,-0.005298309669128809,17.926632066920153,4.606233928473749,44.48574865221622,,58.41853730270059,53.714999999999996,49.0114626972994,3072666.0,2723648.3,1.0,56.10566687039854
2026-04-30,3321,15.8,16.25,15.6,16.0,277033.0,4406964.0,16.060000000000002,16.295,16.14,16.988333333333333,17.094583333333333,12.158916666666666,15.789473684210478,51.94805194805195,-0.12799523042392735,-0.1501031170592033,0.022107886635275936,20.309970918875113,18.701448332541087,14.930095551598754,,16.973887535015017,16.14,15.306112464984984,238735.2,316896.95,1.1604195778418933,15.907722184721676
2026-04-30,3322,13.7,13.9,13.3,13.5,1013035.0,13732863.0,13.5,13.520000000000001,13.4875,14.389999999999999,14.919999999999998,15.185,50.0,54.166666666666664,-0.1284501967514977,-0.1865805172052357,0.05813032045373798,6.507661833504251,6.363040837689589,15.002825054021805,,13.784635446697594,13.4875,13.190364553302407,1013035.0,946964.05,1.0,13.55615847428766
2026-04-30,3323,34.5,35.1,33.65,33.65,929976.0,31931620.0,33.65,33.6,33.022499999999994,36.175,38.0125,38.93125,50.0,96.87500000000017,-0.3831759824708385,-0.6295091131404704,0.24633313066963192,12.294108408933853,8.786120062965582,18.47816781585494,,34.401086232340624,33.022499999999994,31.643913767659363,929976.0,714111.9,1.0,34.335961358142576
2026-04-30,3324,1160.0,1175.0,1130.0,1140.0,3079706.0,3551894245.0,1140.0,1129.5,1064.0,1034.65,1019.825,1012.4125,50.0,80.0,36.02359723352106,27.178695011666477,8.844902221854582,17.548486008968595,8.808272492322343,23.969038238684718,,1211.669617015396,1064.0,916.3303829846041,3079706.0,4012114.8,1.0,1153.3225070834683
2026-04-30,3325,13.1,13.15,12.95,13.0,152946.0,1995242.0,13.0,13.035,12.9025,13.9475,14.49875,14.774375000000001,50.0,64.51612903225804,-0.15585712898461423,-0.21973603634791436,0.06387890736330012,6.778068212807891,10.218871828566842,37.660862905908566,,13.541145771185098,12.9025,12.263854228814902,152946.0,244003.3,1.0,13.045401645025041
2026-04-30,3332,62.7,63.1,62.2,62.6,19019.0,1187476.0,62.6,62.55,61.69,58.821666666666665,57.01083333333334,56.10541666666667,50.0,100.0,1.0910888350933945,1.1259753482896953,-0.03488651319630076,15.90579913227191,6.691584140909644,34.62885814359865,,63.90848691916942,61.69,59.471513080830576,19019.0,36999.35,1.0,62.436300541563696
2026-04-30,3338,76.7,77.0,74.1,74.2,2338115.0,176534707.0,77.2,75.21000000000001,67.985,59.54083333333334,56.02375,55.38979166666666,41.70616113744075,68.62745098039215,5.067709042371561,4.477502586511126,0.590206455860435,37.35767801304355,11.403592586419078,44.23594352112603,,85.37153744166797,67.985,50.59846255833203,8053049.0,4901490.25,0.29033910013461983,75.50300434324231
2026-04-30,3339,56.0,57.8,54.8,54.8,1059760.0,60026813.0,54.8,56.25,55.025,38.36833333333333,33.18416666666666,30.592083333333335,50.0,61.12600536193029,4.244585077594074,5.605778205836428,-1.3611931282423537,19.910181219260334,8.39115243023165,50.69083748620621,,71.35719294264528,55.025,38.69280705735471,1059760.0,5900467.7,1.0,56.64189344757303
2026-04-30,3346,17.35,17.45,17.1,17.15,220999.0,3803391.0,17.419999999999998,17.884999999999998,18.015,19.581666666666667,19.99041666666667,22.679166666666667,16.666666666666657,37.7049180327869,-0.4915047682852105,-0.4542465203967817,-0.0372582478884288,12.658362357813374,26.542365593520383,20.531697229662708,,18.817692836316585,18.015,17.212307163683416,389497.4,368236.0,0.5673953150906783,17.20999190041584
2026-04-30,3349,26.3,26.3,25.7,25.7,60334.0,1560433.0,25.7,25.97,27.014999999999997,28.200833333333332,29.02541666666667,29.437708333333333,50.0,15.625,-0.6411862104766044,-0.5266736326213332,-0.11451257785527125,10.250296240443763,15.723042966580211,19.92740725519749,,29.481853952112402,27.014999999999997,24.54814604788759,60334.0,133332.7,1.0,25.863244605031987
2026-04-30,3354,26.75,27.2,26.3,26.35,242688.0,6470847.0,26.35,26.53,26.577499999999997,25.95,25.250000000000004,24.9,50.0,57.64705882352944,-0.0034408843723561233,0.10116082862674465,-0.10460171299910077,14.951859309917312,12.50826498675514,17.603656518628558,,28.414108716887593,26.577499999999997,24.7408912831124,242688.0,379413.8,1.0,26.663234276107595
2026-04-30,3356,52.7,54.2,52.6,54.0,1031097.0,55301665.0,52.56,52.480000000000004,51.45,49.14,48.07791666666667,49.66833333333333,55.769230769230795,62.931034482758626,1.116857013452801,1.0687691730536872,0.048087840399113846,28.370396783772637,15.763954792266771,20.01254107434032,,55.08303555837545,51.45,47.816964441624556,725771.4,670237.7,1.4206911432442777,53.63381427741522
2026-04-30,3357,168.5,174.0,163.5,165.0,2595158.0,435005728.0,165.0,166.6,164.675,158.375,155.1875,153.59375,50.0,62.7906976744186,1.9323027499000887,2.6348107256649604,-0.7025079757648718,15.067511059493977,9.862280033036562,22.254974856112504,,183.9685085892694,164.675,145.38149141073063,2595158.0,3093591.4,1.0,167.62205923492905
2026-04-30,3360,13.55,13.7,13.3,13.3,272289.0,3659101.0,13.3,13.385000000000002,13.745000000000001,14.580000000000002,14.49,14.445,50.0,13.636363636363669,-0.4085449264735441,-0.3926533369473302,-0.015891589526213945,10.1178148394731,16.000419765588678,17.818864302760108,,14.573378250750109,13.745000000000001,12.916621749249893,272289.0,292486.05,1.0,13.438299013180849
2026-04-30,3362,106.5,109.5,106.5,108.0,495471.0,53606611.0,108.0,108.5,105.275,102.79333333333334,103.64666666666668,104.07333333333332,50.0,77.27272727272727,2.174143055099208,2.1783199716965047,-0.004176916597296909,16.331006303400514,10.953057265918657,24.41208899335715,,118.4278463999643,105.275,92.12215360003572,495471.0,589855.25,1.0,108.1932363347199
2026-04-30,3363,774.0,797.0,769.0,769.0,1203683.0,944073991.0,769.0,782.0,798.4,612.675,520.3375,474.16875,50.0,47.64890282131662,30.032258937224583,46.459801526977664,-16.42754258975308,18.109432916515185,9.418009931595108,45.30450131574989,,903.1772574760853,798.4,693.6227425239147,1203683.0,4438702.85,1.0,784.3211136154619
2026-04-30,3372,18.25,18.9,18.25,18.5,509346.0,9511427.0,18.5,18.655,19.3,20.495833333333334,20.547916666666666,20.573958333333337,50.0,25.92592592592591,-0.6165873871243228,-0.5690978808593068,-0.047489506265016024,8.353032044174146,16.649775747323183,25.15959093264562,,20.818309309032482,19.3,17.78169069096752,509346.0,648547.2,1.0,18.673803269290424
2026-04-30,3373,17.1,17.1,16.8,16.9,59161.0,999479.0,16.9,16.915,16.9625,17.646666666666665,18.248333333333335,18.549166666666668,50.0,33.33333333333333,-0.13185653505416894,-0.16048129287169685,0.028624757817527907,4.100935501909088,11.383830124883373,42.628277027990606,,17.087631509768084,16.9625,16.837368490231913,59161.0,54421.15,1.0,16.894220854955122
2026-04-30,3374,203.0,207.5,199.0,200.5,8815574.0,1792333714.0,200.5,198.9,185.525,173.375,168.6875,166.34375,50.0,100.0,8.833923680022792,7.549081653522972,1.2848420264998204,20.49330021393015,7.019300181814733,33.595026328769784,,216.19210049273624,185.525,154.85789950726377,8815574.0,7301251.7,1.0,203.31446528609482
2026-04-30,3376,208.0,208.0,202.0,204.0,3801517.0,777201725.0,206.9,209.5,204.7,206.39166666666668,209.32916666666668,209.83333333333334,0.0,48.14814814814815,0.7115110730218817,0.7636581968126697,-0.05214712379078801,21.03452364468349,24.005691802797504,9.693336376691557,,223.8377279628216,204.7,185.5622720371784,5336583.2,6729430.05,0.712350366803988,204.44515307967845
2026-04-30,3379,40.5,41.8,38.8,38.8,3468781.0,140203867.0,38.8,38.65,37.7025,40.74083333333333,42.920416666666675,44.01020833333333,50.0,69.52380952380949,-0.11791361390451272,-0.44153328370773237,0.32361966980321966,11.084283937021242,8.281427232851309,34.036153687457116,,39.92427619792921,37.7025,35.48072380207079,3468781.0,1668519.05,1.0,40.418771608815895
2026-04-30,3380,34.4,34.45,33.55,33.6,2358642.0,79994410.0,34.54,37.25,38.0375,35.123333333333335,33.0475,30.35875,5.555555555555543,28.84615384615381,-0.31958232641800066,0.5732068783223297,-0.8927892047403304,18.7649134154516,28.974655355799644,21.524266477507048,,43.37543524048183,38.0375,32.699564759518175,3689942.6,8776410.05,0.63920831722423,33.915452196645354
2026-04-30,3388,117.0,119.5,113.0,114.5,961886.0,111804747.0,114.5,112.97999999999999,96.42999999999999,74.115,67.95750000000001,64.87875,50.0,100.0,12.627502156907866,11.71403241159699,0.9134697453108753,29.264038038669042,0.6390946845963947,79.18393155496052,,135.65309201692827,96.42999999999999,57.20690798307171,961886.0,1888675.0,1.0,116.23492492873376
2026-04-30,3390,25.9,26.45,25.35,25.35,1184539.0,30602007.0,25.35,25.240000000000002,24.19,23.130833333333335,22.71541666666667,22.507708333333333,50.0,91.66666666666666,0.7431546231378299,0.6569775001795041,0.0861771229583258,19.181892964265426,4.722914819132318,42.85018576658188,,26.808476857379404,24.19,21.5715231426206,1184539.0,722773.25,1.0,25.834528875790497
2026-04-30,3402,131.5,131.5,129.0,129.0,574493.0,74591509.0,129.0,129.3,128.1,128.05,128.525,128.7625,50.0,64.28571428571428,0.5376449281118312,0.48641013268592403,0.05123479542590714,12.890565005742552,13.358222161251621,10.32880419098959,,133.75313140983314,128.1,122.44686859016683,574493.0,771246.95,1.0,129.83884747072636
2026-04-30,3406,513.0,520.0,504.0,509.0,938364.0,478656759.0,508.2,515.9,493.425,459.6666666666667,445.0125,426.16875,31.14754098360656,63.27543424317618,16.714131270241467,17.972834048568675,-1.2587027783272084,30.278780294166534,19.214432745396017,24.75893944289042,,559.1519271103451,493.425,427.69807288965484,1523857.6,1881822.3,0.6157819470795696,510.0971041088533
2026-04-30,3413,313.0,313.5,308.0,309.5,847638.0,263599778.0,312.3,317.65,312.675,301.35833333333335,306.60833333333335,,27.472527472527474,46.40522875816993,2.5970649648316453,4.181279247085044,-1.5842142822533987,23.239763118356045,24.060335277734723,17.214333499333375,,334.48102282808514,312.675,290.8689771719149,1815565.0,2075227.75,0.4668728467446773,310.9815487271689
2026-04-30,3416,156.5,161.0,156.0,157.5,407614.0,64358474.0,155.2,156.65,154.1,150.18333333333334,154.64166666666668,152.35,40.0,61.333333333333336,1.8917003633755485,2.1192829707612475,-0.22758260738569902,26.834356926495733,18.19987205999196,16.1808469770101,,165.28551695155934,154.1,142.91448304844064,299101.0,389755.05,1.3627971822227274,157.89073486190367
2026-04-30,3419,15.9,15.9,15.1,15.1,446597.0,6857919.0,15.919999999999998,16.175,15.625,15.235000000000001,14.353333333333333,13.926666666666666,9.523809523809618,47.953216374269005,0.1314999639277339,0.17472340349079424,-0.04322343956306035,21.402008774064555,23.640206172353377,17.893482142333266,,17.457025051540995,15.625,13.792974948459005,570190.6,870274.3,0.783241603772493,15.35594506904435
2026-04-30,3426,47.65,47.65,47.65,47.65,49150.0,2341933.0,47.65,47.65,47.65,,,,50.0,50.0,0.20869054864267866,0.28640732743112496,-0.0777167787884463,19.524801832643917,1.0127278644248209e-11,97.80874521389883,,47.65000056444774,47.65,47.64999943555226,49150.0,38268.5,1.0,47.648687690742626
2026-04-30,3430,122.0,125.5,120.5,122.0,1588150.0,196175143.0,122.0,118.35999999999999,97.685,78.65666666666667,71.47833333333332,67.88916666666667,50.0,100.0,13.523667634284578,11.297504825127803,2.226162809156776,34.227791706883366,3.6168642389969663,54.518909493166795,,143.8021174979075,97.685,51.5678825020925,1588150.0,1301911.1,1.0,123.52431634291472
2026-04-30,3432,21.3,21.45,19.4,19.4,410498.0,8383993.0,20.490000000000002,18.725,17.5125,17.09416666666667,,,55.83756345177664,63.30645161290322,0.9910850563769174,0.5253760467970655,0.46570900957985184,33.554133763263394,16.120204345762225,25.968162330733353,,21.413225303675834,17.5125,13.611774696324163,762482.4,282731.7,0.5383704594361785,20.423955780539735
2026-04-30,3434,29.1,30.2,28.85,29.0,35594.0,1034115.0,29.0,29.189999999999998,29.159999999999997,29.62166666666667,30.185833333333335,30.467916666666664,50.0,58.24175824175825,-0.06305949087341034,-0.023267211631997096,-0.03979227924141324,10.649169227363334,9.33778271886309,19.986218812179462,,31.069146957482104,29.159999999999997,27.25085304251789,35594.0,55089.9,1.0,29.05307074225993
2026-04-30,3437,25.05,27.3,24.8,26.55,8856025.0,234393062.0,24.7,25.875,24.157500000000002,19.475,17.104583333333334,16.252291666666668,53.52112676056338,61.421319796954315,1.4525629005884682,1.6463154694533346,-0.19375256886486647,32.52665937961503,21.334087347738947,28.008455698666697,,29.257167171802237,24.157500000000002,19.057832828197768,6307014.8,7453785.8,1.4041547833374357,26.46707320722333
2026-04-30,3438,55.7,56.9,54.5,54.9,438998.0,24175903.0,54.9,54.065,49.42,47.49583333333333,47.39791666666666,47.34895833333333,50.0,100.0,2.5965066829367345,1.953447410906507,0.6430592720302275,22.419307029692877,4.3465925652496145,48.50511986006656,,59.75931688672956,49.42,39.080683113270446,438998.0,232013.8,1.0,55.07064496876979
2026-04-30,3441,34.6,34.6,33.5,33.5,156231.0,5270113.0,33.5,33.39,32.584999999999994,33.55916666666666,34.47958333333333,34.93979166666667,50.0,100.0,0.26711891206590366,0.08019706798231638,0.18692184408358728,10.75190008956515,6.8645250004427005,21.62416322454382,,34.434352660570184,32.584999999999994,30.7356473394298,156231.0,266712.05,1.0,33.732825111533565
2026-04-30,3443,4180.0,4350.0,4070.0,4260.0,1038809.0,4367335290.0,4112.0,3871.5,3291.25,2713.75,2242.5833333333335,1708.3333333333333,83.05084745762713,86.33257403189066,446.4819231910351,355.4176954663751,91.06422772465999,46.179092591711466,13.188954482078632,41.998521343995684,,4644.627354309545,3291.25,1937.8726456904553,1183852.0,2056866.8,0.8774821514851519,4204.175445149204
2026-04-30,3444,84.5,86.5,84.5,85.3,175532.0,15017189.0,85.3,85.07,79.955,69.72999999999999,68.165,67.3825,50.0,89.59537572254337,4.952392925404027,4.905941877184201,0.04645104821982571,22.199003076935206,6.458581817750006,44.10346845680591,,93.06320956098655,79.955,66.84679043901345,175532.0,555434.3,1.0,85.552429186701
2026-04-30,3447,38.0,38.0,37.15,37.4,114725.0,4295732.0,37.29,38.19,38.3475,41.877500000000005,49.063750000000006,52.34041666666666,21.83908045977013,48.85057471264366,-0.8696644346746183,-0.8682295344906714,-0.0014349001839468745,15.444181517959313,26.94483183615885,18.502975210119388,,40.28316933887549,38.3475,36.411830661124505,136603.2,185940.5,0.8398412335875001,37.44373066027457
2026-04-30,3450,304.0,315.0,301.5,302.0,19563644.0,6012894058.0,305.8,335.5,313.975,280.9916666666667,269.87916666666666,236.35833333333332,5.755395683453244,48.710601719197705,9.712508877449864,15.880709048198014,-6.16820017074815,24.368171653886257,22.35453254751612,19.894532400104367,,396.40613553301887,313.975,231.54386446698118,15974492.6,20845704.75,1.2246801504042764,307.350412734969
2026-04-30,3455,245.0,254.5,231.0,243.0,10951819.0,2666435553.0,243.0,237.95,215.4,149.15833333333333,128.82916666666668,118.66458333333334,50.0,93.80530973451327,26.5201225506313,26.101653503650226,0.41846904698107323,19.720405335079615,1.081708723980932,75.21794634253887,,266.65026315721957,215.4,164.14973684278047,10951819.0,11251001.55,1.0,243.46965129719547
2026-04-30,3465,32.4,32.5,32.25,32.5,19043.0,615909.0,32.5,32.67,34.5275,40.899166666666666,43.04958333333334,44.12479166666667,50.0,0.0,-2.2508735795735006,-2.3909007874635124,0.14002720789001177,3.027301333705741,28.054818154124874,69.27420708154715,,39.15436377809553,34.5275,29.900636221904474,19043.0,22964.15,1.0,32.34306569343066
2026-04-30,3466,38.5,39.3,38.4,38.85,378441.0,14666382.0,38.85,39.065,37.7325,37.32666666666667,37.93833333333334,38.244166666666665,50.0,76.6304347826087,0.7308590754784703,0.7066489317512912,0.024210143727179112,17.50311587341083,11.512232980382795,30.687311660850074,,43.16100905187747,37.7325,32.30399094812253,378441.0,531734.45,1.0,38.754738519346475
2026-04-30,3467,59.3,62.0,57.5,61.3,318959.0,19173136.0,61.3,61.1,54.0,44.4025,41.876250000000006,40.613125,50.0,100.0,5.397481831658453,5.187943966809616,0.20953786484883707,20.158315363780822,2.5143044418247165,60.388644867172594,,72.83546486928586,54.0,35.16453513071414,318959.0,414363.95,1.0,60.11160055054098
2026-04-30,3479,91.0,91.4,90.5,90.7,199309.0,18130732.0,90.7,90.85,90.715,89.415,89.05750000000002,88.87875000000001,50.0,61.5384615384616,0.4279998510967715,0.5178522195018563,-0.08985236840508481,13.147814143734992,10.770411772255946,14.613952171473414,,92.4284452827105,90.715,89.00155471728951,199309.0,366044.45,1.0,90.96795428204446
2026-04-30,3481,24.05,24.3,23.65,23.95,103739940.0,2482917312.0,23.99,24.770000000000003,25.45,23.86416666666667,18.790000000000003,15.820208333333333,26.76056338028171,36.60130718954249,-0.2182842744238549,0.14441654453089428,-0.36270081895474915,20.16123084788305,23.235594124023777,17.446650086717806,,28.036401686554303,25.45,22.863598313445696,172083653.8,295649355.4,0.6028459862932083,23.934053865849545
2026-04-30,3483,94.1,94.7,92.0,92.8,832864.0,77736522.0,92.8,92.32,87.05,85.305,84.70250000000001,84.40124999999999,50.0,100.0,2.804453403081183,2.2101103069363983,0.5943430961447849,20.59879322115854,6.8978602594584215,40.445717426595785,,99.98017686206225,87.05,74.11982313793774,832864.0,670049.9,1.0,93.33639345679487
2026-04-30,3484,45.3,45.3,44.5,44.7,190537.0,8539355.0,44.7,44.83,45.30500000000001,47.017500000000005,47.93375,48.391875000000006,50.0,22.22222222222217,-0.5233119457619466,-0.5370125803325677,0.013700634570621095,7.2841544360237345,13.39480468230985,21.735022328418047,,46.452032785288424,45.30500000000001,44.15796721471159,190537.0,217535.05,1.0,44.817305825115334
2026-04-30,3489,22.3,22.3,22.1,22.1,57440.0,1275105.0,22.1,22.26,23.0175,21.604166666666668,21.052083333333332,20.776041666666668,50.0,24.193548387096797,-0.052675520518150165,0.16982502659146304,-0.2225005471096132,14.416120513125122,17.608587662002332,27.063846271308154,,24.751760042420663,23.0175,21.283239957579333,57440.0,95684.7,1.0,22.198903203342617
2026-04-30,3490,30.3,30.7,29.95,30.5,1091487.0,33155941.0,30.5,30.35,28.984999999999996,25.90083333333333,24.675416666666663,24.062708333333333,50.0,100.0,1.2924954026475994,1.289772385331144,0.0027230173164554117,17.320207370843256,5.076032917668682,41.24341258647462,,32.25239877224096,28.984999999999996,25.717601227759033,1091487.0,1802368.75,1.0,30.376853778377573
2026-04-30,3491,1565.0,1625.0,1540.0,1550.0,1272491.0,2009232250.0,1550.0,1562.0,1665.25,1461.5,1370.75,1325.375,50.0,0.0,4.005172093752208,29.107494482732438,-25.10232238898023,12.731325288732807,12.734642986183008,18.895505184118395,,1903.0131506131127,1665.25,1427.4868493868873,1272491.0,1820839.45,1.0,1578.975607686027
2026-04-30,3492,22.85,22.85,22.45,22.55,55012.0,1247368.0,22.55,22.655,23.18,23.895,24.372500000000002,24.611250000000002,50.0,0.0,-0.3806372596230787,-0.33041551668740565,-0.05022174293567305,8.04676573624466,17.439820809301914,25.157685715798856,,24.35446516383105,23.18,22.00553483616895,55012.0,52973.5,1.0,22.674471024503745
2026-04-30,3494,7.98,7.98,7.75,7.75,77923.0,607532.0,7.926,8.05,8.0335,8.4975,8.93925,11.470041666666667,5.405405405405503,46.55172413793103,-0.10321600754329374,-0.09313889110282222,-0.010077116440471517,15.99624189769402,19.349370450418178,9.153241243926857,,8.396428150057734,8.0335,7.670571849942266,95943.0,101841.7,0.8121801486299157,7.796568407273847
2026-04-30,3498,82.0,87.7,81.3,87.7,6222870.0,542042184.0,87.7,87.39,84.675,66.10583333333334,57.002916666666664,52.451458333333335,50.0,78.57142857142857,4.921748350342071,5.665340244128202,-0.7435918937861308,10.595871856926099,2.7615837273894366,55.623209768682756,,91.77485174048354,84.675,77.57514825951645,6222870.0,6613406.0,1.0,87.1048541910726
2026-04-30,3499,15.5,15.7,15.35,15.5,62380.0,966213.0,15.5,15.615,16.53,16.9975,16.69875,16.549375,50.0,0.0,-0.587276936402219,-0.4779178981356042,-0.1093590382666148,7.0314089698989415,15.259404581321864,31.089323769324075,,18.623448426828197,16.53,14.436551573171803,62380.0,165070.6,1.0,15.4891471625521
2026-04-30,3501,47.0,47.2,46.6,46.85,152404.0,7130027.0,47.0,47.51,47.6425,49.45166666666667,49.686249999999994,52.988125,11.111111111111256,45.97701149425284,-0.4834016232356717,-0.45165689383306207,-0.03174472940260964,18.607793104424637,24.288750475339207,11.993745192932499,,48.74334895469751,47.6425,46.54165104530249,135180.4,136756.35,1.1274119620891787,46.783726148919975
2026-04-30,3504,65.1,65.9,63.0,63.3,764914.0,49004276.0,64.97999999999999,67.77000000000001,61.475,57.73666666666667,55.86875,53.083958333333335,3.1249999999999716,66.56716417910448,2.6452306320657613,2.7782789220577455,-0.13304828999198426,27.71116456428131,19.627375728475332,28.3801954360155,,76.62378838302541,61.475,46.32621161697459,1126608.2,1750626.35,0.6789529847199763,64.0650792115192
2026-04-30,3508,24.8,24.8,22.35,22.85,918875.0,21127893.0,22.85,23.085,23.75,31.26083333333333,30.230416666666667,29.715208333333333,50.0,41.818181818181834,-2.829709855828355,-3.0238583597229054,0.1941485038945503,10.786321083120656,21.04144791330876,33.84700463002202,,25.85212924636469,23.75,21.64787075363531,918875.0,859230.75,1.0,22.993217793497482
2026-04-30,3511,23.2,23.75,22.45,22.85,2285936.0,52556627.0,22.85,22.695,21.2725,20.344999999999995,20.3975,20.42375,50.0,96.15384615384619,0.9144126992109207,0.7669878126122862,0.1474248865986345,15.129227429561679,2.8035455685531345,47.192974179878426,,24.570421993268507,21.2725,17.974578006731495,2285936.0,1307590.3,1.0,22.991294156966774
2026-04-30,3512,21.45,21.6,21.35,21.35,56682.0,1216367.0,21.35,21.415,21.5325,20.898333333333333,20.59916666666667,20.449583333333337,50.0,43.478260869565275,0.07013684144228094,0.14354989083090192,-0.07341304938862098,8.65798816986326,3.776036613482301,38.583846927240934,,22.03120885927142,21.5325,21.033791140728578,56682.0,77542.1,1.0,21.459493313573976
2026-04-30,3515,236.0,237.0,235.0,235.5,704990.0,166002915.0,235.0,230.65,222.55,223.11666666666667,249.5375,243.90416666666667,59.183673469387756,74.6987951807229,4.793823648954941,2.8220358756355317,1.9717877733194094,32.87509366719964,15.33655777964038,22.30265957979888,,244.18306436185958,222.55,200.91693563814044,1486949.0,896212.45,0.4741184801899729,235.46846763783884
2026-04-30,3516,20.25,20.4,20.0,20.4,64461.0,1293884.0,20.4,20.354999999999997,20.029999999999998,19.781666666666663,19.865833333333335,19.907916666666665,50.0,75.86206896551732,0.23996993005347278,0.20003656249800106,0.03993336755547172,10.172730719214043,6.79878182027151,19.457002809401914,,20.77790936687054,20.029999999999998,19.282090633129457,64461.0,43454.85,1.0,20.07235382634461
2026-04-30,3518,33.4,33.4,32.8,32.8,905211.0,29997465.0,31.360000000000003,30.79,26.2075,22.975,21.900416666666665,20.11625,50.72463768115937,82.51928020565552,2.904374536857162,2.2772792529557964,0.6270952839013657,42.78668254779754,11.2510076731168,40.295186791873235,,36.31472904397482,26.2075,16.100270956025177,873782.4,1538874.9,1.035968451641965,33.13864391837925
2026-04-30,3520,15.05,15.05,14.65,14.7,123166.0,1820840.0,14.7,14.62,14.309999999999999,14.651666666666667,14.775833333333335,14.837916666666667,50.0,84.21052631578942,0.060788946207667394,-0.01486523775677775,0.07565418396444515,11.865627847487316,7.93539583878237,24.906000710578063,,15.04168874602021,14.309999999999999,13.578311253979788,123166.0,148167.0,1.0,14.783625351152104
2026-04-30,3521,14.15,14.15,13.9,13.9,44231.0,619634.0,13.9,13.965,14.01,14.778333333333334,15.289166666666667,15.544583333333332,50.0,51.724137931034505,-0.14123243739015123,-0.1629377057069516,0.021705268316800364,9.79184970181673,7.243397864308205,23.282895867851426,,14.566870957366133,14.01,13.453129042633867,44231.0,102932.25,1.0,14.009043431077751
2026-04-30,3522,12.6,12.75,12.6,12.6,73909.0,937109.0,12.6,12.655,12.86,14.199166666666667,15.099583333333333,15.549791666666666,50.0,24.999999999999943,-0.3264397066557603,-0.3677243666617639,0.041284660006003615,4.159572632742341,14.591362617500048,63.83449514045434,,13.357995983919531,12.86,12.362004016080467,73909.0,95929.85,1.0,12.679227157720982
2026-04-30,3523,12.8,12.8,12.7,12.7,7203.0,91808.0,12.7,12.684999999999999,12.6575,,,,50.0,55.555555555555465,-0.6318146875762451,-0.8110256685206608,0.17921098094441568,8.898900155904563,17.512568658770753,36.920541588242806,,12.780081873821418,12.6575,12.534918126178583,7203.0,19591.85,1.0,12.745800360960711
2026-04-30,3526,330.0,334.5,319.0,330.0,1849947.0,606837481.0,330.0,324.35,304.925,285.56666666666666,273.53333333333336,267.51666666666665,50.0,76.15894039735099,12.87214320212189,10.0191402605712,2.85300294155069,23.008676264830203,8.603069105651642,33.9715781212736,,353.1299080270336,304.925,256.72009197296643,1849947.0,1077272.55,1.0,328.0296576064071
2026-04-30,3527,59.7,59.7,57.8,57.8,113478.0,6645322.0,57.8,58.010000000000005,56.61,55.373333333333335,54.53666666666667,54.11833333333333,50.0,76.13636363636361,0.8896907669952796,0.8728200583036941,0.016870708691585468,12.380594641418414,3.8812547837278957,43.0648456850218,,61.98906272406944,56.61,51.23093727593056,113478.0,275780.8,1.0,58.56044343396958
2026-04-30,3528,80.0,80.4,78.9,79.9,350233.0,27932807.0,78.28,75.95,71.89500000000001,68.735,70.22166666666665,74.62958333333333,92.45283018867916,88.48920863309355,3.321187914055116,2.377033530530419,0.944154383524697,34.065336125087946,7.124818347618928,37.81803477984082,,81.91760077603536,71.89500000000001,61.87239922396466,507909.4,373777.9,0.6895580195995584,79.75492600640145
2026-04-30,3529,3980.0,3980.0,3805.0,3895.0,653049.0,2528216115.0,3895.0,3913.0,3612.25,2612.25,2151.125,1920.5625,50.0,86.15384615384616,337.40985249862433,371.7598766439495,-34.350024145325165,20.335018663604142,2.976487675569323,65.46634557628961,,4571.68774653371,3612.25,2652.81225346629,653049.0,1119571.45,1.0,3871.4033939260303
2026-04-30,3530,65.8,66.3,64.2,64.6,199842.0,12969498.0,64.06,64.26,62.205000000000005,63.58833333333334,63.62166666666666,61.64541666666666,31.868131868131783,63.043478260869556,1.033513812465614,0.6835901598940616,0.34992365257155245,27.76438288352524,19.82701622868121,14.396397779579205,,67.45234519342351,62.205000000000005,56.95765480657651,285384.4,338582.05,0.7002555150176393,64.89876002041613
2026-04-30,3531,23.0,23.0,22.5,22.65,6746.0,153051.0,22.65,,,,,,50.0,0.0,0.39103339062003073,0.3760455299695489,0.014987860650481855,6.584740882514112,2.929576787235439,38.1803039375978,,,,,6746.0,10177.7,1.0,22.68766676549066
2026-04-30,3532,190.5,199.5,188.0,189.0,8140774.0,1575087529.0,180.6,181.85,171.0,144.36666666666667,121.20833333333333,100.80291666666668,52.4390243902439,62.841530054644814,11.3708623210685,11.962213975478388,-0.5913516544098876,34.45954579555741,15.93902893091104,30.148915894903265,,213.7317212384437,171.0,128.2682787615563,2405407.4,3355537.85,3.3843639127409353,193.48129907549333
2026-04-30,3533,2700.0,2790.0,2615.0,2615.0,1133861.0,3038183275.0,2633.0,2602.5,2419.75,1901.8333333333333,1631.2916666666667,1499.2708333333333,46.728971962616825,66.50717703349282,190.99522391546407,195.36233665525896,-4.367112739794891,32.631090654567586,13.131909133006229,43.0515073716684,,2860.484733443095,2419.75,1979.015266556905,1556335.0,1540473.7,0.7285455894778438,2679.502403733791
2026-04-30,3535,128.5,131.5,126.0,128.5,7502571.0,963625931.0,122.2,122.9,122.2,114.70333333333333,97.03999999999999,73.72770833333333,51.785714285714285,44.44444444444444,1.8421024188987758,1.9203940415101373,-0.07829162261136147,25.66173734269233,18.576188772212735,18.23899923253585,,138.56234444660822,122.2,105.83765555339177,5715476.2,7469163.4,1.3126764485520908,128.43942843060066
2026-04-30,3537,43.2,43.35,42.8,42.85,101899.0,4384357.0,42.85,43.175,44.245,44.920833333333334,45.56041666666667,45.880208333333336,50.0,31.37254901960786,-0.5494996179710085,-0.37438107418228816,-0.17511854378872038,12.785428858238932,21.453097116239235,23.501965960022027,,47.04498120294439,44.245,41.4450187970556,101899.0,167509.95,1.0,43.026496825287786
2026-04-30,3540,27.9,28.45,27.7,27.85,323070.0,9059353.0,27.85,27.775,27.1125,28.830000000000002,29.765,30.2325,50.0,79.62962962962962,-0.06618079863182658,-0.2590186042695062,0.1928378056376796,12.603975567360482,11.677734455680284,25.029397549328817,,28.658590145121668,27.1125,25.566409854878334,323070.0,243482.3,1.0,28.041455412139783
2026-04-30,3541,23.5,23.5,23.35,23.45,77469.0,1818545.0,23.45,23.505,23.765,24.740000000000002,25.42,25.76,50.0,7.14285714285721,-0.27086142037103755,-0.28316266440444077,0.012301244033403214,5.574447786853457,21.034947153633297,51.1695786662673,,24.35178427848197,23.765,23.178215721518033,77469.0,49647.15,1.0,23.474486568821078
2026-04-30,3543,42.4,42.4,40.9,41.2,1059560.0,43932481.0,40.690000000000005,41.9,43.5125,45.755833333333335,44.09416666666666,34.65333333333333,34.285714285714306,36.72727272727272,-1.6327586025169438,-1.3751954448370813,-0.2575631576798625,22.26588977191394,24.588783701190685,15.736220335709692,,47.85274920458429,43.5125,39.172250795415714,1454516.8,1403363.45,0.7284618506984587,41.46294782740005
2026-04-30,3545,51.8,51.9,50.1,50.1,1005402.0,51052392.0,51.04,51.67,50.239999999999995,,,,19.191919191919183,54.62555066079296,0.8200044600158805,0.8285343484124157,-0.008529888396535235,26.90778514150513,11.637113145128916,30.733778739239803,,54.227955550613956,50.239999999999995,46.252044449386034,1610692.8,2250363.8,0.6242046900563534,50.7780887644942
2026-04-30,3546,72.0,72.0,70.5,70.9,123019.0,8746086.0,70.9,70.95000000000002,70.44000000000001,71.10666666666665,72.45333333333333,73.12666666666668,50.0,81.4814814814815,0.16680172001873927,0.11392974815814472,0.05287197186059456,8.209870140293049,7.551362122908674,13.717503501112702,,72.22343252716469,70.44000000000001,68.65656747283533,123019.0,123527.85,1.0,71.09540802640242
2026-04-30,3548,103.0,104.0,101.0,101.0,560707.0,57298308.0,101.0,101.4,96.625,87.49666666666667,85.59833333333334,84.64916666666666,50.0,83.33333333333333,4.3278490728306735,4.523561967482548,-0.1957128946518747,20.990814102353873,4.481567592884511,47.95926410843471,,112.99851841429205,96.625,80.25148158570795,560707.0,836512.55,1.0,102.18939303415152
2026-04-30,3550,20.5,22.7,20.5,21.3,13846456.0,301624466.0,19.64,20.085,19.582500000000003,18.07,15.873333333333333,14.978541666666667,62.36559139784948,61.413043478260875,0.5089661087565993,0.5165894163268957,-0.007623307570296389,36.122546155302835,19.113204229944074,21.393498896967532,,21.849952779059258,19.582500000000003,17.315047220940748,4124850.6,3701326.85,3.3568381846363113,21.783513846431173
2026-04-30,3551,195.5,198.0,194.0,195.0,642092.0,125654825.0,195.0,195.3,190.825,183.60833333333332,182.30416666666667,181.65208333333334,50.0,68.1159420289855,3.7163286400123923,3.721193447194013,-0.004864807181620634,16.601036825419037,10.980059353418271,19.12792928001166,,205.6583727576845,190.825,175.99162724231547,642092.0,769323.7,1.0,195.6959828186615
2026-04-30,3552,54.4,55.8,54.4,54.8,211305.0,11617831.0,54.8,55.27,56.35,52.94583333333333,53.322916666666664,53.51145833333333,50.0,41.91176470588235,0.6161997529345129,1.0431187998573652,-0.4269190469228523,10.623439585115683,4.232852787186139,45.63125437027762,,60.198444661910756,56.35,52.50155533808925,211305.0,683911.15,1.0,54.981335037031776
2026-04-30,3555,251.0,251.0,248.0,248.0,77943.0,19442107.0,248.0,249.2,232.825,168.93333333333334,146.96666666666667,135.98333333333332,50.0,84.41558441558442,20.952662987726256,23.484134502585263,-2.531471514859007,30.659599343199012,7.752830526568581,51.4240104366277,,287.01110717265345,232.825,178.63889282734652,77943.0,406952.55,1.0,249.4400651758336
2026-04-30,3556,52.0,52.0,50.2,50.4,319363.0,16157436.0,50.4,50.17,48.17,44.71,43.505,42.9025,50.0,88.96551724137933,1.7471619183084997,1.6730233468694302,0.07413857143906943,18.61232039949769,3.22499412236576,51.54518130917965,,53.10082676957704,48.17,43.23917323042296,319363.0,347187.45,1.0,50.592698590631976
2026-04-30,3557,31.35,31.35,30.1,30.35,97888.0,2984999.0,30.4,30.99,30.854999999999997,32.520833333333336,35.083333333333336,40.96895833333334,25.0,51.456310679611676,-0.29583491464108747,-0.30120881412032063,0.0053738994792331685,16.838401264850983,26.91410733924292,20.836629736516862,,32.06630638481474,30.854999999999997,29.643693615185253,78138.6,68617.2,1.2527483215721806,30.49402378228179
2026-04-30,3558,108.5,109.5,107.0,107.5,170172.0,18354265.0,107.5,107.95,108.85,123.5,130.0,133.25,50.0,42.857142857142854,-3.6698716235577535,-4.284209623983566,0.6143380004258123,8.605801228098397,16.187267237527816,33.454719223642925,,112.34586221576063,108.85,105.35413778423936,170172.0,142459.1,1.0,107.857138659709
2026-04-30,3563,880.0,894.0,861.0,873.0,1601333.0,1401945851.0,885.6,909.1,888.45,681.1166666666667,592.4416666666667,549.9875,22.429906542056074,39.11111111111111,46.18603714113169,63.09110768288513,-16.90507054175344,28.232337057656387,11.929558302733433,50.70013387851161,,996.2929169525838,888.45,780.6070830474163,1724567.4,2733469.4,0.9285418476540842,875.4867669622746
2026-04-30,3564,40.2,40.85,40.2,40.3,79605.0,3224930.0,40.3,40.535,41.045,44.10583333333333,45.77791666666667,46.613958333333336,50.0,41.05263157894734,-0.867264169928113,-0.915312837483665,0.04804866755555204,10.501094783777459,15.8061709273957,19.41037987500447,,42.85051785835601,41.045,39.239482141644,79605.0,95990.95,1.0,40.511651278186044
2026-04-30,3567,28.2,28.65,27.7,28.05,202943.0,5717979.0,28.05,27.845,27.157500000000006,26.970000000000002,27.035000000000004,27.0675,50.0,74.54545454545458,0.4158940913572984,0.2782284266597725,0.1376656646975259,16.032481757179003,4.848516171688246,37.78471869380107,,28.887506084564915,27.157500000000006,25.427493915435097,202943.0,117550.55,1.0,28.175295526330054
2026-04-30,3570,163.5,163.5,162.5,163.0,18319.0,2985771.0,163.0,163.05,164.2,170.21666666666667,171.60833333333332,172.30416666666667,50.0,27.77777777777777,-1.8459659760986824,-2.1231935809111824,0.2772276048125,5.275658658258613,24.211127035802527,55.127721034907005,,168.0987177379224,164.2,160.30128226207756,18319.0,26582.35,1.0,162.98766308204597
2026-04-30,3576,15.2,16.25,14.5,16.0,27163887.0,414679036.0,15.25,16.035,17.535,16.885666666666665,11.793833333333334,9.550291666666668,48.2758620689655,37.60330578512397,-1.0813514550825296,-0.757482190617406,-0.32386926446512365,25.550050359953463,25.222218003579115,16.950482650375243,,21.958037774866412,17.535,13.111962225133587,20361094.6,29558070.2,1.3341074010824545,15.265820977682612
2026-04-30,3577,84.0,89.5,83.5,87.3,544829.0,47594045.0,87.3,86.58999999999999,82.22999999999999,69.205,65.1025,63.05125,50.0,100.0,5.12329381189997,5.177678341314466,-0.05438452941449601,13.124958670822043,1.3196277222391721,65.19566894662749,,91.95291920642856,82.22999999999999,72.50708079357142,544829.0,478186.75,1.0,87.35593186118948
2026-04-30,3580,85.4,87.3,83.3,85.9,2698165.0,230922279.0,85.9,85.71000000000001,83.665,73.32666666666665,69.86333333333333,68.13166666666667,50.0,80.39215686274511,3.341767631786027,3.6800306947661445,-0.33826306298011755,12.969756073325012,2.986569534670386,53.430625401103576,,89.19359551975477,83.665,78.13640448024525,2698165.0,2218513.45,1.0,85.58493605839524
2026-04-30,3581,170.0,179.5,170.0,179.5,703682.0,124234227.0,179.5,173.45,131.01999999999998,91.35999999999999,81.82999999999998,77.065,50.0,100.0,28.49186592910206,24.440946184515614,4.050919744586448,38.42631191070784,2.334204349217337,61.68821650085967,,226.50827649176856,131.01999999999998,35.53172350823141,703682.0,1904479.8,1.0,176.54882034782756
2026-04-30,3583,788.0,827.0,781.0,792.0,5424450.0,4374539007.0,770.6,793.1,699.75,475.73333333333335,410.1,365.54583333333335,39.382239382239376,60.877513711151735,87.4473837137906,93.85098531461006,-6.4036016008194565,36.1271966415419,13.26023041130414,54.828803214766246,,945.7537440878975,699.75,453.7462559121024,3689162.6,3243331.0,1.4703743337309123,806.448396980339
2026-04-30,3587,325.0,342.0,323.0,331.5,3925839.0,1307848092.0,331.5,335.05,325.15,250.60833333333332,229.30416666666667,218.65208333333334,50.0,68.72246696035242,22.12557266531627,26.66387548691095,-4.53830282159468,19.27278237903621,6.069599502346634,52.38335339658268,,381.8450290218597,325.15,268.45497097814024,3925839.0,4394645.65,1.0,333.13849396269177
2026-04-30,3588,61.4,61.8,60.4,61.2,549891.0,33577163.0,62.220000000000006,61.98,56.385000000000005,52.81166666666666,50.892916666666665,49.205416666666665,31.343283582089526,66.30824372759858,3.359080455317205,2.9201695118402653,0.4389109434769396,33.769723999213625,15.274423797867495,35.24662748990142,,69.61033851919746,56.385000000000005,43.159661480802555,2532123.8,1732402.7,0.21716592214014183,61.06148854954891
2026-04-30,3591,23.4,24.1,23.1,23.35,1736135.0,40843804.0,22.97,24.11,23.232499999999998,20.645,19.41375,19.09625,26.50602409638553,54.62184873949581,0.7497915925740983,1.0004029314956675,-0.25061133892156917,32.303329868483445,16.575796073465053,38.01351932792597,,26.343816357055893,23.232499999999998,20.121183642944104,2860754.2,6207892.35,0.606880171669415,23.52570739026631
2026-04-30,3592,237.5,239.0,234.5,235.0,436647.0,103124447.0,237.3,239.6,232.875,227.7,233.47916666666666,282.10625,20.895522388059703,55.147058823529406,4.110639878186248,4.222763119388946,-0.11212324120269823,24.224441564023486,16.047907695892686,23.299765890348674,,249.9194465411658,232.875,215.8305534588342,589584.0,708143.75,0.7406018480827159,236.17349254661087
2026-04-30,3593,19.95,20.0,19.85,19.85,80387.0,1604274.0,19.53,19.485,17.4525,,,,54.76190476190484,84.55284552845534,1.7597604968205651,1.724464172487532,0.03529632433303309,43.19211136998701,11.336220544294918,48.941332631728756,,22.824990846407914,17.4525,12.080009153592087,64017.0,105346.15,1.255713326147742,19.956883575702538
2026-04-30,3594,52.5,53.3,51.4,52.1,540945.0,28213071.0,52.1,51.589999999999996,48.58,42.815000000000005,41.332499999999996,40.59125000000001,50.0,100.0,2.765471926813575,2.595341239865601,0.17013068694797395,17.869205448100516,2.581913373058008,58.39683668846005,,55.28234837084819,48.58,41.877651629151806,540945.0,919204.95,1.0,52.155156254332695
2026-04-30,3596,161.5,162.0,159.0,159.0,773762.0,123890609.0,162.0,167.7,169.6,179.4,188.14166666666668,202.21458333333334,8.57142857142857,26.66666666666667,-4.861725225401898,-3.946342650051607,-0.9153825753502911,16.611874704170546,29.28409835318909,16.750872491718553,,180.81840592860522,169.6,158.38159407139477,826161.0,1704933.3,0.9365753164334797,160.11462051638617
2026-04-30,3597,24.65,25.45,24.2,24.4,29020.0,716404.0,24.4,24.43,24.195,24.175833333333337,24.33791666666667,24.41895833333333,50.0,78.5714285714285,0.15861788890475026,0.14161653187408874,0.017001357030661524,10.608050940723759,3.9159512686482967,33.45351422249461,,25.066719414055996,24.195,23.323280585944005,29020.0,23055.2,1.0,24.68656099241902
2026-04-30,3605,86.1,90.7,86.1,87.1,27731337.0,2458347598.0,81.22,76.25,69.905,64.73166666666665,65.56666666666666,62.611250000000005,86.2637362637363,84.59016393442626,5.579600845043672,3.6028437300683493,1.9767571149753222,43.29580333043238,5.776166832023762,39.68336161765056,,86.58937340116398,69.905,53.22062659883601,17837265.8,8156951.7,1.554685415967732,88.64872249037253
2026-04-30,3607,14.6,14.85,14.5,14.55,201465.0,2949826.0,14.709999999999999,15.005,14.705000000000002,14.433333333333334,13.944999999999999,14.231041666666668,12.000000000000028,55.40540540540542,0.13366564476582532,0.19389666530553262,-0.0602310205397073,20.72862307193201,23.187197234043943,15.477097097402137,,15.628323516319927,14.705000000000002,13.781676483680076,274613.8,440759.0,0.7336302836929536,14.641878241878242
2026-04-30,3609,23.25,23.25,21.2,22.4,377085.0,8343709.0,22.4,22.755,24.665,30.342499999999998,32.94625,34.248124999999995,50.0,0.0,-2.019006455761261,-2.0380137983457214,0.019007342584460574,1.269377214138806,17.417719769550636,74.67139450928775,,28.9314048713543,24.665,20.3985951286457,377085.0,244582.65,1.0,22.126865295623002
2026-04-30,3611,190.0,190.0,188.5,188.5,26825.0,5078051.0,188.5,188.35,188.025,190.5,192.0,192.75,50.0,60.0,-0.27279434764852795,-0.5161626365519626,0.24336828890343465,10.598050369227801,8.048288323444206,17.94020525181616,,189.1709310165708,188.025,186.87906898342922,26825.0,31757.45,1.0,189.30292637465053
2026-04-30,3615,33.0,36.0,31.75,31.85,9114751.0,310763596.0,31.85,32.15500000000001,32.260000000000005,29.959166666666665,27.85458333333333,26.80229166666667,50.0,53.9568345323741,0.21845091795024985,0.469410107029842,-0.25095918907959214,8.822338600294817,6.57799150072671,25.596004976540037,,35.01883270510131,32.260000000000005,29.501167294898703,9114751.0,6397723.85,1.0,34.0945787767543
2026-04-30,3617,191.0,191.0,186.0,186.5,165785.0,31175592.0,189.5,190.65,183.475,187.24166666666667,202.15833333333333,226.03125,16.0,64.0,2.463850176373228,1.843045192717305,0.6208049836559228,23.68880674160398,22.742279111316094,20.342415898667575,,201.96959380468525,183.475,164.98040619531474,277076.8,301852.25,0.598335912642271,188.0483276532859
2026-04-30,3622,55.3,56.3,54.8,55.7,358538.0,20007527.0,55.06,55.589999999999996,55.82000000000001,59.791666666666664,60.04083333333333,56.56791666666666,37.93103448275869,56.06060606060609,-0.9622504205757494,-1.0897943458314387,0.12754392525568936,17.88108789708881,32.13221818186635,30.334658607159586,,57.339833785927354,55.82000000000001,54.30016621407266,284970.8,351619.95,1.2581569760831637,55.803086423196426
2026-04-30,3623,23.2,23.35,22.85,23.0,38109.0,875568.0,23.0,22.96,22.635,24.175,24.7625,25.056250000000002,50.0,90.00000000000017,-0.2113754444651441,-0.3477286311405659,0.1363531866754218,10.947468058203318,11.151263339283581,11.458120981092259,,23.37846273753649,22.635,21.891537262463512,38109.0,45042.55,1.0,22.9753601511454
2026-04-30,3624,52.5,53.6,50.8,50.8,1093416.0,56723836.0,50.8,51.42,51.73,53.16833333333333,54.38416666666667,54.992083333333326,50.0,54.57875457875458,-0.37321626699919364,-0.22828082323744778,-0.14493544376174586,13.478210580389918,14.58812092626938,12.796211961422795,,57.302998814774135,51.73,46.15700118522586,1093416.0,2168985.5,1.0,51.87763486175435
2026-04-30,3625,17.0,17.0,16.4,16.55,743638.0,12366710.0,16.55,16.585,16.5875,17.64333333333333,18.196666666666665,18.473333333333336,50.0,56.25000000000011,-0.21074959006644178,-0.2550332729676403,0.044283682901198496,7.5614665059994275,12.044708530564979,24.83156099377777,,16.91975703430064,16.5875,16.255242965699356,743638.0,464084.0,1.0,16.63001352808759
2026-04-30,3628,67.4,68.6,67.0,67.9,87009.0,5886857.0,67.9,68.24000000000001,68.635,66.30833333333334,65.40416666666667,64.95208333333333,50.0,48.61111111111119,0.298517119486263,0.5938826301621766,-0.29536551067591355,9.679650744975534,6.192302624370649,22.824851677864785,,71.37593721965786,68.635,65.89406278034215,87009.0,251963.05,1.0,67.65802388258686
2026-04-30,3629,16.6,16.7,16.6,16.6,10173.0,168968.0,16.6,16.685000000000002,,,,,50.0,29.1666666666666,-0.9015996648813989,-0.9740299553520206,0.07243029047062177,22.62597150432097,18.71598611120224,36.81899853281333,,,,,10173.0,,1.0,16.609456404207215
2026-04-30,3630,27.65,27.9,27.35,27.35,457009.0,12612662.0,27.35,27.585,28.057499999999997,30.371666666666666,31.260833333333334,31.705416666666668,50.0,43.37349397590365,-0.7030843678919148,-0.7107284428221305,0.007644074930215794,8.335120752436138,14.944300850162879,25.794503463389145,,29.892617951178384,28.057499999999997,26.22238204882161,457009.0,676505.55,1.0,27.59827924614176
2026-04-30,3631,39.0,39.0,38.0,38.3,98698.0,3797649.0,38.3,37.404999999999994,32.42999999999999,29.649166666666666,28.949583333333337,28.599791666666665,50.0,100.0,2.901222587109217,2.2595451921305387,0.6416773949786783,31.847859501517895,4.210423233881184,49.79769268361718,,43.50730729203197,32.42999999999999,21.352692707968018,98698.0,104393.5,1.0,38.477466615331615
2026-04-30,3632,8.77,8.78,8.77,8.78,42996.0,377873.0,8.78,8.802,8.995000000000001,,,,50.0,0.0,-0.1696977862143676,-0.16033870512074866,-0.009359081093618937,14.146240980527905,36.64655925560367,41.47977154304737,,9.449567463582003,8.995000000000001,8.540432536417999,42996.0,47873.0,1.0,8.788561726672249
2026-04-30,3645,102.0,107.0,100.5,104.0,7814633.0,812979173.0,102.52000000000001,106.10999999999999,94.17999999999999,75.52333333333333,67.00083333333333,64.29916666666666,24.043715846994544,67.41214057507986,8.09441218012644,8.559709792742108,-0.46529761261566804,27.592919990810792,11.879319738254178,40.196625929553036,,123.42946063380357,94.17999999999999,64.93053936619641,8140585.8,17408516.1,0.9599595400124645,104.03293065714027
2026-04-30,3646,23.35,23.35,23.05,23.3,18033.0,417714.0,23.3,23.315,23.380000000000003,,,,50.0,20.000000000000284,-0.23540175507873684,-0.2708851088602879,0.03548335378155104,2.1696570802342454,11.359212342174313,66.69966477029757,,23.530087693664537,23.380000000000003,23.229912306335468,18033.0,20158.55,1.0,23.1638662452171
2026-04-30,3652,32.4,32.5,30.3,30.5,279213.0,8749341.0,31.25,29.840000000000003,28.5375,28.1375,28.754166666666666,29.345625000000002,59.48275862068969,70.059880239521,1.007568397104329,0.5925481309261458,0.4150202661781832,38.73660722471787,13.878174329786033,30.9553408233367,,32.20153214764108,28.5375,24.87346785235892,622775.4,199718.55,0.4483365913297153,31.33572219058568
2026-04-30,3653,5405.0,5435.0,5305.0,5380.0,417950.0,2241136445.0,5221.0,5178.0,4607.75,3668.9166666666665,3063.9583333333335,2266.3166666666666,48.68421052631579,73.45794392523365,448.19143509603873,410.8274500495512,37.36398504648753,37.33968204841921,15.617631639034721,35.3932039952468,,5875.564011762393,4607.75,3339.9359882376066,485884.6,1167569.35,0.8601836732425766,5362.211855485106
2026-04-30,3661,4135.0,4275.0,4130.0,4135.0,2862609.0,12024572268.0,4103.0,3968.5,3479.0,3324.9166666666665,3314.3333333333335,3232.2708333333335,55.223880597014926,82.45614035087719,273.4286502829232,200.91746477312492,72.51118550979825,37.90506415568692,14.550761971815094,32.02584440203124,,4588.573649745938,3479.0,2369.4263502540616,2590354.4,2680488.95,1.1051032244854218,4200.563984812456
2026-04-30,3663,67.1,67.9,66.1,66.4,1135762.0,75776542.0,66.4,66.78999999999999,68.725,64.51,60.505,58.50249999999999,50.0,34.67741935483872,-0.3166489501901566,0.3055049970456722,-0.6221539472358288,12.952481907803806,11.072863248807478,19.90679456114096,,73.42611968745628,68.725,64.02388031254371,1135762.0,3105751.3,1.0,66.71868049820297
2026-04-30,3664,4.87,4.88,4.72,4.88,506482.0,2410632.0,4.88,5.1259999999999994,6.702,11.762833333333333,13.756416666666667,14.753208333333333,50.0,0.0,-1.8697772768755367,-1.9102661975876356,0.040488920712098864,6.047808891490355,51.84657597896746,68.70169814341328,,10.223145746546255,6.702,3.1808542534537447,506482.0,263016.1,1.0,4.759561050540789
2026-04-30,3665,2760.0,2815.0,2715.0,2770.0,2725883.0,7562069015.0,2715.0,2613.5,2378.0,1809.25,1592.0583333333334,1185.6270833333333,71.2871287128713,78.78787878787878,255.1751510018894,237.14041003485121,18.034740967038175,34.116756700425086,8.390868611944422,54.05807007128556,,2961.071720784802,2378.0,1794.928279215198,2898765.8,3082014.2,0.9403598593580759,2774.1722645469376
2026-04-30,3666,26.4,26.75,26.2,26.4,109090.0,2892120.0,26.4,26.23,25.82,26.821666666666665,27.460833333333333,27.780416666666667,50.0,61.818181818181785,0.023871730326757046,-0.13833247462156625,0.1622042049483233,10.774438169691958,11.612185572396966,26.03270399984102,,27.132049421405522,25.82,24.50795057859448,109090.0,69638.9,1.0,26.511320927674397
2026-04-30,3669,40.1,41.15,38.95,39.2,533469.0,21235311.0,38.03,38.51,37.832499999999996,35.59666666666667,32.61083333333333,33.19875,50.0,54.23728813559322,0.9551616044529183,1.067490319637767,-0.11232871518484866,31.425528852634727,14.760276598815961,26.011494942589945,,42.04929286961806,37.832499999999996,33.615707130381935,224918.2,297828.25,2.371835627352522,39.806082452776074
2026-04-30,3672,10.8,11.95,10.7,11.95,107039.0,1261679.0,11.95,11.905,11.540000000000001,11.668333333333333,11.734166666666669,11.767083333333336,50.0,95.4545454545454,0.14447680481123548,0.08345411250046841,0.06102269231076707,4.365656451177962,4.5258256706595485,18.69452017093193,,12.411538265005284,11.540000000000001,10.668461734994718,107039.0,71115.75,1.0,11.787096292005717
2026-04-30,3673,60.3,61.5,59.5,60.4,7159433.0,432259085.0,59.8,63.980000000000004,58.9825,47.07083333333333,43.405833333333334,38.46708333333333,17.441860465116278,64.13043478260869,4.047324255950329,5.052583518435026,-1.0052592624846968,29.138637760035106,17.49105143619988,40.276081738141635,,76.2650215935521,58.9825,41.6999784064479,9959240.6,16721592.2,0.7188733847839764,60.37616177146989
2026-04-30,3675,220.0,223.0,210.0,217.0,754047.0,162723324.0,217.0,215.9,206.425,180.03333333333333,163.51666666666668,155.25833333333333,50.0,100.0,8.640044531282513,8.904686550180351,-0.2646420188978382,12.800165080208878,4.0445550666913395,41.92375062294325,,228.2165362613926,206.425,184.63346373860742,754047.0,907449.75,1.0,215.79997533310257
2026-04-30,3679,122.0,122.0,120.0,120.0,40526.0,4891578.0,119.6,120.35,120.175,117.56666666666666,117.34166666666667,122.22708333333334,42.10526315789474,50.0,0.47334236406595664,0.6794601641454179,-0.20611780007946123,21.009426806491742,21.777224901670618,21.00581838753666,,123.5353727863379,120.175,116.81462721366209,64742.2,60191.35,0.6259595750530567,120.7022158614223
2026-04-30,3680,513.0,551.0,511.0,537.0,8314647.0,4424956850.0,537.0,526.3,463.875,421.625,414.0625,410.28125,50.0,94.52887537993921,38.59248821263594,31.051632753721517,7.540855458914425,20.207389593490607,2.908629773645858,52.07125841548473,,602.8974801965496,463.875,324.85251980345043,8314647.0,5685742.05,1.0,532.1881794861525
2026-04-30,3684,58.3,59.6,57.9,58.1,63169.0,3694092.0,58.1,58.18000000000001,57.685,57.49166666666666,55.395833333333336,54.34791666666667,50.0,75.75757575757582,-0.13340985289300278,-0.11688864787670136,-0.016521205016301416,12.595949737322588,8.77675723942743,20.237760874236386,,59.63950895704214,57.685,55.730491042957865,63169.0,184664.75,1.0,58.47950735329038
2026-04-30,3685,31.35,31.8,30.15,31.7,274157.0,8473366.0,31.7,31.975,30.355,33.5925,35.79625,36.898125,50.0,75.22522522522522,0.08526640339488623,-0.1696539751658826,0.2549203785607688,12.71901158298942,11.75500755484561,31.32162639576812,,36.855518197967385,30.355,23.854481802032616,274157.0,501642.15,1.0,30.90698395444946
2026-04-30,3686,17.5,17.7,17.1,17.2,250962.0,4337354.0,17.310000000000002,17.630000000000003,17.589999999999996,18.808333333333334,18.815833333333334,17.391250000000003,26.666666666666643,43.529411764705884,-0.3330247794265908,-0.3349623874503411,0.0019376080237503146,18.742260397991757,16.092642242591285,10.659297015059682,,18.277175760861102,17.589999999999996,16.90282423913889,172598.4,244970.25,1.454022748762445,17.282911357097888
2026-04-30,3687,65.5,66.5,65.2,65.2,66805.0,4384899.0,65.2,65.59,66.985,70.21,72.25500000000001,73.27749999999999,50.0,22.641509433962185,-1.229343222699967,-1.1447396203799616,-0.08460360232000541,11.653375520181278,14.845556177674995,16.866042218774876,,70.38362201177871,66.985,63.58637798822128,66805.0,70402.25,1.0,65.63728762817155
2026-04-30,3689,132.5,137.5,132.5,134.0,6874960.0,930161456.0,134.0,133.85,134.25,120.16666666666667,116.83333333333333,115.16666666666667,50.0,45.833333333333336,3.537955196253421,4.284381489284924,-0.7464262930315035,13.050075136102587,7.459883653819137,27.750980267139845,,137.1062028528868,134.25,131.3937971471132,6874960.0,8392484.8,1.0,135.2969989643576
2026-04-30,3691,113.5,120.0,113.5,118.0,928054.0,108438913.0,118.0,118.7,119.175,116.23333333333333,116.11666666666666,116.05833333333334,50.0,50.0,0.45940121256140287,0.8761798731289026,-0.4167786605674997,10.356012073124688,8.643699412531182,15.49251941197978,,125.4768376601383,119.175,112.8731623398617,928054.0,1005138.8,1.0,116.84547774159694
2026-04-30,3693,621.0,680.0,612.0,668.0,2899349.0,1909737293.0,668.0,667.4,633.9,494.34166666666664,439.67083333333335,412.3354166666667,50.0,100.0,45.21437588047422,49.86252714559457,-4.648151265120347,12.108315102935325,3.35329396544884,46.86232768735872,,727.2897323331808,633.9,540.5102676668191,2899349.0,3122180.95,1.0,658.6779628806329
2026-04-30,3694,61.4,61.4,60.1,60.6,501574.0,30381042.0,60.46,60.98,59.254999999999995,59.11333333333333,64.18,63.39312499999999,37.87878787878787,61.22448979591839,0.8606653534627213,0.7786757986446905,0.08198955481803083,23.559303943416605,19.125193322080364,14.029738071620127,,65.13215470005868,59.254999999999995,53.37784529994131,821723.0,1091211.2,0.6103930399903618,60.57140521637884
2026-04-30,3701,68.7,68.7,65.5,65.8,5693564.0,382103504.0,66.24,68.53,63.13000000000001,58.22416666666666,46.90625,40.832499999999996,20.909090909090935,60.475161987041034,2.8428671257442133,2.944418438174417,-0.10155131243020366,26.12291941517695,18.23821578069567,24.362274872466067,,76.83425980642942,63.13000000000001,49.4257401935706,8718353.4,9984589.6,0.65305496792548,67.11147955832234
2026-04-30,3702,101.5,102.5,100.0,101.0,9514150.0,962769241.0,99.0,99.45,96.25,79.39166666666667,71.37916666666666,69.36291666666666,48.34437086092715,67.39926739926742,4.571967882421873,5.1260790246648975,-0.5541111422430243,26.68830977781032,15.38853361838844,38.01636746040978,,105.30596633804484,96.25,87.19403366195516,13129941.6,17098613.75,0.7246147995052773,101.19340571674822
2026-04-30,3703,20.8,21.0,20.75,20.75,769406.0,16032648.0,20.86,21.155,21.68,22.319166666666668,22.247083333333332,23.01083333333333,19.99999999999993,14.285714285714306,-0.4254319425832769,-0.3289895714475007,-0.0964423711357762,12.47113790471597,35.316179472561004,29.014388052852915,,22.881928275292314,21.68,20.478071724707686,961556.4,1097089.4,0.8001673120786258,20.837695572948483
2026-04-30,3704,33.85,35.45,33.8,34.95,2802060.0,97590107.0,34.45,35.975,35.32,34.55416666666667,34.498333333333335,32.06791666666667,22.764227642276495,55.83333333333336,0.253265123369772,0.5399352978962091,-0.28667017452643706,21.24372808341442,21.922017960199465,17.02430050774556,,39.041968918674634,35.32,31.598031081325367,2160589.4,3251326.7,1.296896115476638,34.82798619587018
2026-04-30,3705,55.7,55.7,55.5,55.6,122116.0,6786581.0,55.279999999999994,55.21,55.385000000000005,55.22833333333333,56.015,58.16041666666667,64.2857142857141,48.648648648648646,0.15920501377069485,0.14376609075427105,0.0154389230164238,26.305878437222123,17.65593711738749,17.436160979366967,,56.209046498431846,55.385000000000005,54.560953501568164,139321.0,235082.5,0.8765082076643148,55.57487143371876
2026-04-30,3706,81.4,82.7,80.9,81.4,6368901.0,520894848.0,81.55999999999999,82.88,81.245,80.675,85.67,77.42,15.78947368421062,42.00000000000003,0.5249063689922622,0.6672122464636381,-0.1423058774713759,21.356633790056883,22.05928436341307,12.813427414054358,,87.36329869713452,81.245,75.12670130286548,6730531.2,10733135.95,0.9462701844395283,81.78724210032469
2026-04-30,3707,61.8,66.2,61.8,66.2,33317240.0,2188434237.0,66.2,65.2,58.795,57.013333333333335,56.906666666666666,56.85333333333333,50.0,100.0,3.1841884150728674,2.3222759718656576,0.8619124432072098,16.147539805048865,6.2441773880162526,33.39474152637869,,73.10605204121333,58.795,44.48394795878668,33317240.0,17675205.3,1.0,65.68473970232829
2026-04-30,3708,116.5,117.5,115.0,116.5,395138.0,45946719.0,118.0,122.05,119.025,118.25833333333334,116.82083333333334,105.07916666666667,12.000000000000014,50.76923076923077,0.1054031132172355,0.753184612198614,-0.6477814989813785,22.243339826095816,20.34460399078682,12.526319027589205,,128.90573617542935,119.025,109.14426382457067,992360.2,1275089.65,0.3981800156838213,116.28018312589526
2026-04-30,3709,78.6,84.4,78.6,82.5,4674485.0,383241264.0,82.5,81.38000000000001,75.255,69.36999999999999,67.135,66.0175,50.0,100.0,4.029476981975435,3.3548119437543633,0.6746650382210717,16.40167913117918,3.1284219873034878,52.921199225105234,,88.89557029213725,75.255,61.61442970786274,4674485.0,3276917.05,1.0,81.98577255034512
2026-04-30,3710,6.9,7.1,6.9,6.99,470429.0,3293027.0,6.99,6.975,6.676,6.6585,6.779250000000001,6.839625000000001,50.0,100.0,0.15406725055443182,0.12026824449655307,0.03379900605787875,18.00638278969862,7.5469688336639695,31.94446341021722,,7.435706314446921,6.676,5.91629368555308,470429.0,498279.85,1.0,7.000051017262966
2026-04-30,3711,490.5,512.0,478.0,478.0,36584546.0,18048556588.0,490.7,475.85,436.95,357.65833333333336,284.1875,215.39791666666667,63.0,77.77777777777777,36.98008875558895,35.28193203460116,1.6981567209877895,37.942404940065074,11.46096265962078,44.60258744829951,,533.7677343476389,436.95,340.13226565236107,27861072.2,23478166.0,1.313106176868527,493.3382687870447
2026-04-30,3712,20.6,20.6,19.7,19.85,753814.0,15104007.0,20.21,20.675,19.5325,22.993333333333332,,,30.136986301369845,60.32388663967612,-0.46707385991792805,-0.7284272344716923,0.2613533745537643,26.02394836348739,32.770841755345415,22.423428653017876,,23.003473623457573,19.5325,16.061526376542425,1119718.4,1390487.0,0.6732174803950708,20.03678228316269
2026-04-30,3713,14.6,14.85,14.5,14.85,51424.0,751942.0,14.85,15.005,14.89,17.354166666666668,18.227083333333333,18.663541666666667,50.0,60.75949367088607,-0.5420375263543917,-0.6330182964888446,0.09098077013445283,15.249513744397467,22.88677374151899,25.16208557655489,,16.606974082506873,14.89,13.17302591749313,51424.0,100452.3,1.0,14.622394212818918
2026-04-30,3714,75.0,75.0,72.6,74.1,10729433.0,792031026.0,70.12,72.28,65.1275,47.76416666666667,41.27375,38.73854166666667,52.272727272727266,72.97297297297297,6.715846451133828,7.012315872798439,-0.2964694216646109,36.228676746604926,16.295391612183835,45.649656577936675,,85.04822380316787,65.1275,45.20677619683212,11437010.2,41627564.8,0.9381326773670273,73.81853505213184
2026-04-30,3715,175.5,178.5,173.0,174.0,13277267.0,2322975889.0,178.2,183.95,184.3,161.75833333333333,133.25333333333333,97.71145833333334,21.15384615384616,37.86407766990291,2.6392963362353896,5.657646021328338,-3.0183496850929483,16.87008788883436,20.82465800234389,24.41847053323811,,197.8623317355577,184.3,170.73766826444233,12676870.0,25980190.05,1.0473616121329634,174.95888943108548
2026-04-30,3716,32.4,32.4,31.7,31.7,129477.0,4122086.0,32.04,32.25,32.56,33.2925,33.55041666666667,34.43625,31.578947368420955,31.66666666666663,-0.3469761023204896,-0.3001665283899675,-0.0468095739305221,15.846099166650745,24.159005470547605,32.315561684272396,,33.367595521481135,32.56,31.75240447851887,136863.4,138408.6,0.9460308599669451,31.83643427017926
2026-04-30,4102,18.5,18.6,17.9,18.25,132270.0,2392581.0,18.25,18.330000000000002,18.77,19.455000000000002,19.652499999999996,19.751250000000002,50.0,0.0,-0.3439029552727213,-0.3151677379138473,-0.02873521735887402,1.0077516786227532,10.492147208855265,67.52613609116358,,19.751620571997368,18.77,17.78837942800263,132270.0,83281.0,1.0,18.088614198230893
2026-04-30,4104,71.9,71.9,71.3,71.4,356158.0,25467145.0,72.3,75.09,76.625,77.575,80.58,83.17958333333333,1.3513513513512692,15.625000000000014,-1.4236556797802535,-0.6569067963648455,-0.766748883415408,10.632323101368673,43.387398839578836,36.69335294966385,,82.23171589773364,76.625,71.01828410226636,423153.6,380289.05,0.8416754578006663,71.50518870838224
2026-04-30,4105,74.1,74.2,73.4,74.2,957904.0,70766016.0,74.2,74.24000000000001,74.395,79.83333333333333,81.96666666666665,83.03333333333332,50.0,28.571428571428868,-1.2458244871919533,-1.5452342991607277,0.2994098119687745,4.3880572590918705,19.499982587678602,59.248159136279654,,74.77042957850793,74.395,74.01957042149206,957904.0,846091.0,1.0,73.87589570562395
2026-04-30,4106,22.2,22.3,22.0,22.3,129731.0,2866068.0,22.21,22.35,22.342499999999998,22.581666666666663,22.183749999999996,22.252291666666668,37.50000000000006,47.058823529411825,-0.061592661473909516,-0.051304333174653216,-0.0102883282992563,14.066239423588955,27.371111382979052,23.752343629826097,,22.64385658193249,22.342499999999998,22.041143418067506,81569.4,75596.2,1.59043710018708,22.092391178669708
2026-04-30,4107,116.5,116.5,115.5,115.5,54657.0,6338737.0,115.5,115.9,118.65,119.125,119.0625,119.03125,50.0,0.0,-1.2812339115326807,-0.9247111469566839,-0.35652276457599685,8.788866375647563,16.447017799089515,24.31091690650986,,124.88318791461862,118.65,112.4168120853814,54657.0,58281.25,1.0,115.97301352068354
2026-04-30,4108,12.3,12.3,12.2,12.25,123830.0,1515787.0,12.330000000000002,12.45,12.5125,13.315833333333334,13.827083333333333,13.951875,19.9999999999999,44.64285714285712,-0.23132930554513997,-0.24421683424519428,0.012887528700054302,18.92513700974349,18.51977119750203,15.523161337405075,,12.950046989957514,12.5125,12.074953010042485,178261.6,230417.05,0.694653251176922,12.24087054833239
2026-04-30,4109,11.8,11.8,11.6,11.65,125757.0,1471105.0,11.65,11.745000000000001,12.1175,13.1125,13.55625,13.778125,50.0,16.666666666666643,-0.38706286701282444,-0.37320539653867957,-0.013857470474144873,5.06479409224617,21.960880572447106,56.96412012249579,,12.993059971194377,12.1175,11.241940028805622,125757.0,149052.45,1.0,11.697996930588356
2026-04-30,4111,29.35,29.45,29.35,29.45,102074.0,2998688.0,29.45,29.434999999999995,29.384999999999998,29.57,29.660000000000004,29.705,50.0,74.99999999999956,-0.010247172092416434,-0.0335737183625286,0.023326546270112165,9.87531070268816,12.462856209685217,17.344822765120643,,29.511074330623337,29.384999999999998,29.25892566937666,102074.0,106351.9,1.0,29.3775888081196
2026-04-30,4113,14.35,14.6,14.05,14.55,293080.0,4214105.0,14.55,14.695000000000002,15.507499999999999,18.243333333333336,19.471666666666668,20.085833333333333,50.0,2.5000000000000284,-0.9351488992124093,-0.9645731262875763,0.02942422707516701,1.8514606140979741,24.0223344602288,74.51101684753638,,17.316039684240792,15.507499999999999,13.698960315759203,293080.0,255118.1,1.0,14.378685000682408
2026-04-30,4114,30.9,30.95,30.8,30.8,820938.0,25334681.0,30.8,30.915,31.1,31.5075,31.70375,31.801874999999995,50.0,46.51162790697677,-0.1593546048694492,-0.12490247741174262,-0.034452127457706566,15.068668865428048,22.441856884101504,22.30271245736999,,32.00321064745984,31.1,30.19678935254016,820938.0,790214.8,1.0,30.860650865229776
2026-04-30,4116,40.0,40.95,39.3,39.95,46772.0,1866747.0,39.95,40.055,40.015,40.87499999999999,41.4625,41.75625,50.0,57.40740740740755,-0.11997081314118674,-0.142261505025606,0.02229069188441926,6.257640815324583,9.040824223635914,22.77432298898134,,41.094522311512215,40.015,38.93547768848779,46772.0,33583.2,1.0,39.91163516633883
2026-04-30,4119,48.2,48.2,47.7,47.8,149206.0,7146365.0,47.9,47.959999999999994,49.510000000000005,51.27166666666667,52.52041666666666,58.82395833333333,47.4358974358974,30.714285714285694,-1.1232755639037677,-1.0209939380509094,-0.10228162585285827,15.919966875372188,27.531241639851384,24.16902856125406,,52.95728726300668,49.510000000000005,46.06271273699333,186368.2,205605.45,0.8005979560890752,47.89596262884871
2026-04-30,4120,46.5,48.0,46.1,48.0,83896.0,3926870.0,48.0,47.935,47.545,45.89,45.32,45.035,50.0,84.61538461538444,0.530670608455118,0.5685173176268807,-0.037846709171762694,7.847407085482448,5.200277857001028,32.55698434965214,,48.41792611371158,47.545,46.67207388628842,83896.0,42509.0,1.0,46.80640316582436
2026-04-30,4121,14.85,15.15,14.7,14.7,175920.0,2609931.0,14.7,14.779999999999998,15.15,17.34083333333333,18.170416666666664,18.585208333333338,50.0,9.523809523809476,-0.6692319601804755,-0.7390738932555072,0.06984193307503173,5.404575002701668,19.12052616493432,48.30012156160114,,15.9879172173656,15.15,14.3120827826344,175920.0,128188.2,1.0,14.835896998635743
2026-04-30,4123,39.4,39.55,39.0,39.0,1902099.0,74477687.0,39.0,39.14,39.61,40.80833333333333,40.12916666666667,39.78958333333334,50.0,25.641025641025607,-0.6639553164547252,-0.6474087774931768,-0.01654653896154834,11.675819966807884,15.157621737038394,16.03446832219906,,40.79081149616435,39.61,38.42918850383565,1902099.0,2455541.95,1.0,39.15552607934708
2026-04-30,4126,79.3,80.5,79.3,79.5,27460.0,2190148.0,79.5,79.65,80.045,80.50500000000001,80.6525,80.72625,50.0,34.78260869565209,-0.3010477452449294,-0.23923571111878592,-0.06181203412614347,6.875851329591999,11.631635370595484,23.005328121529068,,81.2138500871866,80.045,78.8761499128134,27460.0,54432.0,1.0,79.7577567370721
2026-04-30,4127,38.1,38.95,38.0,38.35,48051.0,1843350.0,38.35,38.265,37.447500000000005,37.079166666666666,37.21458333333333,37.282291666666666,50.0,88.67924528301897,0.5272830205457169,0.4287077874574649,0.09857523308825195,10.927113312148515,2.592879350815298,46.41959953160002,,39.35799043028497,37.447500000000005,35.53700956971504,48051.0,91757.35,1.0,38.3623649872011
2026-04-30,4128,15.6,16.3,15.5,15.5,2640588.0,42015007.0,15.5,15.665000000000001,16.322499999999998,17.703333333333333,18.551666666666666,18.975833333333334,50.0,13.15789473684211,-0.558566771294565,-0.516505381713665,-0.0420613895809,6.254291327338228,11.46925921569387,31.45125604694513,,17.85957685662029,16.322499999999998,14.785423143379704,2640588.0,2424883.9,1.0,15.911231513587126
2026-04-30,4129,99.1,99.9,98.3,98.4,245535.0,24293087.0,98.4,99.11,101.205,105.47666666666666,106.98833333333333,107.74416666666667,50.0,33.057851239669446,-1.9090246721154074,-1.7231275525546754,-0.18589711956073196,9.971417571673356,18.44328294288207,24.693364173502484,,106.91278784690374,101.205,95.49721215309626,245535.0,240656.85,1.0,98.93940578736229
2026-04-30,4130,27.8,27.85,27.45,27.45,167901.0,4639997.0,27.45,27.955000000000002,30.747500000000002,31.592500000000005,31.521250000000002,31.485625000000002,50.0,0.0,-1.4763323963414052,-1.0761095750139782,-0.40022282132742704,10.347717759514728,30.896769938578082,34.0629961453691,,36.96669566638984,30.747500000000002,24.528304333610166,167901.0,613820.55,1.0,27.635314858160463
2026-04-30,4131,35.55,35.65,34.8,35.35,60356.0,2124317.0,35.35,35.364999999999995,35.485,37.28666666666666,38.318333333333335,38.83416666666667,50.0,36.84210526315793,-0.3799277821914302,-0.471335995896587,0.09140821370515678,2.495850308547831,6.5465310205827825,46.42686555914999,,35.7963637236757,35.485,35.1736362763243,60356.0,110276.8,1.0,35.19645105706144
2026-04-30,4133,21.8,22.05,21.45,21.6,171554.0,3723545.0,21.77,22.095000000000002,22.34,23.679166666666667,23.91916666666667,25.714583333333334,12.499999999999929,33.333333333333286,-0.4444289333251348,-0.4120015346367336,-0.032427398688401166,18.095116137395774,24.16290656176686,15.539081214087478,,23.12041824144299,22.34,21.55958175855701,136013.4,97432.85,1.2613021952248824,21.70479848910547
2026-04-30,4137,106.5,107.0,105.5,106.5,53512.0,5691863.0,105.9,107.25,107.475,106.74500000000002,103.56083333333335,107.01708333333333,35.71428571428572,37.5,-0.30787034865250007,-0.0025627785293239162,-0.30530757012317616,16.769514389717415,24.258736109262884,17.511174360772547,,111.138116303454,107.475,103.81188369654599,113673.8,147396.65,0.4707505159500254,106.3661047989236
2026-04-30,4138,56.1,56.2,56.0,56.0,21263.0,1192262.0,56.0,56.79,59.875,59.99,59.894999999999996,59.8475,50.0,15.053763440860209,-1.472059022333319,-0.8934666652477444,-0.5785923570855745,12.837141273678771,41.558436852703515,47.50713132384765,,67.1361076435022,59.875,52.6138923564978,21263.0,32415.85,1.0,56.07214410007995
2026-04-30,4139,23.5,23.75,23.2,23.75,21001.0,489873.0,23.75,23.865000000000002,24.45,,,,50.0,0.0,-0.20412010413344817,-0.08904669267705048,-0.11507341145639768,7.310254884408905,19.621541334816676,42.55815670798696,,25.75706581801821,24.45,23.14293418198179,21001.0,13661.75,1.0,23.326174944050283
2026-04-30,4142,17.95,18.05,17.7,17.7,817414.0,14586466.0,17.94,18.04,18.240000000000002,18.466666666666665,18.7875,18.352916666666665,26.31578947368422,36.73469387755093,-0.13024815655009547,-0.0826161197332788,-0.04763203681681667,20.037951302560995,24.776063434717376,11.156092852347937,,18.864584072129652,18.240000000000002,17.61541592787035,816334.8,1308634.15,1.001322006608073,17.8446491007005
2026-04-30,4147,49.0,49.9,48.7,49.45,805594.0,39700526.0,49.45,49.835,52.1025,53.7125,55.25625,56.028125,50.0,0.0,-1.2615184329180948,-0.98668069217163,-0.27483774074646483,9.172174698085556,15.622457359443183,26.89103738196156,,57.17694318957364,52.1025,47.02805681042636,805594.0,852013.0,1.0,49.281059690116855
2026-04-30,4148,37.3,37.3,36.5,36.8,47122.0,1734468.0,37.489999999999995,37.465,39.2875,38.96583333333333,,,43.42105263157894,24.683544303797476,-0.8792222774005651,-0.5866665147369691,-0.29255576266359606,24.08212569458677,20.213169348693185,19.97701262153462,,43.91065397013442,39.2875,34.664346029865584,89600.4,86946.05,0.5259128307462914,36.808030219430414
2026-04-30,4153,30.55,30.6,30.55,30.6,9498.0,289836.0,30.6,30.740000000000002,31.55,32.8025,33.00125,33.100625,50.0,0.0,-0.673017368498293,-0.6182424768587574,-0.05477489163953553,7.409821368391404,32.09039557754412,46.057899259633324,,33.35612991314514,31.55,29.743870086854862,9498.0,24715.8,1.0,30.515476942514212
2026-04-30,4154,13.25,13.65,12.6,13.0,37800.0,488180.0,13.0,13.09,13.629999999999999,,,,50.0,22.64150943396227,-0.004346096886694184,0.11802394679114991,-0.1223700436778441,7.90503798101131,8.810640565508441,24.59810993209797,,14.92833901987358,13.629999999999999,12.331660980126419,37800.0,31865.2,1.0,12.914814814814815
2026-04-30,4155,13.1,13.1,12.95,13.0,320867.0,4166560.0,12.970000000000002,13.175,13.170000000000002,13.8225,14.292916666666665,15.482708333333335,26.666666666666643,48.48484848484846,-0.17321484304346058,-0.17471701027077965,0.001502167227319079,22.56825647895712,20.87277327568204,16.427576232113157,,13.56788916732463,13.170000000000002,12.772110832675374,195245.6,233925.0,1.643401951183535,12.98531790430303
2026-04-30,4157,10.2,10.3,9.98,10.0,940840.0,9469422.0,10.0,10.055,10.5125,11.7525,12.526250000000001,12.913125000000003,50.0,0.0,-0.43975725686918565,-0.4489293867503276,0.009172129881141966,2.0226586717928146,16.989998529659196,68.78959794823085,,11.601620842940017,10.5125,9.423379157059982,940840.0,1145398.9,1.0,10.064859062114706
2026-04-30,4160,43.5,43.7,42.9,43.7,38567.0,1665469.0,43.7,43.8,44.505,47.88666666666666,49.89333333333333,50.89666666666667,50.0,0.0,-0.9411631649061434,-1.040718517509693,0.09955535260354953,4.179117603124687,19.09208310365399,53.89124998732925,,46.10562487798314,44.505,42.904375122016866,38567.0,34990.05,1.0,43.18378406409625
2026-04-30,4161,23.6,23.65,23.35,23.5,42142.0,988364.0,23.5,23.57,24.0125,24.910833333333333,25.00541666666667,25.052708333333335,50.0,7.999999999999844,-0.4155801999833564,-0.39977255104263315,-0.01580764894072323,4.0110037143446515,18.052138406563824,55.21028161322528,,25.00131907237608,24.0125,23.023680927623918,42142.0,61978.6,1.0,23.453182098618957
2026-04-30,4162,54.7,55.7,54.1,54.9,271563.0,14915050.0,54.9,55.3,56.575,60.348333333333336,62.424166666666665,63.46208333333333,50.0,29.824561403508724,-1.2780966820601378,-1.2353876833149071,-0.04270899874523071,4.027448445491098,17.429644212098218,50.400686893111825,,59.9253338403963,56.575,53.22466615960371,271563.0,257627.55,1.0,54.92298288058388
2026-04-30,4163,102.0,102.0,99.0,99.0,22425.0,2236261.0,99.0,99.9,104.4,101.365,97.3825,95.39125,50.0,0.0,-1.6292224112001037,-0.7279022909964142,-0.9013201202036895,7.538776233680612,14.083485630265411,42.38836170223523,,114.4869900575471,104.4,94.31300994245291,22425.0,31150.75,1.0,99.72178372352285
2026-04-30,4164,29.5,29.55,28.8,29.05,1373729.0,39942270.0,29.619999999999997,30.734999999999996,30.915,32.58916666666667,37.36666666666667,41.552708333333335,6.849315068493141,33.7748344370861,-0.6137909982424503,-0.4356399364563183,-0.178151061786132,23.171449088401268,34.131937736208975,16.43424604270876,,32.875424229062645,30.915,28.954575770937353,1505160.4,1265476.15,0.9126794725665119,29.07580024881181
2026-04-30,4166,26.5,26.75,25.8,25.8,209163.0,5455794.0,25.8,25.8,25.655,25.875833333333336,26.38791666666667,26.64395833333333,50.0,83.33333333333363,0.07876361966604506,0.0561894231542822,0.02257419651176286,14.663119479935851,6.43295429232424,38.00933519992436,,26.062689252146583,25.655,25.24731074785342,209163.0,185814.15,1.0,26.083934539091523
2026-04-30,4167,19.25,19.25,18.85,18.95,897367.0,17056987.0,18.95,19.044999999999998,19.64,20.06083333333333,20.305416666666666,20.42770833333333,50.0,0.0,-0.3866894701299479,-0.3112528168715003,-0.07543665325844762,9.887683566174257,17.980382283661452,22.449602601009605,,20.98461890511773,19.64,18.29538109488227,897367.0,829250.25,1.0,19.007816200060844
2026-04-30,4168,23.6,24.15,23.45,24.0,236124.0,5636407.0,24.0,23.98,23.565,25.171666666666667,26.285833333333333,26.842916666666667,50.0,100.0,-0.1120942120257915,-0.2473639718186736,0.13526975979288208,7.905209957170765,11.64929119064148,27.03245686774048,,24.64159306684511,23.565,22.48840693315489,236124.0,198027.9,1.0,23.870538361200047
2026-04-30,4171,19.4,19.95,18.9,19.2,231609.0,4476987.0,19.2,19.25,19.0775,20.018333333333334,20.959166666666665,21.42958333333333,50.0,64.28571428571425,-0.058604151852375,-0.11401727334724084,0.05541312149486584,7.291893668330947,7.121181024421164,14.119494906000783,,19.94593779888162,19.0775,18.209062201118382,231609.0,166771.25,1.0,19.329935365206016
2026-04-30,4173,19.0,19.0,18.9,18.95,90476.0,1718954.0,18.95,19.02,19.66,20.641666666666666,20.945833333333333,21.097916666666666,50.0,0.0,-0.49765730799282437,-0.46936536865318196,-0.028291939339642413,4.194319950885718,26.94530998397496,52.34396830750788,,21.144161999953248,19.66,18.175838000046753,90476.0,159922.8,1.0,18.999005261063708
2026-04-30,4174,31.8,32.4,31.75,31.85,354772.0,11346482.0,31.85,32.46,35.205,41.530833333333334,46.01541666666667,48.25770833333333,50.0,4.444444444444514,-2.375866997892004,-2.2500100812077433,-0.1258569166842607,4.352708161117117,27.832798854371482,59.75181036893828,,41.43387165586697,35.205,28.976128344133024,354772.0,356943.2,1.0,31.98246197557868
2026-04-30,4175,55.0,55.1,54.3,54.4,15215.0,832730.0,54.4,54.5,55.05500000000001,56.09166666666667,56.99583333333333,57.447916666666664,50.0,14.9999999999999,-0.3724189062505445,-0.34257579683266637,-0.029843109417878155,7.845457939809208,13.541614296711272,23.65936502362125,,56.32568154112514,55.05500000000001,53.78431845887487,15215.0,16172.35,1.0,54.730857706210976
2026-04-30,4183,14.25,14.35,14.2,14.35,5000.0,71200.0,14.35,14.434999999999999,15.0675,,,,50.0,0.0,-0.44460489741658726,-0.39837688387541503,-0.04622801354117223,3.323712019636464,15.134889349213385,65.76090948096108,,16.520726899370036,15.0675,13.614273100629964,5000.0,8202.4,1.0,14.24
2026-04-30,4188,12.0,12.05,11.75,11.8,65636.0,776482.0,11.8,11.825,11.925,12.993333333333334,13.446666666666665,13.673333333333336,50.0,25.0,-0.2734637864937781,-0.3162368186159615,0.04277303212218336,2.459645914501416,14.53970638540511,64.00975971874452,,12.1623094803704,11.925,11.687690519629601,65636.0,56542.1,1.0,11.830123712596746
2026-04-30,4190,24.7,25.15,24.6,25.15,63435.0,1581450.0,25.22,25.884999999999998,26.4875,28.183333333333334,30.010833333333334,,23.404255319148874,27.84810126582275,-0.7913171530483929,-0.655985079507075,-0.13533207354131793,10.52073405965028,40.92815867172927,40.384286710164176,,28.195337968403624,26.4875,24.779662031596377,62553.8,49116.0,1.0140870738468326,24.930243556396313
2026-04-30,4192,19.5,19.6,19.5,19.6,9025.0,175755.0,19.6,19.62,19.94,,,,50.0,5.263157894736921,-0.36240488085242717,-0.40302796602750524,0.040623085175078066,6.956755848012287,25.997576613664535,53.980161583158214,,20.73379170010635,19.94,19.14620829989365,9025.0,8261.75,1.0,19.474238227146813
2026-04-30,4198,37.7,37.7,37.0,37.0,2060.0,76910.0,37.0,37.3,38.885,,,,50.0,13.207547169811377,-0.3723210834603705,-0.00031305647378517687,-0.37200802698658536,8.250358000794778,10.68145009080764,16.3585155132607,,42.48282097796341,38.885,35.28717902203659,2060.0,4774.7,1.0,37.33495145631068
2026-04-30,4205,74.7,74.9,74.5,74.5,16462.0,1228927.0,74.5,74.78999999999999,75.84,76.97,77.435,77.66750000000002,50.0,22.50000000000007,-0.7391942178324484,-0.5882241350794051,-0.15097008275304336,14.571177859093149,24.172068816303753,26.38931649520584,,78.38508814861304,75.84,73.29491185138697,16462.0,25024.3,1.0,74.65235086866723
2026-04-30,4207,17.65,17.65,17.5,17.5,133845.0,2348526.0,17.5,17.515,17.7025,18.746666666666666,18.773333333333333,18.78666666666667,50.0,0.0,-0.38545260551925864,-0.41801576142493585,0.03256315590567721,3.4723312549847978,17.931527403618663,59.73786963455548,,18.154949473771055,17.7025,17.250050526228947,133845.0,352004.05,1.0,17.54660988456797
2026-04-30,4303,55.0,55.4,53.7,53.9,795292.0,43197048.0,53.9,53.96,53.94,55.33666666666667,55.96833333333334,56.28416666666667,50.0,59.9999999999999,-0.3177529989858314,-0.3688324933494032,0.05107949436357179,9.365284118375111,9.344634381458059,6.855069794288442,,54.586936098690735,53.94,53.29306390130926,795292.0,702672.0,1.0,54.315959421193725
2026-04-30,4304,30.3,30.5,29.6,29.7,11061.0,334346.0,29.7,29.57,28.52,29.105,29.8025,30.15125,50.0,100.0,0.43752252550666526,0.23761834205723473,0.19990418344943053,14.623941560144923,6.645846632150214,29.239923530959615,,30.925782507560484,28.52,26.114217492439515,11061.0,21248.85,1.0,30.227465871078564
2026-04-30,4305,43.75,43.75,43.75,43.75,3000.0,131250.0,43.75,,,,,,50.0,0.0,0.12150716160546438,0.1632285221581543,-0.041721360552689934,27.814294980944226,21.25038701117194,25.245669677126727,,,,,3000.0,3484.1,1.0,43.75
2026-04-30,4306,13.3,13.3,13.15,13.2,666285.0,8813119.0,13.24,13.404999999999998,13.544999999999998,13.623333333333333,13.645416666666668,14.685208333333332,23.076923076923052,41.17647058823529,-0.09412431840186386,-0.04220530313960043,-0.05191901526226343,22.804662184285235,23.257569298483542,18.032592320814285,,14.026117121095153,13.544999999999998,13.063882878904844,850328.6,1073435.7,0.7835617901126694,13.227251101255469
2026-04-30,4401,14.85,14.85,14.4,14.4,73643.0,1066076.0,14.4,14.440000000000001,14.620000000000001,15.435,15.942499999999999,16.19625,50.0,0.0,-0.22943498708270482,-0.2454349002414861,0.01599991315878127,2.630903088579311,8.702727392569662,42.20847303946254,,15.028334228427164,14.620000000000001,14.211665771572838,73643.0,58190.55,1.0,14.476270657088929
2026-04-30,4402,14.4,14.4,14.0,14.25,21195.0,298168.0,14.25,14.430000000000001,15.5625,17.810833333333335,18.805416666666666,19.302708333333335,50.0,0.0,-0.9687581264678897,-0.9280426725662395,-0.04071545390165021,3.852452586455588,22.66074531588067,54.33454937418165,,18.091671905251893,15.5625,13.033328094748107,21195.0,42871.45,1.0,14.067846190139184
2026-04-30,4406,9.97,10.1,9.95,10.1,21010.0,209531.0,10.1,10.09,,,,,50.0,100.0,0.00559022729124159,-0.0024329749533107434,0.008023202244552333,7.311689932872553,3.1773976681236835,31.709310931108593,,,,,21010.0,,1.0,9.972917658257973
2026-04-30,4413,18.2,19.05,18.15,19.05,14000.0,263600.0,19.05,18.965000000000003,18.3025,,,,50.0,100.0,0.34449697419965375,0.2645713206123383,0.07992565358731546,8.453447685235219,2.780075961606532,42.03269042159704,,19.815765900035576,18.3025,16.78923409996442,14000.0,11417.4,1.0,18.82857142857143
2026-04-30,4414,10.3,10.3,10.1,10.1,252924.0,2575371.0,10.22,10.43,10.955,10.877999999999998,10.854666666666667,8.8195,22.2222222222223,11.764705882352885,-0.27216675403453827,-0.15453677942416635,-0.11762997461037192,15.603361232978314,28.561634523807793,25.522114202379996,,12.207744355825497,10.955,9.702255644174503,305564.2,400655.05,0.8277278555537592,10.182390757697965
2026-04-30,4416,12.85,13.25,12.8,12.85,240010.0,3109036.0,12.85,13.075,13.25,19.953333333333333,24.476666666666667,26.738333333333333,50.0,51.612903225806456,-1.21549284491239,-1.519331528248072,0.30383868333568187,11.315332451397987,22.96651827572147,45.79345033548893,,15.152629759044263,13.25,11.347370240955737,240010.0,444205.1,1.0,12.953776925961419
2026-04-30,4417,47.4,47.75,47.05,47.15,89538.0,4228662.0,47.15,47.239999999999995,48.425,50.72833333333333,51.314166666666665,51.60708333333333,50.0,0.0,-1.0698482426419105,-1.063670240909971,-0.0061780017319394975,2.1067962099842528,20.241918142571148,66.2216065049718,,51.45406968521594,48.425,45.39593031478405,89538.0,127109.6,1.0,47.22756818334115
2026-04-30,4419,46.9,46.9,46.9,46.9,1221.0,57074.0,46.9,46.849999999999994,46.09,46.32416666666666,46.88708333333334,47.16854166666667,50.0,100.0,0.2519734986026023,0.17986989795930391,0.0721036006432984,32.473998676310686,19.313160521227946,23.110512881779563,,48.0322179399634,46.09,44.147782060036604,1221.0,3207.35,1.0,46.743652743652746
2026-04-30,4420,41.2,41.2,40.8,40.85,36033.0,1475238.0,40.85,41.185,42.0225,47.285,48.8425,49.621249999999996,50.0,44.642857142857146,-1.6825843083833405,-1.766370367482252,0.08378605909891146,10.648877721061103,28.321390095358,45.80921508940335,,45.06179960768334,42.0225,38.98320039231666,36033.0,48280.85,1.0,40.94130380484556
2026-04-30,4426,8.43,8.43,8.33,8.34,102284.0,855905.0,8.43,8.634,8.644,9.129,9.579916666666666,10.240541666666667,3.3898305084745033,44.64285714285709,-0.1644576367191739,-0.14910547935912066,-0.015352157360053242,21.589973115579625,28.132708882409258,17.652875185710847,,9.06952258892346,8.644,8.21847741107654,101777.8,168639.65,1.0049735797000918,8.367926557428337
2026-04-30,4430,17.3,18.3,17.1,18.3,25898.0,456072.0,18.3,18.215,17.970000000000002,18.245,18.2975,18.32375,50.0,67.99999999999991,0.05006900747480714,-0.02138763382458484,0.07145664129939197,5.620733352693967,3.484419877035483,29.64733750722736,,18.646990243263307,17.970000000000002,17.293009756736698,25898.0,37646.4,1.0,17.61031739902695
2026-04-30,4432,14.4,14.4,14.3,14.3,23414.0,336247.0,14.3,14.375,14.830000000000002,15.6075,16.10375,16.351875,50.0,0.0,-0.3448504805724415,-0.3178592533906727,-0.026991227181768773,6.022254678007191,28.856461366466533,52.060140153524266,,15.84483729574855,14.830000000000002,13.815162704251454,23414.0,23622.0,1.0,14.360937900401469
2026-04-30,4433,19.95,20.1,19.9,20.0,15706.0,315167.0,20.0,20.07,20.2675,21.119999999999997,21.584999999999997,21.8175,50.0,36.666666666666714,-0.2675755354727798,-0.27111348262339446,0.003537947150614673,9.621187352811313,16.12694125765296,21.397375680351576,,20.831578195400514,20.2675,19.703421804599483,15706.0,25499.8,1.0,20.06666242200433
2026-04-30,4438,55.6,56.4,55.6,55.7,75371.0,4209439.0,56.160000000000004,57.120000000000005,57.089999999999996,63.36833333333334,69.735,74.405,16.66666666666673,44.82758620689656,-1.319650686645062,-1.5128066597602592,0.19315597311519728,17.946176277552116,24.272574771492973,20.70710543490296,,59.09620091348109,57.089999999999996,55.0837990865189,69231.4,80967.2,1.0886823031167938,55.84958405752876
2026-04-30,4439,100.0,100.5,97.1,98.1,11120.0,1093480.0,99.22,100.05,96.53,96.48499999999999,96.60999999999999,93.15125000000002,0.0,50.549450549450526,2.0033462911798523,1.870680346161172,0.13266594501868023,26.6328162183733,22.60467748711176,26.20522406643547,,107.61666339631378,96.53,85.44333660368622,25905.0,46091.8,0.4292607604709516,98.33453237410072
2026-04-30,4440,17.9,18.0,17.85,17.9,39190.0,701769.0,17.9,17.919999999999998,17.675,17.5125,18.0575,17.92125,52.94117647058806,62.2222222222222,0.13436758740251165,0.11512921662149489,0.019238370781016756,26.28395339849491,13.170061288053061,31.0518373027477,,18.37725201654096,17.675,16.97274798345904,52797.8,62419.6,0.7422657762255245,17.906838479203877
2026-04-30,4442,55.3,55.4,55.3,55.3,5661.0,312786.0,55.3,55.58,57.794999999999995,57.67166666666667,57.23583333333333,57.017916666666665,50.0,3.389830508474631,-1.0931832405413147,-0.746814127983236,-0.3463691125580787,15.81348961825827,25.977834778520553,29.405321758753566,,62.839006344167295,57.794999999999995,52.750993655832694,5661.0,40721.85,1.0,55.252782193958666
2026-04-30,4502,15.8,15.85,15.75,15.85,25001.0,395265.0,15.85,15.86,15.87,15.819166666666666,15.809583333333334,15.804791666666667,50.0,50.0,0.00923380244413785,0.01618949673266212,-0.006955694288524269,16.029750798096046,4.56016490318097,49.42571265602777,,15.952078268171771,15.87,15.787921731828227,25001.0,21674.65,1.0,15.809967601295948
2026-04-30,4503,44.6,45.75,44.4,44.4,155450.0,6968080.0,44.4,44.114999999999995,42.4625,39.4875,38.89375,38.596875,50.0,97.67441860465114,1.5361972503404573,1.4384850074215818,0.09771224291887548,20.320909171628045,6.502811909271874,37.98184333316916,,46.18538442219917,42.4625,38.739615577800826,155450.0,179980.4,1.0,44.82521711161145
2026-04-30,4506,117.5,119.0,116.5,117.0,91734.0,10802342.0,117.0,117.35,118.975,115.83333333333333,113.66666666666667,112.58333333333333,50.0,18.181818181818173,-0.12663945478210792,0.3308456036856885,-0.4574850584677964,6.585884992334826,9.180151773330977,28.087243595604384,,122.66674042538482,118.975,115.28325957461517,91734.0,81809.7,1.0,117.75723286894717
2026-04-30,4510,47.45,49.4,47.0,47.0,5215020.0,252086541.0,47.0,47.004999999999995,44.92,45.895833333333336,47.92291666666667,48.93645833333334,50.0,99.18699186991874,0.8758316136412247,0.6263858690637256,0.24944574457749913,14.767587257117754,6.04327578194971,32.543022224560325,,50.78420003966976,44.92,39.05579996033024,5215020.0,2960763.8,1.0,48.33855689911064
2026-04-30,4513,14.85,15.3,14.8,15.2,266918.0,4035926.0,15.2,15.34,15.86,17.37833333333333,17.964166666666664,18.257083333333334,50.0,21.052631578947427,-0.5880234219797291,-0.5707072776897228,-0.017316144290006275,9.571805860118843,22.35771302642422,29.375969697353987,,17.107144105968906,15.86,14.612855894031092,266918.0,262580.7,1.0,15.120471455653046
2026-04-30,4523,30.9,31.25,30.3,30.6,172338.0,5300469.0,30.6,30.550000000000004,30.214999999999996,30.311666666666667,29.555833333333336,29.177916666666665,50.0,84.61538461538468,0.03342346300874155,-0.03185986899605616,0.06528333200479772,12.23091094174735,10.062784480004327,13.699198063139448,,31.00779651600489,30.214999999999996,29.4222034839951,172338.0,164203.1,1.0,30.756240643386832
2026-04-30,4526,34.55,37.4,34.55,36.75,23375944.0,859831356.0,34.260000000000005,34.085,34.2325,33.74,32.997499999999995,31.082083333333333,65.94594594594594,56.800000000000004,0.2661423042129698,0.13566589925251749,0.13047640496045232,28.055948428092492,18.695991004633303,9.767408382139878,,36.57799400026121,34.2325,31.887005999738797,10945439.8,5897928.8,2.1356788239792794,36.78274366160357
2026-04-30,4527,42.8,42.8,42.35,42.75,21188.0,902457.0,42.75,42.795,42.955,41.89916666666667,41.374583333333334,41.11229166666667,50.0,28.571428571428868,0.14112737565587707,0.23804152969325193,-0.09691415403737486,8.835085492951688,7.173954182326457,37.148829685011286,,43.35486839940443,42.955,42.555131600595566,21188.0,25545.5,1.0,42.592835567302245
2026-04-30,4528,15.65,16.25,15.55,16.2,68406.0,1081706.0,16.2,16.294999999999998,16.669999999999998,18.35,19.225,19.6625,50.0,13.63636363636354,-0.516988240039602,-0.5436906329452741,0.026702392905672112,3.6103137421149767,16.96240353963215,51.49364386228231,,17.54923411647817,16.669999999999998,15.790765883521825,68406.0,46016.0,1.0,15.81302809695056
2026-04-30,4529,5.2,5.38,5.13,5.2,362237.0,1871733.0,5.2,4.99,4.0695,3.5858333333333334,3.4579166666666667,3.393958333333333,50.0,96.7741935483871,0.5341818166993892,0.39682065603511074,0.1373611606642785,28.833959730999116,3.914465203223073,56.437783416957245,,6.168406732964618,4.0695,1.9705932670353818,362237.0,191391.15,1.0,5.167150235895284
2026-04-30,4530,24.85,25.6,24.85,24.85,205907.0,5128541.0,24.85,25.165000000000003,26.5425,,,,50.0,7.142857142857139,-0.9755850411084914,-0.7990604925242382,-0.17652454858425326,8.317866950022953,18.685413295425953,31.613373787964402,,29.686797260622455,26.5425,23.398202739377545,205907.0,102960.15,1.0,24.90707455307493
2026-04-30,4532,23.15,23.3,22.9,22.9,815108.0,18819273.0,23.11,23.73,24.419999999999998,25.31,24.547083333333333,25.318958333333335,25.490196078431424,32.96703296703299,-0.7149092584683849,-0.5494407152871154,-0.16546854318126958,12.004097382920163,31.41441707822651,29.226180813226367,,26.557484995330448,24.419999999999998,22.28251500466955,1298504.0,1357643.45,0.6277285245174447,23.088072991554494
2026-04-30,4533,30.2,32.3,29.6,31.1,4429758.0,139714869.0,31.1,31.15500000000001,30.5825,32.91833333333334,34.409166666666664,35.154583333333335,50.0,81.3559322033899,-0.2857518663995293,-0.4442927580406004,0.1585408916410711,8.74833491550371,8.94608548858944,10.023938073170212,,32.555548669605386,30.5825,28.609451330394613,4429758.0,2924712.1,1.0,31.5400681030431
2026-04-30,4534,25.0,25.45,24.0,24.45,702052.0,17230508.0,24.45,24.634999999999998,25.7575,24.935833333333335,23.767916666666668,23.183958333333337,50.0,34.86842105263156,-0.44107122404299304,-0.2217582957160557,-0.21931292832693733,10.588918882825709,10.950644448206557,17.772305118476208,,28.500582208028046,25.7575,23.014417791971955,702052.0,1235205.2,1.0,24.543065186054594
2026-04-30,4535,27.65,27.65,27.65,27.65,1053.0,29120.0,27.65,27.709999999999997,27.997500000000002,28.49416666666667,28.74708333333333,28.873541666666664,50.0,0.0,-0.1938692228127472,-0.17837665049672932,-0.015492572316017889,13.056166017083445,37.183160845620236,39.730856022820056,,28.64352020499605,27.997500000000002,27.351479795003954,1053.0,3816.45,1.0,27.65432098765432
2026-04-30,4536,151.5,152.5,149.5,149.5,292816.0,44039587.0,151.0,153.4,152.575,157.18333333333334,166.92083333333332,176.29791666666668,7.142857142857139,46.666666666666664,-1.132424220624472,-0.9920150318982269,-0.14040918872624497,18.148483165522272,27.283438734644385,20.08351866576941,,157.88908258160882,152.575,147.26091741839116,292792.6,217820.45,1.0000799200526242,150.40020695590405
2026-04-30,4538,18.05,18.3,17.8,18.3,30042.0,543862.0,18.3,18.36,18.5925,18.388333333333332,18.069166666666668,17.909583333333334,50.0,18.749999999999886,-0.09748680392750941,-0.04191856843407152,-0.055568235493437895,3.8967729376519995,9.738053836725708,36.599370517190664,,19.141446359185608,18.5925,18.043553640814395,30042.0,24880.9,1.0,18.103388589308302
2026-04-30,4540,64.6,69.8,63.8,68.5,27139619.0,1847937644.0,60.379999999999995,59.17,52.6075,47.74333333333333,42.666250000000005,41.63791666666667,73.49999999999999,83.97790055248618,4.602750557189992,3.2782328146086908,1.3245177425813015,44.216635158642106,16.51052268923873,28.137193973879295,,68.8418454960219,52.6075,36.3731545039781,13240580.8,8164421.25,2.049730250503815,68.09003634133552
2026-04-30,4541,46.7,47.15,46.1,46.35,498092.0,23245748.0,46.35,46.545,46.260000000000005,44.22083333333333,43.985416666666666,43.86770833333333,50.0,64.54545454545458,0.6908958785695489,0.8384049974174659,-0.14750911884791695,15.836247198679082,9.792016299929857,29.327670467993656,,48.790154977570744,46.260000000000005,43.72984502242927,498092.0,881838.8,1.0,46.66958714454358
2026-04-30,4542,204.5,205.5,194.0,199.0,1441226.0,289218676.0,199.0,196.05,183.4,154.95833333333334,132.72916666666666,121.61458333333333,50.0,90.0,10.39879278980544,9.807779474781476,0.5910133150239645,18.371524993005284,3.2497513837898686,62.169031185843195,,212.39655151910284,183.4,154.40344848089717,1441226.0,1138747.2,1.0,200.67544992943508
2026-04-30,4543,37.9,40.45,37.9,38.5,1433964.0,56394168.0,38.5,38.4,36.885,32.985,31.8175,31.233749999999997,50.0,100.0,1.560078464441851,1.6081046473781102,-0.048026182936259154,12.629204473936948,3.0840688977363837,47.05974318403878,,40.62343479772511,36.885,33.146565202274886,1433964.0,1270799.3,1.0,39.327464287806386
2026-04-30,4545,31.15,31.15,30.1,30.2,152789.0,4641620.0,30.05,30.390000000000004,30.655,33.37833333333334,33.45166666666667,33.38666666666667,40.789473684210535,41.9642857142857,-0.5897804825328414,-0.6619377223851,0.07215723985225853,26.579442317372155,23.814921890426138,15.86293198243868,,31.957992507147537,30.655,29.352007492852465,202695.2,157874.0,0.7537869668349324,30.37928123097867
2026-04-30,4549,98.2,100.5,98.2,99.5,118191.0,11808251.0,99.5,99.5,98.53999999999999,99.16000000000001,101.83,103.16499999999999,50.0,100.0,0.7826515248052175,0.6071076637838614,0.1755438610213561,9.294311591575006,8.973106642791436,13.613336748049392,,101.33126456910428,98.53999999999999,95.7487354308957,118191.0,139300.75,1.0,99.90820790077079
2026-04-30,4550,24.45,24.45,24.05,24.15,9776.0,237160.0,24.15,24.205,24.452499999999997,25.425833333333333,25.812916666666663,26.006458333333335,50.0,0.0,-0.3030100358501926,-0.32028327369548326,0.017273237845290668,2.9696541116721558,16.395177051095477,58.18606182355805,,25.01395956408745,24.452499999999997,23.891040435912544,9776.0,8050.6,1.0,24.259410801963995
2026-04-30,4551,133.0,136.5,132.5,134.0,667849.0,89560347.0,131.7,135.6,135.275,126.2,128.275,123.99833333333332,36.11111111111111,46.7741935483871,1.3736949713055822,2.5334105995111202,-1.159715628205538,24.186339693936986,19.923572678701202,17.44199379411243,,143.34362017813322,135.275,127.20637982186678,501218.8,513681.25,1.3324500198316584,134.10268938038388
2026-04-30,4552,20.05,20.1,20.0,20.0,56402.0,1130305.0,20.07,20.48,20.805,22.299166666666665,22.516666666666666,22.680416666666666,5.555555555555614,32.692307692307736,-0.494116382779513,-0.44620165815620205,-0.04791472462331092,11.567235618633948,34.47270497206322,39.217226640239424,,21.814377087745026,20.805,19.795622912254974,132139.8,111259.5,0.4268358208503419,20.040158150420197
2026-04-30,4554,30.1,30.1,29.9,29.9,28550.0,855199.0,29.9,29.9,29.595,27.926666666666666,27.363333333333333,27.081666666666663,50.0,100.0,0.49865542793595097,0.5727038481706507,-0.07404842023469971,17.53264613573057,7.09357429915975,36.23763559839186,,30.452106515520313,29.595,28.737893484479685,28550.0,43622.4,1.0,29.954430823117338
2026-04-30,4555,40.95,42.85,40.25,40.35,747792.0,31128068.0,40.010000000000005,40.22,38.45,37.9725,40.344166666666666,39.45125,45.360824742268086,69.86301369863016,0.9050723057078258,0.7852738400343353,0.1197984656734905,30.99588239440432,14.465490252810959,26.58513917137719,,42.864211498999026,38.45,34.03578850100098,304253.6,359169.8,2.4577917894808805,41.62663949333505
2026-04-30,4556,37.7,37.9,35.8,35.8,526480.0,19114029.0,35.8,35.495,32.26,29.354166666666668,28.527083333333334,28.113541666666663,50.0,94.6236559139785,2.0787846617721826,1.8190877394207463,0.25969692235143627,22.84140221043481,4.304974127047126,45.782952010932114,,39.90141072673999,32.26,24.618589273260007,526480.0,550351.6,1.0,36.305327837714636
2026-04-30,4557,49.9,50.2,49.6,49.95,67366.0,3364689.0,50.07,51.435,53.5425,62.9425,67.68375,82.28354166666666,7.79220779220789,20.689655172413808,-3.049201270010414,-3.07258817291581,0.023386902905396134,8.23993459129386,34.264291654901726,55.19018991481645,,58.86951901431912,53.5425,48.21548098568088,99376.2,97943.1,0.6778886695204687,49.94639729240269
2026-04-30,4558,19.25,19.3,19.15,19.3,34034.0,653940.0,19.3,19.360000000000003,19.332500000000003,19.26,19.38,19.439999999999998,50.0,60.00000000000004,0.03195656954852666,0.059250174009853177,-0.027293604461326518,16.395409758252296,15.208354938200275,14.365064965069434,,19.975089334358724,19.332500000000003,18.689910665641282,34034.0,45297.4,1.0,19.214315096668038
2026-04-30,4560,36.45,36.65,36.0,36.3,127100.0,4608345.0,36.07,34.975,33.934999999999995,33.055,32.62708333333333,34.09354166666667,63.46153846153846,72.5,0.8982478716680689,0.5784684369166885,0.3197794347513804,36.877254592201346,3.5256863593770724,52.611260229813496,,36.81361443278383,33.934999999999995,31.056385567216164,335139.8,321080.45,0.3792447211581555,36.25763178599528
2026-04-30,4561,36.0,38.1,35.4,38.1,973096.0,36657636.0,38.1,37.955,35.6425,38.53916666666667,41.89458333333333,43.572291666666665,50.0,95.55555555555554,0.6961229024875237,0.24025278204349687,0.45587012044402686,10.79660826931486,8.242123254631387,27.793629713175097,,41.37626655849952,35.6425,29.908733441500473,973096.0,532980.7,1.0,37.671140360252224
2026-04-30,4562,37.5,38.7,35.85,35.85,4959845.0,185153594.0,33.870000000000005,34.185,33.114999999999995,34.90083333333333,37.12291666666667,44.65708333333334,55.89519650655022,62.1559633027523,0.3719414899433531,0.012693419619443097,0.35924807032391,38.78854444622707,20.55623334537224,21.434960978811887,,38.346292483949014,33.114999999999995,27.883707516050976,2041749.8,1171060.5,2.429212923150525,37.33052020778875
2026-04-30,4563,48.15,50.6,47.75,50.6,1108746.0,54323629.0,50.6,49.61,44.847500000000004,48.409166666666664,51.55458333333333,53.12729166666667,50.0,100.0,1.6722569838971992,0.6369724324581894,1.0352845514390099,18.144421186316574,7.939901218570289,44.724494401102305,,55.54597382131036,44.847500000000004,34.149026178689645,1108746.0,564893.7,1.0,48.99555804485428
2026-04-30,4564,18.4,18.55,18.2,18.2,393375.0,7190677.0,18.46,19.130000000000003,18.990000000000002,18.536666666666665,18.072499999999998,17.725625,10.63829787234043,45.3488372093023,-0.09320318519442594,0.06423349896138468,-0.15743668415581064,19.109667357477083,25.56684298495585,16.254503589198368,,20.217149027967565,18.990000000000002,17.76285097203244,625184.2,943310.35,0.6292145578855001,18.279445821417223
2026-04-30,4566,65.1,68.9,64.2,67.2,2119070.0,142277391.0,65.6,67.86999999999999,65.91999999999999,61.00833333333333,57.93083333333333,58.429583333333326,29.012345679012356,50.48543689320388,1.7082880141659729,2.3142768178916646,-0.6059888037256917,29.589692447845756,17.922984234212773,26.683641259439163,,76.97919003410841,65.91999999999999,54.86080996589156,1202090.8,2316973.4,1.7628202461910532,67.14143043882459
2026-04-30,4568,,,,,50.0,2175.0,,,,,,,50.0,50.0,-0.20558422495339101,-0.20396639637866865,-0.0016178285747223686,1.4362371467069301,7.701478920028981,64.01769299302276,,,,,50.0,,1.0,43.5
2026-04-30,4569,186.5,192.5,183.5,184.0,195625.0,36478313.0,184.4,188.95,174.325,155.86666666666667,156.075,154.60625,38.888888888888886,57.558139534883715,10.07586309803446,10.542402730812906,-0.4665396327784457,34.65959365394735,16.593593844717212,33.43532210630623,,223.1870776428812,174.325,125.46292235711877,107921.8,283581.85,1.812655089147883,186.47060958466454
2026-04-30,4571,179.0,182.5,175.5,178.5,837105.0,150037156.0,172.0,167.9,160.9,167.6,167.11666666666667,166.02916666666667,68.9655172413793,72.89719626168224,3.149941846589627,0.6015041811733512,2.5484376654162757,35.205990545197835,12.676571998949154,23.67145556651484,,179.57900594672816,160.9,142.22099405327185,786677.6,449940.15,1.0641017362131577,179.2333769359877
2026-04-30,4572,146.0,146.0,144.5,144.5,32931.0,4776126.0,145.9,146.55,144.575,146.08333333333334,151.25416666666666,159.96458333333334,22.222222222222214,57.692307692307686,0.42834801424641,0.3273478816032533,0.10100013264315671,14.927527630233161,16.261108684217763,9.736721379333543,,149.48765819351703,144.575,139.66234180648294,26486.0,34514.4,1.2433361020916711,145.03434453858065
2026-04-30,4576,198.0,222.0,193.5,222.0,10276060.0,2189980885.0,196.6,195.9,179.725,138.35,123.9575,121.4875,69.35483870967742,77.40384615384615,18.570575598008844,17.522283168588768,1.0482924294200764,33.7761994570519,16.590602498265277,46.57811564141554,,231.14737379114143,179.725,128.30262620885856,3699147.2,4464972.05,2.7779537943231887,213.11484022086287
2026-04-30,4577,185.0,185.5,165.0,165.0,3351144.0,586712788.0,165.0,163.05,148.6,97.69333333333334,76.34666666666666,65.67333333333333,50.0,100.0,17.731357050419774,18.517926604385295,-0.7865695539655206,16.45418619519351,2.109466057020821,72.01562165783845,,181.700484970211,148.6,115.499515029789,3351144.0,3047482.3,1.0,175.07835771903564
2026-04-30,4580,80.4,80.4,79.0,79.6,93166.0,7387651.0,79.6,79.64,79.77,80.50833333333334,80.80416666666666,80.95208333333332,50.0,39.99999999999999,-0.2035745602920258,-0.2221704388086662,0.01859587851664038,4.060178669201082,4.6634472234973705,13.52073889495095,,80.14332080179472,79.77,79.39667919820528,93166.0,79380.3,1.0,79.29556919906403
2026-04-30,4581,49.95,49.95,49.5,49.5,14040.0,696839.0,49.88,50.31,50.042500000000004,50.345000000000006,,,20.000000000000185,45.45454545454549,-0.011665061736714222,0.0534066832344281,-0.06507174497114232,27.49583804742755,17.72035146541317,22.85075198114356,,51.251795140501635,50.042500000000004,48.83320485949837,12245.6,12677.4,1.1465342653687856,49.632407407407406
2026-04-30,4583,751.0,789.0,746.0,764.0,606202.0,467314987.0,732.4,739.4,707.6,692.7666666666667,667.375,696.3708333333333,50.60240963855422,73.52941176470588,20.334367449377282,17.58003277580193,2.7543346735753538,30.122068579481688,16.904840361197387,18.077591518705194,,793.2342282772049,707.6,621.9657717227951,277530.4,268741.0,2.184272425651388,770.8898799410098
2026-04-30,4584,41.0,41.5,40.6,41.0,15327.0,631155.0,41.0,41.08,41.54,,,,50.0,27.272727272727295,-0.7724095130875952,-0.861155185026771,0.08874567193917582,1.3581882647567913,7.411411053501841,59.268782741622445,,42.59511286500298,41.54,40.48488713499702,15327.0,10401.15,1.0,41.17929144646702
2026-04-30,4588,59.0,59.5,58.0,59.5,55382.0,3258892.0,59.379999999999995,59.93000000000001,59.489999999999995,62.155,62.107499999999995,66.27624999999999,27.50000000000003,58.4070796460177,-0.30185483492591203,-0.3624374616614846,0.060582626735572576,21.95917333908968,24.412467505523757,13.37418543466879,,62.2914282071804,59.489999999999995,56.68857179281959,46719.2,91955.6,1.1854226955941027,58.84388429453613
2026-04-30,4609,4.84,4.84,4.84,4.84,36005.0,174264.0,4.84,4.732,,,,,50.0,53.20197044334975,-0.05450476717191588,-0.13078761968665906,0.07628285251474318,19.678438296688476,19.953130851587225,17.284642918098534,,,,,36005.0,,1.0,4.839994445215942
2026-04-30,4702,9.75,9.83,9.71,9.73,95017.0,927683.0,9.73,9.757000000000001,9.893,9.920666666666667,9.895333333333332,9.882666666666665,50.0,2.941176470588175,-0.07868955345810669,-0.056402544012178986,-0.0222870094459277,7.457785369115151,9.630799989388368,24.49534921233125,,10.198121201112635,9.893,9.587878798887367,95017.0,117819.75,1.0,9.763337087047582
2026-04-30,4706,32.7,32.7,32.7,32.7,1093.0,35731.0,32.7,32.675,32.035000000000004,30.806666666666665,30.553333333333335,30.426666666666666,50.0,84.00000000000006,0.590893556255736,0.5852385366892306,0.0056550195665053815,16.26298754119456,4.165878041629319,49.93201479083951,,33.69920519989828,32.035000000000004,30.370794800101727,1093.0,12533.25,1.0,32.6907593778591
2026-04-30,4707,15.1,15.2,14.85,15.2,1418044.0,21289411.0,15.2,15.184999999999999,14.2975,11.5995,10.779750000000002,10.369875,50.0,100.0,1.0339704317589007,1.0927918032997759,-0.05882137154087519,22.959141455087856,1.2145914362824175,80.82340406486108,,16.715954269286748,14.2975,11.87904573071325,1418044.0,4106367.0,1.0,15.013223143992711
2026-04-30,4711,16.3,16.3,15.8,15.8,168361.0,2682255.0,15.8,15.75,15.507500000000002,15.345833333333333,15.172916666666667,15.086458333333333,50.0,100.0,0.10928361549215637,0.08163821413003287,0.027645401362123498,13.975578201509112,6.782001663342478,24.438397012062946,,16.051631369586822,15.507500000000002,14.96336863041318,168361.0,111028.45,1.0,15.931569662807895
2026-04-30,4714,15.2,15.2,14.8,14.8,982936.0,14706204.0,14.8,14.84,14.810000000000002,15.65,16.174999999999997,16.437499999999996,50.0,54.54545454545457,-0.13138267968080974,-0.1752798403677244,0.043897160686914655,8.337956210922805,11.972017274394393,23.668743044247943,,15.274078033365798,14.810000000000002,14.345921966634206,982936.0,1127443.3,1.0,14.961507158146613
2026-04-30,4716,15.0,15.15,14.8,14.85,295179.0,4408042.0,14.85,14.985,15.015,14.955,15.1275,15.213750000000001,50.0,57.8125,0.0190856235928063,0.07577545876895092,-0.05668983517614462,13.560570776496355,9.57037642361722,25.381451850614383,,16.395732071269286,15.015,13.634267928730717,295179.0,580548.55,1.0,14.933453938118904
2026-04-30,4720,28.5,28.5,26.25,26.4,7817474.0,212817864.0,27.339999999999996,25.939999999999998,22.642500000000002,18.490000000000002,16.501666666666665,16.252291666666668,52.51798561151078,74.91961414790995,2.6414772104274533,2.2505186389527516,0.3909585714747017,36.2676545310093,7.355543484177265,48.623751195740844,,30.20656149603436,22.642500000000002,15.078438503965643,13167424.0,9080825.85,0.5936980536208145,27.223354244606377
2026-04-30,4721,86.8,87.6,83.3,83.5,1096123.0,93446528.0,83.5,84.27000000000001,83.325,72.11166666666666,68.05583333333333,66.02791666666667,50.0,62.80193236714976,2.842058317152393,3.6760705449337543,-0.8340122277813613,13.778270447423461,6.5937763484014695,42.92920391901782,,92.63077070537715,83.325,74.01922929462286,1096123.0,2222847.55,1.0,85.25186315769307
2026-04-30,4722,186.5,193.0,182.5,185.0,1469049.0,274501966.0,182.4,186.6,179.175,175.925,175.78333333333333,127.11937499999999,32.07547169811322,60.95890410958904,3.025269093423418,2.899554545982133,0.12571454744128507,26.816921257822912,15.81353269938478,18.726801850097736,,199.96536973418642,179.175,158.3846302658136,1449154.0,2483642.55,1.013728699641308,186.85691627712893
2026-04-30,4726,29.25,29.45,29.25,29.25,108374.0,3178676.0,29.25,29.305,29.807499999999997,31.675,32.3125,32.63125,50.0,0.0,-0.6467962628466459,-0.686940132443451,0.04014386959680505,5.874673295491524,17.818041238218214,40.440035442896,,30.99083827525547,29.807499999999997,28.624161724744525,108374.0,230764.2,1.0,29.330614353996346
2026-04-30,4728,,,,,42.0,16212.0,,,,,,,50.0,75.0,1.8649037249335834,1.6900771635030603,0.1748265614305231,19.022311266910723,7.037412723248463,47.46864432640503,,,,,42.0,5200.9,1.0,386.0
2026-04-30,4729,19.85,20.0,19.7,19.7,86415.0,1712665.0,19.7,19.779999999999998,19.835,20.735833333333332,21.092916666666664,21.27145833333333,50.0,52.941176470588175,-0.2321121262659709,-0.2514527104795807,0.01934058421360979,9.767010598286005,14.37149084608895,21.745093129614744,,20.525613762113828,19.835,19.144386237886174,86415.0,154498.25,1.0,19.819070763177688
2026-04-30,4735,30.1,30.1,29.95,30.0,24437.0,733603.0,30.0,30.059999999999995,30.575,31.454166666666666,32.17708333333333,32.53854166666666,50.0,0.0,-0.35975102671412884,-0.3382320343693857,-0.021518992344743137,9.517797509185721,17.93974845680217,24.016362346927174,,31.758882995641258,30.575,29.39111700435874,24437.0,17441.05,1.0,30.020174325817408
2026-04-30,4736,126.0,126.5,125.0,125.0,117404.0,14748595.0,126.2,126.4,125.375,126.225,124.22916666666667,127.42291666666667,33.33333333333333,46.51162790697675,0.33473665577471934,0.3033317718270157,0.03140488394770363,16.341845509329783,17.423944281133583,11.617829124037275,,129.4515697654583,125.375,121.29843023454171,180757.2,195823.15,0.64951216327759,125.62259377874689
2026-04-30,4737,64.7,65.0,62.1,62.1,162937.0,10300630.0,61.92,62.730000000000004,66.185,60.80833333333333,60.9775,65.17479166666666,43.47826086956523,36.666666666666664,-0.43479319353801316,0.40728947434654234,-0.8420826678845554,17.003892064330618,23.043835860701513,33.870205113185335,,73.9315849861319,66.185,58.438415013868116,131358.0,237779.15,1.2404040865421215,63.21848321743987
2026-04-30,4739,85.3,86.6,84.3,84.8,1986360.0,169521904.0,85.56,89.89,86.455,77.68666666666667,72.74499999999999,62.451249999999995,29.249011857707515,50.255102040816325,2.1982880061803627,3.358486440908723,-1.1601984347283603,28.102156176576358,17.399340934384746,33.478611683267665,,99.36953281751785,86.455,73.54046718248215,4918341.0,5029173.4,0.4038678895993588,85.34299119998389
2026-04-30,4741,53.8,55.3,52.6,52.6,953568.0,51167058.0,52.6,53.17,53.53000000000001,33.593333333333334,27.296666666666667,24.14833333333333,50.0,54.400000000000006,4.668397290638467,6.007835977257301,-1.3394386866188341,22.099956889024458,6.101966987247242,66.03925709565128,,58.673867068757524,53.53000000000001,48.38613293124249,953568.0,655907.6,1.0,53.65853090707742
2026-04-30,4743,51.4,55.6,51.4,53.2,4186078.0,226651593.0,53.2,53.32000000000001,53.35,57.341666666666676,61.370833333333344,63.385416666666664,50.0,55.55555555555564,-0.5820826658574987,-0.7715335641647455,0.18945089830724682,4.838861862292236,7.443170647522991,25.934037679723282,,54.45976526678717,53.35,52.24023473321283,4186078.0,2707967.3,1.0,54.14413993241406
2026-04-30,4744,32.85,33.25,32.6,33.05,248850.0,8185735.0,33.05,32.945,32.91,32.1425,30.84625,30.198125,50.0,47.45762711864396,0.010122007071601047,0.0357204923535004,-0.025598485281899355,16.430648778915806,13.312372413637789,17.8023745552663,,33.87278105944232,32.91,31.947218940557672,248850.0,384352.3,1.0,32.89425356640547
2026-04-30,4745,19.15,19.55,19.15,19.55,220181.0,4274497.0,19.55,19.5,19.6575,20.473333333333333,21.186666666666667,21.543333333333333,50.0,30.303030303030326,-0.1481724859954774,-0.20721411341577112,0.05904162742029373,10.824678156443227,15.899460518366476,18.71889405953706,,20.499349467729104,19.6575,18.815650532270894,220181.0,308322.25,1.0,19.413559753112214
2026-04-30,4746,55.3,55.6,53.7,54.1,734653.0,39932610.0,53.86,53.27,53.455000000000005,55.69166666666667,59.32000000000001,62.76166666666666,56.41025641025641,61.157024793388445,-0.2605789579717097,-0.6028125201760393,0.34223356220432954,26.303163432402144,24.53691620356939,17.29783194558859,,56.25385314858944,53.455000000000005,50.65614685141057,1250777.0,958422.95,0.5873572987031261,54.3557434598375
2026-04-30,4747,53.3,55.0,53.2,55.0,31035.0,1683985.0,55.0,54.779999999999994,54.39999999999999,55.98500000000001,57.092499999999994,57.64625,50.0,54.92957746478875,-0.08483588435554879,-0.2887993079486803,0.20396342359313152,4.75657682191928,7.652635337677771,43.381918015422514,,56.24105233065499,54.39999999999999,52.558947669344995,31035.0,39968.25,1.0,54.26083454164653
2026-04-30,4749,1030.0,1065.0,1005.0,1005.0,3107582.0,3217409625.0,1005.0,994.0,945.1,894.7666666666667,868.3833333333333,855.1916666666667,50.0,85.0,32.55868658784527,26.470204277711634,6.088482310133639,18.55222231377861,5.511571060858037,36.652633936102774,,1056.8325754695231,945.1,833.3674245304768,3107582.0,2332289.4,1.0,1035.341826860884
2026-04-30,4754,37.15,37.15,37.0,37.05,11620.0,430704.0,37.05,37.08,37.1575,37.843333333333334,38.071666666666665,38.185833333333335,50.0,41.666666666666565,-0.19091390145984377,-0.21282814807482558,0.021914246614981814,10.411247622820724,12.259271711056712,12.869799897569909,,37.413532481491856,37.1575,36.90146751850814,11620.0,20734.0,1.0,37.065748709122204
2026-04-30,4755,155.5,155.5,148.5,149.0,961808.0,145012386.0,156.3,159.35,150.475,138.55833333333334,124.02,118.48083333333332,8.333333333333329,58.33333333333334,4.496884471615971,5.230343695501389,-0.7334592238854185,21.2878215180786,16.205295714283242,24.52314969845687,,171.5574821269128,150.475,129.3925178730872,1079787.4,1365717.05,0.8907383064481027,150.77061742052467
2026-04-30,4760,237.5,255.0,233.5,241.0,748649.0,182901775.0,241.0,243.6,251.25,205.825,193.4125,187.20625,50.0,36.95652173913044,7.905958839551033,12.082483141335887,-4.176524301784854,10.647550087790146,7.237690963505703,35.02766668497528,,273.2918262687809,251.25,229.20817373121912,748649.0,1124223.15,1.0,244.3091154866967
2026-04-30,4763,43.1,43.3,42.2,42.3,6100032.0,259029492.0,42.79,43.985,43.5475,46.719166666666666,52.15958333333333,258.48604166666667,29.069767441860435,51.55038759689921,-0.678602879788734,-0.622335397527771,-0.05626748226096301,23.42163060584615,23.640858294475695,11.997968895033852,,47.23923686174665,43.5475,39.85576313825335,7500531.0,8407939.95,0.8132800197746,42.463628387523215
2026-04-30,4764,256.5,267.5,249.5,258.0,672644.0,172958716.0,231.8,227.05,191.425,146.225,106.18083333333334,,71.95121951219512,76.01010101010101,27.848243967452902,23.398205566961565,4.450038400491337,45.910798468227334,16.948501021218583,38.41795157229388,,279.52498805185405,191.425,103.32501194814598,820515.0,2754045.4,0.8197826974522099,257.13262290305124
2026-04-30,4766,370.5,389.0,357.0,358.5,4668447.0,1756019630.0,349.6,349.8,343.125,327.10833333333335,339.5375,343.84375,64.70588235294117,43.96551724137931,6.860682689279997,6.685961577449755,0.17472111183024186,39.169145502937006,14.574720139165656,20.764408667398197,,374.7575531858041,343.125,311.4924468141959,1335821.8,1152776.3,3.4948127063055865,376.1464208547296
2026-04-30,4767,26.4,26.7,26.3,26.7,17011.0,448971.0,26.7,26.79,26.485000000000003,25.735000000000003,25.6925,25.671249999999997,50.0,69.99999999999997,0.30795479973207307,0.35596515499188336,-0.04801035525981029,17.95871933671586,12.600727474460724,27.421593626889077,,28.037281851780893,26.485000000000003,24.932718148219113,17011.0,23817.65,1.0,26.392981012286167
2026-04-30,4768,503.0,504.0,494.0,497.0,337030.0,167562754.0,497.0,493.55,485.375,446.01666666666665,420.2583333333333,407.37916666666666,50.0,60.0,10.846126508894429,11.145524186173558,-0.2993976772791296,14.22972748169428,6.067453608079075,39.263485854018555,,512.2408950304933,485.375,458.5091049695066,337030.0,1228445.7,1.0,497.1745957333175
2026-04-30,4770,228.0,228.0,218.0,221.5,548747.0,121864526.0,225.6,231.4,228.5,234.19166666666666,240.44583333333333,250.77083333333334,4.651162790697683,40.90909090909091,-1.3697145114545037,-0.6698725048463686,-0.6998420066081351,20.89067777016227,24.44028678347144,13.012926959581206,,243.84515181451633,228.5,213.15484818548367,357733.4,505594.55,1.53395517443996,222.07779905858254
2026-04-30,4771,189.5,191.0,188.0,188.5,81685.0,15443795.0,188.9,191.15,189.775,183.39166666666668,180.90833333333333,184.47916666666666,13.333333333333329,46.80851063829787,1.1487803789470377,1.9633745233611433,-0.8145941444141056,21.37685571746315,20.942781140871876,13.312268404468712,,197.97945963453768,189.775,181.57054036546234,138876.0,187606.4,0.5881865837149688,189.06525065801554
2026-04-30,4772,316.0,325.0,308.0,308.0,3411285.0,1080321480.0,308.0,308.05,303.825,311.4,316.2,318.6,50.0,87.5,0.3847410659242314,-0.5695037577771139,0.9542448237013453,10.971873023584797,7.218660744587427,21.079199149908877,,315.9527194454426,303.825,291.6972805545574,3411285.0,2408861.55,1.0,316.69047880783927
2026-04-30,4806,10.35,10.35,10.3,10.3,11033.0,113809.0,10.3,10.285,10.545,,,,50.0,13.636363636363669,-0.22036913451720963,-0.21264572937697737,-0.007723405140232259,8.105442496623775,15.550604367382276,29.906248730538742,,11.36827970561906,10.545,9.72172029438094,11033.0,15960.85,1.0,10.315326747031632
2026-04-30,4807,19.1,20.75,18.8,20.75,873708.0,17590602.0,17.95,16.625,15.64,16.714166666666667,,,100.0,87.79069767441861,0.6544712302855444,0.017645211382401715,0.6368260189031427,59.6863583620182,11.372252504851875,30.87419858164591,,19.006022172113337,15.64,12.273977827886663,382774.8,168193.8,2.2825640559409868,20.133273359062752
2026-04-30,4903,45.35,46.9,45.0,45.25,3453899.0,158798328.0,45.25,45.505,46.582499999999996,42.8075,40.278749999999995,39.014375,50.0,19.178082191780874,0.18978139895725832,0.6186714280344057,-0.42889002907714735,10.914170644400373,7.280154427488146,31.103743964734406,,49.077816665908124,46.582499999999996,44.08718333409187,3453899.0,7432806.65,1.0,45.97654071529017
2026-04-30,4904,96.1,96.6,94.1,94.5,6550291.0,620155721.0,95.5,96.0,95.10999999999999,92.555,91.42333333333335,88.87416666666667,43.076923076923,49.629629629629655,0.7032698258357613,0.9113309346754334,-0.2080611088396721,14.527412540417256,17.297435261619857,19.40153562931763,,97.95690043824084,95.10999999999999,92.26309956175913,5849388.6,6244620.55,1.1198248993065703,94.67605652939694
2026-04-30,4905,77.8,79.3,77.7,78.1,32855.0,2573448.0,78.1,79.35999999999999,82.39999999999999,,,,50.0,38.84297520661157,0.46816581421074943,1.8776964657327995,-1.40953065152205,23.389824046722566,17.88271783507112,35.793008775448016,,92.13804260024617,82.39999999999999,72.66195739975382,32855.0,78073.95,1.0,78.32743874600517
2026-04-30,4906,34.8,35.45,34.2,34.3,8811509.0,306496785.0,34.89,36.510000000000005,37.9325,31.87333333333333,29.090833333333332,27.361250000000002,24.09638554216866,32.01219512195121,0.45934743785046095,1.3654494222506992,-0.9061019844002383,23.0796988231961,24.361866475786144,23.888305074346054,,42.384498368562554,37.9325,33.48050163143744,13589558.0,50988264.6,0.648402913472241,34.783688582738776
2026-04-30,4907,37.55,38.3,37.5,37.85,29060.0,1094532.0,37.85,38.040000000000006,39.647499999999994,40.830000000000005,41.515,41.857499999999995,50.0,0.0,-0.9157318580382778,-0.7629221274618531,-0.15280973057642477,5.4047435464428295,16.371948867124264,39.099652991513985,,43.348349831279904,39.647499999999994,35.94665016872008,29060.0,88787.8,1.0,37.664556090846524
2026-04-30,4908,199.0,215.0,199.0,214.0,1248881.0,262406900.0,214.0,209.65,176.175,116.23,93.865,82.68249999999999,50.0,100.0,28.38708872435214,26.960005280862806,1.4270834434893338,27.251903091616057,1.6494266125853327,76.77405766202568,,252.3474325047073,176.175,100.00256749529271,1248881.0,4925097.45,1.0,210.1136137069905
2026-04-30,4909,55.4,56.9,54.5,54.8,1387562.0,77292369.0,54.8,55.71,58.44,57.385,55.6425,54.77125,50.0,31.468531468531467,-1.1879860820651373,-0.5744162502301768,-0.6135698318349605,11.302008246682057,17.089189721008694,22.561744179072285,,65.7805578448565,58.44,51.0994421551435,1387562.0,1751189.4,1.0,55.70372278860332
2026-04-30,4911,35.0,35.4,34.55,34.55,27104.0,943050.0,34.55,34.83,36.2725,37.904999999999994,39.9775,41.013749999999995,50.0,0.0,-0.7798230831547244,-0.6389276720035577,-0.14089541115116666,8.671420813977388,14.960466608596576,28.719062429557574,,39.49339804410613,36.2725,33.05160195589387,27104.0,36594.9,1.0,34.79375737898465
2026-04-30,4912,80.2,82.2,80.2,81.7,299841.0,24456126.0,82.36,85.88,87.16999999999999,89.925,86.02166666666668,84.43333333333334,13.114754098360706,37.50000000000003,-1.9950982320788597,-1.1348485261921906,-0.8602497058866692,18.347446009934792,30.48637616906447,13.022383401796649,,93.69125270497341,87.16999999999999,80.64874729502657,481890.6,422940.4,0.622217988896235,81.56364873382893
2026-04-30,4915,74.0,74.0,73.3,73.3,2040637.0,150027929.0,73.05999999999999,73.69,73.355,75.40666666666667,77.93166666666666,77.14458333333333,33.33333333333333,42.99999999999999,-0.2468759524784332,-0.32800231032480104,0.08112635784636785,20.89443726460896,19.33000342193389,11.788071792929905,,75.6097960579971,73.355,71.1002039420029,1938335.4,2334721.0,1.0527780692649993,73.52014542517851
2026-04-30,4916,62.5,62.9,61.6,61.6,2561314.0,159294738.0,62.86,65.34,61.54,61.736666666666665,57.278749999999995,52.76833333333333,5.617977528089895,60.24590163934426,0.9936405838107731,1.1930288910774798,-0.19938830726670664,22.262656913791975,21.412334160768875,15.792719025073437,,71.36936524159341,61.54,51.71063475840659,4575026.8,7239031.9,0.55984677510523,62.192584743612066
2026-04-30,4919,147.0,150.5,144.0,147.5,5565647.0,823613004.0,144.4,143.8,121.05999999999999,88.24166666666666,72.59666666666666,70.53875,41.55844155844156,75.90361445783132,16.17965345464522,14.969375226881546,1.2102782277636734,31.499136380093855,14.327156652901419,41.26985517559352,,170.69794813181642,121.05999999999999,71.42205186818356,6117541.0,17279996.35,0.9097849936763808,147.98153817516635
2026-04-30,4923,33.1,33.8,33.0,33.3,38215.0,1269984.0,33.3,33.495,34.47,33.03,31.814999999999998,31.2075,50.0,16.923076923076835,-0.24554604478871056,0.01756105175681022,-0.2631070965455208,11.55678261351875,18.35933959869749,17.526434791482302,,36.663627133311444,34.47,32.276372866688554,38215.0,60397.75,1.0,33.23260499803742
2026-04-30,4924,10.35,10.45,10.0,10.35,48000.0,490050.0,10.35,10.325,10.120000000000001,10.551666666666666,10.750833333333334,10.850416666666666,50.0,77.27272727272727,-0.00461375489725846,-0.05537458145365858,0.05076082655640012,10.611177559574395,5.962396356832636,24.414909887658055,,10.653508743084249,10.120000000000001,9.586491256915753,48000.0,97565.7,1.0,10.209375
2026-04-30,4927,56.4,56.4,51.1,52.2,41771364.0,2199774640.0,55.98,54.2,49.5525,41.982499999999995,33.065,28.725625,49.681528662420405,62.9860031104199,3.7541374810710337,3.475851302379609,0.2782861786914248,29.970127454393168,15.12394637149904,42.884425126770516,,61.00590560706724,49.5525,38.09909439293276,36850645.4,24637433.85,1.1335314089234378,52.66226499091579
2026-04-30,4930,18.35,18.35,18.2,18.2,70263.0,1283944.0,18.470000000000002,18.825,19.075,20.5675,21.490833333333335,22.676249999999996,0.0,11.111111111111228,-0.5058344757339839,-0.4732658752859358,-0.0325686004480481,6.015134869363548,45.304209686248626,56.13318683250789,,19.87203397537061,19.075,18.27796602462939,95861.6,87707.6,0.7329629382359568,18.273401363448755
2026-04-30,4931,158.5,162.5,154.5,159.0,5495106.0,870424742.0,159.0,157.6,148.225,144.96666666666667,146.98333333333332,147.99166666666667,50.0,100.0,5.196779102210883,4.034216655454765,1.1625624467561178,18.781221909654143,5.753563575223041,39.13216166524092,,169.33991116922394,148.225,127.11008883077605,5495106.0,4560173.0,1.0,158.39999119216262
2026-04-30,4933,77.2,77.7,72.2,73.6,3603444.0,271052911.0,73.6,72.28,66.355,60.455000000000005,58.2275,57.113749999999996,50.0,97.8260869565217,4.0618459545523535,3.3342367264955377,0.7276092280568158,21.569285329051688,2.851092393627549,48.18636752559514,,79.80282901672828,66.355,52.907170983271726,3603444.0,1742567.0,1.0,75.22051431907919
2026-04-30,4934,15.8,16.0,15.35,15.9,749463.0,11717789.0,15.73,16.384999999999998,16.28,16.814166666666665,15.492500000000001,13.234999999999998,17.391304347826107,50.46728971962617,-0.34778402973007516,-0.26636770014943223,-0.08141632958064293,18.431192991924487,26.731172026554106,18.30927851323032,,17.498886463345293,16.28,15.06111353665471,734767.8,1089310.35,1.0199997876880287,15.634913264564094
2026-04-30,4935,38.55,38.55,37.05,37.5,88131.0,3300794.0,38.129999999999995,38.589999999999996,37.3575,38.18666666666666,40.37,41.438541666666666,0.0,58.8957055214724,0.26981099146034637,0.20800988169207507,0.0618011097682713,22.737979837671233,21.85273721910635,16.93346878068276,,40.23358560739404,37.3575,34.48141439260596,76006.6,100739.95,1.1595177260922076,37.45326842995087
2026-04-30,4938,81.5,83.3,81.5,82.3,7456670.0,613720980.0,82.88,83.28,81.13,74.99833333333332,73.53666666666666,76.04041666666667,16.666666666666544,55.88235294117645,1.970734578925061,2.20151483392868,-0.23078025500361887,25.19261951210443,18.03045211101026,24.108411147049214,,85.93179790889806,81.13,76.32820209110193,9068617.4,12109653.15,0.8222499275358115,82.30496723068072
2026-04-30,4939,45.95,45.95,43.65,43.9,1241534.0,55232702.0,43.9,43.625,38.8725,35.08666666666667,35.11833333333333,35.13416666666667,50.0,100.0,3.157789775660248,2.785214023674065,0.3725757519861834,24.82055165126506,4.330394504200239,50.83717246617584,,50.75630034022433,38.8725,26.988699659775673,1241534.0,2453112.0,1.0,44.48746631183681
2026-04-30,4942,38.1,38.1,37.85,37.9,69049.0,2621312.0,38.05,38.295,38.3,38.0625,38.089166666666664,38.014583333333334,8.695652173913132,48.83720930232549,0.022556902482079977,0.08142144927871016,-0.05886454679663018,18.060306841865202,24.27519610934524,10.96865612432953,,38.91558701125129,38.3,37.684412988748704,83998.2,111394.95,0.8220295196801837,37.96306970412316
2026-04-30,4943,9.83,9.83,9.35,9.55,50489.0,479646.0,9.704,10.247,10.493500000000001,,,,23.8805970149254,31.457800511508964,-0.48063358989540994,-0.3854351326232892,-0.09519845727212073,9.99848934357805,34.78540774962327,32.89288868375905,,11.606017770412612,10.493500000000001,9.38098222958739,42090.4,36546.4,1.1995371866268791,9.50000990314722
2026-04-30,4946,112.0,113.5,111.0,112.0,24491.0,2745309.0,112.0,112.1,111.575,121.29166666666667,120.14583333333333,119.57291666666667,50.0,60.0,-2.8395900677254673,-3.488113311405432,0.6485232436799646,10.748488516885617,20.609951279430486,32.61948001501448,,113.92076886733291,111.575,109.2292311326671,24491.0,36410.85,1.0,112.09460618186273
2026-04-30,4949,102.0,112.5,97.6,105.5,11337084.0,1229970509.0,95.0,92.49000000000001,85.83500000000001,62.62833333333333,50.31875,49.190625,77.19999999999999,73.74429223744292,9.193653055660008,8.587988749513466,0.6056643061465419,47.13402492785935,11.04867067659791,52.466394746598375,,108.6828975193043,85.83500000000001,62.98710248069571,3223171.0,4684595.5,3.517369695867827,108.49090550974131
2026-04-30,4950,17.35,17.95,16.8,17.95,309419.0,5498100.0,17.95,17.835,17.2275,17.058333333333334,17.904166666666665,18.327083333333334,50.0,73.21428571428575,0.46560941359539854,0.3634916209823378,0.10211779261306075,10.675396737515449,3.8223877529711956,39.956757615651604,,18.618627902856247,17.2275,15.836372097143752,309419.0,152733.85,1.0,17.769109201438827
2026-04-30,4951,118.0,119.0,115.0,119.0,4630562.0,546809378.0,119.0,114.33,92.95500000000001,76.97833333333332,72.43916666666668,70.16958333333334,50.0,98.17813765182186,13.60947563270308,10.729190182835891,2.8802854498671895,44.365077557181486,2.909687820948046,53.09917430271212,,141.30357968849478,92.95500000000001,44.60642031150524,4630562.0,2146740.9,1.0,118.08704386206253
2026-04-30,4952,46.55,47.55,46.25,46.55,482564.0,22551768.0,47.79,47.985,44.365,42.02166666666666,39.95708333333333,40.532500000000006,0.0,64.05867970660147,1.8016512432496299,1.6166999908737922,0.18495125237583765,34.53563686878064,16.302723264545772,33.78326177975766,,53.28128315292641,44.365,35.44871684707359,848152.2,1129427.65,0.5689592033128017,46.73321673394617
2026-04-30,4953,119.0,120.0,118.0,119.0,203147.0,24164652.0,119.0,119.45,118.875,117.53333333333333,119.01666666666667,119.75833333333334,50.0,62.5,0.7582717994609993,0.9268929430594585,-0.16862114359845914,13.088555124527213,9.699849426196035,21.4922908005028,,124.32211415628316,118.875,113.42788584371684,203147.0,396361.25,1.0,118.95155724672281
2026-04-30,4956,50.5,50.5,47.15,47.25,1867555.0,90721441.0,47.23,49.760000000000005,43.87,32.0775,25.979583333333334,24.963958333333334,24.911032028469762,65.4939106901218,4.475517421922646,4.9130424414701785,-0.4375250195475324,37.457419799992486,20.489350591204722,38.843819656505225,,58.36407864576006,43.87,29.37592135423993,2087299.6,9858290.4,0.8947230191583422,48.5776542056325
2026-04-30,4958,393.0,421.0,393.0,421.0,46264407.0,19133570403.0,380.8,345.1,295.1,220.08333333333334,186.32083333333333,154.10458333333332,91.40625,88.04878048780488,47.756333815017626,36.0919052181926,11.664428596825026,45.35570346140786,4.382729100320647,54.94113799392128,,416.81346852773805,295.1,173.386531472262,78467010.2,51644989.8,0.5896032852797544,413.56999135426076
2026-04-30,4960,39.8,39.8,38.0,39.0,3256872.0,125709337.0,38.85,39.165,31.392499999999995,21.917500000000004,17.837083333333332,15.689375000000002,24.680851063829778,73.73887240356083,4.999423021195668,4.699345503700485,0.30007751749518263,42.103263669970104,12.470603103641327,50.57887588316208,,48.600493093786056,31.392499999999995,14.184506906213937,5378041.6,19570376.9,0.6055869854186328,38.59818162948989
2026-04-30,4961,157.5,159.0,151.5,152.5,1415166.0,219210417.0,157.1,157.9,155.0,149.15833333333333,149.87083333333334,173.0625,0.0,49.46236559139785,2.55251869654424,2.954651464712015,-0.40213276816777466,27.0629413735444,16.074969110089995,30.13921662325581,,164.53111248822526,155.0,145.46888751177474,1107692.6,1531631.05,1.277580079527479,154.90085050093063
2026-04-30,4966,578.0,584.0,569.0,575.0,1403491.0,809216519.0,575.0,572.1,553.85,529.9,527.95,526.975,50.0,80.88235294117646,15.086787874158176,13.364898984777934,1.7218888893802422,13.920819142525719,5.268625083804201,33.56705607543855,,594.9571769889383,553.85,512.7428230110618,1403491.0,1449699.15,1.0,576.5740706566697
2026-04-30,4967,292.5,293.0,276.0,281.0,23915314.0,6811385220.0,282.4,259.9,238.35,221.35,174.03416666666666,124.19875,60.91954022988505,70.43189368770764,17.94650840211574,11.695502786946406,6.251005615169333,39.21019755266633,10.906882026497902,31.189410038847644,,298.3018227632117,238.35,178.39817723678826,34178303.6,16577414.0,0.6997220891911089,284.8127028564208
2026-04-30,4968,118.0,120.0,115.5,116.0,1218746.0,143282812.0,119.7,120.25,113.025,115.8,129.475,131.50416666666666,3.333333333333343,64.19753086419753,2.4714560050969254,1.7135824462062397,0.7578735588906858,23.432994165596863,16.679505370387446,22.731719012590695,,129.63975248085396,113.025,96.41024751914607,1763930.8,2107804.45,0.6909261973315506,117.56577006201456
2026-04-30,4971,775.0,799.0,775.0,791.0,272324.0,215014642.0,791.0,788.6,737.35,534.2,465.6,431.3,50.0,100.0,69.97791988945812,75.6449391232572,-5.667019233799081,24.397874044588935,3.5414525064462556,62.99799254254368,,868.6772729922434,737.35,606.0227270077567,272324.0,422423.3,1.0,789.55450860005
2026-04-30,4972,16.5,16.55,16.5,16.5,25114.0,414722.0,16.5,16.544999999999998,16.814999999999998,17.53666666666667,17.793333333333337,17.921666666666667,50.0,0.0,-0.29040210721214166,-0.2876734438114914,-0.0027286634006502553,4.439270733729823,21.040126897036657,50.15713427949319,,17.416839286118634,16.814999999999998,16.21316071388136,25114.0,53359.1,1.0,16.513578083937247
2026-04-30,4973,88.1,88.9,82.1,83.1,5348110.0,451735993.0,83.1,82.54999999999998,80.395,62.372499999999995,53.83624999999999,49.568125,50.0,76.08695652173911,4.499391691901863,5.16998085538953,-0.6705891634876666,18.632650296150274,6.403159103663637,42.49295991189778,,85.49999239651024,80.395,75.29000760348976,5348110.0,7149235.9,1.0,84.46647376362864
2026-04-30,4974,72.5,73.5,71.9,71.9,132574.0,9601604.0,71.9,71.82000000000001,71.10999999999999,72.90166666666667,73.60083333333334,73.95041666666665,50.0,100.0,-0.01653318732290643,-0.22409388287242954,0.2075606955495231,12.904783141499406,8.978376714844103,21.238802305796735,,72.74886995726948,71.10999999999999,69.4711300427305,132574.0,146438.7,1.0,72.42448745606228
2026-04-30,4976,29.55,29.55,28.75,29.0,218506.0,6366064.0,29.059999999999995,29.729999999999997,29.080000000000002,29.899166666666666,31.695,31.551458333333336,18.33333333333327,57.8125,-0.019143516347114087,-0.0048641406960281365,-0.01427937565108595,22.572345180316987,24.588425293405578,15.22857593134823,,31.371494570890974,29.080000000000002,26.78850542910903,411798.6,570791.85,0.5306137514794854,29.134504315670966
2026-04-30,4977,214.0,224.0,213.0,217.5,12904404.0,2830199310.0,212.3,225.8,208.85,171.525,145.4341666666667,120.95791666666668,27.52293577981652,55.08771929824562,11.195414075551156,13.788845842852762,-2.593431767301606,21.805580335223144,17.22261683153727,26.897465699655317,,252.47893776527587,208.85,165.22106223472412,10142227.6,11905270.5,1.2723441544538008,219.32042037741533
2026-04-30,4979,578.0,614.0,578.0,609.0,1710421.0,1030930329.0,609.0,612.5,560.95,422.84166666666664,368.42083333333335,341.2104166666667,50.0,84.74945533769063,52.69334376604638,56.53966331133611,-3.846319545289731,22.943531084103043,7.459557178055108,50.099313111956086,,727.7157985887627,560.95,394.1842014112374,1710421.0,2958617.45,1.0,602.734840720501
2026-04-30,4987,81.4,81.5,81.4,81.5,15000.0,1221922.0,81.5,81.49000000000001,81.44500000000001,,,,50.0,100.0,0.1486504595764302,0.17949636338294364,-0.030845903806513447,10.313517384496487,0.5191453210377848,82.62775040970433,,81.54708355711047,81.44500000000001,81.34291644288955,15000.0,14792.6,1.0,81.46146666666667
2026-04-30,4989,108.5,114.0,106.0,113.0,4480946.0,499511439.0,107.6,108.0,93.5,70.49166666666666,54.61666666666667,37.54333333333333,44.06779661016949,72.6507713884993,11.452729676567202,11.070131299499236,0.38259837706796596,33.87286076873423,9.14710541131294,48.50894054933547,,130.02534808364717,93.5,56.97465191635283,3996804.0,18889062.9,1.1211322846954717,111.47455001689376
2026-04-30,4991,644.0,676.0,635.0,676.0,6799768.0,4521690680.0,676.0,674.4,630.95,414.51666666666665,328.0083333333333,284.75416666666666,50.0,100.0,67.67256666459173,75.13745685835403,-7.464890193762301,19.90148140216082,1.8835627641302575,75.17587273675956,,744.587419708012,630.95,517.3125802919881,6799768.0,3587917.6,1.0,664.9771992220911
2026-04-30,4994,100.5,100.5,95.6,95.9,24616.0,2420473.0,98.88,99.53,99.26,99.20333333333335,97.97250000000001,96.36708333333333,24.28571428571422,39.766081871345,0.17703812343937386,0.365214268699501,-0.18817614526012716,21.557503614777605,25.83433529131175,12.423847079595012,,101.9592396590224,99.26,96.56076034097761,29531.0,24462.2,0.833564728590295,98.32925739356516
2026-04-30,4995,43.5,43.5,42.25,42.45,43358.0,1848383.0,42.45,42.470000000000006,42.122499999999995,41.09333333333334,40.64666666666667,40.42333333333333,50.0,86.20689655172438,0.36609989277687305,0.396162092727011,-0.030062199950137924,11.66663108683443,3.3333247840802986,44.32819875636897,,43.22105167810782,42.122499999999995,41.02394832189217,43358.0,53486.6,1.0,42.63072558697357
2026-04-30,4999,21.75,21.8,21.6,21.7,43543.0,945021.0,22.060000000000002,22.22,21.6825,22.53666666666667,23.64541666666667,24.705625,7.547169811320728,53.48837209302325,0.0040622165178945124,-0.06368870896704966,0.06775092548494417,38.57294225764051,18.48019576648029,36.775937722673675,,23.31998041370179,21.6825,20.045019586298213,144009.6,186833.65,0.3023617869919783,21.703166984360287
2026-04-30,5007,57.5,57.8,57.2,57.8,49180.0,2825662.0,57.98,58.02,57.35,57.575,55.15333333333333,53.89833333333333,42.85714285714278,62.49999999999996,0.23761121412537278,0.1924443566169605,0.04516685750841229,19.86897175986308,23.721431720534362,11.513877486742786,,59.24570150881558,57.35,55.454298491184424,38218.8,72160.05,1.286801260112824,57.455510370069135
2026-04-30,5009,33.8,33.8,32.2,32.2,4101243.0,134537173.0,32.2,32.11,31.892500000000002,33.093333333333334,33.096666666666664,33.098333333333336,50.0,56.75675675675683,-0.21970195621160116,-0.3468268707308361,0.12712491451923497,11.206122085390966,6.865760693616633,23.541512715945903,,32.66387948883129,31.892500000000002,31.121120511168712,4101243.0,2629385.05,1.0,32.80399942163876
2026-04-30,5011,14.2,15.4,14.2,14.75,594952.0,8939053.0,14.75,14.739999999999998,14.155000000000001,13.314166666666667,12.607083333333334,12.253541666666667,50.0,100.0,0.361463343798631,0.34775089635957585,0.013712447439055142,10.508110898472122,5.14410538900928,34.732729898973496,,15.734773468104308,14.155000000000001,12.575226531895694,594952.0,573266.5,1.0,15.02483057456736
2026-04-30,5013,29.15,29.15,28.75,28.8,76011.0,2210846.0,28.8,28.93,,,,,50.0,0.0,-0.29927905606008665,-0.19077331213952017,-0.10850574392056647,5.929823512295109,14.588842447633276,28.284864324626618,,,,,76011.0,36129.05,1.0,29.085869150517688
2026-04-30,5014,9.84,10.05,9.8,9.81,225018.0,2213586.0,9.81,9.849,10.0395,10.694833333333332,11.047416666666667,11.223708333333333,50.0,0.0,-0.21918074948167465,-0.22405703004146932,0.004876280559794666,2.2404681298903233,11.357619057939255,57.18835867736864,,10.467148404527304,10.0395,9.611851595472697,225018.0,335728.5,1.0,9.837373010159187
2026-04-30,5015,23.7,23.8,23.6,23.7,19221.0,455664.0,23.7,23.775,24.44,26.790000000000003,27.895,28.447499999999998,50.0,0.0,-0.778490768676452,-0.822947571012655,0.04445680233620308,5.087419775457583,24.418667525128992,54.15901491637704,,25.975406683654242,24.44,22.90459331634576,19221.0,27176.35,1.0,23.706570938036524
2026-04-30,5016,26.3,26.55,25.95,26.0,85558.0,2237562.0,26.0,26.46,29.0125,26.521666666666665,25.760833333333334,25.38041666666667,50.0,7.432432432432435,-0.49813738747435465,0.04356976704322026,-0.5417071545175749,14.853636468466744,24.183486705396643,36.739841583454115,,34.774067312349736,29.0125,23.250932687650263,85558.0,320509.7,1.0,26.152574861497463
2026-04-30,5201,30.4,30.85,30.3,30.5,58450.0,1784780.0,30.5,31.360000000000003,35.17,39.02583333333333,40.71291666666666,41.55645833333333,50.0,3.3149171270718654,-2.581463550990698,-2.121561989538762,-0.45990156145193595,4.090854872319959,34.90736695212184,51.347439126922,,43.838964607634594,35.17,26.50103539236541,58450.0,42017.9,1.0,30.535158254918734
2026-04-30,5202,13.2,13.2,13.0,13.0,137652.0,1802818.0,13.0,13.115,13.127500000000001,14.054166666666667,14.527083333333334,14.763541666666667,50.0,55.769230769230774,-0.22639858100970045,-0.23589735403998324,0.009498773030282792,12.600260169154028,9.612984841806261,22.48893626933359,,14.21012594988683,13.127500000000001,12.044874050113172,137652.0,234294.1,1.0,13.096925580449248
2026-04-30,5203,67.3,68.4,65.4,65.4,740673.0,49308934.0,63.64,64.02000000000001,63.544999999999995,71.46166666666667,84.05166666666668,92.82833333333333,55.769230769230845,65.25423728813564,-0.9435838662148086,-1.5327929966573093,0.5892091304425007,35.35514861533289,20.819436608911023,21.163563872278957,,65.88321794490875,63.544999999999995,61.20678205509123,277213.0,291223.15,2.6718552160252225,66.57314901447738
2026-04-30,5205,22.1,22.75,22.1,22.15,8976.0,198316.0,22.15,22.52,25.669999999999998,27.264166666666668,27.582083333333333,27.741041666666664,50.0,0.0,-1.8031852006104927,-1.453812693626963,-0.3493725069835296,4.036483289723261,25.090197600653596,57.056424121202866,,32.94435292835839,25.669999999999998,18.395647071641605,8976.0,5725.7,1.0,22.09402852049911
2026-04-30,5206,23.15,23.5,23.15,23.2,17429.0,403817.0,23.2,23.395,25.544999999999998,28.16,29.080000000000002,29.540000000000003,50.0,0.0,-1.517638660999225,-1.3881311789173978,-0.12950748208182716,4.357017910081786,33.30497731839651,57.36308544682012,,30.64689851144183,25.544999999999998,20.443101488558167,17429.0,58487.45,1.0,23.16925813299673
2026-04-30,5209,165.0,165.0,162.0,163.0,75855.0,12373042.0,163.0,163.25,164.725,168.43333333333334,171.21666666666667,172.60833333333332,50.0,0.0,-1.4041482779122987,-1.3653958303663793,-0.03875244754591933,4.006886076481086,13.20527325196443,43.05510723054246,,168.00933282498312,164.725,161.44066717501687,75855.0,48312.45,1.0,163.11438929536615
2026-04-30,5210,23.05,23.05,22.75,22.75,161342.0,3687640.0,22.75,22.685,22.7125,21.965833333333332,21.70791666666667,21.578958333333333,50.0,40.624999999999964,0.16843278102992087,0.19066608605048097,-0.02223330502056009,12.706182826870258,4.515619278142509,42.536883713862714,,23.393733401536007,22.7125,22.03126659846399,161342.0,240577.1,1.0,22.856044923206603
2026-04-30,5211,21.15,21.2,20.5,20.6,106661.0,2208401.0,20.6,20.895,21.43,23.2625,24.43125,25.015625,50.0,43.518518518518526,-0.6214843416556626,-0.5710735078516669,-0.05041083380399569,9.171809727208043,16.860210601587568,34.70056292170368,,23.69329987314748,21.43,19.16670012685252,106661.0,75009.55,1.0,20.70485932065141
2026-04-30,5212,47.45,47.5,47.2,47.4,10364.0,490939.0,47.4,47.48,48.197500000000005,51.020833333333336,51.510416666666664,51.755208333333336,50.0,7.142857142857068,-1.1133198632819798,-1.1533253906285699,0.04000552734659002,5.80028574002826,22.50522056832205,48.37005655935737,,49.85707350259835,48.197500000000005,46.53792649740166,10364.0,26372.1,1.0,47.36964492473948
2026-04-30,5213,26.05,26.15,25.9,25.9,636723.0,16576033.0,25.9,25.975,26.48,25.5675,24.73375,24.316874999999996,50.0,0.0,-0.11563689267826405,0.017096502042923983,-0.13273339472118803,11.597915057643855,14.631512116149173,25.75034718570489,,27.613880157038754,26.48,25.346119842961247,636723.0,547385.95,1.0,26.03335045223747
2026-04-30,5215,38.0,38.0,37.05,37.4,59826.0,2249607.0,37.69,37.925,37.63,37.57416666666667,36.65541666666666,37.045833333333334,28.57142857142857,55.12820512820511,0.040117620042899205,0.08493545083395729,-0.04481783079105808,25.748299448362026,16.350659164569077,20.9746994086871,,38.80311999655373,37.63,36.45688000344627,74132.8,60212.55,0.8070112015194354,37.6024972420018
2026-04-30,5220,20.1,20.25,20.1,20.2,20543.0,414269.0,20.2,20.205000000000002,20.0875,19.225000000000005,18.6625,18.38125,50.0,89.99999999999986,0.22495913648058874,0.2605482501829007,-0.035589113702311936,20.054404069980283,6.461668700147138,49.87537429265752,,20.476662393380362,20.0875,19.698337606619635,20543.0,60004.75,1.0,20.165944604001364
2026-04-30,5222,133.5,133.5,131.0,131.5,368987.0,48716232.0,134.1,138.6,130.925,134.7,135.4,127.39666666666668,4.0,65.9090909090909,1.0059952387424005,1.091759164280657,-0.08576392553825651,23.824713049716618,21.576340549980383,18.05548699102777,,150.82283114338168,130.925,111.02716885661836,659061.6,1442525.35,0.5598672415446447,132.02696029941436
2026-04-30,5223,25.3,25.3,25.15,25.15,18000.0,454100.0,25.15,25.285,25.54,27.404166666666665,27.80208333333333,28.001041666666666,50.0,43.999999999999964,-0.5988908860433462,-0.6392991548287349,0.04040826878538872,10.952900443059505,14.249019355473038,19.763942849106463,,26.621227372747747,25.54,24.45877262725225,18000.0,30729.8,1.0,25.227777777777778
2026-04-30,5225,77.4,78.1,76.3,76.6,383373.0,29467824.0,75.9,76.81,77.71000000000001,90.20333333333333,98.28166666666668,96.80833333333334,35.2941176470588,38.235294117647015,-3.2448764372219188,-3.7509138439400065,0.5060374067180877,19.537080577006137,35.135604277988634,38.31278403735385,,80.42982971601882,77.71000000000001,74.9901702839812,332112.0,309763.2,1.1543485330250036,76.86463052953651
2026-04-30,5227,22.4,23.1,21.5,21.9,461174.0,10297055.0,21.9,21.93,21.979999999999997,24.096666666666668,24.798333333333336,25.149166666666662,50.0,45.454545454545396,-0.5333516487404388,-0.6347027195820946,0.10135107084165573,4.788850896324974,5.945525411556033,24.400394891477323,,22.212605380758966,21.979999999999997,21.747394619241028,461174.0,303380.4,1.0,22.32791744547611
2026-04-30,5228,34.8,34.8,32.75,34.0,261698.0,8813297.0,34.0,34.31,32.495,26.24,24.344999999999995,23.397499999999997,50.0,75.2988047808765,2.2227016101220016,2.5085503056589995,-0.2858486955369979,19.35846255228567,6.065255587485487,46.89073087109579,,39.813822165808936,32.495,25.17617783419106,261698.0,1168423.7,1.0,33.67735710628281
2026-04-30,5230,17.4,17.55,17.2,17.25,96916.0,1680297.0,17.25,17.35,17.03,17.147499999999997,17.44875,17.599375000000002,50.0,68.75,0.12432904445652682,0.12386526513722666,0.00046377931930015326,17.148589519717248,9.940019511184362,36.042923288750096,,18.691451489701578,17.03,15.368548510298423,96916.0,245800.9,1.0,17.337663543687317
2026-04-30,5234,464.0,467.5,440.5,444.5,1084762.0,489644588.0,435.7,443.8,417.7,380.2916666666667,367.67083333333335,310.4125,45.30386740331492,64.54545454545453,18.499112818025935,17.660464239996518,0.8386485780294173,33.85035397820552,14.726911845986374,29.480776397470645,,485.15321965707517,417.7,350.2467803429248,986629.4,1142623.75,1.099462472940701,451.38434790304234
2026-04-30,5236,157.5,163.5,157.5,163.5,541852.0,87648571.0,163.5,162.5,153.15,133.65,126.075,122.2875,50.0,100.0,8.589881953682294,8.387787395775769,0.2020945579065252,18.018433817702466,3.061884739239864,54.98722335964326,,174.8782256402513,153.15,131.42177435974872,541852.0,515110.5,1.0,161.7574005447982
2026-04-30,5243,105.0,109.0,103.0,105.5,7559104.0,802994226.0,107.05999999999999,114.33000000000001,112.35,90.6,84.82833333333333,71.26416666666667,27.963525835866264,37.70491803278689,5.178871857740859,8.166677108780297,-2.987805251039438,26.22575106776849,20.69977974099514,38.32892625673596,,135.84266402854036,112.35,88.85733597145963,8251678.4,6696374.4,0.916068663073442,106.2287575352846
2026-04-30,5244,43.5,43.55,42.1,42.45,1621005.0,69520640.0,41.269999999999996,43.660000000000004,41.735,39.47416666666667,40.158750000000005,42.67999999999999,40.975609756097576,54.79452054794522,0.8940957613586491,1.109768763759498,-0.21567300240084886,30.827775358609887,23.111338261167255,20.023428080895002,,48.213474479300416,41.735,35.25652552069958,1206505.2,2412190.5,1.3435540932604353,42.887369255492736
2026-04-30,5245,24.55,25.2,24.2,24.3,50104.0,1227754.0,24.3,24.410000000000004,24.055,27.470000000000002,30.384999999999998,31.842499999999994,50.0,69.0140845070423,-0.4541138312372368,-0.6425625252293922,0.18844869399215536,9.989602599558618,11.617071434595092,22.059574498447294,,25.891157314668497,24.055,22.218842685331502,50104.0,81995.4,1.0,24.504111448187768
2026-04-30,5251,28.6,28.8,28.4,28.5,84859.0,2419960.0,28.5,28.695,29.372499999999995,31.243333333333332,32.24666666666666,32.748333333333335,50.0,25.0,-0.6871745488159533,-0.663522035189101,-0.02365251362685228,7.322136472404578,13.961316499009685,25.452065652072243,,31.04628392619197,29.372499999999995,27.698716073808022,84859.0,112177.95,1.0,28.51742301936153
2026-04-30,5258,48.5,48.9,47.45,47.65,359697.0,17264962.0,47.85,49.455,48.410000000000004,52.61583333333333,62.07208333333334,65.21062500000001,1.298701298701232,54.14847161572051,-0.454038843665316,-0.4982278985625236,0.04418905489720759,22.615380412007287,22.566088543457678,20.214417611669646,,52.27054263979486,48.410000000000004,44.549457360205146,330872.8,507085.65,1.0871156529034722,47.998626621851166
2026-04-30,5263,92.7,94.3,92.4,93.1,149295.0,13950489.0,93.1,93.19,94.215,99.47833333333332,103.23916666666668,105.11958333333334,50.0,0.0,-1.3545079501483457,-1.5572879594807207,0.20278000933237506,7.127795221512437,12.301263296710365,24.331398386516028,,96.75003866886297,94.215,91.67996133113704,149295.0,167721.55,1.0,93.4424394654878
2026-04-30,5269,1310.0,1400.0,1305.0,1365.0,3282918.0,4487295695.0,1307.0,1297.5,1214.0,1230.6666666666667,1289.0,1540.5,46.666666666666664,71.42857142857143,37.216131804122824,21.634476846085164,15.58165495803766,36.63754999930837,12.394144663520652,29.675989131230683,,1419.2623481765481,1214.0,1008.7376518234518,1771790.2,1561119.8,1.852881904415094,1366.861948729758
2026-04-30,5272,24.4,25.7,24.3,24.45,474027.0,11772789.0,24.45,24.35,23.2075,21.844999999999995,20.9975,20.57375,50.0,100.0,0.730371829272574,0.6681278128295575,0.06224401644301658,16.051096335250627,4.516337620433473,42.780644177737145,,25.939045735524697,23.2075,20.475954264475302,474027.0,450983.45,1.0,24.835692903568784
2026-04-30,5274,16715.0,17140.0,16475.0,16475.0,313316.0,5270278295.0,16475.0,16208.0,14557.75,11595.25,10692.625,10241.3125,50.0,91.48029818956337,1420.2563909067303,1332.1573111730236,88.09907973370673,24.502730746206396,4.161829381132974,53.71785441741103,,18241.907369917277,14557.75,10873.592630082723,313316.0,342854.0,1.0,16820.967633315886
2026-04-30,5276,18.85,19.35,18.4,18.4,82828.0,1554059.0,18.4,18.11,16.814999999999998,,,,50.0,93.93939393939395,0.7758222692420311,0.5802976499664771,0.19552461927555398,21.530524166359374,2.658867278515668,61.750786918108744,,19.758163353658063,16.814999999999998,13.871836646341933,82828.0,40611.3,1.0,18.76248370116386
2026-04-30,5278,23.75,24.15,23.45,23.65,846645.0,20122961.0,23.65,23.65,23.58,26.17666666666667,27.613333333333333,28.331666666666667,50.0,100.0,-0.47487786119654984,-0.6321052718598924,0.15722741066334256,8.747502664786538,15.90335451371921,35.36322395175056,,23.77574419397179,23.58,23.384255806028207,846645.0,581850.95,1.0,23.76788500493123
2026-04-30,5283,53.2,53.2,52.3,52.5,150998.0,7950735.0,53.1,54.15,54.39,57.355000000000004,61.00666666666667,70.51791666666666,6.250000000000071,30.769230769230816,-0.9411954010483896,-0.8472537903089244,-0.09394161073946516,13.342967893537871,37.006435016442566,23.03794703198035,,56.25140863467466,54.39,52.52859136532534,121179.0,99940.6,1.2460739897176905,52.654571583729584
2026-04-30,5284,342.0,349.5,333.5,343.0,1889281.0,647123722.0,333.5,341.4,319.95,287.7,288.57916666666665,241.53958333333333,31.0,59.88538681948424,15.476173931270239,15.755559486779932,-0.2793855555096929,26.158226974480453,15.09195662534801,27.384396949947607,,376.5695986153961,319.95,263.3304013846039,1972845.6,2387853.9,0.9576426051790368,342.52380773426506
2026-04-30,5285,54.4,55.5,54.2,55.0,196426.0,10740290.0,53.92,54.69,52.870000000000005,51.3,51.327083333333334,48.69145833333333,29.411764705882362,54.966887417218544,1.2633142618398026,1.1985389646976918,0.06477529714211072,30.798390409991523,17.175623904492877,27.428128064182214,,57.62941172835505,52.870000000000005,48.11058827164496,252120.8,357623.7,0.7790947831357032,54.678555792003095
2026-04-30,5287,155.0,156.0,154.5,154.5,66154.0,10235270.0,154.5,155.15,160.125,163.525,164.5125,165.00625,50.0,0.0,-3.031680253651672,-2.498287017365935,-0.533393236285737,7.790211493929501,24.235542818492224,39.88590311341919,,171.4195026217929,160.125,148.8304973782071,66154.0,71779.8,1.0,154.71883786316775
2026-04-30,5288,171.0,173.5,164.5,166.0,331011.0,55829604.0,168.9,169.4,159.85,147.09166666666667,136.61666666666667,137.35,14.285714285714292,66.43835616438356,7.2132181021692645,7.157440197702832,0.05577790446643238,24.785556401410584,18.959941938550422,18.571566470346156,,186.23201141527693,159.85,133.46798858472306,278559.6,366657.3,1.1882950722215282,168.66389334493417
2026-04-30,5289,1350.0,1360.0,1245.0,1245.0,5248881.0,6776067945.0,1245.0,1221.0,1164.5,964.3333333333334,875.6666666666666,831.3333333333334,50.0,61.53846153846154,68.24823766701184,65.48393249747788,2.764305169533955,15.809692134796515,7.390993730010778,35.36627618590047,,1348.8880347756367,1164.5,980.1119652243632,5248881.0,5088579.25,1.0,1290.9547663587725
2026-04-30,5291,57.9,62.5,57.5,62.5,1097051.0,67061804.0,62.5,63.279999999999994,67.35,53.9275,45.16375000000001,40.78187500000001,50.0,31.249999999999986,0.435321726591539,1.987773041338672,-1.552451314747133,11.579599659525996,12.469383129548937,32.55268438966793,,76.90240394103112,67.35,57.797596058968864,1097051.0,1470832.65,1.0,61.129158079250644
2026-04-30,5292,250.5,250.5,236.0,240.0,616447.0,147402031.0,246.1,248.8,234.525,204.90833333333333,176.60833333333332,163.65833333333333,20.23809523809524,58.77862595419847,11.708208029471734,12.863052339487295,-1.1548443100155605,26.78458800372261,15.373861990241094,33.321450333813786,,269.5219547547372,234.525,199.52804524526283,509748.4,637838.05,1.2093162038370302,239.11549735824815
2026-04-30,5299,89.8,90.4,88.2,88.9,269798.0,24117110.0,88.9,88.46000000000001,84.875,77.94333333333333,75.07166666666667,73.63583333333332,50.0,100.0,3.136583499444697,3.020948813477798,0.11563468596689885,20.432167263371447,4.594258878307837,46.95243468834671,,93.07227168989144,84.875,76.67772831010856,269798.0,297948.1,1.0,89.38950622317438
2026-04-30,5301,,,,,794.0,7063.0,,,,,,,50.0,100.0,-0.30611646091186984,-0.31819465232550953,0.012078191413639694,10.03913226859362,7.873701715378012,19.63464861233092,,,,,794.0,10533.7,1.0,8.895465994962217
2026-04-30,5302,11.15,11.45,11.0,11.1,427256.0,4768349.0,11.1,11.084999999999999,11.0075,11.309166666666666,11.304583333333333,11.302291666666667,50.0,63.6363636363637,-0.053369293274178276,-0.0844146398825763,0.031045346608398028,10.98217108944657,9.735002971241714,9.372881940314418,,11.200195560268948,11.0075,10.814804439731052,427256.0,450840.6,1.0,11.160402662572322
2026-04-30,5306,81.6,82.2,80.8,80.8,95347.0,7749871.0,81.62,82.98,84.115,88.37000000000002,89.02583333333334,92.01291666666665,14.545454545454504,34.34343434343428,-1.7681394732013587,-1.5511770344087337,-0.216962438792625,13.924095431335628,30.96645002270691,30.49361519951591,,87.66747874914856,84.115,80.56252125085143,195726.0,166850.15,0.4871452949531488,81.28070101838547
2026-04-30,5309,60.6,62.5,60.0,60.0,4064481.0,248382401.0,60.0,59.88000000000001,58.49000000000001,61.80166666666666,63.70083333333333,64.65041666666666,50.0,95.0000000000001,-0.028430612144497047,-0.39280359706523393,0.3643729849207369,12.523707537568049,8.082999147967202,21.290613480067268,,61.81005072884522,58.49000000000001,55.1699492711548,4064481.0,3294121.25,1.0,61.11048397077019
2026-04-30,5310,22.0,22.1,22.0,22.1,4159.0,91724.0,22.1,22.410000000000004,24.045,,,,50.0,0.0,-1.078407733920649,-0.8654903128104984,-0.21291742111015066,12.30501026565835,40.81628755855367,46.62523950501708,,27.705586665664683,24.045,20.38441333433532,4159.0,7991.85,1.0,22.054339985573456
2026-04-30,5312,97.3,97.8,96.7,97.2,31773.0,3086001.0,97.2,97.38000000000001,97.97500000000001,98.14166666666667,98.17083333333333,98.18541666666667,50.0,26.923076923076948,-0.29793221215287247,-0.19382084553139664,-0.10411136662147583,7.823839839165399,9.247848296790439,12.923323042204304,,99.48269953728744,97.97500000000001,96.46730046271257,31773.0,36653.25,1.0,97.12652251912
2026-04-30,5314,73.5,74.0,71.0,71.6,3035321.0,219484848.0,71.6,72.46,75.66499999999999,82.41666666666667,87.60833333333333,90.20416666666667,50.0,21.18644067796609,-2.48228727685445,-2.2692354889914395,-0.2130517878630105,10.002514626554756,17.50316234411386,23.04522698925592,,83.3427943652971,75.66499999999999,67.98720563470289,3035321.0,3524044.05,1.0,72.31025911262762
2026-04-30,5315,22.55,22.55,22.3,22.3,202167.0,4527582.0,22.3,22.390000000000004,22.655,23.671666666666667,24.33583333333333,24.667916666666667,50.0,30.76923076923073,-0.2983642616652702,-0.2998215281394761,0.0014572664742059094,9.051414947134822,18.94634615514316,29.66560750132059,,23.37603726453082,22.655,21.933962735469184,202167.0,260720.15,1.0,22.395257386220305
2026-04-30,5321,23.05,23.05,22.2,22.9,333710.0,7513305.0,22.9,23.05,24.259999999999998,26.091666666666665,27.345833333333335,27.97291666666667,50.0,9.638554216867433,-0.8174502774919468,-0.7662895836199956,-0.05116069387195121,5.057727068937497,10.023869267449776,25.882540230274557,,27.1818955635359,24.259999999999998,21.338104436464096,333710.0,345443.8,1.0,22.514473644781397
2026-04-30,5324,10.7,10.7,10.6,10.65,134569.0,1429838.0,10.65,10.785,11.3925,11.099166666666665,11.174583333333334,11.212291666666667,50.0,0.0,-0.19017708882490858,-0.06278222559509122,-0.12739486322981736,10.426156948722664,22.901918459296073,47.00760528458478,,12.770628020941919,11.3925,10.014371979058081,134569.0,359187.15,1.0,10.625314894217837
2026-04-30,5328,25.15,25.45,24.55,24.55,2397829.0,59890790.0,24.55,24.785000000000004,25.1425,25.810000000000002,26.154999999999998,26.327499999999997,50.0,50.0,-0.35109477094034247,-0.26741037380135063,-0.08368439713899184,13.847240241096328,15.078461865131388,12.117084534506612,,27.248700120446372,25.1425,23.036299879553624,2397829.0,4521653.85,1.0,24.977089692384236
2026-04-30,5340,117.5,117.5,113.5,115.0,440163.0,50550265.0,115.0,116.9,118.45,110.18333333333334,107.09166666666667,105.54583333333333,50.0,51.28205128205128,1.0129757613834158,2.2639952364368496,-1.2510194750534338,12.71218231139963,8.166839054672796,26.400539368420585,,134.4299216123496,118.45,102.4700783876504,440163.0,11580937.95,1.0,114.84442127121089
2026-04-30,5344,16.3,17.7,16.3,16.9,143573.0,2417848.0,16.9,16.669999999999998,15.3625,14.5625,14.40625,14.328125,50.0,100.0,0.7912792136156526,0.6292890443401338,0.1619901692755188,16.013544253791984,3.329767083791737,40.93948033881312,,18.29487374655307,15.3625,12.430126253446932,143573.0,83808.45,1.0,16.840548013902335
2026-04-30,5345,21.85,22.0,21.5,21.9,22529.0,491864.0,21.9,22.029999999999998,,,,,50.0,0.0,-0.3660980962569056,-0.28030621636351466,-0.08579187989339093,6.222130699722521,18.230042674597527,32.01761254428637,,,,,22529.0,,1.0,21.832482578010563
2026-04-30,5347,147.5,152.5,144.0,145.5,43741395.0,6467914064.0,145.5,144.15,136.85,129.63333333333333,132.56666666666666,134.03333333333333,50.0,85.1063829787234,5.741204673420128,4.903387603734019,0.8378170696861096,17.073810808034278,6.114857494719242,35.421747516382034,,153.1759560854875,136.85,120.52404391451248,43741395.0,32456650.75,1.0,147.8671190985107
2026-04-30,5348,,,,,,,,,,,,,50.0,0.0,-0.03817230359231516,-0.0369305402416134,-0.0012417633507017592,5.406201403227068,16.382442796086135,49.704082790034775,,,,,,,,
2026-04-30,5351,72.0,72.5,69.1,69.8,20787302.0,1461946309.0,69.8,69.57,69.58500000000001,63.416666666666664,59.55833333333333,57.62916666666667,50.0,41.81818181818176,0.9452138880307501,1.2728004041301237,-0.3275865160993736,12.570306570397136,8.802147645889546,19.720852091434924,,71.89495557031744,69.58500000000001,67.27504442968258,20787302.0,21101355.1,1.0,70.32881462923856
2026-04-30,5353,26.35,26.6,25.95,26.25,142617.0,3723238.0,26.25,26.125,25.54,25.18,25.34,25.42,50.0,90.90909090909099,0.38844396924852376,0.30877691363010795,0.0796670556184158,17.62400859885511,4.650161226792221,40.93661619948433,,26.86291544066802,25.54,24.21708455933198,142617.0,86610.75,1.0,26.10655111241998
2026-04-30,5355,6.77,6.77,6.4,6.72,57456.0,374631.0,6.72,6.689,6.5840000000000005,,,,50.0,75.60975609756102,-0.05804764885050595,-0.10289180520351081,0.04484415635300486,5.896788416427653,5.5270527688833235,18.93504602864916,,6.8465702913406865,6.5840000000000005,6.3214297086593145,57456.0,46836.8,1.0,6.5203111946533
2026-04-30,5356,27.1,27.3,26.8,26.85,77211.0,2085096.0,26.85,26.755000000000003,26.1875,25.566666666666666,25.60833333333333,25.629166666666666,50.0,100.0,0.4457519026064176,0.38802178948134997,0.05773011312506765,17.239912218564164,2.4932580049717634,56.96087297448377,,27.451526565343773,26.1875,24.923473434656227,77211.0,104545.45,1.0,27.005167657458134
2026-04-30,5364,10.05,10.15,9.98,9.99,88263.0,883762.0,9.99,10.126000000000001,10.688,11.899333333333335,12.374666666666666,12.612333333333334,50.0,33.74233128834355,-0.5171540019639433,-0.4808216282990195,-0.03633237366492387,10.15027448250395,24.715266675685115,37.042918897775785,,12.069190943009964,10.688,9.306809056990037,88263.0,203082.35,1.0,10.01282530618719
2026-04-30,5371,67.5,67.8,66.0,66.1,4890008.0,325219015.0,66.1,67.32,70.86499999999998,78.685,82.09249999999999,83.79625,50.0,31.84357541899442,-3.3311959030182265,-3.0092625335412437,-0.3219333694769828,9.355417951709605,24.267972784210095,35.48799145202655,,80.60915344274645,70.86499999999998,61.120846557253515,4890008.0,4568889.3,1.0,66.5068472280618
2026-04-30,5381,23.6,23.85,23.4,23.5,449916.0,10617925.0,23.5,23.68,24.0125,25.841666666666665,26.620833333333334,27.010416666666664,50.0,60.869565217391305,-0.5958060147321973,-0.5939956517968709,-0.0018103629353264372,18.206009200346944,19.958015844934295,15.832211447293,,25.862642242042394,24.0125,22.162357757957604,449916.0,722138.45,1.0,23.599794183803198
2026-04-30,5386,388.0,396.5,378.0,379.0,3775378.0,1455552422.0,379.0,376.3,359.15,254.04166666666666,184.02083333333334,149.01041666666666,50.0,84.48275862068965,25.375659262849638,28.776640890977582,-3.400981628127944,20.14869290495045,7.677965136135458,44.22195334400055,,397.638685965729,359.15,320.66131403427096,3775378.0,2377555.5,1.0,385.5381956455751
2026-04-30,5388,77.5,78.2,76.5,76.5,1915989.0,148138418.0,77.38,80.17,81.055,80.89833333333333,85.315,92.89375,2.4390243902439295,26.543209876543216,-0.7202444762398272,0.011758807579226862,-0.7320032838190541,16.81581914689643,21.124141703896658,19.013656273797032,,87.16262250238013,81.055,74.94737749761988,3171748.6,5879407.55,0.6040797180457492,77.31694597411571
2026-04-30,5392,40.15,42.6,39.5,40.15,7036899.0,290735933.0,40.15,40.035000000000004,38.5225,40.935833333333335,42.59291666666666,43.421458333333334,50.0,100.0,0.24277534545979051,-0.09432183198877019,0.3370971774485607,11.049384234954882,6.704957319467832,26.79436718443088,,42.19078154231435,38.5225,34.854218457685654,7036899.0,3734149.75,1.0,41.3159167127452
2026-04-30,5398,20.1,20.25,20.1,20.2,15560.0,314399.0,20.2,20.25,20.4975,20.93,20.715,20.6075,50.0,13.333333333333456,-0.25370924784803606,-0.23338485813206156,-0.0203243897159745,12.773124153401438,12.803473985143027,11.069547081807745,,21.053306668394505,20.4975,19.941693331605492,15560.0,311723.1,1.0,20.2055912596401
2026-04-30,5403,93.1,93.8,93.1,93.8,148454.0,13877964.0,93.8,93.85999999999999,95.60499999999999,104.855,107.6775,109.08874999999999,50.0,0.0,-2.9761762333207997,-3.329403008785377,0.35322677546457726,2.3220531387699648,31.814895039442305,75.11619872404553,,100.48092366418388,95.60499999999999,90.7290763358161,148454.0,124560.8,1.0,93.48326080806176
2026-04-30,5410,33.0,33.5,32.65,32.8,495126.0,16328082.0,32.8,32.76,31.952499999999997,30.759166666666665,30.329583333333332,30.114791666666665,50.0,100.0,0.6218342999932212,0.599482607967037,0.022351692026184145,18.66677214965187,4.483706773363369,43.61015982936845,,34.139176160655424,31.952499999999997,29.76582383934457,495126.0,474748.1,1.0,32.97762993662219
2026-04-30,5425,65.7,66.3,62.6,62.8,16095809.0,1028346093.0,62.8,63.089999999999996,61.19500000000001,60.585,61.192499999999995,61.49625,50.0,76.22950819672128,0.9832842319306394,0.9415275665608865,0.041756665369752866,11.307637945004148,5.144839557027148,28.54612938440027,,68.53586614708881,61.19500000000001,53.8541338529112,16095809.0,11360845.95,1.0,63.889059133343345
2026-04-30,5426,17.7,17.75,17.5,17.7,387701.0,6838462.0,17.7,17.854999999999997,18.58,19.244166666666665,19.19708333333333,19.17354166666667,50.0,2.8571428571428896,-0.509949059639041,-0.42355539761368816,-0.08639366202535287,7.497648862315878,21.580990234439504,30.4394884168031,,20.215590992496832,18.58,16.944409007503165,387701.0,373002.65,1.0,17.63849461311681
2026-04-30,5432,141.0,142.0,139.0,139.5,93543.0,13144835.0,139.5,138.55,134.75,144.33333333333334,150.16666666666666,153.08333333333334,50.0,77.41935483870968,-0.04481557277256343,-1.3269019264986346,1.2820863537260712,8.802123307711708,9.449050862892626,25.5127327109746,,143.6854409663524,134.75,125.81455903364761,93543.0,78954.25,1.0,140.52184556834825
2026-04-30,5434,410.0,411.0,404.0,406.0,795780.0,323822255.0,410.1,417.15,397.125,346.6,329.2291666666667,300.39375,16.666666666666657,53.205128205128204,19.599194616473426,22.113948715939774,-2.514754099466348,30.736261140661604,19.682043797923345,30.68581349081218,,460.561561763871,397.125,333.688438236129,693327.0,1140014.05,1.1477700998230271,406.9243446681244
2026-04-30,5438,19.55,19.65,19.0,19.0,115172.0,2236291.0,19.0,19.025,19.047500000000003,20.3925,20.89625,21.148125,50.0,50.0,-0.30386599182058305,-0.372082282357425,0.06821629053684197,5.870779208439632,8.348901390694616,29.147343715004396,,19.256444716939413,19.047500000000003,18.838555283060593,115172.0,103298.0,1.0,19.416967665752093
2026-04-30,5439,387.0,397.5,372.0,382.5,6294720.0,2439121437.0,382.5,384.4,370.75,319.26666666666665,309.6333333333333,304.81666666666666,50.0,77.90697674418604,19.37223715742033,21.589362559409835,-2.217125401989506,13.240598417253876,5.366263150174987,43.365507869786654,,423.1367198920923,370.75,318.3632801079077,6294720.0,8881226.9,1.0,387.48688376925423
2026-04-30,5443,125.5,132.5,122.0,129.5,25241271.0,3227168752.0,129.5,127.95,121.75,102.575,96.2875,93.14375,50.0,82.92682926829268,7.255792874797237,7.193480175694408,0.06231269910282933,15.382288947744222,3.2677150156092556,52.735800788705134,,136.2395606703954,121.75,107.26043932960458,25241271.0,16980070.05,1.0,127.85286255989249
2026-04-30,5450,13.0,13.2,13.0,13.1,25508.0,334050.0,13.1,13.180000000000001,13.6675,14.169999999999998,14.285,14.3425,50.0,7.407407407407376,-0.3481418697592247,-0.2990368417964624,-0.04910502796276228,4.409806217350472,19.463431465098612,42.73997843858707,,14.75487975741784,13.6675,12.580120242582161,25508.0,27690.0,1.0,13.095891485024307
2026-04-30,5452,32.5,32.55,31.25,31.45,1551183.0,49531086.0,31.45,31.72,32.5325,32.37,32.235,32.1675,50.0,38.53211009174307,-0.45848912159392086,-0.2512033096866196,-0.20728581190730128,10.25241946219374,10.341565180635314,19.351329844431504,,34.88650554486669,32.5325,30.178494455133315,1551183.0,1881858.95,1.0,31.931168662885035
2026-04-30,5455,25.25,26.1,25.0,25.25,101004.0,2577900.0,25.25,25.27,24.8,,,,50.0,89.18918918918922,-0.024433466361770684,-0.16302743966179195,0.13859397330002127,9.372351543962091,4.9651874708651285,33.83728078550219,,26.246229216745547,24.8,23.353770783254454,101004.0,61226.1,1.0,25.52275157419508
2026-04-30,5457,36.75,36.9,36.35,36.35,421446.0,15407183.0,36.35,36.53000000000001,37.53,36.14,35.94500000000001,35.8475,50.0,18.309859154929555,-0.011377995244160388,0.22087160019198102,-0.2322495954361414,14.29943336321272,12.32805690861693,20.056184169138877,,39.77297734460717,37.53,35.28702265539283,421446.0,1330384.6,1.0,36.557905401878294
2026-04-30,5460,14.95,15.0,14.95,15.0,24246.0,363209.0,15.0,14.995,14.885,15.1,15.3,15.4,50.0,100.0,0.022355955870960287,-0.0024700450702798277,0.024826000941240114,17.022107395945106,10.812231879972972,19.15493610674691,,15.166162998239363,14.885,14.603837001760636,24246.0,26355.7,1.0,14.980161676152768
2026-04-30,5464,31.85,33.2,31.5,33.0,867894.0,28330539.0,33.0,32.7,30.99,27.936666666666667,26.543333333333333,25.846666666666668,50.0,100.0,1.4335956784118764,1.334106261440524,0.0994894169713525,15.749721763191335,1.873235492342118,63.57045322009289,,34.829901314521386,30.99,27.15009868547861,867894.0,497451.1,1.0,32.642856155244765
2026-04-30,5465,25.1,25.1,24.95,25.0,119615.0,2991583.0,25.0,25.1,25.5475,27.5225,28.51125,29.005625,50.0,27.083333333333286,-0.5792580035019093,-0.6232959432435661,0.04403793974165682,6.568286686182503,22.500907144433587,52.432957086215175,,26.61248084984015,25.5475,24.48251915015985,119615.0,121761.15,1.0,25.010099067842663
2026-04-30,5468,18.05,18.3,18.0,18.0,40466.0,734050.0,18.0,18.015,18.2,17.97166666666667,18.160833333333336,18.25541666666667,50.0,0.0,-0.01509783200710757,0.029550544423330674,-0.044648376430438244,14.077601835717921,8.72222684703359,29.94198338372359,,18.6472135955,18.2,17.7527864045,40466.0,96384.5,1.0,18.139919932783076
2026-04-30,5469,84.2,84.2,81.5,82.3,5032657.0,416011997.0,88.02,91.51,88.92999999999999,91.67666666666668,92.90166666666666,78.16583333333332,5.19480519480517,37.08609271523178,-0.1602091056318784,0.5557564125757264,-0.7159655182076048,19.05822600788748,33.447017756881195,20.711832932721034,,99.71617048280909,88.92999999999999,78.1438295171909,5022203.0,5177561.45,1.0020815566395862,82.66249756341432
2026-04-30,5471,42.9,43.0,41.85,42.0,667750.0,28294010.0,42.64,42.815000000000005,41.22,39.519999999999996,37.35083333333333,35.998124999999995,22.950819672131146,58.57142857142858,0.8168779120758316,0.831748174783437,-0.014870262707605386,30.32782692150027,19.438491849171466,30.77748385966005,,46.00246798211969,41.22,36.43753201788031,2117779.0,1482111.65,0.315306743527063,42.372160239610636
2026-04-30,5474,140.5,154.0,140.0,154.0,1447904.0,220538818.0,154.0,153.35,147.2,146.19166666666666,148.84583333333333,150.17291666666668,50.0,100.0,3.548761565920472,2.742523704885505,0.8062378610349672,5.976734844538342,4.9368749421205615,18.906834219524846,,162.012512491667,147.2,132.38748750833298,1447904.0,814513.0,1.0,152.3159118284085
2026-04-30,5475,370.0,370.0,351.0,358.0,1123985.0,402796228.0,358.0,359.05,336.775,222.33333333333334,172.66666666666666,147.83333333333334,50.0,84.375,35.01828590066822,39.44367589622706,-4.425389995558845,19.95121084490685,3.8242353915495677,60.78303073081939,,405.65664907250266,336.775,267.8933509274973,1123985.0,2892184.15,1.0,358.3644158952299
2026-04-30,5478,97.8,97.8,96.7,97.0,137268.0,13316666.0,97.0,97.27000000000001,98.54499999999999,102.37666666666668,103.43833333333333,103.96916666666667,50.0,14.285714285714434,-1.574787427028852,-1.5882547473020203,0.013467320273168326,9.23208207569262,19.27010023202263,31.749960524822853,,101.44071371076886,98.54499999999999,95.64928628923111,137268.0,147170.5,1.0,97.01216598187487
2026-04-30,5481,20.7,21.15,20.65,20.75,51744.0,1076886.0,20.75,20.935000000000002,21.54,22.015,22.2575,22.37875,50.0,30.158730158730194,-0.38359069750911345,-0.2837332749843692,-0.09985742252474428,9.38386070170261,13.465346410804013,23.960694728164565,,23.088717635913508,21.54,19.99128236408649,51744.0,177131.6,1.0,20.81180426716141
2026-04-30,5483,133.0,136.5,132.5,134.0,17887131.0,2413963625.0,134.0,133.05,127.05,119.34166666666667,116.92083333333333,115.71041666666666,50.0,100.0,4.52142097902825,4.0260655860470065,0.4953553929812431,18.471531900976057,7.576050953658191,32.36487450848622,,140.44638600125933,127.05,113.65361399874067,17887131.0,14749081.85,1.0,134.955327659869
2026-04-30,5484,38.3,39.7,38.05,39.0,367739.0,14319469.0,37.67,38.235,39.752500000000005,39.675,39.197916666666664,39.41270833333333,47.77777777777775,41.1764705882353,-0.6061246094916442,-0.41950591297285567,-0.18661869651878848,21.436336278358848,17.98030003874756,11.792500114297432,,44.26161066035907,39.752500000000005,35.24338933964094,304743.8,651919.45,1.2067152801796133,38.93921776042247
2026-04-30,5487,28.95,30.85,28.7,29.4,77896.0,2294765.0,29.4,29.369999999999997,28.9125,,,,50.0,100.0,0.3383834661152392,0.3060315316059314,0.03235193450930779,8.46414782087804,1.1425206530569678,54.84794583593654,,30.044277828300043,28.9125,27.78072217169996,77896.0,42046.6,1.0,29.45934322686659
2026-04-30,5488,9.84,9.94,9.84,9.89,125872.0,1245625.0,9.89,9.916,10.1605,9.964333333333334,9.842166666666667,9.781083333333333,50.0,12.345679012345641,-0.0639906142780049,-0.01985337929599754,-0.04413723498200736,10.419919989143061,12.187100263823261,16.330651477049745,,10.730577557050472,10.1605,9.59042244294953,125872.0,432940.0,1.0,9.895965742976992
2026-04-30,5489,40.7,40.9,40.55,40.85,62286.0,2542059.0,40.85,40.870000000000005,41.0475,41.093333333333334,41.69666666666667,41.99833333333333,50.0,0.0,0.016715726479510806,0.03395970731575669,-0.017243980836245884,9.494886821840575,11.933475458641004,17.349089694798586,,41.45721748931741,41.0475,40.63778251068259,62286.0,91931.4,1.0,40.81268663905212
2026-04-30,5490,26.9,27.55,26.9,27.35,442205.0,12074004.0,27.35,27.26,26.767500000000002,26.274166666666662,25.66208333333333,25.356041666666666,50.0,80.55555555555553,0.2252724006296205,0.18543153117093625,0.03984086945868426,15.358208127233674,9.574354486219354,18.420247135191637,,27.874071281029746,26.767500000000002,25.660928718970258,442205.0,390654.05,1.0,27.30408747074321
2026-04-30,5493,89.1,90.5,88.2,89.0,240360.0,21479363.0,89.0,88.41999999999999,85.33500000000001,83.99500000000002,82.84750000000001,82.27375,50.0,94.93670886075942,1.6939341089147177,1.2340696527473394,0.45986445616737837,17.24787851636842,7.049024573066729,29.66490548484328,,92.21174188459683,85.33500000000001,78.45825811540318,240360.0,257674.9,1.0,89.36330088201032
2026-04-30,5498,74.5,74.5,72.3,73.9,2589357.0,190293504.0,73.9,73.39000000000001,69.99,63.48,62.79,62.445,50.0,100.0,3.2610886135503137,3.0788105101175054,0.18227810343280826,13.679441157490515,4.959776615968847,40.74238700301621,,77.60740389537428,69.99,62.37259610462572,2589357.0,26254551.95,1.0,73.49064034043973
2026-04-30,5508,48.5,48.85,48.05,48.05,446324.0,21582701.0,48.05,48.405,49.5875,54.01916666666667,56.50958333333333,57.75479166666666,50.0,25.263157894736864,-1.3984967794390428,-1.4153058040048097,0.016809024565766828,8.341154592951195,17.779091414282817,33.23576813737305,,52.57058829729776,49.5875,46.60441170270224,446324.0,451022.9,1.0,48.35657728466316
2026-04-30,5511,71.6,71.6,70.6,70.6,53147.0,3764968.0,70.6,70.58999999999999,71.52,69.89833333333333,68.74916666666667,68.17458333333333,50.0,3.1249999999998295,-0.21474496427345002,-0.01117548942932141,-0.2035694748441286,9.710486451230445,12.472607673572368,23.116734996111823,,74.33918241227563,71.52,68.70081758772436,53147.0,140113.65,1.0,70.84064951925791
2026-04-30,5512,7.4,7.4,7.34,7.35,1032455.0,7601666.0,7.35,7.398999999999999,7.614500000000001,7.801333333333333,7.7956666666666665,7.792833333333333,50.0,7.272727272727266,-0.15189319965626336,-0.12349908839338916,-0.028394111262874194,8.488094575685508,31.461624616537403,36.03535869979067,,8.10583438072683,7.614500000000001,7.123165619273174,1032455.0,784444.65,1.0,7.362709270621965
2026-04-30,5514,15.6,15.7,15.5,15.7,14503.0,225749.0,15.7,15.720000000000002,15.852500000000001,,,,50.0,11.1111111111112,-0.06939583464599686,-0.05088313290195848,-0.01851270174403838,11.260704123637142,6.863193425612998,31.539646781414213,,16.161104669610268,15.852500000000001,15.543895330389734,14503.0,24515.05,1.0,15.565676067020616
2026-04-30,5515,40.35,40.9,40.15,40.7,231278.0,9365936.0,40.45,40.525,40.1925,36.22833333333334,32.444583333333334,29.523958333333333,62.85714285714293,51.66666666666669,1.09149929312089,1.376668420388439,-0.28516912726754895,28.007930025229744,20.067543117080398,28.898252460284933,,44.52004640584468,40.1925,35.864953594155324,345119.0,890448.65,0.6701398648002573,40.496441511946664
2026-04-30,5516,11.35,11.8,11.35,11.75,24091.0,278941.0,11.75,11.790000000000001,12.032499999999999,13.318333333333333,13.684166666666668,13.867083333333333,50.0,0.0,-0.3867489931503183,-0.4268986242486563,0.04014963109833802,3.1802935792908245,17.10657075065948,55.631200246966586,,12.57663136958678,12.032499999999999,11.488368630413218,24091.0,30151.55,1.0,11.578639325889336
2026-04-30,5519,32.75,32.75,32.4,32.55,271023.0,8816449.0,32.56,32.7,33.010000000000005,32.553333333333335,31.308333333333334,31.462083333333336,40.62499999999988,37.70491803278687,-0.09528762933923218,0.009753266684095967,-0.10504089602332815,20.166387846151423,22.027460141881132,12.041386923739129,,33.77060917414236,33.010000000000005,32.24939082585765,470693.8,496131.05,0.5757947098517125,32.530261269338766
2026-04-30,5520,,,,,970.0,78606.0,,,,,,,50.0,0.0,-2.8875459902502314,-2.750989330342997,-0.1365566599072343,3.089517033816033,16.309965025072703,62.88672691688174,,,,,970.0,4452.3,1.0,81.03711340206186
2026-04-30,5521,11.4,11.45,11.2,11.35,3600652.0,40792841.0,11.51,11.75,12.077499999999999,17.209166666666665,15.793333333333333,14.046250000000002,15.0,29.411764705882348,-1.1080239199886268,-1.2996497994536687,0.19162587946504184,13.199773728812916,33.13210684210397,38.3912520970566,,12.910677178351655,12.077499999999999,11.244322821648343,4275707.6,5214757.4,0.8421183899479001,11.32929286140399
2026-04-30,5522,69.4,69.5,68.1,68.8,1165825.0,80027530.0,69.0,69.29,70.73,69.79833333333335,64.61416666666666,64.28583333333333,31.818181818181685,28.971962616822466,-0.24688432880459743,0.09518072653470229,-0.3420650553392997,17.127252907392997,21.735644899423267,14.146210319073614,,74.29007096322053,70.73,67.16992903677948,768105.8,1025333.05,1.5177922103960158,68.64454785237922
2026-04-30,5523,30.15,30.4,30.15,30.4,18101.0,547481.0,30.4,30.409999999999997,,,,,50.0,0.0,0.04424941191076215,0.05389351687116823,-0.009644104960406082,7.889800463515863,8.51434124570024,17.11242846213863,,,,,18101.0,,1.0,30.245898016684162
2026-04-30,5525,23.2,23.5,22.85,23.0,102521.0,2362373.0,23.34,24.085,24.58,25.4975,26.924166666666668,29.292916666666667,14.000000000000043,17.14285714285724,-0.5685669638097615,-0.3882669795684251,-0.18029998424133636,12.99302030836742,33.647072952733545,24.847427353888925,,26.195842618704575,24.58,22.964157381295422,115153.2,84419.75,0.8903009208602106,23.042820495313155
2026-04-30,5529,21.95,22.0,21.7,21.9,33859.0,737765.0,21.9,22.13,23.83,25.798333333333332,26.524166666666666,26.887083333333337,50.0,0.0,-1.1901613788364962,-1.0550718839810418,-0.1350894948554544,4.182267085212131,27.487667179500253,50.812673989411856,,27.67562636058977,23.83,19.984373639410226,33859.0,39885.45,1.0,21.78933223072152
2026-04-30,5530,44.6,44.7,44.05,44.05,407079.0,18047232.0,44.05,44.14,44.769999999999996,47.875833333333325,48.46291666666666,48.75645833333333,50.0,13.04347826086969,-1.0084758202627953,-1.105768304767941,0.09729248450514572,3.626722581855228,14.013389670161693,49.49443707786367,,46.26187271927827,44.769999999999996,43.27812728072172,407079.0,522523.75,1.0,44.3334880944485
2026-04-30,5531,8.4,8.4,8.22,8.29,842651.0,6968747.0,8.39,8.578,8.7095,8.904833333333332,9.014000000000001,9.411333333333333,11.111111111111143,15.18987341772143,-0.1466352954274619,-0.09773781530561274,-0.04889748012184916,8.965897647929637,32.04265362387429,27.181308502601933,,9.109314430639046,8.7095,8.309685569360955,725878.2,654030.45,1.1608710662477535,8.270027567759369
2026-04-30,5533,14.25,14.3,14.25,14.3,43486.0,620545.0,14.36,14.45,14.475,14.385,14.489583333333334,15.81875,0.0,43.478260869565275,-0.010321020557254812,0.023727826006624597,-0.03404884656387941,14.748249219721599,16.391080025847877,22.197180052960903,,14.705559959089758,14.475,14.244440040910241,174352.4,183925.3,0.24941440439018908,14.269994940900519
2026-04-30,5534,78.5,78.6,77.8,77.8,534623.0,41790552.0,77.84,77.67999999999999,79.375,78.845,78.24083333333333,81.89666666666668,77.7777777777776,25.4098360655738,-0.2503252041250761,0.0006288337734286706,-0.25095403789850473,21.948775321152755,21.63536120613418,14.866945988576935,,84.01073079459923,79.375,74.73926920540077,629430.8,1028693.3,0.8493753403869019,78.16826436573062
2026-04-30,5536,862.0,863.0,825.0,825.0,1546066.0,1292682776.0,825.0,825.0,791.05,710.5166666666667,680.7583333333333,665.8791666666667,50.0,100.0,31.252093405032383,32.966418860451995,-1.714325455419612,17.319021115309184,5.964962937588985,38.288944103373304,,887.143101784293,791.05,694.9568982157069,1546066.0,2004278.4,1.0,836.1109913807043
2026-04-30,5538,31.7,31.8,31.0,31.0,38063.0,1191570.0,31.47,31.810000000000002,31.2375,31.040833333333335,30.0425,,27.272727272727224,52.80898876404495,0.24989698512504432,0.2905296787731268,-0.040632693648082474,27.94822129886807,20.50317999051136,28.464097671658994,,33.05926172686616,31.2375,29.41573827313384,32328.0,32918.05,1.1774003959415986,31.305204529332947
2026-04-30,5543,30.3,31.2,29.75,29.75,147096.0,4470775.0,29.75,29.445,28.252500000000005,28.36,29.055,29.4025,50.0,84.72222222222221,0.6080636151958991,0.38554646757866473,0.2225171476172344,17.32599475083806,8.235885801712008,35.82785640102371,,31.059347829299288,28.252500000000005,25.445652170700722,147096.0,72192.3,1.0,30.393586501332464
2026-04-30,5546,16.7,16.7,16.3,16.5,11000.0,181600.0,16.75,16.85,16.7925,19.375,21.56208333333333,25.229375,39.473684210526386,44.262295081967196,-0.4619798390363954,-0.592773052324692,0.13079321328829663,10.446770837530146,29.16460510261852,46.858340763568414,,17.28269330236149,16.7925,16.30230669763851,15211.6,37915.2,0.723132346367246,16.509090909090908
2026-04-30,5547,21.05,22.0,20.95,21.9,39790.0,849003.0,21.9,21.9,21.9775,22.650833333333335,23.125416666666663,23.362708333333334,50.0,29.9999999999997,-0.17187806149617302,-0.19890514855483785,0.027027087058664828,2.3350358931707618,7.548511578425349,40.24176646119757,,22.203390052435854,21.9775,21.751609947564145,39790.0,61364.1,1.0,21.337094747423976
2026-04-30,5548,23.45,24.2,23.45,23.65,77227.0,1836282.0,23.65,23.714999999999996,24.265,23.77583333333333,23.56291666666667,23.456458333333337,50.0,0.0,-0.1405846185459474,-0.02940297036767573,-0.11118164817827167,7.480772673014979,11.845642715429513,29.377718578708183,,25.52787058135945,24.265,23.00212941864055,77227.0,100604.85,1.0,23.777720227381614
2026-04-30,5601,35.4,36.0,35.4,36.0,3012.0,107227.0,36.0,36.055,,,,,50.0,0.0,-0.21690083914680258,-0.17348357432877695,-0.04341726481802563,0.4265117119511296,11.569696812414303,77.42752493244643,,,,,3012.0,,1.0,35.59993359893758
2026-04-30,5603,16.5,16.55,16.4,16.5,162929.0,2688329.0,16.5,16.53,16.665,17.250833333333333,17.40041666666667,17.475208333333335,50.0,0.0,-0.205337157076805,-0.21522195816789902,0.00988480109109402,4.373928042006209,16.091776902956855,48.66473853784919,,16.971250671320433,16.665,16.358749328679565,162929.0,114169.75,1.0,16.50000306882139
2026-04-30,5604,32.7,32.7,32.65,32.65,6980.0,228110.0,32.65,32.834999999999994,33.825,36.12916666666667,37.489583333333336,38.16979166666667,50.0,0.0,-0.8489186902930612,-0.8229324105385434,-0.025986279754517838,7.5585009544431365,42.12388895014864,58.05564103068452,,36.035620298754075,33.825,31.614379701245927,6980.0,10242.9,1.0,32.68051575931232
2026-04-30,5607,47.0,47.05,46.5,46.5,339044.0,15822675.0,47.059999999999995,47.675,47.345,48.20166666666667,48.63166666666667,45.70395833333334,2.500000000000199,34.86238532110096,-0.2136405936256125,-0.14710384895302334,-0.06653674467258916,20.653841169975376,27.229231868638205,12.718227741853877,,49.49341434796132,47.345,45.19658565203868,305663.0,370779.0,1.1092085074084859,46.66850025365439
2026-04-30,5608,15.35,15.55,15.1,15.2,971407.0,14831011.0,15.3,15.595000000000002,15.9625,16.9275,17.243333333333332,16.93375,19.047619047618994,28.260869565217362,-0.4219723423628423,-0.3715204006110794,-0.05045194175176293,15.149781604287666,25.879363126395134,17.307020841654158,,16.890358314955158,15.9625,15.034641685044845,992972.4,1247732.35,0.9782819744033168,15.267556235439933
2026-04-30,5609,78.0,78.5,77.9,78.0,180945.0,14118970.0,78.0,78.22,78.845,78.58,78.28999999999999,78.145,50.0,34.21052631578942,-0.2665750189699878,-0.11349262348249298,-0.15308239548749483,10.744270446252568,14.31244195477787,21.14189508873665,,80.59395457495697,78.845,77.09604542504303,180945.0,164889.55,1.0,78.02906960678659
2026-04-30,5701,3.43,3.49,3.41,3.41,63850.0,218345.0,3.41,3.4170000000000003,3.4590000000000005,3.683333333333333,3.7916666666666665,3.845833333333333,50.0,42.85714285714287,-0.06124622315931516,-0.0681006916934585,0.006854468534143343,5.550164933017891,9.1449892499959,26.54119078340384,,3.58827327236271,3.4590000000000005,3.329726727637291,63850.0,104814.4,1.0,3.419655442443226
2026-04-30,5703,,,,,,,,,,,,,50.0,70.00000000000001,0.05430825670035766,0.03548725271263975,0.01882100398771791,11.284477946784264,5.830889561407643,30.007624121158404,,,,,,,,
2026-04-30,5704,21.9,21.9,21.35,21.7,27370.0,592223.0,21.7,21.725,21.8375,22.045833333333334,22.19791666666667,22.273958333333333,50.0,47.7272727272727,-0.08037879432288975,-0.06948903797958011,-0.010889756343309631,10.087250362714544,8.541102914355518,14.986807377242572,,22.351386122957628,21.8375,21.32361387704237,27370.0,79191.3,1.0,21.637668980635734
2026-04-30,5706,50.9,51.1,50.8,50.9,154304.0,7856175.0,50.92,51.35,52.004999999999995,51.123333333333335,51.53208333333334,54.745625000000004,21.42857142857153,46.09929078014184,-0.1505456466181272,0.08543884321197662,-0.2359844898301038,22.478232201852062,29.398067489178054,12.771029504807322,,54.81286489403666,52.004999999999995,49.19713510596333,230251.6,480187.2,0.6701538664660744,50.91361857113231
2026-04-30,5864,27.65,28.75,27.4,28.5,5221805.0,146769022.0,28.5,28.089999999999996,26.165,24.610833333333332,23.855416666666667,23.477708333333336,50.0,89.7196261682243,1.1850222744976584,0.9373323662740333,0.24768990822362513,17.354024544548956,6.246397159837367,32.17777367188967,,30.50842818762467,26.165,21.82157181237533,5221805.0,3886704.25,1.0,28.106951906476784
2026-04-30,5871,117.5,118.5,115.0,115.5,4947482.0,574110621.0,117.9,118.7,114.65,108.83333333333333,106.90833333333333,113.34291666666667,26.08695652173914,63.93442622950819,2.863158196541235,3.080972056665674,-0.21781386012443882,25.760283305526016,18.080254759805232,31.592249475329567,,124.69254109172348,114.65,104.60745890827653,7144379.8,8158949.75,0.6924998584201809,116.04097215512861
2026-04-30,5876,38.9,39.05,38.7,39.05,12109981.0,470837665.0,39.22,39.545,39.552499999999995,39.65083333333334,39.98208333333333,42.5275,29.99999999999997,38.709677419354826,-0.06687906029605983,0.005386242565498553,-0.07226530286155838,12.407489408594111,19.09142568587249,12.15369497489153,,40.184518487403885,39.552499999999995,38.920481512596105,9307353.8,7373210.85,1.301119658736944,38.88013242960497
2026-04-30,5878,40.8,40.8,40.75,40.8,10500.0,428405.0,40.8,40.825,40.927499999999995,,,,50.0,29.9999999999997,-0.15361798176600416,-0.15704456563105162,0.003426583865047461,8.084610100673075,23.128751501540183,34.94522844903487,,41.17346747752498,40.927499999999995,40.68153252247501,10500.0,13612.0,1.0,40.80047619047619
2026-04-30,5880,22.95,23.1,22.95,22.95,16648364.0,383115950.0,22.990000000000002,23.259999999999998,23.5525,23.616666666666667,23.872916666666665,24.23625,26.31578947368422,21.874999999999773,-0.152891319908516,-0.07015681819766938,-0.08273450171084663,15.340634874984808,30.442597878201827,19.69782651835048,,24.33418172281922,23.5525,22.770818277180776,18524527.6,15365421.6,0.8987200299779844,23.012228108419542
2026-04-30,5902,38.0,38.0,37.75,37.75,2184.0,82688.0,37.75,37.825,38.285000000000004,39.095,39.4225,39.58625,50.0,0.0,-0.37311931984481106,-0.34820880742274574,-0.024910512422065323,4.301867854464055,12.176225880147763,33.22736829981941,,39.310516557899476,38.285000000000004,37.25948344210053,2184.0,19546.3,1.0,37.86080586080586
2026-04-30,5903,190.0,190.0,189.5,189.5,14631.0,2774390.0,189.5,189.65,190.125,192.14166666666668,192.82083333333333,193.16041666666666,50.0,33.33333333333333,-0.6060717759228282,-0.6419783304366069,0.035906554513778666,7.0310519553117885,10.732335125735062,20.27137991383779,,191.37631509768028,190.125,188.87368490231972,14631.0,16335.55,1.0,189.62408584512337
2026-04-30,5904,557.0,590.0,552.0,575.0,848877.0,486651940.0,575.0,568.5,536.9,483.45,447.225,429.1125,50.0,100.0,23.775608093076244,21.45347876239263,2.3221293306836124,15.529351973418445,1.3268990576338133,68.36527665651339,,607.7917633104375,536.9,466.00823668956235,848877.0,620471.95,1.0,573.2891102008889
2026-04-30,5905,8.05,8.13,7.91,7.95,389193.0,3116345.0,7.95,8.028,8.032,8.433666666666667,8.681833333333334,8.805916666666667,50.0,58.51063829787235,-0.07960078181816854,-0.07360652053188757,-0.005994261286280972,14.31289777868298,18.56793702499203,24.66532665352716,,8.840783361794635,8.032,7.223216638205364,389193.0,550778.45,1.0,8.007196943418817
2026-04-30,5906,49.95,49.95,49.95,49.95,1109.0,55106.0,,,,,,,100.0,69.16666666666664,0.16540205316288592,-0.0018756686629996778,0.1672777218258856,25.65285927355527,11.956380242449905,27.0961335810447,,,,,,,,49.689810640216415
2026-04-30,5907,5.44,5.57,5.38,5.38,205914.0,1124993.0,5.452,5.549,5.648000000000001,5.8021666666666665,5.8021666666666665,6.335166666666667,32.39436619718312,37.14285714285714,-0.10740191338913618,-0.08135631245833458,-0.026045600930801605,8.526565754685546,21.338357577714252,21.181070922893134,,5.939897602809655,5.648000000000001,5.356102397190346,259265.4,261984.45,0.7942209025963357,5.463411909826433
2026-04-30,6005,28.15,28.35,28.0,28.05,13405792.0,377092883.0,28.07,28.05,28.145,28.15666666666667,26.479583333333334,24.717083333333335,41.17647058823539,40.6779661016949,-0.0436713389008645,-0.04085731245601248,-0.0028140264448520205,21.28705001402791,14.604919679294111,16.90014854931683,,28.771519206241507,28.145,27.518480793758492,14514115.8,13297393.25,0.9236382143237413,28.129101436155356
2026-04-30,6015,14.2,14.4,14.15,14.2,2383184.0,33957602.0,14.2,14.079999999999998,13.6875,13.541666666666666,13.445833333333333,13.397916666666667,50.0,72.72727272727275,0.20629210561456013,0.133040368638348,0.07325173697621212,23.457699203636974,13.286335179166079,22.474627345367335,,14.69111189814852,13.6875,12.68388810185148,2383184.0,1735678.6,1.0,14.24883768941047
2026-04-30,6016,19.4,19.7,19.35,19.45,7190901.0,140327263.0,19.45,19.225,18.11,17.16,16.779999999999998,16.589999999999996,50.0,90.32258064516127,0.7011411930743812,0.5655343528951047,0.1356068401792765,25.68397628369955,6.948700862344198,36.002605777043,,20.60959996799486,18.11,15.610400032005138,7190901.0,5939129.85,1.0,19.51455916303117
2026-04-30,6020,19.1,19.25,19.0,19.25,21085.0,403118.0,19.25,19.24,19.2875,19.2575,19.25375,19.251875,50.0,25.000000000000227,-0.013111793017731799,-0.010752425248920823,-0.002359367768810976,6.505910620616836,12.324046370152942,24.37230169938757,,19.518914415235848,19.2875,19.056085584764155,21085.0,12812.45,1.0,19.11870998340052
2026-04-30,6021,33.05,33.9,32.75,33.05,302859.0,10042225.0,33.05,32.62499999999999,31.105,31.280000000000005,31.240000000000002,31.220000000000002,50.0,78.70370370370371,0.647840203034626,0.3326478631033787,0.3151923399312473,21.256208789282706,11.519148525750374,32.5292041082129,,34.80818497342063,31.105,27.40181502657937,302859.0,250380.05,1.0,33.158086766449074
2026-04-30,6023,99.1,99.9,98.9,99.5,86658.0,8608976.0,99.5,99.5,99.08500000000001,96.30166666666668,95.75083333333333,95.47541666666667,50.0,100.0,0.9208529548513837,1.0332640464678557,-0.112411091616472,11.790793087993077,3.6797252187524663,44.62562075623195,,100.29421897368293,99.08500000000001,97.87578102631709,86658.0,123122.5,1.0,99.34427288882735
2026-04-30,6024,56.1,56.5,55.7,56.2,281993.0,15837276.0,55.7,55.760000000000005,56.18000000000001,53.919999999999995,51.78833333333333,50.428125,63.6363636363637,43.24324324324325,0.3055155414645583,0.4709767438383007,-0.1654612023737424,26.766997993684953,20.51577071463878,16.72432043253577,,57.341849704929174,56.18000000000001,55.01815029507084,278734.0,337085.25,1.0116921509396055,56.16194728237935
2026-04-30,6026,15.3,15.4,15.1,15.35,1987130.0,30370060.0,15.35,15.294999999999998,15.0425,14.686666666666667,14.718333333333332,14.734166666666665,50.0,86.66666666666652,0.20844631334518304,0.18673156778817077,0.021714745557012277,17.055202720826728,9.409809996980881,20.434638624522787,,15.614914093761541,15.0425,14.47008590623846,1987130.0,1667239.9,1.0,15.28337854091076
2026-04-30,6101,39.0,41.6,38.85,40.45,215486.0,8678834.0,40.45,40.375,40.07000000000001,39.049166666666665,39.224583333333335,39.31229166666666,50.0,88.23529411764765,0.46559432685639734,0.46543646007974043,0.00015786677665691196,8.08833380528836,3.0994645648888874,36.95613617036589,,40.778890905422,40.07000000000001,39.36110909457801,215486.0,162896.3,1.0,40.27562811505156
2026-04-30,6103,38.3,39.7,38.3,39.7,2543.0,99428.0,39.7,,,,,,50.0,100.0,-0.7292898964142225,-0.3203430166474034,-0.4089468797668191,8.88033213191285,8.078653991031933,15.290142154994296,,,,,2543.0,7705.35,1.0,39.098702320094375
2026-04-30,6104,99.1,99.5,97.2,98.7,1408744.0,138341705.0,98.7,98.22,94.19500000000001,95.96499999999999,97.9825,98.99125000000001,50.0,92.37288135593217,1.4855037174565098,0.8251666729976715,0.6603370444588382,14.470627538539791,8.652139830777026,25.687372937134967,,103.42959741806239,94.19500000000001,84.96040258193763,1408744.0,1257849.1,1.0,98.20216093200752
2026-04-30,6108,20.1,20.25,19.1,19.1,1300404.0,25497421.0,19.630000000000003,18.845,17.7525,16.125833333333333,15.15125,14.778541666666667,59.61538461538462,67.32026143790853,0.9385187064595435,0.7856251898788674,0.15289351658067607,31.737170380987795,9.920674522041645,47.68041679446442,,20.465524142907565,17.7525,15.03947585709244,5554767.8,1876629.95,0.23410591528236338,19.60730742138597
2026-04-30,6109,12.1,12.1,11.8,11.8,352131.0,4204240.0,11.8,11.815000000000001,11.85,11.97,11.885,11.842500000000001,50.0,51.724137931034505,-0.04927932254656753,-0.046467909690158904,-0.002811412856408624,13.496001751110404,7.582159241182862,25.554672589089844,,12.188728271783248,11.85,11.511271728216752,352131.0,350124.35,1.0,11.939420272569016
2026-04-30,6111,45.05,45.3,43.5,45.05,513325.0,22771539.0,45.05,45.355000000000004,45.332499999999996,44.12749999999999,44.063750000000006,44.031875,50.0,57.04225352112675,0.3192147257084841,0.4842695974497579,-0.1650548717412738,10.640591769324946,10.324854226417624,13.97808653979072,,48.303105998782,45.332499999999996,42.36189400121799,513325.0,612116.45,1.0,44.36086105293917
2026-04-30,6112,45.65,46.6,45.45,45.7,345898.0,15943421.0,45.339999999999996,46.475,46.205,45.91166666666666,47.60875,49.63979166666666,26.36363636363636,46.11111111111113,-0.013769095785370666,0.1625823172410014,-0.17635141302637206,24.49285989241864,21.004398867339653,15.090051538804444,,49.07973568578996,46.205,43.330264314210034,385558.4,532188.2,0.8971351681094225,46.09283950760051
2026-04-30,6113,22.65,23.6,22.4,22.5,226142.0,5189560.0,22.5,22.54,22.3225,21.2075,20.653750000000002,20.376875,50.0,62.2641509433962,0.36996891263599707,0.41085503551934344,-0.040886122883346365,10.796529433370821,7.524023706328495,16.852711662248794,,23.252398126848203,22.3225,21.3926018731518,226142.0,327593.4,1.0,22.94823606406594
2026-04-30,6114,30.5,30.85,30.2,30.2,16032.0,488572.0,30.2,30.159999999999997,29.8025,30.5625,30.78125,30.890625,50.0,94.99999999999993,-0.010704386604789562,-0.10214293938305903,0.09143855277826947,15.53021146669615,9.653268861163264,18.091577387094254,,30.628699287798316,29.8025,28.97630071220168,16032.0,20500.1,1.0,30.474800399201598
2026-04-30,6115,47.95,47.95,47.75,47.75,182785.0,8734624.0,47.839999999999996,47.85,47.527499999999996,47.1725,47.0625,48.479166666666664,26.08695652173938,60.344827586206925,0.23189650533219464,0.22207253983266953,0.009823965499525106,22.51845845043625,15.479908222347255,22.543837847401793,,48.421029371002305,47.527499999999996,46.63397062899769,159803.8,152112.5,1.1438088455969133,47.78632819979757
2026-04-30,6116,8.28,8.28,8.13,8.14,11738663.0,95940019.0,8.242,8.553,8.566,8.505,7.996333333333333,7.614791666666667,1.3698630136986054,41.55251141552513,-0.06062585375320495,0.021535048942779106,-0.08216090269598406,21.685035908837065,19.473891990471245,21.668615776802934,,9.290500553920815,8.566,7.841499446079187,11767589.8,21981982.8,0.9975418245799151,8.172993721687044
2026-04-30,6117,92.0,92.4,88.0,88.1,1822425.0,164369877.0,88.03999999999999,85.75,80.60999999999999,77.25500000000001,78.94666666666667,84.63458333333332,55.62499999999999,67.1480144404332,3.8803424605672348,2.9781811645866116,0.9021612959806231,26.981826306997615,12.547502760408857,28.562949089622883,,94.10914617182999,80.60999999999999,67.11085382816998,2218273.8,1208087.15,0.8215509735543016,90.19294456561998
2026-04-30,6118,17.55,18.8,17.55,17.85,973407.0,17756156.0,17.85,17.775000000000002,17.357499999999998,17.973333333333336,18.16166666666667,18.255833333333335,50.0,100.0,0.042669231192355994,-0.05872147313436709,0.10139070432672309,11.241281222303218,4.985144333161827,26.64423896349162,,18.28898155898912,17.357499999999998,16.426018441010875,973407.0,515338.55,1.0,18.241245439985537
2026-04-30,6120,13.2,13.25,12.8,12.8,3970195.0,51397208.0,13.14,13.76,13.885,13.3,12.442916666666667,11.855291666666666,19.23076923076924,37.894736842105274,-0.02212708251666129,0.17868592056771573,-0.20081300308437702,19.567649246556677,26.380313948889007,19.94330991471673,,15.66444402908077,13.885,12.10555597091923,3551822.6,6371466.1,1.1177909054354234,12.945764124935929
2026-04-30,6121,365.0,365.0,357.5,357.5,607773.0,218494317.0,357.5,356.6,353.875,345.55,346.025,346.2625,50.0,69.23076923076923,3.4444800052607434,3.373873303631717,0.0706067016290266,14.027996314219548,6.906585204307215,22.42164520665383,,361.1794687115432,353.875,346.5705312884568,607773.0,489922.05,1.0,359.4998741306376
2026-04-30,6122,49.15,49.85,48.85,49.1,186075.0,9143823.0,49.1,49.27,50.215,51.275,51.8875,52.19375,50.0,16.666666666666572,-0.640768862822739,-0.55715503856183,-0.08361382426090902,9.531431382895471,14.578944497197435,15.619820953803904,,52.38975951483569,50.215,48.04024048516432,186075.0,237452.35,1.0,49.140523982265215
2026-04-30,6123,43.55,44.4,43.4,43.85,190107.0,8351220.0,43.85,43.69500000000001,43.2725,43.40083333333334,43.500416666666666,43.55020833333334,50.0,63.2653061224489,0.19578030329461882,0.0887567968197485,0.10702350647487031,12.543545573047135,8.48313532510209,23.562418954275913,,44.53552685723829,43.2725,42.00947314276171,190107.0,142281.55,1.0,43.929050482096926
2026-04-30,6124,30.75,31.05,30.2,30.25,116104.0,3530185.0,30.25,30.330000000000002,30.859999999999996,30.328333333333333,28.839166666666667,28.094583333333333,50.0,20.408163265306115,-0.2950083644259216,-0.20122952742469102,-0.09377883700123057,12.794633064910835,10.016574510044336,24.014879453072005,,32.143334472544666,30.859999999999996,29.576665527455326,116104.0,110458.1,1.0,30.405369324054295
2026-04-30,6125,54.5,56.9,54.1,55.8,2063601.0,115678115.0,55.8,55.879999999999995,54.790000000000006,60.29666666666666,63.54833333333333,65.17416666666666,50.0,84.61538461538454,-0.6694552531465874,-1.052522891054017,0.3830676379074296,9.496553097682495,13.244570068743469,25.03770690262133,,58.43642579146063,54.790000000000006,51.143574208539384,2063601.0,1583350.35,1.0,56.05643484375129
2026-04-30,6126,31.65,32.2,31.05,31.1,805875.0,25406995.0,31.1,31.314999999999998,31.885,34.6025,36.50125,37.450624999999995,50.0,36.000000000000036,-0.6867207990120754,-0.7271296279392433,0.040408828927167906,10.990990164478752,14.368303879691252,18.215738277610658,,33.56588322647702,31.885,30.204116773522983,805875.0,1028605.65,1.0,31.527215759267875
2026-04-30,6127,46.0,46.7,44.05,44.1,5961807.0,269172345.0,44.1,44.72,44.92999999999999,39.36833333333333,37.009166666666665,35.829583333333325,50.0,54.90909090909091,0.998466100981183,1.5704942932186432,-0.5720281922374602,14.704109388792485,9.309334602324867,35.59110639797632,,50.56685242517115,44.92999999999999,39.293147574828836,5961807.0,13955882.25,1.0,45.14945636448815
2026-04-30,6128,20.4,20.6,20.35,20.45,98267.0,2011714.0,20.56,20.695,20.805,22.536666666666665,24.05125,27.403125,37.83783783783789,46.37681159420291,-0.4702318034199777,-0.5239553673756313,0.053723563955653586,15.949750299474122,22.86327297711425,20.39750521277522,,21.286117121088864,20.805,20.323882878911135,121773.2,130912.85,0.8069673787007322,20.47191834491742
2026-04-30,6129,16.95,17.15,16.7,16.85,693276.0,11700143.0,16.85,16.795,16.385,15.71,15.479999999999999,15.365,50.0,100.0,0.33325126967562824,0.31245154109230294,0.020799728583325294,16.42930934764544,7.535624552421735,28.601877194727475,,17.318640300397497,16.385,15.451359699602504,693276.0,637883.5,1.0,16.8766018151501
2026-04-30,6130,24.55,24.65,24.4,24.4,54696.0,1341886.0,24.4,24.365,24.854999999999997,32.744166666666665,36.52208333333333,38.41104166666666,50.0,36.458333333333336,-1.7974444943011427,-2.2264454348535874,0.42900094055244464,4.8750284509262665,18.888550790466574,60.26667022094416,,26.55821677082439,24.854999999999997,23.151783229175603,54696.0,413573.8,1.0,24.533530788357467
2026-04-30,6133,22.05,22.5,21.9,22.0,598203.0,13213704.0,21.79,22.39,22.639999999999997,23.425,20.3925,17.939583333333335,25.423728813559336,40.29850746268656,-0.38261326852174804,-0.28039134030080487,-0.10222192822094317,23.94988730863878,24.375387752903038,9.947077337125615,,24.054436841625723,22.639999999999997,21.22556315837427,936432.8,1515349.35,0.6388103876754424,22.08899654465123
2026-04-30,6134,30.75,31.1,30.1,30.2,449753.0,13724842.0,30.2,30.315000000000005,31.4575,30.804166666666667,30.102083333333333,29.751041666666662,50.0,0.0,-0.3366718186584663,-0.16720623794903477,-0.16946558070943152,10.698369945662343,11.79909609359181,12.749023495641513,,34.13946216465325,31.4575,28.775537835346743,449753.0,1663159.65,1.0,30.516399001229562
2026-04-30,6136,25.15,25.7,24.95,25.4,875205.0,22231891.0,26.059999999999995,26.185000000000002,25.255000000000003,24.4475,24.070833333333333,23.805,17.39130434782612,56.329113924050624,0.5061230734053765,0.5369952154373451,-0.03087214203196853,21.01852051376075,19.005964122955607,33.706522041285,,27.95117663016594,25.255000000000003,22.558823369834066,1490580.4,1030609.1,0.5871571905816017,25.401924120634593
2026-04-30,6138,240.0,241.5,235.5,235.5,506762.0,120863334.0,235.5,234.85,228.825,237.175,248.5875,254.29375,50.0,100.0,1.731595156915688,0.42974313910332546,1.3018520178123625,16.333457012524317,10.357445512340144,26.040913184562903,,242.8147518882489,228.825,214.83524811175107,506762.0,400945.2,1.0,238.5011780678109
2026-04-30,6139,673.0,680.0,666.0,670.0,1847143.0,1243529454.0,678.6,702.5,646.3,588.1,519.9208333333333,406.3229166666667,17.72151898734178,55.90277777777778,30.52338659093425,33.85780338895747,-3.33441679802322,28.351627135948014,22.884090541063145,23.549999608456698,,790.6082957093125,646.3,501.9917042906874,3198466.2,5420943.35,0.5775089947800605,673.2177497898106
2026-04-30,6140,19.3,19.3,18.75,19.05,69429.0,1318009.0,19.05,19.02,18.3275,20.8675,22.083750000000002,22.691875,50.0,100.0,-0.25351932321701653,-0.47635775958684273,0.2228384363698262,10.072430657655538,15.352239526909262,27.847884409047396,,20.11266547957741,18.3275,16.542334520422592,69429.0,125513.05,1.0,18.98355154186291
2026-04-30,6141,33.2,33.2,32.35,32.5,543361.0,17759680.0,31.54,32.155,27.735000000000003,19.289166666666667,15.3525,13.621166666666666,44.6601941747573,71.98952879581151,3.336156692636745,3.3617267004397853,-0.025570007803040085,39.98753528528844,17.70625588125302,37.47597916954776,,37.68699530377288,27.735000000000003,17.783004696227124,524893.8,2650677.0,1.0351827360125039,32.68486328610261
2026-04-30,6142,8.86,8.98,8.71,8.85,652442.0,5763463.0,8.93,9.087,9.1945,9.582500000000001,9.594833333333332,9.494625000000001,6.896551724137808,41.71779141104293,-0.18712769199855117,-0.15749391255865958,-0.029633779439891594,12.292448923312195,28.386794477345013,20.91594234079425,,9.573444517533039,9.1945,8.81555548246696,615163.0,863360.15,1.0606001986465377,8.833678702474703
2026-04-30,6143,87.1,88.4,86.6,87.1,452358.0,39604341.0,87.1,87.69,89.95,98.1,100.8,102.15,50.0,25.000000000000014,-2.956816232331306,-2.9904882886750084,0.033672056343702295,6.37488444491521,20.76432082110364,42.42495919349813,,95.34688019039467,89.95,84.55311980960533,452358.0,948597.2,1.0,87.55088005517753
2026-04-30,6144,14.75,15.6,14.75,15.35,5012.0,76183.0,15.35,15.439999999999998,16.0025,17.32,18.334999999999997,18.842499999999998,50.0,0.0,-0.48601751626440937,-0.4748089163314022,-0.011208599933007157,1.0705144200376315,9.545700369456213,66.38359282726994,,17.266360002240482,16.0025,14.738639997759522,5012.0,15130.3,1.0,15.200119712689546
2026-04-30,6146,218.0,221.0,215.5,221.0,353405.0,77539844.0,221.0,221.0,214.175,195.06666666666666,184.78333333333333,179.64166666666668,50.0,100.0,6.734634612085188,7.131181070296983,-0.39654645821179546,13.575044266834713,5.132942070948108,37.73956243342025,,233.26005891225432,214.175,195.0899410877457,353405.0,517429.95,1.0,219.40788613630255
2026-04-30,6147,164.5,173.0,155.0,163.0,92422179.0,15316989273.0,163.0,158.2,133.975,83.82166666666667,69.06083333333332,61.680416666666666,50.0,97.5,23.09353326196694,21.85182445268305,1.2417088092838888,23.44161715527286,0.8227503057966254,79.21283007996438,,188.30970830248188,133.975,79.64029169751811,92422179.0,62314380.55,1.0,165.7285019540602
2026-04-30,6148,31.25,31.45,31.0,31.05,136957.0,4261677.0,31.05,31.244999999999997,31.925000000000004,34.060833333333335,34.88041666666666,35.29020833333334,50.0,28.358208955223915,-0.8880543859764813,-0.8529134921640312,-0.035140893812450114,10.890440785284063,16.24256631318245,21.389338280732268,,33.6116347684384,31.925000000000004,30.238365231561605,136957.0,222318.85,1.0,31.116898004483158
2026-04-30,6150,55.4,57.9,55.0,55.1,359420.0,20222918.0,55.1,54.93000000000001,55.004999999999995,57.78333333333333,59.24166666666667,59.97083333333333,50.0,38.63636363636366,-0.6192738841638032,-0.8284383964403397,0.20916451227653643,9.31962381829158,8.522052082479476,18.546105061764376,,56.98327676207576,55.004999999999995,53.02672323792423,359420.0,258760.1,1.0,56.26542206888877
2026-04-30,6151,37.0,37.0,35.65,35.65,224051.0,8091252.0,35.65,35.64,34.9325,31.653333333333332,30.62666666666667,30.113333333333337,50.0,100.0,1.106809261832204,1.2177238038245968,-0.1109145419923927,14.63672834447663,3.811062974857967,47.500491594309146,,36.95064792635012,34.9325,32.91435207364987,224051.0,456121.65,1.0,36.11343845820818
2026-04-30,6152,13.9,13.9,13.4,13.5,1035855.0,14111443.0,13.830000000000002,14.95,16.1125,15.8425,12.466000000000001,10.805791666666666,13.114754098360663,11.403508771929836,-0.8402495999700683,-0.4109740501741181,-0.42927554979595023,12.771379745969078,27.214671747107133,28.5483207126127,,19.343089810903727,16.1125,12.881910189096274,2191196.8,4292988.25,0.4727348086671175,13.622990669543517
2026-04-30,6153,17.8,18.4,17.7,17.95,3910562.0,70464507.0,18.05,18.669999999999998,17.84,16.74833333333333,15.952083333333333,14.501666666666667,15.686274509803866,55.99999999999999,0.4399049488110407,0.5480715873894666,-0.1081666385784259,25.100294651074577,18.831016369271445,24.265382050338914,,20.14413815375258,17.84,15.535861846247421,4924158.8,7958178.8,0.7941583849814104,18.01902309693594
2026-04-30,6154,13.25,13.25,13.15,13.2,32204.0,425565.0,13.2,13.204999999999998,13.229999999999999,13.523333333333333,13.686666666666666,13.768333333333333,50.0,33.33333333333333,-0.07569888562158766,-0.08710130802674877,0.011402422405161108,3.832816577572456,9.469875236836533,40.98239066982632,,13.289824304161552,13.229999999999999,13.170175695838445,32204.0,32720.6,1.0,13.214662774810582
2026-04-30,6155,47.85,48.5,45.8,46.05,1462841.0,69079810.0,46.739999999999995,47.53,46.9225,47.901666666666664,40.148333333333326,31.267083333333336,43.478260869565204,50.515463917525764,0.16545709021624333,0.2756055034747757,-0.11014841325853236,26.12188795193165,24.814802467880902,13.213398545980326,,53.35273082175555,46.9225,40.49226917824445,2288767.2,2737508.65,0.6391392711325118,47.223047480895055
2026-04-30,6156,20.0,20.2,19.8,20.05,446970.0,8921213.0,20.05,20.12,20.005,20.243333333333336,20.371666666666666,20.43583333333333,50.0,64.10256410256412,0.01030269508851589,0.00563492759666853,0.0046677674918473595,12.742943601281242,8.978310117005268,23.132418778696888,,20.91048039009251,20.005,19.09951960990749,446970.0,491967.5,1.0,19.95931046826409
2026-04-30,6158,19.25,19.35,19.15,19.25,27463.0,527521.0,19.25,19.154999999999998,18.669999999999998,19.498333333333335,20.049166666666668,20.324583333333337,50.0,95.99999999999994,0.09612931621099108,-0.03948827104168821,0.13561758725267928,18.591104877955274,11.538819246931315,38.748688323531894,,19.758407818305013,18.669999999999998,17.581592181694983,27463.0,42432.55,1.0,19.20842588209591
2026-04-30,6160,16.05,16.05,15.45,15.7,98458.0,1542193.0,15.7,15.705000000000002,15.569999999999999,16.348333333333336,16.72416666666667,16.912083333333335,50.0,89.99999999999986,-0.11421523520984778,-0.16877723185259513,0.05456199664274736,6.467625126999538,7.446270549176667,21.714582129215827,,15.978334228427128,15.569999999999999,15.161665771572869,98458.0,110011.6,1.0,15.663460561863943
2026-04-30,6161,41.4,41.6,41.15,41.45,63527.0,2626196.0,41.45,41.505,41.37,42.0625,42.40625,42.578125,50.0,68.57142857142874,-0.06839284781896282,-0.10615638273425457,0.03776353491529175,12.056695766124017,12.010942396835683,14.639443595467197,,42.243830044898885,41.37,40.49616995510111,63527.0,80149.55,1.0,41.339839753175816
2026-04-30,6163,57.5,58.0,55.3,55.8,2430449.0,137596170.0,55.8,56.959999999999994,61.089999999999996,57.52333333333333,56.711666666666666,56.30583333333334,50.0,25.142857142857153,-1.1111157143862371,-0.0643440660456751,-1.046771648340562,11.091016961949915,13.599445984420866,22.926607442512662,,71.1899009896138,61.089999999999996,50.99009901038619,2430449.0,8185070.05,1.0,56.61347759200049
2026-04-30,6164,12.55,12.75,12.15,12.3,778102.0,9671539.0,12.010000000000002,12.49,12.342500000000001,12.38,11.290083333333333,11.07925,32.500000000000014,51.38888888888891,-0.01800373735332883,0.05398417876096995,-0.07198791611429878,27.83830083109931,23.515982581619273,15.775575346593781,,13.403916630337958,12.342500000000001,11.281083369662044,497013.0,795010.3,1.5655566353395183,12.429654466895085
2026-04-30,6165,54.4,55.0,52.1,53.1,4788395.0,255903035.0,51.879999999999995,49.905,47.550000000000004,45.58666666666667,48.31041666666667,51.63916666666667,79.59183673469389,78.65612648221342,1.8296121845558915,1.1838182385531222,0.6457939460027693,37.976156813351345,12.460955543379356,26.190466429635194,,53.51427963621305,47.550000000000004,41.58572036378696,3085305.2,1191395.7,1.5520004309460211,53.44234028312201
2026-04-30,6166,74.5,76.7,73.8,75.0,803457.0,60518742.0,75.36,76.38,69.92,64.74833333333333,62.8375,65.05708333333332,29.99999999999997,67.46031746031747,3.784582699389233,3.610778031271107,0.17380466811812623,31.832758424368812,15.228261241631916,33.30717406904672,,85.96173504200509,69.92,53.878264957994915,1147909.4,1639227.75,0.6999306739713083,75.3229382530739
2026-04-30,6167,12.6,12.6,12.2,12.2,270681.0,3336337.0,12.2,12.399999999999999,13.23,12.733333333333333,12.191666666666666,11.920833333333333,50.0,14.28571428571432,-0.3480087773203291,-0.15842840095755556,-0.18958037636277353,10.930621819368326,18.069745021382403,28.00793046547123,,15.153100566656285,13.23,11.306899433343716,270681.0,1256450.85,1.0,12.325715510139242
2026-04-30,6168,26.8,26.85,25.1,25.1,9010392.0,233565956.0,25.06,26.555,26.605,23.145,21.58291666666667,19.528125,34.319526627218934,44.918032786885256,0.4915256488997066,0.9616646387218171,-0.47013898982211044,27.67251473334551,21.44321939557655,27.405024001620188,,29.944382230923814,26.605,23.265617769076187,5023762.6,12319385.8,1.7935544963848413,25.92184180222126
2026-04-30,6169,16.75,16.75,16.7,16.7,3830.0,63501.0,16.7,16.725,16.6425,17.384999999999998,18.0175,18.33375,50.0,64.51612903225804,-0.08816639625396405,-0.12577921684530277,0.03761282059133872,19.05679271698799,14.528364012838118,25.675370013067646,,17.240984929239076,16.6425,16.04401507076092,3830.0,7896.9,1.0,16.579895561357702
2026-04-30,6170,51.7,53.0,51.7,52.1,466939.0,24323730.0,52.1,52.010000000000005,51.585,50.174166666666665,49.46208333333333,49.10604166666667,50.0,76.47058823529392,0.45488396750834426,0.47191382933030723,-0.017029861821962977,11.996257736170971,4.704910155982452,34.587461091112615,,52.556759121115995,51.585,50.61324087888401,466939.0,310007.15,1.0,52.091879239044076
2026-04-30,6171,25.9,25.9,25.25,25.5,74285.0,1909385.0,25.5,25.545,25.8825,26.954166666666666,27.17708333333333,27.288541666666664,50.0,0.0,-0.4167204536359925,-0.426411245827266,0.009690792191273445,5.4422693517278065,12.518311171012082,31.974773841654166,,26.647714108324553,25.8825,25.117285891675447,74285.0,46221.55,1.0,25.70350676448812
2026-04-30,6173,86.2,88.4,84.0,85.7,3190666.0,276379786.0,85.7,86.35,80.185,69.24333333333334,66.57166666666667,65.23583333333333,50.0,80.53892215568862,5.2775487687466125,5.507125738635569,-0.22957696988895648,18.005651886924774,4.355934233044999,45.42655380713585,,101.95347309878741,80.185,58.41652690121259,3190666.0,11291512.5,1.0,86.62134676584763
2026-04-30,6174,32.35,32.35,30.6,31.05,848520.0,26727451.0,31.05,30.695,27.6775,23.9425,23.04625,22.598125,50.0,100.0,2.271393155807619,2.0608561598840462,0.21053699592357278,17.719461154372283,1.078367886753587,64.59134213763072,,34.643468025071265,27.6775,20.71153197492873,848520.0,1103861.3,1.0,31.498905152500825
2026-04-30,6175,65.4,66.5,62.0,62.4,5042774.0,322522966.0,62.4,62.61999999999999,59.739999999999995,50.71583333333333,48.50791666666667,47.403958333333335,50.0,84.2857142857143,3.4617567658893265,3.769172315665021,-0.3074155497756945,15.946474075987565,4.244059891563003,47.94199720421745,,69.47510197821865,59.739999999999995,50.004898021781344,5042774.0,6917123.9,1.0,63.957450006682826
2026-04-30,6176,100.5,102.0,98.5,99.7,12574651.0,1262246020.0,100.94,98.66,94.675,107.32,117.42249999999999,131.72166666666666,50.16286644951142,61.75824175824175,0.14182006050390328,-1.4191607147650709,1.5609807752689742,33.71481349333422,17.149905398468306,34.97301492325095,,107.47629516474223,94.675,81.87370483525777,21232498.8,10116516.15,0.5922360395941715,100.38020299728397
2026-04-30,6177,45.9,46.1,45.35,45.5,787461.0,35907515.0,45.39,45.404999999999994,46.11,47.641666666666666,47.69708333333333,47.469791666666666,51.57894736842104,39.64497041420119,-0.5156616512725378,-0.5205109343828674,0.004849283110329616,25.237192824534965,24.571211659826655,9.463776445205195,,47.94435059496911,46.11,44.27564940503089,1062598.0,1028159.25,0.7410714117662559,45.59910268572031
2026-04-30,6179,23.95,24.25,23.8,23.9,498075.0,11914455.0,23.9,23.95,24.3825,26.022499999999997,26.63625,26.943125,50.0,0.0,-0.5771060772135925,-0.6082310021718236,0.03112492495823105,8.90097690654648,14.8660452459528,21.341400956394807,,25.377897302323795,24.3825,23.387102697676205,498075.0,907837.35,1.0,23.92100587260955
2026-04-30,6180,40.45,40.55,39.25,39.3,429334.0,16994166.0,39.3,39.56,40.8775,46.21916666666666,48.309583333333336,49.354791666666664,50.0,9.090909090909122,-1.6921099159641244,-1.7993295841626207,0.10721966819849627,2.448377659590905,18.61081173755877,66.37053143432529,,43.84636918043322,40.8775,37.908630819566774,429334.0,412790.3,1.0,39.58262331890789
2026-04-30,6182,39.35,41.4,39.3,40.1,38175967.0,1537331848.0,40.1,39.67,37.7825,35.91833333333333,35.85916666666666,35.829583333333325,50.0,96.62921348314595,1.3661305817764244,1.1320046289486712,0.23412595282775328,14.314014515083429,4.9665772326126785,34.161842695741804,,42.08528673468839,37.7825,33.47971326531161,38175967.0,24543826.55,1.0,40.2696242900671
2026-04-30,6183,92.6,92.6,92.0,92.2,20087.0,1853981.0,93.0,94.12,93.52000000000001,94.21333333333332,95.45833333333333,94.67916666666666,20.0,45.283018867924525,-0.14879624363433663,0.020459819966410997,-0.16925606360074763,21.55009852893275,30.740959118457322,15.258144120311409,,96.16184943194222,93.52000000000001,90.8781505680578,25763.2,32644.5,0.7796779903117624,92.29755563299646
2026-04-30,6184,46.8,46.9,46.75,46.8,38433.0,1798800.0,46.89,47.160000000000004,47.397499999999994,47.79416666666667,48.205000000000005,50.19708333333334,18.181818181817476,24.999999999999673,-0.25223523789077973,-0.1756790344436287,-0.07655620344715103,27.605254959274493,19.369726823104884,21.40124882017991,,48.08458001526053,47.397499999999994,46.71041998473946,64404.6,59186.15,0.5967430897793015,46.80352821793771
2026-04-30,6185,14.0,14.35,13.9,14.25,276575.0,3930922.0,14.25,14.23,14.120000000000001,14.266666666666667,14.283333333333333,14.291666666666666,50.0,85.71428571428557,0.024879426790192838,-0.003786515413779179,0.028665942203972016,6.63032490918177,6.160653360218906,14.335761488484042,,14.365806941788819,14.120000000000001,13.874193058211183,276575.0,171080.55,1.0,14.212860887643496
2026-04-30,6186,40.15,40.2,39.8,40.0,637763.0,25482667.0,40.0,40.065000000000005,40.2275,42.86333333333333,44.50666666666666,45.32833333333333,50.0,38.461538461538545,-0.54007640627038,-0.6589061685341248,0.11882976226374475,9.612673717322382,17.9480714923164,31.722101155681425,,40.73375040610776,40.2275,39.72124959389224,637763.0,454585.55,1.0,39.95632703684598
2026-04-30,6187,1110.0,1210.0,1110.0,1210.0,2981649.0,3536128985.0,1210.0,1210.5,1131.7,727.7333333333333,550.8666666666667,462.43333333333334,50.0,97.96747967479675,117.93187807039112,134.51388391644204,-16.58200584605092,14.964064913932928,0.7348288404158198,85.90332365632091,,1356.741844062271,1131.7,906.6581559377292,2981649.0,3024355.45,1.0,1185.9642047068585
2026-04-30,6188,82.7,86.0,82.1,83.4,2970204.0,249911606.0,83.4,83.69000000000001,85.36999999999999,94.10666666666665,98.05333333333333,100.02666666666667,50.0,0.0,-2.6525183118258866,-2.885297127761507,0.23277881593562055,3.6391313880001155,14.153097005218134,46.155922795589746,,89.1291152374489,85.36999999999999,81.61088476255108,2970204.0,2305178.5,1.0,84.13954260380768
2026-04-30,6189,48.3,48.3,47.45,47.95,936803.0,44837281.0,47.46,47.54,46.7425,46.39416666666667,46.56333333333334,56.51541666666667,38.80597014925372,66.89189189189192,0.4658366932245457,0.36966941512798956,0.09616727809655612,30.974538904646074,22.30354723442557,11.197555722521713,,49.079451455477,46.7425,44.405548544523,847288.6,741643.15,1.1056480637176047,47.86201688081699
2026-04-30,6190,71.1,71.9,69.3,69.8,9555758.0,673300303.0,69.8,69.09,66.16,55.34,51.77,49.98500000000001,50.0,82.82828282828281,3.9334923095215117,3.995466425206076,-0.061974115684564346,19.323776848725068,2.430406270695209,65.03013315413315,,72.9548587375429,66.16,59.36514126245709,9555758.0,12027827.7,1.0,70.4601668439071
2026-04-30,6191,102.0,103.0,97.7,98.4,13518354.0,1351811182.0,105.08,107.69000000000001,102.035,104.00666666666666,110.49916666666668,100.725,16.990291262135926,49.32562620423893,1.508170009508234,1.7361898785117826,-0.22801986900354865,18.95717140828861,28.662073562107764,19.150639528803143,,117.93021940710504,102.035,86.13978059289495,12150427.4,11450327.7,1.1125825911276175,99.99820850970465
2026-04-30,6192,117.0,117.0,114.0,115.5,236306.0,27191736.0,116.2,119.75,119.275,119.275,110.4275,105.88333333333334,12.903225806451616,41.81818181818182,-0.6016570559852568,0.10187068142176017,-0.7035277374070169,19.598196739052153,28.08927117230901,12.985620826969273,,125.94366198210504,119.275,112.60633801789497,190282.6,292161.25,1.2418686732260333,115.07001938164922
2026-04-30,6194,32.6,32.65,32.55,32.65,42063.0,1371653.0,32.65,32.68,32.835,32.947500000000005,33.44875,33.699375,50.0,11.111111111110588,-0.0375186702898489,-0.01398381909540769,-0.02353485119444121,9.275651183165879,17.691689538099034,29.525141042958968,,33.181562062492326,32.835,32.488437937507676,42063.0,64850.55,1.0,32.609490526115586
2026-04-30,6195,23.65,23.7,23.65,23.7,25750.0,609373.0,23.7,23.779999999999998,24.130000000000003,24.796666666666667,25.02333333333333,25.136666666666667,50.0,14.285714285714434,-0.3126591851416336,-0.2880112394458427,-0.024647945695790874,8.95644257472232,24.905538714625123,35.73178473049319,,24.930920523029872,24.130000000000003,23.329079476970133,25750.0,35854.0,1.0,23.66497087378641
2026-04-30,6196,376.5,385.0,371.5,378.0,1569919.0,592703835.0,380.5,382.0,348.225,303.0,272.175,234.35625,33.33333333333333,67.21311475409836,24.66689500394699,24.13749008235,0.529404921596992,29.95270107799866,21.873914517499454,26.70990410564032,,426.89852594240926,348.225,269.5514740575908,2063205.0,3252878.9,0.7609127546705248,377.537844309165
2026-04-30,6197,207.5,210.0,197.5,208.0,11773244.0,2409037489.0,191.0,189.05,182.15,163.64166666666668,156.95833333333334,151.09375,72.04301075268818,73.77049180327869,8.002176116863154,6.352910173422281,1.6492659434408736,36.264198093988334,14.546448505329442,27.09512414049088,,205.557376255313,182.15,158.74262374468702,8377344.6,5139819.0,1.4053670419621989,204.61968587417368
2026-04-30,6198,22.3,22.3,21.95,21.95,16003.0,352561.0,21.95,21.925,,,,,50.0,31.24999999999997,-0.37045120562606826,-0.5221537332694844,0.15170252764341619,4.791766269364394,16.133100390828886,68.29116764613205,,,,,16003.0,13467.45,1.0,22.030931700306194
2026-04-30,6199,91.5,92.7,88.8,89.0,231609.0,21075644.0,89.0,91.4,101.1,99.46666666666667,98.58333333333333,98.14166666666667,50.0,19.718309859154942,-4.177894058903647,-2.259093050250167,-1.9188010086534795,7.971378089950278,15.736287464402062,39.39163972064047,,123.75670575766641,101.1,78.44329424233358,231609.0,1044765.95,1.0,90.99665384333079
2026-04-30,6201,51.0,51.0,50.4,50.5,21453.0,1083817.0,50.64,50.839999999999996,50.595,52.55333333333333,54.557500000000005,56.95,61.538461538461455,47.94520547945207,-0.2908404330090306,-0.4096147692422689,0.1187743362332383,21.50838806115291,20.30614040768769,22.028100435804408,,51.7602422382008,50.595,49.429757761799195,22958.2,37041.9,0.934437368783267,50.52053325875169
2026-04-30,6202,54.2,55.3,53.7,54.2,2688821.0,146831644.0,55.0,55.57000000000001,52.402499999999996,50.7775,44.93833333333334,43.195208333333326,26.66666666666667,58.2905982905983,1.1688742157665502,1.1128410177134347,0.05603319805311546,25.015175951424336,19.715932723595323,19.873328155920195,,60.499638870906004,52.402499999999996,44.30536112909399,4548673.0,4807741.4,0.59112207010704,54.6081884959988
2026-04-30,6203,64.3,64.8,63.9,64.5,126717.0,8139819.0,64.5,64.60999999999999,64.795,65.29166666666667,65.14583333333333,65.07291666666667,50.0,45.16129032258066,-0.252570192897025,-0.2233317189652131,-0.029238473931811892,7.201928371323499,12.212282694573048,21.68111019920035,,65.68109135800833,64.795,63.90890864199167,126717.0,236764.95,1.0,64.2362035086058
2026-04-30,6204,70.6,71.8,69.6,71.5,313935.0,22280210.0,71.5,71.2,66.72,66.675,67.5875,68.04375,50.0,100.0,2.16946584652743,1.605479882986445,0.5639859635409852,16.095399606449316,6.124349929789749,37.64033702534042,,77.75575051700989,66.72,55.68424948299011,313935.0,235758.45,1.0,70.97077420485132
2026-04-30,6205,91.7,99.6,84.8,86.5,25282851.0,2310391711.0,83.72,82.94,71.15,59.1125,49.540416666666665,48.19104166666667,48.73646209386281,73.38582677165354,8.25975124365695,7.045512849695393,1.2142383939615575,43.07454141521552,12.40464474054179,44.654529613916225,,98.29099637468289,71.15,44.00900362531711,12226521.4,6804559.7,2.067869525014695,91.381771422851
2026-04-30,6206,106.0,108.0,105.0,108.0,711118.0,76020089.0,106.1,107.45,104.595,98.16499999999999,99.33500000000001,106.905,33.33333333333333,62.22222222222223,2.1985082228875257,2.404558094576703,-0.20604987168917743,26.657387313868625,18.616791653589384,18.25487897036636,,112.34163933926395,104.595,96.84836066073605,744588.2,943745.7,0.9550487101460915,106.90221454104663
2026-04-30,6207,59.2,64.6,58.7,64.5,14952808.0,940904573.0,64.5,63.760000000000005,59.40999999999999,55.205,53.8525,53.17625,50.0,100.0,2.951025412112095,2.498359377271156,0.45266603484093926,11.794951108918855,3.518828668006007,38.0774905057611,,69.11098204469934,59.40999999999999,49.70901795530064,14952808.0,7826822.5,1.0,62.924941790197536
2026-04-30,6208,81.0,83.0,78.0,80.0,524124.0,42077405.0,80.0,79.5,70.34,54.0875,49.51875,47.234375,50.0,100.0,7.899450987599238,7.726377110517991,0.17307387708124722,22.245964157344634,0.8090803143362869,74.74956317371377,,93.38196629036499,70.34,47.29803370963502,524124.0,1009396.1,1.0,80.28139333440178
2026-04-30,6209,63.9,64.5,62.0,62.3,4023722.0,254075548.0,63.25999999999999,63.830000000000005,59.927499999999995,60.28916666666667,54.91541666666667,41.623333333333335,39.534883720930246,60.960960960960946,1.9411337005107399,1.7221640965115705,0.21896960399916932,29.852404011519518,20.8011300025981,24.275294620803393,,71.0431350293299,59.927499999999995,48.81186497067009,7590560.8,6547086.5,0.5300954838541047,63.14440908193956
2026-04-30,6210,20.45,20.45,20.45,20.45,10539.0,215688.0,20.45,20.475,20.3075,20.305833333333336,20.327916666666667,20.338958333333334,50.0,78.26086956521736,0.08296818174697052,0.0748872460744165,0.00808093567255401,23.14395720886215,13.215550096731436,38.20215419942876,,21.015555156935655,20.3075,19.599444843064347,10539.0,26989.55,1.0,20.465698832906348
2026-04-30,6212,28.6,28.6,28.6,28.6,1035.0,29591.0,28.6,28.555,28.107500000000005,,,,50.0,100.0,-0.8113709707712822,-1.1888515402709123,0.37748056949963016,13.463402947990085,17.357302180707908,31.146776971844872,,29.15544284697472,28.107500000000005,27.059557153025292,1035.0,3366.85,1.0,28.590338164251207
2026-04-30,6213,259.0,273.5,256.5,270.0,6759580.0,1817003311.0,263.6,272.8,239.25,163.64166666666668,135.68333333333334,112.75520833333333,28.57142857142857,66.86746987951807,29.65827342456322,32.01126012542768,-2.352986700864463,38.22022189299237,14.370217727444789,52.999352626483976,,319.96424579146026,239.25,158.53575420853974,8791064.2,33188609.45,0.768914871535121,268.80417289239864
2026-04-30,6214,121.5,122.5,120.0,120.0,1286809.0,155565755.0,121.2,123.3,118.8,115.68333333333334,120.04166666666667,117.66541666666667,34.21052631578948,58.208955223880594,2.491852918615052,2.602851316594171,-0.11099839797911892,26.901707214996286,17.988945362463276,22.49310423697752,,131.41327621366125,118.8,106.18672378633875,1936453.8,1646019.7,0.6645183066076763,120.89265384373283
2026-04-30,6215,108.0,116.5,107.5,111.0,6478341.0,731128737.0,105.6,106.3,103.03,107.25166666666668,109.69083333333333,109.0075,51.16279069767442,63.15789473684211,0.7752060018674456,-0.06523434935197106,0.8404403512194166,31.283743162278704,16.59504443666286,17.1209348302148,,113.41665135237577,103.03,92.64334864762424,2948406.4,2032343.75,2.197234750270519,112.8574023812578
2026-04-30,6216,24.55,24.65,24.3,24.3,221352.0,5414398.0,24.64,25.044999999999998,25.07,26.190833333333334,26.532500000000002,29.150833333333335,6.6666666666665435,38.095238095238116,-0.3190383448355192,-0.27231083028581193,-0.04672751454970725,15.020185599891267,25.0615666984626,18.448378257311777,,25.856330585357043,25.07,24.283669414642958,161755.8,147696.95,1.3684331566472425,24.46057862589902
2026-04-30,6217,270.0,290.0,270.0,278.0,1697748.0,478986231.0,278.0,274.6,256.85,150.915,107.80750000000002,86.25375000000001,50.0,100.0,31.137493591422327,34.27997846508429,-3.1424848736619637,21.97825663301903,3.276921506192539,68.7803715592375,,296.4667163016612,256.85,217.2332836983388,1697748.0,10314118.4,1.0,282.13034619978936
2026-04-30,6218,39.3,42.8,38.3,41.15,16846611.0,688971797.0,41.15,40.795,38.6075,28.610000000000003,25.33,23.69,50.0,88.96551724137933,3.427212374899163,3.6373826132610096,-0.21017023836184645,14.394588793167829,1.4109359567062072,68.40991766402243,,43.63838095246701,38.6075,33.57661904753299,16846611.0,10476263.45,1.0,40.89675941351053
2026-04-30,6219,13.35,13.45,13.0,13.05,129845.0,1710727.0,13.05,13.155000000000001,13.63,14.793333333333333,15.271666666666667,15.510833333333332,50.0,4.347826086956573,-0.47303060733617563,-0.4547643117307899,-0.01826629560538573,7.105659023797702,15.11425781142172,23.625581688745434,,14.70673971834078,13.63,12.553260281659222,129845.0,245957.15,1.0,13.175147291000808
2026-04-30,6220,29.6,30.1,29.55,29.55,176643.0,5248541.0,29.55,29.935000000000002,31.9075,32.17166666666667,30.585833333333333,29.792916666666667,50.0,18.705035971223055,-1.1643947898783793,-0.8733693718594797,-0.2910254180188996,13.032121866213123,21.97939137669099,23.98636971320817,,36.34635653839149,31.9075,27.468643461608508,176643.0,275111.75,1.0,29.71270302248037
2026-04-30,6221,26.2,26.4,25.95,26.0,157606.0,4114874.0,26.0,26.159999999999997,26.6675,27.830833333333334,28.615416666666665,29.00770833333333,50.0,28.260869565217433,-0.4242313455114477,-0.39339459728319315,-0.03083674822825455,8.615455475452855,10.471316504806353,17.39276174067539,,27.983904593060675,26.6675,25.351095406939326,157606.0,394428.0,1.0,26.108612616270953
2026-04-30,6222,22.3,22.65,21.75,21.75,81813.0,1788818.0,21.75,21.65,21.192500000000003,19.896666666666665,19.223333333333336,18.886666666666663,50.0,88.88888888888897,0.45933259623152267,0.4582272353179685,0.0011053609135541764,20.100302064734326,2.0857577077931815,69.5434156846751,,22.23085649491225,21.192500000000003,20.154143505087756,81813.0,43487.25,1.0,21.864715876449953
2026-04-30,6223,5000.0,5040.0,4835.0,4925.0,1237148.0,6117790500.0,4925.0,4952.0,4868.5,3663.8333333333335,3254.4166666666665,3049.7083333333335,50.0,65.32663316582915,308.52313560853236,378.0733006049649,-69.55016499643256,18.760968346339244,5.488497752396258,58.882373303485686,,5311.053594732351,4868.5,4425.946405267649,1237148.0,1204879.3,1.0,4945.07569021653
2026-04-30,6224,73.0,73.3,69.9,73.3,1428557.0,103161674.0,64.1,62.019999999999996,54.0875,45.717499999999994,45.05041666666667,44.666875000000005,91.82389937106919,89.21052631578947,6.332443249720384,4.937419271324128,1.3950239783962566,55.29747542751935,7.698655868534446,45.380002906937904,,74.52064837785835,54.0875,33.654351622141654,718003.4,952778.8,1.989624283116208,72.21390116040172
2026-04-30,6225,20.15,22.15,20.15,20.45,37889.0,819818.0,19.119999999999997,18.56,18.845000000000002,,,,98.03921568627449,62.222222222222214,-0.13630754376031362,-0.3368757560740566,0.200568212313743,47.18874438524471,12.453372973788186,41.319489949115464,,20.678001564877096,18.845000000000002,17.01199843512291,16186.0,19284.0,2.340850117385395,21.637361767267546
2026-04-30,6226,13.3,13.3,12.35,12.55,2065192.0,26312351.0,12.59,13.469999999999999,13.092500000000001,10.866833333333334,8.855666666666666,7.984708333333333,34.246575342465775,46.88995215311006,0.37159773555278797,0.6283751486359418,-0.2567774130831538,31.056062466822016,25.338881521219054,18.66964329563034,,15.226504143438012,13.092500000000001,10.95849585656199,1912710.2,3428459.95,1.0797202838150808,12.740873972008414
2026-04-30,6227,94.7,94.9,91.3,91.3,408175.0,38016849.0,91.3,91.66999999999999,92.89,87.01666666666667,84.90833333333333,83.85416666666667,50.0,28.81355932203391,0.8628198012666957,1.4335448794710284,-0.5707250782043327,9.743210521003162,5.225611463214866,32.84050125551591,,95.99171429679579,92.89,89.78828570320421,408175.0,885509.75,1.0,93.13860231518343
2026-04-30,6228,23.75,23.8,23.0,23.75,10001.0,236873.0,23.75,,,,,,50.0,100.0,-0.180506005342977,-0.1955951646142258,0.015089159271248792,7.6843346056819835,2.8587544427462497,35.425316632530475,,,,,10001.0,,1.0,23.684931506849313
2026-04-30,6229,25.85,26.5,25.35,25.7,361584.0,9362725.0,25.7,25.65,23.8625,22.663333333333334,22.506666666666668,22.428333333333335,50.0,100.0,1.088487412516841,0.9644966790023086,0.12399073351453227,20.318921689179756,3.733524116360053,56.90012114554919,,28.66182835213209,23.8625,19.06317164786791,361584.0,269326.4,1.0,25.89363743970972
2026-04-30,6230,161.0,161.0,157.0,159.0,133851.0,21318554.0,162.3,161.55,154.625,144.625,136.5625,135.57708333333332,39.99999999999999,60.0,3.3755952556347495,3.3513924612073374,0.024202794427412133,28.104043081045344,19.395933924523572,18.941526357350558,,172.2105053950692,154.625,137.0394946049308,324942.8,202745.55,0.41192172899353363,159.27078617268455
2026-04-30,6231,311.5,319.0,306.0,309.5,1190489.0,370666334.0,309.5,304.8,282.1,236.63333333333333,220.56666666666666,212.53333333333333,50.0,92.06349206349206,19.73049022260949,18.785963469575435,0.9445267530340544,19.52273933649614,4.4370666693048895,49.96376140383816,,333.27318376691227,282.1,230.92681623308778,1190489.0,1363947.05,1.0,311.3563703654549
2026-04-30,6233,28.0,29.5,28.0,28.25,1059367.0,30481296.0,28.25,28.02,26.8675,25.73416666666667,24.667083333333334,24.133541666666666,50.0,100.0,0.6497189749783487,0.5240138582843716,0.1257051166939771,15.560253570585164,6.0043925154316025,30.72997468196292,,29.44560109638038,26.8675,24.28939890361962,1059367.0,699347.35,1.0,28.77312206251469
2026-04-30,6234,51.4,52.8,51.1,52.8,3943303.0,205641321.0,52.8,50.815,40.8675,31.689999999999998,29.17,27.91,50.0,100.0,6.694737579916534,5.539402178967231,1.155335400949303,40.792328399720255,1.6220063925774135,66.72881523646544,,63.12445101358344,40.8675,18.61054898641656,3943303.0,2912528.55,1.0,52.14951044847429
2026-04-30,6235,43.9,44.1,43.15,43.2,506340.0,22054354.0,43.94,45.195,45.325,52.335,58.809999999999995,56.229166666666664,16.39344262295083,39.999999999999986,-1.6108941362274507,-1.7261896648036927,0.11529552857624203,18.302555404414083,36.171348937889924,29.44916123729115,,47.6928771305259,45.325,42.957122869474105,617312.0,691302.35,0.820233528588461,43.55641268712723
2026-04-30,6236,,,,,,,,,,,,,50.0,50.0,-0.8685612830188489,-0.8684528380845964,-0.00010844493425254953,0.38560978829678794,4.33278449690192,84.1498909723278,,,,,,,,
2026-04-30,6237,38.8,40.8,38.8,39.6,364542.0,14611148.0,39.6,39.47500000000001,38.0875,38.10333333333334,38.35166666666667,38.47583333333333,50.0,100.0,0.6357919760223751,0.4571832645203897,0.17860871150198543,10.75453696414544,4.474322534716618,32.307497412385004,,41.43223270114448,38.0875,34.74276729885552,364542.0,299144.6,1.0,40.08083567874209
2026-04-30,6239,205.5,210.5,201.0,203.0,26149433.0,5372974387.0,210.6,210.7,209.475,217.59166666666667,188.43333333333334,156.40416666666667,29.870129870129873,41.726618705035975,-0.33811285692200954,-0.20898053103564854,-0.129132325886361,24.144701857096003,22.02112213300816,14.18255448563503,,224.44681562663308,209.475,194.5031843733669,19001700.4,14748190.45,1.3761627880418534,205.4719269438844
2026-04-30,6240,19.0,19.15,19.0,19.1,10000.0,191300.0,19.1,19.065,18.9125,,,,50.0,58.6206896551724,0.1159166772518212,0.09689625052017609,0.019020426731645113,22.12260881632393,7.437143262697653,42.315391532022424,,19.34399068417095,18.9125,18.481009315829052,10000.0,9802.1,1.0,19.13
2026-04-30,6241,10.35,10.35,9.92,10.15,42123.0,424271.0,10.15,10.145,10.197500000000002,11.614166666666666,12.232083333333332,12.541041666666667,50.0,16.66666666666687,-0.35001324340925244,-0.4230495843845211,0.07303634097526868,1.8732999773526593,10.869816941064366,65.17784216953481,,10.406444716939264,10.197500000000002,9.98855528306074,42123.0,131775.05,1.0,10.072193338556133
2026-04-30,6242,38.35,38.6,38.35,38.45,9177.0,352915.0,38.45,38.405,38.0675,,,,50.0,100.0,0.17472261647695575,0.12052036612983819,0.054202250347117564,14.527552961019975,8.039065378818878,34.514811158306976,,38.85508458192393,38.0675,37.27991541807607,9177.0,8790.45,1.0,38.45646725509426
2026-04-30,6243,33.8,34.5,33.5,33.55,266399.0,9049961.0,33.870000000000005,33.375,31.577499999999997,33.119166666666665,32.714166666666664,34.738749999999996,23.58490566037733,63.13993174061433,0.7008094092602946,0.34933100893409635,0.3514784003261982,30.892860328734418,11.758730041639671,28.318394434963054,,36.184071393129976,31.577499999999997,26.970928606870018,786572.6,546386.25,0.33868329509571016,33.97145259554278
2026-04-30,6244,26.65,27.8,25.85,27.4,8214918.0,220493050.0,27.4,27.54,27.127499999999998,27.552500000000002,26.026249999999997,25.263125,50.0,68.18181818181814,-0.2076603251753184,-0.22671233806304916,0.019052012887730757,9.781119454023388,11.733933070256064,15.471592331556323,,29.36673741718607,27.127499999999998,24.888262582813926,8214918.0,9475735.5,1.0,26.840566150508135
2026-04-30,6245,78.9,82.2,78.6,80.1,1485154.0,120334370.0,80.1,80.37,78.745,70.54833333333333,69.17416666666666,68.48708333333333,50.0,75.45454545454542,2.772458171219398,3.1774806037864773,-0.40502243256707926,12.492676942006511,2.299776334248704,60.101625574017376,,85.21906973605994,78.745,72.27093026394007,1485154.0,2104447.7,1.0,81.0248432149124
2026-04-30,6246,15.3,16.4,15.3,16.4,193148.0,3145548.0,16.4,16.41,16.56,14.930833333333334,14.265416666666665,13.932708333333332,50.0,27.272727272727295,0.25239108126109144,0.36966827576896294,-0.1172771945078715,9.640129713574852,10.541602729645804,27.491876088995898,,17.03417518414947,16.56,16.08582481585053,193148.0,114651.9,1.0,16.285687659204342
2026-04-30,6248,19.45,19.55,19.4,19.55,52796.0,1028231.0,19.55,19.595,19.845,20.68916666666667,21.144583333333337,21.37229166666667,50.0,0.0,-0.26591801187690933,-0.27509308918896286,0.009175077312053526,6.019898928515595,18.39084523277845,44.39952168699621,,20.403098274688652,19.845,19.286901725311346,52796.0,102474.4,1.0,19.475547389953785
2026-04-30,6257,178.0,183.0,177.0,180.0,8903022.0,1605356083.0,180.2,181.25,175.625,144.15333333333334,119.82583333333334,98.84541666666668,36.73469387755102,54.25531914893617,9.92858586445027,11.63279299864903,-1.7042071341987608,27.55558880069581,17.065704347776915,38.4406950273666,,196.07230068402893,175.625,155.17769931597107,11656336.6,17885366.55,0.7637924594593468,180.31586162541214
2026-04-30,6259,22.3,22.5,20.85,21.0,518711.0,11229665.0,21.0,21.240000000000002,20.91,18.486666666666668,17.64333333333333,17.221666666666668,50.0,64.17910447761193,0.6969418245328818,0.8859198561039681,-0.18897803157108628,14.258224449585812,5.493413070098789,55.66054897414622,,23.972094226608842,20.91,17.847905773391158,518711.0,845117.65,1.0,21.64917458854738
2026-04-30,6261,95.8,96.5,88.9,91.5,13088173.0,1208624685.0,91.5,90.17999999999999,84.72999999999999,76.195,74.24749999999999,73.27375,50.0,79.1469194312796,4.76760847921139,4.235683638992273,0.5319248402191166,16.45761131385827,2.869595574022235,53.19666674731992,,97.4246486860866,84.72999999999999,72.03535131391338,13088173.0,6764735.25,1.0,92.34479747478888
2026-04-30,6263,140.0,141.0,138.0,139.0,99496.0,13887127.0,139.0,138.25,133.675,126.25833333333334,124.12916666666666,123.06458333333333,50.0,100.0,3.844438248935603,3.5530041245508817,0.2914341243847214,24.11211040728365,3.545109876185852,53.878257900805345,,144.012845647502,133.675,123.33715435249803,99496.0,89679.8,1.0,139.57472662217577
2026-04-30,6264,6.02,6.15,6.0,6.09,90235.0,544914.0,6.09,6.101,6.1865000000000006,6.621833333333333,6.835916666666667,6.942958333333333,50.0,8.00000000000017,-0.12347106703942767,-0.13765372320563304,0.01418265616620537,6.293263003916776,11.279415642802835,24.673509074420593,,6.380979061246107,6.1865000000000006,5.992020938753894,90235.0,58305.85,1.0,6.038831938826398
2026-04-30,6265,43.5,43.65,39.8,39.8,15570145.0,643512929.0,39.8,39.709999999999994,39.8775,39.43583333333333,38.967916666666675,38.73395833333334,50.0,38.333333333333286,-0.03201340715753531,-0.011193400868866804,-0.020820006288668508,13.693638535749031,8.117619200735845,21.35952417000706,,41.0881870602657,39.8775,38.66681293973429,15570145.0,9021636.55,1.0,41.32992525117781
2026-04-30,6266,27.85,27.85,27.65,27.85,201711.0,5593850.0,27.85,27.885,27.945,28.513333333333332,28.731666666666666,28.840833333333332,50.0,45.000000000000085,-0.169484415982037,-0.181746309671259,0.012261893689221981,8.887106132990455,15.550597136723802,21.823741101349423,,28.227656570491675,27.945,27.662343429508326,201711.0,246041.65,1.0,27.732002716758135
2026-04-30,6269,64.4,66.0,63.0,65.8,3144465.0,204368994.0,65.12,65.86999999999999,64.1,61.169999999999995,60.11,59.232083333333335,24.999999999999957,53.20197044334975,1.3568029657771987,1.480405456898617,-0.12360249112141819,23.67458502148182,17.018394279654093,26.13701297846045,,69.50175410106976,64.1,58.698245898930224,3117251.0,4072701.4,1.0087301279236096,64.99324813601042
2026-04-30,6270,26.9,27.05,26.15,26.35,551346.0,14682609.0,26.35,26.23,25.4525,25.9325,27.11625,27.708125,50.0,100.0,0.33548996791500585,0.20350221082493627,0.13198775709006957,14.006197442555463,6.653568034739683,27.453706828569313,,27.20373264858604,25.4525,23.70126735141396,551346.0,500983.6,1.0,26.630480678194818
2026-04-30,6271,174.5,178.0,171.5,173.0,4262807.0,742591343.0,174.7,179.35,173.85,157.75833333333333,139.20416666666668,123.23958333333333,16.666666666666657,52.05479452054795,5.1960334802226384,6.7463771524529825,-1.550343672230344,26.733828802252198,18.823896460342134,28.42268806063276,,196.19914339580626,173.85,151.50085660419373,4749540.4,9066187.6,0.8975198947670809,174.20243116800737
2026-04-30,6274,993.0,1015.0,968.0,1010.0,3742243.0,3751744666.0,1010.0,1003.6,926.15,662.8583333333333,583.9291666666667,544.4645833333333,50.0,96.75925925925927,98.70251418525538,103.26649129383965,-4.563977108584268,23.503089724441807,2.16384093910116,70.46033627431038,,1112.1169183936825,926.15,740.1830816063175,3742243.0,7381776.35,1.0,1002.5390296675015
2026-04-30,6275,52.4,53.2,52.0,52.3,431593.0,22664806.0,52.3,52.08,50.372499999999995,50.0925,49.74625,49.573125,50.0,100.0,0.8390196711572457,0.6013971681655609,0.23762250299168486,16.91214052499203,8.383880092158138,26.679623544722915,,54.29738350480821,50.372499999999995,46.44761649519178,431593.0,414011.95,1.0,52.51430398546779
2026-04-30,6276,31.8,31.9,31.5,31.5,17044.0,539877.0,31.5,31.48,31.482499999999998,33.44916666666667,34.224583333333335,34.612291666666664,50.0,39.99999999999985,-0.4200665566785453,-0.5363313520625449,0.11626479538399959,9.556991418142474,11.446877818786753,11.622756624435947,,31.705576574059503,31.482499999999998,31.259423425940494,17044.0,39914.9,1.0,31.675486974888525
2026-04-30,6277,69.7,69.7,68.9,69.2,174685.0,12080458.0,69.88000000000001,70.83000000000001,70.62,64.06666666666666,62.8975,62.955416666666665,25.80645161290319,54.1095890410959,1.4753450047977879,2.0067492920192973,-0.5314042872215095,27.651015877420942,17.49077320614102,35.58055522385209,,73.20139089395067,70.62,68.03860910604934,187890.2,390667.05,0.9297185270972088,69.15566877522397
2026-04-30,6278,175.5,177.5,168.0,168.0,9459652.0,1640279546.0,156.0,155.45,132.475,108.52833333333335,105.9475,105.53916666666666,62.19512195121951,83.33333333333333,15.937771036994377,13.646754713696595,2.2910163232977823,42.74414958927036,15.993836035833464,41.04513530862623,,187.62501073626834,132.475,77.32498926373165,6652393.0,10266338.9,1.4219923567353883,173.39745119587909
2026-04-30,6279,105.0,108.0,105.0,107.5,400157.0,42742677.0,107.5,107.65,106.4,110.43333333333334,111.46666666666667,111.98333333333333,50.0,78.57142857142857,-0.6029447634175824,-0.8754005156246952,0.2724557522071128,8.93033298935643,10.484750894644238,15.350698486266143,,110.91430474917463,106.4,101.88569525082538,400157.0,506335.95,1.0,106.81476770367631
2026-04-30,6281,50.4,50.4,50.0,50.0,118409.0,5932871.0,50.5,51.470000000000006,52.56,57.995000000000005,61.885,66.81708333333333,7.692307692307551,23.529411764705813,-2.018318629840202,-1.9866418796162375,-0.031676750223964545,12.00923435948353,45.51956667667301,47.07302477995651,,56.00667650750426,52.56,49.113323492495745,178514.4,146911.2,0.6633022322008757,50.104899120843854
2026-04-30,6282,50.3,50.5,47.2,47.35,27008580.0,1309774059.0,47.3,48.685,47.697500000000005,48.169999999999995,43.3175,35.23083333333333,20.00000000000003,53.61445783132531,0.13412701821462036,0.3202473559301057,-0.18612033771548536,27.46415552081554,18.06259859206285,16.186004375178307,,52.698181532499234,47.697500000000005,42.696818467500776,17590679.8,26806901.95,1.5353914861209628,48.494739782691276
2026-04-30,6283,21.8,22.2,21.55,21.6,138066.0,3011950.0,21.98,22.575000000000003,21.7775,22.2225,23.82208333333333,23.77,0.0,60.000000000000014,0.18093306481525318,0.2091247399931911,-0.028191675177937914,24.330674596262526,17.367311949542323,23.40384320219235,,23.950897776463666,21.7775,19.604102223536334,186395.4,249870.35,0.740715704357511,21.815291237524082
2026-04-30,6284,77.2,77.6,74.7,75.4,1999156.0,152149447.0,75.4,76.75,81.655,82.03500000000001,82.6175,82.90875000000001,50.0,20.689655172413836,-2.2463111272994496,-1.3075858573795744,-0.9387252699198751,9.713548669820964,19.478145840440394,27.539858926410012,,93.52046958282952,81.655,69.78953041717048,1999156.0,2510884.9,1.0,76.1068405867276
2026-04-30,6285,214.5,222.5,212.5,216.0,16699590.0,3649206694.0,213.3,229.1,224.775,183.3066666666667,146.98250000000002,134.24333333333334,24.24242424242425,47.11246200607903,8.480154518181763,13.813863781386713,-5.33370926320495,29.72648370103816,22.198137336595444,37.059167583975814,,274.36433989859955,224.775,175.18566010140046,22384284.2,37010320.1,0.7460408316295413,218.52073577854307
2026-04-30,6290,289.0,290.0,281.5,285.5,3771518.0,1076408812.0,285.5,280.45,252.4,213.78333333333333,193.14166666666668,182.82083333333333,50.0,89.57055214723927,20.288157645487047,17.840960189028348,2.4471974564586993,26.781337397618554,6.265790171925953,46.82992969033808,,314.94143889412305,252.4,189.85856110587696,3771518.0,6464134.7,1.0,285.404659874353
2026-04-30,6291,435.0,442.5,421.5,422.0,1076078.0,463212397.0,422.0,421.95,415.3,320.15833333333336,274.57916666666665,251.78958333333333,50.0,72.07207207207207,22.64909396848543,27.654050001307183,-5.004956032821752,14.044879245851732,3.1009095039903265,58.969147024640506,,440.1350346762075,415.3,390.4649653237925,1076078.0,1931679.8,1.0,430.46358814138006
2026-04-30,6292,45.75,46.05,45.1,45.1,85360.0,3881059.0,45.1,45.38000000000001,45.9,43.34916666666667,42.02458333333333,41.36229166666667,50.0,46.15384615384617,0.2063554359844133,0.5232975773191408,-0.31694214133472753,21.318251439612347,16.93040771329431,23.48326740878824,,48.20696884746159,45.9,43.59303115253841,85360.0,112071.3,1.0,45.46695173383318
2026-04-30,6294,34.05,34.6,33.8,33.85,63843.0,2169253.0,33.85,34.395,37.654999999999994,41.24833333333333,42.899166666666666,43.724583333333335,50.0,0.6369426751591902,-2.183174502465832,-1.8805422781950043,-0.3026322242708275,3.7242099958688866,34.17682639117258,58.86569155964172,,44.916499047789856,37.654999999999994,30.39350095221013,63843.0,40060.05,1.0,33.977930235108
2026-04-30,6405,50.9,50.9,50.9,50.9,1948821.0,99194952.0,42.75,39.635000000000005,37.894999999999996,32.877500000000005,29.688750000000002,27.242916666666666,90.36144578313252,79.7071129707113,3.1845854912689617,1.9788759732360548,1.205709518032907,47.68241324331376,9.650233381626592,34.55424245920706,,46.06509308714617,37.894999999999996,29.72490691285382,2829761.8,2133022.45,0.6886872951638545,50.899981065474975
2026-04-30,6409,776.0,795.0,770.0,772.0,797864.0,621868429.0,766.2,773.5,759.25,833.3166666666667,952.625,1110.425,30.612244897959187,61.6,-8.500222360293265,-13.914946471891577,5.4147241115983125,25.52672993169645,16.50292684780152,19.3129922726706,,816.8909028746511,759.25,701.6090971253489,651137.8,843825.65,1.2253381695856083,779.4165785146341
2026-04-30,6411,77.8,79.3,77.3,77.4,250809.0,19599392.0,77.4,77.56,78.045,79.43833333333333,80.21916666666667,80.60958333333333,50.0,40.845070422535244,-0.44153551252242096,-0.4541180580353807,0.01258254551295973,8.403669349957896,8.795421594511966,11.044814491686322,,79.74636168375591,78.045,76.3436383162441,250809.0,362672.15,1.0,78.14469177740831
2026-04-30,6412,79.5,83.4,78.8,81.0,5158751.0,421526731.0,78.2,78.25999999999999,77.85,83.1,88.38250000000001,99.39458333333333,58.94736842105264,53.2608695652174,-0.6524181131827191,-1.1135427080879772,0.46112459490525803,29.214880210556387,19.595054053652163,14.115361289938749,,82.48919230719449,77.85,73.2108076928055,2145293.2,1360752.7,2.4046834250907985,81.71100543523035
2026-04-30,6414,318.5,323.0,316.5,322.0,1251370.0,400507370.0,317.4,314.95,299.65,286.9583333333333,289.04583333333335,291.6791666666667,58.139534883720934,84.21052631578948,11.21160884230818,9.156684780142667,2.0549240621655134,35.99299873164312,9.744232524456647,41.14620520699961,,334.5439747475732,299.65,264.75602525242675,1219395.4,1602629.5,1.0262216833030533,320.0551155933097
2026-04-30,6415,401.5,427.0,397.0,427.0,3525728.0,1473401784.0,417.8,399.9,340.9,288.9583333333333,254.00416666666666,304.6041666666667,61.085972850678736,79.09270216962526,39.096253437044425,31.325670396243087,7.770583040801338,40.03576802714427,13.945535049967647,39.576181137547856,,470.1694452439723,340.9,211.63055475602764,4412681.4,7832806.75,0.7989989941263377,417.90001497563054
2026-04-30,6416,80.6,81.5,80.3,81.0,193775.0,15699162.0,80.62,81.27000000000001,80.345,82.34333333333333,82.22416666666666,85.59291666666667,32.81250000000003,59.130434782608646,0.0006237118847991496,-0.09545096066691704,0.09607467255171619,22.040396280644988,18.34348277463454,10.037136202552443,,83.07454594258009,80.345,77.61545405741991,183698.4,216868.5,1.054854043366736,81.01747903496323
2026-04-30,6417,118.0,118.5,115.5,116.5,38101.0,4453715.0,116.5,117.1,114.775,110.125,109.8125,109.65625,50.0,70.73170731707317,2.2029659865058733,2.4375959692568276,-0.23462998275095437,15.47151892085431,5.262365094074432,39.61143037883336,,125.7700946000094,114.775,103.77990539999061,38101.0,135506.65,1.0,116.89233878375896
2026-04-30,6418,34.4,35.95,34.1,34.2,455219.0,15912656.0,34.2,33.67,31.097500000000004,32.16916666666667,33.084583333333335,33.542291666666664,50.0,96.03174603174604,1.00087799860205,0.49690755403703446,0.5039704445650155,21.764517410727883,7.358192335035607,32.27290421453214,,36.870255886603545,31.097500000000004,25.32474411339646,455219.0,261397.35,1.0,34.956045332027
2026-04-30,6419,148.5,149.5,145.0,149.0,182939.0,27010558.0,149.0,146.9,128.325,92.56833333333334,81.28416666666666,75.64208333333333,50.0,100.0,16.593609491991117,16.074331266862007,0.5192782251291099,27.501918505483662,2.788065911989617,65.7721005015544,,171.39321394754614,128.325,85.25678605245385,182939.0,614494.85,1.0,147.64789356014847
2026-04-30,6423,111.0,111.0,106.5,109.5,125408.0,13688491.0,109.5,108.33999999999999,97.69,91.25333333333334,85.90916666666666,,50.0,100.0,6.254797989959343,5.195853988925159,1.0589440010341837,21.81773584797679,5.956948686197074,38.07181704953635,,122.383736687244,97.69,72.996263312756,125408.0,216037.6,1.0,109.15165699157949
2026-04-30,6425,83.0,84.5,80.6,83.3,2147437.0,177626655.0,83.3,83.56,77.775,70.10333333333332,68.05166666666666,67.02583333333332,50.0,88.88888888888886,4.337644450148204,4.289521099337714,0.04812335081049035,17.070874868483426,3.3252142137507086,51.56191438783637,,95.78585929742337,77.775,59.76414070257664,2147437.0,2808230.25,1.0,82.71565359076891
2026-04-30,6426,213.0,230.0,213.0,223.5,4114917.0,930212251.0,213.9,228.35,206.775,157.76166666666668,117.16833333333334,94.84916666666666,34.26573426573427,57.771260997067444,16.885768493742262,19.49334624650798,-2.6075777527657173,26.829757671114873,20.158108853103577,22.236817695141276,,265.2066739989172,206.775,148.3433260010828,3385303.4,3427792.05,1.2155238434463511,226.0585695896175
2026-04-30,6431,19.5,19.95,19.05,19.5,74364.0,1434750.0,19.77,20.365000000000002,21.2575,24.228333333333335,22.054583333333333,19.5875,27.777777777777786,18.181818181818173,-1.0280155819066685,-0.956471306638967,-0.07154427526770157,20.62370503727181,30.173954895087192,13.370946831606124,,23.509113456589418,21.2575,19.005886543410583,113098.4,135610.4,0.6575159330282303,19.293609811198966
2026-04-30,6432,40.0,40.2,38.65,38.85,1163324.0,45832204.0,38.85,39.035000000000004,38.365,34.994166666666665,33.622083333333336,32.93604166666667,50.0,72.18045112781954,0.9968251904707515,1.191342436139985,-0.19451724566923345,13.032870715129995,4.01397443631156,44.09594926461943,,41.965014619853335,38.365,34.76498538014667,1163324.0,1141004.9,1.0,39.397626112759646
2026-04-30,6435,191.0,194.0,189.0,193.0,839757.0,160632579.0,193.0,191.55,177.8,156.49166666666667,147.49583333333334,142.99791666666667,50.0,100.0,10.292061644189232,9.704202135246732,0.5878595089425005,20.31275540652808,6.414302924316104,40.63343772077166,,209.90574632940985,177.8,145.69425367059017,839757.0,1090274.25,1.0,191.28459661544946
2026-04-30,6438,174.5,177.5,171.0,176.0,2018191.0,353040095.0,174.6,177.45,176.825,160.35,154.54583333333332,161.67083333333332,39.285714285714285,46.236559139784944,3.1031237471520967,4.5560483418112145,-1.4529245946591178,20.020097405322193,22.614199562844394,14.193836250299023,,185.73552009823604,176.825,167.91447990176394,2206598.8,3358053.6,0.9146161957488602,174.9289809537353
2026-04-30,6441,31.8,31.8,29.0,29.4,1779533.0,53093118.0,29.4,28.759999999999998,24.41,22.208333333333332,21.929166666666664,21.789583333333333,50.0,94.11764705882354,2.511760057222567,1.9767425750466252,0.5350174821759417,24.369181720176623,3.0148563547000005,54.407440468416354,,34.17328245061703,24.41,14.64671754938297,1779533.0,981321.05,1.0,29.83542198992657
2026-04-30,6442,2050.0,2115.0,2050.0,2110.0,1415842.0,2971765230.0,1935.0,2080.0,2100.0,1867.0833333333333,1438.525,995.40625,41.875,42.857142857142854,13.344371334226025,45.1840168702538,-31.839645536027774,24.581337880829015,23.968323252362122,19.716148281144612,,2407.4342034870087,2100.0,1792.5657965129913,1873718.8,3143915.35,0.7556320617586801,2098.938462060032
2026-04-30,6443,35.0,35.35,35.0,35.35,3575462.0,125282648.0,36.0,37.43000000000001,38.019999999999996,40.25416666666667,27.677500000000002,21.619791666666668,15.702479338843006,49.44237918215614,-1.50287488246002,-1.139338677703219,-0.36353620475680093,17.271392460134987,34.187563049190864,24.82382653602386,,41.92228003527231,38.019999999999996,34.117719964727684,4475024.0,16951048.95,0.7989816367465292,35.03956915218229
2026-04-30,6446,648.0,668.0,644.0,661.0,2252285.0,1487160480.0,631.4,639.4,641.15,649.65,578.6541666666667,546.6791666666667,57.29166666666667,55.24475524475525,-2.4683048025605103,-3.445688058812672,0.9773832562521618,30.18861657684329,26.989488198878608,11.215693646082949,,669.7986887731511,641.15,612.5013112268489,1947876.6,1671357.75,1.156277045476084,660.2896525084525
2026-04-30,6449,164.5,165.5,161.0,161.5,292926.0,47848274.0,161.8,167.75,164.475,164.48333333333332,173.225,147.11208333333335,21.05263157894737,52.88461538461538,0.4849080848614449,1.4021237093207761,-0.9172156244593312,21.889398892036354,19.633549440541902,17.217008564648065,,183.71715492910724,164.475,145.23284507089275,726766.4,892056.8,0.4030538560946131,163.34594402681907
2026-04-30,6451,410.0,431.5,410.0,431.0,920534.0,392008624.0,403.0,444.35,422.625,277.025,214.31666666666666,180.26458333333332,32.240437158469945,49.85835694050992,34.05736170577882,48.19057284736432,-14.133211141585505,36.36493543522731,25.379203731002924,41.14967997788388,,554.2780028442008,422.625,290.97199715579916,1084309.4,3039223.3,0.8489587934956573,425.8491527743679
2026-04-30,6456,79.9,79.9,76.2,76.2,3496425.0,271417511.0,76.16,77.97,68.815,55.605,52.38166666666667,50.20375,34.80662983425414,71.35036496350367,5.955764747808033,5.89909782249166,0.05666692531637274,30.65427126067002,17.80756640528881,36.02317763847282,,91.095817806025,68.815,46.534182193975,4230847.6,13153594.05,0.8264124191095894,77.62715087553715
2026-04-30,6461,18.05,18.05,17.75,17.9,118878.0,2130904.0,17.9,17.919999999999998,18.229999999999997,19.644999999999996,19.772499999999997,19.83625,50.0,0.0,-0.4414561784988784,-0.5001876813214101,0.0587315028225317,8.815417616805119,9.612049567422075,10.814345849940503,,19.024984276573978,18.229999999999997,17.435015723426016,118878.0,170263.1,1.0,17.92513332996854
2026-04-30,6462,120.0,129.0,120.0,122.0,2606242.0,324376165.0,122.0,122.05,116.175,109.94333333333334,108.97166666666666,108.48583333333333,50.0,97.22222222222223,4.318192522761507,4.066158749251493,0.2520337735100142,13.842605516826886,3.25515037232272,45.09024022416546,,132.89962728716952,116.175,99.45037271283047,2606242.0,3238356.1,1.0,124.46126069643572
2026-04-30,6464,75.0,76.1,73.0,76.1,56206.0,4226345.0,75.88,76.10999999999999,76.305,,,,36.36363636363619,44.444444444444414,-0.20194137195370843,-0.16549126716515294,-0.03645010478855548,15.019774093373565,30.81143663813056,8.97242155217122,,77.14973602230015,76.305,75.46026397769987,47824.6,34325.75,1.1752529033175396,75.19384051524749
2026-04-30,6465,46.8,46.95,45.1,45.2,171641.0,7890706.0,45.2,45.585,45.895,39.55833333333333,37.27916666666667,36.139583333333334,50.0,54.16666666666668,1.1388232685603867,1.7183822336814971,-0.5795589651211104,8.955969154513836,7.249649036457839,18.33305940693794,,49.44492957676605,45.895,42.345070423233956,171641.0,536734.85,1.0,45.97215117600107
2026-04-30,6469,77.8,78.3,76.9,77.1,481804.0,37318458.0,77.1,77.50999999999999,79.045,86.07,91.18499999999999,93.7425,50.0,22.95081967213116,-1.9221570208655834,-2.0341300377890303,0.11197301692344697,5.26705232216373,17.18202179155339,44.39713698552357,,82.72165465793091,79.045,75.36834534206909,481804.0,435112.8,1.0,77.45568322388357
2026-04-30,6470,47.7,48.4,47.7,47.9,40728.0,1950568.0,47.9,47.879999999999995,47.665,50.916666666666664,52.208333333333336,52.854166666666664,50.0,53.846153846153804,-0.6094394023034084,-0.8409721865161548,0.23153278421274637,9.07157226374833,15.605596912724007,44.563080296749085,,48.58329361202987,47.665,46.74670638797013,40728.0,54527.9,1.0,47.89255549008053
2026-04-30,6472,418.0,420.5,408.0,408.0,840101.0,347335396.0,409.5,411.9,418.5,479.7916666666667,536.3458333333333,644.9895833333334,33.33333333333333,47.826086956521735,-15.64636294757554,-18.204900751297927,2.5585378037223876,16.178591578057283,24.071428342094116,26.00171444399935,,446.16529271588195,418.5,390.83470728411805,706112.2,885954.0,1.1897556790549717,413.44480723151145
2026-04-30,6474,37.3,38.0,37.15,37.5,101928.0,3828150.0,37.5,37.434999999999995,37.005,36.195,35.8475,35.673750000000005,50.0,81.25000000000011,0.38762244173849325,0.365416923020037,0.022205518718456274,15.604238827904144,3.1278226298094363,53.86239114987732,,37.97610896998165,37.005,36.03389103001835,101928.0,62731.3,1.0,37.557393454202966
2026-04-30,6477,33.5,33.7,32.75,33.4,475047.0,15759908.0,33.43,34.025,33.769999999999996,35.251666666666665,36.23041666666666,34.69604166666667,22.22222222222217,50.73529411764707,-0.4293885306191214,-0.41891633984708854,-0.010472190772032874,20.753357874637608,20.46260416709112,11.123532455276441,,35.23661084423238,33.769999999999996,32.30338915576761,493961.4,581956.05,0.9617087489022421,33.175471058653144
2026-04-30,6482,30.05,30.05,29.3,29.55,12366.0,365860.0,29.55,29.765000000000004,30.6975,33.026666666666664,34.388333333333335,35.06916666666667,50.0,19.718309859154928,-0.876145530833238,-0.8437410089470403,-0.03240452188619769,11.354580428962974,14.639909070508528,17.609740250633983,,32.84923736413414,30.6975,28.54576263586586,12366.0,20900.0,1.0,29.58596150735889
2026-04-30,6485,83.0,87.6,82.9,87.6,1380397.0,119154637.0,87.6,86.69,82.66,87.72833333333332,91.01416666666665,92.65708333333333,50.0,97.84946236559136,0.7960500475370793,-0.18824153376871222,0.9842915813057915,11.758956971016357,8.755909687729813,23.65224928773037,,91.83006571749388,82.66,73.48993428250611,1380397.0,907237.15,1.0,86.31910747415418
2026-04-30,6486,86.0,86.0,84.6,84.7,231370.0,19671566.0,84.7,85.05,86.45,83.41166666666668,81.35583333333334,80.32791666666667,50.0,25.000000000000057,-0.07470902442247507,0.35559957468911774,-0.4303085991115928,12.830557533234888,11.758349035736154,24.13847450955584,,89.7723327251858,86.45,83.1276672748142,231370.0,222187.6,1.0,85.02211176902796
2026-04-30,6488,559.0,589.0,558.0,580.0,9477916.0,5470743323.0,580.0,572.5,534.125,487.23333333333335,481.1166666666667,478.05833333333334,50.0,100.0,30.049451272364195,26.13502567214306,3.9144256002211364,16.126314913564222,5.063309279995306,38.217273856923825,,619.9049356983971,534.125,448.34506430160286,9477916.0,8973199.1,1.0,577.2095176830012
2026-04-30,6491,282.0,283.5,279.5,279.5,285523.0,80144626.0,282.6,285.15,287.35,285.23333333333335,298.7,309.99791666666664,21.42857142857143,40.25974025974026,-0.9199902320814317,0.11022073864286153,-1.0302109707242932,16.278511842627335,20.352796130799852,11.029108029475232,,296.31249495337795,287.35,278.3875050466221,302277.0,392053.45,0.944574016547736,280.69411571046817
2026-04-30,6492,50.5,50.7,49.8,49.9,298524.0,14927503.0,49.9,50.37,51.46,54.64750000000001,58.323750000000004,60.161874999999995,50.0,38.749999999999986,-1.027044232948107,-0.9177036230485622,-0.10934060989954486,10.954298732694543,16.261494760100906,22.593143294805508,,55.06374074656057,51.46,47.85625925343943,298524.0,344046.2,1.0,50.00436480818963
2026-04-30,6494,54.1,54.6,52.5,53.2,218268.0,11632664.0,53.2,53.31,52.175,45.468333333333334,41.634166666666665,39.71708333333333,50.0,82.2580645161291,1.8221245467090341,2.127333768024941,-0.305209221315907,15.706858207503572,6.122599361158421,44.86739782138251,,56.29523249216277,52.175,48.05476750783723,218268.0,367629.0,1.0,53.295325013286416
2026-04-30,6496,25.85,25.85,24.8,25.3,13646.0,345933.0,25.3,25.410000000000004,,,,,50.0,0.0,-0.41598366985334323,-0.35984870165479066,-0.05613496819855257,4.555822615123419,8.635995457855268,26.813346126780043,,,,,13646.0,8754.0,1.0,25.350505642679174
2026-04-30,6498,90.9,91.0,88.2,88.4,123058.0,10949306.0,88.4,88.88000000000001,89.3,87.74166666666666,86.22083333333333,85.46041666666666,50.0,52.000000000000036,-0.0656587460264717,0.2544612458186638,-0.3201199918451355,9.837747166880659,9.84259023623799,15.693541849341191,,93.36163047374616,89.3,85.23836952625383,123058.0,84969.6,1.0,88.97679143168263
2026-04-30,6499,88.2,88.8,83.7,83.7,1185385.0,102113856.0,83.7,83.69000000000001,84.78,91.29999999999998,92.7,93.4,50.0,2.777777777777999,-2.3605547615672435,-2.5817041841009063,0.22114942253366277,12.598696477035743,12.26374160749212,11.655095887704341,,87.97973683128426,84.78,81.58026316871575,1185385.0,759975.55,1.0,86.144042652809
2026-04-30,6504,39.4,39.5,39.0,39.45,32534.0,1276228.0,39.5,40.175,40.927499999999995,41.1,42.580416666666665,49.37645833333333,19.354838709677367,22.368421052631646,-0.40153171071656146,-0.18043375249500695,-0.2210979582215545,23.64728332341559,26.636952628863174,17.8731209868089,,43.05834490285129,40.927499999999995,38.7966550971487,35519.0,49224.45,0.9159604718601312,39.227515829593656
2026-04-30,6505,55.0,56.7,53.6,56.4,21140235.0,1174112674.0,53.339999999999996,53.3,54.0,53.41499999999999,50.354166666666664,44.35291666666667,81.3559322033898,64.66666666666669,-0.28001316546767185,-0.377694693064972,0.09768152759730014,28.771893955385362,19.62713289326504,8.831428777843856,,57.26963703119798,54.0,50.73036296880202,10731547.8,13625179.55,1.9699148150838035,55.53924419477835
2026-04-30,6506,17.8,17.8,17.3,17.3,104659.0,1825164.0,17.3,17.265000000000004,17.055,16.27,15.885,15.6925,50.0,100.0,0.25460140393026265,0.2669892907634836,-0.012387886833220951,13.684062884610418,2.1846815020635724,56.91885514961187,,17.522805627652314,17.055,16.587194372347685,104659.0,151016.15,1.0,17.439150001433227
2026-04-30,6508,26.25,26.25,25.35,25.85,64426.0,1662411.0,25.85,25.870000000000005,26.275,25.416666666666668,24.408333333333335,23.904166666666665,50.0,20.000000000000085,-0.13371101892722592,-0.026595423762089673,-0.10711559516513625,12.095506225781493,13.147229478081726,19.947841226690223,,27.313470535273648,26.275,25.23652946472635,64426.0,69849.1,1.0,25.803417874771053
2026-04-30,6509,42.3,42.3,39.9,39.9,2460588.0,99807053.0,39.9,40.334999999999994,43.305,39.934999999999995,37.092499999999994,35.67125,50.0,0.0,-0.8243538937770865,-0.17773291238053107,-0.6466209813965553,6.670693333404,10.302385153232825,37.64390356895342,,49.97787517925332,43.305,36.63212482074668,2460588.0,7101650.9,1.0,40.56227739060745
2026-04-30,6510,3660.0,3700.0,3415.0,3440.0,1430350.0,5005404475.0,3440.0,3470.0,3512.5,3627.6666666666665,3701.3333333333335,3738.1666666666665,50.0,46.715328467153284,-34.27984680095051,-28.86182994943853,-5.418016851511979,7.156153555597698,9.513249091680311,17.041061380547955,,3749.7762103540936,3512.5,3275.2237896459064,1430350.0,984532.5,1.0,3499.4263466983607
2026-04-30,6512,19.15,19.15,19.05,19.05,5049.0,96454.0,19.05,19.135,19.4375,,,,50.0,27.5862068965517,-0.24020873255422615,-0.20337710784410745,-0.03683162471011869,11.550022843341084,24.18641589752918,24.551249161240086,,20.180803437365945,19.4375,18.694196562634055,5049.0,5670.65,1.0,19.10358486829075
2026-04-30,6515,10300.0,10450.0,10120.0,10385.0,182992.0,1885109745.0,10069.0,10362.0,9213.25,6437.25,4431.25,2787.9875,41.17647058823529,74.09224730127576,980.9743943366175,1055.8451951164238,-74.87080077980636,31.888867560597728,13.595216152099221,54.27055281365233,,11966.44962187538,9213.25,6460.050378124621,362642.4,352910.95,0.5046072935762613,10301.596490556964
2026-04-30,6516,61.6,61.6,60.4,60.8,90472.0,5502411.0,60.8,60.839999999999996,61.34499999999999,62.348333333333336,62.774166666666666,62.98708333333333,50.0,11.764705882352715,-0.39491329886668325,-0.3965391904569387,0.001625891590255446,5.076052461120426,7.78728001986727,23.22268442334231,,62.56668994257533,61.34499999999999,60.12331005742465,90472.0,61130.4,1.0,60.818938456096916
2026-04-30,6517,57.7,59.5,57.6,57.7,117993.0,6882195.0,57.7,57.91000000000001,58.04,60.684999999999995,63.292500000000004,64.59625000000001,50.0,54.34782608695658,-0.42543934312805476,-0.48952660666290476,0.06408726353485,6.438315753629889,9.43791764449952,26.404080506959556,,59.92780016783677,58.04,56.15219983216323,117993.0,172902.05,1.0,58.32714652564135
2026-04-30,6523,100.5,100.5,100.0,100.0,30093.0,3021198.0,100.0,100.45,106.4,113.74166666666666,115.62083333333334,116.56041666666667,50.0,0.0,-4.396191237834188,-4.065332406564367,-0.3308588312698211,2.744498130492767,44.24459193766336,67.50034204401761,,120.86447553945801,106.4,91.935524460542,30093.0,55237.65,1.0,100.3953743395474
2026-04-30,6525,91.5,93.4,90.0,92.4,599511.0,54988571.0,91.24000000000001,91.85,87.89,82.55833333333334,80.4375,75.06791666666666,33.05084745762714,66.52542372881356,2.6929364601485872,2.617440898863362,0.07549556128522505,27.865203324258037,16.13550017100144,27.842288134207248,,97.29143326139169,87.89,78.48856673860831,654850.4,523167.55,0.9154930652863615,91.72237206656759
2026-04-30,6526,558.0,562.0,541.0,551.0,1499748.0,827039629.0,570.2,558.3,521.275,487.56666666666666,483.0,506.96666666666664,30.967741935483872,62.56157635467981,22.42879918373569,19.183111720212253,3.2456874635234385,26.391865736724963,17.344405765500237,28.255265636841,,611.9232356782504,521.275,430.6267643217495,2273387.6,1336025.65,0.6596974488644171,551.4523966693071
2026-04-30,6527,67.1,67.1,66.6,67.0,94189.0,6295286.0,67.0,67.35,69.495,73.06,74.52999999999999,75.265,50.0,0.0,-1.745404547501039,-1.624293160497882,-0.12111138700315682,2.886605472910314,20.76629513028992,58.62945883577533,,74.3445143544156,69.495,64.64548564558442,94189.0,59416.15,1.0,66.83674314410388
2026-04-30,6530,110.0,118.5,110.0,118.5,4248303.0,493479676.0,118.5,119.2,113.825,86.07833333333333,75.28916666666667,69.89458333333333,50.0,73.61111111111111,8.266505210408255,9.581924912799922,-1.315419702391667,15.076846765780424,6.02569520581347,53.666820739003185,,133.6831151382025,113.825,93.96688486179751,4248303.0,5977191.55,1.0,116.15924664507216
2026-04-30,6531,877.0,902.0,840.0,840.0,4175617.0,3633620889.0,800.2,762.4,641.0,513.6583333333333,449.7291666666667,367.175,68.18181818181819,86.16071428571428,89.78464634326645,72.44701551369512,17.337630829571324,44.41232287897678,12.385287811054965,40.2799827573138,,918.0584205922162,641.0,363.94157940778376,5669816.0,7696744.4,0.736464287377227,870.1997546709863
2026-04-30,6532,95.3,98.5,94.9,96.4,1523053.0,146897834.0,96.4,95.11,88.725,70.32,63.809999999999995,60.555,50.0,89.94413407821231,6.947856783321015,6.939424019185657,0.008432764135357651,20.172105015374434,3.1693713542895336,64.55752572548688,,103.04228804076044,88.725,74.40771195923955,1523053.0,2336149.85,1.0,96.44958776877758
2026-04-30,6533,228.5,230.5,224.5,228.5,757958.0,172176881.0,235.4,236.75,211.325,214.83333333333334,243.8375,263.2583333333333,22.82608695652175,70.0374531835206,10.228007753153605,7.777173871146116,2.4508338820074895,37.508734565897925,15.101560886449516,37.991175452797755,,267.9217034561655,211.325,154.72829654383446,1282036.6,1397110.5,0.5912140105828492,227.1588676417427
2026-04-30,6534,93.6,94.0,92.5,92.5,51652.0,4810080.0,95.06000000000002,97.19000000000001,96.51,89.41333333333334,94.44083333333333,,1.298701298701232,47.881355932203384,1.538708065478687,2.5262627748902373,-0.9875547094115502,20.912722034852386,20.29730683878767,23.732003863293247,,102.69279446273508,96.51,90.32720553726493,138330.8,287529.8,0.3733947898804894,93.12475799581817
2026-04-30,6535,152.0,152.0,148.0,152.0,475929.0,72248208.0,152.0,149.9,143.025,157.46666666666667,163.73333333333332,166.86666666666667,50.0,72.41379310344828,0.5296888227755687,-1.78295751810971,2.3126463408852787,13.61262647710113,12.138769290143363,25.227242880777805,,160.63622548711265,143.025,125.41377451288734,475929.0,313564.45,1.0,151.80459270185258
2026-04-30,6538,72.8,77.0,72.8,75.4,422232.0,32018863.0,75.4,75.11000000000001,73.17,68.93,67.015,66.05749999999999,50.0,87.09677419354844,1.8518474983853395,1.8070864721746585,0.04476102621068101,14.762954659101602,5.737222608216455,36.01081252837512,,77.53015451198905,73.17,68.80984548801095,422232.0,249769.6,1.0,75.83239309194946
2026-04-30,6541,39.7,40.1,39.55,39.6,249123.0,9920149.0,39.95,40.35,40.8425,46.009166666666665,51.2825,52.986875000000005,5.555555555555614,37.7551020408164,-1.1490926422742191,-1.320241015927236,0.17114837365301683,17.046029601140127,22.672572402824052,24.098142900545202,,42.47869423631934,40.8425,39.20630576368066,374396.2,413412.45,0.665399381724494,39.82028556175062
2026-04-30,6542,49.15,49.15,48.85,49.0,8013.0,392855.0,49.0,49.239999999999995,50.940000000000005,51.81583333333334,51.50791666666667,51.35395833333334,50.0,0.0,-1.0693505460460173,-0.8420082963532313,-0.22734224969278605,13.780562804252044,27.466693282221833,28.11142286391478,,54.78620113331251,50.940000000000005,47.0937988666875,8013.0,6980.95,1.0,49.027205790590294
2026-04-30,6546,63.4,63.6,62.4,62.7,444157.0,27939796.0,62.7,63.61,66.995,67.21833333333333,64.20916666666666,62.70458333333333,50.0,18.74999999999997,-2.1665391989929788,-1.5386936669397466,-0.6278455320532321,11.351227691393555,22.501577326145537,28.405702242254343,,75.10671342792881,66.995,58.8832865720712,444157.0,611943.05,1.0,62.90522495423915
2026-04-30,6547,48.9,50.7,48.55,49.35,3055703.0,151075629.0,49.35,49.215,51.2375,43.82333333333334,40.43666666666666,38.74333333333333,50.0,16.02209944751384,0.5847622723170716,1.2335536946989134,-0.6487914223818418,10.403399209827455,9.612882999718739,21.380755829504174,,57.75927526687185,51.2375,44.71572473312814,3055703.0,5223777.55,1.0,49.4405473961311
2026-04-30,6548,54.5,54.5,51.3,51.6,7684385.0,403582049.0,51.6,51.910000000000004,52.27,50.641666666666666,51.920833333333334,52.56041666666667,50.0,49.18032786885245,0.44222822162770115,0.6754999342459951,-0.23327171261829394,6.979777116896907,2.8907641583961885,39.2784036674413,,54.76976841032589,52.27,49.77023158967412,7684385.0,12200864.05,1.0,52.5197590958808
2026-04-30,6550,17.9,17.95,17.45,17.5,536682.0,9480748.0,17.57,18.145,18.482499999999998,25.010833333333334,29.03125,33.744791666666664,22.499999999999957,41.02564102564101,-1.570958064360692,-1.8547204622005753,0.28376239783988333,20.191705450314252,33.86078649137909,27.757195500013992,,20.211897522103374,18.482499999999998,16.753102477896622,788394.0,1347515.7,0.6807281638368633,17.665485333959403
2026-04-30,6552,33.1,35.6,31.7,32.2,2515450.0,86079461.0,31.07,30.310000000000002,28.317500000000003,28.233333333333334,27.080416666666668,26.77958333333333,52.06611570247936,74.21875,1.1617341186682602,0.6575019602737577,0.5042321583945024,41.21744640538732,16.661222367156043,20.98066607764411,,33.154122897500955,28.317500000000003,23.480877102499054,846739.8,469569.05,2.970747329935359,34.22030292790554
2026-04-30,6556,70.1,70.2,69.1,70.0,7070.0,493065.0,70.0,69.82000000000001,69.22,68.35,68.575,68.6875,50.0,71.99999999999989,0.5838285850317391,0.4935476784082727,0.09028090662346638,13.364141377714379,6.157056697670134,29.384789610425454,,70.76183759128347,69.22,67.67816240871653,7070.0,6876.8,1.0,69.74045261669023
2026-04-30,6558,29.35,29.9,28.8,28.85,420895.0,12276833.0,29.35,29.990000000000002,29.077499999999997,32.16416666666667,36.44833333333334,43.273541666666674,4.687500000000071,61.63522012578617,-0.2671057475168084,-0.3900194113167471,0.12291366379993873,26.908974937189434,15.41452897387984,25.01458075844545,,31.71757077257662,29.077499999999997,26.437429227423372,454838.6,546125.4,0.9253722089550008,29.16839829411136
2026-04-30,6560,38.3,38.3,37.8,37.8,43598.0,1655619.0,37.8,37.86,38.03,39.975833333333334,40.06291666666666,40.106458333333336,50.0,44.44444444444436,-0.6002117168503105,-0.6728176248666433,0.07260590801633282,9.60570215919702,13.177161179510296,19.235655870996837,,38.61435749692315,38.03,37.445642503076854,43598.0,84676.5,1.0,37.97465480067893
2026-04-30,6561,349.0,349.0,338.0,340.5,245958.0,83988969.0,340.5,343.75,353.6,342.18333333333334,331.09166666666664,325.54583333333335,50.0,30.107526881720432,-3.1975451785049813,-0.4201737155404028,-2.7773714629645787,9.579234793357672,14.863766824479626,27.32708347325075,,379.9070932999964,353.6,327.29290670000364,245958.0,147603.5,1.0,341.4768741004562
2026-04-30,6568,247.0,249.0,237.0,240.0,719779.0,173735423.0,240.0,238.5,229.2,190.425,170.9625,161.23125,50.0,100.0,11.96758073573514,12.903596574185816,-0.9360158384506754,14.385824079374778,2.8435393839208225,58.58089403208982,,250.25481567618053,229.2,208.14518432381945,719779.0,955610.05,1.0,241.37328680053184
2026-04-30,6569,97.5,101.5,97.5,100.5,61546.0,6159941.0,100.5,100.6,100.75,100.30166666666668,102.40083333333334,103.45041666666665,50.0,50.0,0.4656283619224695,0.5196964798309226,-0.05406811790845312,6.794991305538724,7.841056153561793,20.66079645472696,,101.63852331663823,100.75,99.86147668336177,61546.0,75508.7,1.0,100.08678061937412
2026-04-30,6570,39.4,39.45,38.5,39.0,83163.0,3234939.0,39.0,39.084999999999994,39.3425,39.369166666666665,39.73458333333334,39.917291666666664,50.0,35.897435897436,-0.04860570301711675,-0.003056016572359907,-0.04554968644475685,9.473588068909363,7.681914642302871,21.59285264077291,,40.05055515693551,39.3425,38.63444484306449,83163.0,95024.05,1.0,38.898777100393204
2026-04-30,6573,12.75,12.75,12.55,12.7,83366.0,1051231.0,12.8,12.955000000000002,12.6425,13.971666666666666,13.960083333333333,12.164125,7.407407407407376,55.55555555555564,-0.17339429402255568,-0.25412553271828886,0.08073123869573318,22.95082802933626,21.32680003789252,13.526362457115944,,13.581858683806175,12.6425,11.703141316193825,106188.0,196437.45,0.7850792933288131,12.609828947052755
2026-04-30,6574,102.0,106.5,101.0,101.5,76635.0,7921503.0,101.5,102.0,101.91,89.97333333333333,79.98666666666666,74.99333333333333,50.0,56.249999999999964,1.2223702227260986,2.2772891102036996,-1.054918887477601,15.028439307233683,9.93502940609926,28.522904724388404,,106.86958402330342,101.91,96.95041597669658,76635.0,69441.65,1.0,103.36664709336465
2026-04-30,6576,80.7,81.1,79.7,80.0,134408.0,10775371.0,80.0,79.66,78.33000000000001,81.02,82.51,83.25500000000001,50.0,84.99999999999984,0.1655785561012948,-0.25615241086101026,0.42173096696230505,12.603751771774965,7.394198614254222,35.437955312953385,,81.45888074826172,78.33000000000001,75.2011192517383,134408.0,152419.3,1.0,80.1691193976549
2026-04-30,6577,79.0,79.0,78.6,78.9,20185.0,1590737.0,78.9,78.84,78.09,74.83833333333334,73.11916666666667,72.25958333333332,50.0,82.85714285714275,0.9423298968268767,1.0493042337943215,-0.10697433696744474,21.64241280575853,5.803321609624103,50.75231760897392,,80.14492988739403,78.09,76.03507011260598,20185.0,25312.05,1.0,78.80787713648749
2026-04-30,6578,15.85,15.9,15.35,15.35,185225.0,2880061.0,15.35,15.59,16.724999999999998,18.171666666666667,18.93583333333333,19.31791666666667,50.0,1.8867924528302211,-0.7998736442630126,-0.6868370399615613,-0.11303660430145124,3.8612877909111893,19.33487111411438,39.21874635022327,,19.27976850326275,16.724999999999998,14.170231496737244,185225.0,122548.05,1.0,15.548986367930896
2026-04-30,6579,118.0,124.0,117.5,121.5,510754.0,61948755.0,118.2,118.35,117.325,114.425,116.925,120.38333333333334,55.55555555555556,65.625,1.2549541803957283,1.161172933240897,0.09378124715483116,30.9343027980691,18.76707177880517,14.267095987170778,,121.2085008622862,117.325,113.4414991377138,253262.8,238394.2,2.0166957010662445,121.28882984763702
2026-04-30,6581,108.5,109.0,107.5,107.5,26022.0,2815358.0,107.7,107.8,107.275,,,,50.0,55.0,-0.1425400568285653,-0.20614515658032886,0.06360509975176357,24.97661451278744,19.741334469666054,12.628676954326686,,108.91255273117062,107.275,105.63744726882939,17454.6,20643.3,1.4908390911278404,108.1914533855968
2026-04-30,6582,31.3,31.3,30.25,30.85,44204.0,1363022.0,31.130000000000003,31.47,32.25,32.475,32.694583333333334,34.70020833333333,18.518518518518547,28.23529411764703,-0.4462104058113425,-0.2805560010705838,-0.1656544047407587,29.756318316910107,22.51092024013793,24.752734522840058,,34.081881402735355,32.25,30.418118597264645,59386.8,101984.45,0.7443404931735672,30.834811329291465
2026-04-30,6584,714.0,722.0,675.0,678.0,1816954.0,1246584325.0,678.0,676.9,659.7,480.8666666666667,394.93333333333334,351.96666666666664,50.0,100.0,45.947804950522595,54.42733000498452,-8.479525054461924,14.551488625652528,1.518857535760168,74.00823997398096,,703.1709824571458,659.7,616.2290175428543,1816954.0,1125386.9,1.0,686.0846917423336
2026-04-30,6585,85.1,85.3,84.2,84.3,45919.0,3886335.0,84.44,86.99,90.19500000000001,89.69,91.99916666666668,102.74458333333334,20.99999999999997,28.205128205128204,-1.710401900443287,-0.757254013942264,-0.9531478865010231,16.013143886109603,25.780603141628468,18.643480431828923,,98.20485577109874,90.19500000000001,82.18514422890128,82866.2,93196.75,0.5541342549797144,84.63457392364816
2026-04-30,6588,138.0,150.0,138.0,140.5,3865547.0,559201287.0,140.5,141.95,144.175,103.56333333333333,84.78166666666667,75.39083333333333,50.0,48.21428571428571,8.00994017217883,11.045193186705701,-3.0352530145268712,15.354124220661477,6.30908334162497,52.069892998850946,,156.02616028074885,144.175,132.32383971925117,3865547.0,5066460.65,1.0,144.66291238988944
2026-04-30,6590,70.0,70.5,70.0,70.3,6235.0,438456.0,70.3,70.25999999999999,70.145,71.30166666666668,71.40083333333332,71.45041666666665,50.0,58.82352941176475,-0.3024282248323402,-0.3778065445343849,0.07537831970204467,15.12377576079846,13.998414308820948,11.360808072326225,,70.55268925214676,70.145,69.73731074785323,6235.0,10460.75,1.0,70.32173215717722
2026-04-30,6591,57.5,58.2,57.0,57.0,177445.0,10216252.0,57.46,57.910000000000004,58.269999999999996,64.29833333333333,71.62083333333334,69.61208333333333,19.51219512195118,52.0408163265306,-1.513459975938673,-1.741737250423243,0.2282772744845698,15.038667392323546,28.550172189776873,33.8274087540018,,60.68930829610059,58.269999999999996,55.8506917038994,221079.6,327110.0,0.8026294601582417,57.574189185381385
2026-04-30,6592,62.1,62.2,61.2,61.2,490930.0,30224364.0,61.78000000000001,62.69,62.975,62.03333333333333,62.76583333333333,65.8475,25.0,41.77215189873419,-0.20080568961058276,0.11299391711828691,-0.31379960672886964,19.126661854473756,25.7865644731831,15.113511006463408,,65.04012392899914,62.975,60.90987607100086,466376.6,523020.2,1.0526471525372414,61.56552665349439
2026-04-30,6593,35.85,36.2,35.55,35.9,35316.0,1269382.0,35.9,36.09499999999999,36.9325,37.25666666666667,36.30333333333333,35.826666666666675,50.0,8.888888888888985,-0.5614754263406354,-0.43781763647046246,-0.12365778987017295,5.357786961968872,15.522774828039784,35.22303140229172,,38.85118238780239,36.9325,35.013817612197606,35316.0,48934.2,1.0,35.94353833956281
2026-04-30,6596,101.0,101.0,99.5,100.0,278604.0,27892493.0,100.0,100.05,100.75,128.78333333333333,137.14166666666668,141.32083333333333,50.0,38.46153846153846,-7.266534771452498,-8.768473183600896,1.501938412148398,5.407061244519558,27.644298800481863,63.5761104566563,,102.76311489461915,100.75,98.73688510538085,278604.0,388001.9,1.0,100.1151921724024
2026-04-30,6597,59.6,62.4,59.6,62.4,8116.0,488679.0,62.4,61.96999999999999,60.61999999999999,,,,50.0,66.66666666666663,0.7147475790968514,0.5117122448404986,0.20303533425635278,9.957860282277702,6.895668213624302,30.000276439027992,,64.27605481935176,60.61999999999999,56.963945180648224,8116.0,16528.2,1.0,60.211803844258256
2026-04-30,6598,22.2,22.2,21.45,21.45,86686.0,1873265.0,21.83,22.089999999999996,22.3725,23.399166666666666,22.78875,21.471666666666668,14.9999999999999,39.62264150943393,-0.4732181585459472,-0.4233485327184745,-0.049869625827472674,20.28984177461944,24.832077461088346,12.760670208059434,,23.40994372073097,22.3725,21.33505627926903,93649.6,138579.95,0.9256419675043993,21.60977551161664
2026-04-30,6603,25.45,26.1,25.2,25.3,1446659.0,36976330.0,25.3,25.315,24.2025,24.16166666666667,24.755833333333335,25.05291666666667,50.0,85.39325842696633,0.58970069764068,0.4778592282799346,0.1118414693607454,13.613106978869446,5.526413245564547,39.818007309946914,,27.409642522229834,24.2025,20.995357477770167,1446659.0,2329572.95,1.0,25.55981057042468
2026-04-30,6605,126.5,126.5,124.5,124.5,240917.0,30143952.0,125.5,127.45,130.425,139.05,138.2,154.71041666666667,14.285714285714292,14.705882352941174,-3.1969249868135847,-2.8560466624737346,-0.3408783243398501,12.393831852044773,29.466173239028304,32.86011661343282,,137.90321397197098,130.425,122.94678602802904,401158.4,359691.3,0.6005532976500055,125.12173072053861
2026-04-30,6606,24.4,24.4,23.95,24.1,75265.0,1810853.0,24.240000000000002,24.395000000000003,24.330000000000002,24.8525,24.985416666666666,24.988541666666666,30.76923076923073,47.619047619047656,-0.07430499378870081,-0.08366150567921565,0.00935651189051484,17.022124821578075,17.95957062073841,14.007205155857848,,24.770573788550866,24.330000000000002,23.889426211449138,41137.6,66964.3,1.8295914200147798,24.059695741712616
2026-04-30,6609,39.0,41.2,38.65,39.4,1169419.0,46600578.0,39.4,39.339999999999996,38.782500000000006,38.54333333333333,39.34666666666667,39.74833333333333,50.0,91.17647058823536,0.4729276447049173,0.4129244276153454,0.0600032170895719,13.40464548303157,5.3915178397710815,39.79192863965478,,40.07835371169179,38.782500000000006,37.48664628830822,1169419.0,646683.35,1.0,39.84934228022633
2026-04-30,6612,68.2,68.2,68.0,68.0,7371.0,502044.0,68.0,68.3,68.77000000000001,71.76666666666667,74.93333333333334,76.51666666666667,50.0,46.42857142857138,-0.6960902619473899,-0.7001819008688098,0.004091638921419949,13.847898182429885,18.609920554716854,21.927199733221222,,71.11417531228734,68.77000000000001,66.42582468771268,7371.0,18712.35,1.0,68.1107041107041
2026-04-30,6613,227.0,234.5,225.0,228.0,380519.0,86944265.0,228.0,228.95,226.2,206.26666666666668,201.88333333333333,199.69166666666666,50.0,69.84126984126983,5.898908765481252,7.162811834993327,-1.2639030695120752,12.426017376920587,7.618489033034889,27.455090617532925,,242.32255693447166,226.2,210.0774430655283,380519.0,419289.85,1.0,228.48863000270683
2026-04-30,6615,33.05,33.45,33.0,33.45,6924.0,230380.0,33.45,33.455,33.519999999999996,34.369166666666665,34.834583333333335,35.06729166666666,50.0,45.45454545454569,-0.2301120841314983,-0.2656549340165675,0.03554284988506917,12.497844075787516,10.990667774841985,20.328697516804677,,33.78437612759551,33.519999999999996,33.255623872404485,6924.0,27176.7,1.0,33.27267475447718
2026-04-30,6616,9.94,9.94,9.89,9.89,6946.0,68737.0,9.89,9.901,9.983,10.078000000000001,10.064,10.057,50.0,0.0,-0.06139850784179046,-0.05524732055259345,-0.006151187289197009,11.523898979560718,7.109344254014492,31.264441091387233,,10.169728060079494,9.983,9.796271939920507,6946.0,20484.1,1.0,9.895911315865247
2026-04-30,6617,75.3,77.7,74.5,74.9,342825.0,25985108.0,74.9,74.08000000000001,70.535,73.10666666666665,74.50333333333333,75.20166666666667,50.0,87.25490196078434,1.0971232904605444,0.27886875292229946,0.8182545375382448,15.973907527666316,6.890165572239089,35.73669302283764,,78.66118250504269,70.535,62.4088174949573,342825.0,235946.95,1.0,75.7970043024867
2026-04-30,6620,76.3,76.7,75.1,75.1,264293.0,19989711.0,75.1,75.66,75.32499999999999,76.67666666666666,78.43833333333333,79.31916666666666,50.0,56.725146198830394,0.02053904263412676,0.059934555195995436,-0.03939551256186868,11.57741519320582,7.711432290597534,30.352813729527444,,81.359593257998,75.32499999999999,69.29040674200198,264293.0,525894.55,1.0,75.6346592607447
2026-04-30,6624,50.7,50.7,49.85,49.9,12128.0,606573.0,49.9,50.589999999999996,54.125,59.23833333333333,60.76916666666667,61.53458333333333,50.0,9.183673469387742,-2.7406894932992216,-2.441221207210202,-0.29946828608901965,7.530444590212003,26.267023037666643,37.67225112008014,,62.02753124005204,54.125,46.22246875994796,12128.0,28155.5,1.0,50.01426451187335
2026-04-30,6625,74.4,74.4,73.0,73.2,153373.0,11249037.0,73.67999999999999,74.55,76.63499999999999,79.715,81.29833333333333,83.47958333333332,7.407407407407504,28.368794326241158,-1.5105152978135834,-1.190872898096232,-0.3196423997173514,21.71560976271702,26.437600445919706,14.434749811188022,,82.27667761537253,76.63499999999999,70.99332238462745,149362.6,271042.0,1.0268500950037023,73.34431092825986
2026-04-30,6629,117.0,120.0,117.0,117.5,41633.0,4928529.0,117.5,117.4,117.225,117.45833333333333,122.72916666666667,125.36458333333333,50.0,50.0,0.9274183638346187,0.8170564457806214,0.11036191805399731,11.031122508377383,7.21332896773362,22.780587948900234,,118.22368334373509,117.225,116.2263166562649,41633.0,53165.75,1.0,118.38034732063507
2026-04-30,6637,71.5,72.3,71.3,72.3,24686.0,1773064.0,72.3,72.28,71.96000000000001,74.195,75.59750000000001,76.29875,50.0,85.71428571428557,-0.3057076517776096,-0.4674787959894944,0.16177114421188477,7.75904886123474,9.959188358298334,15.240062475214133,,72.86005847763242,71.96000000000001,71.0599415223676,24686.0,40214.1,1.0,71.82467795511626
2026-04-30,6640,1495.0,1530.0,1460.0,1460.0,570749.0,849138535.0,1460.0,1476.0,1549.0,1112.35,956.175,878.0875,50.0,34.78260869565217,66.76595411259473,105.42394301824316,-38.65798890564844,15.474750882574511,7.246420798304721,50.59567075863412,,1727.6381228835755,1549.0,1370.3618771164245,570749.0,788191.55,1.0,1487.7617569194165
2026-04-30,6641,18.4,18.45,18.1,18.15,33517.0,611573.0,18.419999999999998,18.44,18.380000000000003,19.858333333333334,19.996249999999996,21.27541666666667,28.571428571428527,47.82608695652171,-0.2495898277678421,-0.3280175786264609,0.0784277508586188,28.885332795455238,14.948645893719279,28.10755980709138,,18.740409124246167,18.380000000000003,18.01959087575384,47521.8,53552.05,0.7052973582650488,18.246650953247606
2026-04-30,6642,58.2,58.5,56.2,57.2,226929.0,12981807.0,57.2,57.279999999999994,56.67999999999999,55.836666666666666,55.16833333333333,54.83416666666667,50.0,78.94736842105269,0.4431854883769546,0.4529851401145444,-0.009799651737589787,8.019795038306645,6.668978943285748,20.032372190638068,,59.03537459307096,56.67999999999999,54.32462540692902,226929.0,182520.25,1.0,57.20646986502386
2026-04-30,6643,557.0,558.0,545.0,548.0,375590.0,208048985.0,548.0,543.8,507.0,478.73333333333335,474.6166666666667,472.55833333333334,50.0,100.0,22.820872901473592,19.487753884022833,3.333119017450759,18.204087221824828,5.5618431490566955,36.88387603221878,,591.8478514444342,507.0,422.15214855556576,375590.0,1259590.1,1.0,553.9257834340638
2026-04-30,6645,13.05,13.05,12.9,12.9,19089.0,246521.0,12.940000000000001,13.075,13.2025,15.425833333333333,18.06833333333333,19.097708333333333,27.27272727272731,37.5,-0.5012958458423942,-0.5964931743933859,0.09519732855099172,22.91506791231204,18.668565576599608,14.365705547137454,,13.631053257760986,13.2025,12.773946742239016,31928.6,47526.5,0.5978652368096316,12.914296191523915
2026-04-30,6649,39.3,41.15,38.85,40.45,75599.0,3002191.0,40.45,40.370000000000005,40.3425,43.125,45.7375,47.04375000000001,50.0,49.18032786885251,-0.4610429474608537,-0.6235088136994968,0.16246586623864312,6.414621269249789,8.682245234320925,23.678658074397344,,41.124720187065094,40.3425,39.56027981293491,75599.0,205335.55,1.0,39.712046455640944
2026-04-30,6651,111.5,113.5,106.0,107.0,590172.0,64051444.0,107.0,105.6,98.965,97.73,98.56500000000001,98.98250000000002,50.0,100.0,3.5788128637484817,2.4643794617994073,1.1144334019490745,16.817020262291397,4.052469562287652,43.9087833951339,,113.90097211961425,98.965,84.02902788038575,590172.0,343388.5,1.0,108.53013019933172
2026-04-30,6654,89.2,90.2,89.0,89.9,19231.0,1716968.0,89.9,89.67,89.01000000000002,,,,50.0,54.320987654320994,-0.0826951511640317,-0.3261001421711045,0.2434049910070728,17.06046676490269,11.519118504293463,24.816830324181407,,91.42128923803709,89.01000000000002,86.59871076196295,19231.0,23553.85,1.0,89.2812646248245
2026-04-30,6655,137.0,138.5,136.5,137.0,11021.0,1512381.0,138.5,138.5,134.675,,,,37.5,65.9090909090909,2.8542679868395737,2.927785570361207,-0.07351758352163307,20.383477843156363,16.362134012421905,23.61829083125427,,143.6970490145569,134.675,125.65295098544311,12522.4,10533.1,0.8801028556826168,137.227202613193
2026-04-30,6657,41.95,43.65,41.95,42.05,190417.0,8107253.0,42.040000000000006,43.17,43.025,45.445,45.81541666666667,53.860625000000006,4.651162790697441,51.14285714285713,-0.6660852783673334,-0.5327376297556337,-0.1333476486116998,32.324313501535904,24.552205691678548,12.983417468742637,,47.31642351551045,43.025,38.73357648448955,172041.2,339402.3,1.106810461680109,42.576308837971396
2026-04-30,6658,150.0,154.0,142.0,149.5,2429658.0,359614344.0,132.3,109.72999999999999,93.305,70.21416666666667,61.967083333333335,66.29229166666667,100.0,93.9119170984456,18.389503452499795,11.668634224010553,6.720869228489242,69.28436606202946,2.8659824963786265,64.83499407077065,,143.62902272432027,93.305,42.980977275679756,3587749.6,2698262.2,0.6772094685760678,148.01027305077506
2026-04-30,6661,17.8,18.0,17.8,18.0,2000.0,35800.0,18.0,18.064999999999998,18.277499999999996,,,,50.0,31.99999999999997,-0.20767511108564207,-0.1910511282964748,-0.01662398278916727,8.123347515638288,15.05252189743457,25.300685975147108,,18.82567880294662,18.277499999999996,17.729321197053373,2000.0,4400.8,1.0,17.9
2026-04-30,6662,31.0,31.0,31.0,31.0,2247.0,69122.0,31.0,30.939999999999998,30.734999999999996,30.1725,30.28625,30.343125,50.0,57.894736842105274,0.2880935434069478,0.2683334831766462,0.019760060230301635,9.684164175856441,7.306829713409558,17.39985583235842,,31.34810255002088,30.734999999999996,30.121897449979112,2247.0,14926.85,1.0,30.761904761904763
2026-04-30,6664,455.0,497.5,447.0,464.5,5136771.0,2392623672.0,464.5,461.9,432.95,335.44166666666666,311.97083333333336,300.23541666666665,50.0,100.0,37.77628796657632,39.36433549013853,-1.58804752356221,12.865347120684161,1.7719798177797805,60.178733289096854,,502.61226797160293,432.95,363.28773202839704,5136771.0,4691941.85,1.0,465.7835967381065
2026-04-30,6666,41.35,41.35,40.0,40.15,25309.0,1022359.0,41.08,41.47,41.292500000000004,42.55416666666667,45.236250000000005,,26.262626262626227,39.310344827586164,-0.262426187109277,-0.19940708716731478,-0.06301909994196223,19.035508648532026,25.90434109680239,10.949165092345158,,42.83565977956501,41.292500000000004,39.749340220434995,17324.8,17693.65,1.4608538049501294,40.39507685013236
2026-04-30,6667,263.0,268.5,261.5,266.0,641422.0,170011358.0,266.0,268.25,267.375,253.24166666666667,247.12083333333334,244.06041666666667,50.0,58.33333333333333,3.2381069900063153,4.67564613078995,-1.4375391407836347,14.3550100177674,10.963752317503767,19.84862649083976,,290.52411615909676,267.375,244.2258838409032,641422.0,1044393.4,1.0,265.0538303955898
2026-04-30,6668,33.9,34.45,33.5,34.0,222589.0,7582439.0,34.440000000000005,36.155,35.160000000000004,36.04333333333333,37.87291666666667,40.74166666666667,3.8461538461539675,50.70422535211267,-0.10987514997979275,0.09311479239971605,-0.2029899423795088,24.944393538819483,26.835831203613903,18.340762615351718,,38.70424663511538,35.160000000000004,31.61575336488463,317077.6,555934.1,0.7020016551153409,34.06475162743891
2026-04-30,6669,4925.0,4940.0,4660.0,4675.0,2198340.0,10448026410.0,4769.0,4445.0,4013.75,3911.25,3985.5416666666665,3254.6875,65.55023923444976,77.86666666666667,274.146540157104,163.40586631587888,110.74067384122515,35.718929701823534,13.340767784104582,31.64252987735978,,5057.648941468953,4013.75,2969.851058531047,3528964.0,2400836.95,0.6229420305789461,4752.689033543492
2026-04-30,6670,253.0,255.0,251.0,251.0,252472.0,63851814.0,252.1,255.6,259.075,265.84166666666664,258.05,279.76666666666665,22.727272727272734,20.408163265306115,-4.076837029329852,-3.189876640201025,-0.8869603891288267,14.765241524618098,25.895790947847196,19.355279188759628,,269.26929665108565,259.075,248.88070334891435,274654.6,444820.3,0.9192345586056088,252.9065163661713
2026-04-30,6671,30.0,30.0,29.45,29.5,17583.0,521640.0,29.98,30.865,30.9775,33.73166666666667,,,14.545454545454618,43.2258064516129,-0.7186155299967396,-0.6637246557557015,-0.05489087424103811,23.207165397565337,20.309852008463654,18.81183262906043,,33.11401831874042,30.9775,28.840981681259578,26636.4,42305.0,0.6601117268099292,29.667292270943523
2026-04-30,6672,208.0,227.0,206.0,219.0,12796191.0,2774982301.0,210.5,200.05,172.475,125.38833333333334,107.80499999999999,94.02708333333334,63.541666666666664,82.24299065420561,24.730302742485975,21.748152392652724,2.982150349833251,42.592665800432464,3.081841576027385,67.29194678274077,,234.18354670823175,172.475,110.76645329176824,11260497.4,9274802.6,1.1363788423768917,216.86002506527137
2026-04-30,6674,19.1,19.1,18.65,18.65,13115.0,246037.0,18.689999999999998,18.87,18.707500000000003,19.330000000000002,20.01875,21.8875,38.888888888888886,49.450549450549445,-0.03916013801844187,-0.060773240919044895,0.021613102900603025,28.081887376292492,20.467009104951106,16.23456673462971,,19.713939790863083,18.707500000000003,17.701060209136923,22873.2,40678.4,0.5733784516377245,18.759969500571863
2026-04-30,6679,288.0,298.0,284.0,286.0,484019.0,139768569.0,286.0,285.0,271.45,230.9,209.2,198.35,50.0,100.0,13.708885877669161,14.39205570269543,-0.683169825026269,15.855779824506008,2.1131663151494804,67.60284101658057,,304.60339150706915,271.45,238.29660849293083,484019.0,627829.05,1.0,288.7666992411455
2026-04-30,6680,52.9,52.9,52.7,52.7,7023.0,370916.0,52.7,52.95,53.82000000000001,,,,50.0,24.242424242424335,-1.7005567656492175,-1.9013148057124072,0.20075804006318965,5.013563489044613,13.8829204538542,54.38894083676826,,55.976605519889645,53.82000000000001,51.66339448011037,7023.0,12586.15,1.0,52.814466752100245
2026-04-30,6683,2125.0,2125.0,2125.0,2125.0,463675.0,985309375.0,2125.0,2099.5,1932.75,1229.9666666666667,962.9833333333333,829.4916666666667,50.0,100.0,234.00377996224324,249.0660861038964,-15.062306141653153,34.9575136593393,3.498898831510004,73.4499423128929,,2311.1882727946395,1932.75,1554.3117272053605,463675.0,1189734.95,1.0,2125.0
2026-04-30,6684,48.0,49.1,47.95,47.95,216495.0,10513194.0,47.95,47.86,45.8175,46.229166666666664,46.864583333333336,47.182291666666664,50.0,100.0,0.8646486832063829,0.6038430885605943,0.26080559464578856,15.403741334173485,7.629980179369755,31.74187956814354,,51.052028581800315,45.8175,40.58297141819969,216495.0,254636.55,1.0,48.56090902792212
2026-04-30,6689,69.0,69.5,68.6,68.6,216513.0,14925847.0,68.94000000000001,70.35999999999999,71.895,68.74333333333334,68.28999999999999,75.41124999999998,17.91044776119388,40.90909090909086,-0.8728693400046552,-0.17670954873545333,-0.6961597912692019,19.2948146036422,22.182759012446027,11.615475930908902,,76.31622869323553,71.895,67.47377130676446,281697.0,406919.75,0.7686024345307192,68.93741715278067
2026-04-30,6690,168.0,168.5,166.5,166.5,39882.0,6674704.0,166.5,166.85,167.95,165.36666666666667,163.43333333333334,162.46666666666667,50.0,30.0,-0.12372857615318367,0.26516343727805863,-0.3888920134312423,10.935269539131404,13.336113464552987,14.54811999502136,,170.8500907426819,167.95,165.04990925731806,39882.0,46597.8,1.0,167.36131588185145
2026-04-30,6691,638.0,638.0,630.0,631.0,319688.0,202602095.0,643.4,657.8,632.05,611.4166666666666,545.8333333333334,492.21875,1.8181818181818272,50.413223140495866,11.346831034405568,14.05109225123592,-2.7042612168303517,21.19408643642996,25.146995113864413,18.279527283379085,,708.8586480876509,632.05,555.241351912349,578370.4,723118.0,0.5527392134867206,633.7494525912765
2026-04-30,6692,32.3,32.6,30.9,32.35,52828.0,1693611.0,32.35,32.32,32.339999999999996,31.336666666666666,31.093333333333337,30.97166666666667,50.0,40.000000000000185,0.26691710851298467,0.30928897519392584,-0.04237186668094117,7.200480348683018,5.934740260867324,30.315123094505935,,32.66541471515907,32.339999999999996,32.01458528484092,52828.0,55972.9,1.0,32.05896494283335
2026-04-30,6693,141.0,141.0,137.0,139.5,589851.0,81642671.0,139.5,139.9,140.7,107.23333333333333,95.81666666666668,90.10833333333333,50.0,50.0,7.633784561651595,9.73022684251628,-2.096442280864686,16.946962509165235,4.484283563157213,55.4629859947183,,145.26992456462202,140.7,136.13007543537796,589851.0,1238552.85,1.0,138.4123634612809
2026-04-30,6695,46.3,49.95,46.0,46.5,6236826.0,296059954.0,43.77,43.31,41.0475,41.928333333333335,44.794999999999995,45.39,54.66666666666665,72.46753246753245,1.072861308752465,0.449208148248207,0.623653160504258,42.40522595018871,14.480559902967228,23.798696612804214,,46.54251927586331,41.0475,35.552480724136686,2686031.0,1464800.15,2.321948629781265,47.46965106930993
2026-04-30,6697,42.7,42.7,41.3,41.6,69851.0,2915567.0,41.6,41.55,41.5925,43.332499999999996,43.74125,43.94562499999999,50.0,36.66666666666678,-0.4766346989635579,-0.5860897832401699,0.10945508427661199,11.606198195354015,10.709798819773827,13.35170465696664,,42.282484744301435,41.5925,40.90251525569857,69851.0,51517.55,1.0,41.73980329558632
2026-04-30,6698,30.9,31.1,30.7,30.85,166627.0,5150938.0,30.43,31.145,30.790000000000003,31.95,32.10875,31.616666666666667,21.87500000000007,49.60629921259845,-0.19400565531417158,-0.19029823560332326,-0.0037074197108483142,25.540238655651425,24.38170666575514,11.000836057810375,,32.3882226970836,30.790000000000003,29.19177730291641,166734.8,216040.8,0.9993534643037927,30.91298529049914
2026-04-30,6703,112.0,112.0,111.0,111.5,30176.0,3362722.0,111.5,111.85,114.575,111.15,108.325,106.9125,50.0,0.0,-0.7976920521583963,-0.1969605002802717,-0.6007315518781247,15.357434652204935,20.203924897913815,22.913671898914256,,120.80121791087373,114.575,108.34878208912627,30176.0,59545.4,1.0,111.43696977730647
2026-04-30,6706,151.5,160.0,150.5,151.5,21234654.0,3291934109.0,135.9,139.9,136.025,125.88333333333334,105.64333333333335,86.19875,63.44086021505377,57.23270440251572,4.60584128090855,4.590515019670032,0.01532626123851788,35.26623565372477,17.994706154082436,20.698675307947042,,160.83687109769022,136.025,111.21312890230979,8897460.2,9646629.65,2.3865972449081596,155.02650097336175
2026-04-30,6708,40.7,41.0,40.0,40.2,29541.0,1190562.0,40.2,40.11,39.61,40.84083333333333,41.845416666666665,42.34770833333334,50.0,100.0,0.03792501637851586,-0.11662204939327987,0.15454706577179572,10.742869731966644,7.011757834392089,20.0931665715471,,40.726196549377654,39.61,38.493803450622345,29541.0,25077.15,1.0,40.30202092007718
2026-04-30,6712,129.0,129.5,127.0,128.5,313867.0,40188318.0,128.5,129.65,135.225,144.7,149.6,152.05,50.0,6.896551724137922,-4.36223088881178,-3.957399425030376,-0.4048314637814041,4.681392767153486,26.5671730212645,48.75278526683238,,147.7422512536648,135.225,122.70774874633518,313867.0,240664.65,1.0,128.0425084510318
2026-04-30,6715,387.0,407.0,379.0,400.5,1572137.0,624829230.0,385.9,409.25,398.2,259.6533333333333,176.6816666666667,145.76833333333335,38.372093023255815,43.13725490196078,27.0813726124631,39.163250572524895,-12.081877960061796,29.79027336679165,20.91392568196223,39.138617787528,,477.386920770117,398.2,319.013079229883,1041583.2,2002251.85,1.5093724629967151,397.43942798878214
2026-04-30,6716,83.9,85.4,81.5,82.2,325355.0,27120691.0,82.2,81.76,77.96,71.68833333333333,64.94416666666667,61.57208333333333,50.0,100.0,2.5970851222777753,2.3713911020315814,0.2256940202461939,17.440014127104444,6.356493383894736,42.602049223661325,,86.94639907977916,77.96,68.97360092022083,325355.0,384621.55,1.0,83.35722825836395
2026-04-30,6719,172.5,172.5,170.0,170.0,231499.0,39642382.0,174.5,173.85,167.425,179.46666666666667,188.44166666666666,190.83541666666667,28.26086956521739,61.53846153846154,0.5127270724491666,-0.7102904815552717,1.2230175540044383,22.8496451882776,20.168241590595727,21.68759497714041,,182.42070113838224,167.425,152.42929886161778,554674.2,512697.65,0.4173603171014625,171.2421306355535
2026-04-30,6720,162.0,162.5,160.0,160.0,61702.0,9925772.0,160.0,160.25,162.125,165.43333333333334,166.71666666666667,167.35833333333332,50.0,0.0,-1.6487659811967035,-1.564723762702877,-0.08404221849382654,9.791309721522014,10.413421960332823,9.211504550453238,,166.50046989957693,162.125,157.74953010042307,61702.0,69774.1,1.0,160.86629282681275
2026-04-30,6721,57.9,57.9,57.7,57.7,4141.0,239355.0,57.7,,,,,,50.0,100.0,-0.7854119918225138,-0.8686614345577875,0.0832494427352738,6.372773755580462,10.693002268409568,42.57208099977936,,,,,4141.0,19116.45,1.0,57.80125573532963
2026-04-30,6725,344.5,356.5,340.5,354.0,791470.0,277058156.0,354.0,357.65,356.775,283.10833333333335,262.0541666666667,251.52708333333334,50.0,57.558139534883715,18.099930682659647,23.409466261808593,-5.309535579148946,18.996215017450062,8.584060879691984,45.0256574235264,,393.32413779672635,356.775,320.2258622032736,791470.0,1859493.2,1.0,350.0551581234917
2026-04-30,6727,392.0,403.0,377.0,382.0,1405574.0,546232110.0,382.0,383.7,390.55,271.0083333333333,221.50416666666666,196.75208333333333,50.0,35.48387096774192,23.660253370633257,31.619126311451566,-7.95887294081831,14.872619977636328,6.444015654360758,54.253404618360584,,409.26081871116884,390.55,371.8391812888312,1405574.0,776335.0,1.0,388.61853591486465
2026-04-30,6728,117.0,118.0,116.5,116.5,23477.0,2748031.0,116.5,116.75,117.475,,,,50.0,36.36363636363636,-2.3481900806143443,-2.8488851955417642,0.5006951149274199,5.073959748436896,15.348741215823411,57.73603688025296,,119.51344626073394,117.475,115.43655373926605,23477.0,25621.75,1.0,117.05205094347659
2026-04-30,6730,38.2,38.5,37.95,38.5,13365.0,509405.0,38.5,38.55,38.2125,37.498333333333335,37.74916666666666,37.874583333333334,50.0,78.72340425531917,0.38408642276755955,0.4102478241458806,-0.02616140137832107,13.943540443701313,5.2199693543846575,43.14494473058696,,39.69249822190508,38.2125,36.732501778094914,13365.0,57077.85,1.0,38.11485222596334
2026-04-30,6732,151.0,151.5,149.0,151.0,98283.0,14746710.0,151.0,151.7,152.225,163.36666666666667,169.43333333333334,172.46666666666667,50.0,50.0,-2.4349768033960117,-2.8388505518693266,0.4038737484733148,10.331262883500578,14.123179894380783,22.540750883657484,,158.35065785940793,152.225,146.09934214059206,98283.0,174435.95,1.0,150.0433442202619
2026-04-30,6733,29.0,30.1,28.8,29.15,293530.0,8614946.0,29.15,29.309999999999995,30.317500000000003,33.89833333333333,34.899166666666666,35.39958333333333,50.0,0.0,-1.2954702733262486,-1.3459658084122075,0.05049553508595883,2.001486008288448,17.834586088407168,65.64599986568912,,32.57844414372666,30.317500000000003,28.056555856273352,293530.0,244189.4,1.0,29.349456614315404
2026-04-30,6735,123.0,126.0,119.5,121.5,1838938.0,224242838.0,121.5,116.93999999999998,94.615,71.24500000000002,66.7225,64.46125,50.0,100.0,16.139795404466128,13.621763854599081,2.5180315498670467,33.05208206938075,2.6266053479238707,59.68847052553672,,144.68393248312765,94.615,44.546067516872334,1838938.0,1055762.7,1.0,121.94148905509593
2026-04-30,6739,1495.0,1520.0,1415.0,1420.0,554332.0,812032425.0,1420.0,1434.0,1472.0,1144.15,1012.075,946.0375,50.0,34.883720930232556,54.97171478941823,82.26995505067478,-27.298240261256552,12.099073616609337,9.622185522655585,31.501790390309747,,1582.2819353437303,1472.0,1361.7180646562697,554332.0,690282.2,1.0,1464.8846269022897
2026-04-30,6741,65.7,65.7,64.7,65.5,283760.0,18453129.0,65.5,65.32000000000001,63.625,63.53,64.265,64.6325,50.0,100.0,0.8928216913021316,0.6733799040141204,0.21944178728801123,13.95152203984969,5.544386544461121,31.36203709197363,,67.64854910103264,63.625,59.601450898967364,283760.0,266903.0,1.0,65.03076191147449
2026-04-30,6742,38.8,40.25,38.8,39.1,244882.0,9653095.0,39.83,41.589999999999996,41.4375,42.92,45.077083333333334,49.729166666666664,2.9411764705882177,45.69892473118281,-0.5575710995022689,-0.23620561510647456,-0.3213654843957944,13.034583472876992,24.416936922099268,17.90659775641601,,44.873053276516934,41.4375,38.001946723483066,214460.0,319604.65,1.1418539587801921,39.41937341250071
2026-04-30,6743,30.8,31.45,29.7,29.7,1972398.0,60154475.0,28.809999999999995,25.919999999999998,24.580000000000002,25.60333333333333,27.578333333333333,29.62833333333333,83.69565217391305,72.96137339055792,1.178399536679116,0.2379988419753243,0.9404006947037917,42.798642454293066,11.406633545218387,24.117662331471085,,30.115379034233914,24.580000000000002,19.04462096576609,1992374.0,727040.4,0.9899737699849527,30.49814236274829
2026-04-30,6751,51.5,52.0,51.5,51.8,12560.0,649782.0,51.8,51.720000000000006,51.45,54.111666666666665,55.80583333333334,56.65291666666667,50.0,66.66666666666654,-0.3611013320348775,-0.5728471245276078,0.2117457924927303,5.8736429975522055,9.697393593714123,29.092486695197348,,52.14736345579172,51.45,50.752636544208286,12560.0,35526.0,1.0,51.73423566878981
2026-04-30,6752,105.0,107.5,105.0,105.0,73717.0,7849075.0,105.0,105.05,104.975,112.35833333333333,114.42916666666666,115.46458333333334,50.0,50.0,-1.8906602528105054,-2.287447112244912,0.3967868594344064,8.138972374549724,13.827647940309728,26.7048405203699,,106.20937604097011,104.975,103.74062395902988,73717.0,57861.75,1.0,106.47577899263399
2026-04-30,6753,138.5,138.5,136.0,136.0,349670.0,47758558.0,138.9,140.5,135.225,138.41666666666666,133.36666666666667,123.305,37.83783783783784,60.0,1.4537271610816163,1.3010897554928027,0.15263740558881356,20.103380558462757,17.408139939121465,19.463934501892847,,149.38006232673314,135.225,121.06993767326686,932907.2,1260918.85,0.3748175595600506,136.58179998284098
2026-04-30,6754,46.6,46.75,46.0,46.0,6470.0,299771.0,46.4,46.754999999999995,46.515,45.22666666666667,46.24041666666667,51.81041666666667,21.951219512195223,35.80246913580255,0.4040550069096227,0.5619543659754552,-0.15789935906583252,29.663997941165054,27.685842524642933,15.754906896309828,,48.09217268687445,46.515,44.93782731312555,9237.6,20632.25,0.7003983718714818,46.332457496136016
2026-04-30,6756,83.9,87.7,83.9,84.6,544899.0,46769894.0,85.16,83.69000000000001,78.015,78.445,80.75166666666665,88.05958333333334,36.05769230769227,66.35071090047393,2.6453743749050034,1.7976777219648141,0.8476966529401893,36.91870273584052,10.682102753983797,35.729514458222305,,91.36617183896846,78.015,64.66382816103155,628587.6,388624.75,0.8668624707200715,85.83222578863239
2026-04-30,6757,49.6,49.85,49.1,49.65,798930.0,39642429.0,48.71,48.894999999999996,49.277499999999996,57.10666666666667,63.645833333333336,75.55666666666666,60.60606060606053,52.136752136752136,-1.5550377658056433,-2.008913205445852,0.4538754396402087,20.632757578028883,33.766876319537495,36.7027115197971,,50.71221068052921,49.277499999999996,47.84278931947078,909563.8,955882.4,0.8783660915265097,49.61940220044309
2026-04-30,6761,207.5,223.5,205.5,218.0,2818164.0,607573300.0,218.0,215.75,205.25,171.68333333333334,158.34166666666667,151.67083333333332,50.0,77.41935483870968,12.268256801126938,12.368979656633487,-0.10072285550654847,15.608625325478428,3.964697124104213,50.051952177441045,,229.61239552649727,205.25,180.88760447350273,2818164.0,2802688.9,1.0,215.59188890355566
2026-04-30,6762,149.0,149.0,140.0,143.5,25281.0,3557450.0,143.5,146.2,156.325,,,,50.0,20.54794520547945,-6.34667360226328,-4.7594765292124235,-1.5871970730508567,2.6772802795249637,15.102108702167,56.05484392913081,,180.51781102441709,156.325,132.1321889755829,25281.0,14735.85,1.0,140.71634824571814
2026-04-30,6763,47.35,49.0,47.35,47.9,402365.0,19397293.0,47.9,47.97,47.790000000000006,50.00750000000001,51.30375,51.951875,50.0,68.18181818181809,-0.33995594407758745,-0.46587781795709055,0.1259218738795031,7.987551582075024,9.91816938402299,22.929721340094975,,48.87559951906273,47.790000000000006,46.70440048093728,402365.0,322818.85,1.0,48.208201508580515
2026-04-30,6767,27.8,27.8,27.8,27.8,3000.0,83400.0,27.8,27.839999999999996,27.994999999999997,28.524166666666666,28.66208333333333,28.73104166666667,50.0,28.5714285714285,-0.17683789613619183,-0.1844988771687217,0.007660981032529879,11.621077629174302,18.200599715162582,21.56084614362754,,28.370429578511146,27.994999999999997,27.61957042148885,3000.0,9994.0,1.0,27.8
2026-04-30,6768,77.6,78.8,76.5,78.1,541083.0,42207329.0,76.97999999999999,80.1,82.08000000000001,93.77666666666666,104.12166666666667,105.56625000000001,31.7073170731707,37.77777777777778,-3.996586172008662,-3.9256235734513423,-0.0709625985573199,14.156584608219811,34.35342577566437,37.13758127600524,,89.39763551112699,82.08000000000001,74.76236448887303,925561.8,800687.05,0.5845995372756309,78.00527645481377
2026-04-30,6770,53.9,54.0,51.8,51.9,94428431.0,4962186525.0,53.56,53.56999999999999,54.06999999999999,58.855,45.20875,30.4125,22.58064516129032,41.54589371980676,-1.743755982425462,-1.8323292599851144,0.08857327755965239,22.533070002339503,26.982699893215777,12.73347172764815,,57.08511979337717,54.06999999999999,51.05488020662282,97243231.8,119723931.55,0.9710540183836218,52.54970851946063
2026-04-30,6771,44.95,44.95,44.4,44.4,16724.0,746901.0,44.9,45.30499999999999,44.805,44.4875,46.50875,51.163125,0.0,47.99999999999997,0.17285019829515136,0.24975117036410235,-0.076900972068951,24.01337963449695,19.198708750451768,22.53795410232893,,46.178010522440225,44.805,43.431989477559775,32872.2,41986.5,0.508758160390847,44.660428127242284
2026-04-30,6776,57.5,57.7,56.5,56.7,434679.0,24783646.0,57.760000000000005,58.75,59.08,58.420833333333334,54.89416666666667,55.30875,7.999999999999972,38.59649122807019,-0.3814096524740549,0.032948850483242365,-0.41435850295729726,20.63123869929293,28.010066977782387,13.493505435516226,,62.04122307590317,59.08,56.11877692409683,367989.8,425639.15,1.181225675276869,57.01597270629591
2026-04-30,6781,1125.0,1160.0,1100.0,1105.0,1492056.0,1671858950.0,1156.0,1108.5,1046.7,1110.65,1177.9916666666666,1117.5541666666666,46.80851063829787,63.75545851528384,23.45254307241248,5.565517501227111,17.88702557118537,31.75589475988297,16.870567257285362,25.531822872887545,,1209.3919594946565,1046.7,884.0080405053436,2671309.6,1838412.7,0.558548511187172,1120.5068375449714
2026-04-30,6782,221.0,227.0,219.0,226.5,373965.0,83942516.0,221.4,224.3,214.9,194.34166666666667,189.875,185.01458333333332,48.33333333333333,62.04819277108434,7.46149239122488,7.909774996649673,-0.4482826054247928,34.51948010898999,14.672026715826492,36.10844336281776,,240.78557818351146,214.9,189.01442181648855,357163.8,490498.55,1.0470406015391258,224.4662361450938
2026-04-30,6785,150.5,151.0,145.5,146.5,186064.0,27410460.0,146.5,148.65,158.4,203.36666666666667,228.68333333333334,241.34166666666667,50.0,6.0,-12.6097360226928,-13.568532119488722,0.9587960967959219,8.068154132502887,28.609855880755138,48.712842496619146,,180.50406011764147,158.4,136.29593988235854,186064.0,128604.4,1.0,147.31737466678132
2026-04-30,6788,440.0,446.5,434.0,442.0,1379300.0,608668010.0,442.0,440.9,413.05,360.075,341.7875,332.64375,50.0,100.0,23.039444550789653,23.145165549015477,-0.10572099822582359,19.209575308735044,5.531008618398478,46.06764359659072,,485.0513888754925,413.05,341.04861112450754,1379300.0,3213322.8,1.0,441.2876169071268
2026-04-30,6789,555.0,591.0,555.0,576.0,11807099.0,6771418853.0,563.2,522.75,440.8,351.1333333333333,304.1333333333333,266.94166666666666,86.49789029535864,89.85024958402663,63.30109891414867,50.357494526774474,12.943604387374194,45.11067277107396,10.053840647743897,48.158083430372706,,629.2025365791903,440.8,252.39746342080963,13762424.4,9697900.05,0.8579228962013408,573.5040294826019
2026-04-30,6790,39.55,39.9,39.4,39.6,145228.0,5747128.0,39.56,39.735,40.122499999999995,39.37583333333334,38.87375,39.97875,20.000000000000284,16.66666666666687,-0.07832345447777556,0.046138312194899694,-0.12446176667267525,18.559085431431622,22.072903944471694,17.89410614828248,,41.0312151137157,40.122499999999995,39.21378488628429,135527.4,164485.9,1.0715766701050857,39.57314016580825
2026-04-30,6791,125.5,125.5,122.0,124.0,27826.0,3433676.0,124.0,125.1,117.925,108.05666666666666,107.02833333333334,106.51416666666667,50.0,76.08695652173913,5.5388915997005626,5.760348480214735,-0.22145688051417256,25.703599123841798,9.470297512896709,39.701655368146945,,145.69904126916077,117.925,90.1509587308392,27826.0,258600.2,1.0,123.39811686911521
2026-04-30,6792,58.0,58.9,57.5,57.6,37446.0,2172405.0,58.56,59.730000000000004,58.35,57.10666666666667,55.28416666666667,55.52708333333333,16.176470588235304,55.84415584415585,0.4923791651055822,0.7242574172304073,-0.23187825212482505,26.14554589775316,23.026092692961488,18.982906094283017,,63.08264141223933,58.35,53.61735858776067,62183.0,78618.95,0.6021903092485085,58.014340650536774
2026-04-30,6794,83.1,83.1,81.0,81.5,19000.0,1550400.0,81.14000000000001,81.14,81.575,84.15666666666667,80.095,74.22,72.72727272727285,54.166666666666664,-0.3592988217321107,-0.4619534597744553,0.10265463804234459,16.96507616260611,16.593773949933574,13.774502992905086,,83.47111791772194,81.575,79.67888208227807,24928.2,32821.1,0.7621890068276088,81.6
2026-04-30,6796,69.9,70.0,69.3,69.5,39651.0,2763107.0,70.32000000000001,71.66,72.19,80.49833333333332,84.55333333333333,,8.333333333333272,45.81005586592179,-1.9536904195657598,-2.015393650939283,0.06170323137352307,19.380854184099015,27.000770132221554,17.40801971096069,,76.06483106592866,72.19,68.31516893407134,61515.0,58029.7,0.6445744940258473,69.68568258051499
2026-04-30,6799,89.0,90.7,87.2,88.0,300123.0,26618300.0,89.82000000000001,87.58,81.85499999999999,81.72833333333334,81.89833333333334,89.62833333333333,41.711229946524085,67.98866855524079,2.979846015577067,2.0240696326131937,0.9557763829638732,25.730674701294813,13.340824382570005,24.08453986515627,,95.08629861948144,81.85499999999999,68.62370138051854,717808.2,403240.4,0.4181102974304278,88.69130323234141
2026-04-30,6803,288.5,289.5,288.0,288.5,34787.0,10043900.0,288.5,288.6,289.375,294.4166666666667,296.7083333333333,297.8541666666667,50.0,0.0,-1.3585172442880662,-1.5470297540134696,0.18851250972540345,3.4288605861753823,14.057857758809591,53.60002594417543,,291.14834058829905,289.375,287.60165941170095,34787.0,44698.65,1.0,288.7256733837353
2026-04-30,6804,15.9,15.9,15.4,15.4,22544.0,349865.0,15.4,15.52,16.072499999999998,16.625000000000004,16.8625,16.98125,50.0,3.703703703703752,-0.37947238032258745,-0.31238777653956956,-0.0670846037830179,2.977533195877323,15.480107515540853,43.59999157125901,,17.321699743835993,16.072499999999998,14.823300256164002,22544.0,22806.6,1.0,15.519206884315118
2026-04-30,6805,2080.0,2115.0,1995.0,2070.0,1768168.0,3630504030.0,2042.0,1978.5,1913.0,1733.0833333333333,1550.2833333333333,1158.5020833333333,66.03773584905662,64.33566433566433,75.76529343847142,60.655023851110805,15.110269587360612,24.194630425259557,10.919625954943205,30.34058169623133,,2111.5579591905007,1913.0,1714.4420408094993,2575816.2,2215104.8,0.6864495999365171,2053.257399749345
2026-04-30,6806,23.7,23.95,22.5,22.65,453775.0,10429870.0,22.589999999999996,24.575,25.452499999999997,37.57000000000001,,,26.136363636363626,49.54128440366973,-3.752890676811642,-4.10533303527608,0.3524423584644376,27.818437970846123,49.76377664983137,36.62979630188297,,35.52620077818013,25.452499999999997,15.378799221819863,508214.2,1519150.75,0.8928813874149916,22.984673020770206
2026-04-30,6807,36.75,37.0,36.5,36.9,13309.0,488725.0,36.21,37.235,39.32000000000001,,,,39.024390243902424,26.69902912621359,-1.8860479396372298,-1.7051361771183875,-0.18091176251884233,10.71840370967931,40.79169542296396,45.8134440044668,,44.17488359662932,39.32000000000001,34.46511640337069,24627.0,27677.8,0.5404231128436269,36.7213915395597
2026-04-30,6811,193.5,194.5,192.5,194.0,69305.0,13404734.0,194.0,194.1,192.15,197.11666666666667,200.55833333333334,202.27916666666667,50.0,72.0,0.1091147050543384,-0.3874640011891646,0.496578706243503,12.956387384746924,14.90816223249547,17.021677170733756,,198.32379862594217,192.15,185.97620137405784,69305.0,77705.25,1.0,193.41655003246518
2026-04-30,6821,54.0,57.2,52.5,52.8,879890.0,47919224.0,52.8,54.269999999999996,58.205000000000005,45.552499999999995,41.551249999999996,39.550625,50.0,36.63793103448275,1.1589556460066746,2.8307755769194793,-1.6718199309128048,11.83446575472915,8.622606247566255,42.32621308701597,,69.9669323510883,58.205000000000005,46.4430676489117,879890.0,1454412.3,1.0,54.46047119526305
2026-04-30,6823,94.2,99.9,91.0,96.8,2110941.0,202033884.0,96.8,94.83,81.485,68.78333333333333,65.54166666666667,63.920833333333334,50.0,100.0,8.948509613629994,7.690758387065749,1.2577512265642454,20.420559950539293,2.592382411474837,55.0642955866643,,111.53459234332479,81.485,51.4354076566752,2110941.0,1193028.35,1.0,95.7079728898155
2026-04-30,6829,247.0,254.0,245.0,245.5,509065.0,126738757.0,245.5,240.65,197.625,139.09166666666667,123.29583333333333,115.39791666666666,50.0,100.0,33.21838570841862,30.536249884853007,2.6821358235656163,37.722465792263826,0.912847562466791,76.2637448859348,,296.94101609323405,197.625,98.30898390676593,509065.0,2052026.75,1.0,248.96380030055101
2026-04-30,6830,827.0,850.0,827.0,850.0,1495241.0,1264437458.0,742.6,803.3,744.6,434.575,299.1125,217.44625,45.4337899543379,61.029411764705884,86.76243744416979,103.29948704753117,-16.537049603361382,43.516164076236905,28.90590438879447,47.87889910150761,,965.5285666883017,744.6,523.6714333116984,2442531.8,1648807.25,0.6121684884512046,845.6412431173303
2026-04-30,6834,38.2,39.0,37.2,37.6,410802.0,15561362.0,36.519999999999996,36.835,35.675,32.31666666666667,30.368333333333332,30.701041666666665,49.677419354838726,61.98830409356726,1.4582163499119432,1.4883743751432474,-0.030158025231304286,29.487930757122697,19.05442829766895,31.40739224512365,,40.809352826537406,35.675,30.540647173462588,696581.6,940277.05,0.58973995293588,37.8804436200408
2026-04-30,6835,39.3,40.5,37.4,37.95,904767.0,35285496.0,38.989999999999995,39.065000000000005,38.8375,38.858333333333334,39.05333333333333,40.22375,29.906542056074727,46.11872146118724,0.08762774295325215,0.11243914629906765,-0.024811403345815497,16.721099241253814,20.046721418506703,14.35883121387427,,40.47356556296361,38.8375,37.20143443703639,685198.2,479580.0,1.320445675426468,38.99953910785871
2026-04-30,6838,27.85,28.1,27.2,27.9,155436.0,4282864.0,27.53,28.385,29.597500000000004,28.13416666666667,28.239583333333332,29.311458333333334,34.8484848484848,30.718954248365975,-0.13949387727428686,0.2500393065012639,-0.38953318377555074,29.53202358291747,29.771137948993903,21.937767441420792,,33.19186327719124,29.597500000000004,26.00313672280877,155023.4,464908.15,1.0026615336781415,27.553874263362413
2026-04-30,6840,69.4,70.5,68.1,68.1,140076.0,9675527.0,68.1,68.28,67.64,65.13,65.865,66.2325,50.0,70.49180327868845,1.066109220656898,1.204686617890462,-0.138577397233564,11.351152023353377,8.748591086557736,19.531920780298336,,70.82509687533415,67.64,64.45490312466585,140076.0,164228.7,1.0,69.07341014877638
2026-04-30,6841,58.5,59.3,58.5,58.8,156824.0,9256898.0,58.8,58.8,58.839999999999996,62.41666666666666,64.55833333333334,65.62916666666666,50.0,33.33333333333333,-0.6996058970726153,-0.8853501162211863,0.18574421914857098,11.959889481132729,12.94246590953207,11.265031625935096,,58.95964860832727,58.839999999999996,58.72035139167272,156824.0,188666.0,1.0,59.02730449421007
2026-04-30,6843,46.6,46.6,46.15,46.15,14024.0,649681.0,46.15,46.22,46.1125,,,,50.0,65.8536585365853,-0.2908614420043065,-0.3608659856117688,0.07000454360746228,11.169839894571572,12.92823642358092,12.946552291699291,,47.095446697703686,46.1125,45.12955330229631,14024.0,12724.1,1.0,46.32636908157444
2026-04-30,6844,62.6,64.2,62.5,64.2,10386.0,657074.0,64.2,64.07,63.795,,,,50.0,59.090909090909214,-0.11131534924943765,-0.27434319957260644,0.1630278503231688,5.841375362879077,7.126973769835857,33.40875355285119,,64.7886111703752,63.795,62.801388829624806,10386.0,10631.3,1.0,63.26535721163104
2026-04-30,6846,70.3,70.3,68.0,69.0,25098.0,1733614.0,69.0,69.21,70.285,72.03666666666666,73.26833333333335,73.88416666666667,50.0,0.0,-0.7773252134824276,-0.7031864183360376,-0.07413879514638999,2.5053704888910144,9.565384364268485,42.96135732894689,,72.68699478504179,70.285,67.8830052149582,25098.0,19958.4,1.0,69.07379074029804
2026-04-30,6854,155.5,160.0,154.5,155.5,491639.0,76996401.0,158.2,169.15,157.2,139.61666666666667,140.89166666666668,148.16666666666666,6.849315068493141,58.910891089108915,5.647773342916821,7.73056554353753,-2.082792200620709,28.367600559427007,24.649669973877256,20.58599481319357,,190.29062516309105,157.2,124.10937483690893,954811.0,1287356.6,0.5149071386902748,156.61166221556874
2026-04-30,6855,103.5,103.5,103.5,103.5,9205.0,952841.0,103.5,104.2,107.225,,,,50.0,11.764705882352942,-2.5169208899099544,-2.3020973649922745,-0.21482352491767998,6.071279718515101,25.191701871195765,51.70739251301385,,114.15681073024932,107.225,100.29318926975067,9205.0,13461.95,1.0,103.51341662140142
2026-04-30,6856,,,,,,,,,,,,,50.0,50.0,-1.4054401176074265,-1.3931660742874419,-0.012274043319984607,1.9378408821490598,0.436309466519173,60.11540425650519,,,,,,,,
2026-04-30,6859,121.0,126.5,121.0,125.0,146615.0,18156057.0,125.0,124.45,120.05,116.925,114.4625,113.23125,50.0,100.0,2.2420330343207553,1.8115628880058003,0.43047014631495495,13.271417746087048,7.934929155872849,21.791588105659685,,130.08100456741886,120.05,110.01899543258114,146615.0,95547.75,1.0,123.83492139276336
2026-04-30,6861,305.0,328.0,305.0,328.0,612788.0,197401212.0,285.5,241.15,188.875,129.71,95.30166666666668,73.554375,100.0,96.60194174757281,44.69031440517887,29.819385352517905,14.870929052660962,58.83996604734091,3.950610278436962,60.15161955444179,,319.9450395329075,188.875,57.804960467092485,1362965.4,2109704.3,0.4495990874016318,322.13622329418985
2026-04-30,6862,172.0,174.0,169.5,170.0,231968.0,39693243.0,171.8,179.35,178.525,182.48333333333332,175.82083333333333,156.83333333333334,22.058823529411754,43.47826086956522,-2.7642071277786613,-1.1411732342985006,-1.6230338934801607,22.796665520898667,25.44712480897623,14.409217319509814,,203.63208643936372,178.525,153.4179135606363,368111.6,697880.1,0.63015672421081,171.11516674713755
2026-04-30,6863,99.9,104.0,99.9,101.5,96492.0,9866086.0,99.9,100.75,97.22999999999999,101.89666666666668,114.13583333333332,137.68666666666667,28.155339805825264,66.45569620253164,1.0979714345347134,0.5403232528505445,0.5576481816841689,29.491267778878914,17.52312491202281,24.745381808562676,,107.90887240252762,97.22999999999999,86.55112759747236,71864.6,105302.7,1.3426916729516338,102.2477096546864
2026-04-30,6865,36.1,36.5,36.1,36.5,6098.0,221377.0,36.5,36.48,36.5775,,,,50.0,36.111111111111086,-0.2717877258916559,-0.4046916730764821,0.13290394718482618,11.217170204424297,12.567632478622395,16.433167045867677,,37.220253124416814,36.5775,35.93474687558319,6098.0,45642.6,1.0,36.30321416857986
2026-04-30,6869,82.6,84.3,82.2,84.0,522367.0,43661649.0,82.32000000000001,85.0,84.675,96.99333333333334,101.98,124.85249999999999,28.282828282828277,55.978260869565226,-3.1366629704061495,-3.4768796675132267,0.34021669710707725,19.886607562310807,34.01879082753488,31.669704059710337,,89.99304277414004,84.675,79.35695722585996,558684.4,582612.8,0.9349947841751085,83.58424058181318
2026-04-30,6870,179.0,182.5,175.5,178.5,65104.0,11575717.0,178.5,179.7,184.825,190.15,193.325,194.9125,50.0,23.913043478260875,-3.395415083395193,-2.8061544235866482,-0.5892606598085446,5.3817819956494395,14.885635018432852,28.809507767626695,,196.80865114382266,184.825,172.84134885617732,65104.0,72653.6,1.0,177.80346829687883
2026-04-30,6872,18.45,19.0,18.3,19.0,53100.0,986420.0,19.0,18.95,18.195,18.697499999999998,19.29875,19.599375,50.0,100.0,0.29664604601813593,0.174366180929027,0.12227986508910893,12.613475897949128,6.365703659273645,36.143960847075064,,20.183096153557354,18.195,16.206903846442646,53100.0,51651.0,1.0,18.576647834274954
2026-04-30,6873,88.0,89.3,86.9,89.2,316605.0,28023089.0,87.28,88.58,87.265,99.51166666666667,106.67333333333333,153.7075,45.00000000000003,61.53846153846155,-1.9603953205330527,-2.697061657272474,0.7366663367394213,21.298544032052433,24.730511124035182,18.53602409009575,,91.90817269026716,87.265,82.62182730973284,551670.0,693528.0,0.5739028767197781,88.51120165505914
2026-04-30,6874,91.6,91.6,88.2,88.2,33666.0,3001473.0,88.2,88.25,88.235,76.93166666666667,69.46583333333334,65.73291666666667,50.0,52.17391304347845,1.8544876236059196,2.578905237353715,-0.7244176137477956,12.525733629752056,3.231679780283085,62.449706403124445,,88.80170794483364,88.235,87.66829205516636,33666.0,76789.1,1.0,89.15442880057032
2026-04-30,6875,38.5,38.5,36.9,37.0,90558.0,3382487.0,37.0,36.985,37.1275,39.945,41.4725,42.236250000000005,50.0,18.749999999999886,-0.6480471665172232,-0.7979223943386382,0.14987522782141505,5.1608870335347765,6.719632931712091,29.553726861680005,,37.64810187839577,37.1275,36.606898121604225,90558.0,91156.2,1.0,37.35160891362442
2026-04-30,6877,175.0,175.0,167.5,169.0,881940.0,150209433.0,169.0,167.85,151.625,114.46833333333333,99.78416666666666,92.44208333333333,50.0,98.86363636363636,15.138794133357123,15.247299787713915,-0.10850565435679194,24.940775305644486,2.3378992773022476,70.16088430380854,,191.3011561699348,151.625,111.94884383006519,881940.0,1063482.7,1.0,170.31706578678822
2026-04-30,6881,262.0,263.0,262.0,263.0,8543.0,2240714.0,263.0,261.9,252.825,,,,50.0,100.0,7.531616383513153,7.15328782930251,0.3783285542106434,44.4501683536022,4.755907579368962,65.02286614052885,,273.59764142036204,252.825,232.0523585796379,8543.0,7832.75,1.0,262.2865503921339
2026-04-30,6884,35.4,35.4,34.55,34.55,6006.0,209566.0,34.55,34.595,34.36749999999999,34.81666666666667,34.88333333333333,34.916666666666664,50.0,68.29268292682929,-0.0024094606722684375,-0.03902498632334368,0.036615525651075245,14.265451232012586,7.754600661890182,27.66615163579746,,35.33228795052268,34.36749999999999,33.40271204947731,6006.0,6826.8,1.0,34.892773892773896
2026-04-30,6885,23.1,23.3,22.85,22.95,164968.0,3799247.0,22.979999999999997,23.265,23.79,25.7925,28.002916666666668,28.83375,17.241379310344996,41.860465116279094,-0.6211062413682953,-0.6287623994123801,0.007656158044084815,23.606392053497654,23.061838489985767,9.639734109653096,,25.172065578457023,23.79,22.407934421542976,278345.2,288005.35,0.5926741326956599,23.030205858105816
2026-04-30,6887,38.95,39.0,37.25,37.95,26465.0,1018071.0,38.239999999999995,39.195,41.265,48.56666666666667,,,32.05128205128207,23.42857142857146,-2.279118502168828,-2.2736874655797337,-0.0054310365890941625,18.490734043715467,30.675244055195822,24.4659132894579,,46.21571499355334,41.265,36.31428500644666,18321.0,60023.2,1.4445172206757273,38.46858114490837
2026-04-30,6890,158.0,160.5,155.5,156.5,344612.0,54208771.0,157.5,163.35,161.025,190.875,217.46666666666667,250.84166666666667,19.04761904761905,54.54545454545455,-5.513517427978599,-6.459168957849875,0.9456515298712764,24.023585922915753,27.16046308090937,16.723299217797848,,176.20280581878993,161.025,145.84719418121009,368842.8,705616.75,0.9343058885790911,157.30378222464685
2026-04-30,6894,337.0,349.5,327.0,335.5,133668.0,45141858.0,335.5,336.8,356.725,302.89166666666665,265.9458333333333,247.47291666666666,50.0,0.0,0.3162875963547549,5.94313912218572,-5.626851525830965,10.382073667079299,11.383248838438984,24.352408689700713,,405.9596422755356,356.725,307.49035772446445,133668.0,364317.8,1.0,337.7162671694048
2026-04-30,6895,174.5,179.0,171.5,171.5,64099.0,11074686.0,171.5,171.15,170.25,171.725,176.8625,179.43125,50.0,63.63636363636363,0.8895672589111996,0.5715922374744349,0.3179750214367647,9.49409569246853,5.612289858054555,26.725410202871483,,172.9741609041276,170.25,167.5258390958724,64099.0,103140.35,1.0,172.7747078737578
2026-04-30,6899,53.4,54.2,53.4,53.4,8312.0,446269.0,53.4,53.54,54.54,,,,50.0,0.0,0.11022621156240575,0.3485389505983826,-0.23831273903597683,12.233162545299438,8.420071787422238,29.638846672028794,,56.832688607864554,54.54,52.247311392135444,8312.0,26382.8,1.0,53.689725697786336
2026-04-30,6901,13.85,14.2,13.6,13.65,652683.0,9014728.0,13.75,13.99,14.025,15.351666666666667,16.490000000000002,18.82770833333333,15.000000000000028,49.18032786885247,-0.2899304275212664,-0.31314394080906044,0.02321351328779403,19.027459680334672,21.89886716016576,19.428844804207923,,14.767329193537906,14.025,13.282670806462095,584681.8,740963.05,1.1163046292872465,13.811801441128388
2026-04-30,6902,111.0,111.0,101.5,102.5,599327.0,62447179.0,110.8,107.91,93.32000000000001,82.78166666666668,80.08166666666666,,40.98360655737706,69.12650602409639,8.871502272815363,7.624099942826764,1.2474023299885983,42.67400387685324,17.816430366796908,48.26721916855215,,126.1310122720377,93.32000000000001,60.50898772796232,706547.8,477289.35,0.8482469268179732,104.19550429064601
2026-04-30,6903,400.0,425.0,387.5,412.5,2105219.0,860192755.0,412.5,410.65,401.9,318.0833333333333,285.0416666666667,268.5208333333333,50.0,76.54320987654322,23.371492366746338,26.401743285017773,-3.0302509182714346,15.57408545212109,3.1015233016253934,58.98019903626717,,422.2976262808892,401.9,381.5023737191108,2105219.0,2072717.65,1.0,408.600129012706
2026-04-30,6904,116.5,116.5,116.5,116.5,1000.0,116500.0,116.5,116.7,117.8,,,,50.0,14.285714285714292,-1.6816626802906995,-1.7955867887334935,0.11392410844279399,8.949834316728115,19.910173464284206,42.30001143855021,,120.25806941788841,117.8,115.34193058211159,1000.0,4698.6,1.0,116.5
2026-04-30,6906,63.2,63.2,61.6,61.8,84482.0,5233869.0,63.36,65.50999999999999,66.64500000000001,72.12833333333333,84.2575,106.93708333333333,0.0,29.746835443037938,-2.0450106492468905,-1.709425183890129,-0.33558546535676137,14.220188531427564,24.892987091296998,20.28372488650422,,71.14317506855888,66.64500000000001,62.146824931441145,109736.6,76478.15,0.769861650534097,61.95247508344973
2026-04-30,6907,119.0,131.0,118.5,118.5,1295156.0,157570693.0,118.5,119.55,121.725,92.35166666666667,69.05083333333333,57.400416666666665,50.0,41.66666666666667,2.9762850402655516,5.372490512104323,-2.3962054718387718,11.890068930690006,10.288254924335657,23.203661739242907,,129.76748586864662,121.725,113.68251413135337,1295156.0,1500285.7,1.0,121.66155505591604
2026-04-30,6910,29.45,29.9,29.45,29.9,47300.0,1402441.0,29.9,29.849999999999994,29.79,31.9225,33.11125,33.705625,50.0,50.0,-0.3489773635400546,-0.5048899423856792,0.1559125788456246,4.498737051825466,13.504486810213715,52.6456681339335,,30.19987803063854,29.79,29.380121969361458,47300.0,47084.2,1.0,29.649915433403805
2026-04-30,6913,134.0,136.0,131.5,132.0,374718.0,49998191.0,132.0,131.35,128.625,120.0,118.0,117.0,50.0,87.5,3.6324269782328713,3.5620979073723107,0.07032907086056062,17.834816024513607,5.077810012132885,42.23561998803697,,134.90676140232895,128.625,122.34323859767105,374718.0,559634.6,1.0,133.42884782689916
2026-04-30,6914,146.0,147.0,145.0,145.0,117070.0,17068500.0,146.2,148.05,149.625,146.25,147.24583333333334,143.31666666666666,9.090909090909093,15.384615384615387,-0.48485863829904474,0.3736611857847888,-0.8585198240838335,18.27034763101341,32.61638000931679,19.82490360351567,,154.84515325445594,149.625,144.40484674554406,110531.0,83975.2,1.0591598737005907,145.797386179209
2026-04-30,6916,19.15,19.15,18.75,18.75,28018.0,528932.0,18.93,19.005,18.417499999999997,18.304166666666667,18.120833333333334,19.76520833333333,39.53488372093022,62.36559139784946,0.262631194257235,0.23324955564839012,0.029381638608844907,31.967739531444618,15.123084094882106,31.361982580474123,,19.98703731029929,18.417499999999997,16.847962689700704,30876.4,53498.95,0.9074244406731354,18.878292526233135
2026-04-30,6919,118.5,119.0,104.0,104.0,17462691.0,1949468976.0,101.58,105.44000000000001,105.83,130.57,143.96833333333333,389.41125,42.152466367713004,43.61022364217252,-4.187154323489381,-5.524208056046806,1.3370537325574254,31.29486915316102,25.707059306413,17.720647493058966,,118.57281634589486,105.83,93.08718365410513,9794191.2,14453766.75,1.7829640695599247,111.63622926157257
2026-04-30,6922,170.0,184.5,170.0,176.5,1050355.0,189921153.0,176.5,175.5,170.4,162.60833333333332,159.30416666666667,157.65208333333334,50.0,89.65517241379311,4.084859513321334,3.6561136546543893,0.42874585866694437,12.09454013574465,3.408040685411857,34.06713332662027,,181.80913761213523,170.4,158.99086238786478,1050355.0,505856.05,1.0,180.8161554902866
2026-04-30,6923,85.8,86.5,85.2,85.5,238683.0,20479895.0,84.94,85.12,80.35,87.50500000000001,95.77416666666666,90.63208333333334,40.322580645161274,71.80616740088105,0.683684340966181,-0.4548451242342127,1.1385294652003937,28.0211930706758,20.664026104930244,29.03269517394911,,90.42519099988797,80.35,70.27480900011201,204298.0,243911.75,1.1683080597950053,85.80374387786311
2026-04-30,6924,88.3,89.0,88.0,88.9,10088.0,892607.0,89.06,90.63000000000001,85.47999999999999,,,,21.917808219178056,67.479674796748,4.432954399629338,4.821678985963513,-0.38872458633417484,42.173089865684204,20.35388653451455,35.08945312210978,,96.68161642470918,85.47999999999999,74.2783835752908,14942.6,38770.45,0.6751167802122789,88.48205789056304
2026-04-30,6925,66.6,67.3,66.0,66.4,56760.0,3771996.0,66.4,67.11000000000001,68.99000000000001,75.67999999999999,79.64000000000001,81.61999999999999,50.0,35.344827586206904,-2.2641370179337343,-2.1773955136147074,-0.08674150431902694,10.557478017263765,19.460092683765215,28.41282340351633,,74.53100503898915,68.99000000000001,63.44899496101087,56760.0,65713.3,1.0,66.45517970401691
2026-04-30,6928,47.45,47.45,45.8,46.7,50198.0,2343125.0,47.05,47.865,47.2525,49.47666666666667,51.80625,53.111875000000005,22.50000000000003,54.69387755102043,-0.25814318919086077,-0.30959535549449185,0.051452166303631086,23.185197859264175,29.078814704704016,9.223734852383384,,49.654357833562145,47.2525,44.85064216643785,69488.4,126453.65,0.722393953523178,46.67765648033786
2026-04-30,6929,26.2,26.6,26.2,26.3,7305.0,192460.0,26.3,26.669999999999998,28.315000000000005,,,,50.0,18.181818181818173,-1.4342081158225959,-1.2999220193462533,-0.1342860964763426,10.769961189422464,23.33059806453764,29.07022295298343,,32.079250117535835,28.315000000000005,24.55074988246417,7305.0,9227.25,1.0,26.34633812457221
2026-04-30,6931,48.05,48.05,46.45,46.8,326025.0,15322198.0,48.85,49.525,49.995,53.27,55.90666666666666,54.89604166666666,0.0,8.333333333333144,-1.0261070356658593,-0.9035814195242751,-0.12252561614158419,12.711367939234536,32.8208139874535,12.84237504096804,,51.97061449467483,49.995,48.01938550532517,341367.8,177377.05,0.9550549290237685,46.997003297293155
2026-04-30,6933,165.0,166.5,163.5,164.5,156132.0,25751673.0,168.3,178.0,172.4,148.34166666666667,160.5875,163.40625,11.47540983606558,42.285714285714285,6.549383777392194,9.821725594294563,-3.272341816902369,28.661592076020444,21.118190485232947,34.1342442388682,,209.19330602733277,172.4,135.60669397266724,257873.6,822275.1,0.605459418878086,164.93526631311966
2026-04-30,6937,306.0,331.0,304.0,331.0,2855856.0,927269009.0,304.4,311.4,295.5,254.975,247.7,227.17083333333332,53.90070921985815,65.24590163934425,14.832526531612984,15.652325734859447,-0.8197992032464629,34.9495430394305,15.601943792874884,34.18994935456143,,352.33123677770965,295.5,238.66876322229035,1214524.4,1245470.65,2.3514192057401235,324.690393703324
2026-04-30,6949,778.0,792.0,771.0,771.0,74557.0,57996413.0,784.0,801.3,733.15,613.4083333333333,495.3,354.5083333333333,22.360248447204967,65.04854368932038,52.46398853541541,56.64555930498569,-4.181570769570278,35.32639075502908,14.735248304582107,40.71432231041693,,927.1291361542759,733.15,539.170863845724,121575.8,200569.25,0.6132552695519996,777.8801856297866
2026-04-30,6951,81.0,81.3,79.8,81.1,56196.0,4530545.0,80.44,80.61,79.95,77.78999999999999,75.72583333333334,74.18583333333332,59.99999999999987,57.28155339805822,0.7117695210403241,0.7460943182051826,-0.03432479716485848,39.27705819788251,15.968584856221597,26.507955490126083,,82.51822691242062,79.95,77.38177308757939,63023.6,64569.85,0.891665979093546,80.62041782333262
2026-04-30,6952,37.4,37.4,36.65,36.95,16122.0,597579.0,37.739999999999995,38.75,38.8475,41.02333333333333,,,0.0,31.858407079646014,-0.713988436770542,-0.5548012011654091,-0.15918723560513293,31.452251476750252,34.16227236035767,15.092941746869144,,40.79671711679837,38.8475,36.898282883201624,17474.8,16348.0,0.9225856662164946,37.06605880163752
2026-04-30,6953,264.0,288.0,264.0,277.5,1067777.0,300227091.0,277.5,273.75,243.725,230.025,227.7625,226.63125,50.0,95.15151515151516,16.620796135263333,13.11456760200874,3.5062285332545926,15.342020462974206,4.125042253699444,43.70116363130516,,312.2027912518858,243.725,175.2472087481142,1067777.0,606356.25,1.0,281.17021718954425
2026-04-30,6955,167.0,167.5,165.0,166.5,17000.0,2827500.0,,,,,,,87.5,46.42857142857143,-0.2525778047844369,-0.4198205065215582,0.1672427017371213,20.077179664854185,29.307257734613618,14.42194096874008,,,,,18209.2,11548.3,0.9335940074248182,166.3235294117647
2026-04-30,6957,159.5,163.5,159.5,160.5,60710.0,9784436.0,158.8,160.45,159.225,171.63333333333333,184.2375,176.74791666666667,39.99999999999999,56.36363636363637,-2.0141392381455887,-2.622213787571889,0.6080745494263002,22.562002063094845,21.698513321660595,16.333029541682233,,165.86994267529857,159.225,152.58005732470141,75027.2,86511.8,0.8091732065171031,161.16679295009058
2026-04-30,6958,20.0,20.3,19.75,19.9,145694.0,2916588.0,19.52,19.585,19.214999999999996,17.293333333333337,17.09416666666667,19.07229166666667,59.45945945945942,60.8695652173913,0.5921302591511903,0.6536473718818128,-0.061517112730622436,30.474657878096263,14.301078888527996,29.98194077980286,,20.811080726094232,19.214999999999996,17.61891927390576,118525.8,207685.35,1.2292176049433963,20.01858690131371
2026-04-30,6961,58.2,58.8,58.2,58.3,72459.0,4231428.0,58.3,58.21,57.71999999999999,57.65833333333333,57.37916666666667,57.239583333333336,50.0,67.49999999999994,0.1798301461431322,0.11515474000548045,0.06467540613765174,25.716046804599802,14.892811300757689,23.245322971711065,,59.05235051496849,57.71999999999999,56.387649485031496,72459.0,54075.15,1.0,58.39754895872149
2026-04-30,6962,34.7,35.45,33.95,34.0,3119280.0,107799102.0,35.92,35.975,34.709999999999994,35.52,38.74333333333333,44.353541666666665,30.00000000000003,54.74683544303797,0.49399771979296503,0.47038232503752647,0.023615394755438557,29.530140907770196,26.302186465520922,18.946702321200465,,38.8704149590603,34.709999999999994,30.549585040939686,8550826.4,5994791.95,0.3647928111369446,34.558969377548664
2026-04-30,6965,87.0,87.2,84.7,87.0,48507.0,4175462.0,86.3,87.31,87.44000000000001,84.86166666666666,85.90750000000001,95.55916666666667,42.857142857142854,46.067415730337075,0.4787929264293922,0.8148594128431698,-0.33606648641377757,19.287997061585553,23.936492531605463,12.42895275409506,,89.99334661715795,87.44000000000001,84.88665338284207,32314.4,48303.6,1.5010954868417794,86.07957614364938
2026-04-30,6967,78.4,80.3,76.2,76.5,187710.0,14516988.0,76.5,75.85,73.08500000000001,70.31333333333333,69.85666666666667,69.62833333333334,50.0,92.85714285714286,1.9483330226086508,1.6033399230792016,0.34499309952944923,15.79759081638972,4.609170838883205,40.25865449819577,,79.43356801093559,73.08500000000001,66.73643198906443,187710.0,204032.5,1.0,77.33731820361196
2026-04-30,6968,43.25,43.55,43.25,43.55,4229.0,183570.0,43.55,43.855000000000004,44.955,47.115,47.957499999999996,48.37875,50.0,20.779220779220836,-0.985046508404757,-0.8920943649362433,-0.09295214346851377,9.293343056120005,27.5175319978931,36.522389688906905,,47.62508771785743,44.955,42.284912282142564,4229.0,14915.35,1.0,43.407424923149684
2026-04-30,6969,28.6,28.6,28.15,28.5,76052.0,2152136.0,28.77,29.909999999999997,29.367499999999996,30.03666666666667,,,3.17460317460322,48.051948051948045,-0.1253989418357122,0.007472242606494522,-0.13287118444220672,28.638483798153835,29.408126177071765,19.709597067830373,,31.67521589056793,29.367499999999996,27.059784109432062,85164.6,96835.2,0.8930001432520084,28.29821700941461
2026-04-30,6971,29.3,29.3,29.05,29.05,46109.0,1344584.0,29.05,29.095,29.225,29.665,29.7575,29.80375,50.0,33.33333333333333,-0.17590409841873011,-0.17187222067019822,-0.004031877748531892,8.274353128930432,11.432607296863551,20.570117291250526,,29.584092423229755,29.225,28.865907576770248,46109.0,37861.95,1.0,29.160988093430785
2026-04-30,6982,53.1,53.6,52.3,53.0,34121.0,1810340.0,53.0,53.589999999999996,54.835,56.07333333333333,57.13666666666667,57.66833333333333,50.0,43.80952380952383,-0.6756175335691665,-0.4255739624145985,-0.25004357115456805,13.032173078641677,17.553720583506376,19.35529727356397,,59.650009427765774,54.835,50.01999057223423,34121.0,42351.45,1.0,53.05647548430585
2026-04-30,6988,13.6,13.8,13.5,13.6,45000.0,612900.0,13.719999999999999,14.165000000000001,14.532499999999999,15.753333333333334,,,28.571428571428555,29.99999999999997,-0.4086921780397983,-0.3418242744844625,-0.06686790355533578,15.472895212541529,25.152088886968382,16.355253678167564,,15.611132174757307,14.532499999999999,13.45386782524269,56420.0,43593.9,0.7975895072669266,13.62
2026-04-30,6994,63.5,64.4,63.5,63.9,210802.0,13460705.0,63.720000000000006,67.89,67.47,79.635,86.8125,,6.024096385542165,44.761904761904766,-3.3269626307534566,-3.289122939167291,-0.037839691586165625,20.139418347634685,33.65917425083953,20.03239577728831,,74.96318286669148,67.47,59.976817133308515,614142.0,758769.65,0.34324635019262645,63.854730979781976
2026-04-30,6996,177.5,177.5,172.0,173.5,93858.0,16348053.0,173.5,174.65,175.55,169.35,166.675,165.3375,50.0,50.94339622641509,0.8548560218739567,1.6710702417898644,-0.8162142199159077,12.218398602385927,10.513843633302393,20.311037834885536,,185.2881506944273,175.55,165.81184930557274,93858.0,120677.9,1.0,174.17857827782396
2026-04-30,6997,78.9,79.2,78.5,79.0,14531.0,1147794.0,79.0,79.31,,,,,50.0,0.0,-1.412893307042836,-1.36315302010775,-0.04974028693508603,3.1576137979948395,18.57560676425085,53.968299312358305,,,,,14531.0,,1.0,78.98933314981763
2026-04-30,7402,119.0,121.0,118.0,119.5,223570.0,26677256.0,119.5,120.1,119.375,121.9,122.7,123.1,50.0,63.63636363636363,-0.3857531147906741,-0.368406913213275,-0.01734620157739908,14.773924314713419,12.215463909469719,18.468206706298517,,126.8503982467402,119.375,111.8996017532598,223570.0,415547.3,1.0,119.32395222972671
2026-04-30,7547,70.6,70.8,69.0,69.0,144644.0,10053674.0,69.0,69.06,68.96000000000001,61.82166666666667,57.910833333333336,55.955416666666665,50.0,62.962962962963005,1.218990936407593,1.7558592493563212,-0.5368683129487282,14.120451375475659,7.896564971363702,36.77566401123116,,70.0210818709424,68.96000000000001,67.89891812905762,144644.0,199213.5,1.0,69.50633278946931
2026-04-30,7556,308.0,311.0,299.0,305.5,189275.0,57358935.0,305.5,301.5,261.2,200.15,181.825,172.6625,50.0,100.0,32.418109302728055,30.454236969774563,1.9638723329534926,31.4960105894598,2.426139770418159,66.787760372047,,356.09351372653725,261.2,166.30648627346272,189275.0,246532.95,1.0,303.04548936732266
2026-04-30,7584,32.8,33.75,32.0,32.6,48131.0,1564782.0,32.6,32.63,32.995000000000005,35.48166666666667,36.69083333333333,37.29541666666667,50.0,13.333333333333115,-0.6380961328063535,-0.7463747794787949,0.10827864667244147,3.8058945147863983,6.19441304159741,40.10218254875959,,33.96935538744943,32.995000000000005,32.020644612550576,48131.0,33337.85,1.0,32.51089734266897
2026-04-30,7631,127.0,127.0,124.5,125.0,29609.0,3721278.0,128.7,132.85,124.175,121.425,,,13.95348837209302,60.93749999999999,3.3940304727256887,3.6431783007879575,-0.24914782806226876,25.72067536660797,25.292274938448873,28.192061633770084,,147.10113998772647,124.175,101.24886001227352,38392.8,109543.6,0.7712123106415786,125.68063764395961
2026-04-30,7642,63.1,64.2,63.1,63.4,24976.0,1587492.0,63.4,64.38,68.725,74.74666666666667,77.47333333333334,78.83666666666666,50.0,6.306306306306325,-3.2389265281753836,-2.811293246857113,-0.4276332813182706,4.340265991918489,24.620753575250532,49.152081020410876,,78.61276490096942,68.725,58.83723509903056,24976.0,31824.8,1.0,63.56069827033953
2026-04-30,7703,209.5,209.5,207.0,208.5,75921.0,15817520.0,208.5,210.7,215.475,210.08333333333334,210.04166666666666,210.02083333333334,50.0,41.333333333333336,-1.0326444399208583,0.618982998814522,-1.6516274387353804,17.768868621282753,16.41207117994881,22.026739379664463,,232.47492260044316,215.475,198.47507739955682,75921.0,252477.55,1.0,208.34182900646724
2026-04-30,7704,67.0,67.0,64.2,65.1,117341.0,7586476.0,65.1,64.97999999999999,61.915,50.813333333333325,47.83166666666667,46.34083333333333,50.0,100.0,4.149647413026514,4.41618882519855,-0.2665414121720362,17.9614385728603,1.970488236980425,66.51011611844663,,70.17913302995781,61.915,53.65086697004219,117341.0,278506.85,1.0,64.65324140752166
2026-04-30,7705,33.25,33.25,32.9,32.9,57856.0,1913308.0,33.38,33.955,34.3875,36.899166666666666,38.888749999999995,45.31520833333333,0.0,17.543859649122638,-0.7813424066289372,-0.722987155815751,-0.058355250813186155,16.442593864910297,36.40898066582025,19.99950508481236,,35.71132022948305,34.3875,33.063679770516956,65888.4,44314.1,0.8780908323771712,33.07017422566372
2026-04-30,7708,91.7,91.7,91.5,91.7,11914.0,1091666.0,91.7,91.75,91.945,92.80166666666668,93.45083333333334,93.77541666666666,50.0,16.66666666666785,-0.245317486352576,-0.25538345105983573,0.010065964707259734,13.644893331895355,14.708734333881413,11.135783757051703,,92.40600576546242,91.945,91.48399423453756,11914.0,13199.4,1.0,91.62884002014437
2026-04-30,7709,69.1,70.6,68.7,69.2,111733.0,7778284.0,69.2,69.56000000000002,71.195,63.263333333333335,60.63166666666667,59.31583333333333,50.0,25.000000000000057,1.4000702131240672,2.1341644967703286,-0.7340942836462614,13.588335824307363,9.984992814265969,27.841010965544996,,74.9677415691203,71.195,67.42225843087968,111733.0,387089.35,1.0,69.61492128556469
2026-04-30,7712,114.0,116.5,113.0,113.0,227822.0,25961818.0,113.0,113.75,113.875,101.98166666666665,92.24083333333333,87.37041666666667,50.0,55.88235294117647,1.4277985897375203,2.452318808220093,-1.0245202184825728,13.0365954918125,7.9664616991600266,28.41900380951568,,120.89283442380878,113.875,106.85716557619122,227822.0,526119.4,1.0,113.95658891590803
2026-04-30,7713,67.0,68.4,67.0,67.9,13004.0,880172.0,67.9,67.81000000000002,67.845,,,,50.0,44.827586206896584,-0.5413402393780586,-0.6741730702041743,0.13283283082611563,12.343291511373108,14.796903483724572,16.450969813187406,,68.78638755372918,67.845,66.90361244627081,13004.0,13418.8,1.0,67.68471239618579
2026-04-30,7714,127.0,129.0,127.0,128.0,26365.0,3372510.0,128.0,128.6,129.0,137.41666666666666,142.70833333333334,145.35416666666666,50.0,51.85185185185185,-1.881867378553892,-2.1165582059430976,0.23469082738920566,11.77167349517242,16.32936038632019,22.192654944132457,,134.16057932284366,129.0,123.83942067715635,26365.0,52458.15,1.0,127.91617674947848
2026-04-30,7715,28.05,28.05,28.0,28.0,16632.0,466012.0,28.0,28.1,28.472500000000004,29.958333333333332,30.604166666666668,30.927083333333332,50.0,20.0,-0.48504620000641907,-0.5022660324039595,0.017219832397540435,9.611570218214194,20.604209022145138,32.310200836615195,,29.36838239359735,28.472500000000004,27.576617606402657,16632.0,17299.0,1.0,28.018999518999518
2026-04-30,7716,25.1,25.1,25.1,25.1,2000.0,50200.0,25.1,,,,,,50.0,50.0,-0.21789721161720976,,,10.876136039818652,16.301688256159512,16.97739982251694,,,,,2000.0,,1.0,25.1
2026-04-30,7717,700.0,719.0,687.0,695.0,494430.0,348139533.0,695.0,713.0,810.1,699.05,651.025,627.0125,50.0,0.0,-15.842257256755943,5.571102271103251,-21.413359527859193,13.083833045871316,18.624750176905454,25.994702547362362,,1026.5545898651355,810.1,593.6454101348645,494430.0,841026.6,1.0,704.1229961774164
2026-04-30,7718,47.0,47.6,47.0,47.0,5218.0,246403.0,47.0,47.165,47.575,46.42333333333333,45.461666666666666,44.98083333333333,50.0,36.53846153846145,-0.07041676346088366,0.10426837197089683,-0.1746851354317805,14.340183914930368,13.607207181644798,19.220730428699557,,48.84882556849332,47.575,46.30117443150669,5218.0,14431.7,1.0,47.2217324645458
2026-04-30,7722,281.5,288.0,281.0,281.5,137553.0,39123557.0,282.7,293.85,299.975,384.81666666666666,477.4583333333333,556.3854166666666,3.3898305084745886,25.24271844660194,-19.928274807401067,-21.956604147519315,2.0283293401182476,11.434234558590113,32.170566307266995,43.85868297923353,,322.1358355343679,299.975,277.81416446563213,181795.4,129414.45,0.7566363065292081,284.425326964879
2026-04-30,7723,30.35,30.35,30.05,30.05,74332.0,2240648.0,30.05,30.49,32.53,32.515,32.3325,32.24125,50.0,0.0,-0.9587515264106372,-0.5893216436525398,-0.3694298827580974,9.23836829281343,32.89507368804866,42.909452202297814,,37.1355344281007,32.53,27.924465571899304,74332.0,66137.9,1.0,30.143787332508207
2026-04-30,7728,710.0,726.0,693.0,693.0,162107.0,114676523.0,693.0,705.2,772.75,788.7833333333333,802.3916666666667,809.1958333333333,50.0,0.0,-31.265316483885954,-21.589595236182024,-9.67572124770393,11.979832210366949,13.541871105405473,25.77804621237628,,924.1224928081298,772.75,621.3775071918702,162107.0,348450.85,1.0,707.4125299956202
2026-04-30,7732,35.6,36.75,35.6,36.75,4128.0,149301.0,35.620000000000005,35.535000000000004,35.1625,,,,60.56338028169015,65.76576576576582,-0.09865399402463026,-0.3310154578621223,0.232361463837492,25.46231557292431,21.92715793834784,13.055932584182516,,36.47514096987324,35.1625,33.849859030126765,40226.4,19294.75,0.10261917546685759,36.16787790697674
2026-04-30,7734,3265.0,3545.0,3265.0,3405.0,69985.0,237045945.0,3405.0,3315.0,2974.0,2017.4166666666667,1658.7083333333333,1479.3541666666667,50.0,82.56880733944953,382.16833968388437,368.94437045290493,13.223969230979435,24.77443263222186,3.5055467066243544,61.63269050607209,,3785.36402369551,2974.0,2162.63597630449,69985.0,419032.85,1.0,3387.0964492391226
2026-04-30,7736,78.8,79.0,76.5,76.9,41235.0,3181558.0,78.34,78.75,79.82,84.37166666666667,88.80416666666666,94.90458333333332,35.71428571428572,36.29032258064519,-1.528691375838676,-1.5161384700117904,-0.012552905826885619,14.897031332823616,22.487801201476376,12.217530276038087,,82.76839831630194,79.82,76.87160168369805,43439.4,37343.8,0.9492534427271094,77.15673578270886
2026-04-30,7738,181.0,181.0,177.0,179.5,39891.0,7166890.0,179.5,179.55,182.375,177.10833333333332,173.05416666666667,171.02708333333334,50.0,0.0,-0.5517483946768209,0.07288320722005845,-0.6246316018968794,9.019550296278204,10.251154617672817,15.373994737887289,,190.1810368002159,182.375,174.5689631997841,39891.0,47540.35,1.0,179.66182848261514
2026-04-30,7743,19.9,20.2,19.9,19.9,7000.0,139600.0,19.9,19.934999999999995,20.0075,20.21833333333333,20.25916666666667,20.27958333333333,50.0,41.666666666666565,-0.09058784598149927,-0.08168482900023191,-0.008903016981267359,13.511472912755993,7.722679273787736,35.43762793087062,,20.275582862288175,20.0075,19.739417137711825,7000.0,10753.5,1.0,19.942857142857143
2026-04-30,7744,504.0,518.0,499.0,512.0,67818.0,34441856.0,512.0,510.3,502.275,423.19166666666666,362.59583333333336,332.29791666666665,50.0,67.77777777777777,17.80652477711442,20.619711426973065,-2.813186649858647,15.312668348100766,6.247567286413409,44.33344470953091,,521.3633679101558,502.275,483.1866320898441,67818.0,134567.9,1.0,507.85714707009936
2026-04-30,7747,131.5,132.5,131.0,132.5,7357.0,966580.0,132.5,132.55,127.0,121.55,120.525,120.0125,50.0,97.05882352941177,3.6778419466489396,3.460901494090932,0.21694045255800765,19.24377693717628,5.021028253958509,53.61061383929593,,142.81471666385102,127.0,111.18528333614898,7357.0,16588.45,1.0,131.38235693896968
2026-04-30,7751,2410.0,2470.0,2400.0,2420.0,109844.0,266882990.0,2420.0,2367.5,2164.5,1452.8333333333333,1147.4166666666667,994.7083333333334,50.0,84.0,247.72506282656923,249.46720936855166,-1.7421465419824358,31.316828089078292,6.988001139642666,57.86174825716115,,2644.0271794064192,2164.5,1684.9728205935808,109844.0,288019.1,1.0,2429.654692108809
2026-04-30,7753,44.65,46.1,43.75,43.75,93999.0,4232664.0,43.75,43.33,41.597500000000004,41.87416666666666,42.48708333333334,42.79354166666666,50.0,90.32258064516124,0.8428952344188474,0.4971207635932112,0.34577447082563617,17.53701980809361,3.5978924975607383,51.2841113744695,,45.60623716826271,41.597500000000004,37.5887628317373,93999.0,56808.65,1.0,45.028819455526126
2026-04-30,7757,106.5,106.5,106.0,106.0,13678.0,1454260.0,106.0,106.35,107.8,108.325,108.6625,108.83125,50.0,20.0,-0.7145704341253776,-0.47796310088241645,-0.23660733324296113,11.676279888818021,15.087972691975324,22.224384610181364,,111.17794705639233,107.8,104.42205294360767,13678.0,18698.7,1.0,106.3210995759614
2026-04-30,7767,45.3,45.3,44.45,44.75,18020.0,805494.0,44.75,44.739999999999995,44.559999999999995,,,,50.0,73.68421052631587,-0.15983607525245702,-0.266527443585796,0.10669136833333898,12.103231837631597,6.428316083938566,27.52851717514373,,45.024078033365846,44.559999999999995,44.095921966634144,18020.0,17611.8,1.0,44.7
2026-04-30,7770,47.8,48.0,47.8,47.8,8530.0,409164.0,47.8,48.05,47.91,50.413333333333334,52.556666666666665,53.62833333333334,50.0,60.0,-0.4222887161467668,-0.46856287390465623,0.046274157757889456,19.227492862712353,10.64357235677954,32.954632031317566,,50.59418369439639,47.91,45.2258163056036,8530.0,28192.2,1.0,47.967643610785466
2026-04-30,7777,27.85,29.1,27.35,27.55,1228295.0,34678100.0,27.55,27.445000000000004,26.3125,30.419166666666666,33.03458333333334,34.342291666666675,50.0,79.7872340425532,-0.22751979357844831,-0.6215889055051854,0.3940691119267371,12.75810797540267,8.49797785254242,23.496300707202366,,29.022496115747906,26.3125,23.602503884252094,1228295.0,850392.15,1.0,28.232712825502016
2026-04-30,7782,26.55,26.6,26.5,26.5,27310.0,723921.0,26.5,26.794999999999998,27.665,,,,50.0,32.18390804597699,-0.3080075264147766,-0.1085182009513701,-0.19948932546340647,22.973063016204478,31.804778122074417,29.87586720009416,,30.04564564440207,27.665,25.284354355597927,27310.0,33539.2,1.0,26.50754302453314
2026-04-30,7792,382.5,385.0,354.0,355.5,884393.0,323712697.0,355.5,356.85,359.175,343.1333333333333,345.06666666666666,346.03333333333336,50.0,44.77611940298508,4.02507408441727,5.375740533420709,-1.3506664490034392,7.497157364094721,3.060536426656705,35.57061344203788,,369.7842065281973,359.175,348.56579347180275,884393.0,761416.75,1.0,366.02810854450456
2026-04-30,7805,678.0,691.0,674.0,688.0,75206.0,51464149.0,688.0,686.3,685.7,637.7333333333333,607.8666666666667,592.9333333333333,50.0,43.83561643835616,9.568956535688585,11.554899359959803,-1.985942824271218,13.45990507959906,9.094374798073357,28.305301276088613,,708.916146831123,685.7,662.4838531688771,75206.0,108581.2,1.0,684.3090843815653
2026-04-30,7810,219.0,224.0,217.0,218.0,78187.0,17088443.0,218.0,220.55,233.6,218.90833333333333,212.95416666666668,209.97708333333333,50.0,25.0,-3.3512862015966505,0.04801653379023256,-3.399302735386883,12.824643952353426,15.200380538347755,22.48072235374805,,263.3420489153692,233.6,203.85795108463077,78187.0,170542.95,1.0,218.55862227736068
2026-04-30,8011,20.0,20.0,19.35,19.35,2157377.0,42496344.0,19.639999999999997,20.31,20.432499999999997,20.854166666666668,21.464166666666667,21.480208333333334,2.5641025641025976,34.567901234567884,-0.2672511647641791,-0.12227432432882991,-0.1449768404353492,14.640234185322726,21.067258489818524,12.325314984502686,,21.70581932572439,20.432499999999997,19.159180674275603,1707382.2,2091740.7,1.2635583292364183,19.698153822906242
2026-04-30,8016,229.5,233.0,227.0,230.0,1706576.0,393345937.0,226.6,225.1,213.125,199.26666666666668,196.47916666666666,201.0125,36.0,67.74193548387098,8.526285491959129,7.409629828540898,1.1166556634182312,34.98527124552608,9.61555676642315,39.96622051475282,,241.1003180688373,213.125,185.1496819311627,1550176.8,1419193.15,1.1008912015713304,230.48837965610673
2026-04-30,8021,391.0,409.0,390.0,402.5,1827861.0,724773055.0,408.4,417.25,361.15,268.475,197.25666666666666,124.06395833333333,33.955223880597,63.798701298701296,42.220056901615465,44.462137262850625,-2.2420803612351605,40.721576902763644,19.173572630297357,47.411071476226056,,496.7985784743248,361.15,225.5014215256751,2721577.4,9818480.65,0.6716182313977181,396.51431646060615
2026-04-30,8024,12.9,12.9,12.5,12.7,57216.0,721013.0,12.7,12.73,12.872499999999999,12.986666666666666,13.068333333333333,13.109166666666665,50.0,39.99999999999999,-0.0758054435170532,-0.05675708301630942,-0.019048360500743787,5.636556726445766,6.331481959301992,13.806671664944792,,13.257036631613468,12.872499999999999,12.487963368386529,57216.0,74318.4,1.0,12.60159745525727
2026-04-30,8027,181.5,193.5,181.0,193.5,13762372.0,2605933412.0,193.5,189.0,169.775,130.36333333333334,123.68166666666667,120.34083333333334,50.0,86.60714285714286,18.682171879081295,17.483237846789613,1.1989340322916817,21.101696365752304,2.4094806073599955,66.91604101881116,,213.9772564320445,169.775,125.57274356795551,13762372.0,12866200.4,1.0,189.35205442782683
2026-04-30,8028,245.0,255.0,240.0,245.0,18660316.0,4615058214.0,239.6,223.5,205.9,186.23333333333332,176.91666666666666,158.24083333333334,62.096774193548384,68.25396825396825,15.687125603030353,11.19248947635652,4.494636126673832,33.81765145610734,12.34982980723361,28.650164462969926,,254.9484186128453,205.9,156.8515813871547,22972902.4,18001353.15,0.8122750741325572,247.3194030583405
2026-04-30,8032,41.35,43.8,41.3,41.5,1599291.0,67703577.0,41.5,41.045,38.25750000000001,36.9125,36.85625,36.828125,50.0,90.85714285714288,1.6418300436343216,1.285970311096083,0.35585973253823866,21.93186986752407,3.8140776095520716,46.00312945796867,,44.63726034857602,38.25750000000001,31.877739651423997,1599291.0,767145.35,1.0,42.333494654818914
2026-04-30,8033,143.0,144.5,142.5,144.0,1443532.0,207490468.0,147.8,150.6,143.0,145.775,140.05416666666667,113.62124999999999,29.787234042553195,63.20754716981132,1.485702795034939,1.4152337483621669,0.0704690466727722,21.53131857912912,22.694816489523976,17.818207864782565,,161.46476017772935,143.0,124.53523982227065,4040100.6,4466185.7,0.35730100384134,143.73804529445832
2026-04-30,8034,23.8,24.3,23.65,23.9,296399.0,7125559.0,23.9,24.05,24.4225,24.385,23.9925,23.79625,50.0,38.77551020408161,-0.20091104903222856,-0.11782389258914139,-0.08308715644308717,11.939716101537837,16.968405704481544,19.751182468743792,,25.608148834138827,24.4225,23.23685116586117,296399.0,476241.85,1.0,24.040428611432564
2026-04-30,8038,42.3,42.7,42.05,42.25,273436.0,11564560.0,42.25,42.230000000000004,41.8075,43.84666666666667,45.748333333333335,46.69916666666666,50.0,100.0,-0.1253562415034537,-0.2868428398657769,0.1614865983623232,9.318254535613244,10.135548223440423,16.08030333294605,,42.924014784119834,41.8075,40.69098521588016,273436.0,365580.2,1.0,42.29348000994748
2026-04-30,8039,140.0,143.5,136.0,136.5,7980671.0,1115269283.0,137.8,142.8,136.175,110.18333333333334,90.66,69.32666666666665,8.474576271186436,49.624060150375946,7.473951951652026,9.22223398090241,-1.7482820292503831,31.40676092002826,11.520970274835854,44.04666187874555,,157.29938102487785,136.175,115.05061897512216,11810398.8,20564305.45,0.6757325586668589,139.74630491596508
2026-04-30,8040,70.3,71.0,67.6,67.7,1451695.0,100355218.0,67.7,67.17,59.67999999999999,51.7125,49.15625,47.878125,50.0,100.0,5.07164662813004,4.6148224602001475,0.45682416792989233,24.85974062474835,2.7388281420451874,56.87748285032397,,78.10525155152135,59.67999999999999,41.25474844847864,1451695.0,1108681.55,1.0,69.12968495448425
2026-04-30,8042,60.0,60.4,58.2,58.6,825854.0,48887246.0,58.6,59.36,59.489999999999995,56.625,55.8125,55.40625,50.0,57.30337078651685,0.5797814984116059,1.0304695996198165,-0.4506881012082107,15.001326007304321,14.824919937320896,12.57442029880719,,66.95582388727385,59.489999999999995,52.024176112726146,825854.0,1852160.1,1.0,59.19599105895231
2026-04-30,8043,86.9,87.5,84.8,85.4,619193.0,53366750.0,85.4,86.52000000000001,84.16,77.33333333333333,77.21666666666665,77.15833333333332,50.0,66.46706586826349,2.7165107382110705,3.2815486280227475,-0.565037889811677,24.73813174537134,16.34517019969294,25.136733696999368,,100.1202664533885,84.16,68.1997335466115,619193.0,6609594.55,1.0,86.18758609997207
2026-04-30,8044,23.0,23.0,22.6,22.65,252311.0,5759057.0,22.65,22.794999999999998,22.794999999999998,25.089166666666664,26.24458333333333,26.822291666666665,50.0,56.716417910447745,-0.4494453910990046,-0.5363744042234063,0.08692901312440171,13.054531729214727,18.577413666538398,29.886874326260283,,24.190066495302588,22.794999999999998,21.399933504697408,252311.0,372885.35,1.0,22.825231559464314
2026-04-30,8045,73.4,74.0,73.0,73.3,177370.0,12993426.0,73.88,75.67,74.6,77.39333333333333,80.25416666666666,86.01375,4.93827160493818,51.612903225806456,-0.6084615865056549,-0.5048892783370985,-0.10357230816855634,30.727058025197096,12.533074603139902,22.606139520872308,,79.30296658895236,74.6,69.89703341104763,255277.2,312657.45,0.6948133244958813,73.25605232000902
2026-04-30,8046,935.0,1005.0,926.0,1005.0,20919397.0,20404302208.0,928.0,854.7,748.2,533.7666666666667,398.48333333333335,267.625,90.4,88.23529411764706,109.5553704960779,90.05808073403449,19.49728976204341,39.06910851637886,3.5553160533984154,61.59531800826719,,1004.672097589787,748.2,491.7279024102131,22672562.6,23260297.65,0.9226745723044116,975.377168280711
2026-04-30,8047,56.0,56.0,52.7,55.9,184940.0,9986851.0,55.9,55.839999999999996,56.334999999999994,52.05083333333334,50.07541666666667,49.08770833333333,50.0,21.428571428571445,0.6501449243262343,0.9363859996859989,-0.2862410753597646,5.868849061630667,8.253728833222459,22.32840385193126,,58.12770451376751,56.334999999999994,54.542295486232476,184940.0,326756.6,1.0,54.00049205147616
2026-04-30,8048,62.0,62.9,61.3,61.5,311931.0,19288739.0,61.5,61.81,60.35999999999999,58.05833333333333,56.229166666666664,55.314583333333324,50.0,72.80701754385967,0.9421200787305182,1.0256863807295522,-0.08356630199903403,16.373069587418616,8.96236740790686,28.696487715774328,,66.69599574694166,60.35999999999999,54.02400425305833,311931.0,464011.95,1.0,61.83655680262622
2026-04-30,8049,25.3,25.3,25.2,25.25,61260.0,1546923.0,25.25,25.294999999999998,25.3625,25.85,26.15,26.3,50.0,46.15384615384609,-0.1138685502216461,-0.12273129513699568,0.00886274491534958,12.65613520393248,15.28028831620305,13.749620007818002,,25.729385899371884,25.3625,24.995614100628117,61260.0,85712.7,1.0,25.251762977473067
2026-04-30,8050,41.9,41.9,41.5,41.55,267862.0,11153137.0,41.55,41.61,41.53,41.57416666666666,41.787083333333335,41.89354166666667,50.0,57.77777777777765,0.06051234797588023,0.06468859532224326,-0.0041762473463630295,13.023976826304642,7.864691197088343,24.83327011691798,,42.27790936687046,41.53,40.78209063312954,267862.0,388265.0,1.0,41.637623104434375
2026-04-30,8054,108.0,111.0,106.0,106.0,2703573.0,293093114.0,106.0,105.9,103.075,111.49666666666667,118.74833333333332,122.37416666666667,50.0,100.0,0.16449507292483645,-0.6673311798753869,0.8318262528002234,8.228707574888539,5.679399776108326,24.378380891772874,,110.4414602654261,103.075,95.7085397345739,2703573.0,3039398.45,1.0,108.40954322298677
2026-04-30,8059,21.05,21.05,20.4,20.6,331736.0,6819939.0,20.6,20.54,19.535000000000004,19.266666666666666,19.558333333333334,19.704166666666666,50.0,100.0,0.5474424093845016,0.4490762592495381,0.09836615013496353,12.920146075951447,4.0707494619109195,40.60074530502779,,22.10877461901267,19.535000000000004,16.961225380987337,331736.0,489203.5,1.0,20.558332529481273
2026-04-30,8064,100.5,104.0,100.0,104.0,4237456.0,436081924.0,104.0,101.4,89.89,66.82583333333334,59.91291666666667,56.45645833333333,50.0,86.1878453038674,10.60055807993848,9.914586175551852,0.6859719043866281,24.965421367327533,2.26040937730469,68.09835136975975,,116.17506880541225,89.89,63.60493119458775,4237456.0,12225550.4,1.0,102.91125713163747
2026-04-30,8066,17.95,17.95,17.85,17.85,18006.0,322548.0,17.85,17.905,18.1625,19.33083333333333,19.89041666666667,20.17020833333333,50.0,12.49999999999983,-0.3642928455710823,-0.3879416309341826,0.023648785363100278,2.069647908771784,16.702161955147428,69.05061493766254,,18.746384451438665,18.1625,17.578615548561338,18006.0,83820.4,1.0,17.9133622125958
2026-04-30,8067,12.9,12.9,12.9,12.9,1004.0,12948.0,12.9,12.91,,,,,50.0,0.0,-0.3754802794826677,-0.36829855613959445,-0.007181723343073265,12.293350149786574,10.36673501267154,12.95497816072262,,,,,1004.0,,1.0,12.896414342629482
2026-04-30,8068,23.7,24.3,23.55,23.6,419461.0,9995830.0,23.6,23.665,22.975,22.944166666666664,23.322083333333335,23.511041666666664,50.0,81.42857142857147,0.34196524775833836,0.2992300810134825,0.04273516674485589,14.089912201035904,6.085623642744815,31.08282094231272,,25.338204782092586,22.975,20.611795217907417,419461.0,511145.15,1.0,23.83017729896224
2026-04-30,8069,139.5,142.0,137.5,137.5,7578371.0,1053971988.0,137.5,139.25,143.175,158.21666666666667,164.35833333333332,167.42916666666667,50.0,40.67796610169491,-4.6936293223445205,-4.638096328461825,-0.055532993882695614,9.245221411899271,20.489914979709937,37.92141418450625,,156.72908270207594,143.175,129.62091729792408,7578371.0,6126191.65,1.0,139.07632497801967
2026-04-30,8070,47.2,48.3,46.7,47.95,2918838.0,139159593.0,47.02,47.66,46.707499999999996,45.13583333333334,44.78125,42.969375,32.142857142856926,51.724137931034484,0.7395846511065756,0.834185319937872,-0.09460066883129647,24.50519980680274,23.607465217275617,13.901986465003024,,50.35863897153657,46.707499999999996,43.05636102846342,2082736.0,3973124.8,1.4014440620414685,47.67636744485306
2026-04-30,8071,16.4,16.55,16.1,16.4,260172.0,4261571.0,16.4,16.424999999999997,16.217499999999998,16.798333333333332,17.099166666666665,17.24958333333333,50.0,79.16666666666666,-0.035829879054375624,-0.07921175171565502,0.043381872661279394,9.575733688796554,12.371106565858996,18.978374907803225,,16.975110509569692,16.217499999999998,15.459889490430303,260172.0,193674.9,1.0,16.379821810187106
2026-04-30,8072,27.9,28.15,27.4,27.45,121693.0,3364375.0,28.02,28.634999999999998,28.482499999999998,29.235833333333332,30.59875,36.541041666666665,21.153846153846175,35.922330097087396,-0.1563687880431388,-0.03599081001948848,-0.12037797802365033,17.416014226651424,23.67135621528769,18.66786987872357,,30.465659361382258,28.482499999999998,26.49934063861774,209247.0,339713.4,0.5815758409917466,27.646413515978733
2026-04-30,8074,73.6,80.3,72.9,80.3,8009276.0,623551610.0,80.3,79.39,73.86999999999999,66.60333333333332,65.80166666666666,65.40083333333334,50.0,100.0,4.509437213281643,4.007966680549879,0.5014705327317639,13.101934527311599,3.70371695488083,42.67332125725517,,86.20976882833878,73.86999999999999,61.53023117166121,8009276.0,9355337.1,1.0,77.8536799081465
2026-04-30,8076,22.6,22.65,22.3,22.35,686664.0,15373865.0,22.35,22.45,23.1025,23.407500000000002,23.103749999999998,22.951875000000005,50.0,7.5000000000000995,-0.46062656525742085,-0.37210853854804266,-0.0885180267093782,7.81402731319419,14.6786560806691,25.40876177209147,,24.60599592616675,23.1025,21.59900407383325,686664.0,801238.1,1.0,22.38921073479897
2026-04-30,8077,,,,,,,,,,,,,50.0,0.0,-0.36277512212044627,-0.3563392273456858,-0.0064358947747604756,0.6893094782069036,13.067706706904392,72.60642757089705,,,,,,,,
2026-04-30,8080,28.35,28.75,28.2,28.3,58038.0,1643664.0,28.3,28.35,28.942500000000003,29.997500000000002,30.39875,30.599375000000002,50.0,0.0,-0.4787130644836388,-0.47212920532770597,-0.006583859155932847,7.8675807193493625,12.615049250666976,18.907869024475463,,30.392100670965355,28.942500000000003,27.49289932903465,58038.0,43203.4,1.0,28.320479685723146
2026-04-30,8081,250.0,258.0,248.0,251.5,806920.0,204702059.0,253.4,248.0,240.175,235.30833333333334,226.75,225.31458333333333,50.617283950617285,65.41353383458647,5.052745894796885,3.656281965071359,1.3964639297255261,30.7870118151901,15.563617456757129,22.759203681536775,,259.4056635624622,240.175,220.94433643753783,1464641.0,727992.1,0.5509336417593117,253.68321394933824
2026-04-30,8083,176.0,176.5,175.0,176.0,85312.0,14998246.0,176.0,175.75,173.875,171.58333333333334,169.54166666666666,168.52083333333334,50.0,84.61538461538461,1.3723086320317748,1.1908134449380714,0.18149518709370338,13.448409442434986,9.701535628425344,16.687248416510577,,178.14083736458076,173.875,169.60916263541924,85312.0,115301.6,1.0,175.80464647411853
2026-04-30,8084,44.0,44.25,43.2,44.15,42160.0,1850947.0,44.15,44.345,46.5325,49.77583333333334,51.63791666666667,52.56895833333333,50.0,0.0,-1.4230751445182719,-1.3794081719091629,-0.04366697260910901,8.59079442832728,19.209405451157576,32.46258362573727,,51.79050392384386,46.5325,41.27449607615614,42160.0,78192.7,1.0,43.902917457305506
2026-04-30,8085,12.7,12.9,12.55,12.55,338165.0,4274974.0,12.55,12.795000000000002,13.807500000000001,15.885,16.317500000000003,16.53375,50.0,10.714285714285737,-0.9736368488737703,-0.9067315892308815,-0.06690525964288885,6.967303158527298,26.17571968252539,43.2206356829106,,16.14917618778106,13.807500000000001,11.465823812218943,338165.0,466142.15,1.0,12.641680836278148
2026-04-30,8086,142.5,150.0,142.5,144.0,8095888.0,1185200822.0,144.0,144.45,144.775,126.99166666666666,117.49583333333334,112.74791666666667,50.0,48.78048780487806,3.5783073768098177,4.696147379608209,-1.117840002798391,12.348840517000747,5.210017862211025,37.68335759954307,,149.38020300712694,144.775,140.16979699287307,8095888.0,11833476.5,1.0,146.39540739694027
2026-04-30,8087,33.2,34.15,33.1,33.85,37007.0,1231879.0,33.85,34.010000000000005,34.0175,32.105,30.5025,29.701249999999998,50.0,58.03571428571427,0.22975910085541074,0.40882620931459623,-0.1790671084591855,11.115496532690283,17.935221361152273,23.66434145363915,,36.07260276346971,34.0175,31.962397236530286,37007.0,51612.05,1.0,33.287729348501635
2026-04-30,8088,51.7,52.3,50.2,50.3,1510545.0,76732861.0,50.3,50.33,50.394999999999996,52.43916666666667,53.419583333333335,53.90979166666667,50.0,39.99999999999999,-0.5837774828124083,-0.6604157477316467,0.07663826491923842,7.588010987535881,9.750025356061778,19.30783016369591,,50.62418620331392,50.394999999999996,50.16581379668607,1510545.0,1667777.55,1.0,50.798129814073725
2026-04-30,8089,20.4,20.55,20.0,20.05,308943.0,6230992.0,20.05,20.2,21.009999999999998,24.208333333333332,25.804166666666667,26.602083333333333,50.0,0.0,-1.0387399807327427,-1.0887066158414398,0.049966635108697144,4.195940322309312,17.147590693473973,51.69381603721761,,22.824154870659378,21.009999999999998,19.19584512934062,308943.0,314796.35,1.0,20.168743101478267
2026-04-30,8091,183.5,195.0,183.5,192.0,1689532.0,322035368.0,192.0,190.95,186.65,155.19166666666666,146.59583333333333,142.29791666666668,50.0,84.61538461538461,9.745736226106402,10.690237676444614,-0.9445014503382119,14.391815435779792,2.3179994206663825,59.81644042862143,,196.65578779875216,186.65,176.64421220124785,1689532.0,1743702.0,1.0,190.60625546009192
2026-04-30,8092,16.3,16.6,15.7,15.8,128442.0,2063437.0,15.8,15.64,14.080000000000002,13.910833333333333,14.155416666666667,14.277708333333333,50.0,100.0,0.7631305489354308,0.5612503968896128,0.201880152045818,21.02413198475249,5.024654558882091,57.68329215814638,,17.723942341677997,14.080000000000002,10.436057658322005,128442.0,186054.1,1.0,16.065126671960886
2026-04-30,8093,18.1,19.2,18.1,19.2,10620.0,200331.0,19.2,19.279999999999998,19.854999999999997,19.743333333333332,19.846666666666668,19.898333333333333,50.0,0.0,-0.19841892700448227,-0.11062536326650395,-0.08779356373797832,4.9168293503927565,10.921889075299978,26.126870255319467,,21.17604424404973,19.854999999999997,18.533955755950263,10620.0,33455.4,1.0,18.863559322033897
2026-04-30,8096,92.0,93.0,88.3,89.2,11482560.0,1033739202.0,89.2,89.42999999999999,91.78,80.25999999999999,77.08,75.49000000000001,50.0,0.0,1.4704481748309917,2.504577257139711,-1.0341290823087195,8.651168211835738,7.379720528561917,24.13359823214268,,97.30376683070553,91.78,86.25623316929448,11482560.0,14882929.3,1.0,90.02689313184516
2026-04-30,8097,52.2,52.2,50.9,50.9,59491.0,3061138.0,50.9,51.160000000000004,52.96999999999999,54.96,55.53,55.815000000000005,50.0,4.166666666666728,-1.2919584826582735,-1.1336775375808896,-0.15828094507738388,8.405755421004438,13.538672961586384,18.60784275194971,,57.03944972356595,52.96999999999999,48.90055027643403,59491.0,87514.35,1.0,51.45548066094031
2026-04-30,8099,66.9,66.9,64.1,64.2,34670.0,2239728.0,64.2,64.75,66.55000000000001,66.36,68.28,69.24,50.0,30.95238095238092,-0.35250374660547834,0.0016415802614630228,-0.3541453268669414,9.956443009924964,10.399236230083151,21.18346044566474,,71.26570723612501,66.55000000000001,61.83429276387501,34670.0,117352.7,1.0,64.60132679550043
2026-04-30,8101,13.1,13.1,12.35,12.4,13758.0,171655.0,12.85,13.235,13.594999999999999,,,,7.692307692307779,32.53012048192774,-0.5039189918054543,-0.4206719616296368,-0.08324703017581747,31.660019072373146,42.59909962083194,19.92659013219112,,14.825275963908055,13.594999999999999,12.364724036091943,12439.6,8932.55,1.105984115244863,12.476740805349614
2026-04-30,8102,68.3,70.8,68.3,68.4,43082.0,2990664.0,68.4,68.34,65.055,,,,50.0,87.50000000000001,3.2067546708650525,3.2547307685237374,-0.047976097658684935,16.830235410603144,3.002609764129227,54.45668740638038,,73.9273046314745,65.055,56.182695368525515,43082.0,94687.7,1.0,69.41794717051205
2026-04-30,8103,132.0,136.5,124.0,125.0,6612778.0,860752345.0,120.0,109.30999999999999,97.815,92.53833333333334,81.42333333333335,64.485625,84.61538461538461,81.70731707317074,9.173618630354795,5.383264713612046,3.790353916742749,42.58234640833985,6.000704214486239,36.1288811725848,,128.25439794687844,97.815,67.37560205312154,7198255.6,3589326.55,0.9186639607518244,130.16501461261817
2026-04-30,8104,34.3,34.3,33.05,33.25,862379.0,28936231.0,33.92,35.925,34.595000000000006,35.12833333333333,33.98916666666666,35.980625,0.0,53.96341463414635,-0.026932650760706167,0.27389168506639416,-0.30082433582710033,22.73650403599494,25.03808181728089,15.297507659208767,,39.870853635095195,34.595000000000006,29.319146364904814,810305.2,1892162.7,1.064264427773634,33.55396061360492
2026-04-30,8105,13.5,13.6,13.2,13.3,919832.0,12338934.0,13.319999999999999,13.680000000000001,13.735,12.915833333333333,12.345833333333333,12.643375,21.212121212121204,40.00000000000002,0.10976122543051758,0.241645875106313,-0.1318846496757954,21.978558756197963,24.634456142981985,20.49555946863866,,14.72074043770486,13.735,12.749259562295139,1344762.8,2459461.55,0.6840105927974807,13.414334356708617
2026-04-30,8107,12.75,12.95,12.7,12.8,91262.0,1167491.0,12.8,12.845000000000002,12.852500000000001,13.934166666666666,14.617083333333333,14.958541666666667,50.0,54.545454545454625,-0.20928221166160732,-0.25568529742912616,0.04640308576751884,7.968424114658,9.959540082134424,33.19953394158946,,13.272368400436454,12.852500000000001,12.432631599563548,91262.0,119498.2,1.0,12.792739584931297
2026-04-30,8109,119.5,119.5,117.0,118.0,235731.0,27846499.0,118.0,116.9,111.75,107.30833333333334,106.65416666666667,106.32708333333333,50.0,87.5,3.654506003018099,2.9929026933944756,0.6616033096236236,22.87752950609011,4.851528634756148,44.79219306479814,,123.4276890287691,111.75,100.0723109712309,235731.0,179465.65,1.0,118.12828605486763
2026-04-30,8110,46.6,46.75,44.8,44.85,8145314.0,369842305.0,46.39,47.239999999999995,48.295,57.3475,44.872083333333336,29.030416666666667,26.69683257918554,39.01234567901235,-2.2509230541093146,-2.328691868905641,0.07776881479632625,17.611311518256734,25.840539664143293,14.317789106985261,,51.73958384928236,48.295,44.85041615071764,10206053.8,10376293.8,0.7980865239021178,45.40553071373307
2026-04-30,8111,70.4,72.4,69.4,69.4,3925569.0,277454243.0,69.4,70.38000000000001,69.915,66.885,66.1425,65.77125,50.0,59.16666666666668,0.8985867237123983,1.3464220362377257,-0.4478353125253274,12.298609666519006,6.578436458618782,28.014395085439347,,80.18775907180586,69.915,59.64224092819415,3925569.0,6712458.25,1.0,70.6787329429186
2026-04-30,8112,85.4,85.8,81.4,81.7,15012313.0,1243828556.0,84.8,85.53,83.24,79.05333333333333,71.42791666666668,59.20375,34.01015228426394,50.16077170418007,1.509005293375921,1.8505264205008627,-0.34152112712494165,22.183929055422773,20.656800268426842,12.579609090908182,,90.56907691466327,83.24,75.91092308533672,21369033.4,18629258.2,0.7025265354304702,82.85389173540413
2026-04-30,8114,184.0,185.0,182.0,184.0,430995.0,79039999.0,185.7,184.55,176.5,177.575,187.94583333333333,228.56666666666666,22.85714285714286,65.68627450980392,3.3225197810143925,2.044508534223423,1.2780112467909697,32.141028846676875,12.903963651917127,24.912599291025078,,195.12652325103187,176.5,157.87347674896813,741239.0,652538.8,0.5814521362205712,183.3895961670089
2026-04-30,8121,27.8,29.4,27.45,28.5,952524.0,27097342.0,28.5,28.585,27.07,26.5175,26.808749999999996,26.954375000000002,50.0,86.82170542635657,0.8351109516670583,0.7478447095337558,0.08726624213330247,11.348901170556712,4.240803506377085,39.414459260966325,,31.87388001077199,27.07,22.26611998922801,952524.0,1232878.1,1.0,28.44793621997976
2026-04-30,8131,64.7,65.2,60.4,60.8,6622739.0,411004962.0,61.419999999999995,61.0,61.105,64.99166666666666,52.40916666666667,39.625833333333325,43.05555555555555,50.0,-0.4181745714783247,-0.6905848482468434,0.2724102767685187,20.695978371815514,24.330102323661194,11.239705116449256,,64.46950512510146,61.105,57.74049487489853,7086875.6,4659408.3,0.9345075846964211,62.059664739921054
2026-04-30,8147,171.5,171.5,164.0,166.0,980196.0,164255598.0,166.0,165.6,161.325,135.79166666666666,121.39583333333333,114.19791666666667,50.0,78.37837837837839,7.21741145134547,8.065090663009777,-0.8476792116643068,12.0921118910771,2.6310670764693853,52.626778259698945,,171.57079502964535,161.325,151.07920497035462,980196.0,1519495.5,1.0,167.57423821358176
2026-04-30,8150,67.3,73.5,67.2,69.8,32774904.0,2320661928.0,68.53999999999999,70.32000000000001,66.08500000000001,60.75416666666667,49.332499999999996,38.06791666666667,19.879518072289144,58.78661087866109,2.765184235613191,2.9768569520954786,-0.2116727164822878,33.41957920260142,20.445932375535612,24.02279731641241,,78.80005945098617,66.08500000000001,53.36994054901385,22252617.0,31358797.65,1.4728561588958278,70.80606332210768
2026-04-30,8155,426.0,438.5,412.5,416.0,6606349.0,2809489531.0,416.0,412.15,375.025,272.975,243.7375,229.11875,50.0,93.11926605504587,40.74314856918204,41.535963791174396,-0.7928152219923561,22.14233506262286,3.3982325489174756,60.60691284206806,,461.6800785100268,375.025,288.36992148997314,6606349.0,6168419.85,1.0,425.2711340257682
2026-04-30,8162,53.5,53.7,50.4,50.7,1417562.0,73622142.0,51.059999999999995,48.36,44.7175,40.085833333333326,38.39333333333333,,57.808219178082204,62.96928327645052,3.2635420742626096,2.54475709855904,0.7187849757035694,43.869453369349145,17.528262693800627,40.64552846303638,,54.765347373547755,44.7175,34.66965262645225,1936933.8,1021577.05,0.731858775968492,51.935747431152926
2026-04-30,8163,26.8,27.05,26.6,26.65,862704.0,23069000.0,26.9,27.615,27.509999999999998,29.191666666666666,31.71291666666667,33.93416666666666,0.0,42.10526315789473,-0.434210274416035,-0.3795978442815676,-0.05461243013446737,14.018853385665045,26.16906577363992,20.27954977496293,,28.82533465823499,27.509999999999998,26.194665341765006,804879.0,842355.9,1.0718430969127037,26.74034199447319
2026-04-30,8171,22.85,23.0,22.75,22.95,79704.0,1822220.0,22.95,23.055,23.345000000000002,26.061666666666664,27.20583333333333,27.77791666666667,50.0,40.90909090909086,-0.7402988694268196,-0.8236756931822581,0.08337682375543853,4.924526159525872,19.89770136424761,51.2649637998004,,24.255696667970643,23.345000000000002,22.434303332029362,79704.0,143746.5,1.0,22.862340660443643
2026-04-30,8176,10.45,10.45,10.25,10.3,170054.0,1760341.0,10.3,10.330000000000002,10.5875,11.039166666666667,11.019583333333335,11.009791666666667,50.0,0.0,-0.27299460355281546,-0.257285509965273,-0.015709093587542466,11.120947530490321,15.01314700403861,19.41838872582937,,11.197827780786701,10.5875,9.9771722192133,170054.0,181385.9,1.0,10.35165888482482
2026-04-30,8182,38.3,38.3,37.0,37.0,235760.0,8832379.0,37.0,37.205,35.0025,29.859166666666667,28.604583333333334,27.977291666666666,50.0,82.01754385964914,2.199669599651493,2.34832349776322,-0.14865389811172713,19.16612839591771,1.3293100156554098,70.09940500010835,,42.62065525397618,35.0025,27.384344746023814,235760.0,1907188.0,1.0,37.46343315235833
2026-04-30,8183,33.85,34.15,33.2,33.25,507981.0,17081320.0,33.25,33.61,34.5475,33.695,32.447500000000005,31.82375,50.0,35.13513513513517,-0.3778210504851742,-0.12211599086922154,-0.2557050596159527,11.6640602665009,12.957425990595043,13.525869880380393,,37.34702533570655,34.5475,31.747974664293448,507981.0,707612.65,1.0,33.625903331030095
2026-04-30,8201,13.0,13.0,12.7,12.8,28763.0,368260.0,12.959999999999999,13.229999999999999,13.12,13.6275,14.242083333333333,13.361916666666668,0.0,30.357142857142875,-0.09596025479243053,-0.061731893696711046,-0.03422836109571949,20.26540737590793,22.889388007401408,15.748813659925707,,14.103227767155419,13.12,12.13677223284458,49678.4,88308.1,0.5789840252504106,12.803254180718284
2026-04-30,8210,1150.0,1155.0,1110.0,1130.0,2256259.0,2567789870.0,1159.0,1100.0,1005.55,957.6333333333333,896.5333333333333,665.7041666666667,65.45454545454545,77.90697674418604,64.05013486477742,48.14482017899905,15.905314685778372,33.81370228373372,8.31830979653989,34.55431751618815,,1238.3385645590795,1005.55,772.7614354409204,3871409.2,3604449.85,0.582800443828051,1138.074073056329
2026-04-30,8213,37.0,37.0,36.1,36.25,536355.0,19534744.0,37.029999999999994,37.595,35.8925,35.245000000000005,34.61833333333334,33.2825,8.823529411764639,57.21925133689842,0.7331315205370075,0.723482130382655,0.00964939015435251,26.819500060191103,18.17842266346758,27.862932155000724,,39.91798133767857,35.8925,31.867018662321428,564610.4,1087154.4,0.949955934215877,36.4212955971325
2026-04-30,8215,26.25,27.1,25.4,25.85,2536027.0,66605608.0,25.410000000000004,26.410000000000004,25.73,22.554166666666667,21.7575,22.712916666666665,25.000000000000014,52.91970802919708,0.7699372896318621,1.0302824151625147,-0.2603451255306526,32.563488486241724,19.73489821481259,22.46094244775331,,28.53495801638499,25.73,22.92504198361501,1768187.4,4412521.5,1.4342523875014606,26.26376138739848
2026-04-30,8222,35.3,35.6,35.1,35.1,294852.0,10425576.0,35.6,36.69,35.832499999999996,38.304166666666674,41.22791666666667,47.563958333333325,0.0,56.41025641025641,-0.4097815757962735,-0.379699069203345,-0.030082506592928493,23.55128031850482,28.797662803077184,17.789070555503585,,38.78373078695879,35.832499999999996,32.8812692130412,311051.2,396019.05,0.9479211139516581,35.35867486060803
2026-04-30,8227,159.5,163.5,153.0,153.0,1040176.0,163595479.0,153.0,151.8,139.8,135.68333333333334,137.34166666666667,138.17083333333332,50.0,100.0,6.777278815865088,5.359547795990392,1.4177310198746964,17.848830886584583,3.698100835840861,46.51460353346667,,167.92453508387672,139.8,111.6754649161233,1040176.0,870410.1,1.0,157.27672913045484
2026-04-30,8234,64.2,69.2,64.0,66.9,1922203.0,128896909.0,66.9,66.31000000000002,63.05000000000001,66.305,68.4025,69.45125000000002,50.0,100.0,0.8173674429466047,0.1080643693139927,0.709303073632612,12.08300729052887,6.904214681649659,30.598640285374106,,70.31012904046564,63.05000000000001,55.789870959534376,1922203.0,1069832.35,1.0,67.05686600218603
2026-04-30,8240,68.1,70.2,65.6,66.5,4181503.0,284013496.0,66.5,66.47999999999999,65.32000000000001,50.901666666666664,45.200833333333335,42.35041666666667,50.0,79.24528301886792,3.6448380330542207,4.353198718720564,-0.7083606856663431,13.607633266938313,3.8957175836584708,48.44984610999002,,68.48600362402905,65.32000000000001,62.15399637597097,4181503.0,6360759.65,1.0,67.92138998824107
2026-04-30,8249,49.75,50.8,49.35,49.45,755111.0,37655435.0,48.480000000000004,49.184999999999995,48.995000000000005,53.28,53.572916666666664,52.797708333333325,38.46153846153849,54.375000000000014,-0.8196285014740567,-1.007247188358944,0.18761868688488725,24.51400300241184,25.911351473546603,22.491871731230557,,51.249095687503385,48.995000000000005,46.740904312496625,559067.0,487115.85,1.3506628007018837,49.867416843351506
2026-04-30,8255,136.0,138.5,134.0,136.0,700827.0,95814089.0,136.0,135.55,130.3,127.28333333333333,126.14166666666667,125.57083333333334,50.0,90.9090909090909,2.876215932047728,2.3985046843420146,0.4777112477057135,14.97586628958791,7.029604968190825,27.291692006267382,,142.86310387393854,130.3,117.7368961260615,700827.0,567802.45,1.0,136.7157501066597
2026-04-30,8261,119.0,121.0,117.0,118.5,1706622.0,202604558.0,118.2,121.75,114.61499999999998,102.80833333333334,98.29833333333335,89.80166666666666,21.212121212121204,62.5,4.557707588639261,5.031959690824646,-0.4742521021853854,27.048567938455932,17.48083432584732,31.242515006299595,,132.1950455061986,114.61499999999998,97.03495449380137,2743947.0,4173609.4,0.6219588060556563,118.71671524215672
2026-04-30,8271,225.0,225.0,220.0,220.0,893470.0,197229903.0,214.8,212.7,183.5,146.775,121.67416666666668,87.87833333333334,37.5,67.07692307692308,20.332799694973033,17.632928720894924,2.6998709740781095,41.80312512067089,15.392906864412332,34.51037728858107,,248.64033433975266,183.5,118.35966566024733,1221925.2,6725277.15,0.7311986036461152,220.7459713252823
2026-04-30,8272,71.3,71.3,70.0,70.0,4536.0,319674.0,70.0,70.19,71.00000000000001,75.11333333333333,77.25666666666667,78.32833333333333,50.0,24.324324324324365,-1.2298998747918404,-1.3227261104476993,0.0928262356558589,2.392179865505315,11.059906122645986,58.76229204407768,,72.8973665961013,71.00000000000001,69.10263340389872,4536.0,12570.6,1.0,70.47486772486772
2026-04-30,8277,7.71,7.98,7.5,7.98,590285.0,4626960.0,7.98,7.948,7.766,8.692833333333335,9.271416666666665,9.560708333333332,50.0,88.88888888888896,-0.09821078132285255,-0.18081511859684057,0.08260433727398803,6.01197549485054,9.126015927276415,28.48018407230748,,8.171872679025048,7.766,7.360127320974953,590285.0,363012.55,1.0,7.8385186816537775
2026-04-30,8279,98.6,99.2,98.6,99.1,15884.0,1572939.0,99.1,99.78999999999999,103.095,115.69833333333332,123.84916666666666,127.92458333333335,50.0,5.952380952380949,-3.817956864792663,-3.9679857194060584,0.15002885461339543,4.821649606820405,29.780946393369838,63.115652805255145,,110.52480484265901,103.095,95.66519515734099,15884.0,27551.3,1.0,99.02663057164442
2026-04-30,8284,63.5,64.0,63.4,64.0,20209.0,1290291.0,64.0,63.980000000000004,63.864999999999995,63.279999999999994,63.190000000000005,63.144999999999996,50.0,79.99999999999972,0.19215448326302464,0.21240513494056582,-0.02025065167754117,11.33087658961069,11.32906274876886,11.641263536024102,,64.13469768650323,63.864999999999995,63.59530231349677,20209.0,20707.85,1.0,63.847345242218815
2026-04-30,8289,45.6,46.2,44.6,45.35,540101.0,24596065.0,45.35,45.78,43.7375,34.7375,29.76875,27.284375,50.0,73.4567901234568,2.593293538396665,3.073706592293735,-0.4804130538970699,21.259808534912814,4.735138262314016,61.87042671768515,,52.720986311882996,43.7375,34.754013688117,540101.0,5427009.95,1.0,45.53975089844307
2026-04-30,8299,2175.0,2175.0,1900.0,1900.0,15621511.0,31230432090.0,1900.0,1867.0,1753.0,1843.0833333333333,1916.5416666666667,1953.2708333333333,50.0,72.22222222222223,38.54340708586892,10.246519079534542,28.296888006334378,13.529996950696038,6.231775367189774,32.406650638248344,,2036.3706889719206,1753.0,1469.6293110280794,15621511.0,11320143.25,1.0,1999.1940657981165
2026-04-30,8341,75.2,75.2,74.6,74.7,163846.0,12265146.0,74.62,75.12,75.565,76.72166666666666,78.58416666666666,77.38625,26.08695652173907,38.33333333333343,-0.5528717606864717,-0.4798833709710477,-0.07298838971542398,16.06897777762761,28.455854764002552,20.320152708277536,,76.91567234719187,75.565,74.21432765280812,215982.0,209978.1,0.7586095137557759,74.85776888053417
2026-04-30,8342,,,,,160.0,13609.0,,,,,,,50.0,14.285714285714434,2.0143463208234635,2.008577235432274,0.005769085391189588,0.8692596796661977,4.682568281251726,55.42695777199347,,,,,160.0,9639.3,1.0,85.05625
2026-04-30,8349,46.0,46.0,44.2,45.2,342115.0,15444165.0,45.2,45.195,44.7425,43.16416666666667,43.282083333333325,43.34104166666667,50.0,100.0,0.672421850050732,0.7157431719409736,-0.043321321890241626,8.1660973661861,3.6160135577942136,35.78098616616885,,46.080320301047365,44.7425,43.404679698952634,342115.0,381695.55,1.0,45.14319746284144
2026-04-30,8354,16.25,16.25,15.7,15.85,107160.0,1703339.0,15.85,15.87,15.8475,15.445833333333333,15.322916666666666,15.261458333333334,50.0,63.636363636363605,0.11016439305900683,0.13629419662320486,-0.02612980356419803,6.314991613910401,3.4217247746918193,29.91748658283556,,16.09771043774783,15.8475,15.597289562252172,107160.0,137383.7,1.0,15.895287420679358
2026-04-30,8358,374.0,398.0,369.5,388.5,7505803.0,2911282978.0,388.5,386.4,344.725,282.76666666666665,265.1333333333333,256.31666666666666,50.0,100.0,33.60753547389601,32.06753950539056,1.539995968505444,19.63766974249249,3.9220248890500082,52.091557747479655,,450.44681719767686,344.725,239.0031828023232,7505803.0,22114466.95,1.0,387.8709550463821
2026-04-30,8367,42.45,42.45,42.2,42.2,44685.0,1892925.0,42.540000000000006,42.845000000000006,43.0825,43.775,43.86583333333333,45.328125,0.0,20.930232558139423,-0.45028908658834155,-0.3704643909513509,-0.07982469563699063,22.38117752486069,29.7002199659599,18.25376735079465,,43.91491879641884,43.0825,42.25008120358117,43001.6,47129.4,1.0391473805625837,42.36153071500504
2026-04-30,8374,82.4,86.7,82.4,84.3,1534212.0,130969417.0,80.17999999999999,80.5,77.09,79.68666666666667,82.71083333333333,90.205,55.29411764705882,65.82278481012659,1.7012840643457707,0.9106750421539951,0.7906090221917756,38.931963174911786,18.124081972148186,26.934180862254916,,89.4928689380632,77.09,64.68713106193681,1136123.4,1081693.05,1.3503920436811707,85.36591879088418
2026-04-30,8383,62.7,64.6,61.8,62.9,2453351.0,154889079.0,62.9,62.85,58.06,47.20666666666667,43.903333333333336,42.251666666666665,50.0,100.0,4.616256612274071,4.754971337263746,-0.13871472498967474,19.921289021053607,0.9217670876192179,75.63771036420238,,71.29339475879516,58.06,44.826605241204845,2453351.0,4181801.65,1.0,63.133680830830976
2026-04-30,8390,85.8,86.9,85.4,85.4,366574.0,31523123.0,85.4,85.86,89.28999999999999,93.45166666666667,93.37583333333333,93.33791666666667,50.0,0.0,-2.514905988791213,-2.3047994299171273,-0.2101065588740858,9.822583979107526,21.475655901656417,28.202466143686067,,97.14738673579123,89.28999999999999,81.43261326420875,366574.0,595804.6,1.0,85.99388663680458
2026-04-30,8401,24.5,24.5,24.3,24.45,38774.0,944540.0,24.45,24.49,24.667499999999997,27.0075,27.903750000000002,28.351875000000003,50.0,10.000000000000071,-0.5951679397621277,-0.7015117604807308,0.10634382071860315,2.4158352221314323,24.750514964375537,72.44172838841358,,25.071786245648926,24.667499999999997,24.263213754351067,38774.0,44665.5,1.0,24.360138236962914
2026-04-30,8403,21.55,21.7,21.5,21.5,172376.0,3716771.0,21.5,21.57,21.895,22.764166666666668,23.157083333333333,23.35354166666667,50.0,10.526315789473514,-0.3269139634219087,-0.3215189780116871,-0.005394985410221598,3.1950243153952873,17.5497065168476,56.60511943669769,,22.631206492772176,21.895,21.158793507227823,172376.0,160690.7,1.0,21.561998190003248
2026-04-30,8404,17.0,17.1,16.8,16.8,200741.0,3394652.0,16.830000000000002,17.2,17.6275,20.62,22.89625,22.157291666666666,26.666666666666643,33.33333333333333,-0.8544103243562517,-0.9197136034920201,0.06530327913576839,14.601709270715272,36.84091502123704,44.500121438598576,,18.78802392886782,17.6275,16.466976071132184,530753.0,507209.9,0.3782192469943646,16.910606204014126
2026-04-30,8409,20.0,20.25,20.0,20.15,12133.0,243354.0,20.15,20.214999999999996,20.5075,,,,50.0,0.0,-0.14907803720019785,-0.10254223935792778,-0.04653579784227008,6.333213270175854,10.003316882035634,24.064357189843395,,21.171043121194263,20.5075,19.843956878805738,12133.0,23396.45,1.0,20.057199373609166
2026-04-30,8410,36.6,36.9,36.55,36.9,32100.0,1179479.0,36.9,36.919999999999995,36.7,36.96666666666667,37.13333333333333,37.21666666666667,50.0,81.81818181818159,0.04277909525231394,0.013997032105827839,0.028782063146486098,10.382422217471332,9.825793627692942,12.897511904729377,,37.448331477354785,36.7,35.95166852264522,32100.0,30898.0,1.0,36.74389408099688
2026-04-30,8411,12.15,12.25,12.05,12.25,55883.0,680291.0,12.22,12.23,12.275,12.245833333333334,12.380833333333333,12.656666666666666,57.14285714285728,41.666666666666686,-0.015894907071617226,-0.007500353475128153,-0.008394553596489072,10.77327932687591,22.557276984542085,28.096957807742474,,12.459960877798073,12.275,12.090039122201928,71433.2,78401.75,0.7823113062273565,12.173487464881985
2026-04-30,8415,34.25,34.6,33.7,33.7,394198.0,13418866.0,33.7,33.7,33.8725,33.91416666666667,33.90708333333333,33.90354166666666,50.0,0.0,-0.06872357186492906,-0.05694036493875159,-0.011783206926177466,8.809959324889661,3.674624205802917,35.46633073654402,,34.35533701074729,33.8725,33.38966298925271,394198.0,399677.6,1.0,34.04092867036363
2026-04-30,8416,169.0,169.0,168.5,169.0,5894.0,994431.0,169.0,169.05,169.25,173.0,176.5,178.25,50.0,33.33333333333333,-0.6083666000976109,-0.7902021959271065,0.1818355958294956,5.758798743735575,16.797630337930446,51.22607576319663,,169.76298917604666,169.25,168.73701082395334,5894.0,6739.7,1.0,168.7192059721751
2026-04-30,8421,13.6,13.65,13.5,13.6,30691.0,415974.0,13.6,13.59,13.592500000000001,13.389166666666666,13.219583333333333,13.134791666666667,50.0,39.99999999999985,0.03041126782111192,0.03899968974621481,-0.008588421925102889,11.305498192442156,6.2553655997877895,28.562429979776763,,13.7014422831256,13.592500000000001,13.483557716874403,30691.0,35991.25,1.0,13.553615066306083
2026-04-30,8422,27.9,28.4,27.75,27.75,6252402.0,174914906.0,28.1,28.925,29.077500000000004,31.511666666666667,83.21208333333334,136.07270833333334,0.0,37.61467889908256,-0.9091082287378853,-0.9398784301932835,0.030770201455398216,23.67924454339459,26.4210094125069,11.532455255292996,,30.619021804566703,29.077500000000004,27.535978195433305,8905065.6,11058775.55,0.7021174554851117,27.975633364585324
2026-04-30,8423,17.8,18.15,17.75,17.95,23791.0,425476.0,17.95,17.984999999999996,18.105,,,,50.0,27.27272727272745,-0.1550793627640914,-0.1500077143413071,-0.005071648422784292,8.723575795340519,10.298445042546538,19.167606304983092,,18.40394551519069,18.105,17.806054484809312,23791.0,19680.25,1.0,17.883905678617964
2026-04-30,8424,74.5,74.6,74.4,74.4,3000.0,223500.0,74.4,74.43,74.42,74.00833333333335,73.45416666666667,73.17708333333333,50.0,55.55555555555608,0.03169504001193957,0.06216356599581013,-0.030468525983870565,11.725523997021362,11.705739755671752,11.10213176899955,,74.72847673289345,74.42,74.11152326710655,3000.0,5659.3,1.0,74.5
2026-04-30,8426,23.85,23.85,23.85,23.85,18465.0,440515.0,23.85,23.950000000000003,24.380000000000003,25.95,26.7,27.075,50.0,8.695652173913146,-0.508533447227876,-0.5255962664459362,0.017062819218060188,13.620972700763057,26.896610883096223,25.62067693427638,,25.364832339457987,24.380000000000003,23.39516766054202,18465.0,20922.25,1.0,23.856756024911995
2026-04-30,8429,6.78,6.78,6.55,6.58,262313.0,1745157.0,6.566,6.654000000000001,6.755000000000001,7.157833333333333,7.45775,7.82875,32.35294117647061,32.87671232876713,-0.13579109160830605,-0.12949173279612755,-0.006299358812178496,23.81607271475452,25.892455515297836,21.016784420171238,,7.025554985170014,6.755000000000001,6.484445014829988,299307.0,269551.6,0.876401153330861,6.652956582403465
2026-04-30,8431,66.0,66.0,62.9,63.0,1188566.0,76261618.0,63.0,63.32000000000001,64.935,64.37166666666666,63.185833333333335,62.592916666666675,50.0,19.69696969696966,-0.7757388249995074,-0.4905708966968847,-0.2851679283026227,8.876411032446672,9.728000040724554,14.822221564587029,,68.6536726551002,64.935,61.21632734489981,1188566.0,2060970.6,1.0,64.16271204123288
2026-04-30,8432,50.8,51.0,50.1,50.1,43103.0,2171753.0,50.1,50.17,50.614999999999995,53.07166666666667,54.48583333333333,55.19291666666666,50.0,0.0,-0.6331251116807337,-0.7118061364548979,0.07868102477416417,5.414750579461197,10.309916180847472,25.644516844532944,,51.612417718543504,50.614999999999995,49.617582281456485,43103.0,36187.95,1.0,50.3851936060135
2026-04-30,8433,55.4,55.4,54.9,54.9,17491.0,963755.0,54.9,55.239999999999995,58.34999999999999,56.975,55.9875,55.49375,50.0,0.0,-1.1701526985526485,-0.6464945986849574,-0.5236580998676911,9.601645632779169,20.09660753721366,40.26981245277089,,65.56037264530829,58.34999999999999,51.13962735469168,17491.0,186527.05,1.0,55.10005145503402
2026-04-30,8435,55.6,55.6,55.5,55.6,21401.0,1190084.0,55.6,55.83,56.54,55.71,54.504999999999995,53.9025,50.0,30.55555555555557,-0.2607779432414645,-0.06531641095891562,-0.19546153228254892,20.832766634975304,23.266493141507308,22.731054564737008,,58.41437006962203,56.54,54.66562993037797,21401.0,31787.55,1.0,55.60880332694734
2026-04-30,8436,119.5,121.0,118.5,118.5,413452.0,49366687.0,118.5,119.15,122.05,132.84166666666667,142.17083333333332,146.83541666666667,50.0,25.0,-2.998627229318643,-3.1058938874390103,0.10726665812036718,4.891743874513265,16.179978840051344,49.7737544636095,,128.85479706956036,122.05,115.24520293043963,413452.0,553584.8,1.0,119.40125334984472
2026-04-30,8437,12.6,12.6,12.5,12.5,27172.0,341007.0,12.5,12.5,12.4375,13.973333333333333,14.736666666666668,15.118333333333334,50.0,63.6363636363637,-0.2657837676978474,-0.3654684489081145,0.09968468121026708,5.1302132064888095,18.730945992731744,69.21333227779732,,12.631827450183259,12.4375,12.243172549816741,27172.0,52755.7,1.0,12.549941115854557
2026-04-30,8438,90.4,90.4,88.1,88.3,234780.0,20855699.0,87.32000000000001,87.57000000000001,84.595,67.45916666666668,48.75541666666667,39.754583333333336,43.90243902439025,47.983870967741936,5.34166816108646,6.007082560577993,-0.6654143994915334,32.888484451716785,13.918924930745916,48.42643415701075,,96.37160034939942,84.595,72.81839965060058,312787.0,2947628.0,0.7506066428591981,88.83081608314167
2026-04-30,8440,22.05,22.05,21.3,21.35,81618.0,1770822.0,21.35,21.48,21.9725,23.954166666666666,24.777083333333334,25.188541666666666,50.0,19.999999999999957,-0.6572166187458954,-0.6794453117796972,0.022228693033801816,4.415429640436937,14.268883454497308,46.049801746912586,,23.144756034544628,21.9725,20.800243965455373,81618.0,89987.8,1.0,21.696464015290744
2026-04-30,8442,50.5,50.5,49.95,50.0,26112.0,1311503.0,49.81,50.555,51.1225,60.12916666666667,65.24041666666666,72.446875,29.72972972972974,46.3157894736842,-2.047961628050949,-2.3944301601664137,0.3464685321154648,19.642739650727652,31.093466742355275,33.21479279565143,,53.068744697114674,51.1225,49.17625530288533,76071.8,53634.1,0.3432546620429647,50.226064644607845
2026-04-30,8443,11.8,11.85,11.75,11.85,45441.0,535217.0,11.889999999999999,11.969999999999999,12.0,11.7325,11.648333333333333,11.776041666666666,27.272727272727153,50.0,0.0182273626418592,0.052738892343096075,-0.03451152970123687,9.136487622350174,22.35705003576273,26.525970817782483,,12.183532587096542,12.0,11.816467412903458,21247.2,48015.75,2.138681802778719,11.778283928610726
2026-04-30,8444,5.69,6.25,5.69,6.25,136384.0,845637.0,6.25,6.141,6.0184999999999995,8.327,9.188500000000001,9.61925,50.0,48.87892376681614,-0.4736802184025706,-0.651059024284338,0.17737880588176747,9.063354169718126,17.304708925031534,54.78325361224924,,6.938506292884663,6.0184999999999995,5.0984937071153364,136384.0,116583.0,1.0,6.200412071797278
2026-04-30,8446,85.7,85.7,84.2,84.4,169574.0,14393536.0,84.4,85.01,90.51,93.78500000000001,93.8925,93.94624999999999,50.0,3.3557046979865817,-3.373938398415916,-2.7810080918590785,-0.5929303065568376,6.093367421209258,33.277585255090216,56.88702133055477,,103.23228049732566,90.51,77.78771950267435,169574.0,215958.9,1.0,84.8805595197377
2026-04-30,8450,16.75,16.85,16.0,16.5,94294.0,1541431.0,16.5,16.595,16.970000000000002,17.063333333333333,17.006666666666668,16.978333333333335,50.0,33.33333333333333,-0.21600166743179017,-0.14458648318200254,-0.07141518424978763,6.654437780315227,9.946359635132577,21.25630628202145,,17.898156066731538,16.970000000000002,16.041843933268467,94294.0,60418.1,1.0,16.347074045008167
2026-04-30,8454,171.0,171.5,170.0,170.5,395543.0,67582143.0,171.0,172.85,176.725,184.71666666666667,208.29583333333332,246.68333333333334,23.80952380952381,26.530612244897966,-3.2829935066841927,-3.0107680953666147,-0.27222541131757794,13.854596694732185,28.631728186633527,28.60476678006008,,185.46375216916644,176.725,167.98624783083355,543940.2,466099.35,0.727181039386315,170.85915564173806
2026-04-30,8455,24.2,24.2,23.0,23.7,28110.0,677166.0,23.7,23.4,21.982499999999998,,,,50.0,100.0,0.7760346871729098,0.5696474538943792,0.2063872332785306,15.92738359402136,4.7970333353711885,33.80975778875926,,25.173486483337413,21.982499999999998,18.791513516662583,28110.0,18727.3,1.0,24.089861259338313
2026-04-30,8462,151.0,152.0,148.5,149.0,81881.0,12257721.0,147.0,145.15,142.65,142.95,150.51666666666668,144.67916666666667,85.71428571428571,88.46153846153847,1.6117863346665615,0.6382909325371519,0.9734954021294097,33.08567785723338,12.548337521434693,18.072914444551586,,149.43310594902889,142.65,135.86689405097113,176278.0,124700.7,0.46449925685564847,149.7016523979922
2026-04-30,8463,22.2,22.45,22.2,22.25,27007.0,603161.0,22.310000000000002,22.595,22.585,24.860000000000003,25.360833333333332,24.786250000000003,21.73913043478281,45.652173913043505,-0.5197463214632769,-0.588319103363612,0.06857278190033511,23.05598594184537,28.8150834426473,21.191832800868696,,23.344570515765504,22.585,21.825429484234498,43051.0,91262.65,0.627325729948201,22.333506128040877
2026-04-30,8464,350.0,354.0,343.5,351.0,914895.0,320100072.0,353.2,361.7,358.7,380.0416666666667,384.30833333333334,400.61875,19.117647058823522,47.64150943396226,-4.660043377961415,-4.33640466377582,-0.323638714185595,17.570040441555832,27.18942354329507,16.044501761551484,,382.20901282935284,358.7,335.19098717064713,988144.6,870839.7,0.9258715779046913,349.8762940009509
2026-04-30,8466,16.0,16.2,15.85,15.85,31689.0,508725.0,16.23,16.854999999999997,17.44,19.827499999999997,21.522083333333335,24.655833333333337,5.405405405405304,12.280701754386016,-0.8577831600304506,-0.7775049311035487,-0.08027822892690195,7.22587171867161,41.89083161356314,45.16388484443551,,19.03986841564357,17.44,15.840131584356431,87099.4,102791.55,0.3638256979956234,16.053677932405567
2026-04-30,8467,148.5,148.5,146.0,146.5,15468.0,2269289.0,147.5,151.3,151.225,163.54166666666666,160.65833333333333,164.96458333333334,16.0,46.7741935483871,-2.7342155152317673,-2.540782202139887,-0.19343331309188017,16.484946188777567,24.98233916886369,17.58621076162331,,159.36505689879496,151.225,143.08494310120503,19311.4,29939.45,0.8009776608635313,146.70862425652962
2026-04-30,8472,66.9,73.4,66.8,67.5,20215.0,1373506.0,67.5,68.18,71.705,,,,50.0,0.0,-1.063939479479771,-0.1625702591253415,-0.9013692203544295,6.071772826707713,8.810076659823086,30.849519784028807,,79.58661752033446,71.705,63.82338247966554,20215.0,19812.05,1.0,67.94489240662874
2026-04-30,8473,36.5,36.5,35.65,35.9,798864.0,28691400.0,36.269999999999996,36.735,36.95,37.548333333333325,37.69125,35.23854166666667,14.9999999999999,37.36263736263735,-0.4194335978473518,-0.28759568615224984,-0.13183791169510195,18.937691861488354,28.582090177986952,12.50130806503338,,38.27227873484782,36.95,35.62772126515218,435039.4,464401.25,1.8363026429330307,35.9152496545094
2026-04-30,8476,17.75,17.8,17.45,17.45,264789.0,4659414.0,17.8,17.96,18.292499999999997,18.8275,18.67833333333333,19.924791666666668,13.043478260869463,17.391304347826036,-0.3412996864972051,-0.2683953462599437,-0.07290434023726139,16.216230141223676,20.38577635872379,9.58510510786704,,19.182369889957325,18.292499999999997,17.40263011004267,950759.0,607081.45,0.2785027541153962,17.59670530120209
2026-04-30,8477,13.4,13.55,13.3,13.55,12041.0,160315.0,13.55,13.52,13.505,13.275833333333335,13.162916666666666,13.106458333333334,50.0,46.15384615384624,0.0404347289056588,0.04546928142194019,-0.00503455251628139,8.842059892234259,8.575175105192837,8.31016817216983,,13.770369652808272,13.505,13.23963034719173,12041.0,27047.75,1.0,13.314093513827755
2026-04-30,8478,171.0,171.0,167.5,168.5,125939.0,21257137.0,169.9,171.65,167.5,173.725,186.72083333333333,182.74166666666667,16.0,59.701492537313435,0.8115639504165131,0.36705554432583426,0.4445084060906788,28.99395988958237,18.402338189456994,24.945801234731434,,179.32771054947654,167.5,155.67228945052346,119497.0,184907.55,1.0539093031624225,168.78915189099484
2026-04-30,8481,41.7,41.7,40.9,40.9,29244.0,1200504.0,41.14,41.495,41.7125,41.75416666666667,41.77,,30.769230769230802,32.75862068965512,-0.18559837238292687,-0.08148928698954462,-0.10410908539338225,21.834760813808852,29.469709099015663,16.947892346004604,,42.49981723025308,41.7125,40.92518276974692,26904.0,27704.1,1.0869759143621767,41.05129257283545
2026-04-30,8482,49.5,49.5,48.35,49.45,4049.0,198505.0,49.260000000000005,,,,,,38.202247191011274,44.17177914110432,0.16966060205607647,0.17226800056017383,-0.002607398504097358,21.43685975619076,24.26970380315523,8.35281329315871,,,,,4443.6,7891.4,0.9111981276442523,49.025685354408495
2026-04-30,8487,77.5,77.9,76.7,77.1,79546.0,6133728.0,78.1,78.49,79.05,79.93499999999999,78.85,79.09875000000001,26.923076923076948,30.64516129032259,-0.5999054813014482,-0.4130032930563023,-0.18690218824514587,14.758037616480312,29.38583683881794,14.790792967897127,,80.77961815074079,79.05,77.3203818492592,42321.4,38348.95,1.8795692013969292,77.10919467980791
2026-04-30,8488,9.99,10.3,9.98,10.3,29000.0,292060.0,,,,,,,76.92307692307709,70.93023255813955,0.06940307338592255,0.0758669951823568,-0.006463921796434249,25.434954325910404,15.816481531066358,19.618301909592844,,,,,,,,10.071034482758622
2026-04-30,8489,28.0,28.05,26.2,26.35,57753.0,1535380.0,26.35,26.395000000000003,26.0925,30.315833333333334,33.88291666666667,35.66645833333334,50.0,69.3877551020409,-0.4441406757753654,-0.7087224405056363,0.26458176473027084,7.821163888475362,10.751187841098709,31.95515473355556,,27.258814483183702,26.0925,24.9261855168163,57753.0,86710.35,1.0,26.585285612868596
2026-04-30,8499,264.5,264.5,255.0,256.5,81454.0,21060153.0,266.6,270.95,269.0,285.03333333333336,287.82916666666665,245.52708333333334,24.545454545454547,42.857142857142854,-1.9590283241316229,-1.297128473180095,-0.6618998509515279,20.290995206963267,22.943766655776653,10.749702811731463,,286.909127340697,269.0,251.09087265930302,176146.4,127032.6,0.46242216701561883,258.5527168708719
2026-04-30,8905,41.1,41.1,40.75,40.75,2838.0,113682.0,40.75,40.730000000000004,40.4825,38.747499999999995,37.39875,36.724375,50.0,100.0,0.4184123638287218,0.48962151147394756,-0.07120914764522573,11.033703878891114,9.620939956507414,16.997004243124852,,41.07834084770175,40.4825,39.88665915229825,2838.0,15139.8,1.0,40.05708245243129
2026-04-30,8906,24.15,24.5,23.75,24.0,62168.0,1493911.0,24.0,24.455000000000002,26.755000000000003,30.444999999999997,31.7475,32.39875,50.0,0.0,-1.8266962705960985,-1.658889209084449,-0.1678070615116496,3.5579823376386965,29.077780478944508,54.010406680883335,,31.896359639956003,26.755000000000003,21.613640360044002,62168.0,45632.5,1.0,24.030224552824603
2026-04-30,8908,39.95,40.05,39.45,39.45,92104.0,3650920.0,39.45,39.68,40.220000000000006,41.54416666666667,41.64708333333333,41.698541666666664,50.0,38.46153846153848,-0.638874108168153,-0.5836245016899204,-0.05524960647823263,14.765550344436877,20.690088280275972,16.833325296458014,,41.98527916384811,40.220000000000006,38.4547208361519,92104.0,161054.9,1.0,39.63910362199253
2026-04-30,8916,47.85,47.85,47.2,47.35,59324.0,2806554.0,47.35,47.370000000000005,47.505,47.943333333333335,48.49666666666666,48.77333333333333,50.0,0.0,-0.0971462002241168,-0.10373090416351545,0.006584703939398653,6.788488723731179,8.585502737721292,17.170273712338123,,47.81432864485241,47.505,47.195671355147596,59324.0,59094.0,1.0,47.308913761715324
2026-04-30,8917,55.0,55.0,52.3,52.3,31993.0,1697339.0,52.3,52.35,52.635000000000005,55.501666666666665,56.100833333333334,56.400416666666665,50.0,0.0,-0.852656727361925,-0.9775662404223792,0.12490951306045417,14.316277902295626,8.49715520442624,21.29706321594416,,53.2749835524202,52.635000000000005,51.99501644757981,31993.0,17866.85,1.0,53.05344919201075
2026-04-30,8921,,,,,,,,,,,,,50.0,0.0,-0.24954340930974794,-0.250366390568915,0.0008229812591670771,7.9027937772747165,9.439761193137752,20.796280739753715,,,,,,,,
2026-04-30,8923,,,,,1.0,19.0,,,,,,,50.0,100.0,-0.010521319634385407,-0.017818961651074026,0.007297642016688619,10.288126990792737,4.5881486204152635,35.286134533129186,,,,,1.0,2532.75,1.0,19.0
2026-04-30,8924,68.7,69.1,68.7,68.7,39115.0,2694092.0,68.7,68.67,68.45000000000002,69.44666666666667,70.27333333333333,70.68666666666667,50.0,72.72727272727285,-0.036718564330286085,-0.1339698602230245,0.09725129589273843,8.125441471519371,9.21966047742186,21.96681186387177,,68.96298917604969,68.45000000000002,67.93701082395035,39115.0,55644.45,1.0,68.87618560654481
2026-04-30,8926,45.15,45.25,44.15,44.4,2019927.0,89938432.0,45.3,45.5,44.625,44.46,44.861250000000005,44.59875,25.925925925925924,52.991452991452995,0.1744663925915475,0.1704633447496544,0.004003047841893093,25.76237330761796,20.67102110399218,27.514520483141787,,46.6734911006575,44.625,42.5765088993425,1258521.8,1329133.6,1.6049996114489236,44.525585330558975
2026-04-30,8927,21.75,21.75,19.85,19.85,4520141.0,91016710.0,19.85,20.18,21.67,23.191666666666666,23.570833333333333,23.760416666666668,50.0,10.84337349397589,-1.0387431930236026,-0.8638917680974486,-0.17485142492615402,4.466983250825718,12.436918577214161,37.94205416934855,,25.053458212197146,21.67,18.286541787802857,4520141.0,2555599.05,1.0,20.13581213506393
2026-04-30,8928,22.1,22.1,21.8,21.9,18130.0,397016.0,21.9,22.009999999999998,22.452499999999997,,,,50.0,23.684210526315766,-0.5896904124186797,-0.6228172399650823,0.033126827546402615,5.005807909057661,21.99926790746412,59.41346748132922,,23.494499595918718,22.452499999999997,21.410500404081276,18130.0,29312.4,1.0,21.898290126861557
2026-04-30,8929,15.0,15.25,14.8,15.1,83594.0,1253683.0,15.1,15.145000000000001,15.41,16.013333333333335,16.256666666666668,16.378333333333334,50.0,0.0,-0.2490503516406708,-0.2421737758703855,-0.006876575770285304,6.8332490013144,14.336535017932405,25.361307614721817,,16.003473273463722,15.41,14.816526726536276,83594.0,56911.8,1.0,14.997284494102448
2026-04-30,8930,30.25,30.3,30.0,30.0,47180.0,1421352.0,30.0,30.025,30.105,30.646666666666665,30.323333333333334,30.16166666666667,50.0,38.88888888888896,-0.2525831064022839,-0.26641494455685916,0.013831838154575282,11.679350166190861,15.083229477623272,21.28581755516769,,30.347573917111912,30.105,29.86242608288809,47180.0,44130.8,1.0,30.126155150487495
2026-04-30,8931,42.35,42.35,41.0,41.45,33699.0,1392409.0,41.45,41.545,41.790000000000006,44.166666666666664,44.55833333333333,44.75416666666668,50.0,36.66666666666665,-0.7513315335107791,-0.8277757005136386,0.0764441670028595,6.594897899886962,12.59835898434701,29.97071747355067,,42.5324000907441,41.790000000000006,41.047599909255915,33699.0,30873.65,1.0,41.31900056381495
2026-04-30,8932,91.3,92.4,88.9,89.5,4155766.0,374915673.0,89.5,89.54,86.64000000000001,140.67999999999998,174.34,191.17,50.0,95.69892473118274,-7.793244251443198,-11.414352661190028,3.62110840974683,8.518817857431243,19.795925320900977,56.102664812891085,,94.99259808304254,86.64000000000001,78.28740191695749,4155766.0,2994236.4,1.0,90.21578043614582
2026-04-30,8933,6.05,6.07,6.01,6.01,198888.0,1200418.0,6.01,6.064,6.3235,6.853666666666666,7.211833333333334,7.3909166666666675,50.0,0.0,-0.21975087819879136,-0.20399520843561322,-0.01575566976317813,7.83942893428874,16.114588582216115,26.770163836721142,,6.906460682975104,6.3235,5.740539317024896,198888.0,247655.8,1.0,6.035648204014319
2026-04-30,8935,18.25,18.45,18.0,18.15,325613.0,5894913.0,18.15,18.225,18.759999999999998,19.575,19.7875,19.89375,50.0,0.0,-0.3692452493489924,-0.3457870329604595,-0.023458216388532904,12.417121320286714,12.393817201946343,12.036561563149249,,19.969871676536076,18.759999999999998,17.55012832346392,325613.0,418711.95,1.0,18.104046828597138
2026-04-30,8936,50.7,50.7,49.7,50.1,2017166.0,100857946.0,50.1,50.1,50.28,51.19833333333334,50.89916666666667,50.74958333333334,50.0,0.0,-0.43884339188201693,-0.459486763267778,0.020643371385761056,8.585977453550422,11.108456380824371,15.064473862790475,,50.844194815178014,50.28,49.71580518482199,2017166.0,1852520.8,1.0,49.99982450626275
2026-04-30,8937,38.35,39.05,37.5,37.5,610187.0,23071169.0,37.5,36.835,69.92,114.60666666666665,122.05333333333334,125.77666666666667,50.0,5.415309446254071,-26.03182745043408,-25.78155241024948,-0.2502750401846008,11.720181097697962,45.48378662205126,57.428456632797776,,177.678757856319,69.92,-37.83875785631902,610187.0,502498.4,1.0,37.80999759090246
2026-04-30,8938,59.9,60.0,58.9,58.9,131290.0,7782400.0,58.9,59.31,60.775,65.95166666666667,68.37583333333333,69.58791666666667,50.0,21.153846153846175,-1.8097982294775221,-1.8175183490632465,0.007720119585724383,4.392531029616515,20.713390517469634,52.22827937160254,,64.34497714868185,60.775,57.20502285131815,131290.0,333701.5,1.0,59.27641099855282
2026-04-30,8940,17.3,17.55,17.15,17.5,55455.0,961732.0,17.16,17.310000000000002,17.752499999999998,19.049166666666668,19.737916666666667,20.335624999999997,68.1818181818181,46.875000000000014,-0.45672388145677445,-0.4783296103457773,0.021605728889002862,21.49508303636234,24.469253333644094,13.215343016848244,,18.936371881403783,17.752499999999998,16.568628118596212,60543.4,65500.1,0.9159545053630949,17.342566044540618
2026-04-30,8941,44.2,44.2,44.2,44.2,5007.0,221303.0,44.2,44.285000000000004,45.07000000000001,45.80416666666667,46.102083333333326,46.251041666666666,50.0,0.0,-0.49197753167190683,-0.43052778420923976,-0.06144974746266707,7.8226236800099676,25.68721667720027,49.637738935450656,,46.89104654699322,45.07000000000001,43.24895345300679,5007.0,6763.25,1.0,44.198721789494705
2026-04-30,8942,42.6,42.75,41.8,42.5,224568.0,9511360.0,42.5,42.735,42.980000000000004,39.2325,38.49125,38.120625,50.0,50.0,0.8748705397858956,1.1776163567603932,-0.30274581697449765,13.133222057922305,3.9820095669309676,53.92767385946267,,44.900635859621005,42.980000000000004,41.059364140379,224568.0,821179.7,1.0,42.35403085034377
2026-04-30,8996,1195.0,1250.0,1175.0,1250.0,3576601.0,4398830330.0,1152.0,1180.0,1093.7,889.9,695.9791666666666,484.90416666666664,56.79012345679012,65.67164179104478,81.30206559101862,83.29282230570483,-1.9907567146862135,25.954609429012628,15.617205230545597,26.467782756501716,,1329.2098388826425,1093.7,858.1901611173575,2394858.4,2953996.05,1.4934498841351123,1229.8912654780336
2026-04-30,9103,4.7,4.76,4.67,4.69,441031.0,2080332.0,4.674,4.7620000000000005,4.9015,5.109333333333334,4.9070833333333335,4.986666666666666,24.13793103448286,28.78787878787884,-0.12390104476303332,-0.10314365687115178,-0.020757387891881543,16.685453196765536,28.066116693332315,16.37665262634011,,5.240121042651315,4.9015,4.562878957348686,682199.2,807594.5,0.6464841940594478,4.716974543739556
2026-04-30,9105,5.98,6.0,5.86,5.86,16208467.0,95850264.0,5.844,5.794,5.6435,5.783666666666666,5.940416666666667,6.065291666666667,39.79591836734696,59.44881889763781,0.06178515232082393,0.014858099372627005,0.04692705294819693,30.979306636760196,14.497169823983633,23.78157197956658,,6.104906317115067,5.6435,5.1820936828849335,29918756.6,22745528.4,0.5417493519767462,5.913592198447885
2026-04-30,9110,2.84,2.96,2.83,2.85,21000.0,59800.0,2.95,3.022,,,,,16.21621621621624,43.103448275862064,-0.04370604053300653,-0.0266582909885017,-0.01704774954450483,7.651672680106338,20.53191174826273,23.029644754428286,,,,,49415.4,,0.42496873444310884,2.8476190476190477
2026-04-30,9136,,,,,,,,,,,,,50.0,100.0,0.5737378867267982,0.5123043650289436,0.06143352169785454,29.386989654634878,7.413806115454551,44.46874211913919,,,,,,,,
2026-04-30,9802,77.7,78.3,76.6,77.5,856169.0,66417965.0,75.64000000000001,76.59,76.99,86.78500000000001,95.92583333333333,100.40166666666667,52.17391304347824,54.761904761904745,-2.1465677338286895,-2.6628731530739067,0.5163054192452172,21.510208193388276,27.082233304845655,36.44494968511545,,80.3037036045632,76.99,73.6762963954368,1090182.4,1216164.4,0.7853447276345684,77.57576483147602
2026-04-30,9902,14.4,14.95,14.4,14.65,148970.0,2182946.0,14.55,14.715,14.5625,15.663333333333332,16.147083333333335,16.367708333333333,28.571428571428626,59.09090909090911,-0.1445860515204025,-0.2012852693883528,0.05669921786795032,22.052753174373308,18.35945093195542,19.58691458877841,,15.087531327386232,14.5625,14.037468672613768,96808.2,139929.05,1.5388159267500068,14.65359468349332
2026-04-30,9904,25.9,26.3,25.75,25.75,12978022.0,336361335.0,26.040000000000003,26.610000000000003,27.494999999999997,29.236666666666668,29.49083333333333,29.821875,8.695652173913146,6.557377049180403,-0.8748662280419062,-0.7298063240147301,-0.14505990402717606,13.626729610817941,37.59414762249258,38.48029380729193,,29.62026159380595,27.494999999999997,25.369738406194045,14703624.8,14228933.25,0.8826409933964038,25.917765819783632
2026-04-30,9905,21.4,21.4,21.3,21.35,80597.0,1720384.0,21.43,21.455,21.345,20.723333333333336,20.46333333333333,21.376875,51.61290322580649,54.385964912280706,0.1457747928768569,0.1834781009445761,-0.03770330806771918,30.241943101757652,13.286173957405506,35.699120206558895,,21.795613616725966,21.345,20.894386383274032,121456.8,149069.2,0.6635857358336462,21.34550913805725
2026-04-30,9906,38.15,38.65,37.85,38.25,94168.0,3595480.0,38.269999999999996,39.33,40.53,43.2025,47.00208333333333,62.173125,26.86567164179104,30.232558139534902,-1.1335490652148366,-0.908495111805087,-0.22505395340974954,18.795794901919624,27.309077230290708,11.204541712356965,,43.67398339355832,40.53,37.38601660644168,150611.6,104064.25,0.6252373655150067,38.18154787188854
2026-04-30,9907,17.7,17.75,17.55,17.55,3693661.0,65117705.0,17.729999999999997,17.81,18.0625,18.2025,18.256666666666668,18.485833333333336,24.999999999999844,20.833333333333343,-0.1634472957702755,-0.12232261401250526,-0.041124681757770246,16.429919336618326,25.701161099871644,14.888280249520642,,18.71854476740699,18.0625,17.40645523259301,3489972.4,3185456.35,1.0583639572622408,17.62958349453293
2026-04-30,9908,29.65,29.7,29.55,29.6,228266.0,6754909.0,29.589999999999996,29.665000000000003,29.744999999999997,30.019166666666663,30.015416666666667,30.363333333333337,43.750000000000135,44.827586206896584,-0.13391592781869832,-0.13687322841038596,0.0029573005916876394,24.854661821369486,22.29196322422387,14.589978376588476,,30.027656570491263,29.744999999999997,29.46234342950873,313515.8,459646.45,0.7280845175905011,29.592269545179747
2026-04-30,9910,70.5,71.4,70.1,70.1,1422803.0,100274234.0,71.24,74.33,76.41499999999999,87.76833333333335,106.66333333333334,111.71083333333333,11.578947368421098,29.518072289156592,-3.873008367758871,-3.702503886591081,-0.17050448116778982,10.931015675055928,33.28950335545405,36.22736968189346,,83.20827066411209,76.41499999999999,69.62172933588789,2614044.0,2117403.5,0.544291909394027,70.47654102500486
2026-04-30,9911,82.2,83.2,82.2,83.2,337952.0,28008668.0,82.2,82.63,83.66499999999999,85.54666666666667,85.0875,85.68,55.99999999999991,35.2941176470589,-1.2260085809361527,-1.145368932012979,-0.08063964892317377,19.214904797181724,32.83283699710816,32.15459520182835,,86.0396689519965,83.66499999999999,81.29033104800348,329105.0,423408.0,1.0268819981464883,82.87765126408485
2026-04-30,9912,12.4,12.75,12.4,12.75,228281.0,2869557.0,12.5,12.455,12.5625,,,,70.58823529411764,53.84615384615383,0.022998225940831674,0.02213730084416979,0.0008609250966618853,19.606313692368445,12.031962796338094,23.520360170829605,,12.89157365996724,12.5625,12.23342634003276,89778.6,86345.7,2.5427106236898322,12.570283992097458
2026-04-30,9914,57.7,59.0,57.5,57.9,1026952.0,59753467.0,57.42,59.17,60.44500000000001,72.10833333333333,84.25333333333333,100.13875,20.967741935483843,43.90243902439023,-3.199831483771767,-3.458050055910455,0.2582185721386878,16.974681348521298,35.39504750701058,40.67832257427445,,65.3656225536936,60.44500000000001,55.52437744630642,1439053.4,2057991.45,0.7136302238679955,58.18525792831603
2026-04-30,9917,114.0,114.0,112.5,113.0,459676.0,52009886.0,113.5,114.55,114.975,110.325,109.30833333333334,112.30833333333334,27.272727272727266,33.33333333333333,0.5463564313733116,1.0938078306583723,-0.5474513992850607,19.525664544503844,22.673298608189594,26.52710945045154,,117.06444716939225,114.975,112.88555283060774,432745.0,543174.25,1.0622329547424003,113.14466276246748
2026-04-30,9918,43.3,43.5,42.8,43.25,88488.0,3822176.0,43.31,43.33,43.7825,43.755833333333335,,,42.55319148936168,49.07407407407406,-0.6267099866316315,-0.5610281178827505,-0.06568186874888093,29.22992856832171,24.83588100729074,11.158802367056103,,45.90165449872651,43.7825,41.66334550127349,96769.0,266731.35,0.9144250741456458,43.19428623090136
2026-04-30,9919,14.5,14.5,14.1,14.25,331149.0,4715353.0,14.219999999999999,14.45,14.870000000000001,15.910833333333333,16.415000000000003,16.86625,29.166666666666657,27.5,-0.42354237028923514,-0.39748220280346536,-0.02606016748576978,18.570546997256297,27.904518359705673,19.597054627897975,,15.88587400793635,14.870000000000001,13.854125992063652,357592.2,445843.25,0.9260520783171444,14.239369588916167
2026-04-30,9921,67.0,69.3,66.9,67.4,3042654.0,207041348.0,66.47999999999999,68.03,68.76,78.81166666666667,88.675,101.81041666666667,28.76712328767131,50.31847133757964,-2.406299234545344,-2.6628161238085464,0.2565168892632026,21.775016887567432,25.15867075545129,28.6987768468186,,72.363156510901,68.76,65.156843489099,1726664.4,1692534.7,1.762157139511303,68.04630036803395
2026-04-30,9924,44.1,44.15,43.8,43.95,88121.0,3870653.0,44.06,44.434999999999995,44.790000000000006,46.9425,49.318333333333335,47.97708333333333,5.882352941176904,17.073170731707407,-0.633930942687364,-0.6374876018275363,0.0035566591401722247,19.13640644991535,22.637169956077813,16.014046483419268,,45.772263765627855,44.790000000000006,43.80773623437216,107255.6,110078.3,0.821598126344918,43.924297273067715
2026-04-30,9925,40.45,40.45,40.25,40.3,206187.0,8312746.0,40.349999999999994,40.49,40.622499999999995,40.73,40.71666666666667,40.90791666666667,0.0,15.384615384614705,-0.11359832497387856,-0.0697834828083588,-0.04381484216551976,14.099045309082058,16.508023595605266,11.482553456706597,,40.98155577927621,40.622499999999995,40.26344422072378,434733.4,269738.4,0.4742837794381568,40.3165379000616
2026-04-30,9926,49.7,49.7,49.3,49.4,65338.0,3223513.0,49.36,49.58,49.677499999999995,49.87083333333333,,,26.6666666666668,37.14285714285717,-0.18600811864518363,-0.14296903449506088,-0.04303908415012275,27.094270432040613,19.06063097551518,16.95088390097805,,50.15375181309202,49.677499999999995,49.20124818690797,49044.6,49452.75,1.3322159830032256,49.33596069668493
2026-04-30,9927,69.1,69.1,68.2,68.3,125474.0,8599474.0,68.7,69.27,69.18,68.91000000000001,64.2,66.1,20.0,46.03174603174603,0.09091179828051565,0.25445563728346204,-0.1635438390029464,21.94375600945656,24.141202211131407,16.850876997473517,,70.8790399766054,69.18,67.48096002339462,81300.8,95504.1,1.5433304469328715,68.53590385259098
2026-04-30,9928,17.55,17.75,17.5,17.55,34202.0,600551.0,17.610000000000003,17.65,17.8125,18.108333333333334,18.02791666666667,17.26875,38.461538461538545,37.14285714285714,-0.11279358509186821,-0.09401774149666592,-0.01877584359520229,25.772639703054455,16.519949477062212,13.38920554763593,,18.18789452930413,17.8125,17.43710547069587,33502.4,54826.6,1.020882086059506,17.558943921408105
2026-04-30,9929,11.6,11.6,11.0,11.2,11818.0,132360.0,11.48,11.905,12.165000000000001,,,,15.624999999999986,37.17948717948718,-0.09272575460063237,0.09110441700869767,-0.18383017160933005,22.513778394522763,24.92509834444883,17.908975561813246,,13.217365755909212,12.165000000000001,11.11263424409079,13127.2,41203.85,0.9002681455298921,11.199864613301743
2026-04-30,9930,69.7,69.9,69.6,69.8,45367.0,3163877.0,69.8,70.22,70.425,70.335,70.37083333333334,71.95291666666665,21.428571428571928,33.33333333333333,-0.1652992559406954,-0.04822420696000908,-0.11707504898068631,24.302177560905474,21.037905994829252,18.68981200080383,,71.3628025827488,70.425,69.4871974172512,69918.0,68439.0,0.6488600932520953,69.73961249366279
2026-04-30,9931,35.45,35.45,34.65,34.85,96038.0,3345044.0,35.209999999999994,35.64,35.927499999999995,,,,3.5714285714288536,39.21568627450985,-0.6890400718166632,-0.579577709754443,-0.10946236206222015,25.818694617706655,30.23380364097016,6.929220971803169,,37.17796307212082,35.927499999999995,34.67703692787917,118075.4,189561.75,0.8133616316353788,34.83042129157209
2026-04-30,9933,37.0,37.0,36.4,36.75,3091570.0,113270572.0,36.83,37.019999999999996,36.4725,33.725833333333334,32.76708333333333,,41.93548387096773,57.36842105263157,0.7281243985449919,0.8834096441111697,-0.15528524556617784,25.872547758882362,17.98356618744897,27.295489982044504,,38.585984277082154,36.4725,34.35901572291784,3438576.0,6528242.0,0.8990843884212535,36.6385273501813
2026-04-30,9934,9.35,9.35,9.27,9.27,562156.0,5231159.0,9.346,9.465,9.4575,9.7395,9.899333333333333,10.193416666666668,2.941176470588175,47.25274725274721,-0.06938481999457302,-0.05487094943016244,-0.014513870564410579,15.890045753915153,20.457681745156115,12.257682372165641,,9.71680067895245,9.4575,9.198199321047548,557133.8,532580.15,1.009014351669204,9.3055290702225
2026-04-30,9935,18.5,18.5,18.2,18.25,176331.0,3222552.0,18.330000000000002,18.52,18.7675,19.328333333333333,19.722083333333334,21.209375,31.818181818181912,33.33333333333337,-0.2657691133500357,-0.22321356699151873,-0.042555546358516994,17.93050788143751,31.401003947102797,19.23789257565394,,19.4436150633927,18.7675,18.091384936607298,251977.2,272998.2,0.6997895047647168,18.275583986933665
2026-04-30,9937,56.8,56.8,56.1,56.4,45409.0,2558123.0,56.48,56.88000000000001,56.88000000000001,57.34166666666667,57.982499999999995,,14.285714285714434,43.99999999999993,-0.200978339894462,-0.15933354178334933,-0.041644798111112685,21.772496027157192,27.950138572039524,9.783687844964634,,57.7275351258089,56.88000000000001,56.03246487419112,40055.2,51507.7,1.1336605484431486,56.33515382413178
2026-04-30,9938,44.2,44.4,43.5,44.15,1815321.0,79934249.0,43.55,44.31,45.055,48.46833333333334,52.00750000000001,53.52270833333333,40.322580645161274,41.134751773049636,-1.1920038317178623,-1.2075954406440466,0.015591608926184275,21.45831087979907,36.633470368305424,32.101952948285685,,47.305824410371116,45.055,42.80417558962888,1814359.0,1779557.35,1.0005302148031343,44.033120864023495
2026-04-30,9939,112.5,113.0,111.5,111.5,1142368.0,127835092.0,112.3,114.7,114.325,118.225,121.775,134.68125,12.5,48.88888888888889,-1.4401017524483706,-1.2870013293412605,-0.15310042310711003,19.732644065168095,28.92729645605021,13.253554404562554,,119.88117248036619,114.325,108.76882751963382,919774.4,1526075.0,1.2420089100109766,111.9036002409031
2026-04-30,9940,19.9,20.15,19.85,20.0,541808.0,10831972.0,19.910000000000004,19.945,19.990000000000002,20.917500000000004,21.9625,24.158125,50.0,53.571428571428626,-0.17539319963452016,-0.22353991146757618,0.04814671183305602,19.296337319029963,23.003314089618637,18.64106885131703,,20.1862812160883,19.990000000000002,19.793718783911704,427847.8,427975.95,1.2663568680264337,19.99227032454301
2026-04-30,9941,78.9,78.9,77.1,77.1,1917957.0,149069418.0,78.47999999999999,78.47999999999999,77.35,78.39,87.0425,95.92666666666668,35.0877192982456,61.16504854368931,0.24766303518178745,0.08057538389016138,0.16708765129162606,20.87695006714988,18.435161516015512,16.99531510015346,,80.20767664186805,77.35,74.49232335813194,1788758.4,1482738.75,1.072228088488641,77.72302403025719
2026-04-30,9942,117.0,118.0,116.5,116.5,51861.0,6057225.0,116.5,117.0,116.575,114.43333333333334,110.2,111.84291666666667,33.33333333333333,47.05882352941176,0.46404629892329297,0.6366060904575885,-0.17255979153429557,19.976021410561316,22.811824081316935,15.354799095931703,,118.63399822346125,116.575,114.51600177653876,66767.4,80944.45,0.7767413438294737,116.79730433273558
2026-04-30,9943,55.7,55.9,55.2,55.4,93646.0,5200026.0,55.44,55.96,56.74499999999999,58.3,60.33833333333333,66.80833333333334,30.4347826086956,19.999999999999915,-0.7550733991023648,-0.6511676917208695,-0.1039057073814953,16.924201392986905,30.14284308049517,25.12174987376404,,58.6317683315243,56.74499999999999,54.85823166847568,124366.2,98929.9,0.7529859399097183,55.528543664438416
2026-04-30,9944,16.3,16.4,16.2,16.4,44505.0,725374.0,16.4,16.5,16.482499999999998,16.61916666666667,16.726666666666667,16.829583333333332,40.90909090909073,50.0,-0.031096730606392953,-0.013966541853534695,-0.01713018875285826,14.254193562385648,20.48787525001051,15.716544341284726,,16.804132349774445,16.482499999999998,16.16086765022555,43844.0,42681.45,1.0150761791807317,16.29870801033592
2026-04-30,9945,23.8,23.95,23.6,23.6,5376562.0,127559043.0,23.86,24.235,24.815,27.124166666666667,28.470000000000002,29.647708333333334,14.28571428571425,18.749999999999957,-0.762357887512831,-0.7473083844229768,-0.0150495030898542,10.091729249757295,31.386797473800215,44.69395505216906,,26.18655309585002,24.815,23.443446904149983,5758378.6,5539551.4,0.9336937310790924,23.72502037547414
2026-04-30,9946,16.1,16.15,15.85,15.9,480438.0,7694918.0,16.060000000000002,16.335,16.7425,17.303333333333335,17.52041666666667,18.754583333333333,11.111111111111214,14.285714285714306,-0.38444040871564766,-0.2924461969773158,-0.09199421173833189,10.968772910884933,32.846594369898455,25.05763692237561,,17.718676752761322,16.7425,15.766323247238677,398246.8,432113.6,1.20638257482546,16.016464143136055
2026-04-30,9949,25.1,25.35,24.25,24.9,146958.0,3652603.0,24.9,25.959999999999997,29.794999999999998,27.983333333333334,27.066666666666666,26.608333333333334,50.0,20.300751879699263,-1.3416242377445435,-0.4983540739193531,-0.8432701638251905,14.230214268420562,31.078286747183398,37.254687572858806,,39.08890858800029,29.794999999999998,20.50109141199971,146958.0,157948.6,1.0,24.854740810299543
2026-04-30,9950,10.5,10.7,10.5,10.6,75014.0,791347.0,10.6,10.75,10.9,10.821666666666665,10.860833333333334,10.880416666666667,50.0,50.0,-0.05949774359273974,0.012752680163378353,-0.07225042375611809,19.0189723091267,16.46298180330285,23.1796401705167,,12.131174022502185,10.9,9.668825977497816,75014.0,291161.8,1.0,10.549324126163116
2026-04-30,9951,53.5,53.8,53.4,53.6,34708.0,1858418.0,53.6,53.8,54.325,54.480000000000004,54.63999999999999,54.72,50.0,35.483870967741964,-0.2483948466730581,-0.138803938528751,-0.10959090814430711,9.906140881285658,17.89598531315238,23.538549783321034,,55.88485829315898,54.325,52.76514170684103,34708.0,56218.4,1.0,53.54437017402328
2026-04-30,9955,29.2,29.25,28.75,28.9,217671.0,6308414.0,29.110000000000003,29.98,30.630000000000003,32.63916666666667,31.269166666666667,30.133958333333332,21.212121212121176,35.4609929078014,-0.867884453926564,-0.69800964741903,-0.16987480650753395,21.086709515968916,33.51509898837634,14.581308300021842,,32.85696394695831,30.630000000000003,28.403036053041696,310219.6,461323.95,0.7016674639513429,28.981416909004874
2026-04-30,9958,102.5,104.0,101.0,101.0,1220032.0,124685632.0,102.4,104.65,105.7,121.93333333333334,136.725,163.5625,10.526315789473685,36.95652173913044,-4.712775593404146,-5.028941870848884,0.31616627744473824,14.253266399715567,28.455788684481252,28.880123975434053,,111.92727447350157,105.7,99.47272552649844,1203934.8,1743813.45,1.0133704914917319,102.19865708440435
2026-04-30,9960,34.3,34.3,34.3,34.3,405463.0,13907369.0,34.3,33.61999999999999,29.857499999999995,,,,50.0,100.0,2.822720572111688,2.466580850597994,0.35613972151369433,64.36022084026152,1.6610362155415712,76.95714189027761,,38.23750596658495,29.857499999999995,21.477494033415045,405463.0,253070.75,1.0,34.2999706508362
2026-04-30,9962,9.8,9.89,9.71,9.81,70635.0,689145.0,9.81,9.834,10.044500000000001,10.9265,11.23825,11.394125,50.0,0.0,-0.29534598315322924,-0.31599015423434645,0.020644171081117213,2.704339206245883,17.506264809160985,61.49546145005333,,10.530145528083422,10.044500000000001,9.55885447191658,70635.0,61507.55,1.0,9.756423869186664
