trade_date,stock_id,open,high,low,close,volume,amount,ma_5,ma_10,ma_20,ma_60,ma_120,ma_240,rsi_6,rsi_14,macd_dif,macd_dea,macd_hist,dmi_pdi,dmi_mdi,dmi_adx,dmi_adxr,bb_upper,bb_mid,bb_lower,vol_ma5,vol_ma20,vol_ratio,vwap
2026-01-15,0050,70.7,70.7,70.15,70.65,97455363.0,6856607422.0,70.46,69.91,66.8375,64.0025,59.54083333333334,103.07708333333333,76.66666666666706,88.63636363636364,2.145518376061702,1.829729035008928,0.3157893410527739,42.45143491797164,15.823920963306263,37.59094160227595,,73.59159232672005,66.8375,60.083407673279964,96993526.0,98696962.0,1.0047615239804768,70.35638892443508
2026-01-15,0051,99.1,99.65,99.1,99.35,42465.0,4221506.0,97.69000000000001,96.005,93.19749999999999,91.17666666666668,87.28083333333333,80.94833333333334,80.58252427184463,90.32258064516131,2.213969740310887,1.522446794188732,0.6915229461221548,46.628679133945184,12.610171311910904,32.024466409253286,,100.00186972602239,93.19749999999999,86.39313027397759,62736.8,76442.05,0.6768754542788283,99.4114211703756
2026-01-15,0052,41.16,41.17,40.88,41.1,59245959.0,2430246081.0,41.05,40.712,38.619,127.275,170.19375,171.41825,63.86554621848718,87.47940691927506,-12.44715432681172,-18.000314924142966,5.553160597331246,16.403591503505318,67.13718247257697,67.87548149583378,,43.199985414572744,38.619,34.038014585427256,55519305.8,48417113.5,1.067123555424571,41.01960913486099
2026-01-15,0053,152.55,152.6,151.3,152.0,14303.0,2175004.0,151.68,150.305,143.54000000000002,138.75583333333333,129.23208333333335,114.20125,63.52941176470604,89.11917098445598,4.520516357139769,3.718131931283048,0.802384425856721,41.76393460354759,18.94569475542241,33.202809717160534,,158.50123411740543,143.54000000000002,128.5787658825946,26432.8,23034.65,0.5411080173118247,152.06627980144026
2026-01-15,0055,31.9,32.18,31.9,32.16,159067.0,5104255.0,31.945999999999998,31.967000000000002,32.0255,30.960166666666666,30.618833333333335,29.458833333333335,73.13432835820879,51.67785234899319,0.2780903837321844,0.34044759192795476,-0.06235720819577034,27.665344842614086,15.878376785751177,28.556953274831322,,32.361010608505744,32.0255,31.689989391494255,152586.6,258458.0,1.0424703086640634,32.08871104628867
2026-01-15,0056,37.98,38.01,37.92,38.01,52808103.0,2005712412.0,37.75599999999999,37.521,37.0235,36.60850000000001,36.17733333333333,35.447500000000005,73.49397590361454,86.86868686868695,0.40377688065448325,0.3027041663454025,0.10107271430908077,39.02228850512667,15.011081240707366,26.451220674414806,,38.18673098127171,37.0235,35.86026901872829,51179907.4,45924217.7,1.0318131798730061,37.981148688488204
2026-01-15,0057,205.5,205.5,204.95,205.45,40101.0,8234247.0,204.93,203.62,195.08499999999998,187.12666666666664,174.82916666666668,156.72145833333332,69.31818181818178,88.88888888888886,5.91653995952035,5.090723703037218,0.8258162564831313,50.62302550280082,17.460945346294558,37.527350891475606,,213.851293972802,195.08499999999998,176.31870602719795,22610.4,32986.55,1.7735643774546226,205.33769731428143
2026-01-15,0061,23.9,24.01,23.81,23.86,153689.0,3671017.0,23.954,23.788,23.381,22.710833333333333,21.71783333333333,20.217333333333332,46.80851063829775,68.75000000000004,0.3761345186121865,0.3375950948352386,0.03853942377694791,31.61411382253988,23.573826363905624,14.953509930739706,,24.337768684577743,23.381,22.424231315422258,357842.0,408950.2,0.4294884334426926,23.88601005927555
2026-01-15,1101,25.0,25.6,24.85,25.0,38299483.0,961772356.0,24.7,23.97,23.3775,22.517500000000002,,,88.57142857142861,78.57142857142854,0.6208926871325318,0.42622850945010554,0.19466417768242622,38.88981927156044,8.239798095515095,36.200785567709715,,25.203474865798317,23.3775,21.551525134201686,59462290.0,33536908.55,0.6440970066911315,25.11188874272794
2026-01-15,1102,36.9,37.3,36.7,36.75,7642460.0,281644212.0,37.160000000000004,37.225,36.885,37.26583333333334,37.5825,40.271875,48.48484848484857,53.749999999999964,-0.0896814517050899,-0.10035083562397246,0.010669383918882558,15.511348939188158,17.98132504028553,14.737646479599423,,37.921238135605485,36.885,35.84876186439451,6415356.2,14838913.25,1.1912760198724428,36.852559516176726
2026-01-15,1103,14.1,14.15,14.05,14.15,339581.0,4782899.0,14.030000000000001,13.905000000000001,13.9525,13.691666666666666,13.597916666666666,14.543541666666668,81.81818181818164,57.142857142857125,0.046547867501189444,0.03653947693697373,0.010008390564215715,22.584123938208368,13.804772989137714,18.524948071570687,,14.236225219182252,13.9525,13.668774780817749,376944.2,376966.15,0.9008786976958393,14.084707330504356
2026-01-15,1104,30.55,30.55,30.4,30.5,339786.0,10352296.0,30.339999999999996,30.080000000000002,30.1125,30.806666666666665,29.972500000000004,29.494375,73.07692307692305,58.53658536585368,-0.09922977643214281,-0.20268953372673526,0.10345975729459245,25.06083932382172,19.590233495113928,19.289270530299923,,30.648444812555745,30.1125,29.576555187444256,610640.6,520597.75,0.5564418743201811,30.467105766570725
2026-01-15,1108,15.15,15.15,15.0,15.1,185802.0,2800043.0,14.99,14.944999999999999,14.9325,14.957500000000001,14.9625,14.853333333333332,100.0,75.00000000000023,0.014813361066831732,-0.006409678034309553,0.021223039101141285,21.92498333389797,12.501184711883473,15.74676792921343,,15.05071033884753,14.9325,14.814289661152468,364546.0,168505.65,0.5096805341438392,15.070036921023455
2026-01-15,1109,15.45,15.5,15.45,15.45,91367.0,1413107.0,15.429999999999998,15.434999999999999,15.4875,15.545833333333333,15.697916666666666,16.39875,50.0,44.44444444444436,-0.03882180174791472,-0.03684834850744302,-0.001973453240471698,7.31559378111883,12.829874285018109,24.615912727107467,,15.616769200956131,15.4875,15.35823079904387,142645.0,103412.7,0.6405201724560973,15.466273380980004
2026-01-15,1110,16.35,16.45,16.3,16.45,323161.0,5296346.0,16.45,16.365000000000002,16.432499999999997,16.5375,16.983333333333334,18.103125,61.538461538461455,52.77777777777772,-0.03632155989641461,-0.04740643491837912,0.011084875021964508,14.155770334807032,11.647535813630872,8.197358828232936,,16.69057995497178,16.432499999999997,16.174420045028214,467581.0,297821.4,0.6911337287015512,16.389186814002926
2026-01-15,1201,14.45,14.5,14.4,14.5,160737.0,2326142.0,14.429999999999998,14.430000000000001,14.55,14.835833333333333,15.17,16.005625,64.28571428571425,42.857142857142826,-0.10792783100171377,-0.11458771496431953,0.006659883962605764,21.73529545768873,23.503193379239143,25.050812066078986,,14.838371105932092,14.55,14.26162889406791,290186.8,325823.45,0.5539087236221634,14.47172710701332
2026-01-15,1203,39.6,39.9,39.6,39.9,5559.0,221067.0,39.63,39.665000000000006,39.695,,,,59.99999999999986,60.86956521739131,-0.007226690601832786,-0.007038553399236007,-0.0001881372025967793,20.129589242200467,22.83541508656625,16.95778501119829,,40.103978187554276,39.695,39.286021812445725,19024.6,14168.8,0.29220062445465345,39.76740420939018
2026-01-15,1210,51.8,52.4,51.8,52.4,971524.0,50725031.0,51.739999999999995,51.529999999999994,51.260000000000005,52.053333333333335,53.2775,56.29666666666666,85.71428571428594,70.27027027027042,0.03933855609748349,-0.11922868106325481,0.15856723716073828,23.800294702791184,12.319805602094316,12.528764629907974,,52.12182181575042,51.260000000000005,50.39817818424959,1318459.2,1397792.3,0.7368631505624141,52.21181463350365
2026-01-15,1213,10.05,10.55,10.05,10.45,11300.0,115753.0,10.052000000000001,10.206,,,,,65.30612244897955,46.78111587982831,-0.11943590146329441,-0.0927312314343201,-0.02670467002897431,31.428651639146498,24.21203735957761,13.767072154793018,,,,,10726.6,12795.5,1.053455894691701,10.24362831858407
2026-01-15,1215,148.0,149.0,146.5,148.5,926844.0,136696607.0,145.6,140.05,137.25,138.65,135.07083333333333,121.71333333333334,78.94736842105263,73.33333333333333,2.0178358201903563,0.11756817681326331,1.900267643377093,36.334792226162314,10.206284247886558,25.697005160063565,,148.84627889499558,137.25,125.65372110500442,2246068.6,2700580.25,0.4126516883767486,147.4861001419872
2026-01-15,1216,75.8,76.3,75.6,76.0,7694657.0,584114050.0,75.7,76.0,77.14,76.61166666666668,77.67666666666668,78.99208333333333,64.00000000000014,38.46153846153844,-0.24630007832567458,-0.03660614027535973,-0.20969393805031483,17.19366613290186,13.433793205365493,20.99657666612237,,80.13079288906232,77.14,74.14920711093768,11431582.6,18233117.5,0.673105139440623,75.91164232531743
2026-01-15,1217,10.6,10.65,10.5,10.65,846211.0,8949987.0,10.51,10.475,10.495000000000001,10.391666666666667,10.56,10.942916666666665,100.0,61.53846153846156,0.023689289698504368,0.014320445217273471,0.009368844481230897,20.242643803219163,6.678745888214505,22.317334385027543,,10.636048703794726,10.495000000000001,10.353951296205276,619768.0,416283.2,1.3653673632714176,10.57654296623419
2026-01-15,1218,18.45,18.45,18.3,18.4,516574.0,9485851.0,18.33,18.22,18.18,18.24083333333333,18.58625,19.544583333333335,77.77777777777804,64.70588235294139,0.03430695241529591,-0.0010136372780713988,0.03532058969336731,19.510768548275003,9.476329457031527,18.50271841235872,,18.386219096565707,18.18,17.973780903434292,541276.8,404488.8,0.9543619826306983,18.363005106722365
2026-01-15,1219,13.65,13.7,13.6,13.7,347975.0,4750278.0,13.559999999999999,13.455000000000002,13.4725,13.609999999999998,13.686666666666666,14.200208333333334,89.99999999999986,66.66666666666666,-0.00879409049217017,-0.04310738893129474,0.03431329843912457,21.02144027121197,12.756574758617194,14.744072846317577,,13.67111361589909,13.4725,13.27388638410091,255644.4,213593.3,1.361168091301824,13.651204827933041
2026-01-15,1220,12.5,12.55,12.5,12.55,172601.0,2163067.0,12.540000000000001,12.53,12.52,12.640833333333335,12.887916666666666,13.82375,50.0,57.14285714285714,-0.008866226734628668,-0.01935952034067488,0.01049329360604621,10.556074265673868,15.146330114893058,22.95601899816616,,12.58805570474215,12.52,12.45194429525785,126344.6,105326.9,1.3661129957275577,12.53218115769897
2026-01-15,1225,28.4,28.7,28.3,28.65,105823.0,3011826.0,28.27,28.27,28.784999999999997,29.905000000000005,30.355,,69.99999999999989,37.9310344827586,-0.4592433105839788,-0.48865689705034665,0.029413586466367825,14.466915392600715,24.86529511725752,34.91616444776629,,29.97668169538136,28.784999999999997,27.593318304618634,108625.8,156217.35,0.9741976583831834,28.460977292271057
2026-01-15,1227,29.65,29.8,29.6,29.6,601476.0,17856587.0,29.610000000000003,29.755000000000003,30.1325,30.6675,30.78625,32.537708333333335,33.33333333333333,20.000000000000057,-0.3040621352285804,-0.25635924880146366,-0.04770288642711673,11.393671897056024,23.707581347000094,29.61904979693899,,31.002028002636692,30.1325,29.26297199736331,728683.6,578816.15,0.8254282105429572,29.687945986207264
2026-01-15,1229,47.3,47.35,46.85,46.95,1084376.0,51042768.0,46.75,46.565000000000005,47.135000000000005,47.57333333333334,47.64125,47.562916666666666,64.58333333333344,40.20618556701033,-0.22694760492854016,-0.2335594037932027,0.006611798864662538,22.704508075105885,18.276745012056153,14.696091728702429,,48.64952615483729,47.135000000000005,45.62047384516272,1442567.6,1673422.55,0.751698568580079,47.07109711022745
2026-01-15,1231,95.0,95.7,94.0,95.7,203866.0,19452740.0,94.94000000000001,94.8,96.52000000000001,100.26666666666667,117.26666666666667,128.01166666666666,70.73170731707316,41.79104477611939,-1.3347478175470258,-1.4212722332468073,0.08652441569978153,19.494115169016798,24.857006883917414,17.362817460838116,,100.31783872055173,96.52000000000001,92.72216127944829,283335.4,302466.0,0.7195218105467936,95.4192459752975
2026-01-15,1232,146.0,147.0,145.5,146.0,45522.0,6667555.0,145.5,145.05,144.825,144.85,146.58333333333334,149.94791666666666,80.0,62.50000000000001,0.17574494012905006,-0.011802851893982289,0.18754779202303234,21.883388002161816,10.079890669308183,18.062527376284287,,146.2119694338893,144.825,143.43803056611068,57074.2,49673.8,0.7975933083599945,146.46885022626424
2026-01-15,1233,32.2,32.3,32.15,32.3,15001.0,482982.0,32.23,32.144999999999996,32.0475,31.548333333333332,31.15458333333333,31.55,77.77777777777804,72.7272727272726,0.13269849337553552,0.13056300864216985,0.002135484733365667,27.16737430548121,28.220818636400974,12.01799872137593,,32.3578054522312,32.0475,31.737194547768798,18749.0,15397.55,0.8000960051202731,32.196653556429574
2026-01-15,1234,37.4,37.6,37.4,37.5,82689.0,3094671.0,37.33,37.425,37.67,37.615833333333335,38.31583333333333,39.424375000000005,50.0,43.589743589743605,-0.130051288749506,-0.08664043021743056,-0.043410858532075436,18.244738400484227,20.645803713698854,11.47449581784136,,38.259736783392924,37.67,37.08026321660708,134835.6,85172.7,0.6132579229817644,37.42542538910859
2026-01-15,1235,45.6,45.6,44.85,45.4,11001.0,499795.0,45.14,,,,,,36.36363636363619,32.43243243243235,-0.8626628891572139,-0.9216979232004625,0.05903503404324861,17.149097024952678,34.30615354678679,26.39684012299647,,,,,10702.8,9822.3,1.027861867922413,45.431778929188255
2026-01-15,1236,24.85,24.9,24.65,24.7,77752.0,1925878.0,25.1,25.285,25.505000000000003,25.365833333333335,24.026249999999997,,17.391304347826036,22.44897959183666,-0.06335444462497364,0.05788161499268081,-0.12123605961765445,15.482416263184822,21.477831862914382,24.123574538037214,,26.3397076387004,25.505000000000003,24.670292361299605,80398.8,74849.65,0.9670791106334921,24.7694978907295
2026-01-15,1240,60.3,60.3,59.7,60.0,7000.0,420600.0,59.92,59.81,59.480000000000004,58.515,59.46333333333334,58.49708333333333,66.6666666666664,59.09090909090902,0.39366486392025024,0.3893035273940922,0.004361336526158055,28.991167177317706,30.75342021564136,15.197051207761215,,60.52549157413073,59.480000000000004,58.434508425869275,13400.0,17600.0,0.5223880597014925,60.08571428571429
2026-01-15,1256,167.5,169.5,164.5,167.0,37346.0,6256042.0,163.0,155.9,148.15,144.46666666666667,144.05,136.35416666666666,96.875,85.18518518518519,6.323875430810034,3.8123876054477672,2.511487825362267,36.607070131069065,6.421365010372599,41.742392364622354,,168.7951217635441,148.15,127.50487823645591,99742.4,69228.65,0.37442451755722744,167.5157178814331
2026-01-15,1259,61.5,61.5,61.3,61.4,7000.0,429400.0,62.08,,,,,,48.64864864864863,57.99999999999998,0.03474748272424932,0.05339859807080658,-0.018651115346557258,25.62216784425344,18.708736980167192,23.659039951269364,,,,,6400.0,,1.09375,61.34285714285714
2026-01-15,1264,280.5,281.0,280.5,281.0,10000.0,2806500.0,280.1,279.75,281.05,287.43333333333334,,,100.0,38.888888888888886,-1.7570583251967378,-2.1267309454841703,0.36967262028743253,18.775819706114326,32.91099062610959,37.5612018585307,,284.19391643120053,281.05,277.9060835687995,14200.0,13850.0,0.704225352112676,280.65
2026-01-15,1268,161.5,163.0,161.0,162.0,85000.0,13767500.0,161.4,160.15,159.65,159.125,158.275,154.19375,81.81818181818181,63.15789473684211,0.722875650084859,0.3576874499223517,0.3651882001625073,25.968603732700856,7.239455186537748,20.038560957833585,,162.20672487867796,159.65,157.09327512132205,61200.0,30050.0,1.3888888888888888,161.97058823529412
2026-01-15,1294,74.8,77.8,74.4,77.8,74000.0,5687200.0,75.9,76.67999999999999,77.705,,,,55.07246376811597,49.019607843137244,-0.39098214108094,-0.06548328235315524,-0.3254988587277847,22.180319219860042,19.65020088811274,22.955861516462793,,80.63899314748232,77.705,74.77100685251767,80000.0,38850.0,0.925,76.85405405405406
2026-01-15,1301,40.95,42.8,40.9,42.6,57892469.0,2447182518.0,41.269999999999996,40.335,40.0125,40.21,39.455416666666665,38.080625000000005,66.38655462184887,63.768115942029006,0.289130207755818,-0.021813342080313613,0.3109435498361316,31.860565393345986,17.852590809442354,17.14037614911773,,42.372445360651646,40.0125,37.65255463934836,39803680.8,24371657.8,1.454450137184298,42.27117205866622
2026-01-15,1303,63.7,69.7,63.6,69.7,226595276.0,15501028134.0,64.38,62.510000000000005,60.589999999999996,55.041666666666664,47.437916666666666,39.60520833333333,62.37623762376238,65.26315789473685,2.222139593409757,1.6425712786500974,0.5795683147596598,35.842255539561904,15.591588177939942,30.355831536643304,,67.98128932559995,60.589999999999996,53.198710674400054,128655637.4,100498575.2,1.7612541555058199,68.40843466657266
2026-01-15,1304,11.55,12.0,11.55,11.9,10626424.0,125384621.0,11.48,11.15,11.1625,11.011666666666667,10.743333333333334,10.679208333333332,84.99999999999999,61.40350877192982,0.10211236506939869,0.023916448178938145,0.07819591689046054,28.987551582145834,14.678122405585581,22.82801873232001,,11.841411667768082,11.1625,10.483588332231918,6435173.0,4681656.25,1.6513035469287305,11.799324118819275
2026-01-15,1305,11.55,12.4,11.55,12.35,8438463.0,101989309.0,11.629999999999999,11.305,11.217500000000001,11.2225,11.372083333333332,11.445500000000001,79.41176470588236,67.64705882352939,0.13908953493435838,0.020246811743110143,0.11884272319124824,40.28674767092597,12.018389665419296,26.38674386689709,,11.96108661407538,11.217500000000001,10.473913385924622,3750557.6,2145343.9,2.2499222515606747,12.086242364278897
2026-01-15,1307,32.2,32.4,31.8,32.15,524929.0,16868749.0,31.75,31.579999999999995,32.285000000000004,32.431666666666665,31.928749999999997,36.09229166666667,50.0,44.82758620689653,-0.2654709433710778,-0.25867066894955826,-0.0068002744215195365,28.942390410035802,23.902622452896296,13.77643064219216,,34.09842943501819,32.285000000000004,30.471570564981818,933752.4,1012166.25,0.5621715135618393,32.135296392464504
2026-01-15,1308,13.75,14.15,13.7,14.05,3579441.0,49927911.0,13.52,13.285,13.3175,13.150833333333335,12.652916666666666,12.818125,64.70588235294116,58.904109589041084,0.09092308002440674,0.021532385358117884,0.06939069466628886,30.43879511121375,15.487806267624633,20.470036773048466,,13.993615063393817,13.3175,12.641384936606185,2301340.8,1661821.6,1.5553719814118796,13.948521850199514
2026-01-15,1309,11.85,12.35,11.85,12.15,2624449.0,31687627.0,11.79,11.475,11.364999999999998,11.254999999999999,11.275416666666667,11.711041666666667,84.21052631578945,68.18181818181817,0.13119549660523333,0.04063034975048923,0.0905651468547441,32.77671654644707,12.109156407818771,20.35740269519971,,12.000030044875924,11.364999999999998,10.729969955124073,1630528.8,1179004.15,1.6095692391327279,12.07401134485753
2026-01-15,1310,8.93,9.26,8.88,9.2,5235773.0,47668178.0,8.862,8.802000000000001,8.687999999999999,8.761666666666667,8.9065,8.994125,65.88235294117649,66.37554585152841,0.049817642585056277,0.0003936480684038472,0.04942399451665243,34.01177491240073,13.931404373595138,21.598256313696353,,9.132029396846267,8.687999999999999,8.24397060315373,2959300.2,2309044.05,1.7692605163883002,9.104324805525373
2026-01-15,1312,12.85,14.1,12.75,13.75,34712317.0,475207981.0,12.98,12.254999999999999,11.879999999999999,11.202499999999999,10.522333333333334,10.618875000000001,90.90909090909074,72.72727272727272,0.4823037300229043,0.29392046556140083,0.18838326446150344,39.56221043826277,9.75805417153798,32.07716798884784,,13.340136979875505,11.879999999999999,10.419863020124494,23540516.4,9367272.6,1.474577550048987,13.689895174672436
2026-01-15,1313,10.5,10.9,10.45,10.8,6276850.0,67264797.0,10.43,10.206,10.2605,10.329,10.265416666666669,9.446375,75.0,61.6822429906542,0.010771836699666082,-0.057623913406938954,0.06839575010660504,26.864693699487063,18.694859704902345,13.087645050245031,,10.79893731003886,10.2605,9.72206268996114,4211107.6,2957101.0,1.490546097658488,10.716330165608547
2026-01-15,1314,8.12,8.39,8.12,8.27,28872257.0,238004327.0,8.096,7.978999999999999,7.9275,8.053666666666667,7.679,7.478624999999999,67.74193548387089,65.11627906976743,0.03986549375259063,-0.01120008029079184,0.05106557404338247,27.518505402245896,14.644666187383507,14.422604789363964,,8.241447699298124,7.9275,7.613552300701876,21393166.8,17217190.5,1.3496018270656405,8.243357178484523
2026-01-15,1315,63.9,64.1,63.9,63.9,82067.0,5245588.0,63.879999999999995,64.0,64.08500000000001,,,,50.0,42.857142857142755,-0.17153022250732874,-0.1534966553931073,-0.018033567114221438,19.89116309663765,26.424585016777836,26.24957787422162,,64.46488918051926,64.08500000000001,63.70511081948076,43510.8,22160.9,1.886129420741517,63.918359389279495
2026-01-15,1316,14.95,14.95,14.5,14.7,2772933.0,40624570.0,14.669999999999998,14.675,15.222500000000002,15.203333333333335,,,50.0,27.941176470588218,-0.17406981276736744,-0.11135302547782794,-0.0627167872895395,17.95479729485745,22.31862999543904,16.095595557433523,,16.533375561158273,15.222500000000002,13.91162443884173,3713699.4,4396828.55,0.7466767504122709,14.650397250853159
2026-01-15,1319,100.0,106.0,99.2,105.0,11478792.0,1183549362.0,97.56,96.78,96.3,96.25333333333333,97.32583333333334,108.01083333333334,89.14728682170539,73.33333333333331,1.0332249554279969,0.35045124296405444,0.6827737124639424,41.90664787979318,12.349879849406287,26.21874537453385,,101.35464872015775,96.3,91.24535127984224,4313802.4,3520345.3,2.660945248674348,103.1074839582423
2026-01-15,1321,34.5,34.6,34.0,34.2,280275.0,9590239.0,34.61,34.775,34.894999999999996,35.48833333333334,36.020833333333336,36.045833333333334,0.0,30.952380952380963,-0.24569757276029947,-0.2098404617620675,-0.03585711099823197,16.591570440127608,26.583782671969225,17.045797205629935,,35.35941814190028,34.894999999999996,34.430581858099714,170177.0,121411.7,1.646961692825705,34.21724734635626
2026-01-15,1323,18.95,18.95,18.75,18.9,45046.0,849441.0,19.05,19.264999999999997,19.389999999999997,19.544166666666666,19.646666666666665,20.630833333333335,13.333333333333456,21.052631578947526,-0.1439730063270268,-0.08130014513812252,-0.06267286118890429,2.1636671048615006,45.03051628802437,72.05202613189692,,19.848372406626975,19.389999999999997,18.93162759337302,96365.4,43296.15,0.4674499353502398,18.857190427562937
2026-01-15,1324,11.2,11.3,11.15,11.3,53795.0,603948.0,11.22,11.205,10.822500000000002,10.792499999999999,10.9125,11.299375,50.0,68.62745098039218,0.18335322289528477,0.13036751547666323,0.05298570741862155,34.688353000230606,10.65970409841905,34.95060085513881,,11.702975350083944,10.822500000000002,9.942024649916059,69447.8,150167.3,0.7746105708172181,11.226842643368343
2026-01-15,1325,30.25,30.25,29.5,29.85,511367.0,15172843.0,30.3,30.189999999999998,30.402499999999996,30.961666666666666,30.09333333333333,30.05625,42.59259259259261,46.87500000000003,-0.29344548934067305,-0.28126202268475636,-0.012183466655916686,22.54703329971567,27.389999497223798,15.484480568220071,,31.458049245902767,30.402499999999996,29.346950754097225,651395.0,357596.55,0.785033658532841,29.671142252042074
2026-01-15,1326,32.05,34.45,32.05,34.45,54359221.0,1823351685.0,32.34,31.940000000000005,32.084999999999994,31.888333333333332,30.35291666666667,28.313125000000003,65.6,60.663507109004804,0.06984730726665589,-0.07680996321414042,0.1466572704807963,31.215374967649318,20.570006270391517,15.55154528381322,,33.768698935457586,32.084999999999994,30.401301064542405,26787737.4,16714306.95,2.0292576483148594,33.54263823979376
2026-01-15,1336,16.0,16.1,15.8,16.05,146000.0,2331450.0,15.88,15.995000000000001,15.985,16.177500000000002,16.855833333333333,19.09,45.833333333333414,54.545454545454575,-0.04262482037883153,-0.04382749424821539,0.001202673869383858,24.659374202329893,21.516115034061897,13.108039047748555,,16.355064005843943,15.985,15.614935994156054,187000.0,120750.0,0.7807486631016043,15.968835616438357
2026-01-15,1337,4.88,4.89,4.85,4.87,123687.0,602713.0,4.85,4.825,4.847499999999999,4.939166666666667,5.092083333333334,5.5385,66.66666666666666,46.87500000000007,-0.02126608837106314,-0.031144059209663306,0.009877970838600165,18.433550417619088,19.841022881030014,12.734211008774581,,4.948625248031544,4.847499999999999,4.746374751968455,202909.0,276833.55,0.6095688214914075,4.872888824209497
2026-01-15,1338,20.1,21.0,20.1,20.7,224732.0,4635873.0,20.240000000000002,20.169999999999998,20.354999999999997,20.631666666666668,21.490833333333335,23.70583333333333,73.07692307692298,51.06382978723437,-0.08548087529310422,-0.10791558139579306,0.022434706102688842,28.804690950500355,14.779132504644343,24.345569049445665,,20.899735570812126,20.354999999999997,19.810264429187868,115577.0,80776.05,1.944435311523919,20.628450776925405
2026-01-15,1339,41.6,43.4,41.6,43.25,105172.0,4501024.0,41.970000000000006,42.245,43.26,44.18416666666666,44.76166666666666,48.695625,70.76923076923083,41.22807017543858,-0.6808664712440518,-0.5978616592950217,-0.08300481194903009,22.167864195111193,22.012531912091923,20.744695323105837,,45.63965057142862,43.26,40.88034942857138,75601.0,49657.35,1.3911456197669343,42.79679002015746
2026-01-15,1340,6.73,6.78,6.67,6.7,188184.0,1267172.0,6.682,6.784999999999999,7.2065,7.044666666666667,6.81775,7.198791666666667,29.268292682926855,23.451327433628293,-0.17330581695360792,-0.08869710617987916,-0.08460871077372875,15.775227083947009,24.55863821132963,24.799613973761197,,8.20330067162279,7.2065,6.20969932837721,300250.0,424068.15,0.6267577019150707,6.733686179483909
2026-01-15,1341,58.7,58.7,58.7,58.7,4002.0,234917.0,58.580000000000005,58.21999999999999,,,,,100.0,49.01960784313731,0.06240927074351532,-0.01422348026348705,0.07663275100700237,34.94811362851328,21.635912190276795,18.954212900473472,,,,,3461.8,5691.55,1.1560459876364897,58.699900049975014
2026-01-15,1342,96.0,96.9,95.3,96.3,218164.0,20980783.0,94.8,93.13,90.69500000000001,86.77833333333334,86.38333333333334,90.90625,64.51612903225804,76.04790419161672,2.300267243214549,1.7611271538865345,0.5391400893280143,40.11990219864382,11.282552671287206,35.5263738739824,,97.04164436823419,90.69500000000001,84.34835563176583,247327.6,177386.25,0.8820851372835058,96.16977594836912
2026-01-15,1402,28.3,28.5,28.2,28.5,11209951.0,318512002.0,28.320000000000004,28.130000000000003,28.014999999999997,27.84666666666667,27.855416666666667,30.120416666666664,68.18181818181822,67.49999999999994,0.07758508522560348,0.02263101896880511,0.05495406625679837,18.8471521153913,15.419246579618523,15.933745389029719,,28.532178580577124,28.014999999999997,27.49782141942287,7453716.2,5895797.0,1.503941215255821,28.413326873596503
2026-01-15,1409,15.4,15.7,15.25,15.45,6433534.0,99504280.0,15.11,14.914999999999997,15.1,14.870000000000001,14.521666666666668,13.973333333333333,85.71428571428575,56.097560975609774,0.007805194265483095,-0.032427807280374,0.04023300154585709,27.26379489001594,16.1993285651452,14.107907505576575,,15.760143525064294,15.1,14.439856474935706,5490780.2,4413720.75,1.1716976031930761,15.466504101789157
2026-01-15,1410,33.95,34.3,33.9,33.95,19190.0,652484.0,33.97,34.114999999999995,,,,,20.000000000000284,50.0,-0.10327909805982927,-0.08595292829053225,-0.017326169769297017,13.499314760724907,9.700223486148328,13.411671684626933,,,,,20871.6,,0.9194311887924261,34.00125065138093
2026-01-15,1413,9.91,9.92,9.81,9.92,12262.0,120911.0,9.926,9.928,9.9765,,,,59.090909090908944,46.51162790697672,-0.049512810376667105,-0.049979170241134935,0.0004663598644678302,22.514772638073353,28.783209533811366,18.036296806111114,,10.164371736761534,9.9765,9.788628263238465,37006.4,29340.65,0.33134809114099184,9.860626325232426
2026-01-15,1414,18.7,20.0,18.65,19.8,452080.0,8816255.0,18.72,17.975,17.5375,17.489166666666666,17.69041666666667,19.013958333333335,77.90697674418603,75.45454545454541,0.39919262679281786,0.11295735262052199,0.2862352741722959,33.57769174755096,8.016398210559334,21.67666800866875,,19.23513767754194,17.5375,15.839862322458066,428788.8,341382.65,1.0543185829480621,19.501537338524155
2026-01-15,1416,11.85,11.9,11.75,11.9,165928.0,1953995.0,11.84,11.855,11.870000000000001,11.643333333333334,11.587083333333334,11.950625,55.55555555555564,50.0,0.03354168283268244,0.04904582429243262,-0.015504141459750181,15.875632237961684,12.041779905962423,25.380716839705396,,12.093371298160651,11.870000000000001,11.64662870183935,239308.4,251131.7,0.6933647126469443,11.776161949761342
2026-01-15,1417,8.88,8.88,8.83,8.88,48811.0,432989.0,8.832,8.831999999999999,8.902000000000001,8.7005,8.459916666666667,8.44625,64.70588235294125,38.888888888888985,-0.004503493458971164,0.012279041634401675,-0.01678253509337284,13.513554813896267,16.343520534100552,17.639903492304462,,9.074242179564374,8.902000000000001,8.729757820435628,152797.0,161944.3,0.31944998920135864,8.87072586097396
2026-01-15,1418,19.95,20.25,19.95,20.0,8201.0,164360.0,19.96,19.97,,,,,60.00000000000014,57.142857142857096,0.020819412035884,-0.019862257593301947,0.04068166962918594,25.882057333398052,26.572538179365836,14.03737580641825,,,,,16002.0,15921.7,0.5124984376952881,20.04145835873674
2026-01-15,1419,73.1,73.8,72.9,73.3,104664.0,7679787.0,73.1,70.82000000000001,70.34,66.80833333333334,60.48,55.91479166666667,93.47826086956528,73.7864077669902,1.1915449784883805,0.8161089570318157,0.37543602145656474,29.447134172237515,13.866942896127998,27.489872978376372,,75.75786518454329,70.34,64.92213481545672,226868.6,284686.7,0.4613419397836457,73.37563058931438
2026-01-15,1423,38.0,38.4,38.0,38.1,35941.0,1369592.0,38.230000000000004,38.26,38.2325,38.43500000000001,38.13916666666667,,35.48387096774198,51.51515151515154,-0.0571221813256102,-0.07104480798675923,0.013922626661149032,31.656540454140362,15.250399190019609,26.795978948568678,,38.70072734019681,38.2325,37.76427265980319,30422.4,27365.3,1.1813992321447353,38.10667482819065
2026-01-15,1432,18.1,18.75,18.1,18.4,678939.0,12525247.0,18.05,18.029999999999998,18.085,17.840833333333332,17.45375,17.720208333333336,77.77777777777783,53.84615384615381,0.017170153337215055,0.02255665658129541,-0.005386503244080354,34.58438030923331,12.422756697889536,35.198125030243844,,18.377178748460473,18.085,17.79282125153953,289959.8,233699.3,2.341493544967268,18.448265602653553
2026-01-15,1434,16.2,16.4,16.2,16.35,2884208.0,47068354.0,16.15,16.020000000000003,15.954999999999998,15.7775,15.715416666666668,16.508541666666666,48.14814814814825,57.62711864406782,0.07793944840449996,0.03850000764719503,0.039439440757304926,23.618280793362693,13.166173214309365,22.375292285203116,,16.532562938014237,15.954999999999998,15.37743706198576,3371262.6,2644100.4,0.8555275403345916,16.319334111825498
2026-01-15,1435,21.9,22.45,21.8,21.8,12421.0,274773.0,21.53,21.619999999999997,,,,,76.47058823529414,44.11764705882354,-0.6823778029337895,-0.8031962831338273,0.12081848020003783,29.028527374414264,23.54786001610965,12.291417556361335,,,,,6124.0,5338.4,2.028249510124102,22.12164882054585
2026-01-15,1436,62.5,64.3,62.5,62.7,349940.0,22232924.0,61.92,62.519999999999996,63.145,63.141666666666666,67.85416666666667,95.29458333333334,51.42857142857145,34.210526315789494,-0.4167383677832106,-0.24695666410078,-0.16978170368243062,26.38137038362469,23.551991578604706,14.659520085172034,,66.35713160904047,63.145,59.93286839095955,241665.6,224325.25,1.44803397752928,63.53353146253644
2026-01-15,1437,32.85,33.05,32.75,32.85,42478.0,1396400.0,32.85000000000001,33.254999999999995,33.925,32.7275,31.785416666666666,32.41583333333333,11.11111111111181,5.405405405405489,-0.19787504293758928,0.038951271126034935,-0.23682631406362423,15.787631999711731,31.452847520429362,30.138717260096282,,35.536308719480374,33.925,32.31369128051962,68807.8,116798.9,0.6173428012521835,32.87348745232826
2026-01-15,1438,32.7,33.25,32.6,33.25,48103.0,1576124.0,33.089999999999996,33.225,33.5325,34.295833333333334,35.884166666666665,39.995625000000004,52.38095238095225,24.489795918367378,-0.25708877128653285,-0.24387823512843682,-0.013210536158096031,18.22053992843258,20.181862718526833,11.172361794572653,,34.30660389618352,33.5325,32.75839610381648,65813.0,40320.95,0.7309042286478356,32.76560713469014
2026-01-15,1439,30.2,30.55,30.2,30.5,33043.0,1005859.0,30.28,29.73,29.847500000000004,28.225833333333334,,,100.0,55.55555555555555,0.5440835603842835,0.5038249339449506,0.04025862643933287,30.03855025941225,17.21057116809624,27.76801943226258,,30.94987781277794,29.847500000000004,28.745122187222066,68481.0,76508.25,0.4825133978767833,30.440910328965288
2026-01-15,1440,13.4,13.6,13.4,13.6,1743976.0,23627636.0,13.4,13.270000000000001,13.365,13.501666666666667,13.474166666666667,13.503541666666667,81.81818181818184,55.172413793103466,-0.07205401825066637,-0.10849310776335452,0.03643908951268815,16.06962951025933,18.047687622490105,16.938930789528285,,13.729330676865793,13.365,13.000669323134208,1267825.6,1117146.6,1.3755645886942178,13.548142864351345
2026-01-15,1441,10.65,10.65,10.3,10.35,33638.0,349956.0,10.3,10.309999999999999,10.395,10.660833333333333,11.051666666666668,11.907708333333334,58.33333333333331,39.99999999999993,-0.09202330810472503,-0.09743233187669605,0.005409023771971014,37.57324956115152,22.248344275672704,23.703180172988215,,10.61719005615108,10.395,10.17280994384892,27062.8,26659.1,1.2429608170625361,10.40359117664546
2026-01-15,1442,30.25,30.4,29.65,30.2,694550.0,20859965.0,30.310000000000002,29.865,29.96,32.095,42.95708333333334,59.18729166666667,56.250000000000014,46.2264150943396,-0.4498518757634713,-0.6566174388728645,0.2067655631093932,14.395032808927905,21.584218016121053,31.08502523935417,,31.20122180892279,29.96,28.718778191077213,915861.6,3967199.3,0.7583569395201196,30.033784464761357
2026-01-15,1443,27.2,27.2,26.85,26.85,16957.0,455185.0,26.95,26.955000000000002,,,,,39.13043478260861,48.5714285714286,-0.10466376370645492,-0.11568902495193577,0.011025261245480852,17.77672875743447,21.167157981986612,16.826082246846855,,,,,15160.6,10785.7,1.11849135258499,26.84348646576635
2026-01-15,1444,6.1,6.19,6.1,6.18,739902.0,4553413.0,6.138,6.085,6.0785,6.190833333333333,6.365833333333333,6.92675,68.29268292682923,56.66666666666668,0.00300496727876709,-0.014812840110768808,0.017817807389535898,22.55650319411447,15.336588685343058,19.68288436646653,,6.228064279439911,6.0785,5.928935720560089,1013136.8,931005.7,0.730308088700361,6.154075810039708
2026-01-15,1445,12.35,12.45,12.3,12.3,141122.0,1747569.0,12.370000000000001,12.515,12.897499999999999,13.698333333333332,14.234583333333335,14.783958333333334,0.0,11.538461538461561,-0.37478334460290164,-0.33739814417179037,-0.037385200431111265,24.991165346946193,31.064111678806622,18.767633951520214,,13.747561917249403,12.897499999999999,12.047438082750595,95155.4,68295.2,1.4830687485944045,12.383391675288049
2026-01-15,1446,18.1,18.3,18.05,18.25,235867.0,4295577.0,18.11,18.135,18.185,18.214999999999996,19.24666666666667,24.706041666666668,53.846153846153925,54.166666666666735,-0.02556321615369228,-0.023508539574442128,-0.002054676579250153,17.906750069855857,16.016245732155593,8.80647963681152,,18.37166040091485,18.185,17.99833959908515,179537.8,124957.35,1.3137456290541603,18.21186092162108
2026-01-15,1447,5.24,5.3,5.24,5.28,572784.0,3018040.0,5.226000000000001,5.224,5.3420000000000005,5.4495,5.629166666666666,6.0594166666666665,62.06896551724146,37.7049180327869,-0.07757543862377858,-0.07118201394452282,-0.0063934246792557575,18.778563603005118,29.461241452383746,28.603967642601766,,5.6065830881344345,5.3420000000000005,5.0774169118655665,802859.8,664981.7,0.7134296672968307,5.269071761781055
2026-01-15,1449,12.3,12.3,12.05,12.25,1122302.0,13658508.0,12.15,11.669999999999998,11.4,10.906833333333335,11.53675,13.222125,74.28571428571425,73.5849056603773,0.37551598438831313,0.25493364437773236,0.12058234001058077,39.38565711026784,12.328927522913183,41.10485128093286,,12.415148420571452,11.4,10.384851579428549,2431675.6,1176855.7,0.4615344250688702,12.170082562447542
2026-01-15,1451,17.6,17.75,17.5,17.7,175073.0,3086517.0,17.39,17.34,17.35,17.235000000000003,17.592499999999998,18.544583333333332,78.57142857142836,60.86956521739125,0.037395291179198153,0.00831853092327494,0.029076760255923213,33.082118522939076,12.672876312823709,24.415792394481162,,17.588415824271863,17.35,17.11158417572814,174140.4,126423.5,1.0053554488217553,17.629885819058337
2026-01-15,1452,11.65,11.9,11.6,11.85,160476.0,1883580.0,11.76,11.764999999999999,11.82,11.776666666666667,12.229166666666666,12.663541666666667,59.999999999999716,53.33333333333326,-0.02903207306686184,-0.028880156841061894,-0.00015191622579994665,31.640531118677806,13.419931595580985,32.37805648984544,,11.998885438202178,11.82,11.641114561797822,130096.6,74183.15,1.233514173314291,11.737456068197114
2026-01-15,1453,12.25,12.35,12.15,12.25,90425.0,1106774.0,12.2,12.254999999999999,12.465,12.451666666666666,12.889166666666666,13.94375,50.0,20.00000000000007,-0.07090901979578845,-0.03782773871325268,-0.033081281082535774,17.112074250701916,24.749101909413625,18.732962836214874,,12.964578769933722,12.465,11.965421230066278,58691.2,65949.05,1.5406909383348781,12.239690351119712
2026-01-15,1454,12.9,13.0,12.85,12.85,16652.0,215493.0,12.91,12.825,12.997499999999999,,,,62.49999999999994,38.70967741935485,-0.12896911170433256,-0.13221111757750853,0.0032420058731759682,21.92398138038032,23.479395117719505,22.75822119344637,,13.490049757036802,12.997499999999999,12.504950242963195,74929.4,55824.65,0.22223586469396528,12.94096805188566
2026-01-15,1455,7.78,7.92,7.74,7.91,372585.0,2919174.0,7.7700000000000005,7.709999999999999,7.719500000000001,7.8133333333333335,8.369833333333334,8.873125,78.94736842105274,63.01369863013705,-0.008606155280301842,-0.036978472902845526,0.028372317622543684,27.686069852966323,21.310780104111128,12.371636557066768,,7.879035509988576,7.719500000000001,7.559964490011426,421874.8,348077.7,0.8831648631300092,7.834920890535046
2026-01-15,1456,13.25,13.4,13.1,13.4,54348.0,720536.0,13.419999999999998,13.24,13.0825,12.815833333333334,,,79.31034482758616,61.53846153846153,0.1292470406307693,0.10244656093472662,0.026800479696042684,17.59660874417864,18.294681799488014,14.707154531659992,,13.64283354728185,13.0825,12.52216645271815,68239.8,62797.65,0.7964267187184019,13.25781997497608
2026-01-15,1457,15.6,15.7,15.5,15.65,64265.0,1002767.0,15.580000000000002,15.595000000000002,15.6725,16.0025,16.4,17.401041666666668,71.4285714285715,45.00000000000001,-0.10464945492576838,-0.11310118196601439,0.008451727040246007,18.991500146276284,22.272108443483354,17.418718906036684,,15.91846747752347,15.6725,15.42653252247653,86167.0,93205.15,0.7458191651096128,15.603625612697424
2026-01-15,1459,11.8,11.85,11.75,11.8,53997.0,637849.0,11.77,11.815000000000001,11.842500000000001,11.8425,11.812083333333334,11.703750000000001,25.000000000000227,47.05882352941184,-0.013275472859120896,0.001182193648873886,-0.014457666507994783,20.385590994437923,14.890856410938436,20.092072844289813,,12.055930624744708,11.842500000000001,11.629069375255295,75322.6,134343.0,0.71687647532082,11.81267477822842
2026-01-15,1460,6.45,6.52,6.43,6.5,481779.0,3120471.0,6.442,6.417,6.349,5.997000000000001,6.032166666666667,6.491375,100.0,91.99999999999955,0.10585761584247955,0.11051086321838367,-0.0046532473759041265,23.633807699140934,14.298599454366368,21.031646833006604,,6.531370357702123,6.349,6.1666296422978775,631263.4,618774.55,0.7631980564689795,6.476975957856196
2026-01-15,1463,17.45,17.7,17.4,17.65,21479.0,377904.0,17.46,17.7,18.5475,18.41916666666667,19.29375,21.152291666666663,43.749999999999886,12.727272727272677,-0.47490170096735085,-0.33988962825861957,-0.13501207270873128,15.806562849191646,35.87029314381225,37.38186134425691,,20.433870784560895,18.5475,16.661129215439104,51272.8,76195.3,0.41891607245947166,17.594115182271054
2026-01-15,1464,11.45,12.1,11.45,11.8,967776.0,11431688.0,11.430000000000001,11.225,11.190000000000001,11.115833333333333,11.340833333333332,13.245000000000001,100.0,78.2608695652174,0.08414943127604424,0.017496420912849902,0.06665301036319433,41.825946760901715,13.04324299982092,15.723066005778543,,11.592099751959106,11.190000000000001,10.787900248040897,520984.2,386994.4,1.8575918425165292,11.812328472704428
2026-01-15,1465,12.55,12.6,12.45,12.5,93118.0,1166692.0,12.52,12.535,12.5725,12.791666666666666,13.001666666666667,13.421666666666669,50.0,50.0,-0.07723861846080382,-0.08136503712992346,0.004126418669119641,12.29704750473927,11.829580279295794,8.436822734338653,,12.771113615900468,12.5725,12.373886384099531,89558.8,83536.9,1.0397414882736258,12.529178032174231
2026-01-15,1466,14.5,14.55,14.2,14.3,86043.0,1230860.0,14.210000000000003,14.065000000000001,14.145000000000001,14.7325,15.44375,15.397708333333332,64.28571428571433,50.0,-0.08728218117667907,-0.15746783056456223,0.07018564938788316,17.745353587289124,15.65865635887553,13.913762539859531,,14.570379087897555,14.145000000000001,13.719620912102448,156447.0,136860.85,0.5499817829680339,14.3051729948979
2026-01-15,1467,8.02,8.08,7.98,7.99,266861.0,2144056.0,8.05,7.749,7.408500000000001,7.188666666666666,7.381749999999999,8.235833333333334,72.50000000000007,83.82352941176475,0.2610422068466054,0.1761927167528835,0.08484949009372189,40.26932263979756,9.663516423724412,46.10835681370693,,8.301543878217025,7.408500000000001,6.515456121782976,559302.2,330103.35,0.477132040603452,8.034354963820116
2026-01-15,1468,11.95,11.95,11.75,11.95,39005.0,462957.0,11.879999999999999,11.84,11.837499999999999,11.685,12.607083333333332,13.195833333333333,66.66666666666657,55.17241379310339,0.03263189372492192,0.023215899233514883,0.00941599449140704,17.47907796242067,18.46777714935323,10.579677171676972,,12.034517231412487,11.837499999999999,11.64048276858751,37603.2,37251.65,1.0372787422347034,11.86917061915139
2026-01-15,1470,22.5,23.1,22.4,23.0,14721.0,336762.0,,,,,,,50.0,0.0,0.17322607438239146,0.16350542335710258,0.009720651025288879,5.785028264534443,8.591646261805549,19.872999778400622,,,,,,,,22.876299164458935
2026-01-15,1471,9.83,9.89,9.72,9.75,366291.0,3578021.0,9.739999999999998,9.464,9.1445,8.967833333333333,9.419666666666666,10.317333333333332,55.244755244755254,69.92187499999997,0.25353500170503906,0.1597990118465846,0.09373598985845447,34.375370690597244,14.519720760917334,26.08196365617437,,10.105365289863046,9.1445,8.183634710136955,641541.0,521942.05,0.5709549350704008,9.768247104078451
2026-01-15,1472,90.0,90.0,88.5,89.1,17674.0,1576250.0,88.96,88.53,88.66499999999999,90.18166666666666,90.61833333333333,90.97166666666665,63.15789473684207,51.99999999999997,-0.3384103264554028,-0.5025494028136104,0.16413907635820757,34.00467012744834,11.57171952978642,30.078377202050458,,90.10177269931008,88.66499999999999,87.22822730068991,40111.8,48542.35,0.4406184713725138,89.18467805816454
2026-01-15,1473,23.95,24.3,23.8,24.3,125945.0,3030540.0,23.97,24.03,24.4,25.3625,25.944166666666668,28.643958333333334,58.620689655172434,39.21568627450979,-0.27042034494092704,-0.2720337302004651,0.0016133852595380804,18.044026068621484,22.265512265901517,19.066081545162348,,25.2466652852576,24.4,23.553334714742398,125124.2,74998.45,1.0065598821011443,24.06240819405296
2026-01-15,1474,10.35,10.35,10.25,10.3,106823.0,1099747.0,10.26,10.379999999999999,10.657499999999999,11.143333333333334,11.675833333333333,12.289166666666667,30.76923076923083,28.125000000000043,-0.2655501220823826,-0.2427937755383675,-0.022756346544015094,11.3240444577831,34.16356314372025,43.42302953075669,,11.33205638444039,10.657499999999999,9.982943615559607,253982.2,151953.75,0.42059246671617145,10.295039457794669
2026-01-15,1475,33.05,33.45,33.05,33.25,33512.0,1111652.0,32.27,31.439999999999998,30.85,34.34916666666666,34.839166666666664,41.188750000000006,98.2142857142857,86.20689655172411,-0.2662066911088772,-0.7772981851228455,0.5110914940139684,31.019008679916706,16.04991079205606,25.643903494889653,,32.69476499715969,30.85,29.005235002840315,35350.4,35757.05,0.94799493075043,33.17175936977799
2026-01-15,1476,415.0,420.0,407.5,414.5,1613160.0,667808974.0,405.3,396.45,391.725,411.90833333333336,412.6791666666667,429.21458333333334,79.3103448275862,70.8029197080292,-0.09617457484603165,-4.294576788714846,4.198402213868814,31.355682111084548,15.721410484336426,24.629135598750224,,411.5252525236417,391.725,371.92474747635833,1243278.6,909135.05,1.2975048392210724,413.97565895509433
2026-01-15,1477,332.0,344.0,328.0,338.5,3923565.0,1322408849.0,320.9,307.35,302.275,297.6,286.9166666666667,290.0083333333333,84.16666666666667,71.50259067357513,6.388651491681628,2.0769511934976825,4.311700298183945,41.30936067377884,13.88601244892627,21.69149527414412,,329.4188177511106,302.275,275.13118224888933,2498423.0,1764842.5,1.570416618803141,337.0426764944636
2026-01-15,1503,205.5,206.0,193.5,197.0,18639517.0,3702861763.0,184.9,177.45,174.35,173.71666666666667,178.17083333333332,175.67083333333332,96.36363636363636,83.11688311688312,4.502978618918917,1.617266938292512,2.8857116806264047,47.10912304790812,7.8920141171368865,25.366898026308846,,191.29604440725316,174.35,157.40395559274683,7495890.6,2513078.4,2.486631408414632,198.65652972660183
2026-01-15,1504,92.0,92.0,85.2,85.8,71464193.0,6228320881.0,85.12,84.14,84.615,94.26666666666667,,,58.95953757225432,48.94514767932489,-1.1425574101587301,-1.9016292893949491,0.759071879236219,29.6685430760547,17.2547362434542,10.795978098389508,,89.07548144675565,84.615,80.15451855324434,34385154.6,22667424.65,2.0783443852830605,87.15302894415949
2026-01-15,1506,11.75,11.75,11.6,11.75,70404.0,822656.0,11.85,11.725,11.6825,11.884166666666667,12.29125,12.248333333333333,64.28571428571425,54.99999999999999,-0.0030479137268795142,-0.03585234821126747,0.032804434484387954,14.376666401002621,16.86267968227558,19.449381379094383,,11.92588619949618,11.6825,11.439113800503819,138182.8,118831.05,0.5094990114543924,11.684790636895631
2026-01-15,1512,7.25,7.32,7.24,7.25,80295.0,582634.0,7.3,7.355000000000001,7.448,7.635000000000001,7.87625,,36.36363636363639,33.3333333333333,-0.0924219109432558,-0.07936106968534874,-0.01306084125790706,16.804699670284826,18.850342059876017,11.175614308638156,,7.67920735737706,7.448,7.2167926426229405,69225.8,52920.15,1.1598999217054913,7.256167880939037
2026-01-15,1513,156.0,156.0,150.5,151.0,11638682.0,1773857612.0,149.5,148.1,148.85,149.21666666666667,155.85416666666666,152.28333333333333,62.50000000000001,52.83018867924528,0.1547812457316411,-0.33820239250653367,0.49298363823817476,30.291657352971278,13.960741076760536,14.103235459665711,,154.87713163863972,148.85,142.82286836136026,9843329.0,4016842.15,1.182392867291137,152.4105231159336
2026-01-15,1514,110.5,112.0,104.0,104.0,21596028.0,2311411794.0,101.66,99.32000000000001,99.88499999999999,100.16666666666667,102.36416666666668,103.75874999999999,72.5609756097561,54.2016806722689,0.7607615920415611,0.07422533745341428,0.6865362545881468,39.425748202976536,11.01359730387091,24.70239017554466,,105.95104874431647,99.88499999999999,93.81895125568352,8334507.6,3221142.3,2.5911582347108304,107.02948681118583
2026-01-15,1515,27.65,27.65,27.2,27.35,276599.0,7571812.0,27.190000000000005,27.065000000000005,27.432499999999997,27.795,28.904166666666665,29.984583333333333,70.8333333333334,46.42857142857143,-0.22582195553034268,-0.2456982974445209,0.019876341914178225,20.85203807767544,23.1512780337662,13.119501771743177,,28.32532225495683,27.432499999999997,26.539677745043164,327814.0,255970.55,0.8437681124052054,27.374690436335634
2026-01-15,1516,22.0,22.2,21.95,22.2,35514.0,781963.0,21.71,21.735,22.205000000000002,19.752499999999998,17.357083333333332,17.147083333333335,65.67164179104479,42.56756756756755,0.40604237426286005,0.5875547410046745,-0.18151236674181448,32.78600143461819,16.959683092096263,45.17954298117429,,24.101506483539083,22.205000000000002,20.30849351646092,31806.4,126966.95,1.1165677347955127,22.0184434307597
2026-01-15,1517,11.6,11.6,11.35,11.45,195436.0,2241368.0,11.17,11.015,11.077499999999999,11.485000000000001,11.165833333333333,11.592541666666667,71.42857142857137,60.52631578947366,-0.029466857598558605,-0.10573623930262087,0.07626938170406226,29.953372851562104,16.653232405791925,14.898502209003126,,11.51816337552112,11.077499999999999,10.636836624478878,361584.0,228600.0,0.5404995796274171,11.468552364968582
2026-01-15,1519,935.0,944.0,894.0,907.0,15089557.0,13871677184.0,843.0,792.5,783.35,738.3333333333334,675.15,600.4041666666667,87.62376237623762,72.96296296296296,28.903825426899857,16.099748634349428,12.804076792550429,44.96220769232279,10.254572182702036,28.635390251765855,,875.2567605324956,783.35,691.4432394675044,9889478.4,4880941.45,1.5258192990239,919.2898892923099
2026-01-15,1521,24.0,24.4,23.8,24.35,26735.0,644891.0,23.97,23.735000000000003,23.85,24.315,,,80.6451612903231,54.38596491228058,-0.07703892442824056,-0.15499578488649113,0.07795686045825057,37.24107622839163,17.702989146224716,18.981177827783835,,24.411951486952155,23.85,23.288048513047848,33748.6,22535.0,0.7921810089900025,24.121600897699643
2026-01-15,1522,48.0,48.8,47.4,48.6,2549436.0,123251933.0,46.95,45.985,46.397499999999994,47.285833333333336,44.53416666666667,48.153125,76.80000000000004,62.08791208791211,-0.043792723475363005,-0.33984983009992353,0.29605710662456053,30.57464835934775,18.825894720946085,12.981127300098825,,48.60310887881751,46.397499999999994,44.19189112118248,1500464.6,1107906.1,1.699097732795562,48.34478410126789
2026-01-15,1524,30.15,31.15,29.75,30.9,4184149.0,128216983.0,30.04,29.355,28.8525,29.63416666666667,29.0375,31.490416666666665,66.66666666666661,69.76744186046508,0.34666819986216524,0.05716288030415137,0.28950531955801384,31.4446810849678,14.715332986884999,19.68314019591466,,30.92118251996764,28.8525,26.783817480032358,2126331.6,1545712.75,1.9677782148372343,30.643503135285098
2026-01-15,1525,63.5,63.7,62.8,62.8,13254.0,839433.0,63.3,63.32000000000001,63.61,63.86,65.47666666666666,,29.166666666666714,39.062499999999964,-0.3560661571982706,-0.30681906992053015,-0.049247087277740464,20.03026248284052,14.997684764615224,17.235181346516967,,64.5228324916945,63.61,62.69716750830549,17603.8,16422.8,0.7529056226496552,63.334314169307376
2026-01-15,1526,17.0,17.5,16.95,17.0,225545.0,3852479.0,16.83,16.775,16.764999999999997,17.240000000000002,17.61875,19.736041666666665,72.22222222222219,61.53846153846156,-0.05389335098758252,-0.09634713647085366,0.04245378548327114,34.4261610830397,11.023274707217293,21.20005191522484,,16.97551315748722,16.764999999999997,16.554486842512773,126509.6,67468.3,1.7828291291728058,17.080755503336363
2026-01-15,1527,33.6,33.8,33.1,33.1,368167.0,12302413.0,33.050000000000004,32.82,32.7725,33.090833333333336,33.35583333333334,36.155416666666675,61.76470588235283,57.407407407407355,-0.03468500168759192,-0.11391577196911443,0.0792307702815225,24.48486764849171,16.056636276772483,11.328304877556189,,33.25205571544078,32.7725,32.29294428455922,312920.4,187680.65,1.1765516086519128,33.41530609750467
2026-01-15,1528,23.65,26.0,23.35,25.8,12943209.0,322590391.0,23.32,22.595,20.68,16.7775,16.688750000000002,15.484166666666669,80.95238095238096,77.25631768953069,2.036909684452496,1.7858689202546838,0.2510407641978123,46.69197446210232,16.31335856119135,45.04435421676041,,26.904856793956185,20.68,14.455143206043816,6516854.2,16439908.45,1.9861130236732931,24.923524838392087
2026-01-15,1529,21.65,21.65,20.95,21.2,1453513.0,30865891.0,20.7,19.794999999999998,19.357499999999998,19.633333333333333,22.083333333333332,23.872708333333332,76.31578947368418,71.15384615384612,0.39953100679711895,0.08218648522865986,0.3173445215684591,34.18448913383243,8.044650407429133,28.685760717281884,,21.191183379660902,19.357499999999998,17.523816620339094,2563827.2,940899.7,0.5669309538489957,21.23537319583657
2026-01-15,1530,29.1,29.3,28.2,29.0,116581.0,3372093.0,27.78,27.484999999999996,27.410000000000004,27.045,27.535,29.120833333333334,82.4561403508772,71.79487179487177,0.23367041462660154,0.10248781282651026,0.13118260180009128,41.11033610712532,8.732769074947187,28.88642675868679,,28.34785870330669,27.410000000000004,26.472141296693316,57918.8,29214.5,2.0128352106742544,28.924893421741107
2026-01-15,1531,12.2,12.2,11.95,12.1,37420.0,451591.0,11.989999999999998,12.005,11.98,11.804166666666667,11.862083333333333,12.373124999999998,50.0,58.06451612903227,0.05959408888165818,0.06109542399643061,-0.0015013351147724271,23.505304683896643,25.27625454035659,14.216436857966857,,12.21260538075926,11.98,11.74739461924074,48815.0,59010.4,0.7665676533852299,12.068172100481027
2026-01-15,1532,25.55,25.7,25.05,25.15,1077353.0,27185193.0,25.360000000000003,25.625,26.21,26.59916666666667,26.245416666666667,27.085833333333333,22.58064516129035,20.370370370370367,-0.4468751238979003,-0.34273278231829685,-0.10414234157960345,16.47967407272792,29.001000026761474,23.451367257641593,,27.56631078568544,26.21,24.85368921431456,771614.2,592786.6,1.3962327287393106,25.233319998180725
2026-01-15,1533,32.05,32.3,31.8,32.25,105148.0,3365030.0,31.889999999999997,32.67,32.5925,32.255,31.676666666666666,32.26916666666667,25.287356321839113,48.33333333333335,-0.030188823853549707,0.10252613342727951,-0.13271495728082922,22.548662090310458,23.844957128707993,11.47480010213555,,34.222248123905125,32.5925,30.962751876094874,127102.2,185578.75,0.8272712824797682,32.00279605888842
2026-01-15,1535,54.0,54.0,53.6,53.7,21515.0,1155304.0,53.339999999999996,53.13000000000001,52.995000000000005,53.995,54.82416666666666,56.086041666666674,89.99999999999993,64.70588235294116,-0.08660746589122681,-0.23656932292993932,0.1499618570387125,29.669055711840546,12.331897419291522,19.35378160748498,,53.59491227428917,52.995000000000005,52.39508772571084,37734.4,34684.2,0.5701693945047489,53.69760632117128
2026-01-15,1536,59.0,59.4,57.1,59.4,5051681.0,295863595.0,55.96,56.04,56.779999999999994,58.075,60.83083333333333,62.22229166666667,73.33333333333333,57.52212389380529,-0.44263038417987133,-0.6875967747577233,0.24496639057785197,33.05081700958134,20.257778053281193,18.297087430782643,,59.99024675228377,56.779999999999994,53.56975324771622,3205247.4,1934614.35,1.5760658600019457,58.56735510417226
2026-01-15,1537,124.0,124.0,123.0,124.0,41952.0,5182416.0,123.2,123.45,124.325,123.7,128.32916666666668,136.64166666666668,50.0,42.857142857142854,-0.30356866925487225,-0.19255744519565152,-0.11101122405922073,9.458930577220961,15.604717228643436,22.946065052700277,,126.60246396354101,124.325,122.047536036459,62919.2,55814.35,0.6667599079454285,123.53203661327231
2026-01-15,1538,26.45,26.55,26.45,26.45,13275.0,351875.0,,,,,,,55.55555555555564,50.0,0.09734769331911153,0.0611924743628186,0.03615521895629293,10.517360173212742,13.57765932316091,18.510578787380954,,,,,11211.6,9362.55,1.1840415284169967,26.506591337099813
2026-01-15,1539,17.7,17.85,17.45,17.85,172747.0,3042444.0,17.31,17.220000000000002,17.200000000000003,17.166666666666668,17.717916666666667,19.105416666666667,94.44444444444439,72.72727272727265,0.06289434215677403,0.008574028402300931,0.0543203137544731,37.96114720227362,14.984306855958407,22.25071781537863,,17.619272552981343,17.200000000000003,16.780727447018663,93458.6,64234.05,1.8483799243729309,17.612137982135724
2026-01-15,1540,25.65,26.4,24.65,26.2,3852526.0,98334625.0,24.080000000000002,23.5,23.2475,22.766666666666666,24.255,27.893541666666668,94.59459459459461,78.50467289719624,0.4672843912534219,0.1888910002310684,0.2783933910223535,45.650999793528314,11.721568025430496,19.910510441336754,,25.041488499642135,23.2475,21.453511500357862,1592933.6,573349.35,2.418510099856014,25.524714174544183
2026-01-15,1541,23.05,23.4,23.05,23.2,49959.0,1161883.0,22.859999999999996,22.939999999999998,23.19,23.927500000000002,,,54.8387096774193,48.07692307692306,-0.269844260990066,-0.28514739207434925,0.015303131084283272,29.978695182360877,21.567787930094706,8.206547949848318,,23.84902639512674,23.19,22.530973604873264,46732.8,27174.55,1.0690350246507805,23.256730519025602
2026-01-15,1558,101.5,102.5,101.5,102.0,22078.0,2249442.0,102.3,102.85,102.55,98.62833333333333,96.49166666666666,99.51041666666667,16.666666666666657,43.99999999999999,0.6768794372942892,1.0384611249095002,-0.3615816876152109,25.194234006886052,16.232633649688168,34.950834706051694,,104.65012530954655,102.55,100.44987469045344,60202.8,94737.55,0.36672712897074555,101.88613099012592
2026-01-15,1560,421.0,430.0,414.0,430.0,3015851.0,1277850785.0,420.2,419.8,397.3,347.15,337.84583333333336,306.75208333333336,62.12121212121212,76.57657657657657,20.583654772492366,20.058600643770134,0.5250541287222319,32.0137876732259,9.316214172763454,57.17926892108788,,448.16763007526055,397.3,346.4323699247395,2639157.4,3357624.5,1.1427325251612503,423.7115112782429
2026-01-15,1563,47.2,48.35,46.95,48.0,535203.0,25592825.0,47.19,47.61,46.372499999999995,44.33083333333333,47.05499999999999,53.16291666666667,46.052631578947405,59.509202453987726,1.2157253783722126,1.2882575966697851,-0.0725322182975725,33.19562120584785,19.848641705909394,31.088120690447152,,51.92857538503711,46.372499999999995,40.816424614962884,667293.4,762261.9,0.8020504923321585,47.818911702662355
2026-01-15,1565,118.5,119.0,117.5,119.0,100000.0,11818500.0,116.9,116.1,116.4,123.675,135.43333333333334,153.97083333333333,68.75,54.83870967741936,-1.3872412218377264,-2.1660707280132754,0.778829506175549,21.81508350313421,26.18661001021439,31.506508997233976,,119.02778674134204,116.4,113.77221325865797,158800.0,148450.0,0.6297229219143576,118.185
2026-01-15,1568,23.3,23.55,23.1,23.45,220993.0,5174098.0,23.38,22.859999999999996,22.535,22.105,22.68791666666667,23.92375,76.31578947368413,68.49315068493146,0.38011754770479556,0.2734476871204814,0.10666986058431416,35.770490133467156,15.865406266610737,30.616899659633408,,23.681665646674787,22.535,21.388334353325213,404692.6,163629.35,0.5460762069778395,23.412949731439458
2026-01-15,1569,50.6,50.9,49.95,50.9,427000.0,21494250.0,50.52,52.05,53.295,57.41833333333333,57.83375,57.87666666666667,26.315789473684177,31.1111111111111,-1.4927853307254964,-1.2410073802616173,-0.2517779504638791,15.047314890968922,28.061655579268034,16.96134772939453,,57.20960154589987,53.295,49.38039845410013,882200.0,713450.0,0.48401722965313987,50.337822014051525
2026-01-15,1570,30.7,30.7,29.7,30.1,84000.0,2534900.0,30.23,30.820000000000004,31.3825,31.1875,,,12.500000000000142,23.07692307692308,-0.26564555953915203,-0.03914924826973362,-0.2264963112694184,17.69809225031321,33.37006112616333,25.62624519826365,,32.914706870738115,31.3825,29.85029312926189,110400.0,142650.0,0.7608695652173914,30.177380952380954
2026-01-15,1580,133.0,133.5,132.5,133.0,45000.0,5982000.0,133.1,133.25,134.075,135.59166666666667,137.71666666666667,141.36041666666668,50.0,33.33333333333333,-0.806696088548307,-0.7889622599122679,-0.017733828636039117,12.62861074711103,30.879623976675845,34.33630968644016,,136.08222379630152,134.075,132.06777620369846,47600.0,30450.0,0.9453781512605042,132.93333333333334
2026-01-15,1582,66.1,66.1,64.6,65.4,552763.0,36016432.0,64.14,64.47999999999999,65.22999999999999,66.67166666666667,67.70916666666666,76.01125,54.3478260869566,47.25274725274724,-0.5301368986837787,-0.5453532700364407,0.015216371352662073,25.419155692711453,21.834274980605375,12.97146995866526,,67.59918817985506,65.22999999999999,62.86081182014492,728485.2,490130.9,0.7587841180575804,65.15709626006083
2026-01-15,1583,46.1,47.1,46.1,46.55,54169.0,2532863.0,45.42999999999999,44.87,45.125,,,,98.07692307692318,57.42574257425743,-0.044318864182422146,-0.24525207528175663,0.20093321109933449,30.347274755459257,20.96300788889532,19.688376899567555,,46.64970877288076,45.125,43.60029122711924,24650.0,12323.75,2.197525354969574,46.758533478557844
2026-01-15,1584,23.5,23.9,23.45,23.8,1018000.0,24109850.0,23.47,23.065,22.802500000000002,22.4825,23.66208333333333,25.316041666666667,69.44444444444441,65.59139784946234,0.3498532034045567,0.24673339104045416,0.10311981236410256,28.215792941343707,10.635558827636354,25.492678329091042,,23.99919501017258,22.802500000000002,21.605804989827423,1154200.0,809400.0,0.8819961878357304,23.683546168958742
2026-01-15,1586,27.4,28.0,27.1,27.85,783000.0,21596750.0,28.22,27.21,26.49,26.474999999999998,27.0175,27.64104166666667,58.49056603773587,60.606060606060616,0.408251367254131,0.1630883743292768,0.24516299292485422,32.44614937729328,21.440849539805104,20.476725493926338,,29.634016874201386,26.49,23.34598312579861,2643200.0,1191150.0,0.2962318401937046,27.58205619412516
2026-01-15,1587,50.9,50.9,49.2,49.2,987555.0,48819224.0,50.86,50.975,51.6875,45.5275,40.73833333333334,36.19770833333334,40.57971014492757,40.11627906976746,1.0679007809961831,1.6527916353600867,-0.5848908543639035,26.066709761591877,17.13353544193976,31.965212463298325,,55.739513794334215,51.6875,47.635486205665785,1719116.6,2982009.35,0.5744549264430348,49.43443555042504
2026-01-15,1589,17.8,18.4,17.15,17.75,5690449.0,101009691.0,17.06,16.915,16.9225,17.85,20.01125,25.453333333333333,61.90476190476191,57.89473684210526,-0.097615341688563,-0.251205376204907,0.153590034516344,30.280864518420596,16.3590169462912,13.293838900899697,,17.747424238945552,16.9225,16.097575761054447,2914030.2,1357109.35,1.952776261550069,17.750741813167995
2026-01-15,1590,1000.0,1020.0,991.0,1015.0,542278.0,545562687.0,995.4,982.7,957.8,934.3166666666667,870.6916666666667,885.25,68.42105263157895,67.93478260869566,20.76731875952794,15.97738434353556,4.789934415992379,34.25042276806587,15.357385603628032,22.79992117806695,,1017.6967532728831,957.8,897.9032467271168,635125.4,459148.05,0.8538124912025247,1006.0572012879003
2026-01-15,1591,51.5,51.5,50.1,50.5,143000.0,7236300.0,50.68,50.8,50.2425,49.649166666666666,50.160833333333336,49.294374999999995,63.15789473684217,56.04395604395606,0.3815087696334629,0.38708769272334687,-0.005578923089883947,25.849881503936345,11.759191777069757,29.077058757719577,,51.93746933678308,50.2425,48.54753066321692,225600.0,236800.0,0.6338652482269503,50.6034965034965
2026-01-15,1593,31.4,31.65,31.2,31.6,109000.0,3422900.0,30.490000000000002,29.825,29.502500000000005,28.404166666666665,,,81.03448275862068,75.51020408163262,0.5477164199447664,0.35991213398573446,0.18780428595903192,54.09042947539429,14.109802654643207,36.06985460034217,,30.990867173148526,29.502500000000005,28.014132826851483,52600.0,34350.0,2.0722433460076046,31.402752293577983
2026-01-15,1595,41.6,41.6,40.65,41.0,219000.0,8962450.0,40.25,40.29,39.535000000000004,37.185833333333335,37.544999999999995,37.75916666666667,68.29268292682923,61.40845070422533,0.8767813740987762,0.9136022144693152,-0.03682084037053901,39.90629973883368,16.914151974515597,29.244536762266723,,44.35416131598404,39.535000000000004,34.71583868401597,256000.0,512450.0,0.85546875,40.92442922374429
2026-01-15,1597,78.1,79.1,77.1,78.6,572101.0,44665888.0,75.66,74.38000000000001,73.295,73.65666666666668,78.71083333333333,83.30708333333334,78.16091954022974,68.94409937888192,0.9040739366963351,0.22080865459647522,0.6832652820998598,33.98131977119973,11.65661669401689,21.256802018558233,,77.3749767801219,73.295,69.2150232198781,528299.8,284075.7,1.0829097417791942,78.07343108996488
2026-01-15,1598,22.15,22.15,21.8,21.9,256264.0,5632600.0,21.1,20.65,20.7425,21.895,21.862916666666663,23.486458333333335,73.07692307692305,59.803921568627466,-0.08748784203761417,-0.3338390845381726,0.24635124250055845,31.56651835007413,18.877472372147025,33.45592544423042,,22.15010154349935,20.7425,19.33489845650065,724896.0,309397.8,0.35351829779720123,21.979677207879373
2026-01-15,1599,27.5,27.85,27.4,27.5,40000.0,1099450.0,27.860000000000003,28.294999999999998,27.672499999999996,27.359166666666667,29.18791666666667,29.313541666666666,14.9999999999999,58.04597701149425,0.29898347713762874,0.3958849257275283,-0.09690144858989957,27.25568515388499,19.317191185729886,25.828228930667613,,30.859063071794623,27.672499999999996,24.48593692820537,26600.0,53250.0,1.5037593984962405,27.48625
2026-01-15,1603,39.8,39.8,39.05,39.5,448140.0,17641986.0,39.010000000000005,38.1,37.7075,37.916666666666664,38.62375,37.64875,84.90566037735854,71.81818181818184,0.36844572314202395,0.09235932470299245,0.2760863984390315,29.689188750583924,10.956650010772515,20.168309616557185,,39.37334102356424,37.7075,36.04165897643577,712474.4,424700.4,0.6289910205896521,39.36713080733699
2026-01-15,1604,23.95,24.1,23.9,24.1,260207.0,6248117.0,23.96,23.994999999999997,24.2475,24.526666666666664,24.66916666666667,25.657708333333336,70.00000000000028,34.61538461538473,-0.17743272194756088,-0.15681020809480548,-0.020622513852755403,10.209608129857237,25.428159392099726,47.37151760636098,,24.803306668394942,24.2475,23.691693331605055,207959.6,273934.5,1.2512382212699005,24.012101903484535
2026-01-15,1605,41.0,44.8,40.5,44.3,364482486.0,15591274625.0,40.769999999999996,38.434999999999995,34.78,31.686666666666667,27.76875,25.580625,73.36683417085428,79.62529274004683,3.0204704115442453,2.053481602396764,0.9669888091474812,43.759033851455136,11.009810291707717,38.90852973028835,,43.89357576135168,34.78,25.666424238648325,242537495.4,150878194.3,1.5027881994034973,42.77647136383941
2026-01-15,1608,39.1,39.35,38.55,39.1,10589329.0,413626229.0,38.269999999999996,38.345000000000006,37.945,36.205000000000005,32.84291666666666,29.495625,40.00000000000003,58.50622406639006,0.595377700778009,0.6303836478471944,-0.03500594706918536,31.417960760477833,17.272166808471095,34.62611903128893,,40.038574128513154,37.945,35.851425871486846,8107891.4,10624365.3,1.3060521506245137,39.0606646559003
2026-01-15,1609,39.9,40.2,39.55,40.1,4546732.0,181527619.0,39.5,39.07,38.5525,39.34,39.67458333333333,39.251875,58.108108108108105,63.12500000000002,0.24048333522572563,0.001125475182982193,0.23935786004274343,37.011518155393475,15.866849260235908,15.885093118692524,,40.28864060793675,38.5525,36.816359392063255,8773816.6,5487274.0,0.5182159836803518,39.92485569855448
2026-01-15,1611,14.0,14.0,13.6,13.75,1226058.0,16851260.0,13.460000000000003,13.225,13.067499999999999,12.664166666666667,12.850833333333334,13.444583333333332,69.99999999999997,68.51851851851853,0.2592455815916015,0.18159791883820875,0.07764766275339274,40.3363282405865,15.968878306918235,33.59896407447288,,13.730249456511382,13.067499999999999,12.404750543488616,1424694.8,1485860.45,0.860575893166733,13.744260059475163
2026-01-15,1612,35.25,35.35,35.0,35.2,817458.0,28740484.0,34.67,34.465,34.46,35.72916666666667,36.47,35.257916666666674,71.42857142857143,60.0,-0.08430874799432075,-0.22701728004030206,0.1427085320459813,25.98365773262355,18.423578273945946,11.17316801796743,,35.14564222679106,34.46,33.77435777320894,786911.8,678543.5,1.0388178192270086,35.1583616528311
2026-01-15,1614,34.05,34.35,34.05,34.05,26307.0,897975.0,34.03,34.07,34.12,34.36,35.8375,37.41479166666667,46.15384615384582,44.9999999999999,-0.08202784439387756,-0.0845184346391358,0.002490590245258245,12.756556961786863,9.646120389535744,12.921511667261926,,34.321049875983164,34.12,33.91895012401683,43717.2,41277.8,0.6017540007136779,34.13445090660281
2026-01-15,1615,49.1,49.2,48.9,48.95,83912.0,4114372.0,48.58,48.975,49.035,48.09916666666666,49.03041666666666,51.70270833333334,38.88888888888901,51.960784313725526,0.028859992102425736,0.1482814374912735,-0.11942144538884777,26.098984096659056,20.87042822376879,15.905125995478926,,50.26835229952343,49.035,47.801647700476565,125798.8,115117.7,0.6670333898256581,49.03198588997998
2026-01-15,1616,28.6,28.6,28.15,28.5,607864.0,17292450.0,28.130000000000003,28.135,28.275,30.1,33.36208333333333,30.032083333333333,61.01694915254234,51.53846153846153,-0.3272489444545883,-0.4456282206721193,0.11837927621753103,22.72510093838566,23.700276106617363,14.12658701683103,,29.366835730849324,28.275,27.183164269150673,993309.6,1044273.3,0.6119582454453274,28.44789294973876
2026-01-15,1617,14.65,16.15,14.6,16.15,2435111.0,38851336.0,14.86,14.695000000000002,14.584999999999999,14.736666666666666,15.086250000000001,16.01875,89.74358974358977,81.3559322033898,0.13165581408515692,0.013917370097192721,0.1177384439879642,45.18931654813637,12.599544302130791,14.203038500902858,,15.398116163126527,14.584999999999999,13.77188383687347,596124.0,272030.7,4.084906831464594,15.954646831294344
2026-01-15,1618,43.0,43.0,42.4,42.8,725828.0,31029174.0,41.96,42.07,42.07,42.5625,45.010416666666664,45.434375,49.438202247190965,55.42857142857141,-0.03038700178643694,-0.08491164745514619,0.05452464566870925,21.4022245344659,18.74958101128336,9.894595921829266,,43.779539796491655,42.07,40.360460203508346,840620.4,832357.3,0.8634432378752644,42.750037198895605
2026-01-15,1626,11.1,11.15,10.95,11.1,74580.0,823608.0,11.12,11.05,11.205,11.8125,11.88,12.217708333333333,64.28571428571425,41.66666666666661,-0.189163659806038,-0.22304021087430034,0.033876551068262345,21.200500454123137,26.96060165685491,30.698579587542323,,11.66828347579715,11.205,10.74171652420285,135702.4,86401.85,0.5495849741787913,11.043282381335478
2026-01-15,1702,38.3,38.35,38.1,38.15,342189.0,13061765.0,38.59,38.67,38.9225,38.57833333333334,39.17541666666667,42.58020833333333,33.33333333333319,39.43661971830989,-0.019713063161518107,0.0851933127430312,-0.1049063759045493,23.17114090183273,26.824290818359913,14.668785502778135,,39.748699287801244,38.9225,38.096300712198754,385120.2,324433.4,0.8885251929137967,38.171200710718345
2026-01-15,1707,123.0,124.0,122.5,123.5,96929.0,11942301.0,123.6,125.05,125.95,126.49166666666666,127.50833333333334,132.03333333333333,18.181818181818187,33.33333333333333,-1.0074033500712147,-0.6277834810389753,-0.37961986903223943,8.523444959794716,27.838418254530335,31.200918693146235,,129.07713085246067,125.95,122.82286914753934,149767.8,99093.1,0.6471951914897596,123.20668736910523
2026-01-15,1708,32.9,33.2,32.7,33.05,885583.0,29224859.0,32.61,32.525,32.665,31.9875,31.595833333333335,33.258125,59.999999999999936,49.39759036144573,0.08027666259165755,0.08928331907679077,-0.009006656485133213,29.006816148177883,21.62586518313308,15.40752713382804,,33.47096460676994,32.665,31.85903539323006,982647.8,828804.6,0.901221169985828,33.00070010377345
2026-01-15,1709,17.05,17.2,16.9,17.15,512258.0,8728692.0,16.98,16.854999999999997,16.78,16.753333333333334,16.9575,17.875833333333333,100.0,77.77777777777783,0.0762533712346034,0.031966522501594416,0.04428684873300899,22.649494729483667,11.27002572282082,27.561020845279497,,17.08504529430613,16.78,16.47495470569387,348137.4,306255.9,1.4714247880290943,17.039640181314883
2026-01-15,1710,12.8,13.2,12.75,13.05,3204640.0,41708360.0,12.77,12.59,12.3575,12.230833333333331,12.302916666666667,13.018541666666668,58.823529411764724,70.58823529411772,0.17662360675935318,0.09988094012661337,0.0767426666327398,31.743490956480265,14.656590275393167,18.96274415021416,,13.059583365870212,12.3575,11.655416634129788,1911858.4,1714668.25,1.676191081933683,13.01499076339308
2026-01-15,1711,25.0,25.25,22.5,23.95,72809361.0,1722866647.0,22.65,21.865000000000002,20.435,19.116666666666667,18.815833333333334,18.504583333333336,64.10256410256409,74.48979591836732,1.2097171428341724,0.8186583390781833,0.3910588037559891,40.18321286124541,10.964134033009449,36.39648777573941,,24.024179645311214,20.435,16.845820354688783,28423322.4,15084540.9,2.5616062744304657,23.662707972399318
2026-01-15,1712,45.1,45.9,45.1,45.9,666090.0,30409379.0,45.230000000000004,44.83,44.489999999999995,43.43,43.03541666666667,42.93395833333334,88.23529411764692,75.71428571428568,0.5184757820698493,0.415949732912635,0.10252604915721436,27.319727663114985,6.466836687472273,46.082863320478666,,45.5406138556505,44.489999999999995,43.43938614434949,575869.0,481781.5,1.1566693119442095,45.65355882838656
2026-01-15,1713,52.8,53.0,52.1,52.1,2827148.0,148985742.0,50.86,49.25,46.7,45.07833333333333,47.58291666666666,50.64416666666667,52.631578947368425,69.81132075471697,2.032860017170215,1.3132677354256226,0.7195922817445923,45.442243647952516,9.078193761476186,48.645877290872654,,53.389583418703054,46.7,40.01041658129695,2830865.8,1367226.7,0.9986866915415066,52.69824643067855
2026-01-15,1714,9.16,9.24,9.08,9.18,5610560.0,51415264.0,9.03,8.636999999999999,8.4445,8.331333333333333,8.116916666666667,8.126,93.22033898305084,78.04878048780489,0.2090072145272721,0.10065223563808509,0.10835497888918702,47.931503599084074,11.634056959602253,32.911858423213744,,9.252212168639565,8.4445,7.636787831360435,13779613.0,5326790.4,0.40716382963730546,9.164016426167798
2026-01-15,1717,60.1,67.1,59.2,67.1,112612359.0,7203002060.0,58.61999999999999,53.935,47.135000000000005,42.201666666666675,40.23374999999999,33.90416666666667,78.49999999999999,86.82385575589458,5.532576079324109,3.375699919128256,2.1568761601958526,56.97651040706925,7.4709679815880055,47.8911642659513,,64.43739107297318,47.135000000000005,29.83260892702682,98241284.2,47498301.0,1.1462834582937995,63.962802342147896
2026-01-15,1718,7.24,7.38,7.17,7.32,8273052.0,60231987.0,7.081999999999999,6.973000000000001,6.944,6.802333333333333,6.673416666666667,6.6927916666666665,77.58620689655174,68.14159292035399,0.0705324774238898,0.03258284784718401,0.037949629576705786,31.9521648863841,16.803070164026675,14.616408725131794,,7.237824150775314,6.944,6.650175849224686,5736306.2,3947429.45,1.4422263581396684,7.280503857584843
2026-01-15,1720,60.9,61.4,60.7,60.9,300293.0,18327562.0,60.220000000000006,59.90999999999999,59.75500000000001,59.98833333333334,57.99916666666666,58.61333333333333,80.95238095238096,59.574468085106346,-0.09806422411451621,-0.2622540590278911,0.1641898349133749,28.628557707449033,16.273369433396866,20.494491334724014,,60.786044437248684,59.75500000000001,58.723955562751335,263546.4,234893.45,1.139431234879323,61.0322651543659
2026-01-15,1721,18.3,18.75,17.1,18.75,15478642.0,278462595.0,16.4,16.3,14.9425,12.643333333333333,12.739583333333334,12.915416666666665,80.89887640449439,72.38805970149252,1.2990334395679177,1.1244399703731824,0.17459346919473528,39.7953089054982,18.286512130427056,27.988310561549575,,19.158918410277305,14.9425,10.726081589722696,5583345.6,5672174.65,2.7722879987941282,17.990117931534304
2026-01-15,1722,46.7,47.2,46.7,47.15,1730878.0,81361975.0,46.56,46.769999999999996,46.995,47.431666666666665,49.3475,50.9175,71.4285714285715,47.88732394366199,-0.20342202558326505,-0.1952377114427437,-0.008184314140521343,27.380825556979033,20.91180364450314,15.578113821103946,,47.91775331709694,46.995,46.07224668290306,2284597.6,3133818.25,0.757629264777307,47.006187033401545
2026-01-15,1723,71.6,71.8,71.1,71.8,296026.0,21133608.0,70.58000000000001,69.22999999999999,68.72,73.98833333333332,78.7675,85.84833333333333,87.09677419354824,64.86486486486484,-0.2974630683623616,-1.0378465342134682,0.7403834658511066,25.94973939742206,21.64679712019465,31.939481952120406,,71.53395021091269,68.72,65.9060497890873,456896.6,486118.6,0.6479058938061697,71.39105348854493
2026-01-15,1725,30.5,30.8,29.2,29.65,478650.0,14364291.0,28.85,29.175,27.805,26.613333333333333,27.503333333333334,29.569583333333338,44.961240310077514,60.24590163934426,0.8533340334174291,0.7165624733731487,0.13677156004428037,41.30104642914498,14.929521358843973,33.443923921541376,,31.24988942607738,27.805,24.36011057392262,248753.4,243915.55,1.92419480497553,30.010009401441554
2026-01-15,1726,76.1,76.3,76.0,76.3,4265.0,324763.0,76.03999999999999,75.98,76.01,,,,71.42857142857113,62.49999999999985,0.050660353571601036,0.0447016495902277,0.0059587039813733325,18.790726400689728,16.712432179783438,8.51777540649145,,76.48195004195993,76.01,75.53804995804008,15802.6,13521.2,0.26989229620442207,76.14607268464243
2026-01-15,1727,47.5,48.6,46.7,47.45,7988473.0,378560742.0,47.220000000000006,47.69500000000001,45.1825,40.17,38.12583333333334,31.993333333333332,27.363184079601993,57.45721271393645,2.1514515245753074,2.14747749706762,0.003974027507687605,31.963360227016246,13.074462104617087,49.19867390775935,,52.20968593074516,45.1825,38.155314069254835,12722754.8,13800011.05,0.6278886236178975,47.38837347262737
2026-01-15,1730,52.8,52.8,52.5,52.8,34759.0,1829594.0,52.54,52.61999999999999,52.765,52.74666666666666,52.78666666666667,53.84791666666667,50.0,46.6666666666666,-0.08683686372712884,-0.061980412441963034,-0.02485645128516581,30.893033509437913,18.24817560590261,11.96564874400054,,53.13930637605993,52.765,52.390693623940074,30041.2,28198.8,1.1570443257925782,52.63655456140856
2026-01-15,1731,21.95,21.95,21.85,21.85,53884.0,1179028.0,21.86,21.845000000000002,21.79,21.84083333333333,21.823333333333334,22.288749999999997,42.857142857143,61.53846153846192,0.014743930822429974,0.0024055337124172143,0.01233839711001276,19.9835049060254,10.134904718813182,18.714294690381728,,21.92611140947629,21.79,21.653888590523707,108712.2,81146.45,0.49565734112638693,21.880855170365972
2026-01-15,1732,28.05,28.25,27.85,27.95,84095.0,2354571.0,27.96,27.825,28.1125,28.549166666666668,28.68125,27.75979166666667,56.52173913043469,42.18750000000002,-0.21167542073246892,-0.2305584676309562,0.01888304689848727,17.39176364165643,17.835698356442524,17.48405988296883,,28.877438938051622,28.1125,27.34756106194838,155552.0,156887.1,0.5406230713844888,27.998941673107794
2026-01-15,1733,29.5,29.9,29.45,29.75,138911.0,4119655.0,29.72,29.895,30.4175,31.388333333333335,31.467916666666664,31.004375,43.33333333333337,37.34939759036147,-0.39591638401865836,-0.34454060808391085,-0.051375775934747514,15.462339398976136,25.042803004963694,16.767663920691675,,31.644080612923318,30.4175,29.190919387076683,196576.2,169375.45,0.7066521786462451,29.656794638293583
2026-01-15,1734,30.95,31.15,30.75,30.85,226524.0,7002113.0,30.670000000000005,30.484999999999996,30.4875,30.90916666666667,31.166666666666668,31.490000000000002,87.49999999999989,64.28571428571428,-0.022678772805061698,-0.09358798507575422,0.07090921227069252,22.279368902479497,14.379740044064176,18.828104151709127,,30.82758512866428,30.4875,30.147414871335723,184346.6,140839.05,1.2287940216960878,30.91113082940439
2026-01-15,1735,19.15,19.15,18.15,18.55,649073.0,12118335.0,17.740000000000002,17.735,17.675,15.672500000000001,15.495000000000001,16.452916666666667,60.4651162790698,48.09160305343511,0.6198556872257939,0.6810274065886154,-0.06117171936282151,34.90647847504207,15.117146255737685,33.78044143269679,,20.44067304076615,17.675,14.909326959233852,298592.8,592187.7,2.173773111742815,18.67021891220248
2026-01-15,1736,156.5,156.5,153.0,156.0,430834.0,66701779.0,152.8,150.0,148.425,153.0,154.81666666666666,163.0375,88.0,68.75,-0.08344816498060936,-1.290192223559562,1.2067440585789526,20.80620144820474,14.947140213731732,13.738399330929555,,155.49066940994197,148.425,141.35933059005805,1106624.0,685944.3,0.38932284136255857,154.82013722222482
2026-01-15,1737,31.6,31.75,31.6,31.75,100042.0,3164323.0,31.610000000000003,31.560000000000002,31.595,31.701666666666664,32.06416666666667,32.24458333333333,83.33333333333314,63.6363636363637,-0.01081007960139857,-0.033197009914807105,0.022386930313408535,21.400680147443722,13.227842770097507,12.632476335238874,,31.807503869931676,31.595,31.382496130068322,87427.2,98813.9,1.1442891914644413,31.629945422922372
2026-01-15,1742,15.35,15.65,15.3,15.6,125000.0,1929150.0,15.77,16.009999999999998,14.7375,14.047499999999998,,,14.28571428571422,71.71717171717171,0.6179171220927522,0.5627913738593516,0.05512574823340055,37.159756996538,27.390125598497733,23.164142501555038,,17.491038393451348,14.7375,11.983961606548654,108600.0,125500.0,1.1510128913443831,15.4332
2026-01-15,1752,36.6,36.8,36.45,36.6,104236.0,3813264.0,36.74,37.025,37.24249999999999,37.99333333333333,37.34791666666667,37.77125,0.0,27.083333333333286,-0.3085093570318733,-0.24429386888948906,-0.06421548814238426,14.75552314368217,26.914029754732105,17.592306990303335,,37.970348306927114,37.24249999999999,36.51465169307287,92154.4,57746.85,1.1311017162501193,36.58298476534019
2026-01-15,1760,64.8,66.0,64.4,65.9,179500.0,11780706.0,64.42,63.82000000000001,63.709999999999994,65.165,67.63166666666667,71.74166666666666,82.35294117647071,65.82278481012666,-0.17494471345010254,-0.49250597423139564,0.3175612607812931,29.04365922822833,24.330403716234265,14.92381213321412,,65.23577848982104,63.709999999999994,62.18422151017894,140098.0,104281.75,1.2812459849533897,65.63067409470752
2026-01-15,1762,25.3,25.3,24.9,25.0,63435.0,1588460.0,24.95,24.865000000000002,24.79,25.016666666666666,26.06875,28.001250000000002,53.84615384615389,62.49999999999994,0.011460873073751543,-0.034460426554565764,0.04592129962831731,25.10235096084375,13.94840810502633,27.638710838558083,,25.13274434234094,24.79,24.44725565765906,70761.6,65471.45,0.8964607922941256,25.040750374398993
2026-01-15,1773,161.0,161.0,156.0,157.0,1424738.0,224347048.0,161.2,159.15,147.9,142.15,140.025,139.775,14.705882352941188,69.3069306930693,6.329174962432546,5.134070876867621,1.1951040855649255,34.44251589477348,20.02075734346661,28.999568205957274,,173.1223793693739,147.9,122.67762063062611,2239112.8,1626857.2,0.6362957685740531,157.46547645953152
2026-01-15,1776,15.45,15.7,15.25,15.55,51554.0,798613.0,15.4,15.440000000000001,15.367500000000001,15.181666666666667,15.338333333333333,16.605833333333333,63.6363636363637,46.875,0.08122744734954246,0.08865554954559139,-0.007428102196048933,30.57450227086968,18.843549160585127,21.569009793991487,,16.034208332030655,15.367500000000001,14.70079166796935,50522.6,67598.5,1.0204146263256444,15.490805757070257
2026-01-15,1777,71.9,72.5,71.9,72.3,50000.0,3617700.0,72.34,72.46000000000001,73.19500000000001,75.5,75.60083333333334,83.51333333333334,58.8235294117646,31.818181818181685,-0.8792578551314136,-0.8914417614940929,0.012183906362679298,14.236247657912221,27.87907122349327,36.12960031791146,,74.85755985250792,73.19500000000001,71.5324401474921,42000.0,26150.0,1.1904761904761905,72.354
2026-01-15,1781,12.65,12.65,12.2,12.25,85000.0,1042700.0,12.059999999999999,11.52,11.36,11.6,12.558333333333334,13.797916666666667,85.29411764705874,74.9999999999999,0.1713309699656218,0.0025033620611680223,0.16882760790445378,53.681438997913325,10.690547156599587,30.48652753055171,,12.340118145402288,11.36,10.379881854597711,228400.0,95750.0,0.37215411558669004,12.267058823529412
2026-01-15,1783,45.8,46.45,45.3,46.45,152994.0,7046562.0,45.58,44.66,43.655,43.25416666666667,43.70041666666667,44.37749999999999,100.0,78.90625000000006,0.7448891872748931,0.39591880567606047,0.3489703815988326,34.07640802768301,12.11024278520845,22.22980421997667,,46.36228063212011,43.655,40.94771936787989,160044.6,99290.75,0.9559460300441252,46.05776697125378
2026-01-15,1784,113.5,115.5,112.5,113.0,402000.0,45620000.0,111.9,108.45,106.92999999999999,100.33666666666666,89.29583333333333,82.81375,73.52941176470588,52.777777777777786,3.16958373361868,2.5803035694651952,0.5892801641534846,31.697259358700002,11.149547980076296,31.265418696035287,,116.18273217117832,106.92999999999999,97.67726782882167,729200.0,834800.0,0.5512890839275919,113.48258706467662
2026-01-15,1785,64.5,64.9,63.7,64.2,4943000.0,317785000.0,63.94000000000001,64.13,64.8,61.08833333333334,58.99249999999999,58.189791666666665,47.368421052631604,28.030303030303017,0.6344831757890077,0.9918604271558569,-0.35737725136684917,22.348029868451643,17.291733171415835,25.866552589982085,,69.11496782936126,64.8,60.485032170638725,8526600.0,17095050.0,0.5797152440597659,64.28990491604289
2026-01-15,1786,78.9,80.4,78.9,79.8,189010.0,15008119.0,78.18,76.0,75.16,79.60999999999999,88.35833333333333,96.3825,78.18181818181813,67.12328767123289,0.1420733710174602,-0.8782363603507417,1.020309731368202,34.57790677818674,17.3637849815468,23.208218953146762,,79.78095911665774,75.16,70.53904088334225,366276.2,347383.25,0.516031344651932,79.40383577588487
2026-01-15,1788,137.0,137.0,136.5,136.5,16000.0,2189000.0,137.2,136.95,136.925,137.03333333333333,137.87916666666666,,39.99999999999999,42.857142857142854,0.032118693719183966,-0.0006716259159404771,0.032790319635124444,18.20117212353212,22.668132115737915,15.032368192820538,,137.67015982037225,136.925,136.17984017962777,17800.0,12450.0,0.898876404494382,136.8125
2026-01-15,1789,24.55,25.55,24.55,25.55,3403312.0,85770806.0,24.199999999999996,21.740000000000002,19.5025,18.166666666666668,18.159583333333334,18.876250000000002,100.0,93.71727748691102,1.8699368565577004,1.0692701385796246,0.8006667179780758,62.60553489726709,4.8241119702825594,40.72180362517008,,25.779900987502323,19.5025,13.22509901249768,7937532.0,2588632.4,0.42876198798316656,25.202157780420954
2026-01-15,1795,303.5,322.0,301.5,318.5,10500423.0,3288198922.0,297.6,288.8,285.525,289.35,254.30833333333334,246.4375,86.40776699029126,73.25581395348837,3.38620297562818,-0.11049143944668571,3.496694415074866,33.65687126821123,13.531773564155841,16.988171815681167,,304.97933249000556,285.525,266.0706675099944,5414171.8,2864988.9,1.9394329156677297,313.14918665657564
2026-01-15,1796,46.3,46.5,46.0,46.0,22000.0,1015100.0,46.44,46.4,,,,,50.0,31.81818181818177,-0.45874811979050634,-0.3381145643892674,-0.12063355540123893,21.186957169549636,23.78887191315364,22.481683598605517,,,,,23200.0,,0.9482758620689655,46.14090909090909
2026-01-15,1799,34.4,35.0,34.35,34.65,60000.0,2075200.0,34.06,34.085,34.4325,35.53416666666667,40.717499999999994,50.062083333333334,78.57142857142836,53.809523809523796,-0.18509403029359106,-0.21863498556156957,0.03354095526797851,23.48900479966845,19.419855072492656,15.390343222099878,,36.70343187457417,34.4325,32.16156812542582,64200.0,104900.0,0.9345794392523364,34.586666666666666
2026-01-15,1802,34.8,38.0,34.8,38.0,222349558.0,8199016659.0,35.29,34.97,34.8575,33.376666666666665,30.740000000000002,23.743125,75.2380952380952,64.4859813084112,0.29600216993696193,0.21108074506176858,0.08492142487519336,32.012667866703545,17.890209706491728,20.02736884205755,,36.99446168967887,34.8575,32.72053831032113,81524572.0,72758298.15,2.7273931349188807,36.874445502608104
2026-01-15,1805,12.45,12.45,11.95,12.35,170748.0,2079274.0,12.190000000000001,12.094999999999999,11.885000000000002,11.545,11.825833333333332,13.221875,73.33333333333337,58.53658536585365,0.18493139206097098,0.1513372317368099,0.03359416032416107,31.076098389618643,15.729926977062314,33.410001414266176,,12.852416527066977,11.885000000000002,10.917583472933027,127044.8,176038.1,1.3439983375942974,12.177442781174596
2026-01-15,1806,9.01,9.1,9.01,9.06,478239.0,4327227.0,8.922,8.87,9.047,9.044999999999998,9.426250000000001,9.947958333333332,82.60869565217394,42.60869565217394,-0.05332674001199145,-0.053265574535169745,-6.116547682170209e-05,28.914749437715198,16.347751647827984,22.612002925718567,,9.471517063075416,9.047,8.622482936924586,679308.6,795941.65,0.7040084580115724,9.048252024615307
2026-01-15,1808,34.1,34.35,33.5,33.55,1998928.0,67322498.0,34.39,34.135000000000005,34.1275,33.88416666666667,32.36666666666667,32.761874999999996,45.55555555555549,46.987951807228924,0.21550164938208383,0.26968851936398797,-0.05418686998190414,26.86643880552647,15.776862072843215,25.092944540725618,,35.67345397223785,34.1275,32.581546027762144,2444454.0,3028493.7,0.8177400761069752,33.67930110539249
2026-01-15,1809,20.55,20.95,20.15,20.7,5059491.0,104310850.0,19.59,18.964999999999996,18.3,18.210833333333333,18.56541666666667,17.939583333333335,70.76923076923072,69.75308641975305,0.5227800781212579,0.24187081869279242,0.2809092594284655,36.3350123335929,6.966565098235505,32.446163658974584,,20.25151762806079,18.3,16.348482371939212,3212083.2,1751778.15,1.575143196788925,20.616866400197175
2026-01-15,1810,19.4,20.15,19.25,19.9,4918108.0,96808679.0,19.59,18.705,18.035000000000004,17.68583333333333,18.728333333333335,17.718333333333337,69.56521739130432,68.30985915492955,0.5715070864597855,0.33904670860436026,0.23246037785542528,35.78813821138998,10.583812996171154,34.80099011032205,,20.09696125340083,18.035000000000004,15.973038746599176,8109759.2,3505428.1,0.6064431604824961,19.684130360699683
2026-01-15,1813,13.65,14.0,13.5,13.8,37000.0,505700.0,13.790000000000001,13.320000000000002,13.0825,13.118333333333332,,,68.88888888888893,66.07142857142858,0.19084637849149289,0.07332882542504597,0.11751755306644691,37.216310145324464,12.488081306769015,26.959606959364102,,13.962855789320097,13.0825,12.202144210679903,48400.0,21050.0,0.7644628099173554,13.667567567567568
2026-01-15,1815,89.0,95.5,89.0,93.2,169581000.0,15704862300.0,88.54,88.50999999999999,88.76,82.42166666666667,73.11541666666668,54.640208333333334,77.66990291262138,53.26460481099658,1.4868849609085117,1.8519580593928846,-0.36507309848437286,28.96732406692027,16.820012066971547,22.876620357393318,,98.64127415606717,88.76,78.87872584393284,75593400.0,76167600.0,2.2433307669717197,92.60979885718329
2026-01-15,1817,38.5,38.55,38.4,38.55,30936.0,1190245.0,38.379999999999995,38.335,38.37,38.4875,38.72833333333333,41.72291666666667,87.50000000000044,54.16666666666642,-0.025828813336332246,-0.05441711485833374,0.028588301522001494,22.797092921414492,19.989365661297274,10.500549550286628,,38.588608036637,38.37,38.151391963363,27771.2,25372.9,1.1139597856772483,38.474431083527286
2026-01-15,1903,55.9,56.6,55.9,56.4,172798.0,9733380.0,55.839999999999996,55.15,55.105000000000004,55.415,54.31916666666667,53.78270833333333,76.92307692307688,63.88888888888885,0.13441095048550267,-0.07545748654102138,0.20986843702652405,26.20234223167878,18.17162792835438,15.029467362592262,,56.8467172409346,55.105000000000004,53.363282759065406,170513.2,245745.75,1.0133995491258154,56.32808250095487
2026-01-15,1904,18.15,18.3,18.05,18.15,892615.0,16204616.0,17.91,17.58,17.54,17.795,17.866666666666667,18.209583333333335,100.0,70.27027027027033,0.002641002581722063,-0.10862230634102865,0.11126330892275071,36.31057016081744,15.522251060367154,19.40747792302483,,18.146630035525167,17.54,16.93336996447483,1335351.8,997419.75,0.6684493179999458,18.1540933101057
2026-01-15,1905,12.5,12.6,12.35,12.5,1568017.0,19515101.0,12.26,11.895,11.772499999999999,12.077499999999999,12.108749999999999,13.055625,88.2352941176471,71.79487179487181,0.08876560325116678,-0.03254709135299435,0.12131269460416114,34.186753710033166,11.967590679794181,17.24889627452561,,12.441729722182243,11.772499999999999,11.103270277817755,2707536.8,1942024.4,0.579130448014594,12.445720295124351
2026-01-15,1906,12.05,12.2,12.0,12.05,40645.0,490856.0,12.080000000000002,11.95,11.8975,12.159166666666668,12.497916666666667,12.759583333333332,71.4285714285715,61.90476190476189,-0.02866914799187903,-0.07540897354626239,0.04673982555438336,20.002197651414587,13.873297586586682,15.581189995289085,,12.160028193973798,11.8975,11.634971806026204,58866.8,104063.45,0.6904570997574184,12.076663796284906
2026-01-15,1907,26.05,26.2,25.9,26.05,508602.0,13247078.0,25.669999999999998,25.775,25.8,26.2475,25.685416666666665,26.329166666666666,68.18181818181831,60.377358490566046,-0.15007354640802362,-0.1859887091741312,0.035915162766107595,29.139949043938763,18.958547299320898,14.674184825243863,,26.385796803284187,25.8,25.214203196715815,922386.6,1303573.45,0.5513978628917636,26.046059590799878
2026-01-15,1909,10.15,10.4,10.1,10.2,1827407.0,18698650.0,10.074000000000002,9.876000000000001,9.9645,10.140666666666666,10.118416666666667,9.996958333333334,84.37500000000003,59.420289855072475,-0.08590963805364993,-0.13437099450021947,0.04846135644656954,24.581392617139752,16.36086671091375,22.58641884226535,,10.403229025589896,9.9645,9.525770974410102,2287563.2,2314039.4,0.7988443772832156,10.23234014097571
2026-01-15,2002,19.5,19.75,19.35,19.45,52937751.0,1032653713.0,19.369999999999997,19.130000000000003,18.947499999999998,18.570833333333333,19.037916666666664,19.991875,50.0,62.49999999999998,0.22674334567122045,0.1745984666456681,0.05214487902555234,30.872921324451763,13.101569232250359,24.76892020064441,,19.73588609296388,18.947499999999998,18.159113907036115,50191447.8,41603761.65,1.0547165567118788,19.506943409817314
2026-01-15,2006,71.3,71.9,70.6,70.8,2584571.0,183650597.0,69.78,67.71,66.04499999999999,65.53,63.97333333333333,65.88375,87.27272727272722,81.90476190476195,0.9491907730780724,0.260711817747509,0.6884789553305635,39.645027848840556,13.00073304892346,28.377778741341384,,71.04877752040292,66.04499999999999,61.04122247959706,2177607.8,2575875.4,1.1868854437424408,71.05651073234203
2026-01-15,2007,8.11,8.47,8.11,8.35,921315.0,7666026.0,8.129999999999999,7.981999999999999,7.688999999999998,7.3934999999999995,7.611416666666667,8.209125,60.27397260273972,69.70802919708026,0.23077787090121227,0.17162183845742546,0.05915603244378681,44.69254179278067,13.187754600197943,36.42597641532486,,8.480504895752512,7.688999999999998,6.897495104247485,507857.4,550464.25,1.8141214443266949,8.320743719574738
2026-01-15,2008,29.1,29.15,29.05,29.1,18424.0,536022.0,29.189999999999998,29.185000000000002,29.085,28.588333333333335,27.181666666666665,,52.94117647058828,67.34693877551027,0.07749381429503543,0.10991619370660549,-0.03242237941157006,38.080795893648386,10.557933583276695,54.621664736638174,,29.636648247955844,29.085,28.533351752044158,12933.4,20419.65,1.4245287395425796,29.09368215371255
2026-01-15,2009,51.0,51.9,50.0,50.2,9202015.0,466025442.0,49.82,49.61,48.0625,43.65166666666667,39.73,38.24083333333333,43.24324324324324,60.038610038610045,1.7991277685048601,1.8345941184158925,-0.03546634991103237,34.33835432058833,18.943990340322728,32.100434324837174,,54.37813431826937,48.0625,41.74686568173063,11879759.8,14670358.45,0.7745960486507479,50.64384724432638
2026-01-15,2010,21.4,21.55,21.35,21.55,1872621.0,40230942.0,21.330000000000002,21.005000000000003,20.8825,20.289166666666667,20.357083333333332,19.7625,78.94736842105269,65.21739130434781,0.24214034578917776,0.17805724352349905,0.0640831022656787,32.640454420749634,14.87971692871162,23.823627617819547,,21.55861506339326,20.8825,20.206384936606742,1935080.0,1413570.15,0.9677227814870702,21.483760995951663
2026-01-15,2012,17.5,17.5,17.1,17.5,109999.0,1912314.0,17.080000000000002,16.994999999999997,16.2575,15.666666666666666,16.72375,,62.500000000000036,78.40909090909088,0.5020161448236848,0.41533810405939964,0.0866780407642852,40.9693388907942,5.882700579011564,56.779628442091735,,18.164626524106136,16.2575,14.350373475893862,69120.0,99417.9,1.5914207175925925,17.384830771188827
2026-01-15,2013,42.6,42.95,42.5,42.75,402159.0,17131159.0,42.61,42.629999999999995,42.2,41.63666666666667,41.9375,44.135625,46.15384615384641,72.88135593220323,0.25865894265410816,0.2330940306403124,0.025564912013795765,33.4166463462379,10.668336080506455,31.415179448123,,43.22597835208543,42.2,41.17402164791458,222559.4,168021.0,1.8069737786856004,42.59797493031363
2026-01-15,2014,16.75,17.5,16.75,16.85,15872766.0,270974957.0,16.630000000000003,16.4,15.9875,15.284999999999998,15.544583333333334,16.7525,38.70967741935486,65.11627906976749,0.40073662760982565,0.3328213452851732,0.06791528232465244,36.05517724284116,10.24036730735876,37.2425823434796,,17.223740055039425,15.9875,14.751259944960577,9114208.2,9136132.6,1.7415408614431258,17.07169103356025
2026-01-15,2015,64.1,64.9,63.5,64.2,738916.0,47383121.0,63.94,63.019999999999996,62.56999999999999,63.05166666666666,64.52000000000001,65.20625,68.08510638297881,66.66666666666669,0.2856559812612147,-0.07195175445484372,0.3576077357160584,28.946805567546946,14.195480148484945,16.366695636594233,,64.90607858555889,62.56999999999999,60.2339214144411,493956.2,392199.0,1.4959140101895674,64.12517931672883
2026-01-15,2017,9.17,9.33,9.07,9.1,1609473.0,14753021.0,8.964,8.816999999999998,8.639,8.669666666666666,9.187666666666667,9.848333333333333,44.06779661016947,70.0,0.11672846794368397,0.04754369759791311,0.06918477034577086,41.78192771829422,14.888462410098796,25.053409979963128,,9.204495590750255,8.639,8.073504409249743,990150.0,872355.3,1.625484017573095,9.166367500417838
2026-01-15,2020,24.25,24.4,24.05,24.2,461034.0,11162270.0,23.85,23.705,23.585,23.363333333333333,23.839166666666664,25.498125,53.57142857142849,61.4285714285714,0.18554961836986905,0.12932439754370456,0.05622522082616449,34.646955464991734,17.527977735440107,19.442110777889056,,24.274087879202213,23.585,22.89591212079779,327901.0,257854.1,1.4060158401468736,24.211381373174213
2026-01-15,2022,8.6,9.19,8.59,9.12,2323039.0,20802803.0,8.584,8.383999999999999,8.316500000000001,8.1195,8.027999999999999,8.352541666666667,76.59574468085113,69.6581196581197,0.13225719624897003,0.06255455629644333,0.06970263995252671,47.91557498252481,17.93714334821039,21.679834006938478,,8.872359694527287,8.316500000000001,7.760640305472716,1028506.4,768363.75,2.2586529359467282,8.954995159358065
2026-01-15,2023,15.0,15.3,15.0,15.05,1944482.0,29452290.0,14.88,14.875,14.855,14.855833333333331,14.986250000000002,15.355625,38.461538461538545,56.756756756756765,0.007277510457928571,-0.007586005978905474,0.014863516436834045,31.493219210207346,11.488428191131279,23.516826662733067,,15.090975020979645,14.855,14.619024979020356,1639148.2,1798889.5,1.1862758962246367,15.146599454250541
2026-01-15,2024,15.65,16.2,15.65,16.2,33497.0,537433.0,15.920000000000002,16.32,,,,,31.578947368421055,57.02479338842975,-0.03349759653951523,0.021180123282113012,-0.05467771982162824,28.89163062514647,33.71780140747324,13.39787425265086,,,,,22099.0,26071.3,1.515769944341373,16.044212914589366
2026-01-15,2025,12.5,13.35,12.45,13.35,1265506.0,16809870.0,12.23,11.88,10.6955,9.932333333333334,10.682416666666667,12.740999999999998,69.1358024691358,74.96839443742098,0.7853374154082378,0.5308776304319375,0.2544597849763003,38.29475926640918,10.767008546085473,39.97691593609983,,13.410607635745711,10.6955,7.980392364254287,892058.4,711552.15,1.418635820255714,13.283121533995098
2026-01-15,2027,37.0,37.4,36.7,37.05,20341586.0,753510700.0,36.5,36.17,35.839999999999996,36.79416666666667,37.884166666666665,39.41583333333333,43.28358208955221,63.97515527950309,-0.04119183821527628,-0.25157249232118833,0.21038065410591206,30.73121173353738,14.852792886887672,16.913305538823092,,37.26961165135211,35.839999999999996,34.410388348647885,14984539.6,24054609.15,1.35750490458846,37.04286873206445
2026-01-15,2028,20.9,20.9,19.0,19.1,1149881.0,22539774.0,18.64,18.16,17.64,16.566666666666666,17.1375,18.530625,52.94117647058823,65.2777777777778,0.6141129342484497,0.45182887601229743,0.16228405823615227,45.81755648814508,9.372680143487866,34.18444576958363,,19.329160489087624,17.64,15.950839510912378,409029.8,242387.2,2.811240159029978,19.60183184172971
2026-01-15,2029,21.2,21.45,21.2,21.35,220973.0,4720666.0,21.19,21.21,21.16,20.925833333333333,21.874166666666667,23.195625,29.41176470588242,60.78431372549021,0.10209894327354974,0.10104397057834023,0.0010549726952095023,28.104269338448844,15.764947188263742,25.304463509087842,,21.580025061908476,21.16,20.739974938091525,142560.4,161749.45,1.550030723819518,21.36308960823268
2026-01-15,2030,16.8,17.45,16.5,16.95,6373894.0,108920765.0,15.959999999999999,15.430000000000001,14.76,14.183333333333334,14.189166666666665,15.152916666666668,77.77777777777777,78.3018867924528,0.597265068840187,0.37790938166483645,0.2193556871753506,50.85137910139908,7.007268404165186,48.36898258998779,,16.619428321880186,14.76,12.900571678119814,2372229.2,1268633.8,2.6868794971413386,17.088574896287888
2026-01-15,2031,39.2,40.1,39.2,39.45,1518053.0,60331331.0,38.94,38.69500000000001,38.220000000000006,38.410833333333336,40.37791666666667,42.48770833333334,38.55421686746993,59.50000000000003,0.24877585048352557,0.10476980702895795,0.14400604345456763,28.995483845911764,11.305059649609692,21.831882140172475,,39.81749804381753,38.220000000000006,36.62250195618248,878532.4,790847.35,1.7279419632104631,39.742572229032845
2026-01-15,2032,17.0,17.9,16.9,17.2,5636753.0,98435083.0,16.57,16.055,15.294999999999998,14.543333333333333,14.768333333333334,15.509166666666665,67.99999999999997,73.5042735042735,0.6335038642266078,0.4536787595309481,0.17982510469565965,54.85037454536771,15.124037185144951,40.508854564410335,,17.322676918103696,15.294999999999998,13.267323081896302,1889227.8,990603.2,2.983628019871399,17.463082558345203
2026-01-15,2033,16.15,16.95,16.15,16.5,661686.0,10959714.0,16.160000000000004,16.145000000000003,15.955000000000002,15.805833333333332,16.503333333333334,17.74958333333333,32.35294117647051,57.14285714285715,0.12320277567653015,0.08086261630255635,0.0423401593739738,38.75326927365859,8.489417726554086,38.29755659585754,,16.643170725451316,15.955000000000002,15.266829274548687,311345.8,290093.6,2.1252446636505136,16.563315530327074
2026-01-15,2034,21.9,22.6,21.65,21.65,4824876.0,106302134.0,21.15,21.0,20.8875,20.113333333333333,20.33125,21.606875,46.666666666666615,58.06451612903226,0.27941956995978856,0.2606038582858117,0.018815711673976887,40.911892363249805,11.689446480509929,39.83985607816648,,21.913414226434295,20.8875,19.861585773565704,2333257.0,2408048.65,2.067871648943944,22.032096576160715
2026-01-15,2035,28.5,28.5,28.5,28.5,3000.0,85500.0,,,,,,,32.35294117647065,27.380952380952365,0.10931911137117467,0.1906600120958299,-0.08134090072465522,9.921147065754473,26.436481867201415,37.321887989578634,,,,,,,,28.5
2026-01-15,2038,15.5,16.15,15.5,15.7,2957580.0,46710872.0,15.15,14.91,14.6125,14.2775,14.870000000000001,15.753749999999998,52.499999999999986,66.66666666666666,0.30796547017193987,0.20203628062751156,0.10592918954442831,40.58484424223024,12.724502125710984,35.30729188260438,,15.645571557108104,14.6125,13.579428442891897,1124194.4,682822.7,2.6308439180981513,15.793612345228194
2026-01-15,2049,213.5,213.5,207.0,213.0,3050020.0,642856766.0,206.2,200.9,198.275,201.325,207.42916666666667,226.86041666666668,82.6923076923077,72.0,2.5664602354495685,0.5100891011539503,2.056371134295618,27.87664308755855,12.468735312502552,14.517838542272106,,209.78460697120704,198.275,186.76539302879297,3561501.4,2011783.1,0.856386017425123,210.7713280568652
2026-01-15,2059,3315.0,3425.0,3200.0,3400.0,1343693.0,4461561310.0,3346.0,3301.0,3494.75,3669.0833333333335,3413.2083333333335,2677.1666666666665,65.59139784946237,37.1900826446281,-86.72667882186624,-76.31727443933418,-10.40940438253206,22.25725637496498,24.61224298818724,18.393499968078604,,3931.634604781091,3494.75,3057.865395218909,899184.2,758819.0,1.4943467645450177,3320.3725181272807
2026-01-15,2061,18.65,19.0,18.6,18.85,136000.0,2561700.0,18.619999999999997,18.53,18.5925,18.59916666666667,18.345416666666665,18.551875,81.24999999999983,63.79310344827589,0.04377018512196784,0.04004008019264787,0.003730104929319973,26.787109758043275,15.550281001819139,23.797049134716833,,19.152833547283493,18.5925,18.03216645271651,159400.0,190050.0,0.8531994981179423,18.836029411764706
2026-01-15,2062,23.35,23.4,22.15,22.4,1606387.0,36514882.0,21.4,21.035,21.044999999999998,20.995833333333334,22.165416666666665,24.730625,78.94736842105259,62.79069767441858,0.1748379632809609,0.016119073413644307,0.1587188898673166,45.356958766999206,14.846064878954529,17.09497818705343,,22.225945205736448,21.044999999999998,19.86405479426355,658312.0,309207.0,2.4401605925457837,22.73106169310384
2026-01-15,2063,25.15,25.55,25.15,25.4,33000.0,839400.0,25.029999999999998,24.675,24.69,,,,84.61538461538464,71.4285714285714,-0.029904943273439955,-0.16180614808143434,0.1319012048079944,35.38511399546722,19.507921649254847,17.665677010255664,,25.660404148040985,24.69,23.719595851959017,25400.0,73150.0,1.2992125984251968,25.436363636363637
2026-01-15,2064,11.75,11.9,11.75,11.75,22000.0,259300.0,11.64,11.61,,,,,56.249999999999986,64.10256410256412,-0.0275241381857132,-0.08338409465432131,0.05585995646860811,23.87317661401258,12.129211141641552,27.106875777220676,,,,,17400.0,,1.264367816091954,11.786363636363637
2026-01-15,2065,29.65,30.6,29.65,30.6,248000.0,7475400.0,29.82,29.205000000000002,29.05,29.120833333333334,30.596249999999998,37.053958333333334,92.85714285714292,73.80952380952388,0.19057592662971246,-0.005587854567163205,0.19616378119687566,37.452302006933834,27.324388687776384,28.71613028967131,,30.262652594848035,29.05,27.837347405151966,102200.0,63100.0,2.426614481409002,30.142741935483873
2026-01-15,2066,48.5,49.4,48.5,49.4,16000.0,783700.0,48.62,48.605000000000004,49.295,51.9175,59.498749999999994,71.50229166666666,61.842105263157904,47.90419161676645,-0.6158937590657416,-0.7194172623592286,0.10352350329348703,26.222266021380094,24.25266951551683,10.481393530461471,,51.10313949159486,49.295,47.486860508405144,33000.0,25400.0,0.48484848484848486,48.98125
2026-01-15,2067,10.7,10.95,10.35,10.95,167000.0,1770800.0,10.358,10.103,10.005,10.406833333333333,,,91.97080291970805,64.6103896103896,0.07561971627975339,-0.03649304166407494,0.11211275794382833,27.056458628752537,15.173249800176295,12.260373684310977,,10.829429627394807,10.005,9.180570372605194,146800.0,154950.0,1.1376021798365124,10.603592814371257
2026-01-15,2069,19.55,19.8,19.3,19.55,831156.0,16286991.0,19.19,18.805,18.262500000000003,16.649166666666666,15.851666666666665,16.285833333333333,71.4285714285715,73.41772151898738,0.7098208438037261,0.6434726620689879,0.06634818173473822,43.11943642014812,9.128821783421907,56.41847979011563,,19.948939725388502,18.262500000000003,16.576060274611503,590463.8,440343.4,1.407632440803314,19.5955885537733
2026-01-15,2070,45.1,45.1,44.2,44.7,89000.0,3962750.0,44.34,43.83,42.0675,40.940000000000005,41.71041666666667,46.6975,55.813953488372086,70.38626609442059,1.1895447353627375,0.8869999349475675,0.30254480041517007,28.715322006851807,18.16302827838672,22.15041969661113,,46.19115129466343,42.0675,37.94384870533658,210400.0,165350.0,0.4230038022813688,44.5252808988764
2026-01-15,2073,26.5,26.7,26.5,26.5,8000.0,212400.0,26.270000000000003,26.135,,,,,72.22222222222219,52.27272727272731,-0.3116590823308698,-0.3585607040335172,0.04690162170264739,15.41316269856686,20.653768970003927,52.909478001038714,,,,,14000.0,,0.5714285714285714,26.55
2026-01-15,2101,37.55,37.85,37.45,37.55,972747.0,36597442.0,37.22,37.22,37.41,37.350833333333334,38.221666666666664,39.20041666666667,53.571428571428385,49.33333333333327,-0.1211860965226208,-0.11510472737302693,-0.006081369149593868,22.448514261169258,19.25614802484458,12.926101086496118,,37.99183014341653,37.41,36.828169856583465,1585121.2,1415493.9,0.6136735790297928,37.622775500721154
2026-01-15,2102,20.0,20.3,19.9,20.25,503191.0,10134877.0,19.93,19.759999999999998,19.7325,19.823333333333334,19.90041666666667,19.524375000000003,95.23809523809517,67.3913043478261,0.025606419199821318,-0.04129421679451246,0.06690063599433377,27.231739469784017,15.893209861575588,10.699723914387047,,20.19393369256251,19.7325,19.271066307437493,417167.8,366971.6,1.2062076699112443,20.141212780037797
2026-01-15,2103,15.25,15.5,15.15,15.45,1732670.0,26549380.0,15.24,15.105,15.41,15.21,16.024166666666666,17.544583333333332,55.55555555555556,48.57142857142855,-0.06849172643179813,-0.05493535869273905,-0.013556367739059078,23.036712051268598,21.66611819907075,12.330413241642601,,16.165053152538366,15.41,14.654946847461632,1736304.0,1686453.3,0.9979070485352796,15.32281392302054
2026-01-15,2104,11.55,12.0,11.45,11.85,4360910.0,51339173.0,11.459999999999999,11.305,11.33,10.7045,10.979333333333333,11.214041666666667,64.28571428571429,56.06060606060607,0.18065974428118636,0.17043841940578527,0.010221324875401089,29.862751290580885,14.947961231860276,27.678887904119293,,11.996017227531185,11.33,10.663982772468815,3407869.0,3398675.45,1.2796589305516146,11.772582557310287
2026-01-15,2105,30.65,31.05,30.6,30.85,7636781.0,235611286.0,30.5,30.105,29.990000000000002,31.264999999999997,34.81583333333334,40.93875,75.67567567567573,68.25396825396828,-0.17394492673869522,-0.39690448552093766,0.22295955878224244,21.08659012197664,17.24944929450411,22.46691594693887,,30.9516871140149,29.990000000000002,29.028312885985105,10473642.2,10447089.15,0.7291428191045136,30.85217266280125
2026-01-15,2106,19.55,19.65,19.45,19.65,579172.0,11318177.0,19.46,19.335,19.692500000000003,20.201666666666664,20.600416666666664,22.645625,77.77777777777783,42.1052631578947,-0.2516950144966472,-0.27170108256925474,0.02000606807260752,17.497713961392964,22.339019240393316,21.404611367149442,,20.53622295278213,19.692500000000003,18.848777047217876,460964.6,619263.9,1.2564348759102109,19.54199616003536
2026-01-15,2107,24.8,25.05,24.75,25.0,314956.0,7860752.0,24.68,24.665,24.59,24.1075,24.170833333333334,24.91645833333333,70.58823529411771,72.00000000000009,0.15260651032685502,0.14817256333693932,0.004433946989915699,23.8253744373039,12.429049648817276,19.700851821994412,,24.860671679151267,24.59,24.319328320848733,296367.4,227214.9,1.0627214734144173,24.958254486340948
2026-01-15,2108,24.45,24.45,24.1,24.4,550626.0,13352730.0,24.240000000000002,23.875,23.35,22.935833333333335,23.44375,25.685208333333332,47.27272727272724,62.68656716417909,0.3923136829562033,0.2559117433141208,0.13640193964208247,34.89316078059938,17.285733225525625,20.278950645913696,,24.899872660304002,23.35,21.800127339696,790477.8,627315.9,0.6965736419163194,24.250089897680095
2026-01-15,2109,15.05,15.1,15.0,15.05,59330.0,892343.0,14.99,14.975,14.985,15.116666666666667,15.616249999999999,16.617916666666666,75.0,55.5555555555556,-0.04006372249521206,-0.0565679668651923,0.016504244369980235,20.47974097187151,21.331826740664773,16.534202731909314,,15.071450472583306,14.985,14.898549527416693,97222.0,95536.5,0.610252823435025,15.040333726613854
2026-01-15,2114,89.7,90.0,89.7,90.0,23954.0,2154585.0,89.82000000000001,89.86999999999999,89.93,90.02,90.46583333333334,,63.6363636363634,55.55555555555549,-0.039147224134183034,-0.019657795421632544,-0.01948942871255049,27.276925587530876,21.03523726760285,24.297089599389714,,90.45755643250341,89.93,89.4024435674966,33991.6,33892.0,0.7047035149860554,89.94677298154797
2026-01-15,2115,24.3,24.4,24.3,24.4,69049.0,1682439.0,24.35,24.335,24.425,25.19666666666667,,,59.99999999999943,45.454545454545396,-0.18057500836737006,-0.22354817487493553,0.04297316650756547,22.974955045631408,20.64660355001195,9.21164930384734,,24.677357307258987,24.425,24.172642692741015,73394.0,65834.55,0.9407989753930839,24.36587061362221
2026-01-15,2201,32.1,32.3,31.95,32.2,2660553.0,85471626.0,31.74,31.905,33.245,34.11083333333333,33.964999999999996,37.01083333333334,52.380952380952415,25.89285714285718,-0.7518202571242156,-0.6818595274814614,-0.06996072964275424,21.267702077344538,24.540162383336114,12.939377788752017,,36.84249913133972,33.245,29.647500868660273,4809871.8,7648008.75,0.5531442646766593,32.125511500804535
2026-01-15,2204,58.2,58.3,57.5,58.1,1220573.0,70709112.0,58.17999999999999,58.25,59.15500000000001,59.361666666666665,59.321666666666665,64.41083333333333,50.0,23.636363636363612,-0.4681055873677451,-0.36407244226526725,-0.10403314510247785,16.28651538535923,20.813411968535185,10.590602781117774,,61.387275214123925,59.15500000000001,56.92272478587609,1100916.2,1145622.7,1.10868838154984,57.931079910828764
2026-01-15,2206,60.4,60.4,59.8,60.2,606818.0,36440843.0,60.34000000000001,60.27,60.45,60.98833333333334,62.12166666666667,65.10499999999999,52.63157894736845,48.93617021276602,-0.21679805634072835,-0.2092146805483854,-0.0075833757923429446,19.327917424333986,28.48553364290706,13.14356016820013,,61.350292350185306,60.45,59.5497076498147,717177.8,820282.7,0.8461193305202698,60.052343536282706
2026-01-15,2207,557.0,557.0,548.0,552.0,327359.0,180542816.0,546.8,545.9,,,,,61.11111111111111,41.935483870967744,-10.187626199565898,-10.948201925257752,0.7605757256918544,16.72925840947666,19.88250380322088,26.102683415550032,,,,,343901.0,,0.9518989476622632,551.5132194318776
2026-01-15,2208,21.5,21.7,21.2,21.65,4736466.0,101664744.0,21.02,20.455000000000002,20.29,20.270833333333332,20.6,18.78125,100.0,76.7857142857143,0.19558704171605967,-0.0072079890809727595,0.20279503079703243,31.639938396977495,11.220356182761801,29.17827801964086,,21.41277850841007,20.29,19.167221491589927,6150525.2,3712556.65,0.7700913086251561,21.46426132901619
2026-01-15,2211,101.0,103.5,101.0,103.0,1628890.0,166589251.0,101.4,100.9,101.145,109.14833333333334,100.73666666666666,94.50833333333334,60.0,52.80898876404493,-2.257776486423765,-2.811492677156634,0.5537161907328692,21.76459567229173,24.404038975146083,22.29149352451286,,105.24402427414122,101.145,97.04597572585877,1121901.0,2991043.6,1.4519017275142816,102.27163958278337
2026-01-15,2221,30.95,31.2,30.95,30.95,72000.0,2235850.0,30.8,30.48,29.79,28.779166666666665,,,52.1739130434783,65.71428571428572,0.6456273552420164,0.547682693880571,0.09794466136144542,44.04506150104376,10.873309486311403,46.839814360403025,,31.648295767065903,29.79,27.931704232934095,36600.0,56200.0,1.9672131147540983,31.053472222222222
2026-01-15,2227,55.9,56.2,55.0,56.0,35212.0,1964125.0,54.98,54.67,55.17999999999999,55.03666666666666,56.038333333333334,60.30375,95.23809523809517,56.896551724137915,-0.12601143060414444,-0.18870899971942898,0.06269756911528454,22.389262028740323,12.865588887216425,16.156599203053304,,56.837645762420046,55.17999999999999,53.52235423757994,31788.2,38943.4,1.1077066332790155,55.77998977621265
2026-01-15,2228,106.5,106.5,105.0,106.0,416366.0,43977386.0,106.8,107.35,107.925,101.595,103.14666666666668,98.2475,25.0,50.98039215686275,0.6688418664070781,1.243932451728817,-0.575090585321739,24.682180745743754,17.566296127955063,26.963480624050053,,112.08337772011454,107.925,103.76662227988545,826852.2,1470702.85,0.5035555326574689,105.62194319420894
2026-01-15,2230,94.9,95.3,92.8,92.8,129000.0,12069400.0,93.5,92.65,93.92,98.025,99.36083333333335,105.65041666666666,60.465116279069676,42.46575342465753,-1.4964981215975257,-1.7647701235648308,0.26827200196730505,20.187406319603404,22.065998936801627,18.583256393804785,,98.27121277710535,93.92,89.56878722289466,191400.0,232350.0,0.6739811912225705,93.56124031007752
2026-01-15,2231,98.8,98.8,96.4,97.0,273299.0,26581807.0,97.2,95.39,94.475,98.51833333333335,101.67333333333333,92.935,67.0731707317073,54.210526315789465,-0.05362023002994931,-0.7959114968219829,0.7422912667920336,22.021296988221415,14.05405400314165,12.910942647689604,,99.0770018527383,94.475,89.87299814726168,447690.6,542994.05,0.6104640124228653,97.26273056249748
2026-01-15,2233,241.0,255.0,237.5,242.0,3421057.0,835424820.0,230.4,222.4,211.3,202.7,209.90833333333333,199.48958333333334,90.2439024390244,73.25581395348837,9.992229960441989,6.620573766662715,3.371656193779274,43.70350004231478,12.269596419505518,29.363132148685107,,247.56423495459558,211.3,175.03576504540445,2961578.8,1390741.65,1.1551463699024318,244.20078940514583
2026-01-15,2235,34.5,34.5,34.5,34.5,1000.0,34500.0,,,,,,,80.48780487804882,86.44067796610173,-0.1829735113574742,-0.3316988204463744,0.1487253090889002,41.15937531266043,8.86325748992392,48.316363362085916,,,,,,,,34.5
2026-01-15,2236,114.0,114.5,110.0,114.5,252079.0,28270820.0,113.0,114.95,114.9,102.2,102.97416666666666,103.03416666666666,41.66666666666667,47.99999999999999,1.8400474502899584,2.9547815243282476,-1.1147340740382892,19.811964860293426,17.003172695455447,26.269721061153728,,119.35562920123843,114.9,110.44437079876158,352916.8,435940.15,0.7142731657999846,112.15063531670627
2026-01-15,2239,31.05,31.05,30.15,30.65,91083.0,2769347.0,31.21999999999999,33.515,35.0875,33.138333333333335,32.379583333333336,32.46375,10.569105691057075,26.865671641791025,-1.0237163623959802,-0.1993705231298381,-0.824345839266142,12.96083342980103,33.371933438740356,25.49294235422545,,40.126910470951415,35.0875,30.048089529048582,216531.2,182833.55,0.42064607779386987,30.404652899004205
2026-01-15,2241,35.55,36.5,35.4,36.3,383515.0,13856978.0,35.21,35.239999999999995,36.072500000000005,36.655833333333334,32.177499999999995,29.4725,77.58620689655157,45.55555555555554,-0.4480834470775008,-0.42516817454095635,-0.022915272536544462,22.772386171217317,22.64089187717818,14.356378044727808,,38.459190066532436,36.072500000000005,33.685809933467574,443644.0,512630.35,0.8644656526404054,36.13151506459982
2026-01-15,2243,11.25,11.35,11.2,11.3,93234.0,1049254.0,11.33,11.34,11.49,11.485833333333334,11.599583333333333,12.582041666666667,55.55555555555564,38.461538461538424,-0.041249414289938,-0.010050927234514949,-0.031198487055423052,18.839124227714446,16.039384260468054,15.726120158713975,,11.843330023158138,11.49,11.136669976841862,158029.4,129396.3,0.5899788267246474,11.253984597893472
2026-01-15,2247,284.0,291.0,283.0,286.0,430516.0,123508862.0,277.9,278.65,281.375,287.53333333333336,294.525,296.60625,59.183673469387756,52.631578947368425,-2.567360681546063,-3.126445040607142,0.559084359061079,32.36771030807596,30.45466760313496,32.87074639608758,,290.56237692362504,281.375,272.18762307637496,213963.0,125544.4,2.012104896641008,286.8856488492878
2026-01-15,2250,75.4,75.5,73.8,75.1,77328.0,5764151.0,73.28,72.34,72.195,76.095,85.20916666666668,95.98666666666668,71.05263157894723,61.59420289855067,-0.24137182784508582,-0.8302990906390595,0.5889272627939737,19.746011009715865,17.572036847098246,11.786165524125442,,75.10014969267614,72.195,69.28985030732385,98329.4,76931.4,0.7864178973938619,74.54157614318228
2026-01-15,2254,59.5,59.5,59.3,59.5,15000.0,891100.0,59.48,59.46999999999999,59.515,,,,47.05882352941171,56.75675675675677,0.001360720956434136,0.014603144450316581,-0.013242423493882445,12.46211181018227,33.05067006067526,39.70340767736837,,60.128102550013445,59.515,58.901897449986556,56219.6,41359.3,0.2668108631153548,59.406666666666666
2026-01-15,2258,40.15,40.25,39.85,39.95,492144.0,19694888.0,40.03,40.614999999999995,40.82,40.15416666666667,39.80458333333333,41.448750000000004,35.29411764705873,46.96969696969699,-0.0008239125014384285,0.2250867458468656,-0.22591065834830404,25.21786384060884,20.511913238417325,22.417501911333478,,43.631892039553755,40.82,38.008107960446246,550285.4,1009102.6,0.8943431899156329,40.01854741701616
2026-01-15,2301,168.0,169.0,163.5,165.0,9905068.0,1638172322.0,164.0,165.2,163.575,164.075,154.925,130.23958333333334,55.17241379310345,49.350649350649356,1.1482357244501884,1.0591984993614652,0.08903722508872325,23.920230947907562,17.4254613545692,15.786110624552347,,172.01222952782888,163.575,155.1377704721711,12763824.2,16469798.55,0.7760266707527984,165.38728679096397
2026-01-15,2302,19.0,19.0,18.5,18.7,521654.0,9761534.0,18.3,18.065,17.8,18.482499999999998,17.534583333333334,17.8,58.823529411764724,68.05555555555561,0.06712515116927165,-0.08527592578614919,0.15240107695542082,28.580486229220508,16.64381855354442,15.005488947813319,,18.654092315976612,17.8,16.94590768402339,721707.0,506237.0,0.7228057923783474,18.71266011570888
2026-01-15,2303,54.7,55.0,53.7,54.7,98693260.0,5382309008.0,54.8,52.73,51.379999999999995,48.05166666666666,45.207499999999996,45.09354166666667,55.17241379310345,69.20152091254752,1.7551344140633418,1.3962777402606708,0.35885667380267106,33.50243671550726,9.679001131742643,41.89974027011316,,56.19121496855895,51.379999999999995,46.56878503144104,175965625.6,120637767.55,0.5608667014564918,54.53573028188551
2026-01-15,2305,15.3,16.0,14.35,15.9,11232156.0,169353640.0,13.63,12.49,11.735,11.039166666666667,11.19125,11.536875,91.0891089108911,86.56716417910448,0.8864635410619517,0.41249485611508363,0.47396868494686806,61.3101961662601,5.598745585093751,40.521268868734886,,14.607574491728037,11.735,8.862425508271961,7519839.2,2528335.45,1.4936697050649699,15.077571928310112
2026-01-15,2308,1055.0,1060.0,1025.0,1045.0,8579869.0,8929367860.0,1041.0,1030.0,984.25,972.5666666666667,867.75,639.9104166666667,55.55555555555556,67.85714285714286,26.56231710829684,19.49362566357521,7.06869144472163,30.00334504349115,12.517479219693522,30.13211095649788,,1090.9653123723774,984.25,877.5346876276226,10172374.0,10459602.1,0.8434480486069427,1040.734754808028
2026-01-15,2312,31.95,33.3,29.3,33.3,386143157.0,12214658685.0,27.8,25.475,24.119999999999997,23.0525,21.11958333333333,21.426666666666666,89.87341772151896,88.36363636363636,1.6660693532110606,0.672586535977306,0.9934828172337546,62.930239010901325,8.303784699183657,36.256962217941734,,29.954958169696333,24.119999999999997,18.285041830303662,160845605.6,56501592.05,2.4007069111995687,31.632461856626918
2026-01-15,2313,133.5,144.5,133.0,141.0,127054438.0,17843007807.0,130.2,115.89000000000001,105.825,91.325,83.07750000000001,73.38416666666667,82.79569892473118,78.68852459016392,11.756355322786902,7.679546289391266,4.076809033395636,48.809660172589815,5.596032012205273,48.27192985408924,,137.58381974474108,105.825,74.06618025525894,123567845.0,82892003.35,1.0282160217328384,140.43592721255436
2026-01-15,2314,23.0,24.1,23.0,24.0,717232.0,17011886.0,21.7,21.71,22.2275,22.581666666666667,16.1505,16.774916666666666,73.91304347826087,58.024691358024704,-0.13577040439967902,-0.17520531000403206,0.03943490560435303,42.66564017940788,17.916461763252244,16.09202415213404,,24.13026115159042,22.2275,20.324738848409577,343357.8,184225.7,2.0888763849255794,23.71880507283557
2026-01-15,2316,99.5,102.0,99.2,100.5,2839647.0,285765557.0,99.32000000000001,98.6,100.7,101.47666666666667,98.14000000000001,72.73020833333334,63.33333333333336,45.09803921568626,-1.1574013823593248,-1.0667402471416692,-0.09066113521765562,22.830974381317716,17.799673647607346,11.139632419036856,,105.83399403358234,100.7,95.56600596641766,3899958.8,2668313.5,0.7281223073433494,100.63418340378223
2026-01-15,2317,234.0,234.0,231.0,233.5,35041875.0,8134428925.0,230.7,232.4,228.25,233.975,,,39.130434782608695,60.91954022988505,1.0948842022857548,0.6178842071994188,0.47699999508633595,26.4946265030935,20.342331006425514,14.384202191565285,,240.41336172367593,228.25,216.08663827632407,43296135.8,50010293.45,0.8093534065458101,232.13452262471685
2026-01-15,2321,17.4,17.45,17.3,17.45,16499.0,287207.0,17.830000000000002,17.45,,,,,52.63157894736839,60.39603960396041,0.0617101570983003,-0.05274255533922224,0.11445271243752253,29.88816807118911,14.323579476943651,30.443731588353227,,,,,16905.6,,0.9759487980314216,17.407539850900054
2026-01-15,2323,11.3,11.35,10.9,11.05,10566790.0,116605027.0,10.99,11.045,10.7875,9.9665,9.376416666666668,9.044374999999999,29.629629629629605,57.97101449275364,0.2751085992833726,0.29565321911817083,-0.020544619834798217,30.97223167509468,15.813069319254206,34.18318191826775,,11.470276838012438,10.7875,10.104723161987561,10438337.0,12302107.75,1.0123058874224888,11.035047256546218
2026-01-15,2324,31.55,31.55,30.8,31.05,24847080.0,770374695.0,30.640000000000004,30.660000000000004,30.369999999999997,30.830833333333334,30.36208333333333,30.926458333333333,51.428571428571445,61.53846153846156,0.18238673554492735,0.0851902485505602,0.09719648699436714,29.20043932926568,13.982891039296561,20.146448189199052,,31.442331449153848,30.369999999999997,29.297668550846147,31703162.6,24420002.75,0.7837413671783016,31.00463696337759
2026-01-15,2327,280.0,285.0,272.5,273.5,75275965.0,20896208084.0,260.3,253.05,238.275,235.46666666666667,265.2416666666667,378.3229166666667,66.66666666666666,76.5625,9.581060174343321,5.238645395249104,4.342414779094217,42.6803137415086,14.675553847639195,23.53316001678482,,274.488511581346,238.275,202.06148841865402,73614791.6,40215435.2,1.0225657556571823,277.5946888757919
2026-01-15,2328,49.0,51.0,48.2,50.3,13307037.0,665504427.0,48.459999999999994,48.565,47.965,49.552499999999995,50.65958333333333,46.02145833333334,63.39285714285716,60.59113300492609,0.1671688119263095,-0.03367135397795309,0.2008401659042626,26.748915407058238,18.678624674578234,13.864877045273738,,50.527297488789294,47.965,45.40270251121071,5172328.2,5379204.0,2.5727363936418417,50.01146588831158
2026-01-15,2329,59.2,60.0,58.1,59.9,17693990.0,1049292145.0,59.1,57.5,55.230000000000004,50.55833333333333,47.119166666666665,42.004999999999995,86.79245283018874,76.25000000000003,2.644782834309261,2.2997115194139988,0.3450713148952622,36.45234262679968,14.041206240110427,41.464564707135644,,61.704598138311354,55.230000000000004,48.755401861688654,34214483.2,30031361.25,0.517149123561802,59.30217802768058
2026-01-15,2330,1685.0,1700.0,1680.0,1690.0,41703827.0,70435079598.0,1696.0,1680.0,1582.5,1498.5,1371.125,1196.8708333333334,61.53846153846153,80.0,65.72721269331282,56.04609973278287,9.681112960529951,37.14226107622135,10.76879239463509,41.385151110847524,,1797.5275380160845,1582.5,1367.4724619839155,37153943.8,35448340.9,1.1224603025856976,1688.9356364824744
2026-01-15,2331,29.8,30.35,27.75,28.95,56146956.0,1618296807.0,26.160000000000004,24.655,23.794999999999998,21.965,20.720416666666665,19.846875,87.49999999999999,80.20304568527916,1.279920826286979,0.7157967126703345,0.5641241136166445,50.380934966946114,8.669207654976816,34.956013132213016,,27.659262713091483,23.794999999999998,19.930737286908514,24665006.6,9774037.7,2.276381146397098,28.822520797031277
2026-01-15,2332,17.45,17.5,16.2,16.65,19484623.0,325313744.0,15.87,15.485000000000003,15.495000000000001,15.817499999999999,16.602916666666665,17.561666666666667,69.2307692307692,61.052631578947356,0.08195426500679659,-0.10475472986325472,0.18670899487005133,37.07958410257356,16.0552149783541,20.33099325912801,,16.636513307666263,15.495000000000001,14.35348669233374,9270862.0,4101980.85,2.101705645062994,16.695921907239367
2026-01-15,2337,60.3,62.0,59.8,61.9,34945679.0,2133090661.0,60.48,56.67,47.57,39.2075,30.686666666666667,26.720833333333335,63.030303030303024,80.80536912751677,6.759614699589235,5.208409055298179,1.5512056442910565,46.917804932427096,4.077693684777512,54.793504687291666,,68.41048186128455,47.57,26.729518138715445,180244407.0,184630259.7,0.19387940841903628,61.0401835660426
2026-01-15,2338,38.8,38.8,37.9,38.7,1283103.0,49001767.0,37.96,37.385000000000005,36.5,36.36166666666667,37.374583333333334,36.58020833333333,46.83544303797468,61.928934010152304,0.6499946959223379,0.36712927034866727,0.28286542557367067,34.528255918872375,14.69442895726095,29.738955187117813,,39.351961467222424,36.5,33.648038532777576,1699675.4,1647130.85,0.7549106141090235,38.19004943484662
2026-01-15,2340,28.45,28.45,27.4,27.8,2986168.0,82842775.0,27.830000000000002,27.369999999999997,27.0925,26.0875,24.998749999999998,23.932291666666668,55.73770491803281,61.46788990825688,0.4166055683201719,0.343352682686951,0.07325288563322091,26.675145712701493,13.237769074116933,29.560926495794504,,28.498605109495053,27.0925,25.68639489050495,5253454.0,3779839.4,0.568419938577553,27.74216822362305
2026-01-15,2342,33.8,33.8,33.05,33.4,2534353.0,84434589.0,33.03,32.785,30.829999999999995,31.194166666666668,28.243333333333332,26.974791666666665,31.54362416107388,63.99999999999998,1.0662249995169795,0.6985996765684358,0.36762532294854366,34.8464385578295,20.820175517215194,21.955578196713006,,35.597146338274804,30.829999999999995,26.06285366172519,4509283.8,4086438.6,0.5620300500935426,33.31603332290332
2026-01-15,2344,99.8,100.0,99.1,99.2,22752094.0,2262451840.0,99.72,100.39,88.315,68.84083333333334,47.45333333333333,34.005833333333335,31.472081218274127,71.31931166347991,9.483924333255473,9.273744936464967,0.21017939679050635,38.90120002195284,12.401704125861636,52.0333168136743,,114.71215096269599,88.315,61.91784903730401,45846846.6,270916281.25,0.4962630079775214,99.43927974277884
2026-01-15,2345,1225.0,1285.0,1215.0,1240.0,7324019.0,9189020100.0,1211.0,1209.5,1199.25,1073.6166666666666,1031.9833333333333,863.5854166666667,58.53658536585366,55.81395348837209,35.87581030837873,40.23358167009237,-4.357771361713638,28.91061679758595,10.444611058728961,37.564100607746134,,1255.0951807278605,1199.25,1143.4048192721395,5651685.2,4871854.1,1.2959000264204383,1254.641761579264
2026-01-15,2347,66.2,66.2,65.0,66.0,6860559.0,451332009.0,64.97999999999999,62.88000000000001,60.519999999999996,59.836666666666666,60.832499999999996,65.49875,97.43589743589757,85.32110091743124,1.5306315219299123,0.7404553561312947,0.7901761657986176,34.23757965470506,9.354384328645066,33.12493622252075,,66.66751982510041,60.519999999999996,54.37248017489958,8303038.6,9738952.1,0.8262708787118008,65.7864773118342
2026-01-15,2348,81.8,82.6,81.1,81.1,225456.0,18446853.0,81.34,81.19,81.685,81.965,85.65249999999999,110.49125,38.709677419354826,41.84397163120564,-0.18054652007118932,-0.17780988774825487,-0.002736632322934446,20.69189625493663,23.042339687419833,11.65071224461465,,83.83052165169788,81.685,79.53947834830213,327498.2,409612.3,0.6884190508527985,81.8201910794124
2026-01-15,2349,16.7,17.1,15.75,16.0,37781971.0,615497774.0,15.59,15.204999999999998,14.977500000000001,11.7465,11.213833333333334,11.242958333333332,48.19277108433737,57.21649484536082,0.951760825582447,1.0198840586423252,-0.06812323305987822,39.465967480577916,17.778565295958465,34.68992258720214,,16.39002852789063,14.977500000000001,13.56497147210937,25674889.8,16320171.2,1.47155338520674,16.29077990663854
2026-01-15,2351,75.6,76.3,74.4,76.0,595623.0,45022471.0,74.46000000000001,74.97,75.625,80.39166666666667,80.60333333333332,79.93583333333332,42.64705882352939,50.785340314136114,-1.1195576326285988,-1.2603419559950517,0.14078432336645297,20.387358817100626,24.582765077889086,15.096412808956519,,78.59706290220952,75.625,72.65293709779048,872201.6,852186.45,0.6828960185351644,75.5888724914921
2026-01-15,2352,25.35,25.55,25.1,25.4,5846543.0,147987088.0,24.770000000000003,24.3,24.305,27.314166666666665,28.30125,28.613333333333333,72.22222222222219,64.77272727272725,-0.5028957251506512,-0.8223909064620891,0.31949518131143795,21.990240002552124,21.554971628261505,28.866260360592996,,25.691362146049727,24.305,22.918637853950273,5896756.4,7852291.65,0.991484572772923,25.311895935769222
2026-01-15,2353,27.5,27.5,26.9,27.1,29358008.0,794271145.0,26.82,26.669999999999998,26.247499999999995,27.834166666666665,29.295,31.9625,50.70422535211269,63.50364963503649,-0.042704450294557716,-0.249709593101933,0.20700514280737528,26.503560174611856,11.07514798570011,27.535912682519882,,27.51468710453373,26.247499999999995,24.98031289546626,36395992.2,32426351.6,0.8066274945514468,27.05466750332652
2026-01-15,2354,60.0,60.9,59.2,59.5,5110160.0,304949349.0,59.3,59.910000000000004,60.71,64.91333333333334,67.165,65.96166666666667,38.59649122807021,40.00000000000003,-1.2919821716566062,-1.3135931831584848,0.021611011501878608,13.454271847548622,27.153375455039864,36.91406905207809,,62.89694692256568,60.71,58.52305307743432,5141264.0,4987483.9,0.9939501258834403,59.67510782441254
2026-01-15,2355,34.45,35.9,34.05,35.8,8529150.0,300267113.0,33.980000000000004,32.765,32.272499999999994,32.06166666666667,33.80833333333333,33.670833333333334,80.70175438596493,67.28110599078342,0.6254952279909816,0.193366936341433,0.4321282916495486,33.364565546064526,11.49519343994478,24.62139690167472,,34.89617259671108,32.272499999999994,29.64882740328891,7671937.4,3134182.8,1.1117335237902228,35.204810913162504
2026-01-15,2356,44.0,44.2,43.5,44.15,10323159.0,453252567.0,43.64,43.655,43.18,43.718333333333334,43.469166666666666,43.39979166666667,55.35714285714281,56.32911392405064,0.06400352397368181,-0.056362028809656385,0.12036555278333819,28.937555634989685,20.041354096098267,12.597700215437191,,44.52140539027279,43.18,41.83859460972721,13009420.6,12245463.5,0.7935141246797724,43.906382435841586
2026-01-15,2357,528.0,528.0,517.0,521.0,4717395.0,2457306671.0,528.4,535.5,542.9,603.25,632.8666666666667,630.25,35.526315789473685,41.08527131782945,-17.50684326999408,-17.84102408219088,0.3341808121968022,14.40531157692662,34.37964174137878,35.98989614808532,,569.4956070768926,542.9,516.3043929231073,6688189.6,7088894.15,0.7053321275461449,520.9033101955634
2026-01-15,2359,132.5,132.5,129.5,130.5,886106.0,115749852.0,130.3,131.55,129.075,128.99166666666667,136.4125,137.775,38.46153846153846,55.55555555555556,0.5967320038424759,0.47190172791411816,0.12483027592835777,30.04873263892385,20.416053614250693,22.03774986802,,135.5008933435824,129.075,122.6491066564176,1035172.2,1843046.85,0.8559986444767355,130.62754568866478
2026-01-15,2360,983.0,990.0,955.0,966.0,2113518.0,2046187521.0,963.2,912.6,838.0,797.6666666666666,674.8916666666667,515.0833333333334,73.40425531914893,83.50515463917526,52.95687003151454,35.06932906266347,17.88754096885107,40.27059278590329,11.872651711905311,35.746255322863334,,1020.6690997404844,838.0,655.3309002595156,2784025.0,3429476.45,0.7591591311141244,968.1429356172978
2026-01-15,2362,39.15,39.2,38.6,39.0,443037.0,17180675.0,38.42,38.31,38.985,40.071666666666665,41.154583333333335,44.52520833333334,68.08510638297874,38.29787234042554,-0.4943234385215405,-0.5596127498156891,0.06528931129414861,22.89143267597917,20.094918422330014,15.283182048824948,,40.858948828152506,38.985,37.11105117184749,553169.4,658351.75,0.8009065577380093,38.779323171653836
2026-01-15,2363,49.45,49.5,48.6,48.8,2902800.0,141835653.0,49.04,48.114999999999995,47.792500000000004,50.098333333333336,53.07,53.422708333333325,59.09090909090902,64.10256410256406,-0.0066759456518283855,-0.3714716206350591,0.36479567498323073,26.76065567802682,14.072614195367478,20.190382989472933,,49.78571876687781,47.792500000000004,45.7992812331222,4499690.2,3371297.35,0.645111078980504,48.861669078131456
2026-01-15,2364,65.9,65.9,65.2,65.4,154731.0,10120457.0,66.0,66.5,67.08500000000001,68.36833333333334,78.265,80.88250000000001,31.37254901960796,37.73584905660379,-0.7068023598102684,-0.6062697149186193,-0.10053264489164915,18.11312973494908,19.31566488897466,15.280123962555018,,69.03950895703868,67.08500000000001,65.13049104296134,250772.6,201138.3,0.6170171701374073,65.4067833853591
2026-01-15,2365,36.6,36.65,35.35,36.0,2002870.0,71725203.0,35.480000000000004,35.394999999999996,35.3825,35.72,39.42458333333333,39.02229166666667,51.807228915662634,55.279503105590074,0.0026321494054855066,-0.09244763975274986,0.09507978915823537,23.846304367179282,19.436524676408055,11.29314989450017,,36.39363537018298,35.3825,34.37136462981702,2342445.2,2050852.55,0.8550338765662479,35.811212410191374
2026-01-15,2367,34.5,38.15,33.95,37.1,222829958.0,8205855207.0,34.19,31.645,29.555,26.782500000000002,27.395416666666666,27.169166666666666,77.38693467336688,76.13941018766758,2.312480873386381,1.4944557396638936,0.8180251337224873,39.70323427095789,4.714075010363688,49.892615690984,,35.894757591248336,29.555,23.215242408751664,139626431.6,58271857.45,1.5959009726636888,36.82563727360214
2026-01-15,2368,680.0,697.0,665.0,668.0,9540116.0,6466308409.0,660.8,651.8,652.15,572.0416666666666,502.02916666666664,376.1979166666667,64.04494382022472,50.0,18.432846975452662,21.34627715332096,-2.913430177868296,28.90061687878811,14.956486917106693,25.82124479543404,,716.6228420997646,652.15,587.6771579002353,8815865.6,8234003.1,1.0821530673062894,677.8018641492409
2026-01-15,2369,26.45,27.75,26.2,27.55,21769793.0,589062220.0,26.370000000000005,25.369999999999997,24.067500000000003,22.23166666666667,19.83291666666667,17.7625,59.375000000000014,71.31147540983608,1.255456216127456,0.9206805419888318,0.3347756741386243,36.85275985451677,8.496654418250149,46.31601010504197,,27.544230920669026,24.067500000000003,20.59076907933098,24138110.4,17659036.85,0.9018847225091821,27.05869642398529
2026-01-15,2371,37.6,38.55,35.8,37.9,112054405.0,4164680605.0,34.95,32.754999999999995,32.165,33.214166666666664,36.16125,38.70645833333333,93.67088607594937,75.29880478087648,0.7649241799824864,-0.07033906533858421,0.8352632453210707,44.655594188937826,12.560749300333399,21.52511244061697,,36.67056381190556,32.165,27.659436188094435,89619079.2,38670500.3,1.2503409541837827,37.16659425392513
2026-01-15,2373,55.7,56.0,55.5,55.8,59920.0,3337583.0,55.839999999999996,56.04,56.230000000000004,56.769999999999996,57.01416666666667,59.48583333333333,12.499999999999446,39.13043478260861,-0.25421712350442505,-0.21517626164423798,-0.03904086186018707,10.060248924992452,17.26267866268946,21.980208132227407,,56.907767232201245,56.230000000000004,55.55223276779876,40379.8,26808.2,1.483910271967667,55.70065086782377
2026-01-15,2374,80.6,80.6,78.5,79.3,3840008.0,304446511.0,79.12,78.91,78.06,80.595,80.04,67.15333333333334,50.0,59.56284153005464,-0.1194143086247692,-0.40886460760565946,0.28945029898089025,18.77683615952101,15.072539702169632,12.650334549487289,,80.75533710420031,78.06,75.3646628957997,5614184.2,5393517.9,0.6839832579771785,79.2827804004575
2026-01-15,2375,100.0,104.5,98.0,98.2,15191212.0,1523354574.0,95.64000000000001,94.42999999999999,92.2,93.15333333333334,79.2075,69.91541666666667,64.00000000000001,62.215909090909086,1.255415006865931,0.4475958642356457,0.8078191426302854,32.03558689949149,11.919910722664495,22.218273661582593,,98.87280419235493,92.2,85.52719580764507,10755687.4,5045441.4,1.4123887609452093,100.2786725641114
2026-01-15,2376,250.0,250.0,244.0,245.0,5842564.0,1438368539.0,240.6,244.5,241.4,252.91666666666666,267.30833333333334,262.9583333333333,50.0,59.2,-1.0325590839052552,-1.6706261818833277,0.6380670979780725,29.8936367405921,18.703129613281792,19.48045174023201,,254.8735608546918,241.4,227.92643914530822,6768323.8,5051056.4,0.8632217034297325,246.18789610177998
2026-01-15,2377,102.5,102.5,98.7,100.0,13462999.0,1341500273.0,99.47999999999999,97.69000000000001,98.03999999999999,102.91666666666667,116.4625,135.30666666666667,65.81196581196582,55.88235294117647,-0.7190512973422756,-1.5013717368856976,0.782320439543422,22.795522813913333,15.292601447608037,17.210036429828406,,102.63445890521689,98.03999999999999,93.4455410947831,14439418.2,8153832.35,0.9323782172885609,99.64349495977828
2026-01-15,2379,534.0,534.0,505.0,513.0,6555682.0,3373917299.0,534.0,522.2,507.5,513.425,527.4625,533.7125,44.29530201342282,55.344418052256536,5.578565458622165,1.3736749536913904,4.204890504930775,32.433616613573676,32.41993384873628,22.25689158549366,,555.7297134882417,507.5,459.2702865117583,7963298.8,4940309.7,0.8232369730996406,514.6554239513143
2026-01-15,2380,5.23,5.33,5.2,5.2,188216.0,985009.0,5.334,5.102,5.003500000000001,5.1425,5.298916666666667,4.667666666666666,56.589147286821714,57.72727272727272,0.09382182782099502,0.04029357303389641,0.053528254787098606,41.88029875066326,28.539408086429912,21.525013118215345,,5.590025002832177,5.003500000000001,4.4169749971678245,346492.6,179499.25,0.5432035200751762,5.233396735665406
2026-01-15,2382,285.5,285.5,279.5,283.0,15829638.0,4472162893.0,282.3,280.35,272.5,282.7916666666667,279.95,269.51875,51.515151515151516,67.9245283018868,0.9396476661319184,-0.9162486879523795,1.8558963540842979,23.958085964846607,18.697422910307044,16.563743525758206,,289.9506823875031,272.5,255.0493176124969,26969359.6,23886719.85,0.5869489759779094,282.51833004646096
2026-01-15,2383,1660.0,1700.0,1560.0,1570.0,5751542.0,9205746010.0,1610.0,1608.0,1606.75,1466.75,1332.4833333333333,1024.725,48.07692307692307,40.76923076923077,29.06144501448216,38.79500200447585,-9.733556989993687,20.60754942257564,19.845580953376203,20.84660714846889,,1722.384405734103,1606.75,1491.115594265897,3590871.2,3384980.0,1.6017121416106486,1600.5700749468576
2026-01-15,2385,120.5,120.5,118.5,119.0,4897515.0,583628358.0,117.4,116.4,116.25,120.575,128.09166666666667,140.59375,80.0,52.631578947368425,-0.22429312140394586,-0.8201231831936124,0.5958300617896666,19.81055986414294,14.8970660174882,16.50612505309496,,119.48630718728504,116.25,113.01369281271496,4822496.8,4616420.45,1.0155558838317944,119.16826349689588
2026-01-15,2387,39.5,39.75,39.05,39.7,356418.0,14045015.0,38.95,38.69500000000001,38.9375,39.880833333333335,40.999166666666675,47.90625,68.75000000000007,52.32558139534888,-0.16206434388093527,-0.3040274548898074,0.14196311100887216,26.03759393306275,22.872255635953103,14.51877548656525,,39.99025328243943,38.9375,37.88474671756057,394566.0,363510.4,0.9033165554051794,39.40602045912384
2026-01-15,2388,52.3,52.7,51.8,52.1,1925613.0,100420637.0,51.54,51.31,53.06,53.15416666666667,56.182916666666664,65.11020833333333,57.14285714285717,35.63218390804599,-0.9767281433837667,-0.8483867713292157,-0.12834137205455098,25.205282697786025,21.743067633764625,12.689945756513737,,57.60238518379476,53.06,48.517614816205246,3718968.0,3615878.9,0.517781545848203,52.14995796143877
2026-01-15,2390,10.9,10.95,10.5,10.55,1798028.0,19251578.0,10.288,10.064,9.9875,9.709000000000001,10.1355,10.702541666666667,67.51592356687904,64.67889908256885,0.18756966632897587,0.11167042908008101,0.07589923724889486,42.04745347205713,10.193030531674848,31.72471831992176,,10.569723505645678,9.9875,9.405276494354323,1381561.8,565237.8,1.301445943279555,10.707051280625219
2026-01-15,2392,39.75,39.75,38.5,39.05,1486267.0,57703551.0,38.44,37.584999999999994,37.4625,,,,77.94117647058823,62.49999999999998,-0.25496375857587594,-0.7032280666818151,0.4482643081059392,27.18242722342106,15.897603518955972,29.354845653640943,,39.05388304627943,37.4625,35.871116953720566,2362206.4,1537962.7,0.6291859170307895,38.82448510260942
2026-01-15,2393,56.5,56.5,55.6,56.1,1914766.0,107167500.0,55.82000000000001,55.83,54.94,54.695,60.37,69.14875,38.29787234042554,55.737704918032776,0.7083625092302199,0.6050634063753505,0.10329910285486943,25.86322992194458,17.774664975563148,32.334444054955185,,57.86027395974558,54.94,52.01972604025442,2765226.0,7871142.05,0.6924446681754041,55.96898002157966
2026-01-15,2395,293.5,296.5,286.5,287.5,2221868.0,642162973.0,288.7,288.15,285.6,293.2416666666667,310.6166666666667,334.7,47.22222222222223,52.54237288135593,0.3659731155359509,-0.43518799436398115,0.8011611098999321,19.708878371334272,13.156259810278476,17.128723480795344,,294.5888820216752,285.6,276.61111797832484,1812064.6,1473845.2,1.2261527541567778,289.01940754356247
2026-01-15,2397,61.6,61.6,60.5,61.1,143901.0,8774016.0,61.1,61.0,61.175,62.84,68.13416666666666,67.91458333333334,40.00000000000003,47.9591836734694,-0.2921797644609754,-0.39929859619715563,0.10711883173618025,16.367974874090493,22.86997662955278,18.471367903696454,,62.19040761842706,61.175,60.159592381572935,199288.8,149457.35,0.7220726904873731,60.97258531907353
2026-01-15,2399,26.4,26.85,25.8,26.7,4744183.0,124903801.0,26.190000000000005,26.015000000000004,25.5375,23.995833333333334,21.630833333333335,21.219166666666663,58.41584158415839,52.84552845528455,0.6355470681345388,0.6339557924783149,0.0015912756562238561,32.540259073960314,14.673416293286634,38.412017152185406,,27.591219347402554,25.5375,23.48378065259745,7008773.0,8325604.3,0.6768920893856885,26.327778882054087
2026-01-15,2401,21.8,21.8,21.1,21.45,3684176.0,78698175.0,21.05,20.759999999999998,20.5025,20.700833333333332,21.53458333333333,22.25875,51.612903225806406,63.15789473684208,0.20404628577530914,0.04427718704882612,0.15976909872648304,27.037435967254346,15.130155705943679,15.004321395557906,,21.583179610731786,20.5025,19.421820389268216,3510957.0,2572058.6,1.0493366908224737,21.361133398621565
2026-01-15,2402,57.6,57.6,55.2,55.5,12561890.0,703677736.0,56.660000000000004,58.14000000000001,59.85,54.291666666666664,53.01416666666667,45.91083333333333,30.86419753086419,24.867724867724874,0.05049982279365395,1.097472976091114,-1.04697315329746,21.643839058513787,25.581070564511926,19.2782826036293,,67.237756585623,59.85,52.462243414377006,10844682.4,16828193.1,1.1583455869578994,56.01686816235455
2026-01-15,2404,1150.0,1175.0,1140.0,1150.0,4219278.0,4863298860.0,1071.2,1033.8,988.05,876.0666666666667,923.2583333333333,726.2229166666667,86.40776699029126,79.06976744186046,59.08347262284133,43.84441447140091,15.239058151440418,38.07173666404404,7.89824021403136,38.33265420620072,,1124.5513591603803,988.05,851.5486408396196,5913534.2,4869273.0,0.7134951548940056,1152.6376929891796
2026-01-15,2405,17.75,17.75,17.15,17.25,2521041.0,43612011.0,17.27,17.525,17.919999999999998,17.960833333333333,18.244166666666665,18.127291666666665,29.545454545454533,36.47058823529409,-0.18442966263612348,-0.09595537898090276,-0.08847428365522073,16.23229513179412,21.660897673031307,21.146229544097856,,18.959433043842523,17.919999999999998,16.880566956157473,2747157.2,1784445.7,0.9176908405532818,17.29920735124895
2026-01-15,2406,31.85,32.95,30.55,32.45,40992083.0,1300572303.0,29.74,27.040000000000003,26.4075,22.750833333333333,21.46291666666667,17.23770833333333,100.0,70.97902097902099,1.8231339670595226,1.1969804916118059,0.6261534754477167,40.0864757567744,11.806983894848324,28.401010203988033,,31.627227256435916,26.4075,21.187772743564082,46393320.4,25182638.15,0.8835772616956298,31.72740216690135
2026-01-15,2408,235.5,242.5,235.5,237.5,7581987.0,1808965459.0,232.1,228.65,205.3,166.08333333333334,113.50333333333333,81.16645833333334,47.200000000000045,70.46413502109705,20.633366079213914,18.857961127927453,1.7754049512864611,38.265489859725236,12.264717208566214,47.440169509964434,,258.5100109298799,205.3,152.08998907012008,13235074.6,80454215.45,0.572870741506814,238.58725410634443
2026-01-15,2409,15.25,15.55,15.05,15.25,241047944.0,3677314472.0,15.070000000000002,14.935000000000002,13.227500000000001,12.273333333333335,12.547083333333335,12.954791666666665,27.692307692307693,72.09302325581396,1.013463145174759,0.7976650681145535,0.2157980770602056,36.160491559115016,12.49341927688092,39.510677339628344,,17.078470486021697,13.227500000000001,9.376529513978303,399816061.6,272381938.35,0.6028970998197637,15.255531372630168
2026-01-15,2412,133.5,134.0,133.0,133.5,9960620.0,1330819718.0,133.4,133.1,131.9,131.46666666666667,132.49166666666667,131.16041666666666,66.66666666666666,68.75,0.7201991459942008,0.5383664281692958,0.18183271782490495,13.970951115247463,12.32819365507445,19.987176918163957,,134.6453309646125,131.9,129.1546690353875,7576563.2,6207845.6,1.3146620356839365,133.60812057883948
2026-01-15,2413,48.95,48.95,47.45,48.25,2370433.0,114054761.0,46.53,45.239999999999995,41.9975,30.3825,25.285416666666666,23.150416666666665,80.11363636363636,69.60985626283367,4.373992378845472,4.386033398535823,-0.01204101969035154,40.34467322029246,12.146806895842088,56.93884482142549,,53.649221128792924,41.9975,30.34577887120708,2920459.8,12524833.85,0.8116643139549464,48.11558099300845
2026-01-15,2414,41.25,41.3,40.9,41.1,42155.0,1733969.0,41.040000000000006,40.8,40.947500000000005,41.19166666666667,42.17958333333333,40.963750000000005,81.24999999999956,51.51515151515164,-0.04992839447590569,-0.10916518366135497,0.05923678918544928,22.44967828164397,27.552019584589253,17.572665297453465,,41.48009543251664,40.947500000000005,40.41490456748337,89100.4,90580.9,0.473117965800378,41.13317518681058
2026-01-15,2415,27.0,27.15,26.75,27.1,80973.0,2191142.0,26.869999999999997,26.410000000000004,26.0625,25.668333333333337,25.489583333333332,25.517083333333332,80.00000000000014,70.76923076923089,0.2609248410589018,0.13378293870513505,0.12714190235376674,29.56959597202196,18.0004478356105,20.49185416241589,,27.115253282438253,26.0625,25.009746717561747,155546.0,99928.45,0.5205726923225283,27.06015585442061
2026-01-15,2417,40.4,40.4,39.5,40.0,495560.0,19712866.0,39.68,39.54,38.355,37.657500000000006,40.23708333333333,40.792500000000004,50.0,64.1104294478528,0.7913700540957151,0.6658243369591261,0.12554571713658902,25.259705418029732,16.631864649729888,22.255888008105384,,42.513175207063064,38.355,34.19682479293693,741365.8,1393394.0,0.6684419486304871,39.77896924691258
2026-01-15,2419,32.75,34.0,31.1,33.4,24253195.0,787820381.0,29.939999999999998,27.440000000000005,25.959999999999997,24.106666666666666,23.657500000000002,23.936875,89.80582524271847,80.0,1.8894234972676394,0.9964510212200056,0.8929724760476337,50.02253550855128,8.564197317445092,34.9132819232536,,31.686999765653127,25.959999999999997,20.233000234346868,16391513.2,6019552.15,1.4796190384668086,32.483158651880714
2026-01-15,2420,52.2,52.2,51.5,52.2,178574.0,9267570.0,51.220000000000006,50.9,50.675,50.56083333333333,52.49249999999999,54.66916666666667,73.33333333333343,67.24137931034483,0.27648278820785777,0.10950433039226792,0.16697845781558984,30.560971791083357,17.394519486208413,13.125913387945936,,51.87828497740037,50.675,49.471715022599625,281053.6,208209.1,0.6353734661288808,51.897644673916695
2026-01-15,2421,157.0,157.5,152.0,153.0,2498948.0,386218348.0,154.5,155.5,156.625,160.625,144.90833333333333,121.655,38.70967741935485,40.74074074074074,-1.6948382116767107,-1.3785557478934996,-0.3162824637832111,10.574904170585095,21.194610831906168,16.391278634052487,,162.60633060359382,156.625,150.64366939640618,2547572.8,2502860.8,0.980913283420203,154.5523748393324
2026-01-15,2423,55.1,55.1,54.0,54.6,108129.0,5890186.0,54.36,54.620000000000005,55.30500000000001,53.93833333333334,53.52166666666667,48.772708333333334,35.483870967741964,47.85714285714285,0.07563488766488291,0.3091482829178476,-0.23351339525296472,23.641918729425512,15.36808800077441,21.995881771019913,,58.09632113598859,55.30500000000001,52.513678864011425,110945.2,137595.2,0.9746162970547622,54.4736934587391
2026-01-15,2424,38.2,38.8,36.9,38.45,257334.0,9745215.0,34.0,34.135000000000005,36.057500000000005,,,,69.81132075471699,51.0028653295129,-1.020776078182415,-1.2451144944153734,0.22433841623295847,34.93048041650887,23.47677608633409,16.60378515096382,,41.587349622010564,36.057500000000005,30.527650377989445,91028.2,86215.65,2.8269701037700408,37.86990836811304
2026-01-15,2425,31.7,31.75,31.25,31.5,291573.0,9195258.0,31.089999999999996,30.840000000000003,30.485000000000003,29.527499999999996,31.36875,33.53854166666667,66.66666666666663,55.86206896551726,0.45317500201882766,0.3906497356165686,0.06252526640225903,30.83314106543028,15.57293965954942,25.679876339409464,,31.98976436343602,30.485000000000003,28.980235636563986,353660.6,296070.35,0.8244429829050791,31.5367266516447
2026-01-15,2426,17.95,17.95,17.4,17.55,664156.0,11665420.0,17.160000000000004,17.145,17.185,16.7375,16.9725,17.325208333333332,53.70370370370369,54.400000000000006,0.14475563040017647,0.13242548019884048,0.012330150201335988,30.48612116890451,19.762937308202755,18.18958887413265,,18.07653917763811,17.185,16.293460822361887,903805.6,961665.9,0.7348438646540805,17.564277067435963
2026-01-15,2427,27.0,27.0,26.6,26.7,553641.0,14803182.0,26.71,26.5,26.7275,26.748333333333335,27.36125,27.021875,64.99999999999999,45.454545454545475,-0.11544793930601926,-0.15227416597654825,0.03682622667052898,22.80160339825944,24.701549539743837,12.835248487510873,,27.461970808420332,26.7275,25.993029191579666,722570.2,674837.7,0.7662106740632261,26.737871653291574
2026-01-15,2428,179.5,181.5,177.5,177.5,820791.0,147085484.0,175.5,176.2,174.925,183.54166666666666,168.775,155.75,51.72413793103448,56.92307692307692,-1.13219451620418,-1.783857040936056,0.6516625247318759,26.794197732555237,20.680841788570298,13.712727551190683,,180.60298147973901,174.925,169.247018520261,735123.6,547686.8,1.1165346888604855,179.1996793337159
2026-01-15,2429,76.5,78.6,75.7,77.1,366203.0,28221431.0,76.14,76.6,77.75,82.85833333333332,93.37750000000001,73.75999999999999,65.62500000000006,46.428571428571416,-1.5990861003088668,-1.69236908242842,0.09328298211955333,25.747482911585244,21.323740199984094,11.977361831614637,,83.96830912878274,77.75,71.53169087121726,403319.6,629559.75,0.9079722383935718,77.0649912753309
2026-01-15,2430,22.85,23.0,22.8,22.95,50147.0,1148028.0,22.740000000000002,22.725,22.8275,23.51833333333333,23.964166666666664,25.528333333333332,76.92307692307696,50.0,-0.16430236161320266,-0.2099147932299113,0.04561243161670864,24.523242217498645,24.92294004882264,31.33924158471121,,23.137805452233515,22.8275,22.517194547766486,69987.6,54208.1,0.7165126393818333,22.89325383372884
2026-01-15,2431,12.45,12.65,12.35,12.6,639369.0,7960515.0,12.129999999999999,11.875,11.715,11.765833333333335,12.133333333333333,12.376666666666665,76.92307692307696,72.3404255319149,0.16558056602048943,0.04984085775723194,0.1157397082632575,29.023602289892374,11.855116668664662,18.271309445704418,,12.41319315680571,11.715,11.01680684319429,689494.4,591195.2,0.9273012224609801,12.450580181397596
2026-01-15,2432,24.95,25.05,24.95,25.0,22000.0,550350.0,24.91,25.119999999999997,25.405,,,,43.74999999999995,26.92307692307692,-0.407197268948579,-0.39972568925422525,-0.007471579694353747,15.443177697740913,34.98881245481053,29.304840719184032,,26.274906226041242,25.405,24.53509377395876,36793.8,37863.85,0.5979268246280622,25.01590909090909
2026-01-15,2433,46.5,46.9,46.5,46.7,44800.0,2090804.0,46.81,47.015,47.25,47.81666666666667,48.46041666666667,49.35854166666666,0.0,21.42857142857136,-0.28192502007934905,-0.22899273160552874,-0.05293228847382031,10.344678146779524,39.119357758357815,31.799136237073878,,47.86387466576145,47.25,46.63612533423855,51679.4,35579.45,0.8668831294480973,46.66973214285714
2026-01-15,2434,30.0,30.35,30.0,30.25,49388.0,1486451.0,30.3,30.820000000000004,30.764999999999997,31.005000000000003,30.022916666666667,29.676875,24.137931034482676,49.49494949494948,-0.23983230394496857,-0.13000116384677407,-0.1098311400981945,27.397782580498713,29.758897732964606,15.464642812802571,,31.949149706040743,30.764999999999997,29.58085029395925,42243.4,32681.45,1.169129378790533,30.097412326881024
2026-01-15,2436,48.65,48.8,48.0,48.8,909537.0,43982992.0,48.37,48.295,48.2725,47.60166666666667,49.36875,,39.79591836734692,54.794520547945204,0.21915297554656377,0.21671163038194896,0.0024413451646148054,22.493159364821615,23.863373408476797,12.629585308517411,,49.550440365959325,48.2725,46.99455963404068,1274563.2,1548745.55,0.7136068262444735,48.357562144255816
2026-01-15,2438,21.7,22.0,21.3,21.95,64871.0,1406618.0,21.7,21.639999999999997,21.695,22.83,24.230416666666667,27.547500000000003,60.714285714285666,57.407407407407355,-0.3582292162655669,-0.4556166170175903,0.0973874007520234,28.047501039222645,20.043236100219804,21.346750079948098,,22.23585701972713,21.695,21.15414298027287,69668.6,70533.15,0.9311368392647476,21.683309953600222
2026-01-15,2439,109.0,109.0,106.0,109.0,2304564.0,248281265.0,104.8,100.74,99.22999999999999,102.53666666666666,105.25999999999999,110.29541666666665,90.50632911392405,71.42857142857142,1.2983453750766643,-0.28293942698972635,1.5812848020663905,37.58670636161834,14.807704895160438,28.91212239211805,,107.43810895587771,99.22999999999999,91.02189104412227,3395084.0,3181801.95,0.6787943980178399,107.73459318118307
2026-01-15,2440,15.5,15.5,15.1,15.35,346201.0,5269523.0,14.979999999999999,14.709999999999999,14.627500000000001,13.37,12.9925,13.153541666666667,95.0000000000001,73.8095238095238,0.4510370463340738,0.43374080740270227,0.017296238931371555,31.67066142453674,12.35753284166395,30.713813232845904,,15.355492914945414,14.627500000000001,13.899507085054589,401316.6,559062.55,0.8626630445887362,15.22099300695261
2026-01-15,2441,95.7,96.9,93.6,96.2,9404291.0,897916938.0,94.08000000000001,91.51,89.505,78.29166666666667,70.29416666666665,64.625,84.07079646017692,74.87437185929645,4.288416419708611,4.064597056592636,0.2238193631159744,27.27316706312922,6.555247593379245,49.44213135357714,,95.89363299767115,89.505,83.11636700232884,19461989.8,16487759.3,0.4832132323900406,95.4794931377602
2026-01-15,2442,24.95,25.6,24.5,24.7,1885800.0,46928398.0,24.06,24.1,25.009999999999998,24.820833333333333,25.6825,25.38041666666667,84.61538461538457,33.644859813084125,-0.29579799765840065,-0.2177185634851738,-0.07807943417322685,31.561947149167892,25.025355598310057,24.33671480717674,,27.218738625502564,25.009999999999998,22.801261374497432,1842287.0,1035250.65,1.0236190126728355,24.88514052391558
2026-01-15,2444,12.45,12.6,12.05,12.2,644563.0,7897777.0,11.91,11.565,11.61,11.280833333333334,11.348749999999999,12.430208333333333,70.83333333333331,59.999999999999986,0.18081639785319226,0.1002443054324895,0.08057209242070276,30.20281205672768,10.438449390924072,22.668463889813875,,12.362959074864873,11.61,10.857040925135125,1076374.4,554757.95,0.5988278799644436,12.252917092665884
2026-01-15,2449,271.5,271.5,263.0,267.5,19953479.0,5311859738.0,268.4,266.9,246.35,223.36666666666667,186.64166666666668,145.1533333333333,53.57142857142858,82.55033557046983,13.798739855966573,12.58960229785732,1.2091375581092532,32.92416407154589,15.000497582877545,38.6304751000805,,292.93902061758007,246.35,199.76097938241992,21622125.6,27607945.15,0.9228268935779376,266.21220981063004
2026-01-15,2450,28.7,28.95,28.7,28.85,167707.0,4837238.0,28.71,28.7,28.825,28.96,29.200833333333332,30.532083333333333,72.72727272727285,47.826086956521856,-0.06920218813507972,-0.06674782797217971,-0.0024543601629000156,21.839928100036314,14.391093878894736,12.654675584432262,,29.128488489331758,28.825,28.52151151066824,130995.0,100182.2,1.2802549715638,28.84338757475836
2026-01-15,2451,243.0,243.0,237.0,238.0,4558823.0,1087366336.0,239.3,231.8,207.85,181.45,144.0533333333333,123.22083333333333,50.0,75.57603686635943,17.364274117839074,14.253890347675286,3.1103837701637875,31.01184756346359,11.250775653928692,45.617518326775134,,263.2671738533711,207.85,152.43282614662888,16118614.8,15152312.05,0.28282970072589614,238.51909495060457
2026-01-15,2453,56.8,56.8,55.4,56.4,909939.0,50972535.0,55.3,54.160000000000004,53.515,54.2,57.10333333333333,59.226666666666674,79.66101694915258,68.08510638297872,0.5632331701949411,0.09259998615051505,0.47063318404442606,36.00531809718295,12.153782710055012,16.713870816757936,,56.13418026549374,53.515,50.89581973450626,868459.8,403145.9,1.047761796228219,56.01752974649949
2026-01-15,2454,1500.0,1500.0,1465.0,1490.0,8207614.0,12144079145.0,1468.0,1475.5,1441.75,1356.4166666666667,1368.4166666666667,1378.0208333333333,50.0,65.71428571428572,29.248488279170033,28.611059866251775,0.6374284129182577,28.13263383795262,19.086129470021575,26.91319626620745,,1526.7438078239861,1441.75,1356.7561921760139,7691389.8,7499101.9,1.0671171548216163,1479.6113882792247
2026-01-15,2455,159.5,170.0,159.5,168.5,18544219.0,3077336162.0,158.8,154.5,150.75,146.11666666666667,149.22083333333333,136.29041666666666,68.35443037974683,62.50000000000001,4.622894890289189,3.0809369225409067,1.541957967748282,34.32402975877291,14.100720547592118,22.759913416331106,,169.52708569955468,150.75,131.97291430044532,15900610.0,8070411.65,1.1662583385165726,165.94584878446486
2026-01-15,2457,29.3,30.0,28.65,29.35,8244658.0,241671545.0,28.5,28.389999999999997,28.847500000000004,29.4325,26.707083333333333,26.664583333333333,56.862745098039234,50.625,-0.17495318700650486,-0.21047462011660914,0.03552143311010428,27.19252467767332,19.238033403390702,16.416897936567345,,30.33869344645139,28.847500000000004,27.356306553548617,5510344.2,4168115.85,1.4962147010707607,29.312500894518607
2026-01-15,2458,117.5,118.5,115.5,117.0,2158419.0,250881043.0,117.5,117.35,120.775,125.45833333333333,126.2625,130.75416666666666,45.45454545454546,21.875,-2.6471889752744744,-2.520872866263319,-0.1263161090111553,9.787487070561987,22.431947202999336,24.634615250036422,,129.34345499798985,120.775,112.20654500201015,2058298.6,2394556.95,1.0486423106929188,116.2337076350792
2026-01-15,2459,67.7,67.9,67.4,67.9,71978.0,4874912.0,67.14000000000001,66.65,66.0,65.86833333333333,64.4,64.33708333333333,95.00000000000028,93.74999999999994,0.42672578666321215,0.19504550761339196,0.2316802790498202,37.40290102538587,15.844519466280763,21.46876666114958,,67.77230150696164,66.0,64.22769849303836,77045.4,71571.95,0.9342283900141994,67.72780571841396
2026-01-15,2460,22.95,23.15,22.4,22.8,293149.0,6658413.0,23.020000000000003,23.31,21.595000000000002,18.548333333333332,18.508750000000003,19.013333333333332,42.62295081967215,63.000000000000014,1.232547148333257,1.2839828221578597,-0.05143567382460268,25.009594929513163,20.587183710487245,35.771440211054475,,25.340720364980623,21.595000000000002,17.849279635019382,562679.6,750586.85,0.5209874322794003,22.713408539684597
2026-01-15,2461,17.35,17.35,17.0,17.2,501466.0,8584232.0,16.96,16.71,15.860000000000003,15.559999999999999,16.02,16.92354166666667,59.99999999999997,74.25742574257423,0.49420127121850044,0.30614324368994084,0.1880580275285596,38.47741904017166,11.66463023144496,34.014335401840945,,17.845632605016547,15.860000000000003,13.87436739498346,923875.0,1088584.8,0.542785549993235,17.118273222910428
2026-01-15,2462,26.2,26.35,24.9,26.0,4048138.0,103869620.0,24.66,24.35,23.419999999999998,22.833333333333332,23.552083333333332,23.430625000000003,76.47058823529412,73.94366197183099,0.68245242604673,0.42564870958474593,0.256803716461984,35.3552113617423,11.917421212581642,31.48416096176354,,25.642468992146227,23.419999999999998,21.19753100785377,1771207.8,982675.9,2.285524036197221,25.65861638116092
2026-01-15,2464,68.3,68.3,66.7,66.8,2177933.0,146194813.0,65.97999999999999,66.5,64.15,62.20666666666667,64.655,64.56145833333333,39.8148148148148,60.698689956331876,1.5459084478351741,1.364590743337256,0.18131770449791818,33.54094912427923,17.845054128314956,27.08365323917808,,70.01784278482091,64.15,58.2821572151791,2240907.0,3414149.8,0.9718979859494392,67.12548687218569
2026-01-15,2465,58.0,58.8,57.8,58.5,264750.0,15462443.0,58.160000000000004,59.169999999999995,59.78499999999999,59.97666666666667,61.6875,61.25,33.33333333333333,45.0381679389313,-0.24214593409725182,0.016154591829045484,-0.2583005259262973,28.516613923580703,22.301304498789566,14.962962538166904,,63.197222612587886,59.78499999999999,56.37277738741209,254048.8,422676.35,1.042122615812395,58.40393956562795
2026-01-15,2466,65.0,65.8,64.4,65.0,681112.0,44344813.0,66.04,66.32000000000001,66.465,58.188333333333325,64.54,75.29166666666667,25.0,40.76433121019106,1.4745981579420686,2.1013716893749943,-0.6267735314329257,22.45564267603041,16.87128822545979,30.068573130459765,,68.80573762552926,66.465,64.12426237447075,1633023.8,1743779.35,0.41708638906548695,65.10649203067925
2026-01-15,2467,252.5,260.0,252.0,256.0,1071443.0,273919943.0,255.9,262.0,248.625,210.99166666666667,194.65416666666667,176.13541666666666,28.125,64.55696202531645,11.203863021237623,13.251034188877789,-2.0471711676401654,27.62451193030192,11.427171590807836,49.60484503379507,,280.688875393712,248.625,216.56112460628796,2521580.4,3162333.5,0.4249093148090777,255.655170643702
2026-01-15,2468,41.85,41.9,40.55,40.9,337975.0,13799387.0,40.809999999999995,40.795,41.615,42.919999999999995,48.25416666666667,52.18895833333333,52.238805970149215,40.00000000000005,-0.6119892729726288,-0.6566211278247699,0.04463185485214105,22.44900682546177,20.079592471302472,11.089103516649281,,43.83668736253466,41.615,39.39331263746534,360894.4,695705.7,0.9364927801595148,40.829608698868256
2026-01-15,2471,52.0,52.3,51.8,52.0,227282.0,11823556.0,51.5,50.675,50.332499999999996,50.29833333333333,50.66708333333334,54.37145833333333,86.76470588235289,69.81132075471693,0.3985041702078007,0.1392731224189121,0.2592310477888886,38.78013691638657,11.745517847204786,24.750403065567138,,52.00307349119261,50.332499999999996,48.66192650880738,206845.8,116431.45,1.0987992021109445,52.02152392182399
2026-01-15,2472,119.5,122.5,118.0,121.0,9240646.0,1111823735.0,116.1,113.75,109.525,106.77833333333334,95.47583333333333,88.1875,78.37837837837839,65.93406593406593,3.3700388190767114,2.16989692416325,1.2001418949134615,34.32751438863844,9.476736858392103,36.24737303551825,,120.8129768361126,109.525,98.23702316388741,10417778.8,5732178.65,0.8870073148414324,120.31883214658369
2026-01-15,2474,214.5,214.5,210.5,211.0,4534809.0,960497124.0,208.6,207.35,204.025,201.26666666666668,197.49166666666667,203.075,64.0,53.06122448979592,3.108597374314712,2.448815484694586,0.6597818896201262,32.98583669191108,14.932806223509335,24.20167020922835,,217.56820571550853,204.025,190.48179428449149,4831448.4,4463668.35,0.9386023868122031,211.80541980930178
2026-01-15,2476,93.0,93.2,91.7,92.8,1022261.0,94440229.0,91.97999999999999,91.05,89.53999999999999,90.78666666666666,94.06916666666666,86.29458333333334,70.31249999999994,67.30769230769224,0.7427550097450819,0.19254661979823937,0.5502083899468425,24.46877878505701,14.152644964796618,19.757802138000212,,93.43028479541977,89.53999999999999,85.64971520458022,1692306.8,1474451.55,0.6040636366880994,92.38367598881304
2026-01-15,2477,25.05,26.1,24.85,25.8,1004152.0,25725646.0,24.89,24.765,24.322499999999998,23.872500000000002,23.91166666666667,23.619791666666668,55.17241379310345,65.76576576576576,0.35293008951380855,0.25579530849145865,0.0971347810223499,36.256678120106905,14.770228417005088,24.663392030858784,,25.718160567993003,24.322499999999998,22.926839432006993,465608.0,343287.4,2.156646793010429,25.619274771150184
2026-01-15,2478,70.5,74.5,70.1,70.6,11236892.0,809419197.0,67.9,64.76,60.485,61.105000000000004,53.370000000000005,49.255208333333336,78.35820895522387,80.32128514056227,2.6724144201239923,1.1915111332598831,1.4809032868641092,43.218278312141976,8.545135885722727,33.07092320608477,,71.10757278777577,60.485,49.86242721222423,10497583.8,3711449.5,1.0704265109081577,72.03230190340888
2026-01-15,2480,145.0,145.5,143.0,143.5,308019.0,44321450.0,146.7,148.35,149.325,152.075,161.675,157.04791666666668,23.80952380952381,34.09090909090909,-1.433946298004173,-0.8407774823058034,-0.5931688156983697,13.538944861067447,26.39004637618584,14.8876469765715,,154.35412569570215,149.325,144.29587430429783,336937.8,171179.3,0.9141716957848006,143.89193523776132
2026-01-15,2481,82.6,87.7,82.1,87.4,34327073.0,2961738034.0,83.5,81.39,81.5,84.05999999999999,74.36708333333334,62.335208333333334,75.59055118110233,62.88209606986901,0.08020553457193103,-0.6414150101231547,0.7216205446950857,24.714371394351243,16.20115931655299,16.191753823944627,,86.38132855081656,81.5,76.61867144918344,21425826.0,12832399.65,1.602135338912955,86.27994685127975
2026-01-15,2482,18.7,18.7,18.25,18.45,158103.0,2912465.0,17.909999999999997,17.43,17.4625,17.608333333333334,18.467499999999998,19.513958333333335,84.61538461538444,64.78873239436615,0.15630096880481759,0.009454901399392089,0.1468460674054255,31.25290139299461,12.728568871592252,21.746534754325662,,18.37318221969258,17.4625,16.551817780307417,243815.4,147008.65,0.6484537071899478,18.421313953561917
2026-01-15,2483,20.3,20.3,19.8,19.85,282608.0,5638403.0,19.32,19.015,18.8775,19.253333333333334,19.41708333333333,19.297291666666663,81.24999999999997,73.7704918032787,0.12497064490711196,-0.024310625245981318,0.14928127015309328,38.702017113850204,10.267371739447404,28.320140247431866,,19.670545429109467,18.8775,18.084454570890536,171992.8,87053.85,1.6431385499858135,19.951321264790806
2026-01-15,2484,27.8,27.8,26.0,27.0,17343135.0,471198366.0,23.36,21.9,21.28,21.224166666666665,21.5875,22.169791666666665,95.55555555555554,85.00000000000001,0.8743950668688498,0.2211681548777125,0.6532269119911374,65.348047376923,6.239896627669986,27.646306553569616,,24.857914711701497,21.28,17.702085288298505,4648701.2,1419863.9,3.7307484937943527,27.16915747931386
2026-01-15,2485,35.9,36.55,34.25,36.55,134147784.0,4764648253.0,30.51,28.044999999999998,28.1975,22.061666666666667,17.47375,15.481458333333332,86.51685393258427,70.2842377260982,2.008768156208685,1.4044470877454864,0.6043210684631986,53.751932193936604,11.537810046088024,48.59993093073766,,33.99218676779341,28.1975,22.402813232206594,50126094.4,39843075.85,2.6762065867234215,35.517905036731726
2026-01-15,2486,92.8,92.8,89.3,89.6,5342080.0,481291368.0,90.66,92.51,92.84,88.91333333333334,83.98416666666667,86.32375,25.974025974025963,45.65217391304348,-0.2783322659046945,0.3465755704505841,-0.6249078363552787,23.699715092752772,15.555130435815535,35.77124762845286,,97.66030791765958,92.84,88.01969208234043,4992114.6,10673352.25,1.0701036390470684,90.09437672217564
2026-01-15,2488,45.1,45.2,45.0,45.1,75340.0,3397192.0,45.16,45.56,45.61,45.836666666666666,46.4075,47.937083333333334,18.18181818181816,43.956043956044006,-0.13257594352757707,-0.038387551138259556,-0.0941883923893175,15.79688705509227,25.598262512332674,11.76362382463572,,46.469375538277276,45.61,44.75062446172272,252411.0,149163.6,0.2984814449449509,45.091478630209714
2026-01-15,2489,16.45,16.45,16.1,16.3,3557937.0,57764326.0,15.99,16.095000000000002,15.4525,14.945833333333333,14.358749999999999,15.069583333333332,39.024390243902445,66.03773584905662,0.38427601786571053,0.3178112046472797,0.06646481321843084,35.92199829936642,16.31159574843319,30.804575506381887,,17.03645740240418,15.4525,13.868542597595818,5361621.4,7504496.9,0.6635934793903948,16.235342559466343
2026-01-15,2491,22.5,22.85,21.0,21.55,3462774.0,76049175.0,19.81,19.205000000000002,20.44,17.130833333333335,14.782416666666668,13.25925,95.71428571428565,54.802259887005654,0.3262870655447365,0.3926251258644823,-0.06633806031974576,39.38567871421642,19.77083024533397,27.19649130262006,,24.27482655889965,20.44,16.60517344110035,1145844.4,1363243.2,3.0220281217938494,21.961922724382244
2026-01-15,2492,135.0,138.0,133.0,134.0,17618642.0,2377304304.0,129.7,128.1,121.75,120.89166666666667,104.83916666666666,95.89124999999999,54.54545454545455,70.78651685393258,3.7702004143002483,2.3596628487153968,1.4105375655848515,36.071432552904476,12.557546917849768,30.35279961647548,,136.31202704224006,121.75,107.18797295775992,20282754.8,11087392.95,0.8686513332991631,134.93118845368446
2026-01-15,2493,125.0,127.5,123.0,127.0,1133573.0,142356474.0,125.9,123.9,115.795,101.57333333333334,111.27333333333334,102.85958333333333,69.69696969696969,68.25396825396825,6.8474544821836645,6.428916609013541,0.4185378731701235,29.657119164115304,8.831557393874455,47.28590187819302,,139.53432779609622,115.795,92.0556722039038,2696067.2,3102884.05,0.4204542824451853,125.58209660956992
2026-01-15,2495,31.6,31.8,31.0,31.55,5396932.0,169153745.0,31.85,31.915000000000003,31.464999999999996,27.795833333333334,24.720833333333335,25.273958333333333,18.1818181818182,50.66666666666667,1.0152395410481319,1.2366212015225366,-0.22138166047440477,27.528912017292008,19.52582059816464,35.8125074265139,,33.934412885688374,31.464999999999996,28.995587114311615,6097663.4,13391556.3,0.8850819807469201,31.34257481843388
2026-01-15,2496,68.9,69.4,68.8,69.4,22386.0,1547311.0,68.70000000000002,68.33000000000001,68.43,67.92166666666667,67.92,73.35875000000001,89.4736842105262,70.37037037037051,0.11563387293941219,0.02993451228201094,0.08569936065740125,25.759479953839392,10.508880494272265,20.40653313472452,,69.25103913619355,68.43,67.60896086380646,22501.0,17745.35,0.9948891160392871,69.11958366836416
2026-01-15,2497,52.0,52.0,51.1,51.7,362228.0,18640033.0,52.019999999999996,53.15,,,,,26.92307692307699,70.12987012987013,1.9276571302944063,2.2402751565371606,-0.31261802624275425,18.65957364506227,14.662496519676413,27.73201247252555,,,,,460790.2,,0.7861017877550347,51.459392979007696
2026-01-15,2498,47.0,47.15,46.0,46.3,8751000.0,406127443.0,46.1,47.165,48.3075,49.50166666666667,53.067083333333336,47.126666666666665,37.28813559322035,28.160919540229884,-1.0579150560762898,-0.8091215674644464,-0.24879348861184336,15.950036316251111,24.100077614612943,18.582026569788813,,51.45213201763116,48.3075,45.16286798236884,8187996.4,7567876.05,1.0687596296451718,46.409260998743
2026-01-15,2501,23.5,23.6,23.15,23.2,1724380.0,40178425.0,23.55,23.580000000000002,23.4925,22.778333333333332,22.229166666666668,21.65375,19.230769230769212,35.71428571428571,0.23139297983463436,0.29914571892402103,-0.06775273908938667,24.770896734432853,18.44288744644566,28.871349043774266,,24.3318449827093,23.4925,22.6531550172907,2342977.0,2488820.4,0.7359782020907589,23.30021514979297
2026-01-15,2504,38.3,38.4,37.9,38.3,2642701.0,100746758.0,37.89,37.605000000000004,37.4675,36.250833333333325,36.48583333333333,39.10666666666667,60.655737704918046,48.38709677419352,0.49036675757682247,0.46550009335562065,0.024866664221201817,25.109904266165174,14.295280627529133,16.07423237761918,,38.69408061292286,37.4675,36.24091938707714,2538776.6,5063472.55,1.0409348345183267,38.12264724613189
2026-01-15,2505,19.95,20.0,19.8,19.95,261835.0,5204597.0,19.859999999999996,19.759999999999998,19.732499999999998,19.221666666666668,19.088749999999997,19.636666666666667,84.61538461538444,53.33333333333326,0.1618828864911528,0.1611510017897218,0.0007318847014309848,31.48898951324685,16.053916581866726,23.225394904395113,,20.238542436330977,19.732499999999998,19.22645756366902,637485.8,433606.15,0.4107307174528436,19.877392250845
2026-01-15,2506,9.09,9.09,9.03,9.09,135334.0,1225655.0,9.080000000000002,9.120000000000001,9.241,9.450666666666667,9.586916666666667,10.096541666666667,38.8888888888885,15.90909090909065,-0.10727478407492086,-0.09572214852119092,-0.011552635553729942,11.080621825046656,25.527364332462,36.531338246366346,,9.511352596280746,9.241,8.970647403719253,197267.6,186531.95,0.6860427155802574,9.05651942601268
2026-01-15,2509,15.45,15.55,15.1,15.25,369648.0,5635738.0,15.4,15.570000000000002,15.61,15.066666666666666,14.89375,14.839583333333334,37.49999999999997,47.76119402985073,0.06294935492213405,0.15374557571093347,-0.09079622078879943,27.245614348383075,28.108381730060433,19.520114657565248,,16.469375538277358,15.61,14.75062446172264,219001.8,334745.55,1.6878765380010576,15.246228844738779
2026-01-15,2511,8.61,8.61,8.49,8.52,1531226.0,13055330.0,8.540000000000001,8.404,8.297,8.451666666666666,8.80875,9.244833333333332,68.42105263157856,71.4285714285713,0.06731575934992229,0.017637366495154398,0.04967839285476789,28.634431815051077,14.935474269456837,29.536295543538625,,8.658290086102342,8.297,7.935709913897659,1507366.2,1313777.0,1.0158288012561247,8.526063428912519
2026-01-15,2514,15.15,15.25,15.15,15.25,111785.0,1698825.0,14.919999999999998,14.865,14.9225,14.713333333333335,14.945833333333333,16.493333333333332,100.0,66.66666666666663,0.05632469174425836,0.04385980981889785,0.012464881925360508,28.72731527086319,12.990915009897652,20.11007973689454,,15.269631099154118,14.9225,14.57536890084588,291990.0,192623.75,0.3828384533716908,15.197253656572885
2026-01-15,2515,13.9,13.95,13.3,13.4,9192345.0,124423732.0,13.420000000000002,13.195000000000002,13.2,14.078333333333335,12.649166666666668,11.87625,62.06896551724136,50.94339622641511,-0.07662118151151454,-0.1736136686322005,0.09699248712068598,24.08310236161291,16.246721256389808,10.927976533325822,,13.682318959763714,13.2,12.717681040236284,9387957.8,8305165.15,0.9791634342455181,13.535581181950851
2026-01-15,2516,14.55,14.95,14.55,14.95,197760.0,2923947.0,14.569999999999999,14.559999999999999,14.757499999999999,14.780833333333334,14.79375,16.979166666666668,69.56521739130434,48.48484848484846,-0.08784516493357408,-0.08544060797335493,-0.0024045569602191563,26.93610312552579,16.47912823416554,15.055131753726977,,15.267685724696744,14.757499999999999,14.247314275303253,193415.2,248773.15,1.022463591279279,14.785330703883496
2026-01-15,2520,33.4,33.55,32.7,33.0,1450875.0,47868562.0,33.239999999999995,32.8,33.714999999999996,33.15,36.029583333333335,44.223125,60.00000000000008,30.15873015873015,-0.08984876501659045,-0.02751059971782097,-0.06233816529876948,22.398493596425574,20.2160870138505,20.667298051201758,,36.053262963015236,33.714999999999996,31.37673703698476,1746620.4,5994382.5,0.8306756293468232,32.99289187559231
2026-01-15,2524,43.55,43.55,42.7,43.0,142907.0,6143798.0,42.14,41.8,42.36749999999999,41.979166666666664,42.983333333333334,47.7975,84.61538461538464,41.071428571428584,-0.012962565920943803,-0.07799978899656902,0.06503722307562522,26.80547033152066,15.439719978991015,14.03507390051929,,44.13423204116068,42.36749999999999,40.600767958839306,173633.8,207869.35,0.8230367589720435,42.991581937903675
2026-01-15,2527,30.8,30.8,29.95,30.2,595341.0,17974826.0,30.870000000000005,29.939999999999998,29.325,27.511666666666667,26.5575,28.799791666666668,60.784313725490165,58.33333333333332,0.7488376346393117,0.6314552711803775,0.11738236345893427,37.87543835750159,19.8686801090912,32.12469146508774,,31.565887981887876,29.325,27.084112018112123,1164616.2,463364.35,0.5111907253222134,30.192488002674096
2026-01-15,2528,29.9,30.0,29.7,29.75,317126.0,9457504.0,30.110000000000003,30.04,30.32,30.211666666666662,29.627083333333335,33.438541666666666,48.27586206896549,34.285714285714306,-0.06540853013274273,0.005587101294145694,-0.07099563142688842,22.598710320985045,19.503743748638644,9.585325270460451,,31.34874476400667,30.32,29.29125523599333,826033.2,708809.55,0.38391435114230277,29.822543720792368
2026-01-15,2530,28.35,28.75,28.15,28.55,819322.0,23243977.0,29.139999999999997,28.915,28.642499999999995,28.51,29.442083333333333,32.322916666666664,40.35087719298243,50.45045045045046,0.17397713179873264,0.1589343697193424,0.015042762079390232,19.631840691889295,16.69108665087007,18.960600168860804,,29.845249044130938,28.642499999999995,27.43975095586905,1214071.2,1007659.0,0.6748549837933723,28.369770371111724
2026-01-15,2534,20.35,20.45,20.2,20.4,629164.0,12775759.0,20.34,20.43,20.557499999999997,20.624166666666667,21.46875,23.172291666666663,53.84615384615363,32.142857142857125,-0.0532847892334658,-0.02396451517120265,-0.02932027406226315,17.355466493735726,16.357931554235293,14.711398700593715,,20.98334281755701,20.557499999999997,20.131657182442986,694232.6,488277.85,0.9062726239015569,20.305928184066474
2026-01-15,2535,67.0,67.4,66.0,67.4,393679.0,26277959.0,66.04,64.77000000000001,63.739999999999995,63.44833333333333,61.645,59.86291666666667,85.7142857142857,78.75,0.9469669042423874,0.5109820002115963,0.43598490403079104,34.45104177123633,5.8917305834555656,32.44081129881826,,66.82025972930823,63.739999999999995,60.659740270691756,437213.6,298485.95,0.900427159630899,66.74970978893973
2026-01-15,2536,24.6,24.7,24.15,24.25,401241.0,9777187.0,24.79,25.145000000000003,25.74,26.013333333333332,26.777499999999996,28.48875,0.0,3.8461538461538964,-0.44055121275017584,-0.26475495835637103,-0.1757962543938048,11.505247523673653,36.67435117918476,23.67251977078868,,27.202010151882842,25.74,24.277989848117155,644119.0,329251.3,0.6229299244394281,24.36736774158174
2026-01-15,2537,11.95,12.1,11.55,11.6,1738855.0,20402593.0,11.73,11.665000000000001,11.765,11.0875,11.026666666666667,11.554083333333331,31.24999999999997,38.33333333333332,0.19195568994794066,0.23547985661089577,-0.04352416666295511,22.583939646917038,14.970848183008082,29.640631998500815,,12.562430082729415,11.765,10.967569917270586,1994680.8,3445087.05,0.8717459956500307,11.733349244186549
2026-01-15,2538,11.05,11.05,10.9,11.05,145050.0,1594361.0,11.040000000000001,11.05,11.2075,11.025833333333335,11.31375,12.448541666666667,33.33333333333347,40.62500000000003,-0.03691455233282426,-0.005503264161995653,-0.031411288170828604,12.449993039097095,18.877853660407553,18.610157701862924,,11.589013606020968,11.2075,10.825986393979031,225136.8,330401.1,0.6442749474985876,10.991802826611513
2026-01-15,2539,49.35,49.6,48.6,48.6,517143.0,25300412.0,48.56,48.045,48.22,47.535000000000004,51.880833333333335,56.211666666666666,76.27118644067808,51.93798449612403,0.2694042514826904,0.22646894187546904,0.04293530960722139,25.586755088844164,14.932307623968475,15.586914083929582,,49.42192827528395,48.22,47.018071724716044,520875.0,592548.55,0.9928351331893448,48.923435104023454
2026-01-15,2540,47.5,49.1,46.95,49.0,1022073.0,49131996.0,47.17,47.675,48.88250000000001,48.59416666666666,60.915416666666665,71.38104166666668,69.8924731182796,36.95652173913044,-0.3276832312672866,-0.204015700493204,-0.1236675307740826,26.056748845518957,24.973809748208346,21.591471726542654,,52.80856338258669,48.88250000000001,44.956436617413324,802397.2,929779.0,1.2737743850551821,48.07092644067498
2026-01-15,2542,39.9,40.0,39.45,39.45,3462263.0,137155414.0,39.620000000000005,39.355000000000004,39.485,38.5125,40.310833333333335,41.092708333333334,63.15789473684217,42.6470588235294,0.2896166975912209,0.32333231526489553,-0.03371561767367465,22.259747389827762,16.56901023339268,21.53586132416645,,40.50743259976092,39.485,38.46256740023908,4241277.6,5389514.1,0.8163254864524785,39.6143834249449
2026-01-15,2543,63.2,63.2,62.0,62.4,868868.0,54332771.0,63.02,63.239999999999995,62.45,63.434999999999995,69.55916666666667,77.81625,54.16666666666658,49.09090909090908,0.21911140382687222,0.123881980791779,0.09522942303509321,35.10914373959301,25.576722655286204,19.19197906655214,,65.56025468579506,62.45,59.33974531420495,1537826.8,2339936.55,0.5649973065887524,62.532825469461415
2026-01-15,2545,39.0,39.2,38.2,38.7,481597.0,18637704.0,39.17,38.894999999999996,38.970000000000006,39.270833333333336,40.45583333333333,48.119791666666664,52.380952380952415,39.32584269662925,0.04472302233383374,0.020974935161519898,0.02374808717231384,21.78835802092077,26.047494033018527,18.416359589723953,,39.97336276694197,38.970000000000006,37.966637233058044,419704.4,383922.55,1.1474671220983148,38.699792565153025
2026-01-15,2546,88.8,89.8,88.7,89.0,168731.0,15046602.0,88.94000000000001,87.83,87.66,87.97333333333333,85.89,83.08791666666667,77.41935483870965,53.39805825242719,0.2937484891879194,0.06634205094037017,0.22740643824754925,28.670567155889664,14.61395123201691,19.60546895269198,,89.88180580893383,87.66,85.43819419106616,141593.0,105195.35,1.1916620171901153,89.17508934339274
2026-01-15,2547,11.0,11.1,11.0,11.05,1096795.0,12093729.0,10.93,10.809999999999999,10.8475,10.756666666666666,10.957083333333333,11.694999999999999,100.0,45.00000000000003,0.04629945440263228,0.025559301878387446,0.020740152524244833,26.16094174043334,14.285409826611485,17.166396958075904,,11.17593328249852,10.8475,10.519066717501481,1154656.8,1817164.2,0.9498883131333916,11.02642608691688
2026-01-15,2548,113.0,113.5,112.0,112.5,685788.0,77213735.0,114.2,114.2,114.975,106.41666666666667,102.42333333333335,106.50541666666666,36.36363636363636,20.689655172413794,1.8987409234118786,2.726162336610198,-0.8274214131983193,24.102254460852564,18.85131372549903,34.554374970634164,,121.96728898595845,114.975,107.98271101404154,835989.8,1814522.75,0.8203305829807971,112.59125998121868
2026-01-15,2596,37.45,37.6,36.6,36.65,151000.0,5573950.0,37.71,37.595,37.645,33.13666666666667,32.13041666666667,34.69041666666667,40.322580645161274,41.34078212290502,0.9678081336954918,1.3247090906490944,-0.3569009569536026,27.811049110228954,20.300170638645053,41.59356150680891,,40.311734648255694,37.645,34.97826535174431,135600.0,186250.0,1.1135693215339233,36.913576158940394
2026-01-15,2597,184.0,185.0,181.0,182.0,296744.0,54092388.0,180.7,176.1,171.6,167.41666666666666,163.75416666666666,169.41875,100.0,93.75,4.111060362256012,2.8085760175167063,1.3024843447393057,34.80659335730715,8.215235670992382,25.96216856682545,,183.67258747829388,171.6,159.5274125217061,437680.0,429216.7,0.6779930542862366,182.2863747876958
2026-01-15,2601,5.64,5.73,5.54,5.65,1140258.0,6405363.0,5.552,5.489,5.4985,5.604,5.767833333333333,,70.00000000000003,59.15492957746483,-0.008604736615584585,-0.03385231103864216,0.025247574423057577,33.769606110765785,15.913690117830948,21.491680975384362,,5.666869893545658,5.4985,5.330130106454342,1477427.2,1171455.75,0.7717862511262823,5.61746815194456
2026-01-15,2603,194.5,196.0,194.0,195.0,5342843.0,1040832274.0,194.6,193.45,190.5,186.01666666666668,187.25416666666666,202.38541666666666,46.15384615384615,63.829787234042556,2.8951712858860787,2.6033757729822558,0.291795512903823,30.5648788222178,11.665784761402417,28.72903432421469,,198.40735833192576,190.5,182.59264166807424,8432941.0,9468091.8,0.6335681703453161,194.80869529574423
2026-01-15,2605,28.25,28.75,28.0,28.5,12100385.0,344017426.0,28.110000000000003,27.195,26.7575,25.619166666666665,24.41541666666667,24.35395833333333,64.83516483516486,65.98639455782313,0.5524777145413147,0.37562911859014436,0.1768485959511703,30.537385080468244,12.721675970061922,17.812988634751314,,28.607187029003597,26.7575,24.907812970996403,15590241.4,9381497.95,0.7761512275236482,28.430287631343962
2026-01-15,2606,61.0,61.6,60.8,61.3,3091954.0,189314639.0,61.34000000000001,60.73,61.065,58.96666666666667,57.26916666666667,58.209375,51.51515151515143,51.485148514851474,0.22136938047511023,0.292664937418305,-0.07129555694319478,24.739884410745592,19.470932672309416,13.323217175047489,,63.057908480217364,61.065,59.07209151978263,5005126.6,6172949.25,0.6177574009816256,61.22815507604576
2026-01-15,2607,58.3,58.5,58.0,58.5,310698.0,18117391.0,57.96,57.58,57.65,57.681666666666665,48.11083333333333,40.536875,65.2173913043479,53.333333333333314,0.18658708960418835,0.1346656043689654,0.05192148523522294,22.288081700192453,10.204759702056458,28.498330452963927,,58.723116464958366,57.65,56.57688353504163,415013.8,1464815.85,0.7486449848173724,58.311900945612784
2026-01-15,2608,33.4,33.4,33.1,33.15,115609.0,3839770.0,33.11,33.09,33.154999999999994,33.56416666666667,33.89833333333333,35.140625,57.14285714285728,44.9999999999999,-0.10292450556616473,-0.12833477508970992,0.025410269523545193,21.502039062125746,13.40314139036167,10.606642907977527,,33.35473666874912,33.154999999999994,32.95526333125087,203272.8,158077.7,0.5687381686088843,33.213417640495116
2026-01-15,2609,55.8,56.0,55.0,55.5,9248991.0,511922377.0,55.720000000000006,55.89,54.95,53.72166666666667,55.625,63.776666666666664,4.347826086956573,51.16279069767444,0.8231552291557449,0.8822445305095281,-0.05908930135378321,33.37845769241584,13.698647372888406,31.724211290682913,,58.688561502136345,54.95,51.21143849786366,11093463.0,17881269.25,0.8337334338249471,55.34899720412746
2026-01-15,2610,21.3,21.8,21.05,21.35,52768459.0,1129801125.0,20.82,20.645000000000003,20.314999999999998,19.79666666666667,20.402083333333334,21.480624999999996,64.2857142857143,69.86301369863014,0.3715373123594432,0.2880037213404018,0.0835335910190414,32.39561710368871,7.473633136652803,47.069055063011184,,21.245817411006076,20.314999999999998,19.38418258899392,39037419.8,28476106.6,1.3517404395666541,21.410538537803426
2026-01-15,2611,15.1,15.15,15.0,15.0,395073.0,5950232.0,15.01,14.845000000000002,14.844999999999999,14.938333333333333,15.399583333333334,17.917708333333334,53.846153846153925,56.25,0.012249781971391371,-0.03283341616087156,0.045083198132262935,26.326390424728103,12.29992913205923,24.719990077684542,,15.185123816466401,14.844999999999999,14.504876183533597,382716.0,279957.0,1.0322876493274387,15.061095038132192
2026-01-15,2612,61.6,61.7,60.6,60.9,526863.0,32163435.0,61.06,60.209999999999994,60.185,58.66333333333333,55.72791666666667,50.208333333333336,46.00000000000002,55.30303030303029,0.20181573936359598,0.1633968117625015,0.03841892760109447,21.82367629431928,17.798736973000004,11.014734138457971,,62.5400840861077,60.185,57.82991591389231,1288613.2,1483481.6,0.408860471086281,61.047055876005714
2026-01-15,2613,24.8,25.0,24.65,24.85,450617.0,11184075.0,24.42,24.12,23.8325,24.325,25.433333333333334,27.58125,83.33333333333319,69.3333333333333,0.11652187966082295,-0.04071870995410226,0.1572405896149252,31.789874693299762,13.214002134057178,22.175927398323893,,24.73295310231668,23.8325,22.932046897683318,445970.2,439061.85,1.0104195302735475,24.81946974925491
2026-01-15,2614,23.2,23.2,22.4,22.45,1322280.0,29906945.0,22.669999999999998,22.419999999999998,22.635,21.9575,20.4325,18.840208333333333,47.82608695652171,42.10526315789475,0.12027287736648518,0.13841773267887877,-0.0181448553123936,27.838789885861022,19.313280016058183,24.87636379998437,,23.565251805186048,22.635,21.704748194813956,1300021.2,1711091.85,1.0171218746278907,22.61770956227123
2026-01-15,2615,79.5,79.6,78.5,78.7,4439516.0,350004964.0,79.04,79.11,78.86,79.91666666666667,81.335,85.32833333333333,15.384615384615188,50.0,-0.12162421649620114,-0.1508544487019333,0.02923023220573215,27.002700177423435,15.874740054281455,19.377158879411496,,80.69004170213873,78.86,77.02995829786127,4814058.8,7244076.05,0.9221981252077769,78.8385409580684
2026-01-15,2616,13.6,13.85,13.5,13.75,173576.0,2378347.0,13.469999999999999,13.37,13.4725,13.8,14.10375,15.067291666666666,88.88888888888876,54.16666666666664,-0.0827514462860961,-0.12653219142690728,0.04378074514081118,27.673004638738057,14.899666281573898,15.491951249050775,,13.828612046235328,13.4725,13.116387953764672,115130.0,107378.75,1.5076522192304351,13.702049822556114
2026-01-15,2617,31.2,31.7,31.2,31.55,1643685.0,51744354.0,31.160000000000004,30.76,30.672499999999996,30.3,28.955416666666665,29.186041666666664,59.57446808510637,59.803921568627445,0.17622232225756562,0.1029270463056096,0.07329527595195602,31.568137298960234,18.89060256402705,19.622385596334446,,31.657906675332182,30.672499999999996,29.68709332466781,1048102.0,729893.6,1.5682490826274542,31.480699769116345
2026-01-15,2618,37.3,37.7,36.95,37.5,34661396.0,1297299744.0,36.989999999999995,36.73,36.5375,35.684999999999995,37.162083333333335,39.20729166666667,66.66666666666657,61.62790697674416,0.4371337126950152,0.3779517777690371,0.05918193492597812,22.90204410600356,11.23532750489304,35.04699388046495,,37.353701084615814,36.5375,35.72129891538419,33951439.4,21965716.25,1.0209109425858394,37.42779846489737
2026-01-15,2630,54.9,55.2,54.3,55.0,2365251.0,129332229.0,54.7,53.17999999999999,52.73,51.464166666666664,53.721250000000005,45.344375,87.75510204081631,54.54545454545454,0.9047293463725907,0.6083946496847104,0.2963346966878804,27.375268177960233,12.513159214296007,37.23595366277023,,56.550774239533055,52.73,48.90922576046694,7286150.6,4781098.65,0.32462285366432037,54.68012866287764
2026-01-15,2633,27.45,27.5,27.35,27.35,3772737.0,103325505.0,27.55,27.735000000000003,27.7875,27.795,27.75375,27.69770833333333,18.749999999999886,28.57142857142857,-0.07610153956628807,-0.009745765009514306,-0.06635577455677376,12.574530869951584,23.45901605524077,14.439836924052836,,28.29416608956568,27.7875,27.28083391043432,4184854.6,3709685.85,0.9015216442645343,27.387412639683074
2026-01-15,2634,55.8,56.2,54.7,56.0,12309363.0,684550964.0,54.78000000000001,53.52,52.15,51.75833333333333,53.26333333333333,49.44104166666667,77.21518987341773,69.53125000000003,1.0624182559553788,0.5480779032350043,0.5143403527203745,31.219461735425025,11.045895871179512,35.29966804249522,,56.05114692986897,52.15,48.24885307013103,18923701.2,12055581.05,0.6504733334090057,55.612216814143835
2026-01-15,2636,66.6,67.3,66.6,67.1,149349.0,10004318.0,66.86,66.81,66.52000000000001,66.97999999999999,68.835,71.88291666666666,52.38095238095225,55.31914893617022,0.15251006345283713,0.08074997938194553,0.0717600840708916,27.56574141309562,18.958239168161096,17.647528063349533,,67.86493200767495,66.52000000000001,65.17506799232507,214143.0,239794.4,0.6974264860397025,66.98617332556628
2026-01-15,2637,71.9,72.0,71.0,71.7,1947891.0,139559945.0,71.47999999999999,69.57000000000001,68.97999999999999,66.34166666666667,63.380833333333335,64.44708333333332,84.99999999999984,65.54621848739494,1.2282871653248577,0.9255556541573638,0.30273151116749386,30.983667581527506,14.374662506106532,27.063267184069318,,72.48494387671853,68.97999999999999,65.47505612328145,4947283.0,3906253.8,0.39372944705204854,71.64669121629495
2026-01-15,2640,128.5,128.5,127.5,128.5,32000.0,4095500.0,129.3,131.6,131.9,130.34166666666667,129.45,131.4,0.0,44.06779661016949,-0.22903184305212676,0.5244418288444347,-0.7534736718965614,22.61082084919733,18.633432260798543,27.522774323073154,,138.70247632928871,131.9,125.0975236707113,56200.0,41650.0,0.5693950177935944,127.984375
2026-01-15,2641,20.75,21.0,20.6,20.9,2771000.0,57777450.0,20.86,20.55,20.435,20.639166666666668,20.595833333333335,20.4875,57.89473684210517,63.15789473684207,0.05365347546198507,-0.030627866218303004,0.08428134168028807,26.557718751200166,19.61929890059668,13.205692982578121,,21.195955078555503,20.435,19.674044921444494,3502000.0,3178550.0,0.7912621359223301,20.85075784915193
2026-01-15,2642,25.8,26.4,25.8,26.0,103983.0,2725570.0,25.79,25.764999999999997,25.9875,27.408333333333335,27.57208333333333,28.336458333333333,71.4285714285715,44.444444444444464,-0.30349617897082837,-0.3662086503361215,0.06271247136529312,27.32721751941482,21.09886122898258,13.329492986262277,,26.53414045722054,25.9875,25.44085954277946,76899.0,63169.9,1.3522022393009012,26.211688449073407
2026-01-15,2643,72.9,72.9,72.5,72.8,14000.0,1018900.0,72.88,73.12,73.38499999999999,72.50166666666668,71.28666666666666,72.79208333333332,42.30769230769218,46.15384615384609,-0.06583756331033896,0.09391046548130924,-0.1597480287916482,17.172225968925087,22.42463307826761,14.971876950743729,,74.37818732001195,73.38499999999999,72.39181267998804,38000.0,43350.0,0.3684210526315789,72.77857142857142
2026-01-15,2645,151.0,155.0,149.0,155.0,3331201.0,507256749.0,149.6,147.65,145.9,146.05833333333334,155.35416666666666,130.8625,73.91304347826087,61.333333333333336,1.491873364977323,0.4442330147046047,1.0476403502727183,27.290286453419917,11.910562554746782,17.15068254922934,,153.83791700106312,145.9,137.9620829989369,3270998.2,3290356.9,1.0184050238853692,152.27443465584935
2026-01-15,2646,23.5,23.65,23.45,23.6,3667525.0,86404126.0,23.4,23.330000000000002,23.442500000000003,23.511666666666667,24.398333333333333,25.235833333333332,71.42857142857129,47.727272727272776,-0.010445493909823966,-0.019554659951191395,0.009109166041367429,24.800936708884194,21.81341728741349,10.693072950578188,,24.030337249226996,23.442500000000003,22.85466275077301,4368887.2,3773550.85,0.8394643377379942,23.55924663090231
2026-01-15,2701,11.05,11.1,11.0,11.05,125154.0,1385371.0,11.0,10.995000000000001,11.045,11.086666666666668,11.15875,11.497916666666667,60.0,47.36842105263165,-0.02664001529242732,-0.024850228996298743,-0.001789786296128578,19.679799104562782,16.757432959483193,14.818262785834916,,11.189732057337006,11.045,10.900267942662994,101595.6,100987.3,1.2318840579710144,11.069330584719625
2026-01-15,2702,11.8,11.9,11.75,11.85,77791.0,918250.0,11.83,11.82,11.875,11.769166666666669,12.147083333333333,13.202291666666667,55.555555555555415,47.05882352941173,-0.002551944643533588,0.01065853188828788,-0.013210476531821468,17.741695948747378,20.222319515151952,11.367076884061582,,12.038835604385508,11.875,11.711164395614492,79319.2,54574.85,0.9807335424462174,11.804064737566042
2026-01-15,2704,43.75,43.75,43.1,43.3,81356.0,3525275.0,43.0,42.894999999999996,43.13,42.99999999999999,43.205000000000005,45.66833333333333,69.99999999999993,47.297297297297256,-0.036469092994764196,-0.06319551564775949,0.026726422652995296,27.11368889024126,19.022991635936823,21.790705566116927,,43.904868409881644,43.13,42.35513159011836,146331.4,119291.2,0.5559708989321499,43.33146909877575
2026-01-15,2705,16.65,16.7,16.6,16.6,133704.0,2223739.0,16.580000000000002,16.525,16.575,16.665,16.880416666666665,17.397499999999997,62.50000000000022,44.444444444444535,-0.01798608938950963,-0.029387980024142998,0.011401890634633368,22.630589211977433,11.595963844226995,20.55841088928406,,16.742017175290826,16.575,16.407982824709173,133190.6,469309.35,1.0038546263775372,16.6318060791001
2026-01-15,2706,12.9,12.95,12.85,12.95,167726.0,2162566.0,12.870000000000001,12.85,12.892499999999998,13.006666666666666,13.198333333333332,13.550416666666667,75.00000000000023,55.555555555555515,-0.041212764107182664,-0.052520105317070416,0.011307341209887752,8.883396753155875,13.818739743810365,37.61521044508216,,13.015081873820947,12.892499999999998,12.76991812617905,123458.8,109548.95,1.3585584826679022,12.893445261915266
2026-01-15,2707,189.5,190.0,188.5,190.0,89537.0,16969940.0,190.1,189.6,189.4,190.50833333333333,192.31666666666666,195.175,63.63636363636363,55.0,-0.11030198899234733,-0.23884225889682248,0.12854026990447515,13.830209166344462,16.49469540788792,9.73377646302866,,190.87255595908957,189.4,187.92744404091044,89283.6,96623.5,1.0028381472073258,189.52991500720373
2026-01-15,2712,18.0,18.05,17.85,18.05,30670.0,550866.0,17.97,,,,,,75.0,46.666666666666885,-0.1955183002012575,-0.20741404764483623,0.011895747443578741,10.079783352441032,21.229238705560228,37.76546025573725,,,,,16946.2,12456.5,1.8098452750469132,17.96106944897294
2026-01-15,2718,53.0,54.1,52.9,52.9,109000.0,5843900.0,51.94,51.5,51.839999999999996,55.265,55.68875,57.203125,84.61538461538464,55.737704918032755,-0.680056832560787,-1.0091603961957998,0.3291035636350128,29.132821888483758,21.11725892813857,25.93405422527404,,53.27988303617615,51.839999999999996,50.40011696382384,60600.0,44800.0,1.7986798679867986,53.61376146788991
2026-01-15,2719,30.5,30.8,30.15,30.75,6000.0,183700.0,30.240000000000002,30.244999999999997,30.375,32.160833333333336,,,70.73170731707323,51.72413793103447,-0.32556497023561803,-0.4582149219287818,0.1326499516931638,31.613283225566967,16.040631156319865,12.524997265863734,,31.0666798772818,30.375,29.6833201227182,27200.0,17450.0,0.22058823529411764,30.616666666666667
2026-01-15,2722,26.4,26.4,25.85,26.1,42748.0,1114347.0,25.47,25.270000000000003,25.809999999999995,27.3475,28.029999999999998,29.272916666666667,93.33333333333346,49.315068493150726,-0.5124923834196444,-0.6092084912709291,0.0967161078512847,26.94428265465093,20.309120783700447,15.3872861209497,,27.15618368966409,25.809999999999995,24.4638163103359,40297.0,49976.7,1.0608233863563044,26.067816038177224
2026-01-15,2723,73.8,74.6,73.6,74.0,337398.0,24962927.0,73.03999999999999,71.52,70.85,68.56666666666666,73.06916666666666,82.6175,73.17073170731697,65.87301587301565,1.3201392069969131,1.0077078944822706,0.3124313125146425,33.40903744613636,13.523230293818084,23.81941734158655,,74.67925030452834,70.85,67.02074969547165,604081.8,427382.85,0.5585303182449793,73.98658853935115
2026-01-15,2724,20.3,20.3,20.3,20.3,2000.0,40600.0,20.46,20.419999999999998,,,,,52.702702702702695,46.596858638743456,0.2630428518934167,0.3546490569527754,-0.09160620505935868,22.99132190439888,27.812639792414213,14.544158471330842,,,,,3800.0,,0.5263157894736842,20.3
2026-01-15,2726,12.55,12.8,12.55,12.6,50000.0,633350.0,12.6,12.705000000000002,13.029999999999998,14.749166666666666,,,44.444444444444464,43.396226415094354,-0.548690714292615,-0.5903234169282562,0.04163270263564123,22.863673641276183,24.881945123453153,14.120435543362413,,14.234552766974533,13.029999999999998,11.825447233025463,55000.0,120450.0,0.9090909090909091,12.667
2026-01-15,2727,219.5,221.0,219.5,220.0,452204.0,99651127.0,218.7,217.05,217.2,216.025,220.89166666666668,226.87291666666667,100.0,55.17241379310345,0.86357701443157,0.4695765367016559,0.3940004777299141,27.69755870383786,14.936623348762415,16.310788342949312,,220.57794705639128,217.2,213.8220529436087,329454.8,272554.65,1.372582824715257,220.3676371726035
2026-01-15,2729,174.5,175.0,174.5,175.0,8000.0,1397500.0,175.1,174.7,175.825,178.84166666666667,185.89583333333334,,71.42857142857143,40.0,-0.982739895970127,-1.0851277649376718,0.10238786896754482,22.112198650207667,27.29360880306085,27.101462609686124,,178.85598038680942,175.825,172.79401961319056,18600.0,18100.0,0.43010752688172044,174.6875
2026-01-15,2731,171.0,175.0,171.0,173.0,734093.0,127419180.0,170.9,168.3,166.825,167.375,161.70833333333334,152.70833333333334,82.6086956521739,68.88888888888889,1.0735533342491976,0.12378957053664907,0.9497637637125486,32.07709207853844,11.869530829207266,20.016160951451504,,172.30486745902294,166.825,161.34513254097703,755670.6,497180.15,0.971445759567727,173.5736207810182
2026-01-15,2732,68.8,69.1,68.8,69.1,16000.0,1104500.0,68.96000000000001,68.81,69.865,71.73166666666665,73.20583333333333,80.95250000000001,68.42105263157859,33.33333333333333,-0.8467416825190668,-0.8719057927448459,0.025164110225779135,25.88187637877683,27.633257516631303,9.119173071882246,,72.28010596912522,69.865,67.44989403087477,31400.0,28900.0,0.5095541401273885,69.03125
2026-01-15,2734,18.6,18.6,18.3,18.45,45000.0,829850.0,18.46,18.355,18.490000000000002,19.083333333333332,19.612083333333334,21.165625,55.99999999999991,43.90243902439028,-0.12186651152391192,-0.16281529846628287,0.040948786942370946,26.091199783666962,19.724645059136535,9.402989722726803,,18.885501014703106,18.490000000000002,18.094498985296898,74000.0,68500.0,0.6081081081081081,18.441111111111113
2026-01-15,2736,14.75,14.75,14.55,14.7,71000.0,1041000.0,14.59,14.485,14.602499999999997,15.176666666666668,15.386666666666667,16.725416666666668,76.92307692307688,51.51515151515147,-0.13510416015172488,-0.17692957264233555,0.04182541249061067,14.926155101399651,13.795720554790355,10.459328690972129,,14.985665485753083,14.602499999999997,14.219334514246912,80800.0,95900.0,0.8787128712871287,14.661971830985916
2026-01-15,2739,35.0,35.1,34.85,34.85,69742.0,2436057.0,34.99,35.239999999999995,35.4975,36.042500000000004,36.879583333333336,40.45791666666666,33.33333333333333,37.254901960784295,-0.2479800619746868,-0.18547666540982694,-0.06250339656485987,15.14407408956859,24.14887823402744,13.364160579559506,,36.311505689878985,35.4975,34.68349431012102,75191.0,52625.15,0.9275312204918141,34.92955464426027
2026-01-15,2740,28.85,29.75,28.75,28.9,22000.0,638000.0,28.810000000000002,28.57,28.475,25.305833333333332,26.184166666666666,29.9825,48.27586206896549,48.35164835164834,0.6608938142290803,0.7810580784663596,-0.12016426423727922,26.107481212753424,13.9899433214967,24.994218084927045,,29.976753361207084,28.475,26.97324663879292,12400.0,23050.0,1.7741935483870968,29.0
2026-01-15,2743,83.2,83.5,82.3,82.7,149000.0,12354400.0,81.98,81.21,80.16499999999999,83.85166666666667,95.13833333333332,99.5625,78.04878048780498,67.3076923076924,0.021965320125445942,-0.560983722916337,0.582949043041783,23.611339104333794,9.982198441498543,24.74648216991349,,82.97945516837078,80.16499999999999,77.35054483162921,139200.0,101650.0,1.0704022988505748,82.91543624161073
2026-01-15,2745,109.5,111.0,109.5,110.0,243000.0,26749500.0,108.9,108.45,106.975,109.89166666666667,113.62916666666666,113.79208333333332,61.53846153846153,65.51724137931035,0.12426353324980255,-0.4317871205863519,0.5560506538361545,26.2067781994752,15.151019881007747,18.01827792801832,,110.41585362725421,106.975,103.53414637274578,175800.0,129100.0,1.3822525597269624,110.08024691358025
2026-01-15,2748,42.45,42.45,42.1,42.15,65423.0,2761705.0,42.239999999999995,42.385000000000005,42.6275,43.46583333333333,45.373333333333335,49.32020833333333,33.333333333332945,40.9090909090909,-0.32392102268754996,-0.30821224865183433,-0.015708774035715634,15.711103918613295,19.77954981768573,10.001118734039213,,43.347496345024226,42.6275,41.90750365497577,116159.6,99545.75,0.563216471131099,42.21305962734818
2026-01-15,2751,62.0,62.1,61.7,62.1,12000.0,742100.0,62.06,61.870000000000005,62.5,,,,60.86956521739131,36.95652173913049,-0.9468652516832208,-1.1399613899316556,0.19309613824843486,21.28839320699435,26.48499262691761,29.183108954043096,,64.22900945174167,62.5,60.770990548258325,11000.0,12300.0,1.0909090909090908,61.84166666666667
2026-01-15,2752,208.5,211.0,208.0,211.0,16000.0,3351500.0,208.3,207.25,207.3,,,,71.42857142857143,65.71428571428572,-0.2581971259303657,-0.7022416480859519,0.4440445221555862,33.41341953784552,17.365453690245513,13.859340448978568,,210.3331501776166,207.3,204.26684982238342,19400.0,13850.0,0.8247422680412371,209.46875
2026-01-15,2753,186.5,187.5,186.5,187.0,225615.0,42155041.0,188.5,189.1,191.075,193.275,194.19166666666666,186.13125,38.46153846153846,41.02564102564102,-1.6060725644412912,-1.1764803049604384,-0.4295922594808528,19.15869939615659,31.441183628146973,12.870536717908864,,197.71043121193594,191.075,184.43956878806404,510973.8,309183.7,0.441539272659381,186.84502803448353
2026-01-15,2754,81.8,82.2,81.6,82.1,18000.0,1473000.0,83.0,83.83,84.33,86.15166666666666,89.07166666666667,85.32041666666667,0.0,22.807017543859587,-0.7662763446368217,-0.5982648747731856,-0.16801146986363613,22.397321483742854,25.023044412297384,9.752720443538127,,86.35416974532724,84.33,82.30583025467276,20400.0,17350.0,0.8823529411764706,81.83333333333333
2026-01-15,2755,119.5,120.0,118.0,120.0,19000.0,2266500.0,119.5,118.8,119.75,119.71666666666667,129.81666666666666,129.43125,50.0,42.857142857142854,-0.5091808022272772,-0.7059584544568236,0.19677765222954635,21.58339261579986,26.600243695670002,15.027593938419,,124.15693233798278,119.75,115.34306766201722,22200.0,29700.0,0.8558558558558559,119.28947368421052
2026-01-15,2756,80.0,81.0,79.3,80.5,35000.0,2808300.0,79.61999999999999,78.91,83.30499999999999,89.34500000000001,96.30583333333334,,94.44444444444473,31.63265306122446,-2.89734517288656,-2.9042322160299663,0.0068870431434064905,20.119346976261188,31.823013206990225,29.56618701729077,,93.33180092761889,83.30499999999999,73.2781990723811,64400.0,100400.0,0.5434782608695652,80.23714285714286
2026-01-15,2762,76.9,77.5,76.8,77.2,26057.0,2010588.0,76.58,76.34,76.69000000000001,78.405,77.94666666666666,80.60666666666665,71.42857142857163,53.333333333333314,-0.36862673740407104,-0.5221501738413025,0.15352343643723143,24.45244619557671,16.76431019994386,10.635857558321081,,78.04008771644915,76.69000000000001,75.33991228355087,23640.4,304737.1,1.102223312634304,77.16114671681314
2026-01-15,2801,20.35,20.45,20.3,20.4,10926644.0,222900715.0,20.44,20.45,20.6075,20.38416666666667,20.013333333333332,19.22625,42.85714285714271,26.315789473684134,-0.025366239484032604,0.011854686042776678,-0.03722092552680928,11.081487950785606,14.798673403155904,18.034161395699922,,21.095541197570938,20.6075,20.119458802429065,15349845.2,24292749.45,0.7118406640348399,20.399741677316474
2026-01-15,2812,20.8,20.9,20.75,20.8,5677541.0,118096839.0,20.82,20.825,21.0,21.225,21.721666666666668,21.024375000000003,66.66666666666666,30.76923076923073,-0.11279121580649942,-0.10781408562625489,-0.004977130180244538,16.83194684230419,16.992068063061726,10.501957480134866,,21.502624689951013,21.0,20.497375310048987,7649644.0,9437256.85,0.7421967610518868,20.800702099729442
2026-01-15,2816,29.75,29.95,29.65,29.95,89448.0,2664803.0,29.55,29.175,29.182500000000005,28.694166666666668,27.521666666666665,28.123749999999998,100.0,60.0,0.14650634566114462,0.058017416495152095,0.08848892916599252,29.893455256144435,11.017235948134676,27.06823716574061,,29.93732657471351,29.182500000000005,28.4276734252865,119863.8,111321.85,0.7462469903340291,29.79164430730704
2026-01-15,2820,16.45,16.5,16.4,16.45,556887.0,9160828.0,16.43,16.485,16.685,16.665833333333335,16.464583333333334,15.820625,50.0,21.428571428571246,-0.0847830380914587,-0.04597930056073549,-0.03880373753072322,11.942136564723945,27.719974764068077,34.118686755350254,,17.140492792709885,16.685,16.229507207290112,744792.6,774873.1,0.7477074825931407,16.45006617141359
2026-01-15,2832,50.0,50.1,49.85,50.1,64501.0,3224599.0,49.97,50.0,50.275,48.675,40.95833333333334,37.08125,64.70588235294103,34.09090909090915,-0.06806124918074374,0.06757309063813344,-0.13563433981887718,21.803607644895166,18.036461275075656,21.0128474773734,,51.02788917195561,50.275,49.52211082804439,174936.4,194387.9,0.36871114302112085,49.99300786034325
2026-01-15,2834,15.9,16.0,15.85,15.9,9900880.0,157730368.0,15.970000000000002,16.029999999999998,16.072499999999998,15.809166666666668,15.666666666666666,15.355208333333334,28.571428571428285,36.84210526315781,0.017153944883400385,0.055067721659227,-0.037913776775826614,13.190943449120384,18.81789240474453,21.679652006464696,,16.28144471693898,16.072499999999998,15.863555283061014,19717466.6,14691454.3,0.5021375311978467,15.93094432010084
2026-01-15,2836,12.15,12.25,12.1,12.15,1523855.0,18539826.0,12.16,12.169999999999998,12.2875,12.200833333333334,12.007499999999999,11.871666666666666,50.0,35.000000000000085,-0.024956464787807775,-0.0001549815651939579,-0.024801483222613815,15.563236430081876,21.134202067306305,24.484364912822066,,12.588157174938706,12.2875,11.986842825061293,1373670.6,1349137.15,1.1093307231005745,12.166397721567996
2026-01-15,2838,18.85,18.9,18.8,18.85,1344804.0,25373461.0,18.87,19.064999999999998,19.2975,19.2575,18.42375,17.646875,16.666666666666075,24.13793103448269,-0.12687818273581186,-0.05258417892214665,-0.07429400381366522,13.327374832342498,19.73179217506195,16.126561426016902,,19.93861334082906,19.2975,18.656386659170938,1600188.4,1849872.4,0.8404035424828727,18.867776270742798
2026-01-15,2845,12.8,12.85,12.75,12.75,3395979.0,43393105.0,12.780000000000001,12.830000000000002,12.86,12.734166666666669,12.882916666666667,13.009375,24.999999999999787,36.3636363636363,0.010707400669101474,0.0362977569953036,-0.025590356326202122,17.763325849752068,14.13296668017682,13.023869987082199,,13.003636969292444,12.86,12.716363030707555,4885762.8,5908609.95,0.6950765190647406,12.777789556413628
2026-01-15,2849,13.5,13.6,13.4,13.45,47426.0,641122.0,13.379999999999999,13.41,13.45,13.297500000000001,13.280416666666667,13.51,50.0,56.24999999999998,0.01304337017803725,0.027847626884289364,-0.014804256706252114,21.525306544976136,12.679832722944786,19.75270843988442,,13.652614490051509,13.45,13.24738550994849,33487.8,53930.55,1.4162172492668972,13.518365453548686
2026-01-15,2850,117.0,118.0,116.0,116.5,201746.0,23536801.0,116.4,116.15,116.975,116.375,113.06583333333333,108.83416666666668,60.0,47.82608695652174,-0.25860432857177784,-0.19880742460457726,-0.05979690396720058,16.58507201293265,13.829032110852001,13.557905952287243,,119.75604486233644,116.975,114.19395513766355,212747.0,244978.6,0.9482906927007196,116.66551505358223
2026-01-15,2851,27.2,27.45,27.05,27.25,1066837.0,29072569.0,27.01,26.73,26.5,25.955,24.855000000000004,25.282500000000002,100.0,78.04878048780478,0.2710262419612057,0.19253804100552507,0.07848820095568065,30.012203058078974,9.185231961843405,39.323128095381776,,27.21745163049859,26.5,25.78254836950141,1344376.4,1013106.75,0.7935552870460981,27.251181764411996
2026-01-15,2852,27.95,28.25,27.95,28.25,610594.0,17169145.0,27.880000000000003,27.8,27.872499999999995,27.499166666666667,26.809166666666666,27.327499999999997,100.0,63.636363636363605,0.0383262813522407,0.028003759459975505,0.010322521892265193,16.555830982360316,14.650546968288305,21.538705051180397,,28.234475573472814,27.872499999999995,27.510524426527176,349678.6,372226.3,1.7461577574378302,28.118758127331745
2026-01-15,2855,27.5,27.6,27.25,27.25,3132209.0,85754059.0,27.009999999999998,26.005000000000003,25.0375,24.573333333333334,23.076666666666664,23.429166666666667,83.07692307692305,81.55339805825238,0.7599024216805716,0.42659666798593515,0.3333057536946365,38.92063683682589,7.353632547024354,32.953301121863475,,27.745553291864674,25.0375,22.32944670813533,7162155.0,4488321.95,0.43732773166735434,27.378140794563837
2026-01-15,2867,7.69,7.78,7.69,7.76,7659009.0,59350746.0,7.746,7.834999999999999,7.899000000000001,,,,26.31578947368419,32.75862068965502,0.05636896542510339,0.11414113068097298,-0.05777216525586959,16.908009139291842,22.76281044586776,25.296980690937115,,8.120373701666445,7.899000000000001,7.677626298333557,10473142.6,18032019.7,0.7312999824904514,7.749141697052451
2026-01-15,2880,32.4,33.0,32.35,32.9,11854899.0,389496928.0,32.25,31.909999999999997,31.885,30.44666666666667,29.71125,28.642083333333332,93.93939393939387,59.99999999999997,0.4421794245213668,0.41405105902056083,0.028128365500805996,28.98145486433722,10.107502022617268,37.091089846203595,,32.717940258171886,31.885,31.052059741828117,9301165.4,22175892.7,1.274560605061383,32.855356085277485
2026-01-15,2881,94.6,95.5,94.1,94.1,17608776.0,1665700915.0,94.52000000000001,95.49,96.445,93.80833333333334,90.29333333333334,87.92875,27.27272727272731,33.61344537815128,-0.05030327453405903,0.4819145563128771,-0.5322178308469361,15.334327675428366,22.15213980203499,15.925725442935605,,99.19299448402208,96.445,93.6970055159779,17379931.2,16525604.0,1.0131671867607854,94.59492897178089
2026-01-15,2882,74.9,75.9,74.8,75.2,19452735.0,1467069990.0,75.86000000000001,75.9,75.7,69.22,66.69333333333333,64.99041666666668,46.66666666666675,47.008547008547005,1.5795687867970258,1.9838362572737607,-0.40426747047673484,20.364839522461878,8.353104584616124,42.32881123691514,,77.57167248597202,75.7,73.82832751402799,24212744.2,32519644.45,0.8034089337135111,75.41715805001199
2026-01-15,2883,17.6,17.75,17.55,17.55,36583890.0,645953469.0,17.559999999999995,17.5,17.5025,16.5025,15.936666666666667,16.379583333333333,57.14285714285722,50.0,0.2611531929636648,0.3102488917457345,-0.04909569878206971,23.61170417785019,8.713890365646009,39.125418449320534,,17.786225219181933,17.5025,17.21877478081807,35509382.4,36092428.2,1.0302598222603838,17.65677376025349
2026-01-15,2884,32.45,32.7,32.45,32.45,31147732.0,1013839626.0,32.5,33.02,33.335,,,,16.66666666666727,27.94117647058836,0.10609162275060413,0.3584079774135001,-0.252316354662896,15.530110940188996,18.95086974658411,29.765890791008864,,34.51781555264431,33.335,32.152184447355694,27707307.4,61993145.55,1.124170297399595,32.54938837922453
2026-01-15,2885,41.15,42.2,41.1,41.85,23776032.0,996356484.0,40.96,40.55,40.1875,37.28333333333333,35.322500000000005,34.42791666666667,78.94736842105259,65.21739130434779,0.931854023262197,0.9119868795207009,0.01986714374149612,33.570407075252604,8.882354206631158,46.78847081446952,,41.580669427108084,40.1875,38.794330572891916,16495460.2,31241605.65,1.4413682135403534,41.905919541158084
2026-01-15,2886,40.5,40.75,40.45,40.65,14115255.0,573599288.0,40.5,40.445,40.4875,40.468333333333334,41.096666666666664,40.418125,64.99999999999986,48.9795918367346,-0.009944744674662331,-0.022943057735073272,0.012998313060410941,18.560865411183617,16.740446663305896,9.08296025905024,,41.026382860037096,40.4875,39.9486171399629,13969978.2,17734645.95,1.0103992145098695,40.63683497039196
2026-01-15,2887,21.25,21.65,21.25,21.6,98731528.0,2127063877.0,21.130000000000003,20.955000000000002,20.915,19.621666666666666,18.4125,17.698958333333334,89.4736842105262,68.0851063829787,0.4242864142343521,0.4141886427472772,0.010097771487074914,33.037341025787434,13.579115815561076,30.87052694043532,,21.60713628107448,20.915,20.222863718925517,65108845.2,198663566.15,1.5164072976063165,21.543917329021788
2026-01-15,2889,17.0,17.05,16.65,16.95,5157307.0,87112081.0,16.94,16.655,16.532500000000002,16.215,15.748750000000001,14.681666666666667,83.33333333333314,70.27027027027026,0.1689788211356067,0.10875606758430036,0.06022275355130634,28.56333569287314,16.381386364685227,24.42361853126563,,17.109493113157935,16.532500000000002,15.95550688684207,5008226.0,4315150.15,1.0297672269582083,16.8910016409727
2026-01-15,2890,28.75,29.0,28.65,29.0,28196302.0,813236655.0,28.860000000000003,28.904999999999994,28.9175,27.520833333333332,26.328750000000003,24.69729166666667,52.17391304347829,53.658536585365816,0.31016550850893054,0.3961066417470175,-0.08594113323808694,21.914367165470996,11.54641171653788,40.34666673867489,,29.29345492451023,28.9175,28.541545075489772,20066070.6,25170405.35,1.405173068612646,28.84196143877307
2026-01-15,2891,49.55,50.4,49.55,50.4,35529124.0,1785288471.0,49.81,49.83,49.89,45.53416666666667,44.02708333333333,42.52374999999999,71.42857142857135,50.86206896551725,1.0029332030487623,1.2434599705226015,-0.24052676747383916,26.492998290112325,11.582110883775089,53.08317361234693,,50.87440470924019,49.89,48.90559529075981,25489951.0,43385899.9,1.3938482659303661,50.24859242237439
2026-01-15,2892,29.5,29.85,29.4,29.8,23443260.0,697194296.0,29.54,29.655,29.6175,28.740833333333335,29.022083333333335,28.235208333333333,52.94117647058825,59.615384615384585,0.2427120270368981,0.29445387068142315,-0.051741843644525054,21.717674479501103,15.152514663652877,23.980511894661355,,30.113032674581596,29.6175,29.121967325418403,17450915.8,46609090.7,1.343382792552354,29.73964781348669
2026-01-15,2897,9.14,9.14,9.11,9.13,2516340.0,22965838.0,9.136,9.137,9.1485,9.106833333333332,9.084583333333335,9.313916666666668,42.85714285714322,33.33333333333391,0.003944356244549141,0.009266317506084214,-0.005321961261535073,13.801785900790339,20.05274717117887,13.954151131991008,,9.197607829795897,9.1485,9.099392170204103,3409847.6,2600890.05,0.7379625998534363,9.12668319861386
2026-01-15,2901,24.65,24.75,24.65,24.75,5782.0,142999.0,24.85,24.645,,,,,64.70588235294116,47.222222222222186,-0.042172177596853544,-0.05971994295646693,0.017547765359613388,22.76171336560181,11.137516555641396,25.53487616051305,,,,,12014.4,10430.1,0.48125582634172326,24.731753718436526
2026-01-15,2903,22.1,22.1,21.95,22.1,1392289.0,30680285.0,22.14,22.025,22.110000000000003,22.639166666666664,22.10875,22.620833333333334,50.0,48.93617021276602,-0.21269969297240365,-0.24545779007076224,0.032758097098358585,15.098630724873555,23.65778838457195,24.530255729617796,,22.561430474917184,22.110000000000003,21.65856952508282,2794014.2,4546036.75,0.4983113543231097,22.035859652701415
2026-01-15,2904,17.1,17.15,17.1,17.1,9336.0,159749.0,17.080000000000002,17.07,17.0775,17.125,17.280000000000005,17.682708333333334,66.66666666666666,56.25000000000006,-0.016973420319484234,-0.021623657570985434,0.0046502372515012,28.03577124984703,12.87006934826907,20.701381972287876,,17.19659748329058,17.0775,16.95840251670942,22614.8,23445.9,0.4128269982489343,17.111075407026565
2026-01-15,2905,15.75,16.0,15.75,15.85,630577.0,9974855.0,15.85,15.764999999999997,15.9725,,,,61.53846153846156,44.44444444444443,-0.01375914564915881,0.030844595405509868,-0.044603741054668675,20.54587327469719,17.72897782727997,16.35141897714117,,16.665681073024825,15.9725,15.279318926975176,796409.2,853336.85,0.7917751326830479,15.81861533167242
2026-01-15,2906,12.65,12.7,12.6,12.65,187974.0,2379391.0,12.53,12.545,12.715,13.145000000000001,13.921249999999999,14.960208333333332,56.249999999999986,41.37931034482761,-0.15924739390827014,-0.16992147846271322,0.010674084554443075,10.309576427352203,21.571786586525914,36.83498149005549,,13.105815611389882,12.715,12.324184388610117,221621.2,179902.55,0.8481769794586438,12.658085692702182
2026-01-15,2908,20.2,20.25,20.05,20.25,88259.0,1779116.0,20.18,20.2,20.28,20.34083333333333,20.171249999999997,20.1975,75.0,38.46153846153867,-0.04954931092895265,-0.03942480377803459,-0.01012450715091806,8.632099743035008,16.994387559267878,43.59762422283904,,20.475744193971657,20.28,20.084255806028345,184635.0,221084.35,0.4780187938364882,20.1578989111592
2026-01-15,2910,20.85,20.95,20.85,20.95,4615.0,96576.0,20.839999999999996,20.765,,,,,77.7777777777776,50.0,-0.03927130993789518,-0.05670851758171256,0.017437207643817378,34.33388001322131,21.42365482216868,25.795234158723332,,,,,4704.6,5661.75,0.9809548101857756,20.926543878656556
2026-01-15,2911,5.06,5.25,5.06,5.11,22022.0,112654.0,5.054,5.170999999999999,4.968999999999999,,,,25.000000000000043,59.64125560538118,0.12643381779233742,0.13484833650382463,-0.008414518711487212,39.96563923085038,22.262990668872195,24.49608063788134,,5.592264749017868,4.968999999999999,4.3457352509821305,28622.2,58771.05,0.7694027712754435,5.11552084279357
2026-01-15,2912,224.0,226.0,223.0,224.5,2689797.0,604285392.0,223.0,221.45,221.975,231.725,242.1875,250.2875,76.47058823529412,57.89473684210526,-2.0270159563852985,-2.9148012779821473,0.8877853215968488,18.715486089733037,21.790640969823244,22.488758727777427,,225.43111586057333,221.975,218.51888413942666,2027672.4,2286131.75,1.3265441695611184,224.65836343783565
2026-01-15,2913,13.45,13.55,13.4,13.55,947714.0,12787842.0,13.36,13.3,13.455000000000002,13.72,14.119166666666667,15.502291666666666,70.00000000000003,50.0,-0.09332888507337422,-0.11584188952804746,0.022513004454673233,20.019099472300496,20.344929534599743,10.356952363633592,,13.900917150672296,13.455000000000002,13.009082849327708,1158833.6,1105576.45,0.817817156837703,13.493355590399636
2026-01-15,2915,53.2,53.5,52.9,53.1,2479370.0,131785266.0,52.54,53.19,54.364999999999995,54.186666666666675,53.596666666666664,55.620625,34.482758620689665,23.999999999999957,-0.5215851729345431,-0.27513014185630585,-0.24645503107823724,18.27549417086372,26.5609448507524,25.699633506380057,,57.16671000415748,54.364999999999995,51.56328999584251,2923886.8,3188004.85,0.8479705849077331,53.15272266745181
2026-01-15,2916,47.2,47.45,47.2,47.35,18000.0,852450.0,47.660000000000004,48.305,48.78,48.82416666666666,48.207499999999996,49.51979166666667,10.810810810811262,11.538461538461874,-0.42152582790506443,-0.2003282311676021,-0.22119759673746234,12.519863104493837,29.793971131434056,39.38150304661799,,50.272578129842586,48.78,47.28742187015742,100200.0,52400.0,0.17964071856287425,47.358333333333334
2026-01-15,2923,20.75,21.05,20.35,21.0,68174.0,1413352.0,20.45,20.259999999999998,20.2225,20.36916666666667,21.238333333333333,22.16916666666667,75.00000000000009,67.14285714285715,-0.02004896832863068,-0.11218712697434341,0.09213815864571273,29.006763364268668,18.55914612569445,12.51153164238274,,20.91643993369577,20.2225,19.52856006630423,33992.0,28393.1,2.0055895504824663,20.731539883239943
2026-01-15,2924,,,,,,,,,,,,,94.99999999999993,35.514018691588774,-1.4957442566752448,-1.47586504864945,-0.019879208025794792,7.559848491710805,20.88205493799175,50.93074935692071,,,,,,,,
2026-01-15,2926,39.45,39.5,39.45,39.45,12000.0,473450.0,39.489999999999995,38.93,39.1125,,,,67.14285714285718,50.96153846153848,-0.22880196575775358,-0.38171719670260923,0.15291523094485565,22.418840806933314,28.448213701290374,26.88995854908761,,40.31376030309341,39.1125,37.911239696906584,13600.0,11100.0,0.8823529411764706,39.454166666666666
2026-01-15,2929,7.73,7.9,7.73,7.89,261178.0,2047135.0,7.714000000000003,7.726999999999999,7.848000000000001,8.092666666666666,8.703166666666668,9.869375,57.627118644067785,49.63503649635034,-0.08972776194908061,-0.09713000707929309,0.007402245130212481,24.940881166755318,24.184140144021608,12.96327464320659,,8.163200854927513,7.848000000000001,7.532799145072487,349539.4,285223.05,0.747206180476364,7.838083605816722
2026-01-15,2937,44.1,44.2,43.9,44.2,3000.0,132200.0,43.980000000000004,43.665000000000006,,,,,78.26086956521749,51.219512195121986,0.09010192225635905,0.036141586545199014,0.05396033571116003,29.182037470046758,15.140633943916962,16.76868922706122,,,,,6000.0,,0.5,44.06666666666667
2026-01-15,2939,22.8,22.9,22.55,22.9,22007.0,501152.0,22.96,23.43,23.525,,,,7.575757575757564,48.2233502538071,-0.39614295577161585,-0.3472444640507489,-0.048898491720866966,24.419157197285152,26.502765476309442,16.271326358470006,,24.952732836573535,23.525,22.097267163426462,23115.4,42445.65,0.9520492831618748,22.772390602989958
2026-01-15,2941,42.5,42.5,42.05,42.05,2000.0,84550.0,,,,,,,32.35294117647065,22.448979591836817,-1.503836692799922,-1.3594454848463506,-0.1443912079535714,5.17788525776961,6.2661988076499195,26.20651398938226,,,,,,,,42.275
2026-01-15,2945,37.55,37.85,37.5,37.85,23194.0,872289.0,37.489999999999995,37.614999999999995,37.785000000000004,,,,48.14814814814826,47.36842105263161,-0.09296157309004371,-0.06860193414985519,-0.024359638940188527,26.508806230395876,34.48404353652183,19.47783959353122,,38.31919885908986,37.785000000000004,37.25080114091015,15191.4,9459.7,1.5267848914517426,37.60839010088816
2026-01-15,2947,81.8,82.6,81.3,81.9,24000.0,1967900.0,82.2,82.36999999999999,82.225,,,,44.73684210526327,49.41176470588238,-0.254035965437879,-0.33065664481285045,0.07662067937497147,26.400016618558038,37.43928015132067,14.08607270572395,,83.23833217913445,82.225,81.21166782086554,14800.0,29950.0,1.6216216216216217,81.99583333333334
2026-01-15,2948,38.65,38.7,38.65,38.7,2000.0,77350.0,,,,,,,100.0,67.50000000000007,-0.08958627635369965,-0.1346252074527254,0.045038931099025764,19.596892248692768,20.646430383035586,49.965108810931056,,,,,,,,38.675
2026-01-15,2949,,,,,,,,,,,,,33.33333333333333,31.818181818181756,-1.2393800930641277,-1.02455944326964,-0.21482064979448756,13.260247274786357,20.988430110513924,24.62713043724754,,,,,,,,
2026-01-15,3002,23.75,23.85,23.4,23.6,560302.0,13220058.0,23.45,23.979999999999997,25.244999999999997,25.2625,21.045833333333334,17.564999999999998,29.82456140350881,30.625000000000014,-0.6831014628279952,-0.4166584577201991,-0.2664430051077961,21.854751285923633,21.859832230091698,23.08356850956851,,28.207733446276322,25.244999999999997,22.282266553723673,954703.8,1457592.55,0.5868856916668813,23.594522239792113
2026-01-15,3003,48.0,48.05,47.4,48.0,233143.0,11109688.0,47.220000000000006,47.05,47.6075,48.16416666666667,49.92583333333333,53.993541666666665,65.15151515151516,47.96747967479675,-0.1742597188989805,-0.24866513590245046,0.07440541700346995,25.33736566220209,27.37109089099004,13.271638158418558,,49.34388311319182,47.6075,45.87111688680818,340833.6,240187.35,0.6840376066209435,47.651818840797276
2026-01-15,3004,116.0,116.5,114.0,116.5,516266.0,59414092.0,115.5,113.75,107.965,106.405,118.41916666666665,115.7025,66.66666666666666,68.91891891891892,3.4977657684079304,2.3088454607845708,1.1889203076233597,28.59325409569396,15.519783244717452,28.670170218259045,,121.23677852675154,107.965,94.69322147324847,771005.2,997174.5,0.6696011907572089,115.08426276376906
2026-01-15,3005,117.5,119.0,117.0,117.5,3097522.0,364818690.0,116.6,115.95,116.675,125.075,133.56666666666666,124.63041666666666,66.66666666666666,48.484848484848484,-1.6781990088493473,-2.250829234023994,0.5726302251746467,14.447419092843544,19.620837324113996,31.16607251363657,,119.33612362496706,116.675,114.01387637503294,2888062.6,2769231.9,1.072525921010161,117.77759447713366
2026-01-15,3006,149.5,152.0,148.0,151.5,2943427.0,442875857.0,145.7,143.45,118.755,96.82333333333332,80.17166666666667,70.344375,59.61538461538462,80.64516129032258,16.982039299794167,14.354457032001365,2.6275822677928016,47.50257245964804,13.930224490189891,44.65027064571759,,173.2752415332336,118.755,64.2347584667664,3458629.6,18625363.95,0.8510385153703651,150.46266036154455
2026-01-15,3008,2430.0,2455.0,2400.0,2405.0,648007.0,1565525740.0,2456.0,2500.0,2385.75,2243.4166666666665,2300.5,2344.1666666666665,21.568627450980387,60.130718954248366,73.35180104170013,83.88147727351371,-10.529676231813582,27.70171383647435,21.042021438746563,35.949478943904175,,2744.7145195778958,2385.75,2026.7854804221042,1258422.6,1378471.3,0.5149359205723101,2415.9086861716
2026-01-15,3010,117.5,119.0,115.0,118.0,2011028.0,236112299.0,113.0,110.8,111.6,105.83333333333333,101.43916666666668,101.90708333333333,79.16666666666666,59.61538461538462,1.1202974953147162,0.6233914336444676,0.49690606167024864,34.743872159696835,17.124168742319736,25.40929692687611,,119.45124864356939,111.6,103.7487513564306,1918567.4,1582919.35,1.0481925211488532,117.4087576105355
2026-01-15,3011,14.75,14.75,14.05,14.45,1112726.0,15903634.0,14.280000000000001,14.36,14.5125,13.739166666666666,14.524583333333334,14.5325,50.0,48.57142857142855,0.15732650141633897,0.2251974175205754,-0.06787091610423643,22.08592786344235,14.4051260406588,26.980041652974396,,15.405086425124988,14.5125,13.61991357487501,849571.4,1485040.1,1.3097498338574014,14.292497883576011
2026-01-15,3013,127.5,127.5,122.5,123.0,3438866.0,424795379.0,123.5,125.45,127.2,128.38333333333333,126.60416666666667,121.60125,39.99999999999999,36.95652173913044,-1.794896263765608,-1.1096867494365399,-0.6852095143290682,23.309856230558864,20.163249903776595,14.29598768059036,,133.68398837623292,127.2,120.71601162376707,3958820.6,3676269.65,0.8686592163332685,123.52774984544324
2026-01-15,3014,116.0,116.0,114.5,115.5,870970.0,100210349.0,115.5,114.9,114.95,120.51666666666667,126.6625,132.47708333333333,28.57142857142857,48.38709677419355,-0.8018319734951262,-1.267648829844941,0.46581685634981485,24.180236643520526,22.917407492646216,19.30172630067126,,117.64307103117817,114.95,112.25692896882184,1133351.6,908541.5,0.7684905549169383,115.05602833622284
2026-01-15,3015,53.7,54.3,53.2,53.6,428998.0,23090028.0,52.32000000000001,52.3,52.754999999999995,54.75333333333333,55.005,56.846041666666665,63.6363636363636,53.0,-0.48774974951592753,-0.6312869555483207,0.14353720603239317,25.665771727272535,15.972349096784882,10.831891627449721,,54.62608187111563,52.754999999999995,50.88391812888436,383433.8,316870.8,1.1188319861212026,53.823160014732004
2026-01-15,3016,59.5,59.7,57.3,59.0,3032176.0,177275144.0,58.3,57.92999999999999,54.864999999999995,53.4625,48.85333333333333,42.69166666666667,47.777777777777786,70.1492537313433,2.0365619509808965,1.5393058042481949,0.4972561467327017,31.12601393706555,12.561812500578915,33.90267412990462,,61.7264176838016,54.864999999999995,48.00358231619839,4676058.2,4551726.55,0.6484470189015183,58.46466168190765
2026-01-15,3017,1420.0,1425.0,1360.0,1380.0,5284664.0,7300102445.0,1375.0,1393.5,1433.75,1393.5833333333333,1210.5083333333334,916.24375,51.35135135135135,35.0,-6.008430715379063,6.7523300902520225,-12.760760805631087,19.231895283276902,19.000139926105422,15.069592427327143,,1573.1802315628788,1433.75,1294.3197684371212,5783569.4,4833248.1,0.9137374577021588,1381.3749455026848
2026-01-15,3018,11.9,11.9,11.8,11.9,15048.0,179186.0,,,,,,,85.71428571428561,49.99999999999971,-0.09850287032824845,-0.15311544070289973,0.05461257037465128,37.42186273399676,26.832276491392864,30.29832228683394,,,,,22954.0,22898.8,0.6555720135924022,11.907628920786815
2026-01-15,3019,139.5,140.0,136.5,137.0,2496180.0,342682481.0,138.9,141.85,140.375,140.975,148.4875,148.44166666666666,15.625,47.76119402985074,-0.0006076072852181369,0.4514742764305454,-0.4520818837157635,20.932233768248146,19.728304970087343,16.139442740657618,,146.8628428821267,140.375,133.8871571178733,2688651.6,4262557.0,0.9284133355173277,137.2827604579798
2026-01-15,3021,19.05,19.15,18.4,18.7,301113.0,5614766.0,18.55,18.21,17.925,17.615833333333335,17.99625,18.941041666666667,66.6666666666666,70.17543859649119,0.2909985503641863,0.1789199444958093,0.11207860586837701,35.091966639719296,15.827601080530378,30.75683496358234,,18.83777483244081,17.925,17.01222516755919,399324.6,157193.8,0.7540557230884348,18.646707382278414
2026-01-15,3022,67.9,68.1,67.4,67.8,337520.0,22847070.0,67.02000000000001,65.55,65.61999999999999,66.52,68.19583333333334,76.47458333333333,78.78787878787873,65.5172413793103,0.19500011300219455,-0.2343661807531106,0.42936629375530516,25.679146177132374,14.6894482038193,14.808759628539574,,68.91631373059408,65.61999999999999,62.32368626940589,972875.0,690927.5,0.34693048952845945,67.6910109030576
2026-01-15,3023,196.0,201.0,195.5,198.0,2595225.0,516374418.0,195.1,193.35,195.875,210.00833333333333,221.15833333333333,231.52916666666667,67.85714285714286,48.57142857142856,-4.157551691052561,-5.189312584663195,1.0317608936106346,18.42878538277396,21.20978578590241,34.7839763324968,,204.03701084616014,195.875,187.71298915383986,1679053.4,1374172.45,1.5456476845822773,198.97096321128225
2026-01-15,3024,11.4,11.4,11.15,11.35,425327.0,4788035.0,11.18,11.290000000000001,11.272499999999999,11.029833333333332,12.031583333333334,13.651416666666668,37.5,50.98039215686273,0.06882364991101397,0.08368511054360893,-0.014861460632594956,25.808338522201957,17.58231692661996,21.075862819521408,,11.618111586064058,11.272499999999999,10.92688841393594,779120.8,669524.2,0.5459063600920422,11.257303204358058
2026-01-15,3025,72.0,74.6,71.5,73.7,1885598.0,138220369.0,73.28,70.13,67.185,54.902499999999996,51.248333333333335,53.79520833333333,67.0731707317073,62.39316239316238,4.6533571791601105,4.387738918814838,0.26561826034527236,38.80106875807323,10.502507782542263,53.24347330222949,,76.12109475518703,67.185,58.248905244812974,3418318.6,2978069.25,0.5516156393380067,73.30320089435818
2026-01-15,3026,108.0,109.0,105.0,105.5,2262353.0,240690118.0,105.6,105.45,103.01500000000001,106.33,97.275,91.20916666666666,46.15384615384615,66.10169491525424,0.6707739473868202,0.16633018836407934,0.5044437590227409,29.537099984276544,16.708770899109066,19.756644946409942,,108.33597141902958,103.01500000000001,97.69402858097045,2567725.6,1402853.4,0.8810727283320304,106.38928496127704
2026-01-15,3027,24.8,25.0,24.6,24.95,342940.0,8515092.0,24.81,24.185,23.6475,23.566666666666666,25.275,28.463124999999998,55.12820512820511,60.89743589743589,0.41114900620231154,0.2026291147372262,0.20851989146508534,34.56707035261212,14.900498093111958,21.752731026898363,,25.772903986364152,23.6475,21.52209601363585,1391618.0,1041318.1,0.24643256985753273,24.82968449291421
2026-01-15,3028,40.8,40.8,39.95,40.35,2381426.0,95772721.0,40.42,40.309999999999995,39.2425,37.1975,34.56333333333334,33.76229166666667,35.25179856115108,58.30258302583027,0.9135955378397753,0.8399119962070964,0.07368354163267887,29.965004394744003,16.86647330785226,27.805131972496337,,42.21664737892708,39.2425,36.26835262107292,6229411.8,4309417.45,0.38228745770186523,40.216542945277325
2026-01-15,3029,113.5,113.5,111.5,112.0,725887.0,81478811.0,111.7,112.0,111.925,113.175,116.79583333333333,120.84375,53.846153846153854,51.28205128205128,-0.37939009839351456,-0.4563860420034753,0.07699594360996076,23.733879560461016,18.689341415984664,11.736580398710545,,114.60582862287318,111.925,109.24417137712682,1056592.8,859597.45,0.6870073314904285,112.24723820649771
2026-01-15,3030,174.5,175.5,172.0,172.5,1107995.0,191881238.0,174.1,176.85,182.825,164.91666666666666,170.88333333333333,147.5995833333333,48.38709677419355,29.2929292929293,1.0324119477520242,3.589302309713051,-2.556890361961027,21.498587146013488,21.737921521048435,24.479115630594695,,202.97254784609217,182.825,162.6774521539078,2268230.2,5456610.35,0.4884843698845029,173.17879412813235
2026-01-15,3031,20.4,20.4,19.8,20.05,349560.0,6985907.0,19.79,19.669999999999998,19.71,19.813333333333333,19.637083333333333,19.654791666666664,52.380952380952415,51.041666666666686,0.04714138696503056,-5.409164885630588e-05,0.04719547861388687,26.132046302326483,16.255749469011636,13.258311519366192,,20.2582988044368,19.71,19.1617011955632,438852.8,340152.95,0.796531319841186,19.984858107334937
2026-01-15,3032,73.5,73.5,72.1,72.9,369914.0,26916072.0,73.22,74.64000000000001,75.96000000000001,83.86999999999999,93.62333333333335,,26.829268292682954,33.09352517985616,-2.3606486981877737,-2.326847751630966,-0.033800946556807876,11.706486331100553,23.778044637171078,29.80729228301029,,79.84270117586247,75.96000000000001,72.07729882413754,592114.0,552206.85,0.624734426140912,72.76305303394844
2026-01-15,3033,31.1,31.1,30.7,30.7,1380426.0,42496301.0,30.9,31.309999999999995,30.934999999999995,30.334166666666665,30.168333333333333,31.90375,14.035087719298204,50.81967213114753,0.18023943939082798,0.2576590604830468,-0.07741962109221884,29.066649991698984,23.220626563999616,16.077149289073475,,32.134166377113345,30.934999999999995,29.73583362288665,3010284.4,3740643.25,0.4585699610309245,30.78491784420172
2026-01-15,3034,384.0,384.0,379.0,379.5,1917697.0,729553894.0,382.2,380.6,378.175,387.425,412.0125,465.66875,16.417910447761187,51.35135135135135,-0.2901421177968473,-1.6037437212970893,1.313601603500242,24.756931922764537,14.863779910115554,23.321491744815784,,393.7559431509442,378.175,362.59405684905585,3125800.4,3727272.85,0.6135059039598306,380.43230708500874
2026-01-15,3035,170.5,170.5,167.0,168.0,1955237.0,328379996.0,168.7,170.1,168.325,170.275,164.41666666666666,183.04583333333332,27.5,54.66666666666667,0.1013832591310404,0.13176752978476539,-0.030384270653724982,18.394697986945072,18.839734723477697,10.319912894821034,,174.4575275977181,168.325,162.19247240228188,2593051.4,3131114.0,0.7540294033508168,167.94894736546004
2026-01-15,3036,154.0,154.0,151.0,152.0,3630981.0,553137336.0,149.7,146.8,145.125,144.175,137.74166666666667,,62.16216216216216,62.33766233766234,1.628518825896606,0.49054527523887737,1.1379735506577284,29.751133449561078,17.170151104142413,17.99347520475001,,156.12679411206392,145.125,134.12320588793608,7072591.4,10276415.75,0.5133876389352847,152.33826230431941
2026-01-15,3037,250.0,257.5,245.5,249.5,30354323.0,7611576766.0,244.5,235.55,226.15,196.4,170.40833333333333,142.53375000000003,82.1917808219178,77.77777777777777,11.917552092765732,10.244802575244375,1.672749517521357,35.020308587938885,8.281019891707178,45.605254193046946,,252.6831966848283,226.15,199.61680331517172,35636528.8,26487549.85,0.8517755242199684,250.7575861929123
2026-01-15,3038,24.1,24.1,23.8,24.05,217630.0,5208319.0,23.71,23.625,23.465,21.6875,21.74458333333333,23.147499999999997,51.51515151515154,58.10810810810812,0.5519587751422534,0.5819928125248378,-0.030034037382584367,34.084067053896504,17.756851405434247,34.28401539669205,,24.14717917078536,23.465,22.78282082921464,300018.6,464530.0,0.7253883592550596,23.93199007489776
2026-01-15,3040,52.2,52.8,50.4,50.4,437802.0,22511258.0,52.120000000000005,52.25,54.220000000000006,57.275,60.9475,56.144999999999996,40.697674418604656,31.952662721893518,-1.5900654484238572,-1.4004840091278212,-0.189581439296036,14.194772080138659,24.05368282585674,21.227157448870823,,58.654600794945146,54.220000000000006,49.785399205054865,338686.8,283586.4,1.2926455946910242,51.41881032978378
2026-01-15,3041,26.6,26.85,26.3,26.7,830677.0,22062297.0,26.139999999999997,25.7,25.1875,26.265833333333333,27.028333333333332,27.50020833333333,69.84126984126985,63.529411764705905,0.18298770613501603,-0.09255600778983632,0.27554371392485233,31.29274253151713,17.138343507133023,18.673923498950003,,26.838934782879672,25.1875,23.536065217120328,1972480.4,1122115.45,0.42113320872542004,26.559417198261176
2026-01-15,3042,83.4,85.0,83.1,84.3,2660623.0,223534273.0,81.94,80.96,81.515,84.27000000000001,86.17333333333335,89.3975,84.37499999999997,59.79381443298965,-0.4637950738581367,-0.9154103058378106,0.4516152319796739,26.77538375113326,19.58975199804742,25.953056746744718,,84.56978055030365,81.515,78.46021944969635,2224619.2,2052838.05,1.195990307015241,84.01576360123174
2026-01-15,3043,21.55,22.15,21.55,22.05,98837.0,2147805.0,21.33,21.490000000000002,21.490000000000002,21.94333333333333,22.911250000000003,25.295624999999998,60.97560975609755,56.33802816901407,-0.09922898109029532,-0.13879991544249382,0.039570934352198495,31.284231605810493,21.76260028898895,12.321510142817063,,22.07543730842628,21.490000000000002,20.904562691573723,116293.2,95656.35,0.8498949207692281,21.730778959296618
2026-01-15,3044,321.0,322.0,317.5,319.5,3119179.0,997282866.0,316.3,315.85,314.85,314.7,309.625,261.31875,55.55555555555556,46.57534246575342,2.061293164966571,1.948858627582777,0.11243453738379405,21.121673647615594,15.810130476496392,14.289600445205535,,327.67719151276367,314.85,302.0228084872364,3383362.2,3651694.9,0.9219169617725231,319.7260772786685
2026-01-15,3045,107.5,108.5,107.5,108.0,5839183.0,630395563.0,107.5,107.35,107.525,108.03333333333333,107.71666666666667,110.79791666666667,75.0,47.82608695652174,0.10854819640471192,0.11094120607361196,-0.002393009668900048,16.396535487185318,15.264587340481098,12.37136479036456,,110.90411542457996,107.525,104.14588457542006,6503210.6,16436498.05,0.8978923425915194,107.9595489642986
2026-01-15,3046,54.7,54.8,53.5,53.8,274110.0,14764632.0,53.779999999999994,52.910000000000004,52.485,49.946666666666665,47.60333333333333,47.89833333333333,67.69230769230764,58.62068965517241,0.9767548203210552,0.8890219879678111,0.08773283235324414,32.358363532634385,16.389798621345204,22.64502003051076,,54.837400789338865,52.485,50.132599210661134,481919.4,465061.85,0.5687880587500731,53.86389405713035
2026-01-15,3047,19.7,19.7,19.1,19.4,3301545.0,63960071.0,18.83,18.45,18.54,18.3075,18.78666666666667,20.51520833333333,70.83333333333334,59.49367088607596,0.19472213236998215,0.08087246520941997,0.11384966716056218,33.634435808332476,14.960959205437987,21.742011790047542,,19.52600736625642,18.54,17.55399263374358,3970742.8,4092503.65,0.8314678553342715,19.37276971841971
2026-01-15,3048,41.3,41.65,40.6,41.1,2948582.0,120967412.0,41.41,42.61,41.41,39.752500000000005,37.126666666666665,32.195625,20.270270270270302,50.57471264367816,0.5057409436485969,0.7587829086786398,-0.25304196503004295,27.864917201341505,21.16161501234364,28.180743284931584,,45.19203509683411,41.41,37.62796490316588,4247840.0,9438309.35,0.6941367848129874,41.025622485655816
2026-01-15,3049,7.7,7.98,7.41,7.91,11357669.0,87495960.0,7.32,6.970999999999999,7.026999999999999,6.837666666666666,6.637833333333334,6.956791666666667,79.99999999999994,57.32323232323232,0.1268266353924874,0.016387290246678628,0.11043934514580878,37.56273292580266,21.44556828477114,21.74569454181963,,8.177086495603032,7.026999999999999,5.876913504396966,7178947.2,7474618.8,1.5820800297848687,7.703689903271525
2026-01-15,3050,15.15,15.3,14.6,14.7,4655611.0,69049120.0,14.170000000000002,13.684999999999999,13.622499999999999,12.567499999999999,12.765000000000002,13.610833333333334,67.74193548387095,60.34482758620689,0.44431181001418985,0.33389672665241654,0.1104150833617733,34.98787152055623,14.608675622013015,28.8104094548372,,14.75455681464255,13.622499999999999,12.490443185357448,3296730.8,1893147.3,1.4121902219010423,14.831376590527
2026-01-15,3051,20.7,22.2,20.4,21.85,5111154.0,110351952.0,20.45,19.990000000000002,19.2725,19.225,21.185833333333335,24.869791666666668,68.6046511627907,71.97452229299364,0.5360954848871771,0.2402842749940427,0.29581120989313436,35.610179618916526,10.652299930794323,29.14438166915986,,21.40087348325264,19.2725,17.144126516747363,3086361.0,1537771.95,1.6560454204806243,21.59041813257828
2026-01-15,3052,12.1,12.15,11.9,11.9,1070335.0,12819525.0,11.91,11.905,11.9125,11.519166666666667,11.634583333333332,11.984583333333331,57.14285714285722,38.88888888888896,0.09368366869533062,0.11587783115140364,-0.022194162456073016,24.81797641448638,12.706780678309807,29.632633943947393,,12.236740002077731,11.9125,11.588259997922268,793511.6,966968.85,1.3488586682286687,11.977114641677606
2026-01-15,3054,31.8,31.8,29.95,30.1,56305.0,1707660.0,30.03,31.070000000000004,29.890000000000004,25.797500000000003,,,22.340425531914903,60.93023255813953,1.2801790883085182,1.6176146826794031,-0.3374355943708849,33.9335851914823,19.107649159727153,42.37541897207771,,33.96051011933135,29.890000000000004,25.819489880668655,49063.2,116445.55,1.1476014609727863,30.328745226889264
2026-01-15,3055,73.5,74.5,73.2,74.0,254413.0,18822664.0,73.38,73.77000000000001,75.875,67.33666666666666,62.469166666666666,62.45916666666667,65.21739130434777,40.53030303030303,0.8115133238524805,1.7467563798401584,-0.9352430559876779,20.495674998808973,19.61720956883823,23.24422939699485,,82.4843633740712,75.875,69.2656366259288,436598.6,1030129.6,0.5827160233679174,73.98467845589651
2026-01-15,3056,17.75,17.95,17.75,17.95,1203377.0,21463247.0,17.86,17.81,17.9725,18.5825,20.9,28.027499999999996,52.63157894736845,44.1860465116279,-0.15297416738573233,-0.1810440991450215,0.02806993175928918,26.285761726787577,21.74676060876785,14.19716142466446,,18.394868011143604,17.9725,17.550131988856396,1447220.2,1382655.1,0.831509261686646,17.835846123035424
2026-01-15,3057,19.3,19.6,18.8,19.5,758221.0,14478401.0,19.75,21.240000000000002,20.64,16.305833333333332,13.379,12.149125,7.500000000000028,37.24489795918367,0.9496977932922874,1.4768950508518146,-0.5271972575595272,29.353753095861414,23.665764075749824,42.393563197104726,,24.561546418925772,20.64,16.71845358107423,967963.0,1445936.65,0.7833160978260533,19.095225534507748
2026-01-15,3058,11.0,11.2,10.4,10.45,3567198.0,38277098.0,9.772,9.849,10.257000000000001,10.5565,10.903583333333334,11.323791666666667,82.77777777777783,49.408983451536635,-0.1864577037394497,-0.17959924831002685,-0.006858455429422844,39.82473717261075,18.970315676430864,18.74411458035222,,11.335792697513861,10.257000000000001,9.178207302486141,1905187.0,1212795.45,1.8723610858146733,10.73029812194333
2026-01-15,3059,40.7,40.75,39.85,40.2,1763354.0,70788970.0,39.95,40.35,40.5525,43.0875,46.28958333333333,42.842083333333335,40.69767441860468,47.741935483870996,-0.6566256773494175,-0.7200410536543302,0.06341537630491278,17.687025810727423,23.943212687439473,17.300385437758568,,41.67615709322416,40.5525,39.42884290677584,3202491.6,2182785.8,0.5506193989704766,40.144503032289606
2026-01-15,3060,34.75,35.75,34.05,35.0,8000342.0,279442649.0,34.25,34.185,33.67,28.970833333333335,25.360833333333332,24.660833333333333,41.17647058823528,54.293628808864256,1.3143422552771398,1.3937560163752571,-0.07941376109811737,29.68851956951924,14.822239847711593,38.96213351955245,,36.5519583984727,33.67,30.788041601527304,12004255.2,17766723.8,0.6664588403618744,34.92883791717904
2026-01-15,3062,25.75,25.95,25.25,25.7,4661847.0,118981171.0,24.860000000000003,24.16,23.9875,24.516666666666666,24.8125,25.296249999999997,79.68749999999994,69.14893617021278,0.24198746191410692,-0.03301477536935409,0.275002237283461,33.16870451247595,13.070891845076563,14.958695920741535,,25.539705561536934,23.9875,22.435294438463067,8170585.8,3678100.05,0.5705645977060788,25.52232430622455
2026-01-15,3064,46.5,46.5,46.5,46.5,1000.0,46500.0,,,,,,,37.14285714285706,37.14285714285707,-0.6940829150344854,-0.28613306672899785,-0.40794984830548753,8.187963338604643,24.106965369547225,35.94649392735195,,,,,,,,46.5
2026-01-15,3066,14.3,15.5,14.3,15.5,445000.0,6823000.0,14.12,13.830000000000002,13.857499999999998,13.8625,14.81625,16.7,90.19607843137256,70.42253521126759,0.10444842715362057,-0.029974530971015392,0.13442295812463595,44.23242131519983,14.906368177271773,17.210312401551658,,14.737855789320763,13.857499999999998,12.977144210679233,150600.0,74550.0,2.954847277556441,15.332584269662922
2026-01-15,3067,18.2,18.2,18.2,18.2,3000.0,54600.0,,,,,,,22.2222222222224,43.0769230769231,-0.11518449487621751,-0.028847998858326004,-0.0863364960178915,21.35777883752924,32.95145336155706,20.135644857264197,,,,,,,,18.2
2026-01-15,3071,24.25,24.25,23.7,23.95,217000.0,5181500.0,23.84,23.494999999999997,23.1675,22.83416666666667,22.9175,21.974375,56.8965517241379,60.869565217391305,0.3961154550737902,0.2962306920527552,0.099884763021035,31.277933633461608,15.80003833351418,27.081109789444703,,24.342357214169617,23.1675,21.992642785830384,358200.0,288350.0,0.6058068118369626,23.877880184331797
2026-01-15,3073,32.85,33.05,31.75,32.0,257000.0,8268800.0,32.03,31.045000000000005,31.295000000000005,32.288333333333334,37.089166666666664,41.76,67.52136752136751,50.96774193548386,-0.07805667440849007,-0.3661271857687931,0.28807051136030304,38.20142232211764,20.018615124001354,20.347864539971493,,33.64242860437622,31.295000000000005,28.94757139562379,359000.0,235150.0,0.7158774373259053,32.17431906614786
2026-01-15,3078,65.5,65.5,64.4,64.9,757000.0,49043900.0,65.17999999999999,66.97,68.41,71.265,78.35916666666667,79.43875,16.666666666666657,19.565217391304245,-1.5747524405520181,-1.1645637633418715,-0.4101886772101466,12.227697175322383,30.989054586189148,26.203372056477264,,72.75554823626027,68.41,64.06445176373973,1805600.0,1574050.0,0.4192512184315463,64.78718626155879
2026-01-15,3081,667.0,683.0,648.0,672.0,3333000.0,2222011000.0,657.0,640.1,620.7,524.4083333333333,483.0541666666667,422.5541666666667,73.14814814814815,66.83168316831683,30.607895360883504,29.05883296915624,1.549062391727265,34.72288437554623,7.692475025022191,53.4044564279645,,675.4226499819953,620.7,565.9773500180048,4499200.0,2641050.0,0.7407983641536273,666.6699669966997
2026-01-15,3083,38.2,38.2,36.8,37.6,291000.0,10884450.0,36.26,35.19,35.1325,33.86,33.665416666666665,35.766666666666666,100.0,75.40983606557371,0.6134381393633817,0.3454941176768864,0.2679440216864952,35.40085087054463,11.294951842854239,26.145947180259665,,37.134939301924625,35.1325,33.130060698075376,235200.0,136550.0,1.2372448979591837,37.40360824742268
2026-01-15,3085,13.6,14.0,13.5,14.0,43000.0,598650.0,13.059999999999999,13.145,13.735,,,,83.33333333333334,41.66666666666667,-0.42493774570413656,-0.4381856115255279,0.013247865821391314,29.06950839121703,34.01543665368125,33.29484003404598,,15.234157658223271,13.735,12.235842341776728,18400.0,11100.0,2.3369565217391304,13.922093023255814
2026-01-15,3086,212.5,218.5,211.5,213.5,50000.0,10740500.0,209.4,211.45,215.375,221.78333333333333,186.91666666666666,174.5875,50.0,37.62376237623763,-2.5878418451214316,-2.1839013010017543,-0.4039405441196773,24.472861675584404,20.727050865736523,10.643210000654939,,226.82684425506199,215.375,203.92315574493801,76600.0,81850.0,0.6527415143603134,214.81
2026-01-15,3088,84.2,84.8,82.4,83.5,510000.0,42567600.0,82.14000000000001,79.7,78.41,77.735,80.29666666666667,94.31791666666666,85.71428571428577,81.3725490196079,1.4689877002728338,0.7681470010446168,0.700840699228217,39.299774750774155,9.367650764891922,22.949011438710897,,83.13346884130404,78.41,73.68653115869596,698600.0,324100.0,0.7300314915545376,83.46588235294118
2026-01-15,3090,103.5,105.5,101.0,102.0,6480459.0,664506666.0,102.0,103.22,98.885,92.12166666666666,82.635,,34.374999999999986,60.58394160583942,2.910461678332922,3.0598717841222944,-0.14941010578937242,30.509689023851642,17.35357047852967,33.180029129512256,,108.86482702096721,98.885,88.9051729790328,10238164.0,9904176.3,0.6329708139076499,102.54006174562635
2026-01-15,3092,29.0,29.0,26.9,27.65,1906037.0,52615120.0,28.73,27.805,23.45,17.82333333333333,17.35458333333333,19.833333333333332,51.30434782608694,77.71260997067449,3.3528302517546322,3.0323964572151674,0.32043379453946486,40.055696840862275,18.443860432622667,55.23174298296879,,33.89620303721568,23.45,13.003796962784321,1214095.6,1947466.35,1.5699233239952437,27.604458885110834
2026-01-15,3093,25.2,25.2,24.85,25.1,105000.0,2625950.0,25.16,25.330000000000002,25.4125,24.954166666666666,25.839166666666664,26.24458333333333,40.90909090909098,39.62264150943401,0.011364790309404071,0.09499990949182449,-0.08363511918242042,13.721072778672463,20.021108427595387,14.429808640376324,,25.90866953808863,25.4125,24.91633046191137,122200.0,102800.0,0.8592471358428805,25.009047619047617
2026-01-15,3094,24.95,25.0,24.45,24.7,191680.0,4731530.0,24.750000000000004,24.64,24.3825,24.305,24.850833333333334,25.565625,24.44444444444443,58.33333333333331,0.17735412491995817,0.11861495916687192,0.05873916575308624,23.371919253698824,14.346562678720662,17.03470141619477,,25.40656568457151,24.3825,23.35843431542849,274303.8,265452.0,0.6987872570485717,24.684526293823037
2026-01-15,3095,29.9,30.05,29.9,30.0,11000.0,329700.0,30.189999999999998,30.32,29.339999999999996,,,,34.09090909090911,59.883720930232556,0.6514025868427886,0.613791281071485,0.03761130577130367,38.585293229153535,5.827291455228158,45.141676766126885,,31.78424135254123,29.339999999999996,26.895758647458763,83000.0,34400.0,0.13253012048192772,29.972727272727273
2026-01-15,3105,215.5,225.5,212.0,222.0,27519000.0,6024855000.0,219.4,202.65,192.275,150.81166666666667,121.19583333333334,111.11625000000001,71.95121951219512,66.19047619047619,16.468252838211185,14.655685314548533,1.8125675236626524,32.903533332258306,12.913997170288724,55.76723234638934,,228.1438767009712,192.275,156.40612329902882,45585200.0,27350700.0,0.6036827742337425,218.934372615284
2026-01-15,3114,26.55,26.6,26.1,26.35,132000.0,3463950.0,26.160000000000004,26.339999999999996,25.9775,25.395833333333332,24.889166666666664,24.307708333333334,42.85714285714293,59.47712418300656,0.2800845481946759,0.2999900093076714,-0.019905461112995515,32.343205987529025,17.650693272980256,25.420633935775815,,27.97525531929961,25.9775,23.97974468070039,133400.0,414600.0,0.9895052473763118,26.242045454545455
2026-01-15,3115,10.55,10.7,10.55,10.7,9000.0,95900.0,10.33,10.375,,,,,66.6666666666666,54.83870967741934,-0.09374306352101236,-0.1343254153383853,0.040582351817372936,35.43306347078553,19.400670498323798,19.071343392365893,,,,,11600.0,,0.7758620689655172,10.655555555555555
2026-01-15,3118,33.3,33.35,33.1,33.1,17000.0,565000.0,33.1,32.985,33.029999999999994,,,,68.75000000000017,46.37681159420291,-0.03567892882837498,-0.060120261521474205,0.024441332693099227,20.53777436732366,14.943436144292438,14.914787786616754,,33.58478777355331,33.029999999999994,32.47521222644668,18600.0,12900.0,0.9139784946236559,33.23529411764706
2026-01-15,3122,21.5,22.2,21.45,21.85,256000.0,5603700.0,21.34,21.174999999999997,21.0875,22.3725,24.784166666666668,25.324166666666667,63.33333333333337,65.15151515151513,-0.14575963043797557,-0.30188139444331963,0.15612176400534405,33.34279398981223,16.96796809881162,15.759552796480305,,21.630275518201508,21.0875,20.54472448179849,135000.0,89750.0,1.8962962962962964,21.889453125
2026-01-15,3128,28.4,28.5,27.9,28.5,285000.0,8018100.0,28.54,28.834999999999997,28.607500000000005,27.865000000000002,31.882916666666667,31.750208333333333,19.230769230769212,53.642384105960275,0.2963331078223952,0.383342398850999,-0.08700929102860383,25.263065676450637,20.522621211091934,25.006933095386017,,30.67180184451446,28.607500000000005,26.543198155485552,331000.0,837500.0,0.8610271903323263,28.133684210526315
2026-01-15,3130,224.5,224.5,223.5,223.5,23449.0,5251511.0,223.7,223.55,223.925,224.66666666666666,225.15416666666667,225.93541666666667,57.14285714285714,50.0,-0.2576001737843967,-0.2790417555695585,0.021441581785161812,20.522702191174425,12.727270591164697,16.286223622987116,,225.76819516629308,223.925,222.08180483370694,22469.6,19503.95,1.0435877808238687,223.95458228495886
2026-01-15,3131,1810.0,1840.0,1775.0,1785.0,645000.0,1157015000.0,1805.0,1781.0,1627.5,1500.5833333333333,1500.0416666666667,1372.9,41.30434782608696,72.22222222222223,97.62534866824012,81.68599946548777,15.939349202752354,34.17215547198252,11.98511762164481,38.4739692716823,,1970.2213076784708,1627.5,1284.7786923215292,967400.0,1000700.0,0.6667355799048997,1793.8217054263566
2026-01-15,3138,148.5,159.5,146.5,156.5,11010743.0,1699427585.0,142.1,124.2,116.1,98.95,96.45083333333332,96.14875,100.0,86.82170542635659,12.67073606874493,7.963774185216678,4.706961883528251,57.77754694319266,6.500091400071072,47.17275591827332,,149.31160228468002,116.1,82.88839771531997,6349872.0,3148109.8,1.7340102288676056,154.34268014429182
2026-01-15,3141,50.1,50.8,49.65,50.3,339000.0,17006200.0,49.69,50.059999999999995,50.745000000000005,47.78666666666667,49.10541666666666,55.94979166666667,42.063492063492056,38.157894736842096,0.17244820120554039,0.5019734219034586,-0.32952522069791823,20.012294213158103,13.930037550397973,31.218466179343377,,53.01399003732126,50.745000000000005,48.47600996267875,498000.0,722900.0,0.6807228915662651,50.16578171091445
2026-01-15,3147,157.0,159.0,154.5,157.5,144000.0,22647500.0,157.5,161.35,163.7,172.51666666666668,181.1625,190.8625,37.2093023255814,35.0,-4.0927584639578924,-3.3866645521875403,-0.7060939117703522,17.35129563548474,32.813026111394876,21.462307367898536,,172.6289593900663,163.7,154.77104060993366,284800.0,165500.0,0.5056179775280899,157.27430555555554
2026-01-15,3149,44.2,46.15,44.0,45.1,15167760.0,683482162.0,44.120000000000005,41.805,37.89,36.43416666666667,36.869166666666665,35.06229166666667,80.21978021978019,78.93401015228423,2.5889944762422914,1.6207066636531942,0.9682878125890972,40.42249394836249,12.338896140253103,36.58490333502627,,46.829009717907226,37.89,28.95099028209278,18915214.8,8288291.15,0.8018814568259621,45.061509543927386
2026-01-15,3150,20.05,20.15,19.85,19.9,37741.0,753794.0,20.25,20.794999999999998,20.25,19.66,20.776666666666664,23.36875,2.777777777777814,50.0,0.2659524960180448,0.3666046866752881,-0.10065219065724329,27.355700905688867,21.792636117600146,26.650381273550565,,21.937726592975242,20.25,18.562273407024758,45886.6,67876.15,0.8224841239054539,19.972814710791976
2026-01-15,3152,181.5,181.5,166.0,170.0,5411000.0,932513000.0,163.3,153.25,149.55,126.075,125.59583333333333,129.68541666666667,74.77477477477478,63.19444444444445,10.831085856592267,8.594873775027942,2.236212081564325,41.43996144150325,13.85808236464138,40.70189002472406,,173.4839002034224,149.55,125.61609979657763,3294400.0,1846900.0,1.6424842156386597,172.33653668453152
2026-01-15,3162,60.6,61.6,59.5,60.1,2227000.0,134663600.0,60.14,60.17999999999999,59.475,58.38,55.41291666666666,51.698541666666664,44.64285714285713,55.12820512820513,0.3901066012711851,0.4143703944988246,-0.024263793227639496,28.994636657822177,13.772390738686289,27.2390550310155,,61.815377837243645,59.475,57.13462216275636,2057400.0,1908100.0,1.0824341401769224,60.4686124831612
2026-01-15,3163,360.0,366.0,356.0,365.0,335000.0,121558500.0,359.9,374.6,375.575,306.3,258.025,220.7,40.67796610169491,42.05298013245032,9.044007548745867,16.87177386352355,-7.8277663147776835,22.698637445098502,25.838534959471975,26.853012380106804,,416.4577270179125,375.575,334.6922729820875,1826400.0,3497500.0,0.1834209373631187,362.86119402985076
2026-01-15,3164,18.2,18.25,18.1,18.25,46490.0,845586.0,18.22,18.21,18.235,18.4375,19.084583333333335,19.742708333333333,62.49999999999994,46.42857142857139,-0.05205636664230795,-0.06509591021710563,0.013039543574797682,18.70899154606703,18.78637042126588,16.188204370905872,,18.42993588689615,18.235,18.04006411310385,47412.6,44384.35,0.9805410376144739,18.18855667885567
2026-01-15,3167,229.5,237.0,224.0,227.0,8552424.0,1960251012.0,230.3,225.9,227.375,208.44166666666666,198.59166666666667,150.18666666666664,65.47619047619048,51.5625,3.5871190467482847,4.467684237731788,-0.8805651909835035,25.349563056238395,19.318101624208772,25.853581085542327,,247.02958296630013,227.375,207.72041703369987,11620939.4,9916415.4,0.7359494534495206,229.20414282547264
2026-01-15,3168,41.0,41.75,40.9,41.0,31071.0,1278425.0,40.81,41.035,,,,,52.50000000000005,33.9622641509434,-0.7107793232932167,-0.6879179232644514,-0.022861400028765244,23.490062908922653,15.910305671077468,11.367505059112997,,,,,18614.0,20525.15,1.6692274631997421,41.145280164783884
2026-01-15,3169,98.0,98.0,95.4,96.5,126000.0,12118900.0,96.44,96.75,96.13499999999999,93.785,93.96916666666667,94.71625,35.185185185185205,53.07017543859651,0.8534192727308749,0.9345041655602265,-0.0810848928293516,31.59947791627422,25.51108328553559,18.950019605754683,,99.04434971934822,96.13499999999999,93.22565028065176,150600.0,169450.0,0.8366533864541833,96.18174603174603
2026-01-15,3171,47.7,48.1,47.7,48.1,20000.0,959700.0,47.82000000000001,47.495000000000005,47.227500000000006,48.590833333333336,49.068333333333335,,72.91666666666671,56.43564356435642,-0.024753819535149546,-0.2024318918689362,0.17767807233378666,26.416833689581054,29.986438710953212,11.582349150708918,,48.13737274992353,47.227500000000006,46.317627250076484,46600.0,25750.0,0.4291845493562232,47.985
2026-01-15,3176,32.65,33.15,32.2,32.75,215000.0,7026850.0,32.29,32.165,32.144999999999996,30.759999999999998,30.26833333333333,31.149375,80.55555555555553,59.79381443298966,0.36827496613320676,0.4002359465492898,-0.03196098041608303,26.446242144829114,13.891019208010825,34.16874032327238,,32.99098121168689,32.144999999999996,31.299018788313095,257600.0,254450.0,0.8346273291925466,32.68302325581395
2026-01-15,3178,59.4,60.1,59.4,59.8,72000.0,4300800.0,59.9,59.919999999999995,59.065,53.96666666666667,56.15125,,44.262295081967196,57.49999999999999,1.9614777208500485,2.144530516116805,-0.18305279526675644,32.18354298885616,16.924694208401817,39.31319997542017,,62.68149728765034,59.065,55.44850271234966,118400.0,354550.0,0.6081081081081081,59.733333333333334
2026-01-15,3188,29.45,29.85,29.4,29.8,383000.0,11357300.0,29.520000000000003,29.425,30.035000000000004,29.555000000000003,28.744166666666665,28.926875,61.36363636363639,39.82300884955753,-0.20829188253854625,-0.12988287923814745,-0.0784090033003988,19.766167654795836,27.810474459927903,19.343929123049655,,31.49862923116336,30.035000000000004,28.571370768836648,290400.0,338400.0,1.3188705234159779,29.653524804177547
2026-01-15,3189,172.5,179.0,170.0,175.0,25414189.0,4422241908.0,174.6,170.75,157.575,146.61666666666667,128.52083333333334,110.00375,50.0,68.6746987951807,8.579645498520591,7.097923383204747,1.4817221153158444,26.36279100759863,13.199120941138926,34.49731267252812,,188.5440422671952,157.575,126.60595773280477,28449485.2,24220866.45,0.8933092750655467,174.0068080866165
2026-01-15,3191,17.7,17.95,16.5,17.95,9000.0,154800.0,17.73,17.990000000000002,18.375,,,,46.1538461538461,38.271604938271594,-0.1312616458024891,-0.014426478039081356,-0.11683516776340776,18.02576498467885,27.964583830471508,22.92382657924108,,19.40072182542727,18.375,17.34927817457273,34600.0,23100.0,0.26011560693641617,17.2
2026-01-15,3205,51.2,51.2,50.6,50.8,66000.0,3357200.0,50.94,50.81,51.15,49.25333333333333,50.28625,43.421875,60.71428571428562,45.76271186440678,0.4638164634671682,0.6232603192270472,-0.15944385575987896,19.574135790096967,12.395376772362216,26.240098670403974,,52.3098548003518,51.15,49.9901451996482,98000.0,110300.0,0.673469387755102,50.86666666666667
2026-01-15,3206,32.05,32.05,31.75,31.85,47000.0,1496600.0,31.78,31.835,32.035,32.854166666666664,33.79541666666667,36.523125,40.00000000000009,36.11111111111114,-0.2726944379150993,-0.2921263782451395,0.0194319403300402,13.40788537350027,22.517545602193103,24.870089707779652,,32.56325432471643,32.035,31.50674567528356,32400.0,34300.0,1.4506172839506173,31.842553191489362
2026-01-15,3207,81.9,82.5,77.4,78.0,2291000.0,181831800.0,80.47999999999999,76.42999999999999,72.54499999999999,69.21666666666667,67.95833333333333,76.78583333333333,64.8809523809524,63.13993174061434,3.270897534933482,2.2630198681452627,1.0078776667882194,36.28761504216976,16.584023027914757,32.876486571372226,,83.38090037062453,72.54499999999999,61.709099629375444,2954200.0,1200500.0,0.7755060591699953,79.36787429070274
2026-01-15,3209,33.7,33.7,33.3,33.6,527070.0,17645139.0,32.940000000000005,32.44500000000001,32.0375,32.285833333333336,32.474583333333335,34.71583333333333,77.77777777777777,74.11764705882356,0.219082370428076,-0.012123885046470204,0.2312062554745462,33.0097291709361,12.258295576015552,22.93088341168722,,33.34048240889664,32.0375,30.73451759110336,728011.0,436793.2,0.7239863133936163,33.47779042631908
2026-01-15,3211,294.0,297.0,290.0,290.5,1915000.0,559344500.0,294.9,304.95,317.5,295.14166666666665,309.0625,253.66875,5.769230769230774,31.034482758620683,-0.27123633204922726,4.932428848362989,-5.203665180412216,17.919167400869675,21.700377230486072,24.46210119487645,,353.5087708613811,317.5,281.4912291386189,3609200.0,8736550.0,0.5305884960656101,292.08590078328984
2026-01-15,3213,104.0,104.5,103.0,104.0,151000.0,15650500.0,103.6,103.4,103.0,102.21499999999999,107.62833333333334,107.64000000000001,53.33333333333333,56.25,0.6332109913306851,0.5339635680060405,0.09924742332464465,23.22593997150681,19.82691038227356,12.869708110777202,,105.4494897427871,103.0,100.5505102572129,266800.0,265550.0,0.5659670164917541,103.6456953642384
2026-01-15,3217,170.0,173.0,167.0,171.5,1183000.0,202028500.0,165.3,161.35,160.975,168.54166666666666,171.26666666666668,161.7875,91.66666666666667,69.64285714285714,0.23595818053757966,-1.5841559619907397,1.8201141425283194,32.49332224121157,14.983283010201301,24.57629952508291,,169.41971183017824,160.975,152.53028816982174,1486600.0,728200.0,0.7957755953181757,170.7764158918005
2026-01-15,3218,150.0,150.0,148.0,149.5,146000.0,21735000.0,149.1,147.35,146.075,145.71666666666667,162.225,181.7875,90.0,61.29032258064516,0.8613990299167256,0.2531275919127636,0.608271438003962,25.00168956745259,19.08898754312333,17.705769150244663,,150.95541197570506,146.075,141.19458802429492,188200.0,138650.0,0.7757704569606801,148.86986301369862
2026-01-15,3219,71.9,72.9,68.8,70.0,678000.0,47964900.0,71.64000000000001,72.4,67.11500000000001,60.55166666666666,67.8525,56.52104166666666,33.714285714285694,62.441314553990615,3.4814626499402834,3.426310833148719,0.055151816791564556,34.54667230624827,16.191782794734593,36.84026721840746,,81.19137438367821,67.11500000000001,53.0386256163218,1059600.0,1507050.0,0.6398640996602492,70.74469026548672
2026-01-15,3221,28.2,28.65,26.5,27.8,12181000.0,337106200.0,24.7,23.57,22.255000000000003,21.802500000000002,20.70041666666667,20.904166666666665,88.65248226950354,82.46445497630333,1.1292619041696454,0.5553401016457266,0.5739218025239189,55.09319318748502,7.623769071426838,31.628541893365366,,26.025090044994755,22.255000000000003,18.48490995500525,4086800.0,1411050.0,2.9805715963590096,27.674755767178393
2026-01-15,3224,46.95,47.35,46.5,47.35,37000.0,1741850.0,46.95,46.22,45.1875,45.94416666666666,45.57625,43.24791666666667,100.0,89.47368421052634,0.4487673848944951,0.10156047137811876,0.34720691351637634,27.39321499583392,10.830322608621618,23.774586203795057,,47.60364634446961,45.1875,42.77135365553039,71800.0,48800.0,0.5153203342618384,47.07702702702703
2026-01-15,3226,49.8,52.4,49.05,50.9,123000.0,6210450.0,,,,,,,94.59459459459461,68.348623853211,0.6309683774678589,-0.45968452401862375,1.0906529014864828,36.23080450294697,10.620761438371872,17.395499320096295,,,,,,,,50.49146341463415
2026-01-15,3227,211.0,211.0,206.0,209.0,1340000.0,278254000.0,209.2,208.5,205.475,213.43333333333334,213.49166666666667,221.1625,44.827586206896555,60.0,0.39574068770511417,-0.5881569624125409,0.9838976501176551,19.326465632444183,19.00318997697569,16.22866568060025,,212.96868154899974,205.475,197.98131845100025,1227200.0,1117450.0,1.0919165580182528,207.65223880597014
2026-01-15,3228,122.5,123.0,121.0,123.0,209000.0,25475000.0,124.1,123.2,125.65,133.70833333333334,142.425,157.7,40.0,40.38461538461538,-2.6156589264908803,-2.9928446038032566,0.3771856773123763,29.36392827779475,25.54995931193915,11.72073850924024,,133.5313570832563,125.65,117.7686429167437,256800.0,250400.0,0.8138629283489096,121.88995215311004
2026-01-15,3229,26.35,26.35,25.2,25.4,380745.0,9693661.0,25.15,25.31,26.21,19.836666666666666,17.412916666666668,16.419791666666665,49.374999999999986,44.267515923566876,1.040133770974883,1.5252029092018011,-0.4850691382269181,30.45821743282322,19.945128369066566,36.886869577841466,,29.41305774961485,26.21,23.00694225038515,476307.2,501059.45,0.7993685587788721,25.45971975994432
2026-01-15,3230,35.95,36.05,34.6,35.1,252000.0,8835550.0,35.12,35.239999999999995,37.025,41.20916666666667,46.9475,44.06604166666667,46.268656716417915,27.272727272727266,-1.5674205191230328,-1.5752214761525734,0.007800957029540534,23.282415895000387,20.883363547575172,16.628657048384763,,41.00818835528508,37.025,33.04181164471492,586000.0,384650.0,0.4300341296928328,35.06170634920635
2026-01-15,3231,146.0,146.0,143.0,143.5,29396419.0,4225074402.0,145.6,150.2,147.525,144.71666666666667,134.42083333333332,122.23958333333333,12.5,47.142857142857146,0.6510786862855298,1.63777049530559,-0.9866918090200603,24.800123960403198,23.54852857756603,21.125792117982375,,158.0255012411672,147.525,137.0244987588328,38766565.4,40582063.75,0.7582930986194615,143.72752007651
2026-01-15,3232,23.65,23.65,23.3,23.3,42000.0,986000.0,23.589999999999996,23.8,23.942500000000003,24.194999999999997,24.74833333333333,26.054375,34.09090909090911,30.508474576271226,-0.11968244059297461,-0.0651563745736123,-0.054526066019362315,14.77233014350536,27.362099774469034,21.513375303365894,,24.74988368886935,23.942500000000003,23.135116311130655,58400.0,37550.0,0.7191780821917808,23.476190476190474
2026-01-15,3234,44.0,45.8,43.65,45.6,1321000.0,59465350.0,44.36,45.3,46.17,41.75916666666667,38.611250000000005,39.338750000000005,45.96774193548387,38.244514106583075,0.3232254390904501,0.8852426591202365,-0.5620172200297864,26.593704393417354,21.58562148043424,19.661812931043325,,50.94696225870124,46.17,41.39303774129876,970800.0,2234100.0,1.3607334157395963,45.01540499621499
2026-01-15,3236,36.7,38.75,35.2,37.9,47887000.0,1777537900.0,33.75,32.209999999999994,30.347499999999997,27.21,22.592499999999998,20.205625,84.10256410256409,77.88461538461539,2.029977721141911,1.3616528724281183,0.6683248487137929,47.795714762804224,10.26287322748685,47.63423013358796,,35.717933188447354,30.347499999999997,24.97706681155264,17603800.0,12450600.0,2.7202649427964416,37.11942489610959
2026-01-15,3252,18.0,18.55,18.0,18.2,50000.0,911650.0,18.29,18.630000000000003,19.2575,19.243333333333336,19.578333333333333,19.697916666666668,21.428571428571303,20.338983050847418,-0.3507021405987878,-0.1803318534002379,-0.17037028719854988,14.72710980057668,35.82151871551808,31.560101241496273,,20.707826641974385,19.2575,17.807173358025615,63200.0,34800.0,0.7911392405063291,18.233
2026-01-15,3257,66.0,66.0,64.8,65.8,254589.0,16612466.0,65.03999999999999,66.31,67.405,66.39166666666667,65.795,61.20541666666667,33.82352941176468,32.846715328467155,0.0497262308320785,0.5019151307066312,-0.4521888998745527,28.368533203744693,30.08557438362443,16.507223863422883,,73.02019554892189,67.405,61.789804451078105,520018.8,1145621.95,0.4895765306946595,65.25209651634596
2026-01-15,3259,20.6,20.6,19.95,20.25,163000.0,3286750.0,20.59,21.11,21.43,21.55,21.692500000000003,,9.090909090909065,38.9937106918239,-0.31307914618929544,-0.14510697362080036,-0.1679721725684951,28.92481907588142,31.2093722596696,12.883907852283215,,22.822612085633416,21.43,20.037387914366583,102400.0,70600.0,1.591796875,20.164110429447852
2026-01-15,3260,275.0,280.0,273.5,280.0,1602000.0,442737500.0,270.4,278.75,249.675,208.95833333333334,,,42.7536231884058,69.96466431095403,22.089834557312287,22.29035752522638,-0.2005229679140932,35.456304675455065,17.663872384715233,40.681916347223016,,324.54138976062336,249.675,174.80861023937666,2660400.0,18172500.0,0.6021650879566982,276.3654806491885
2026-01-15,3264,139.0,142.0,136.5,140.0,5625000.0,778244000.0,133.5,129.35,114.60999999999999,97.76666666666667,88.02166666666666,83.4225,73.21428571428572,86.697965571205,11.544896916885946,9.508069756621333,2.036827160264613,45.623510296375024,12.589770740263281,45.20481809977846,,150.56891807985394,114.60999999999999,78.65108192014603,6687600.0,17429200.0,0.8411089179974879,138.35448888888888
2026-01-15,3265,142.0,148.5,140.0,144.5,11659000.0,1678177000.0,135.7,129.15,121.375,104.58333333333333,100.97166666666665,100.64124999999999,93.87755102040816,81.70731707317073,9.24514724544953,7.536207210570726,1.708940034878804,44.782795021334856,8.100743856148561,47.68715729178454,,145.31324291137864,121.375,97.43675708862136,8108000.0,5408700.0,1.437962506166749,143.93833090316494
2026-01-15,3266,14.1,14.3,14.0,14.0,54027.0,761927.0,14.059999999999999,14.080000000000002,14.039999999999997,13.7825,13.934166666666666,14.964166666666667,39.99999999999999,50.0,0.06576838979302302,0.08622403808912288,-0.02045564829609986,27.683553546507007,15.87441492921415,25.032571592358956,,14.322097407589789,14.039999999999997,13.757902592410206,50323.2,43596.15,1.0736002479969478,14.102707905306605
2026-01-15,3268,17.15,17.15,17.0,17.15,41000.0,701050.0,16.979999999999997,16.98,17.435,17.584999999999997,17.952083333333334,19.30708333333333,57.692307692307665,40.67796610169492,-0.2477555892631571,-0.21140364965676242,-0.036351939606394684,16.96999810166777,18.99906174000288,16.633651727208786,,18.4239388252054,17.435,16.446061174794597,61800.0,49800.0,0.6634304207119741,17.098780487804877
2026-01-15,3272,19.65,20.05,19.55,19.75,76000.0,1513000.0,19.79,19.775,19.717499999999998,20.3375,22.2975,23.851458333333333,33.33333333333333,46.51162790697677,-0.016855767724621273,-0.06195964176097855,0.045103874036357273,27.309784347515542,15.575503647299499,30.242025563790097,,20.07918465474344,19.717499999999998,19.355815345256556,32600.0,53750.0,2.331288343558282,19.907894736842106
2026-01-15,3276,15.7,15.7,15.45,15.6,58000.0,903450.0,15.59,15.525,15.477500000000001,14.947499999999998,14.698749999999999,14.267291666666667,57.14285714285713,57.64705882352942,0.17373916853709304,0.1924081090887796,-0.018668940551686553,25.349772671879546,13.713344657217966,30.733594907206687,,16.066410680386735,15.477500000000001,14.888589319613267,195800.0,201650.0,0.296220633299285,15.576724137931034
2026-01-15,3284,20.7,20.95,20.6,20.7,119000.0,2469650.0,20.27,20.375,20.655,21.322499999999998,22.341666666666665,26.046666666666667,58.620689655172434,43.10344827586202,-0.29309776242865837,-0.2979619780304137,0.004864215601755317,22.74587725309788,26.50190527490082,18.785581716201126,,21.426805811410276,20.655,19.883194188589727,166400.0,116750.0,0.7151442307692307,20.753361344537815
2026-01-15,3285,28.75,28.75,27.75,28.4,23000.0,646850.0,,,,,,,49.99999999999988,47.42268041237109,0.007682615951480898,0.08041073521034382,-0.07272811925886292,14.986235009390258,18.878662544620873,13.7083456590766,,,,,,,,28.12391304347826
2026-01-15,3287,29.65,29.7,29.15,29.5,74000.0,2180350.0,29.28,28.875,28.979999999999997,30.093333333333337,32.12916666666667,33.77041666666666,95.65217391304371,54.90196078431373,-0.1637691246130295,-0.32116188060043105,0.15739275598740154,28.11827148000817,12.290017516354784,21.079133398152774,,29.75146477219679,28.979999999999997,28.208535227803203,90000.0,66700.0,0.8222222222222222,29.464189189189188
2026-01-15,3288,16.8,17.35,16.6,17.15,21000.0,354700.0,16.68,16.57,16.759999999999998,,,,74.99999999999989,48.07692307692305,-0.009870059529667685,-0.050135898995786465,0.04026583946611878,32.18528242433551,17.318425965545746,13.000218295017081,,17.51644598373997,16.759999999999998,16.003554016260026,20200.0,9950.0,1.0396039603960396,16.89047619047619
2026-01-15,3289,123.0,123.0,121.0,123.0,611000.0,74710500.0,121.3,120.15,114.9,109.87333333333332,116.92833333333333,116.46458333333334,75.86206896551724,66.66666666666666,3.8789701607726528,3.168170981804522,0.7107991789681307,36.635372146945805,13.840429005419407,35.33519573838157,,127.80287605637817,114.9,101.99712394362184,1175600.0,1304400.0,0.5197346036066689,122.27577741407529
2026-01-15,3290,43.7,44.1,43.05,43.9,581000.0,25371600.0,45.44,45.295,44.0075,,,,22.950819672131118,54.32098765432097,0.4501549793880102,0.3924220134968579,0.05773296589115229,25.59690179482381,28.611519558167576,17.502361098729473,,47.41141029011591,44.0075,40.60358970988409,920600.0,680150.0,0.6311101455572453,43.66884681583477
2026-01-15,3293,760.0,764.0,755.0,755.0,1170000.0,889466000.0,744.2,733.7,722.7,732.8833333333333,761.0666666666667,805.9125,82.97872340425532,70.75471698113208,5.163786460941992,-0.019821242017377443,5.183607702959369,31.410353491684422,13.898097238740883,18.21124660307175,,755.0669747216532,722.7,690.3330252783469,1246600.0,982250.0,0.9385528637895074,760.2273504273504
2026-01-15,3294,40.8,42.1,39.9,40.95,7357000.0,302547000.0,39.730000000000004,39.475,39.425,40.22166666666667,44.205,39.56520833333333,62.500000000000014,53.030303030303045,-0.1335206082321534,-0.32453574000180196,0.19101513176964857,32.62482235225025,19.38605659530486,14.95822776248804,,41.18313896821959,39.425,37.66686103178041,2907600.0,1560850.0,2.5302655110744254,41.12369172216936
2026-01-15,3296,24.3,24.5,24.25,24.25,68597.0,1667311.0,24.009999999999998,24.01,24.330000000000002,22.300833333333333,22.68791666666667,22.571666666666665,64.28571428571425,37.83783783783784,0.4039226426100022,0.5418261952984116,-0.13790355268840937,39.46204909431379,11.709216621901893,42.406859431798296,,25.364865869773066,24.330000000000002,23.295134130226938,294474.0,171141.75,0.23294756073541298,24.305888012595304
2026-01-15,3297,41.15,41.2,40.25,40.6,109000.0,4431800.0,40.71,40.685,41.184999999999995,43.93416666666666,50.89458333333333,43.16229166666667,52.38095238095242,44.02173913043479,-0.756904707484118,-0.8759624701936068,0.11905776270948887,19.462195386442318,21.446528957028036,9.25576886003336,,42.62762188210701,41.184999999999995,39.74237811789298,126400.0,193750.0,0.8623417721518988,40.658715596330275
2026-01-15,3303,47.15,47.3,46.45,47.0,223000.0,10480200.0,46.25,45.239999999999995,45.08,45.54833333333333,46.74041666666667,48.37708333333333,88.05970149253733,71.00000000000004,0.2573434305079516,-0.07991029225804312,0.33725372276599475,38.93019719940186,14.007143618656851,21.919504678984822,,46.91630062897949,45.08,43.243699371020504,494800.0,222800.0,0.45068714632174617,46.99641255605381
2026-01-15,3305,121.5,127.5,120.0,125.5,26463041.0,3304134254.0,119.9,113.85,110.4,104.23,104.58083333333333,83.73729166666665,97.22222222222223,69.23076923076923,4.8080226798309695,3.1033790349694326,1.704643644861537,35.302252912558416,8.110255867465966,33.06162531073876,,123.7321929336863,110.4,97.0678070663137,26988823.8,13652441.3,0.9805184989202826,124.85844895905954
2026-01-15,3306,50.5,50.9,49.4,50.1,230000.0,11460550.0,49.39,49.535000000000004,49.8875,52.35666666666667,53.23500000000001,48.76833333333333,51.515151515151494,43.750000000000036,-0.3642017317512227,-0.4723078179193995,0.1081060861681768,21.785806137183407,18.923326072682002,11.288626443237217,,51.485483927197045,49.8875,48.28951607280296,309200.0,307900.0,0.7438551099611902,49.828478260869566
2026-01-15,3308,22.65,22.65,22.0,22.65,95794.0,2151742.0,22.41,22.110000000000003,19.33,16.4975,16.58833333333333,17.92166666666667,77.19298245614036,79.91452991452992,1.8930676644942857,1.6226307402721847,0.27043692422210097,51.51279600748716,18.469499243300465,48.332181879032014,,25.477947881846017,19.33,13.18205211815398,216168.6,578033.15,0.44314484157273537,22.462179259661358
2026-01-15,3310,78.5,79.8,78.5,79.8,25000.0,1977100.0,79.34,81.1,83.615,71.93666666666668,,,37.49999999999998,27.272727272727238,1.417885841224404,2.7036138503757483,-1.2857280091513443,18.908269675999442,24.086801004247267,35.17309304971105,,90.69626512633587,83.615,76.53373487366412,36800.0,74200.0,0.6793478260869565,79.084
2026-01-15,3311,32.45,33.5,32.1,33.5,503380.0,16641999.0,32.230000000000004,31.71,31.479999999999997,32.35583333333334,33.994166666666665,,80.76923076923079,68.2170542635659,0.16059284589080391,-0.10121461317275363,0.2618074590635575,35.33623238182513,15.790372293489114,15.110834419899557,,32.817476020445426,31.479999999999997,30.142523979554568,232078.4,219822.1,2.16900840405656,33.06050895943422
2026-01-15,3312,42.5,42.5,41.5,41.5,1666849.0,69610366.0,42.089999999999996,41.595,38.665,38.15833333333333,40.8375,45.508541666666666,46.3235294117647,65.43909348441929,1.479113014320994,1.002059347548376,0.4770536667726182,30.593776966353094,12.355898958543301,35.03135952170548,,45.02805950905781,38.665,32.30194049094219,5084374.0,2984014.3,0.3278376059668309,41.76165087539423
2026-01-15,3313,15.0,15.05,14.6,14.6,199000.0,2925100.0,14.76,14.735,14.839999999999998,,,,46.153846153846175,45.16129032258064,-0.12037596708285037,-0.13180631153515251,0.011430344452302149,14.405053208183658,25.71872775526859,22.374619205112932,,15.266244308497864,14.839999999999998,14.413755691502132,250800.0,263100.0,0.7934609250398724,14.698994974874372
2026-01-15,3317,47.0,47.4,46.55,46.85,565000.0,26457950.0,46.2,45.955,45.4375,48.00083333333334,47.10916666666666,45.43145833333333,58.333333333333385,62.11180124223607,-0.05421190584506519,-0.3634012022327656,0.30918929638770043,24.832861022437992,14.391479042452454,14.822470849026208,,46.98902726115523,45.4375,43.88597273884477,486600.0,389350.0,1.1611179613645706,46.82823008849557
2026-01-15,3321,20.2,21.7,19.75,21.15,2415043.0,50872043.0,19.880000000000003,19.68,18.81,18.46833333333333,14.296500000000002,11.623041666666666,75.38461538461542,64.14141414141413,0.4453803694911258,0.25764911823820735,0.18773125125291845,32.643676959230476,17.52064983179479,17.053823281195005,,21.035592765510845,18.81,16.584407234489152,1171049.8,1128333.35,2.062288896680568,21.06465309313333
2026-01-15,3322,17.0,17.0,16.4,16.8,808000.0,13474200.0,16.21,15.834999999999999,15.772499999999999,13.948333333333334,14.075,14.268541666666666,73.91304347826089,61.627906976744185,0.60478642896366,0.5751632296800229,0.029623199283637103,33.61218969109816,7.777382812983862,46.43058199322636,,16.625652050371183,15.772499999999999,14.919347949628815,811200.0,1086400.0,0.9960552268244576,16.6759900990099
2026-01-15,3323,39.9,40.5,39.55,39.9,1311000.0,52376400.0,39.56999999999999,39.760000000000005,40.8675,39.894999999999996,41.32458333333333,37.45854166666667,50.72463768115937,38.2022471910112,-0.20718118680206743,-0.0340762509560114,-0.17310493584605602,25.025282359956265,16.429560087349085,24.142183155709535,,44.05964084242737,40.8675,37.67535915757263,1876800.0,5686500.0,0.6985294117647058,39.951487414187646
2026-01-15,3324,996.0,996.0,956.0,969.0,2924000.0,2835711000.0,968.0,977.3,982.0,966.1666666666666,864.175,736.93125,46.56488549618321,37.4384236453202,7.590580370282851,12.06876244534885,-4.478182075066,22.192072624556662,19.542944212714538,18.73879175414056,,1061.8023875120896,982.0,902.1976124879104,3291800.0,3327500.0,0.8882678169998177,969.8054035567716
2026-01-15,3325,16.5,16.5,16.2,16.3,164000.0,2680050.0,16.360000000000003,16.490000000000002,17.12,17.308333333333334,17.487083333333334,17.832708333333333,36.36363636363628,27.99999999999993,-0.3558406396604248,-0.2594049139388502,-0.0964357257215746,15.24394801453629,23.699796033417282,20.27346685219575,,18.570372003097493,17.12,15.66962799690251,458600.0,269050.0,0.35761011774967294,16.341768292682925
2026-01-15,3332,55.6,56.5,54.0,54.3,152000.0,8335800.0,55.839999999999996,55.4,56.11,59.25333333333334,57.865,,44.06779661016946,37.30158730158729,-0.7208506854075836,-0.7349580129882173,0.01410732758063371,19.17097158789612,22.7028292011034,11.727058720690517,,58.43234001771757,56.11,53.78765998228243,69000.0,68450.0,2.2028985507246377,54.84078947368421
2026-01-15,3338,50.7,51.0,49.5,50.0,481922.0,23997044.0,49.21,49.504999999999995,49.355000000000004,50.273333333333326,55.1675,54.65916666666667,47.413793103448306,55.82524271844661,-0.05205796079637537,-0.15543034593251318,0.1033723851361378,27.701534386389564,17.087684023496802,11.881583119041517,,50.68557170142535,49.355000000000004,48.024428298574655,462702.2,314070.45,1.0415381642879589,49.79445636430792
2026-01-15,3339,28.4,28.4,27.45,27.9,684000.0,18999750.0,27.189999999999998,26.389999999999997,25.8975,26.1725,29.92375,32.268125000000005,69.14893617021275,56.17283950617284,0.4635828408247846,0.14969407337742707,0.31388876744735755,30.8858796583472,10.99438034795343,25.99688483253049,,28.305922720370752,25.8975,23.48907727962925,678600.0,643550.0,1.0079575596816976,27.777412280701753
2026-01-15,3346,19.15,21.05,19.15,21.05,1592501.0,33234026.0,19.4,19.07,19.042499999999997,19.483333333333334,21.34958333333333,24.998541666666664,93.6170212765958,74.468085106383,0.08541260854332222,-0.0954818098392442,0.18089441838256642,41.01531875168193,10.562386860440604,21.00020379259156,,20.082882014861344,19.042499999999997,18.00211798513865,551597.2,250326.25,2.887072305660725,20.869077005289164
2026-01-15,3349,29.55,30.8,29.35,30.25,553000.0,16789450.0,30.55,30.814999999999998,31.0375,25.799166666666668,22.210416666666667,,45.16129032258064,45.56213017751479,0.8012935196132354,1.2263103000518858,-0.42501678043865043,28.395417752946813,21.017111107223247,26.969724797941513,,32.30069353019929,31.0375,29.77430646980071,521200.0,840800.0,1.0610130468150423,30.360669077757684
2026-01-15,3354,29.3,32.2,28.6,32.2,5766000.0,179888650.0,29.26,28.345,26.817500000000003,20.589166666666664,19.13,18.76020833333333,90.47619047619051,70.25316455696203,2.4271442436404556,2.323846164793033,0.10329807884742248,44.53691390860897,10.36089149688577,48.634902685970026,,33.66257314174139,26.817500000000003,19.972426858258615,1781200.0,2786900.0,3.2371434987648775,31.19817030870621
2026-01-15,3356,48.6,48.7,48.0,48.65,270722.0,13119459.0,47.769999999999996,47.47,46.967499999999994,46.755,48.55583333333333,50.860208333333325,68.8524590163934,62.22222222222223,0.34713394382816887,0.15287982485587095,0.1942541189722979,27.060593601651544,17.244812479034852,14.95791160341268,,48.87517839063931,46.967499999999994,45.059821609360675,328752.0,289910.55,0.8234839635956588,48.46100058362453
2026-01-15,3357,170.0,174.0,167.0,169.0,5629000.0,954889500.0,164.3,163.5,154.275,153.93333333333334,136.72583333333333,122.25833333333334,58.536585365853654,74.50980392156862,4.2771735273863385,2.576086640307862,1.7010868870784766,32.38361911110712,14.879335027234209,25.156520211451493,,174.24464802156703,154.275,134.30535197843298,3953200.0,2679450.0,1.423909744004857,169.63750222064309
2026-01-15,3360,15.85,15.9,15.35,15.55,1234000.0,19168950.0,15.810000000000002,15.35,14.122499999999999,13.068333333333333,13.001666666666667,13.0125,68.42105263157895,69.5945945945946,0.7932264080073281,0.6201090761440042,0.1731173318633239,46.542545710090735,21.23136802813306,32.90643011628297,,16.850613865504435,14.122499999999999,11.394386134495562,2521800.0,1555650.0,0.4893330160996114,15.533995137763371
2026-01-15,3362,101.5,101.5,99.4,100.0,557000.0,55841800.0,99.9,96.5,94.69,94.86,105.75083333333333,128.39833333333334,66.85714285714286,64.41947565543072,1.7509419303506775,0.7412423067912287,1.0096996235594489,32.36308057648852,12.243983569562165,23.19890835326604,,102.0157728171225,94.69,87.3642271828775,1532400.0,740300.0,0.36348211955103105,100.25457809694794
2026-01-15,3363,423.0,428.0,415.0,415.0,984000.0,413457500.0,422.9,428.95,423.4,388.78333333333336,365.70416666666665,316.23333333333335,44.943820224719104,47.1571906354515,7.032291863884666,10.595609029136128,-3.563317165251462,21.761772020224253,20.2346905927085,18.752404617316152,,453.23392629028996,423.4,393.56607370971,2245600.0,4002500.0,0.4381902386889918,420.1803861788618
2026-01-15,3372,22.1,23.65,21.7,23.2,3157000.0,71724100.0,22.61,22.145,21.357499999999998,19.245,16.982083333333335,15.582708333333333,58.461538461538474,62.151394422310766,1.027884142539584,0.9967490840004521,0.031135058539131788,32.64708693457797,18.700794795260478,31.27344233995161,,24.50865267130815,21.357499999999998,18.206347328691848,3131400.0,3344500.0,1.0081752570735134,22.719068736141907
2026-01-15,3373,17.3,17.4,17.2,17.35,64000.0,1109000.0,17.3,17.435000000000002,17.6725,18.12,18.841250000000002,20.225624999999997,38.461538461538545,28.571428571428683,-0.22425182461861226,-0.18993914119034744,-0.03431268342826482,14.259449501016034,24.41748773051681,15.625166570466064,,18.245097957604518,17.6725,17.09990204239548,81800.0,67850.0,0.78239608801956,17.328125
2026-01-15,3374,176.5,179.5,171.0,179.5,6270000.0,1102548500.0,177.4,167.1,151.2,144.53333333333333,144.13333333333333,148.96041666666667,66.19718309859155,81.8840579710145,10.91358128708228,7.125173973252523,3.788407313829757,36.96768614111309,10.870370947247556,36.20680611329575,,189.80515373284862,151.2,112.59484626715134,11215000.0,7242850.0,0.5590726705305394,175.8450558213716
2026-01-15,3376,218.0,221.5,215.0,215.0,2936620.0,638252287.0,223.5,219.9,212.4,204.18333333333334,219.64583333333334,219.07708333333332,36.666666666666664,62.264150943396224,5.0564633163307064,4.500845627618296,0.5556176887124105,24.977261621282032,16.830351327743916,25.07868440568563,,232.57189289972348,212.4,192.22810710027653,6603374.4,4519329.75,0.44471505356412927,217.34248455707584
2026-01-15,3379,51.5,51.9,50.7,51.5,267000.0,13633500.0,50.32,49.87,49.8475,52.78,58.54833333333333,61.860833333333325,81.94444444444446,57.303370786516844,-0.438642043864256,-0.7955356891509888,0.35689364528673284,23.610967189743125,16.79176163955576,7.732360115613545,,51.328067103302764,49.8475,48.36693289669723,381400.0,286700.0,0.7000524383848977,51.061797752808985
2026-01-15,3380,35.3,35.3,33.6,34.2,5058968.0,172734295.0,33.4,32.620000000000005,32.122499999999995,31.24,29.97791666666667,29.931875,71.59090909090921,63.125000000000036,0.6775064348876327,0.43403868747801044,0.2434677474096223,30.956383811534405,12.674084456148915,26.09987870112842,,34.15861472120209,32.122499999999995,30.086385278797895,6170333.2,3147801.9,0.8198857073066977,34.144176243059846
2026-01-15,3388,62.2,62.5,62.0,62.2,57000.0,3545100.0,61.82000000000001,61.59000000000001,61.645,61.76,62.044999999999995,63.75875,78.57142857142875,59.090909090909264,0.029583748798728493,-0.05022665544323577,0.07981040424196426,26.10194610460301,11.888456303112491,15.691021463430864,,62.170056387945216,61.645,61.11994361205479,50200.0,41550.0,1.1354581673306774,62.194736842105264
2026-01-15,3390,24.55,25.15,24.25,24.9,542000.0,13379800.0,24.36,24.25,23.815,22.5075,21.19125,22.359375,68.88888888888887,61.68831168831168,0.5765865612037047,0.5967976616905422,-0.020211100486837497,29.303651258094572,15.13126579639981,34.93198606142223,,26.146274781157942,23.815,21.48372521884206,416400.0,953700.0,1.3016330451488953,24.685977859778596
2026-01-15,3402,147.0,147.0,143.0,145.5,2016000.0,291227500.0,142.3,140.0,132.925,123.275,123.12249999999999,109.95666666666666,95.83333333333333,72.72727272727273,5.749393761674696,4.5967797583800865,1.1526140032946097,29.881724842662194,9.768760433148097,34.006563176592515,,149.27085091407812,132.925,116.5791490859219,3961800.0,2757750.0,0.5088596092685143,144.45808531746033
2026-01-15,3406,460.0,460.0,449.0,450.0,587581.0,265678739.0,456.8,446.4,437.825,435.45,435.225,424.82916666666665,59.05511811023622,61.83574879227053,5.762236415603525,3.3850726507078814,2.377163764895643,27.838632615150782,20.897931472418374,19.209631859111546,,466.7282414863976,437.825,408.92175851360236,1295776.2,1143245.75,0.4534587068353316,452.1567902978483
2026-01-15,3413,290.5,290.5,282.5,284.0,1804958.0,514148958.0,281.5,280.85,283.125,303.175,302.1958333333333,,53.84615384615384,48.54368932038835,-3.77878023579251,-5.093308385901398,1.3145281501088881,27.260593011572702,21.29642272709336,11.136347435369027,,294.32121646619345,283.125,271.92878353380655,1705177.8,1353647.2,1.058516009298268,284.8536963186955
2026-01-15,3416,149.5,149.5,147.5,149.5,128287.0,19074101.0,148.8,148.45,149.925,151.95,162.59583333333333,154.75625,52.94117647058823,45.45454545454546,-0.6054680538290427,-0.6337404558704545,0.028272402041411793,15.257472063144787,12.80846263823186,12.18179775220614,,154.2569498466204,149.925,145.59305015337964,203798.2,207330.55,0.6294805351568364,148.68303881141503
2026-01-15,3419,14.65,14.65,14.4,14.6,226406.0,3283058.0,14.3,13.785,13.405000000000001,13.26,13.256666666666666,14.137083333333333,100.0,83.33333333333339,0.35010653231637257,0.18072207923935552,0.16938445307701705,31.652432148409222,6.910332682612724,31.24519084117596,,14.584607428007399,13.405000000000001,12.225392571992604,529100.8,326083.2,0.42790712091155403,14.500755280337094
2026-01-15,3426,40.5,40.55,40.15,40.4,19000.0,769850.0,40.519999999999996,40.915,,,,,0.0,54.54545454545448,0.06714901687015384,0.09715522990840392,-0.030006213038250074,12.928616786238786,24.58669285809665,24.25334208611835,,,,,15400.0,,1.2337662337662338,40.51842105263158
2026-01-15,3430,77.1,84.5,76.8,81.3,1467000.0,117992200.0,80.24,75.47,67.69000000000001,65.01,60.27458333333334,57.733125,78.57142857142858,77.80678851174935,5.33315071120235,3.6366790772665833,1.6964716339357668,43.96349630201057,10.163126546204166,42.09840363554541,,85.49997946155587,67.69000000000001,49.88002053844416,2449000.0,1429350.0,0.5990200081665986,80.4309475119291
2026-01-15,3432,14.2,15.95,14.2,15.95,165209.0,2578044.0,14.64,14.355,14.165000000000001,14.2325,,,93.02325581395347,76.62337662337659,0.1771387183957014,0.014033643363866219,0.16310507503183516,39.050897169294124,16.0619551528709,22.219230375540274,,15.113183859585922,14.165000000000001,13.21681614041408,60431.6,26858.2,2.7338180686925386,15.604743083003953
2026-01-15,3434,31.75,31.75,31.1,31.5,83000.0,2596750.0,30.9,30.329999999999995,30.697499999999998,32.0075,35.19916666666666,40.82104166666667,88.63636363636363,55.68181818181818,-0.2121975991676308,-0.4306714296147305,0.21847383044709967,27.93637278543416,20.854003360493024,9.965222522583339,,32.21701342627348,30.697499999999998,29.177986573726514,118400.0,116300.0,0.7010135135135135,31.28614457831325
2026-01-15,3437,15.3,15.35,15.0,15.25,322887.0,4897280.0,15.14,14.879999999999999,14.615,14.495833333333334,14.886666666666667,16.019791666666666,42.307692307692314,62.33766233766234,0.24347754503599006,0.1586407233440497,0.08483682169194037,28.48447420491939,17.926067454218337,18.33194120704411,,15.614526203547694,14.615,13.615473796452306,787412.2,748638.35,0.4100609566374512,15.167163744591761
2026-01-15,3438,52.8,54.9,52.6,53.5,114000.0,6065400.0,53.3,54.839999999999996,54.44499999999999,50.55499999999999,47.84083333333333,49.848125,24.39024390243901,52.83018867924528,0.5023961403772574,1.0356190765706,-0.5332229361933425,23.9517257971362,17.64693032195086,31.11316941543801,,57.98810301111529,54.44499999999999,50.901896988884694,125600.0,327000.0,0.9076433121019108,53.205263157894734
2026-01-15,3441,37.55,37.95,37.15,37.25,79000.0,2958200.0,37.410000000000004,37.114999999999995,37.755,35.376666666666665,33.85375,33.97770833333333,60.784313725490215,39.166666666666664,0.09441936055782207,0.2652296109437433,-0.17081025038592124,22.274058676390176,22.104738102785877,20.508427027941572,,39.45605230588886,37.755,36.053947694111145,138600.0,171300.0,0.56998556998557,37.44556962025317
2026-01-15,3443,2435.0,2525.0,2435.0,2505.0,3233264.0,8070654010.0,2429.0,2407.5,2227.75,2015.75,1663.7083333333333,1438.3583333333333,52.54237288135593,76.96629213483146,115.32773195192703,96.60142921002777,18.72630274189926,34.57918572815562,12.357348906659231,41.2934879572924,,2623.9354297381897,2227.75,1831.5645702618103,2865622.2,2705825.9,1.1282938832620713,2496.1320851003816
2026-01-15,3444,78.5,81.5,78.5,79.8,499000.0,39834300.0,76.18,74.34,68.61,58.71083333333333,58.352916666666665,59.989374999999995,100.0,85.54687499999999,5.628203754810315,5.018966834160863,0.6092369206494519,54.07519809556801,11.604433576465144,46.32347111554935,,85.66605618633974,68.61,51.55394381366026,297400.0,987650.0,1.6778749159381305,79.82825651302605
2026-01-15,3447,46.5,46.95,46.1,46.6,304171.0,14138284.0,47.14,48.51,49.302499999999995,52.30166666666666,59.035,56.7175,14.473684210526272,21.72131147540979,-1.1135077981150872,-0.8235420873035904,-0.2899657108114968,21.7704900849354,31.28066154770345,16.137558639384785,,54.09541966836036,49.302499999999995,44.50958033163963,358579.0,744636.85,0.848267745740827,46.48136738873857
2026-01-15,3450,256.0,256.5,251.0,254.0,2897691.0,733928941.0,255.4,259.7,258.475,256.21666666666664,239.11666666666667,234.30208333333334,39.53488372093024,40.625,-0.07951972606718982,1.5114237866659948,-1.5909435127331846,18.48494892288578,22.434254321533786,12.001187407246373,,278.9418538193661,258.475,238.00814618063396,5783437.6,10636188.7,0.5010326384432677,253.28060894001464
2026-01-15,3454,98.9,99.2,98.9,99.1,77327.0,7660568.0,98.92,98.85,98.785,91.00333333333333,92.525,105.90291666666667,80.00000000000057,70.00000000000043,1.39948481651723,1.83033980984496,-0.4308549933277299,42.81259715349489,11.161127022221985,54.406263548666395,,99.02142067770237,98.785,98.54857932229763,178671.0,262163.1,0.43278987636493893,99.06718222613058
2026-01-15,3455,125.0,129.5,123.0,126.5,7716000.0,974017000.0,120.7,118.65,106.71,95.375,95.20083333333334,96.41625,75.0,78.67768595041323,7.930354430646318,6.282029916057178,1.6483245145891399,42.977228762060136,16.2945143842016,30.014273136289766,,134.1751856183898,106.71,79.24481438161018,6126800.0,3206300.0,1.2593849970620878,126.233411093831
2026-01-15,3465,51.1,51.1,51.1,51.1,1000.0,51100.0,49.59,49.364999999999995,48.1125,45.585833333333326,47.425,,79.16666666666669,78.73563218390804,1.2653464090213191,1.1128562933285,0.15249011569281912,32.31693955726951,28.72879013286746,15.489235272777343,,51.70794668186087,48.1125,44.517053318139126,9600.0,8800.0,0.10416666666666667,51.1
2026-01-15,3466,40.25,41.0,39.55,39.8,374000.0,14931100.0,39.989999999999995,40.25,41.0725,42.666666666666664,42.708333333333336,44.541875,38.66666666666667,33.55704697986576,-1.007333390896612,-0.9469648286138758,-0.06036856228273624,15.63089059054183,22.01500183841888,19.094850791892092,,43.17274434668408,41.0725,38.97225565331592,462800.0,458250.0,0.808124459809853,39.92272727272727
2026-01-15,3479,93.0,93.2,92.2,92.7,110000.0,10197900.0,92.5,92.07000000000001,92.08000000000001,99.34833333333334,103.3275,101.93708333333332,44.64285714285722,50.434782608695684,-1.1204340527868055,-1.632242509329272,0.5118084565424665,18.111496890955888,23.812211860083853,24.81986645111703,,93.82790099683415,92.08000000000001,90.33209900316588,218000.0,227950.0,0.5045871559633027,92.70818181818181
2026-01-15,3481,24.9,25.5,23.8,24.95,174985764.0,4341170146.0,22.8,21.675,17.7575,14.869166666666667,14.120833333333334,13.900833333333333,69.71830985915494,86.5625,2.6877459422100145,1.9606739698514937,0.7270719723585208,54.89143145764197,8.856650151589793,47.87961606520094,,26.591184038056284,17.7575,8.923815961943715,170116443.8,327131777.2,1.0286234539779393,24.80870470125787
2026-01-15,3483,89.6,89.6,88.0,88.6,346000.0,30645800.0,88.66,89.56,90.91499999999999,95.90166666666667,106.69250000000001,113.88791666666665,38.74999999999993,39.3063583815029,-1.4585404430219455,-1.3348540496134977,-0.12368639340844778,15.435676327812264,26.569611995272126,21.673665812272127,,94.84613081359903,90.91499999999999,86.98386918640095,477200.0,424550.0,0.7250628667225482,88.57167630057803
2026-01-15,3484,50.0,51.5,50.0,51.5,467000.0,23702300.0,49.74,48.6,48.12,48.515,49.55708333333334,51.095625000000005,91.08910891089104,79.99999999999991,0.40206147585239904,-0.031103084928222398,0.43316456078062143,30.246648519728552,12.64966831723345,20.14421987112388,,50.409196595452656,48.12,45.83080340454734,405400.0,216900.0,1.1519486926492353,50.75438972162741
2026-01-15,3489,22.2,22.25,22.1,22.15,100000.0,2218700.0,22.330000000000002,22.369999999999997,22.7375,20.888333333333332,20.52,22.48166666666667,37.49999999999978,33.333333333333286,0.19432570075149158,0.36847628587837494,-0.17415058512688336,25.82143844388919,25.48896839067109,19.951975887115427,,23.952699788641798,22.7375,21.522300211358203,59800.0,117400.0,1.6722408026755853,22.187
2026-01-15,3490,25.9,25.9,25.0,25.45,264000.0,6746700.0,25.46,25.495,25.470000000000002,24.738333333333333,23.969166666666663,24.243333333333336,40.35087719298243,48.175182481751825,0.19790304222766153,0.23436750555806268,-0.03646446333040115,19.033840367397172,20.089813090129528,14.701718509789632,,26.261667128347245,25.470000000000002,24.67833287165276,434000.0,619400.0,0.6082949308755761,25.555681818181817
2026-01-15,3491,870.0,890.0,862.0,890.0,3298000.0,2894344000.0,826.6,790.3,721.85,565.225,480.6125,448.575,100.0,88.59315589353612,74.0381444967935,63.147391800851864,10.890752695941643,50.766613276743165,4.34865194983883,62.68239275880901,,888.0829057297834,721.85,555.6170942702166,3498600.0,1939950.0,0.9426627793974732,877.6058217101273
2026-01-15,3492,25.6,25.8,25.4,25.45,156000.0,3979950.0,25.610000000000003,25.855,25.97,25.345833333333335,24.472500000000004,24.446666666666665,19.999999999999858,43.283582089552226,-0.09100310284033242,0.01701079308266015,-0.10801389592299257,17.703410695238716,21.55398830948487,13.162290292912827,,26.59441551617618,25.97,25.345584483823817,164600.0,95550.0,0.9477521263669502,25.5125
2026-01-15,3494,8.72,9.26,8.65,8.92,302382.0,2697234.0,8.622000000000002,8.666,8.553,8.902333333333333,10.507583333333335,13.182125000000001,41.666666666666636,61.11111111111111,0.019773950671380547,-0.012561651749080157,0.032335602420460706,34.73213362862381,19.910075753396967,20.518128538545465,,9.196807751626102,8.553,7.909192248373899,1249187.4,544083.15,0.24206296028922483,8.919955552909896
2026-01-15,3498,54.7,55.5,53.1,53.3,999000.0,53937100.0,53.81999999999999,52.69,50.92999999999999,49.47416666666667,48.780833333333334,46.149166666666666,62.85714285714284,65.06024096385542,1.2012405982401475,0.8670210515386344,0.3342195467015131,28.1612061242238,7.741427598947564,36.72421118353681,,55.79095074088,50.92999999999999,46.069049259119986,2366800.0,1167350.0,0.4220888964002028,53.99109109109109
2026-01-15,3499,18.5,18.85,18.2,18.5,284000.0,5231400.0,18.39,18.155,18.2725,15.715,15.395833333333334,15.679375,53.57142857142858,46.09053497942387,0.7118241688604776,0.839181610916157,-0.12735744205567934,33.872296518338665,17.20649397679213,34.63936896183443,,20.969569559823476,18.2725,15.575430440176525,430000.0,903850.0,0.6604651162790698,18.42042253521127
2026-01-15,3501,55.0,57.6,55.0,57.6,5187250.0,292987083.0,50.760000000000005,49.589999999999996,49.167500000000004,49.2125,51.123749999999994,55.120625000000004,93.39622641509438,84.8979591836735,0.9017280573910043,0.1830374600862097,0.7186905973047946,58.60340623000621,9.327928052468733,26.416452556488952,,53.55555495815544,49.167500000000004,44.77944504184457,1372302.8,418710.9,3.7799602245218766,56.48215971854065
2026-01-15,3504,55.6,57.5,55.0,57.5,1928099.0,110338451.0,53.0,52.06,51.77,51.91,55.01833333333333,53.58770833333333,93.33333333333333,74.35897435897436,0.5600787974487105,0.09278288821640615,0.46729590923230435,39.99814952802589,12.490283900892564,18.61617210200758,,54.69149925461848,51.77,48.84850074538153,507466.6,236097.7,3.799459905341554,57.22654853303695
2026-01-15,3508,23.45,24.05,23.45,24.0,174000.0,4169400.0,23.74,23.770000000000003,23.490000000000002,22.879166666666666,23.888333333333332,23.291249999999998,50.0,61.70212765957447,0.33833099905397646,0.3397573414985921,-0.001426342444615647,24.850619048247722,13.819001758911883,28.570716102014632,,24.80172846997653,23.490000000000002,22.178271530023473,115800.0,142050.0,1.5025906735751295,23.96206896551724
2026-01-15,3511,21.85,22.75,21.75,22.65,1327000.0,29594300.0,21.75,21.32,20.915,20.374166666666667,20.78375,23.018958333333334,91.6666666666669,77.01149425287363,0.4757061458726106,0.3232697265597259,0.1524364193128847,34.39104552704501,7.413156928213116,39.680574822737825,,22.163620291191553,20.915,19.666379708808446,522200.0,330450.0,2.541171964764458,22.301657874905803
2026-01-15,3512,21.65,21.7,21.45,21.65,72000.0,1555500.0,21.59,21.6,21.7725,21.209166666666665,22.28083333333333,24.784791666666667,63.636363636363576,31.999999999999886,0.04638073232830919,0.09907329411037545,-0.05269256178206626,13.429149964166989,20.470951611578343,19.053455043611617,,22.20835970702459,21.7725,21.33664029297541,48200.0,41650.0,1.4937759336099585,21.604166666666668
2026-01-15,3515,241.5,241.5,235.0,235.0,393174.0,92930546.0,238.4,241.2,245.0,265.175,273.3125,246.86041666666668,35.294117647058826,36.95652173913044,-5.03157435041777,-4.635805364965593,-0.3957689854521771,18.160094478954584,24.589511402437115,18.51470027553034,,255.89181247302085,245.0,234.10818752697915,905378.2,742073.5,0.4342649292859051,236.35984576803145
2026-01-15,3516,19.75,20.25,19.65,19.8,10000.0,199600.0,19.79,20.060000000000002,19.915,19.903333333333332,19.96583333333333,,20.000000000000142,52.56410256410256,0.0004077243711080314,0.037330582861118844,-0.03692285849001081,27.56986385950192,24.774176146157387,22.687803428039913,,20.68694218490897,19.915,19.14305781509103,35000.0,33150.0,0.2857142857142857,19.96
2026-01-15,3518,21.5,21.55,21.25,21.5,183721.0,3937116.0,21.51,21.575,21.244999999999997,20.84916666666667,20.943333333333335,19.851875,29.99999999999993,61.19402985074628,0.21085681338458073,0.22435264870312044,-0.013495835318539706,22.472405142089798,16.21322156162983,20.68469615809618,,22.28923227906127,21.244999999999997,20.200767720938725,226437.0,204923.55,0.8113559179816019,21.42986376081123
2026-01-15,3520,16.2,16.4,16.15,16.4,115000.0,1869850.0,16.03,16.169999999999998,16.395000000000003,17.3675,16.285416666666666,15.829375,50.0,42.46575342465753,-0.2905612307748697,-0.30292409914154167,0.012362868366671942,21.296025795354634,23.67922951698263,13.324992919622133,,17.090019878550326,16.395000000000003,15.69998012144968,165800.0,188950.0,0.6936067551266586,16.259565217391305
2026-01-15,3521,15.0,15.0,14.6,14.8,130000.0,1923100.0,14.61,14.36,14.285,13.399166666666668,12.689166666666665,13.112916666666667,55.26315789473687,56.140350877192986,0.1635851527960881,0.15010671627233554,0.013478436523752552,35.22838797922403,14.270777130051318,37.14385813112105,,15.258923157025201,14.285,13.3110768429748,133800.0,229950.0,0.9715994020926756,14.793076923076923
2026-01-15,3522,18.2,18.2,17.65,17.65,38000.0,675900.0,17.8,18.18,18.165,16.5075,15.193333333333333,16.412708333333335,19.354838709677423,49.5049504950495,0.35952199520560413,0.5333575453447218,-0.17383555013911767,18.656548829004667,22.95253191287099,24.6050394235542,,19.279072661336706,18.165,17.050927338663293,179800.0,229650.0,0.21134593993325917,17.78684210526316
2026-01-15,3523,17.4,18.45,17.35,18.3,10000.0,178500.0,17.85,18.065,,,,,49.05660377358489,57.66423357664233,0.08699451800177016,0.14240999034298732,-0.05541547234121716,20.37217395219212,20.14678676353083,15.395425181374454,,,,,26800.0,,0.373134328358209,17.85
2026-01-15,3526,248.5,250.0,248.0,249.5,201000.0,50119000.0,248.4,246.05,245.275,243.40833333333333,246.1125,247.73125,78.57142857142857,56.09756097560975,1.5481594537689034,1.0606240005186474,0.48753545325025605,23.308961415711426,16.666428447883522,12.789035615063924,,250.69887509559547,245.275,239.85112490440454,290200.0,223400.0,0.6926257753273605,249.34825870646767
2026-01-15,3527,56.0,59.4,56.0,57.1,181000.0,10457600.0,56.48,55.919999999999995,57.69499999999999,56.44833333333334,60.68083333333333,63.93875,70.45454545454551,45.76271186440678,-0.2446854679000836,-0.11735556306683734,-0.12732990483324627,30.110751977969585,10.528086948872739,33.65654228637869,,62.19223891901926,57.69499999999999,53.197761080980726,76400.0,159300.0,2.369109947643979,57.776795580110495
2026-01-15,3528,71.2,71.2,70.0,70.2,208447.0,14645943.0,69.5,67.78999999999999,67.52,69.90833333333333,73.09,73.72875,80.00000000000009,64.03508771929828,0.1889729154243298,-0.3954016813152033,0.5843745967395331,29.109605694163363,13.719249163108113,16.384215325225043,,70.5853238860389,67.52,64.45467611396109,311955.4,181285.35,0.6681948765753053,70.26219134840031
2026-01-15,3529,1690.0,1700.0,1670.0,1680.0,405000.0,680580000.0,1679.0,1693.5,1706.25,1921.0,2018.6666666666667,2255.2291666666665,26.829268292682926,45.631067961165044,-55.77170903949218,-62.91914932393742,7.1474402844452385,18.10750094626419,25.988636175451763,17.05010798697553,,1772.651886466522,1706.25,1639.848113533478,581200.0,659100.0,0.6968341362697866,1680.4444444444443
2026-01-15,3530,76.9,76.9,75.0,75.9,233173.0,17591767.0,75.84,75.92999999999999,74.28,66.82000000000001,63.69500000000001,65.13125,30.86419753086416,56.95187165775402,2.1967050937954866,2.4949835627050088,-0.29827846890952214,35.91814204721208,17.882769587900167,41.34427528210258,,79.6773092711476,74.28,68.8826907288524,359348.0,1169909.3,0.6488779678751516,75.44512872416618
2026-01-15,3531,,,,,,,,,,,,,61.224489795918295,57.29166666666666,-5.151310859830005e-05,-0.06412519123657553,0.06407367812797723,37.474179653457405,16.7027523417606,41.21591795179839,,,,,,,,
2026-01-15,3532,137.5,141.0,130.0,132.5,12257841.0,1647083313.0,125.1,116.23000000000002,104.93499999999999,99.09833333333334,95.4225,89.30375,68.0,80.14925373134326,8.80154187533931,5.091175063024286,3.7103668123150246,44.42018557814223,10.343995930613492,29.032821527006583,,134.42107342994012,104.93499999999999,75.44892657005985,11706705.6,6283098.2,1.0470786076656784,134.36977302936137
2026-01-15,3533,1375.0,1390.0,1360.0,1375.0,657478.0,903292040.0,1393.0,1356.0,1327.5,1311.5833333333333,1393.2916666666667,1413.6875,57.5,60.6060606060606,24.71216171044034,16.02925273505395,8.68290897538639,26.00439088246494,14.360082482467881,19.122452914358256,,1426.5215287596332,1327.5,1228.4784712403668,1447064.8,980784.25,0.4543528389329904,1373.874167652758
2026-01-15,3535,90.8,97.7,90.8,97.7,17974991.0,1739532112.0,90.4,91.9,91.52,82.83666666666666,77.29833333333333,60.513124999999995,62.85714285714286,59.01162790697675,1.651808010391619,2.134042555059398,-0.48223454466777893,35.482544026947664,13.344884846470443,45.50971780348712,,97.7976462233262,91.52,85.2423537766738,9930782.4,7436660.25,1.8100276771747612,96.77513118087236
2026-01-15,3537,54.1,56.5,53.4,54.2,5081000.0,278583100.0,52.120000000000005,52.03000000000001,51.504999999999995,49.79833333333333,44.58166666666667,45.735625,79.24528301886792,53.5483870967742,0.7198440747081847,0.6019424961631031,0.11790157854508154,34.66545188138628,13.973190347245707,27.521688278966735,,54.671585409852725,51.504999999999995,48.338414590147266,2032600.0,1659750.0,2.499754009642822,54.82839992127534
2026-01-15,3540,32.25,32.25,31.2,31.7,252000.0,7943200.0,31.889999999999997,31.9,31.25,30.820833333333333,32.29291666666667,32.67208333333333,43.93939393939391,58.12499999999999,0.39878840435914853,0.3775585494079903,0.021229854951158256,27.844383285511263,13.337291971816587,33.08915197617886,,33.036793658749296,31.25,29.463206341250704,405000.0,318350.0,0.6222222222222222,31.520634920634922
2026-01-15,3541,25.8,25.95,25.2,25.3,61000.0,1554700.0,25.45,24.675,24.395000000000003,24.154166666666665,25.847916666666666,27.147499999999997,67.85714285714288,64.13043478260872,0.30820874291259415,0.15703630496248114,0.151172437950113,44.931786516176714,13.931304546434914,35.174217409753105,,25.75181515632005,24.395000000000003,23.038184843679957,182800.0,70550.0,0.3336980306345733,25.48688524590164
2026-01-15,3543,44.65,44.65,43.35,43.7,1727037.0,75783316.0,45.15,43.84,43.275,44.593333333333334,39.69708333333334,30.707708333333333,53.125,49.35064935064936,0.15914409845689903,-0.05118301479262645,0.21032711324952547,26.321769730271892,17.13339885772162,18.7076655002089,,46.49835229225705,43.275,40.051647707742944,4576009.0,3169496.15,0.37741118953218844,43.88053990736736
2026-01-15,3545,53.9,54.3,52.9,53.0,1275310.0,68190727.0,52.85999999999999,52.6,51.95,53.525,59.931666666666665,63.528749999999995,37.77777777777774,58.92857142857144,0.17089477065637482,-0.0763440601819163,0.24723883083829112,24.57480229312153,15.242327323093145,22.215770467988154,,54.12110207279688,51.95,49.778897927203126,1146806.8,1246376.05,1.1120530502609507,53.4699226070524
2026-01-15,3546,78.7,78.7,77.6,78.0,334000.0,26036200.0,79.82000000000001,79.38000000000001,78.71000000000001,78.78333333333333,81.19666666666667,87.0925,47.36842105263154,51.63934426229511,-0.05604701550977609,-0.07361771738425382,0.017570701874477734,27.042271665886293,26.054034844841055,16.20281012364509,,81.20369731840248,78.71000000000001,76.21630268159754,559000.0,284950.0,0.5974955277280859,77.95269461077844
2026-01-15,3548,89.8,90.3,88.5,89.5,240000.0,21395900.0,88.9,88.67,89.52000000000001,91.36,100.175,118.10208333333334,52.17391304347824,49.0909090909091,-0.47800487799375446,-0.5845296664328012,0.10652478843904678,14.651199285722779,21.81701734110859,15.095323419817861,,92.47410508309622,89.52000000000001,86.5658949169038,265200.0,257900.0,0.9049773755656109,89.14958333333334
2026-01-15,3550,15.45,15.7,15.25,15.7,753071.0,11686489.0,15.38,15.405000000000001,14.99,13.789166666666665,14.335416666666667,14.447708333333335,52.94117647058823,60.93749999999998,0.5290113354080876,0.5393626897937224,-0.010351354385634726,31.00501060093494,21.123458531506596,30.800519876871803,,16.681340172451264,14.99,13.298659827548736,870736.4,2250137.55,0.8648667955078023,15.518442484174798
2026-01-15,3551,206.5,206.5,201.0,202.5,1206000.0,245509000.0,205.0,203.15,200.675,180.65,173.6625,151.20125000000002,59.154929577464785,56.71641791044776,5.30364834366884,6.055112073571914,-0.7514637299030742,28.72686804465978,18.754507146264103,25.787790636131284,,212.81139589264893,200.675,188.5386041073511,2872400.0,2355850.0,0.41985795850160146,203.57296849087894
2026-01-15,3552,61.6,61.6,60.3,60.5,112000.0,6784100.0,60.48,60.959999999999994,62.21999999999999,65.38833333333334,65.29,67.3925,32.60869565217391,38.33333333333333,-1.1726237771493189,-1.0915322223826271,-0.08109155476669172,20.283014060417408,24.638869857786922,11.627234355790021,,65.1425799705459,62.21999999999999,59.29742002945409,172000.0,165900.0,0.6511627906976745,60.57232142857143
2026-01-15,3555,84.2,84.8,82.6,83.1,161000.0,13419900.0,84.96000000000001,87.03,87.025,78.28333333333333,66.1425,,21.4953271028037,44.79999999999999,1.679959386514895,2.7885134783152283,-1.1085540918003334,27.42916103053328,17.71759822307478,32.30949785911764,,92.62983813560044,87.025,81.42016186439957,325400.0,343850.0,0.4947756607252612,83.35341614906832
2026-01-15,3556,37.6,37.8,37.5,37.7,100000.0,3766800.0,37.34,36.925,36.964999999999996,37.681666666666665,37.717499999999994,39.498749999999994,81.25000000000011,59.210526315789515,-0.03150754450408044,-0.1713830476908479,0.13987550318676745,23.421303874129254,28.559109811501838,19.081770401070248,,37.77746862287716,36.964999999999996,36.152531377122834,93000.0,65150.0,1.075268817204301,37.668
2026-01-15,3557,37.3,38.15,37.3,37.75,119195.0,4496980.0,37.15,36.690000000000005,36.3,36.86833333333333,39.00375,46.904999999999994,78.08219178082194,61.006289308176115,0.24729551100899272,0.028214729012765994,0.21908078199622671,27.67470579871789,16.704636368267266,15.27049604494153,,37.87747299584589,36.3,34.7225270041541,141603.6,83054.2,0.8417511984158594,37.72792482906162
2026-01-15,3558,134.0,135.0,132.0,132.5,154000.0,20484000.0,133.0,130.85,130.8,136.05,150.3375,170.03958333333333,65.38461538461539,52.38095238095237,-0.48998710804588086,-1.3153592508430352,0.8253721427971543,24.86481759576596,17.125844115502,13.901003231440507,,135.59473395342806,130.8,126.00526604657195,353000.0,195000.0,0.43626062322946174,133.01298701298703
2026-01-15,3563,493.0,494.5,485.0,493.5,711100.0,347779556.0,499.4,509.4,507.375,498.025,513.1166666666667,498.7291666666667,15.58441558441558,48.88888888888889,1.069105670441843,4.380610925268509,-3.311505254826666,21.395814024429754,21.491945283548286,20.370292277500287,,533.5241169217938,507.375,481.22588307820615,665503.4,1244279.65,1.0685144508653148,489.0726423850373
2026-01-15,3564,48.8,48.8,47.15,48.2,124000.0,5930550.0,47.72,47.760000000000005,47.905,48.54416666666667,52.81791666666666,58.24604166666666,45.3608247422681,49.79079497907951,-0.12909420087670753,-0.15568379982334143,0.026589598946633902,19.35399045328876,18.25463286255997,11.16153854556503,,49.8546018486948,47.905,45.955398151305204,121400.0,134300.0,1.0214168039538716,47.82701612903226
2026-01-15,3567,26.45,26.8,25.85,26.6,213000.0,5611250.0,25.619999999999997,25.535,25.4475,25.795,25.811666666666667,27.545208333333335,58.82352941176477,66.66666666666669,0.025800694127635637,-0.0717993255403021,0.09760001966793774,49.74265950737256,15.43979393206681,22.07750039848816,,26.165300001468076,25.4475,24.729699998531927,101800.0,52650.0,2.092337917485265,26.343896713615024
2026-01-15,3570,171.5,172.0,170.0,170.0,21000.0,3586500.0,167.8,166.35,167.0,173.85833333333332,185.2,191.46041666666667,80.0,54.166666666666664,-0.98299057237395,-1.876379039600427,0.8933884672264769,27.19593674742316,19.41875965957284,15.317253444393367,,171.88822430357445,167.0,162.11177569642555,43200.0,26450.0,0.4861111111111111,170.78571428571428
2026-01-15,3576,11.5,11.7,10.75,11.1,61050013.0,685783036.0,10.011999999999999,9.396,9.005999999999998,7.401,7.029666666666667,7.747833333333333,85.60000000000001,67.67676767676768,0.7979319120101849,0.6371739881275413,0.16075792388264354,52.1162455804492,14.227353351495792,40.473178708022296,,10.798609388866668,9.005999999999998,7.213390611133329,31736125.4,25164167.45,1.923675692307417,11.23313497083121
2026-01-15,3577,66.3,66.6,64.6,65.5,228000.0,14943200.0,63.480000000000004,62.92999999999999,63.05500000000001,62.57833333333334,72.56583333333333,68.51666666666667,66.36363636363637,58.62068965517241,0.28330478204242837,0.040815259994800644,0.24248952204762772,29.59163038594013,18.83352432303182,22.17096426724191,,66.06618965824224,63.05500000000001,60.043810341757776,170800.0,104450.0,1.334894613583138,65.54035087719298
2026-01-15,3580,70.4,75.3,70.2,71.4,3578000.0,259723600.0,70.10000000000001,70.34,65.595,60.79666666666667,63.589999999999996,67.48541666666667,42.26804123711342,70.03745318352058,3.100714229184163,2.7582365682728938,0.3424776609112694,34.71590285008602,9.988469934770063,40.737499771512454,,76.39821102362757,65.595,54.79178897637243,2163200.0,1692800.0,1.6540310650887573,72.58904415874791
2026-01-15,3581,73.6,75.9,72.8,74.0,1689000.0,125948000.0,71.67999999999999,69.88000000000001,70.045,63.96333333333334,53.09083333333333,46.604375,82.14285714285715,54.800000000000004,1.822799991472479,1.693829711551051,0.12897027992142807,36.973190034895616,13.925567797315663,37.31719363515306,,78.07716559904716,70.045,62.01283440095285,2073400.0,2668950.0,0.8146040320246938,74.56956779159266
2026-01-15,3583,344.0,344.5,337.0,340.0,577267.0,195679503.0,342.6,345.35,336.95,331.7583333333333,350.4916666666667,331.63125,32.203389830508485,58.0,4.345370842622344,4.4310454537957495,-0.08567461117340525,25.438517078829097,17.476826962305477,24.886385492293453,,357.6124500508823,336.95,316.2875499491177,599419.0,742913.15,0.9630442144810225,338.9757304678771
2026-01-15,3587,192.0,192.0,187.5,187.5,323000.0,60987000.0,190.4,190.6,189.475,195.375,196.6375,188.15416666666667,41.66666666666667,54.929577464788736,-1.4995873867956675,-1.757438543947344,0.2578511571516764,19.012324230182788,23.02765589562065,11.702430459496984,,195.65199467036527,189.475,183.29800532963472,348200.0,402550.0,0.9276278001148766,188.8142414860681
2026-01-15,3588,53.6,53.6,52.1,52.3,373361.0,19587491.0,52.48,51.089999999999996,49.692499999999995,48.59083333333333,48.42,50.69375,64.70588235294117,65.82733812949638,1.2112311545778667,0.7980890701434586,0.41314208443440803,34.296996881904576,11.230279970105522,28.46168646225896,,54.007257418320236,49.692499999999995,45.377742581679755,1646791.2,697514.05,0.22672030309610594,52.462605896170196
2026-01-15,3591,18.65,20.4,18.5,20.4,1290114.0,25385980.0,18.71,18.5,18.56,18.2775,18.21875,19.500625000000003,88.46153846153854,76.00000000000006,0.13943818703133104,0.029813791598269697,0.10962439543306135,40.04788940906717,16.303315067867423,15.174799548486885,,19.544939218001144,18.56,17.575060781998854,554317.0,322452.25,2.327393891942697,19.677315338024393
2026-01-15,3592,227.0,228.5,220.5,222.5,647312.0,144408762.0,222.2,220.6,224.9,224.83333333333334,261.9791666666667,307.48125,50.0,44.73684210526316,-0.4309290942634618,-0.449242017814013,0.018312923550551197,23.0431429890335,20.052862664231597,18.357208901627207,,236.08081062872387,224.9,213.71918937127614,602900.0,1348999.65,1.0736639575385636,223.08988864720567
2026-01-15,3593,12.6,12.6,12.35,12.35,41389.0,514094.0,12.629999999999999,12.84,11.9035,8.827333333333334,,,19.047619047618994,59.25925925925927,1.115847228410594,1.2699665942973546,-0.15411936588676056,41.08438017113885,30.690045599015946,38.67122622857756,,15.351662134422217,11.9035,8.455337865577782,28668.2,49228.7,1.443725103075882,12.421029742202034
2026-01-15,3594,37.15,38.35,36.8,37.25,258000.0,9639750.0,36.32000000000001,36.615,37.2325,38.751666666666665,40.64875,43.63708333333333,54.68749999999995,47.76119402985076,-0.5744448751543842,-0.5791240035539214,0.0046791283995371025,27.881568472679003,22.773442504740885,12.175640371954943,,38.84569395512396,37.2325,35.61930604487604,267000.0,189600.0,0.9662921348314607,37.36337209302326
2026-01-15,3596,175.5,176.0,173.5,174.0,469792.0,81911371.0,173.7,175.15,176.95,186.30833333333334,205.74166666666667,205.89791666666667,42.22222222222222,43.037974683544306,-2.947012024955228,-3.0433586647732103,0.0963466398179822,16.106182520210663,20.500344501427048,13.287153142782705,,183.85461325568113,176.95,170.04538674431885,728852.8,577175.05,0.6445636210768484,174.35667486887814
2026-01-15,3597,24.75,24.9,24.7,24.7,25000.0,620650.0,24.919999999999998,25.169999999999998,25.4025,26.485000000000003,27.83625,28.832499999999996,29.411764705882362,31.8181818181818,-0.3583194688950293,-0.30561189151721957,-0.05270757737780973,17.979422977013964,31.14484995904486,21.404918217134327,,26.21585885781405,25.4025,24.589141142185948,62400.0,49000.0,0.40064102564102566,24.826
2026-01-15,3605,63.2,63.3,61.8,61.8,1264574.0,78743085.0,61.739999999999995,62.21,61.3,63.98666666666667,67.25583333333333,61.795833333333334,46.268656716417915,56.24999999999998,-0.14604288969749035,-0.37705389573956477,0.23101100604207442,25.036617314828213,20.448834950610223,14.811480063342891,,64.17786470549915,61.3,58.42213529450084,1529976.8,1767859.85,0.8265314872748397,62.26846748391158
2026-01-15,3607,15.1,15.1,14.5,14.65,581293.0,8584660.0,14.52,14.41,14.459999999999999,13.7275,13.7875,14.730416666666667,53.19148936170213,52.631578947368425,0.17753070145704264,0.18505883295929496,-0.0075281315022523165,26.802431436280337,16.880209088119102,23.365066816811527,,15.05612785629686,14.459999999999999,13.863872143703139,627877.0,602835.8,0.9258071246438395,14.768214996567997
2026-01-15,3609,37.8,39.5,37.1,39.05,227000.0,8684000.0,38.089999999999996,38.995,40.36,43.9475,45.036249999999995,45.5375,44.0860215053763,39.15094339622639,-1.5753358251933278,-1.4431351049723022,-0.13220072022102558,18.605711350240874,25.157022852626344,16.89518170124865,,43.81871895968825,40.36,36.90128104031175,231600.0,166900.0,0.9801381692573402,38.25550660792952
2026-01-15,3611,201.0,202.0,201.0,202.0,8000.0,1614000.0,201.3,201.1,202.875,203.50833333333333,195.6625,196.35625,100.0,34.48275862068965,-1.2109431648113684,-1.0954321417224184,-0.11551102308895,13.779069996186873,26.973915369951147,32.80992285573105,,207.39250979377243,202.875,198.35749020622757,22000.0,29300.0,0.36363636363636365,201.75
2026-01-15,3615,26.1,26.65,25.7,26.2,786000.0,20588300.0,25.7,25.97,25.1675,23.65,23.774583333333332,23.994583333333335,36.36363636363634,58.737864077669904,0.6206506530729747,0.6278697323062032,-0.007219079233228509,27.25178665606764,13.989263139959396,37.24297673467334,,27.223626916008744,25.1675,23.111373083991257,650600.0,1520850.0,1.2081155856132801,26.193765903307888
2026-01-15,3617,195.0,195.0,190.0,190.0,273160.0,52397004.0,192.4,198.3,202.7,211.53333333333333,218.2625,248.49791666666667,25.000000000000014,30.303030303030297,-3.6828817012255683,-2.2183801738960716,-1.4645015273294968,15.109927217876576,32.82580392310532,23.27681304515803,,218.5791488569492,202.7,186.8208511430508,421279.2,511244.7,0.648406092681528,191.81799677844486
2026-01-15,3622,67.1,68.4,66.9,67.4,881688.0,59539231.0,66.98,65.38000000000001,64.815,63.241666666666674,58.97083333333333,57.007083333333334,60.8,61.62162162162163,0.6955870714826489,0.376614409750617,0.31897266173203187,28.359750609163488,18.337594459857712,17.160053976880793,,68.63862462372478,64.815,60.99137537627521,2356010.6,964122.65,0.37422921611643,67.52868475016105
2026-01-15,3623,30.75,31.65,30.25,31.4,595000.0,18385150.0,31.079999999999995,29.670000000000005,25.7725,22.3525,22.49208333333333,21.27104166666667,68.02721088435375,75.60975609756099,2.7358778500565286,2.1333842131102365,0.6024936369462921,54.00560829106129,15.625016969561223,49.22795220282578,,34.232528306534746,25.7725,17.312471693465252,1678600.0,805150.0,0.35446205170975814,30.89941176470588
2026-01-15,3624,65.4,68.7,64.1,64.3,12170000.0,801054400.0,63.419999999999995,62.25999999999999,57.85,50.70333333333333,44.64375,39.92583333333334,64.05228758169935,66.66666666666666,3.6403837843914673,3.1190107015686954,0.5213730828227718,38.5790517499995,12.731392175029765,42.52078219892595,,67.98373729573359,57.85,47.71626270426641,13899400.0,12246850.0,0.8755773630516425,65.82205423171733
2026-01-15,3625,20.6,20.6,20.0,20.2,445000.0,8990550.0,20.08,20.06,20.4375,22.257499999999997,22.427083333333332,18.980208333333334,54.54545454545453,48.99999999999998,-0.30360968739128325,-0.35901922157534716,0.05540953418406391,19.211940227744897,13.76596014608463,16.844947570021667,,21.605437903900782,20.4375,19.269562096099218,567600.0,840200.0,0.7840028188865398,20.203483146067416
2026-01-15,3628,71.5,71.9,69.6,71.5,278000.0,19630000.0,70.4,69.45,68.96,77.69333333333334,65.7825,54.504374999999996,62.500000000000014,61.47540983606556,-1.119981594866971,-1.8503188674987112,0.7303372726317403,27.599749841858078,24.111659724694405,14.058393423298934,,71.66157848595734,68.96,66.25842151404265,386400.0,335850.0,0.7194616977225673,70.61151079136691
2026-01-15,3629,22.05,22.05,22.05,22.05,3000.0,66150.0,,,,,,,0.0,0.0,-0.399903668353911,-0.30725459816229583,-0.09264907019161517,9.50836353546716,34.39967887115894,26.01289243842435,,,,,,,,22.05
2026-01-15,3630,31.55,31.6,30.8,31.05,1195000.0,37232700.0,31.330000000000002,30.27,29.222500000000004,29.06833333333333,30.5575,27.005208333333332,45.263157894736835,61.75298804780877,0.7694636418065777,0.4288490882133699,0.34061455359320775,33.65855745268241,13.896692250183628,25.271198796199062,,32.44748062009654,29.222500000000004,25.997519379903466,2175600.0,1513900.0,0.5492737635594779,31.157071129707113
2026-01-15,3631,24.65,25.1,23.8,24.55,160000.0,3910950.0,23.89,23.485,23.842499999999998,24.052500000000002,23.424583333333334,27.194583333333334,79.59183673469379,50.0,-0.011287991632826788,-0.12341125685567916,0.11212326522285238,25.717205872974247,12.637469586080202,20.368209768186002,,25.25346271725202,23.842499999999998,22.431537282747975,170000.0,92800.0,0.9411764705882353,24.4434375
2026-01-15,3632,9.33,9.33,9.33,9.33,14000.0,130620.0,9.314,9.342000000000002,,,,,66.66666666666666,32.69230769230765,-0.05773956656534196,-0.05019688151823636,-0.0075426850471055976,29.47830409300998,25.401142795315764,14.531832331565091,,,,,10000.0,,1.4,9.33
2026-01-15,3645,55.3,60.0,55.3,60.0,9412563.0,553015833.0,54.779999999999994,53.8,53.625,55.105000000000004,62.428333333333335,61.978125,78.99159663865547,69.99999999999999,0.2584466433258541,-0.3555405512308132,0.6139871945566673,34.519076082340284,14.837012282569845,13.130275810884546,,57.103581077936724,53.625,50.146418922063276,3369380.0,1609317.85,2.7935593491977753,58.7529489045651
2026-01-15,3646,26.0,26.0,25.2,25.35,16000.0,410400.0,25.21,24.55,24.604999999999997,26.427500000000002,,,78.12499999999996,59.52380952380952,-0.25272226813359566,-0.4906222626067595,0.23789999447316384,30.78531084979762,16.60531999009972,58.97556408957336,,25.68637339575819,24.604999999999997,23.523626604241805,86800.0,43200.0,0.18433179723502305,25.65
2026-01-15,3652,28.5,28.85,28.5,28.85,23217.0,667788.0,28.65,28.79,28.689999999999998,28.98166666666667,29.943333333333335,30.922083333333333,58.06451612903231,56.3636363636364,-0.08449820967768318,-0.10241673722482955,0.017918527547146373,19.949019211198898,14.097094741160628,14.927110032130079,,29.172973247595085,28.689999999999998,28.20702675240491,59518.4,46059.8,0.39008105056587544,28.762889262178575
2026-01-15,3653,2415.0,2430.0,2315.0,2380.0,2252451.0,5290464948.0,2464.0,2507.0,2607.0,2546.1666666666665,2263.8333333333335,1777.9208333333333,38.70967741935484,29.444444444444443,-70.76440147014273,-35.52886579594214,-35.23553567420059,16.62051515119629,31.576971240820296,22.158513423517675,,2855.3927280908615,2607.0,2358.6072719091385,1923504.8,1541542.45,1.1710139740748242,2348.759173007537
2026-01-15,3661,3460.0,3480.0,3310.0,3320.0,2411160.0,8113995765.0,3531.0,3595.5,3438.25,3343.9166666666665,3539.0,3214.5416666666665,18.421052631578945,55.932203389830505,68.23504514872366,80.65081530076615,-12.415770152042498,22.91032521536814,23.12569281955068,21.78627693895723,,3843.144723159126,3438.25,3033.355276840874,2016510.2,1958737.55,1.19570930015628,3365.1834656347983
2026-01-15,3663,63.4,68.4,62.7,68.4,13258000.0,893576300.0,59.94000000000001,58.14000000000001,54.129999999999995,47.93500000000001,51.4825,55.22479166666666,88.70056497175142,75.55555555555554,3.976538075293341,3.011997879712408,0.9645401955809332,47.21984068094785,11.583389545912496,37.24767220241361,,67.26061508961286,54.129999999999995,40.999384910387136,5681000.0,4293000.0,2.3337440591445167,67.3990270025645
2026-01-15,3664,16.45,16.45,16.1,16.2,29000.0,469900.0,16.44,16.955000000000002,16.9625,16.99833333333333,18.5475,20.500625,26.315789473684177,48.06201550387597,-0.06602556425915651,0.07781396539070387,-0.14383952964986038,20.87200513011725,26.822389559583954,16.452593580168895,,18.46368374344432,16.9625,15.461316256555675,86000.0,90650.0,0.3372093023255814,16.20344827586207
2026-01-15,3665,1495.0,1525.0,1450.0,1470.0,1866109.0,2763378440.0,1441.0,1472.0,1479.75,1488.9166666666667,1254.125,959.2854166666667,60.526315789473685,41.111111111111114,-11.498309605179884,-6.068437265983884,-5.429872339196,22.624572880166024,18.20821940495319,13.519140260308673,,1591.458031092378,1479.75,1368.041968907622,2482606.6,3098760.9,0.7516732614825079,1480.8237032241955
2026-01-15,3666,29.5,29.5,29.3,29.35,38000.0,1115250.0,30.28,31.225,31.98,30.347500000000004,28.532500000000002,29.665208333333332,7.843137254901933,16.99999999999997,-0.329223225643684,0.14254712643887765,-0.4717703520825617,11.927823969650477,29.880425163672385,40.23667937729096,,34.271953889496835,31.98,29.688046110503166,100200.0,121150.0,0.37924151696606784,29.348684210526315
2026-01-15,3669,41.5,41.7,40.6,40.8,180008.0,7382689.0,40.48,38.095,34.50750000000001,30.891666666666666,31.84958333333333,34.17583333333334,88.88888888888874,82.2222222222222,2.9704053785953377,2.2603166949090254,0.7100886836863123,52.93933757806337,13.83640770141527,43.666827759740656,,43.888795780771325,34.50750000000001,25.12620421922869,443911.4,375083.3,0.4055043416321365,41.013116083729614
2026-01-15,3672,12.0,12.4,11.9,11.9,78000.0,944850.0,11.879999999999999,12.1,12.805000000000001,12.922500000000001,13.88375,,39.99999999999999,24.999999999999986,-0.36139290219750286,-0.2514008394660006,-0.10999206273150225,21.787612572542585,27.99339387412076,21.606790997896674,,14.68001578940733,12.805000000000001,10.929984210592673,67600.0,108850.0,1.1538461538461537,12.113461538461538
2026-01-15,3673,43.75,43.75,42.8,43.2,1970894.0,84949569.0,42.71,41.845,41.565000000000005,40.70666666666667,39.20333333333333,36.49520833333334,57.52212389380532,57.14285714285714,0.4067886693893854,0.17735651649482068,0.22943215289456473,27.548942484023875,12.844382841052626,23.013960440411303,,43.51438586820478,41.565000000000005,39.615614131795226,2740063.2,1961241.4,0.7192877886904214,43.10204861347186
2026-01-15,3675,144.5,145.0,141.0,141.5,271000.0,38658000.0,139.5,137.45,135.225,142.06666666666666,140.84583333333333,152.15833333333333,62.96296296296296,61.95652173913044,1.0322362500311328,-0.18040851880438363,1.2126447688355164,30.4352280994282,12.948971086454018,23.020723342250722,,143.1021822373511,135.225,127.34781776264889,332000.0,308050.0,0.8162650602409639,142.64944649446494
2026-01-15,3679,114.0,115.0,114.0,114.5,11925.0,1366089.0,114.1,114.05,114.075,116.53333333333333,116.11666666666666,127.65416666666667,57.14285714285714,56.52173913043478,-0.3701625269179516,-0.5002659087653573,0.13010338184740566,29.66513491848204,11.151660198110807,21.808344114466497,,115.60625335660653,114.075,112.54374664339348,44654.6,34610.4,0.26704975523238367,114.55672955974843
2026-01-15,3680,425.0,427.0,413.0,421.0,2236000.0,936808000.0,420.7,414.3,371.825,349.2083333333333,332.925,361.5125,53.03030303030303,84.19354838709677,23.81691298342116,18.37469385377524,5.44221912964592,39.82792389227687,14.472753612787978,38.30674826288915,,464.2691652253429,371.825,279.3808347746571,2326200.0,2840050.0,0.9612243143323875,418.9660107334526
2026-01-15,3684,62.3,63.4,62.2,62.2,37000.0,2310700.0,61.32000000000001,61.55999999999999,61.74499999999999,54.365,,,55.85585585585587,51.46443514644353,2.2031960537131425,2.6366950408844345,-0.433498987171292,30.280374886361255,15.53489952370454,35.19119536148089,,67.60026303962114,61.74499999999999,55.88973696037884,120400.0,303500.0,0.3073089700996678,62.45135135135135
2026-01-15,3685,38.5,38.95,38.2,38.55,320000.0,12361550.0,38.989999999999995,39.44,40.69500000000001,39.87916666666667,31.178749999999997,22.542916666666667,31.343283582089526,33.613445378151226,-0.23083971442342488,0.149303408287268,-0.3801431227106929,20.569883294007255,23.0472337594454,15.509448513474265,,44.3478143439785,40.69500000000001,37.042185656021516,424800.0,762050.0,0.7532956685499058,38.62984375
2026-01-15,3686,19.0,19.0,18.25,18.65,381511.0,7027016.0,18.51,18.410000000000004,18.465,18.791666666666668,17.80291666666667,17.186458333333334,45.833333333333286,48.83720930232556,0.02215073662850031,-0.023780465020513106,0.04593120164901342,24.543860885033983,13.13028294843016,15.487771570663796,,19.235577363853785,18.465,17.694422636146214,396482.8,284930.2,0.9622384628034306,18.41890797381989
2026-01-15,3687,83.8,84.1,82.4,82.7,147000.0,12210400.0,83.32,82.72,82.42999999999999,80.41333333333333,78.01833333333333,79.4975,56.250000000000135,53.79746835443039,0.8138585130418647,0.7767503984023403,0.03710811463952446,27.690940188927893,20.834552494752227,18.63462871430216,,84.65625482061712,82.42999999999999,80.20374517938286,206800.0,190050.0,0.7108317214700194,83.0639455782313
2026-01-15,3689,124.5,125.0,121.5,125.0,4587000.0,565867000.0,124.3,124.4,115.93499999999999,106.69333333333334,104.37333333333332,98.7975,65.0,69.44444444444444,5.806074835556828,5.341716022514362,0.46435881304246607,28.156298565479474,5.616314110274508,49.580969690231434,,135.82620673220143,115.93499999999999,96.04379326779855,4804800.0,6111550.0,0.9546703296703297,123.36320034881186
2026-01-15,3691,99.8,104.5,99.0,104.5,2089000.0,214257800.0,89.9,83.38,81.775,74.11666666666666,76.3725,73.835,100.0,79.51002227171492,4.616237784443086,2.5654378301371694,2.050799954305917,54.714348102241885,8.431734958217382,45.258921334572634,,96.00793068167853,81.775,67.54206931832148,1643800.0,1108650.0,1.2708358681104757,102.56476783149833
2026-01-15,3693,357.0,362.0,357.0,357.5,463000.0,166025500.0,363.3,333.7,304.575,308.7,290.1875,309.3333333333333,65.74074074074073,69.39890710382514,20.856081477915666,11.226985891805457,9.629095586110209,41.92693406540414,12.725646828955856,31.02376742748728,,387.3189137529623,304.575,221.83108624703766,2956000.0,1152700.0,0.15663058186738837,358.58639308855294
2026-01-15,3694,63.0,63.1,61.1,61.4,975254.0,60171521.0,61.04,60.660000000000004,60.39,64.73666666666666,72.45916666666668,63.64895833333333,61.33333333333329,48.175182481751825,-0.47799437759604047,-0.910570528550437,0.4325761509543965,27.288852675746213,19.31647351682937,14.93216126150266,,63.44038392751759,60.39,57.339616072482414,1232646.4,1188134.6,0.7911871563491364,61.6983073127616
2026-01-15,3701,56.1,59.8,55.6,58.0,3644914.0,210794877.0,54.959999999999994,52.725,49.0975,38.69083333333333,39.22625000000001,36.905208333333334,76.22377622377623,64.22018348623854,4.946538370351583,4.562172465836973,0.3843659045146097,42.254561956645205,7.872987674578913,53.64932835706109,,62.10460231090369,49.0975,36.09039768909631,2898952.6,7617412.25,1.2573210062144513,57.832606475763214
2026-01-15,3702,65.4,65.4,64.2,65.2,6512331.0,422645312.0,64.56,62.71,60.575,62.541666666666664,64.2,65.92375,83.05084745762721,84.11214953271036,0.6316989780247084,-0.22029146852897635,0.8519904465536847,28.58435615988759,13.56947152711746,26.6942394298747,,66.14933026423236,60.575,55.00066973576764,9061653.8,14621788.15,0.7186691462434814,64.8992368477585
2026-01-15,3703,24.15,24.2,23.7,23.75,972857.0,23209253.0,23.639999999999997,22.975,22.884999999999998,22.346666666666668,22.605000000000004,24.25583333333333,84.4444444444444,59.42028985507244,0.2899456807659675,0.14604754288128446,0.14389813788468303,42.24684315023297,10.963630730989255,29.698072819234827,,24.020596295948003,22.884999999999998,21.749403704051993,1880029.2,1036413.25,0.5174690903737027,23.8567980700144
2026-01-15,3704,33.0,33.2,32.45,32.75,1662744.0,54277642.0,32.739999999999995,32.815,32.5875,34.232499999999995,33.02166666666667,32.67333333333333,39.65517241379307,48.54368932038836,-0.30864366829952417,-0.4152302148568337,0.10658654655730954,20.123507770857262,21.093227142034035,12.762552309016286,,33.46221799967064,32.5875,31.712782000329355,1983330.0,1550820.4,0.8383597283356778,32.64341474093426
2026-01-15,3705,57.1,57.6,56.9,57.5,209965.0,12027020.0,57.239999999999995,56.96,57.015,56.519999999999996,57.01583333333333,58.272083333333335,77.77777777777783,56.4102564102564,0.1757840211085835,0.1447658423803305,0.031018178728252993,18.76621896924754,11.039452718589681,17.396583490846965,,57.81308982478257,57.015,56.21691017521743,253400.2,271813.95,0.8285905062426944,57.28107065463291
2026-01-15,3706,85.8,85.8,84.2,84.3,15314637.0,1295574816.0,86.44,89.12,85.91499999999999,89.76333333333334,88.63000000000001,75.76625,5.681818181818187,54.40414507772021,-0.1861489259105582,-0.09188644865625967,-0.09426247725429854,23.479091149425297,32.76263876361943,16.68812143504902,,94.14415868309705,85.91499999999999,77.68584131690294,25425205.0,21846508.8,0.6023407480883635,84.59716126474301
2026-01-15,3707,57.5,57.7,55.9,57.2,5815000.0,329315600.0,56.019999999999996,55.85,53.495000000000005,52.3,51.197916666666664,45.95041666666667,55.0,68.5082872928177,1.6575961732932285,1.2493881179611717,0.40820805533205684,30.61172601836688,9.176028420757898,33.898346871452034,,58.77274872260448,53.495000000000005,48.217251277395526,9460400.0,8799300.0,0.6146674559215255,56.6320894239037
2026-01-15,3708,115.5,117.5,114.0,116.5,1722741.0,199921697.0,115.0,112.85,113.0,112.9,117.84583333333333,99.33500000000001,65.0,47.61904761904762,1.1389481001507988,0.6980461725057332,0.44090192764506564,27.166464196578822,17.42258968329394,14.805863929274537,,120.92730125977083,113.0,105.07269874022917,1903121.0,1324033.6,0.9052188484074318,116.04860916411695
2026-01-15,3709,61.0,63.5,60.1,60.5,3420000.0,210771500.0,61.94,60.19000000000001,54.75500000000001,53.78916666666667,47.5625,42.45333333333333,44.776119402985046,75.49019607843138,2.508515771084653,1.660503308684892,0.8480124623997611,39.86259939986007,10.209849981333296,34.830448753501855,,66.87961176806577,54.75500000000001,42.63038823193425,4973600.0,3562050.0,0.6876306900434294,61.62909356725146
2026-01-15,3710,5.66,5.67,5.51,5.66,259000.0,1455170.0,5.6739999999999995,5.755000000000001,5.8095,6.6605,7.87825,8.595916666666666,24.13793103448269,41.25,-0.17860744302989584,-0.20126773187185754,0.022660288841961695,19.159941076855436,28.212686918575177,25.1464523998536,,6.030833280491564,5.8095,5.588166719508436,428800.0,325900.0,0.6040111940298507,5.618416988416988
2026-01-15,3711,294.5,298.5,288.5,298.5,15934987.0,4669771907.0,287.5,277.9,257.55,235.73333333333332,198.25,175.825,89.83050847457628,93.24324324324324,16.440808605870757,12.67078342266175,3.7700251832090075,39.92641682300304,11.764852788245618,39.90217198447939,,305.1778335253243,257.55,209.92216647467572,21160084.6,20763381.35,0.7530682084323991,293.05150402695654
2026-01-15,3712,25.85,25.85,25.25,25.85,772525.0,19702545.0,25.509999999999998,25.055,25.182499999999997,,,,69.81132075471697,51.32743362831861,-0.4190440122111312,-0.7211135008003339,0.3020694885892027,25.18877967747083,22.259364294915333,24.37588417941111,,26.351969065314236,25.182499999999997,24.01303093468576,1534651.0,794599.75,0.5033880667330879,25.50408724636743
2026-01-15,3713,22.3,22.55,22.05,22.35,34000.0,756900.0,22.360000000000003,22.225,22.7575,22.06,21.602083333333333,21.05604166666667,51.40186915887852,40.93959731543626,0.009148199690606873,0.09749976670996424,-0.08835156701935737,20.071255626666648,21.54577331628109,20.41498421250362,,24.239772437491766,22.7575,21.275227562508235,187400.0,115150.0,0.1814300960512273,22.261764705882353
2026-01-15,3714,35.45,35.45,34.65,35.0,2540207.0,88706957.0,35.18,35.394999999999996,34.247499999999995,33.72,35.592499999999994,37.05895833333334,17.021276595744666,60.77348066298346,0.5640352705384615,0.5087796764913128,0.05525559404714864,28.87205818072967,18.66597319216296,24.36270150496567,,37.08530400643711,34.247499999999995,31.409695993562874,3356917.0,3584108.9,0.7567083130145905,34.921152882422575
2026-01-15,3715,132.5,134.0,129.5,131.5,23088898.0,3034735015.0,137.2,129.4,124.6,113.975,103.74499999999999,77.87124999999999,67.90123456790124,58.95522388059702,5.220290549967629,4.29381399532916,0.9264765546384695,33.454262036131546,18.849015894860155,28.97880532942845,,142.0434424415174,124.6,107.15655755848256,68176256.4,40462199.9,0.33866479650237874,131.4369795821351
2026-01-15,3716,33.75,33.9,33.6,33.9,46324.0,1562696.0,33.67,33.475,33.495000000000005,33.8075,33.80458333333333,35.24,84.61538461538436,61.290322580645274,-0.03654980868475377,-0.10376727002877138,0.06721746134401761,17.400439773469525,9.337647311243117,17.890207933705664,,33.871828873625084,33.495000000000005,33.118171126374925,106156.8,85592.8,0.4363733646831856,33.73404714618772
2026-01-15,4102,20.5,20.7,20.15,20.15,71000.0,1446300.0,20.1,20.009999999999998,20.13,21.0,21.356666666666666,23.34041666666667,47.36842105263154,47.7272727272727,-0.1393896279527631,-0.20106455003164048,0.06167492207887737,26.793504357407993,18.627589553281336,22.06028207542929,,20.666460132430906,20.13,19.593539867569092,79400.0,70850.0,0.8942065491183879,20.37042253521127
2026-01-15,4104,79.1,79.8,79.1,79.7,120403.0,9573194.0,79.4,79.5,80.595,82.23499999999999,83.97749999999999,85.05833333333334,71.42857142857143,27.65957446808524,-0.7231394269324483,-0.6745472031837457,-0.048592223748702534,10.963271037491861,27.840333478941492,51.777929918468665,,83.01289382031513,80.595,78.17710617968487,196917.2,208623.95,0.6114397320295027,79.5095969369534
2026-01-15,4105,83.0,83.5,82.8,83.1,695000.0,57845100.0,82.66,81.92,82.38,81.3,79.31416666666665,77.97541666666666,90.90909090909079,49.152542372881285,0.17659551288507203,0.11331901847392677,0.06327649441114526,24.279846906496758,13.522615114494721,21.656031671538216,,84.3488094184853,82.38,80.41119058151469,520400.0,570000.0,1.335511145272867,83.23035971223021
2026-01-15,4106,22.75,22.85,22.5,22.75,145036.0,3284942.0,22.45,22.279999999999998,22.202499999999997,21.85333333333333,21.9925,22.573958333333334,94.11764705882345,64.28571428571436,0.14948956553094916,0.0957312596830461,0.05375830584790306,30.159045529912536,8.66576192973248,28.534298021833877,,22.624868011148784,22.202499999999997,21.78013198885121,164073.2,76696.95,0.8839713006146037,22.649149176756115
2026-01-15,4107,123.5,123.5,123.5,123.5,22000.0,2717000.0,123.6,122.65,121.6,123.13333333333334,119.7,120.70208333333333,60.0,63.15789473684211,0.29787544082782347,-0.08176688944810324,0.3796423302759267,24.86791138903203,18.00740944740273,18.608350102177067,,124.42097407588979,121.6,118.7790259241102,61400.0,38850.0,0.3583061889250814,123.5
2026-01-15,4108,13.8,14.0,13.8,13.8,121056.0,1676860.0,13.870000000000001,13.75,13.6925,13.970833333333333,14.211250000000001,14.451041666666667,46.66666666666673,58.33333333333337,-0.022146076507366885,-0.0707165980288225,0.04857052152145562,18.500550726075886,16.51274683780259,19.551448936229296,,14.048316333461983,13.6925,13.336683666538018,168932.6,142752.2,0.7165934816607333,13.851936293946602
2026-01-15,4109,14.85,15.4,14.85,15.1,482000.0,7332550.0,14.8,14.794999999999998,14.982500000000002,15.439166666666667,15.8475,16.932916666666667,71.42857142857132,48.88888888888887,-0.16754892805550803,-0.1924317941765831,0.02488286612107507,28.906125194277998,15.763690264441923,14.690140604102053,,15.488542436332017,14.982500000000002,14.476457563667987,358200.0,263350.0,1.3456169737576773,15.212759336099586
2026-01-15,4111,29.5,29.85,29.5,29.8,142000.0,4221550.0,29.43,29.26,29.330000000000002,29.745833333333334,30.608333333333334,30.458541666666665,94.7368421052631,59.459459459459524,-0.06779390551628595,-0.13809204712417003,0.07029814160788408,31.661292081895187,18.450298048009422,12.491418011916945,,29.742182892465895,29.330000000000002,28.91781710753411,126600.0,128100.0,1.1216429699842023,29.729225352112675
2026-01-15,4113,22.3,22.4,22.05,22.3,68000.0,1511000.0,22.6,22.98,23.5675,22.283333333333335,22.237916666666663,22.857916666666664,33.33333333333326,18.367346938775498,0.007436908994503,0.27703512567409555,-0.26959821667959255,20.83456588859489,26.69841534230009,20.874321211455968,,25.598645645091377,23.5675,21.53635435490862,111800.0,296500.0,0.6082289803220036,22.220588235294116
2026-01-15,4114,32.95,33.0,32.8,32.8,601000.0,19756450.0,32.97,32.885000000000005,32.425,32.50833333333333,34.05875,33.892916666666665,33.3333333333328,79.99999999999982,0.23042934710120022,0.16493714764942452,0.0654921994517757,28.776956041056817,16.505729780949608,28.055715849901816,,33.49443172317335,32.425,31.355568276826645,665200.0,795450.0,0.9034876728803367,32.87262895174709
2026-01-15,4116,45.55,45.6,44.65,44.8,12000.0,541050.0,44.83,44.5,44.5775,45.56000000000001,45.22416666666666,44.295208333333335,73.91304347826093,47.36842105263149,-0.08470013419189115,-0.2074807415433021,0.12278060735141094,27.800239403461845,14.049511993006336,15.165516782287172,,45.49658134912851,44.5775,43.65841865087149,20600.0,25550.0,0.5825242718446602,45.0875
2026-01-15,4119,52.6,52.7,51.8,52.7,190459.0,9972757.0,51.8,50.095,49.457499999999996,51.03666666666666,55.126666666666665,64.15041666666667,100.0,78.35820895522393,0.5766905471199237,0.012237926615216239,0.5644526205047075,33.586664402157005,12.871267281238415,25.916261092035644,,52.43147041007216,49.457499999999996,46.483529589927834,376753.2,181080.35,0.5055272257806968,52.361699893415384
2026-01-15,4120,44.5,45.2,44.5,45.1,4000.0,179800.0,44.46,44.64,,,,,52.000000000000014,65.9090909090909,-0.11303778470028192,-0.2345568593063737,0.12151907460609179,20.494369577937217,13.518111509304559,22.421194872101786,,,,,26600.0,,0.15037593984962405,44.95
2026-01-15,4121,15.2,15.3,15.15,15.25,98000.0,1489400.0,15.15,15.23,15.247499999999999,15.260833333333332,15.034583333333332,15.572083333333332,50.0,45.454545454545475,-0.005250080751293851,0.011007247080824269,-0.01625732783211812,12.809394424491218,23.925681033863615,24.898736228490282,,15.627908367831607,15.247499999999999,14.86709163216839,92400.0,220900.0,1.0606060606060606,15.19795918367347
2026-01-15,4123,42.0,42.8,41.75,41.8,4481000.0,189046350.0,41.09,40.62,39.5325,37.29,37.53125,37.9875,88.7096774193548,74.11167512690353,1.0367915729174442,0.9192585504240595,0.11753302249338471,39.41374721168158,12.19039498501479,34.56601660732372,,42.92789548894046,39.5325,36.13710451105954,2150200.0,2631350.0,2.0839921867733233,42.1884289221156
2026-01-15,4126,83.2,83.6,82.7,83.1,31000.0,2574400.0,83.0,83.2,84.385,,,,64.28571428571425,32.467532467532465,-1.0054264563254094,-0.9625482267143637,-0.042878229611045704,15.542526142335426,26.708497374402945,38.22379660908959,,87.08414216391913,84.385,81.68585783608088,37600.0,35550.0,0.824468085106383,83.04516129032258
2026-01-15,4127,30.65,31.0,30.6,31.0,43000.0,1325400.0,30.35,30.345,30.297500000000003,30.924166666666665,32.86833333333333,35.365208333333335,66.66666666666666,58.677685950413235,-0.04285796929548624,-0.151644523254698,0.10878655395921175,22.4077483280169,12.674772726005425,20.120116656495533,,31.249215901883435,30.297500000000003,29.34578409811657,55200.0,35750.0,0.7789855072463768,30.823255813953487
2026-01-15,4128,21.1,21.55,20.9,21.35,2235000.0,47683700.0,20.71,19.645000000000003,19.252499999999998,20.265833333333333,22.122083333333332,24.112291666666668,100.0,75.00000000000003,0.2139584290056611,-0.16352976549950196,0.377488194505163,34.95466757865159,14.061622570523305,24.36204307625387,,21.16161249703006,19.252499999999998,17.343387502969936,3612600.0,1894800.0,0.6186679953496097,21.334988814317672
2026-01-15,4129,114.5,114.5,112.0,113.0,256000.0,28928500.0,112.8,112.05,112.425,118.20833333333333,115.31166666666667,106.25291666666665,47.61904761904762,56.09756097560975,-1.1615562748860242,-1.6700889863924921,0.508532711506468,23.27984055913039,19.215062403031467,18.806612952875142,,117.03933692562329,112.425,107.8106630743767,327400.0,285250.0,0.7819181429444105,113.001953125
2026-01-15,4130,32.0,34.5,31.8,32.7,2877000.0,95600550.0,34.269999999999996,32.519999999999996,29.604999999999997,24.94333333333333,22.341666666666665,22.140416666666667,53.43137254901962,70.11834319526628,2.5190381827287815,2.1946643860951522,0.3243737966336293,36.58405398610398,20.867210135508117,49.82822817904879,,36.786254838301474,29.604999999999997,22.42374516169852,5356000.0,2965200.0,0.5371545929798357,33.22924921793535
2026-01-15,4131,39.7,39.7,38.8,39.6,31000.0,1220500.0,40.38,40.39,40.3275,,,,34.00000000000006,46.923076923076934,0.7266920535872998,1.0616875327331534,-0.3349954791458536,20.833355629872514,17.312457415542898,27.52397656128845,,41.55502425209204,40.3275,39.09997574790796,83600.0,86050.0,0.3708133971291866,39.37096774193548
2026-01-15,4133,23.45,23.9,23.45,23.65,97569.0,2313624.0,23.310000000000002,22.905,22.875,23.342499999999998,24.880000000000003,26.725416666666668,84.84848484848483,68.00000000000003,0.05069473554189585,-0.07571906809684914,0.126413803638745,35.59710385757728,19.822413433895793,18.925600010019487,,23.520225378819255,22.875,22.229774621180745,84001.0,56494.35,1.1615218866442065,23.712695630784367
2026-01-15,4137,106.0,107.0,105.0,107.0,145221.0,15455551.0,105.1,103.3,101.33,100.435,102.55916666666667,108.40625,91.66666666666667,84.46601941747576,1.6033820021790035,0.9087041035510537,0.6946778986279498,32.46065496737305,4.699240508400975,41.83654142527001,,106.57398402181529,101.33,96.0860159781847,169369.8,107284.3,0.8574196816669797,106.42779625536252
2026-01-15,4138,60.0,60.4,60.0,60.4,19000.0,1142500.0,60.36,59.8,60.86,63.32166666666667,67.41250000000001,,79.16666666666666,36.06557377049177,-0.8093570238507368,-0.9592334277581505,0.14987640390741364,18.22848941438573,28.053491209070664,31.863832713288566,,63.62474039897059,60.86,58.09525960102941,37600.0,42050.0,0.5053191489361702,60.13157894736842
2026-01-15,4139,25.0,25.3,25.0,25.3,2000.0,50300.0,25.020000000000003,25.06,24.78,,,,41.666666666666686,64.70588235294119,0.251461205674655,0.24160172457977114,0.009859481094883882,27.059294756323236,10.963423142126794,26.224558352642635,,25.48814806658706,24.78,24.071851933412944,6000.0,7500.0,0.3333333333333333,25.15
2026-01-15,4142,20.55,20.95,20.55,20.95,2770918.0,57601109.0,20.41,19.8,19.535,19.43166666666667,18.748749999999998,19.173333333333332,92.1052631578948,72.72727272727275,0.2831171111889681,0.10207256369918102,0.18104454748978707,36.05141001360911,16.295221751582538,21.478875272357946,,20.7007841273497,19.535,18.3692158726503,2991833.6,1634717.45,0.9261604656087825,20.787734967256338
2026-01-15,4147,62.0,62.4,61.2,61.8,412000.0,25428300.0,61.48,60.95,61.55,65.85333333333334,72.12416666666667,78.83625,65.21739130434781,49.438202247191,-1.095113765356679,-1.4322065696183532,0.3370928042616743,23.360972537679984,21.427165404499103,15.600578820030485,,63.886439035892266,61.55,59.21356096410773,636600.0,694100.0,0.6471881872447377,61.71917475728155
2026-01-15,4148,38.85,39.3,38.85,39.25,16099.0,629973.0,38.870000000000005,38.53,38.36,,,,79.06976744186058,66.66666666666674,-0.14538161115432047,-0.33108312361914033,0.18570151246481986,27.71659544385376,15.789810225077042,15.030023994408129,,39.26530599653709,38.36,37.45469400346291,29796.4,38336.25,0.5403001704903948,39.13118827256351
2026-01-15,4153,35.5,35.5,35.0,35.0,2000.0,70500.0,34.99,35.065000000000005,35.05,34.81583333333334,37.32208333333334,38.667291666666664,37.03703703703699,48.88888888888895,0.10817266564956185,0.1396044254527267,-0.031431759803164844,20.249787133016643,17.836179843325713,10.61881744098083,,35.66473143472637,35.05,34.435268565273624,17600.0,25900.0,0.11363636363636363,35.25
2026-01-15,4154,14.9,15.65,14.9,15.65,12000.0,185650.0,,,,,,,83.33333333333334,33.33333333333336,-0.40655100890215223,-0.45501217363302404,0.04846116473087181,22.114279359663534,22.524557076274647,34.36400526038885,,,,,,,,15.470833333333333
2026-01-15,4155,15.05,15.15,14.8,14.85,146326.0,2187074.0,14.66,14.52,14.660000000000002,14.729166666666666,15.094166666666666,16.706458333333334,79.99999999999994,51.282051282051256,-0.06774631148056542,-0.10088602415193242,0.03313971267136699,31.794680944575905,20.11515535899062,18.346478244993985,,15.150542127596687,14.660000000000002,14.169457872403317,172297.4,136936.1,0.8492641212229552,14.946585022484042
2026-01-15,4157,14.5,15.0,14.35,14.65,5352000.0,78736500.0,14.680000000000001,14.430000000000001,13.475,11.073500000000001,9.979333333333333,10.121208333333334,45.83333333333335,71.42857142857143,0.9337610448189135,0.9317310197728788,0.002030025046034778,37.80260550103133,11.46916213406391,56.09500685178302,,15.818973234982813,13.475,11.131026765017186,7853200.0,6757400.0,0.6815056282789181,14.711603139013453
2026-01-15,4160,54.9,57.0,54.9,55.7,153000.0,8544800.0,53.14,51.705,50.9125,51.839166666666664,52.75833333333333,55.46395833333333,96.74796747967476,67.94871794871796,0.7211457144002296,0.09899520170418671,0.6221505126960428,48.659310521819684,7.772965843067901,40.31310285696956,,54.56732737730633,50.9125,47.257672622693676,154600.0,94200.0,0.9896507115135834,55.848366013071896
2026-01-15,4161,25.3,27.0,25.05,27.0,200000.0,5184100.0,25.410000000000004,25.185000000000002,25.2725,25.90666666666667,27.136666666666663,29.645625,100.0,74.99999999999997,-0.0953001122635122,-0.2511995020254118,0.1558993897618996,29.908660944123934,8.656640395661919,23.428570121378367,,26.241207766480237,25.2725,24.303792233519765,107800.0,142200.0,1.8552875695732838,25.9205
2026-01-15,4162,71.4,71.9,70.9,71.7,474000.0,33866100.0,71.2,71.44,71.65,71.105,70.42083333333333,81.18249999999999,47.435897435897495,50.0,-0.13582435970899098,-0.03501599437310912,-0.10080836533588186,25.35452960067846,21.775652461363148,13.319099306398728,,73.90014619407594,71.65,69.39985380592407,652000.0,466150.0,0.7269938650306749,71.44746835443038
2026-01-15,4163,94.3,94.4,93.8,93.9,19000.0,1787800.0,93.38,92.55,92.17,,,,81.4814814814815,68.18181818181816,-0.41853756711508083,-0.9457605419127232,0.5272229747976424,27.823370284919818,19.964807521837617,21.68218165442196,,93.87953979648947,92.17,90.46046020351054,13000.0,9900.0,1.4615384615384615,94.09473684210526
2026-01-15,4164,36.55,36.8,36.05,36.35,834246.0,30284569.0,36.38,36.12,37.3625,39.5,43.42875,45.26229166666666,69.23076923076923,36.98630136986303,-0.7547148073492806,-0.7909896145637832,0.0362748072145026,19.051612584467712,28.44064930503391,21.304111074432505,,40.15268486465455,37.3625,34.57231513534544,1094456.4,1056248.1,0.762246901749581,36.30172515061505
2026-01-15,4167,20.1,20.25,19.8,19.85,1785000.0,35665400.0,19.75,18.715,18.1525,17.865,18.127916666666668,18.999166666666667,94.44444444444437,75.24752475247526,0.5174639113349038,0.25653084260918185,0.2609330687257219,34.69245215751071,11.831672777651391,27.123878916937798,,20.155780204800827,18.1525,16.149219795199173,3697200.0,1628050.0,0.4827977929243752,19.9806162464986
2026-01-15,4168,27.0,27.0,26.1,26.45,264000.0,6987650.0,26.52,26.169999999999998,25.830000000000002,23.40083333333333,23.90583333333333,23.41375,78.57142857142856,44.339622641509415,0.85227891304325,0.8968066685214053,-0.04452775547815535,22.239452148207036,10.151933853738383,40.002890150778384,,27.59050232066118,25.830000000000002,24.069497679338824,391400.0,509900.0,0.6745017884517118,26.468371212121212
2026-01-15,4171,19.7,20.25,19.7,19.8,124000.0,2465150.0,19.759999999999998,19.195,19.2625,20.230000000000004,19.628333333333334,21.354166666666668,74.13793103448285,54.545454545454575,-0.0917920391385394,-0.21510085128370407,0.12330881214516468,29.077466881024446,16.749427731702422,14.77411497775877,,20.228705274038454,19.2625,18.296294725961545,362800.0,175350.0,0.34178610804851156,19.88024193548387
2026-01-15,4173,21.7,22.15,21.7,22.0,153000.0,3365050.0,21.810000000000002,21.45,21.292499999999997,21.860833333333336,22.874166666666667,22.925625000000004,88.46153846153834,71.7948717948718,0.07602509951414405,-0.0605520285052763,0.13657712801942035,29.336948007325653,17.8218444313827,27.90664158681464,,22.014540237980796,21.292499999999997,20.570459762019198,112000.0,134400.0,1.3660714285714286,21.993790849673204
2026-01-15,4174,26.45,26.5,26.15,26.4,454000.0,11971300.0,26.22,26.4,27.279999999999994,26.77833333333333,28.016666666666666,37.064166666666665,48.27586206896549,31.19999999999999,-0.37676280482074986,-0.21712606133592663,-0.15963674348482323,26.176980367251286,27.991441629601216,13.522225001479775,,29.394461484259878,27.279999999999994,25.16553851574011,697600.0,734300.0,0.650802752293578,26.36850220264317
2026-01-15,4175,58.8,58.8,58.0,58.0,10000.0,584000.0,58.3,58.54,58.769999999999996,58.045,59.55,62.294999999999995,39.99999999999999,38.18181818181821,0.01100308616691592,0.13051699635743746,-0.11951391019052154,13.271410158276897,25.320351268097085,21.00323065060953,,59.92001144159408,58.769999999999996,57.619988558405915,14400.0,14450.0,0.6944444444444444,58.4
2026-01-15,4183,16.8,16.8,16.8,16.8,8000.0,134400.0,,,,,,,100.0,52.94117647058828,-0.1330349673042619,-0.17367703723011227,0.04064206992585037,25.63018981395826,27.629928440283102,10.989505803680279,,,,,,,,16.8
2026-01-15,4188,14.5,14.6,14.25,14.35,49000.0,705650.0,14.290000000000001,14.410000000000002,14.627500000000001,15.282499999999999,15.381666666666668,15.971875,33.33333333333333,44.64285714285713,-0.24803965560867702,-0.23836748068441663,-0.009672174924260396,21.60357770508326,16.323765596251985,9.914697574277847,,15.201016392643806,14.627500000000001,14.053983607356196,53000.0,38350.0,0.9245283018867925,14.401020408163266
2026-01-15,4190,29.75,29.75,29.5,29.75,25750.0,763180.0,29.74,29.785000000000004,29.8975,30.816666666666666,,,45.454545454545396,38.88888888888896,-0.21108755464976525,-0.24768057641042024,0.03659302176065499,34.75813172057871,11.455267195385959,45.46655410528274,,30.192145192525444,29.8975,29.602854807474557,33673.4,26376.2,0.764698545439427,29.638058252427186
2026-01-15,4192,24.65,24.65,24.0,24.6,11000.0,269700.0,24.42,24.4,,,,,71.4285714285715,43.33333333333334,-0.4059302264220186,-0.4249434280499417,0.019013201627923082,23.28623119753925,19.20970457404754,9.842759351239819,,,,,8400.0,,1.3095238095238095,24.51818181818182
2026-01-15,4198,32.75,32.75,30.55,31.85,12000.0,379400.0,31.54,32.385000000000005,,,,,73.68421052631581,31.797235023041495,-1.5290320093703755,-1.2370324455208626,-0.291999563849513,13.122894063281374,36.303328865787634,38.5424280410109,,,,,9600.0,,1.25,31.616666666666667
2026-01-15,4205,80.7,80.9,80.7,80.7,19000.0,1534600.0,80.62,80.74,80.915,,,,39.99999999999999,44.00000000000009,-0.5576982866735847,-0.654061026951678,0.09636274027809333,36.28222373816212,16.892331035702707,30.10846187317983,,81.5106862473329,80.915,80.31931375266711,24800.0,22350.0,0.7661290322580645,80.76842105263158
2026-01-15,4207,18.3,18.5,18.3,18.5,163000.0,3005800.0,18.44,18.435,18.68,18.976666666666667,18.345833333333335,17.32520833333333,58.333333333333535,34.285714285714235,-0.20724235638264332,-0.20303454086026035,-0.004207815522382974,18.811391143006954,18.947926578092435,14.678544583069517,,19.476307266799267,18.68,17.883692733200732,184000.0,156050.0,0.8858695652173914,18.440490797546012
2026-01-15,4303,61.3,61.5,60.6,60.7,846000.0,51485800.0,61.0,60.71999999999999,61.15,65.91499999999999,,,55.55555555555557,45.19230769230768,-1.018062616448681,-1.2788475086365612,0.26078489218788015,22.14765147693901,22.17866012529542,23.517101730886722,,62.95116921090595,61.15,59.348830789094045,1047400.0,1064050.0,0.8077143402711476,60.85791962174941
2026-01-15,4304,32.5,32.5,32.3,32.5,12000.0,389600.0,32.489999999999995,32.38,31.472500000000004,27.440833333333334,,,50.0,61.00000000000001,1.103817371166894,1.247672670253293,-0.14385529908639905,45.68484592900987,30.98035622535268,23.0004805224497,,34.966325380507044,31.472500000000004,27.978674619492963,22200.0,64300.0,0.5405405405405406,32.46666666666667
2026-01-15,4305,42.05,42.05,42.05,42.05,1000.0,42050.0,,,,,,,100.0,66.66666666666634,0.03252974161589606,0.02032255561807069,0.012207185997825366,24.50248416381447,10.236652235303243,24.424228340009915,,,,,,,,42.05
2026-01-15,4306,14.2,14.2,14.0,14.1,1012831.0,14255631.0,14.15,14.190000000000001,14.229999999999999,13.7525,14.261666666666665,15.412916666666668,0.0,44.827586206896555,0.06431362790164208,0.10802668558950804,-0.04371305768786596,17.383052879917887,17.97998220410117,20.432964378883607,,14.455715237457778,14.229999999999999,14.00428476254222,941559.0,807760.1,1.0756957344149438,14.075034235721459
2026-01-15,4401,16.2,16.35,16.2,16.25,58000.0,941400.0,16.22,16.265,16.705000000000002,17.1325,16.776249999999997,17.415625,57.89473684210517,25.53191489361707,-0.2925287196097308,-0.2535816472054857,-0.03894707240424511,13.141172206156746,25.160277917743596,23.401563590214327,,17.69967000610832,16.705000000000002,15.710329993891685,45200.0,68350.0,1.2831858407079646,16.23103448275862
2026-01-15,4402,20.3,20.3,19.9,20.0,30000.0,598400.0,20.05,20.125,20.0225,18.709166666666665,19.116249999999997,20.537708333333335,50.0,46.87499999999996,0.29834894266127776,0.387347688029288,-0.08899874536801022,25.32326083820169,17.158695244418233,25.333158604244954,,20.358850381229598,20.0225,19.686149618770404,35200.0,41300.0,0.8522727272727273,19.946666666666665
2026-01-15,4406,9.92,9.92,9.7,9.76,9000.0,88180.0,,,,,,,0.0,51.40186915887852,0.0098674527672582,0.04739284426709949,-0.03752539149984129,31.027624707137136,15.253255676853689,37.582645402798335,,,,,,,,9.797777777777778
2026-01-15,4413,18.35,18.35,18.1,18.1,14000.0,255800.0,18.1,17.785,,,,,73.68421052631604,51.16279069767444,0.009936559346250817,-0.12357665762813436,0.13351321697438517,24.049309339136656,8.68093542580394,25.435274695836256,,,,,26600.0,,0.5263157894736842,18.271428571428572
2026-01-15,4414,11.1,11.3,11.1,11.1,264614.0,2957956.0,11.079999999999998,11.129999999999999,11.4025,10.796333333333333,11.139416666666667,7.717166666666667,71.42857142857186,24.13793103448276,0.028721491497577745,0.10073085108687287,-0.07200935958929512,21.15184780262485,16.93215272038303,19.382159559037195,,12.066994267529058,11.4025,10.738005732470942,249856.6,421574.7,1.0590634788114461,11.17838058454957
2026-01-15,4416,29.7,29.8,29.4,29.4,38000.0,1124050.0,30.130000000000003,29.98,31.3125,,,,40.322580645161295,36.423841059602644,-1.8695001112608196,-2.189182344880177,0.31968223361935744,21.26819908932438,31.717665370221624,35.93172492818851,,35.96131139307958,31.3125,26.663688606920417,100600.0,83100.0,0.37773359840954274,29.580263157894738
2026-01-15,4417,52.6,52.7,52.3,52.6,63000.0,3307800.0,52.160000000000004,52.489999999999995,53.214999999999996,53.77833333333333,51.490833333333335,48.55645833333334,43.33333333333337,38.18181818181824,-0.5386758664920634,-0.46046773065381763,-0.07820813583824582,11.360236037682409,25.30923214413676,30.21294621713543,,54.91858754583421,53.214999999999996,51.511412454165786,162600.0,113500.0,0.3874538745387454,52.50476190476191
2026-01-15,4419,47.95,47.95,47.95,47.95,1000.0,47950.0,47.589999999999996,47.105000000000004,48.364999999999995,,,,74.3589743589744,46.51162790697676,0.39637292568488647,0.6663113250227739,-0.26993839933788744,32.64855151150832,33.87313446126521,19.328140278803904,,52.49309373618599,48.364999999999995,44.236906263814,2000.0,27200.0,0.5,47.95
2026-01-15,4420,50.6,50.6,50.2,50.5,19000.0,955800.0,50.379999999999995,50.135000000000005,50.3275,50.48833333333334,51.526666666666664,53.372499999999995,88.23529411764692,45.652173913043406,-0.06373278119470882,-0.11445259490499873,0.05071981371028991,15.782497175843313,28.618461810317203,24.79946985569186,,50.9943661982139,50.3275,49.6606338017861,49000.0,45300.0,0.3877551020408163,50.305263157894736
2026-01-15,4426,9.14,9.2,9.14,9.19,85641.0,784552.0,9.17,9.194999999999999,9.450500000000002,9.807166666666665,10.020416666666668,10.958833333333333,66.66666666666666,20.224719101123426,-0.19187038898501996,-0.17462886672164937,-0.017241522263370584,18.753864545813453,33.24435158624656,25.738024386653173,,10.008823618664184,9.450500000000002,8.892176381335819,118351.8,111396.55,0.7236138360379817,9.160939269742297
2026-01-15,4430,17.65,17.65,17.6,17.6,6000.0,105650.0,17.55,17.465,17.532500000000002,,,,69.23076923076948,45.454545454545475,-0.07570402928860176,-0.1094404725630078,0.033736443274406044,41.647396245953615,15.63031292772395,18.748231223392207,,17.824993814598102,17.532500000000002,17.240006185401903,10200.0,13350.0,0.5882352941176471,17.608333333333334
2026-01-15,4432,17.15,17.15,16.8,16.95,4000.0,68000.0,16.84,16.645000000000003,16.509999999999998,16.19333333333333,16.96875,,61.90476190476193,63.15789473684217,0.14054868048003755,0.08111897331133497,0.05942970716870258,27.467754959496123,18.635524765660037,12.125520073390014,,16.972942533662533,16.509999999999998,16.047057466337463,19400.0,25850.0,0.20618556701030927,17.0
2026-01-15,4433,23.3,23.9,23.1,23.7,187000.0,4385550.0,22.6,21.365000000000002,21.32,,,,78.68852459016395,64.51612903225808,0.46993044829037345,0.11398061066917863,0.3559498376211948,49.4062492967846,12.933348244788498,32.84820840741422,,23.75102750639349,21.32,18.88897249360651,398200.0,120650.0,0.4696132596685083,23.452139037433156
2026-01-15,4438,74.4,75.0,73.3,73.9,83681.0,6183440.0,73.58000000000001,73.57000000000001,75.37,78.15666666666667,74.89416666666666,81.63625,60.60606060606056,29.268292682926898,-1.4493503480672416,-1.4135160719527826,-0.035834276114458996,13.024050356750209,22.134240412958945,35.65450347500292,,79.32026981090782,75.37,71.41973018909219,99098.6,72818.45,0.8444216164506865,73.89299841063085
2026-01-15,4439,105.0,105.0,104.0,104.5,7200.0,752900.0,104.3,102.75,102.625,99.39833333333334,96.03833333333334,94.24499999999999,88.88888888888889,58.064516129032256,0.727737250402626,0.5623989677907589,0.16533828261186712,37.20276080049638,15.736517395276595,26.573120888976327,,105.97910196625224,102.625,99.27089803374776,22698.4,18163.45,0.31720297465900676,104.56944444444444
2026-01-15,4440,17.3,18.0,17.25,17.5,131000.0,2287350.0,17.32,17.28,17.44,18.23166666666667,17.95625,18.975208333333335,88.8888888888888,48.14814814814813,-0.19559248684880615,-0.23523757234206025,0.0396450854932541,25.21669534819611,17.195367078417032,12.992823213999484,,17.931613883577935,17.44,16.948386116422068,104617.6,153552.75,1.252179365613434,17.460687022900764
2026-01-15,4442,59.6,59.6,58.8,59.6,33000.0,1960100.0,59.58,59.4,60.33,58.923333333333325,56.11541666666666,52.09520833333333,86.36363636363646,35.45454545454547,0.13377879253065572,0.293575194930308,-0.15979640239965226,30.25760896763943,17.337139274807,34.013558279369434,,63.71982999107866,60.33,56.940170008921335,41800.0,106650.0,0.7894736842105263,59.3969696969697
2026-01-15,4502,15.85,16.15,15.85,16.15,5000.0,80150.0,15.9,16.0,15.9,16.070833333333333,,,42.85714285714274,57.14285714285713,-0.0024898170396472352,-0.019456993217449592,0.016967176177802357,35.25398052902405,18.056886691246188,38.37450631607899,,16.258358832223394,15.9,15.541641167776609,25800.0,30650.0,0.1937984496124031,16.03
2026-01-15,4503,41.6,41.6,40.7,40.75,126000.0,5152850.0,41.21,40.459999999999994,40.665,45.25916666666667,50.148333333333326,51.328541666666666,62.85714285714288,51.19047619047621,-0.9073235035161815,-1.3001227100606965,0.39279920654451494,22.513306935148528,22.767431476565005,25.81660818738536,,42.215246160418715,40.665,39.11475383958128,287800.0,195400.0,0.43780403057678946,40.89563492063492
2026-01-15,4506,117.0,118.0,117.0,118.0,37000.0,4351000.0,117.2,117.5,118.65,121.65833333333333,122.2375,115.73458333333333,60.0,35.71428571428572,-1.1686675475028494,-1.1638644862623302,-0.004803061240519213,14.268457440929893,21.541471364564384,30.689691988994753,,121.34697686503148,118.65,115.95302313496853,63400.0,58500.0,0.583596214511041,117.5945945945946
2026-01-15,4510,45.0,47.8,43.3,46.1,14128000.0,641747150.0,42.43,41.39,41.084999999999994,39.81166666666666,43.857499999999995,46.42666666666667,87.50000000000001,67.08074534161491,0.7666344353188421,0.31500496610647766,0.45162946921236446,39.788633843738474,14.65603903188458,15.702206894253344,,44.35610153666308,41.084999999999994,37.813898463336905,4656800.0,1784200.0,3.033842982305446,45.42377902038505
2026-01-15,4513,18.6,18.8,17.6,18.8,913000.0,16620350.0,17.57,17.545,17.77,17.671666666666667,18.7075,21.943125,74.6031746031746,55.670103092783506,0.015185774660025686,-0.04136968197370935,0.056555456633735034,35.358001650352236,13.961175979083624,29.904488233913856,,18.885630574592952,17.77,16.654369425407047,444600.0,254500.0,2.05353126405758,18.204107338444686
2026-01-15,4523,28.6,28.6,28.25,28.6,115000.0,3265250.0,28.110000000000003,28.205000000000002,28.827500000000004,30.718333333333337,32.22625,33.158125,53.846153846153896,41.176470588235276,-0.5735605370128525,-0.5872900776894386,0.01372954067658616,26.37911360903175,29.72042373758625,10.422761841332386,,30.287664013858144,28.827500000000004,27.367335986141864,224000.0,257050.0,0.5133928571428571,28.393478260869564
2026-01-15,4526,34.1,34.6,33.8,34.3,3989826.0,136162343.0,33.18,32.309999999999995,31.305,31.516666666666666,33.53375,30.621666666666666,80.43478260869557,70.38834951456306,0.697899488161724,0.2817499561659967,0.4161495319957273,32.33275122329933,16.097758895477117,16.492893957582652,,34.60059514631632,31.305,28.00940485368368,6688905.2,3769939.15,0.5964841600685266,34.1273887633195
2026-01-15,4527,40.7,40.7,40.5,40.55,27000.0,1095500.0,40.43,39.910000000000004,39.707499999999996,39.37833333333334,39.553333333333335,42.99791666666667,71.42857142857135,62.6506024096385,0.2836084808047943,0.14730623419335923,0.13630224661143506,30.03902232897672,19.982189457286356,24.402587467534204,,40.78710762852752,39.707499999999996,38.62789237147247,42400.0,24500.0,0.6367924528301887,40.574074074074076
2026-01-15,4528,17.6,17.7,17.45,17.65,24000.0,422300.0,17.1,16.8,16.8175,17.026666666666667,,,100.0,66.66666666666671,0.06750479166602474,-0.04923142114811932,0.11673621281414406,43.34259845015204,16.064026664657856,17.148915159886492,,17.473865591325403,16.8175,16.161134408674595,32000.0,20700.0,0.75,17.595833333333335
2026-01-15,4529,3.36,3.48,3.36,3.4,70000.0,238370.0,3.4299999999999997,3.5160000000000005,3.6519999999999997,3.7435,3.792916666666667,,28.947368421052616,26.804123711340196,-0.10673371007958021,-0.07334296856887118,-0.03339074151070903,21.18857169735077,23.683844020931808,13.987706436684086,,4.00044617495657,3.6519999999999997,3.3035538250434286,65800.0,36250.0,1.0638297872340425,3.4052857142857142
2026-01-15,4530,28.95,29.85,28.5,28.5,5000.0,144300.0,27.96,27.285000000000004,22.355,15.051666666666668,13.575833333333334,,68.75,79.2418772563177,4.020637595211113,3.837233946017284,0.18340364919382912,63.39229507684283,12.610349021785558,53.2581025941218,,37.61367829000578,22.355,7.096321709994218,14400.0,26700.0,0.3472222222222222,28.86
2026-01-15,4532,24.5,24.8,24.5,24.75,1017299.0,25101495.0,24.509999999999998,24.36,24.3775,23.799166666666668,23.94291666666667,25.78604166666667,63.6363636363636,51.2820512820513,0.13302049506404856,0.13820666204533386,-0.005186166981285295,28.579690268835755,16.052551389207014,20.596143605884073,,24.898101878395583,24.3775,23.85689812160442,1160517.6,1008894.45,0.8765907557110723,24.674648259754505
2026-01-15,4533,26.75,27.6,26.0,27.6,14775000.0,397652500.0,24.080000000000002,22.985000000000003,22.36,21.657500000000002,22.5375,26.715625,97.45762711864404,80.54054054054052,0.7948547439898732,0.31166649919817496,0.48318824479169825,47.49282944437542,11.887367809236462,25.771671209739466,,25.324100999770103,22.36,19.395899000229896,4767200.0,1679250.0,3.0993035744252393,26.913874788494077
2026-01-15,4534,14.75,16.35,14.7,16.35,1162000.0,18391850.0,15.05,14.805000000000001,14.895,15.046666666666665,16.380416666666665,18.698958333333334,90.69767441860469,68.49315068493152,0.03374166852183258,-0.08654450750521035,0.12028617602704293,28.492874519063683,15.541181356210448,24.95468972090122,,15.737240120781456,14.895,14.052759879218543,430800.0,295850.0,2.6973073351903434,15.82775387263339
2026-01-15,4535,28.55,29.0,28.5,29.0,4000.0,115050.0,28.77,28.714999999999996,,,,,100.0,70.58823529411764,0.05802662908615375,0.03613635105891313,0.02189027802724062,23.698946459039764,18.756625303517357,15.8377075565303,,,,,18000.0,,0.2222222222222222,28.7625
2026-01-15,4536,167.0,168.0,166.0,167.5,193349.0,32238386.0,164.1,163.1,162.075,168.88333333333333,177.825,184.70208333333332,75.0,66.66666666666666,-0.023081325977841516,-1.0828129727533944,1.0597316467755529,30.381133030490776,24.65810026141119,17.959037204494837,,166.27117620421896,162.075,157.87882379578102,248267.2,229330.1,0.7787939768120798,166.7367609866097
2026-01-15,4538,17.4,17.4,16.75,17.1,178000.0,3023600.0,17.18,17.09,16.9775,17.05333333333333,17.47125,17.78125,50.0,54.54545454545457,0.06165152924330286,0.024518280953169488,0.03713324829013337,14.657060907539144,21.4344834463778,18.402482294725083,,17.312281940027173,16.9775,16.642718059972825,52800.0,27700.0,3.371212121212121,16.986516853932585
2026-01-15,4540,38.1,39.45,37.55,38.95,3442316.0,132247624.0,36.81,36.705,35.66,36.217499999999994,39.408750000000005,41.68395833333334,58.40707964601772,68.46846846846844,0.5090074698120901,0.1662003763188433,0.3428070934932468,35.58756576567727,15.338154073034769,18.811209624798053,,38.545280247266334,35.66,32.77471975273366,1539734.6,1063152.1,2.235655417498574,38.41821145995893
2026-01-15,4541,47.8,48.7,47.25,48.6,2208000.0,105531200.0,47.760000000000005,44.44,42.855,42.78833333333333,46.34541666666667,45.319583333333334,93.40659340659339,78.13765182186233,1.4180365120747496,0.4774278840919769,0.9406086279827727,39.409807551643176,11.20823191618116,31.18399662776541,,48.84208258626345,42.855,36.86791741373654,7061200.0,2378050.0,0.31269472610887666,47.79492753623188
2026-01-15,4542,101.0,101.5,98.9,99.9,664000.0,66345900.0,102.08000000000001,95.82000000000001,91.095,68.9475,65.27875,68.5525,74.51737451737453,61.19733924611975,8.725452767791012,8.505851106937682,0.21960166085333022,41.40003042191559,12.224610926890824,54.09128695280267,,106.79635428285744,91.095,75.39364571714256,1753600.0,781100.0,0.37864963503649635,99.91852409638554
2026-01-15,4543,31.9,32.5,29.35,30.0,3203000.0,98782450.0,29.119999999999997,28.595,28.945,25.991666666666667,25.711666666666666,28.8725,63.909774436090245,44.34782608695652,0.5637949405370541,0.6249353295002071,-0.06114038896315299,38.71587954273903,15.977943057597654,31.34484037618325,,31.76259509249878,28.945,26.12740490750122,1190400.0,785300.0,2.6906922043010755,30.840602560099907
2026-01-15,4545,38.1,38.35,37.7,38.35,214919.0,8179536.0,38.07,38.69500000000001,39.364999999999995,34.903333333333336,33.46375,35.49729166666667,29.729729729729726,41.72661870503599,0.7993550737606014,1.203603962299519,-0.4042488885389175,27.059833664552972,24.34271431350917,27.43247434601203,,42.68671483930884,39.364999999999995,36.04328516069115,372007.6,1608383.4,0.5777274442780201,38.05869187926614
2026-01-15,4549,104.0,107.0,104.0,104.0,104000.0,10922000.0,103.4,105.15,106.55,113.99166666666666,121.0875,128.08333333333334,30.769230769230774,40.625,-2.40879168957062,-2.310275335646216,-0.09851635392440405,20.61702508997849,21.12001434887948,12.834482585143004,,111.72992074720818,106.55,101.37007925279181,125400.0,130650.0,0.8293460925039873,105.01923076923077
2026-01-15,4550,25.8,26.25,25.8,26.0,37000.0,958300.0,25.46,25.4,25.119999999999997,24.782499999999995,,,80.76923076923079,63.52941176470584,0.23967460785636163,0.1677845433885477,0.07189006446781393,40.01472241276016,9.176878818852957,39.80351316991843,,25.95059902289992,25.119999999999997,24.289400977100076,24600.0,47150.0,1.5040650406504066,25.9
2026-01-15,4551,122.0,129.0,116.0,125.5,2045800.0,251609276.0,120.2,118.0,116.375,122.50833333333334,135.52916666666667,120.61833333333334,77.14285714285714,71.69811320754718,0.611207571991045,-0.6889536595865196,1.3001612315775646,30.788857879499616,11.763552892765052,20.846012533911278,,122.50409369105554,116.375,110.24590630894446,791330.8,350845.35,2.585265226628358,122.98820803597614
2026-01-15,4552,23.75,23.8,23.55,23.7,60344.0,1426763.0,23.65,23.755000000000003,23.8975,23.027499999999996,23.26375,23.111875,36.36363636363619,32.14285714285704,0.06499016888388809,0.1478757240435956,-0.08288555515970752,17.83617715254294,23.627093903617645,16.796064227671494,,24.408922165709022,23.8975,23.38607783429098,51988.2,87737.55,1.160724933734963,23.64382540103407
2026-01-15,4554,27.8,27.8,27.25,27.25,21000.0,575600.0,27.47,27.2,27.2125,28.4125,31.13625,,58.13953488372097,49.18032786885245,-0.17689401489062817,-0.3004438725476879,0.12354985765705973,23.88637272236216,21.743766569121295,19.496937205666903,,27.78085404088245,27.2125,26.644145959117548,43400.0,28950.0,0.4838709677419355,27.409523809523808
2026-01-15,4555,39.6,39.6,38.7,39.3,149096.0,5829930.0,39.2,39.404999999999994,38.9775,41.14833333333333,42.170833333333334,40.255,29.166666666666714,56.84210526315787,-0.27937761528054494,-0.44056933991835817,0.16119172463781323,21.809721617695324,22.10720945039882,12.762602983251481,,40.20029877416698,38.9775,37.75470122583302,145530.2,113447.85,1.0245021308292024,39.1018538391372
2026-01-15,4556,31.2,31.2,31.2,31.2,255000.0,7956000.0,26.43,24.955000000000002,,,,,95.80838323353292,90.15544041450778,0.9569941597349256,0.23812508694836987,0.7188690727865558,69.32322704545409,7.351641572871094,23.13340412721346,,,,,180400.0,,1.4135254988913526,31.2
2026-01-15,4557,77.5,78.6,77.5,78.0,207485.0,16157370.0,78.32000000000001,78.25999999999999,78.25,73.975,77.1675,93.45833333333333,54.54545454545463,42.55319148936165,0.6036734684241196,0.8878225756850463,-0.2841491072609267,25.16928446294911,19.932128481242763,23.9348446154748,,79.56148770486796,78.25,76.93851229513204,145432.0,132999.7,1.4266805104791243,77.87247270887052
2026-01-15,4558,19.45,19.65,19.3,19.4,52000.0,1011450.0,19.19,19.215,19.325,20.456666666666663,23.34875,25.199166666666667,76.47058823529414,50.0,-0.23253338970073756,-0.29418518348243333,0.061651793781695774,23.432376460260482,17.125924107356465,13.752174849142232,,19.713654900366574,19.325,18.936345099633424,49600.0,40000.0,1.0483870967741935,19.450961538461538
2026-01-15,4560,32.55,33.0,32.3,33.0,308189.0,10010236.0,32.790000000000006,32.615,32.63250000000001,32.1775,32.94583333333333,34.498124999999995,59.259259259259295,53.749999999999986,0.08534391652454332,0.07464160926752456,0.010702307257018762,20.029272545459904,9.12493391392272,17.255402804224175,,33.182404297892504,32.63250000000001,32.08259570210751,357435.8,192271.8,0.8622219710504656,32.480834812404076
2026-01-15,4561,33.2,33.45,32.5,32.95,205000.0,6764900.0,31.810000000000002,31.755000000000003,32.475,33.99333333333333,38.568333333333335,46.14604166666667,59.80392156862749,49.23076923076924,-0.5235266175357083,-0.6332388451112948,0.10971222757558652,21.65259104682214,23.016793935456835,14.482352610715264,,34.491380289945745,32.475,30.45861971005426,188800.0,102600.0,1.0858050847457628,32.99951219512195
2026-01-15,4562,40.65,40.8,39.45,39.75,3646310.0,145795915.0,37.77,37.39,36.6075,37.62083333333333,43.47083333333333,48.66645833333333,52.81690140845069,62.9090909090909,0.36682753279240643,-0.054816915767721394,0.42164444856012784,36.505121328564165,20.984831819087105,14.021738186692517,,39.66472182105538,36.6075,33.55027817894462,1624790.8,1068230.9,2.244171988172262,39.98450899676659
2026-01-15,4563,56.0,56.0,52.5,53.8,453000.0,24370900.0,51.720000000000006,50.165000000000006,46.602500000000006,47.6425,52.76875,63.55979166666667,68.22033898305087,76.07655502392346,1.6798979504842109,0.6414041200419758,1.038493830442235,32.07320612608093,13.7247689785649,20.99208949090914,,54.70996731820722,46.602500000000006,38.49503268179279,373600.0,269700.0,1.212526766595289,53.79889624724062
2026-01-15,4564,17.75,18.2,17.4,17.75,1417976.0,25087896.0,17.2,17.225,17.285,17.016666666666666,17.492083333333333,18.151458333333334,66.66666666666666,57.142857142857125,0.06724491526526677,0.06400327687848432,0.0032416383867824444,30.648964935193845,14.167557297866248,19.849708961603092,,17.813254324713785,17.285,16.756745675286215,1346796.6,736436.95,1.0528508907729646,17.692750794089605
2026-01-15,4566,60.5,60.5,59.0,59.6,544016.0,32420866.0,58.220000000000006,56.92,57.35,55.375,56.845000000000006,60.34583333333333,88.67924528301884,56.38297872340426,0.7875151301881687,0.5749202716769378,0.21259485851123083,37.253398982113886,12.065248918040872,34.61386611993064,,60.49190689666912,57.35,54.20809310333088,696567.2,632295.25,0.7809957172832716,59.59542734037234
2026-01-15,4568,42.75,42.75,42.55,42.75,9000.0,383700.0,43.0,42.6,42.197500000000005,,,,61.99999999999999,66.66666666666661,0.15896308395053893,0.031228953038485968,0.12773413091205296,31.24674797965849,26.71452776396833,19.740469157023863,,43.395952950132596,42.197500000000005,40.999047049867414,6000.0,15900.0,1.5,42.63333333333333
2026-01-15,4569,152.0,159.0,152.0,154.0,60070.0,9355412.0,150.2,149.35,151.65,153.66666666666666,160.29166666666666,156.95833333333334,83.33333333333333,57.14285714285714,-0.22445731839044925,-0.5763483639929835,0.35189104560253426,32.275417251246026,15.7314996987855,15.577868904564076,,159.51798977871883,151.65,143.78201022128118,31447.4,79463.25,1.9101738140514,155.74183452638587
2026-01-15,4571,170.0,171.5,167.5,170.0,301293.0,50997361.0,167.9,166.9,164.25,165.34166666666667,171.56666666666666,172.33958333333334,63.63636363636363,68.18181818181819,1.398557360955266,0.5991707419314344,0.7993866190238316,29.403092954786175,16.290708999701838,16.38191491037919,,171.45745228365092,164.25,157.04254771634908,294664.2,206330.85,1.0224961159177124,169.2616854689621
2026-01-15,4572,149.5,150.0,149.0,150.0,37233.0,5558340.0,151.1,150.6,151.825,152.24166666666667,159.37916666666666,162.89583333333334,54.54545454545455,23.33333333333333,-0.6630210285108262,-0.507254739803852,-0.15576628870697418,19.559090189100807,19.710065627762997,12.467213674479673,,155.91960492278247,151.825,147.7303950772175,51829.2,58012.6,0.7183788289226922,149.28531141729113
2026-01-15,4576,117.5,122.0,113.0,121.5,2253400.0,264656392.0,113.4,109.55,107.575,107.54833333333335,113.2325,120.62124999999999,78.0,68.91891891891892,2.1138614900457497,0.5676344070127912,1.5462270830329585,32.61034954046984,13.18861962635189,14.895275744995189,,116.77039358363298,107.575,98.37960641636703,1506386.0,657698.2,1.4958981296958416,117.44758675778823
2026-01-15,4577,52.5,54.5,52.2,53.5,1005000.0,53744700.0,52.2,52.71,54.864999999999995,48.38166666666667,40.23458333333334,31.9125,68.05555555555557,47.38955823293174,-0.04652658633008144,0.7055395450723021,-0.7520661314023835,24.731109866202942,20.369205074968143,30.041424599346808,,61.32728735779588,54.864999999999995,48.40271264220411,1040800.0,2165950.0,0.9656033820138356,53.47731343283582
2026-01-15,4580,82.3,82.3,81.2,81.7,29000.0,2365900.0,81.52000000000001,81.47,81.58,82.175,82.86583333333333,84.13208333333334,68.75000000000017,46.66666666666671,-0.10975331781878594,-0.190938361745113,0.08118504392632706,20.03160810853374,14.855569548894957,12.002114025024117,,82.45202124550592,81.58,80.70797875449408,45400.0,40600.0,0.6387665198237885,81.58275862068966
2026-01-15,4581,51.7,52.1,51.1,51.1,101766.0,5227632.0,,,,,,,25.0,39.28571428571422,-0.2110635278238462,-0.2950049447042216,0.08394141688037543,27.66538993412192,27.244973375453224,14.43527113345174,,,,,,,,51.36914097046165
2026-01-15,4583,729.0,729.0,712.0,720.0,211434.0,151850065.0,711.0,685.0,662.4,649.25,670.075,714.3916666666667,85.84905660377359,76.1006289308176,18.100889333450255,10.052753628148636,8.048135705301618,34.82428636904701,8.925585713487488,31.146317424603172,,729.2018278980918,662.4,595.5981721019082,419609.2,274938.55,0.5038831369760244,718.1913268443108
2026-01-15,4584,46.7,47.0,46.7,46.7,8000.0,373950.0,46.56,46.695,,,,,100.0,33.783783783783875,-0.8611474349344164,-0.931355757262625,0.07020832232820862,8.23999464968899,35.07047045317163,48.37609184145531,,,,,7200.0,,1.1111111111111112,46.74375
2026-01-15,4588,70.0,70.0,64.6,64.6,609031.0,40798277.0,62.720000000000006,61.45,61.654999999999994,62.13833333333333,63.0175,69.50166666666668,73.26732673267324,59.259259259259224,0.24437016501746456,-0.2297074508269104,0.47407761584437497,47.70487365723879,10.633511231294511,24.879973061145687,,65.04195640423767,61.654999999999994,58.26804359576232,207823.4,79086.4,2.9305217795493674,66.98883472269884
2026-01-15,4609,5.72,5.72,5.69,5.7,3000.0,17110.0,5.958,6.006,,,,,45.283018867924554,49.80079681274901,-0.1271793683005269,-0.10339671463496061,-0.023782653665566283,11.55446371967576,33.03912565290752,25.84515676027942,,,,,10200.0,,0.29411764705882354,5.703333333333333
2026-01-15,4702,10.3,10.45,10.0,10.1,419000.0,4271100.0,9.734,9.699,9.843,9.977,9.954666666666666,10.568416666666668,70.31249999999997,53.48837209302322,-0.05672401923362713,-0.09135493640581266,0.03463091717218553,36.75033177945134,14.316747730074653,25.95388500476204,,10.35591119576067,9.843,9.33008880423933,225800.0,89700.0,1.8556244464127547,10.193556085918855
2026-01-15,4706,30.0,30.15,29.85,29.85,13000.0,390750.0,29.890000000000004,29.825,,,,,42.105263157894804,48.80952380952383,0.22892705368505872,0.23928228261714274,-0.010355228932084015,25.513050294068755,18.119219245654214,31.457780405656052,,,,,10200.0,,1.2745098039215685,30.057692307692307
2026-01-15,4707,10.2,10.2,10.1,10.2,285000.0,2898350.0,10.15,10.19,10.1695,9.818833333333334,9.9,10.525125,24.999999999999886,50.0,0.08258677274942805,0.10930145608105117,-0.02671468333162312,29.213828916103928,18.256712752934916,35.20408352106171,,10.492412730593632,10.1695,9.846587269406367,396000.0,463300.0,0.7196969696969697,10.169649122807018
2026-01-15,4711,15.8,15.8,15.55,15.7,48000.0,752850.0,15.440000000000001,15.285,15.1875,15.030833333333334,15.197916666666666,15.110208333333333,73.68421052631568,66.66666666666663,0.12598931045089046,0.06703386560168557,0.05895544484920488,43.10848632312262,13.191860438431513,24.842942600748046,,15.62263458293132,15.1875,14.75236541706868,82200.0,57350.0,0.583941605839416,15.684375
2026-01-15,4714,17.7,17.7,17.25,17.35,1377000.0,23959400.0,17.240000000000002,16.970000000000002,16.975,17.175833333333333,18.32375,17.611875,66.66666666666684,55.38461538461544,0.0857597277855966,0.0031476341452199947,0.0826120936403766,29.874759396740767,18.467821396158275,16.49698294040248,,17.637133712049145,16.975,16.312866287950857,2236600.0,1367400.0,0.615666636859519,17.399709513435003
2026-01-15,4716,16.5,16.65,16.25,16.65,295000.0,4854000.0,16.1,15.995,16.335,15.819999999999999,15.590416666666668,16.554791666666667,66.66666666666663,52.32558139534883,-0.0058574002381881485,-0.0012360775250716677,-0.0046213227131164806,30.771984652281226,15.159226710171584,25.6010784941876,,17.26298593455792,16.335,15.407014065442082,368600.0,375050.0,0.8003255561584374,16.454237288135594
2026-01-15,4720,17.75,17.8,17.3,17.7,1214771.0,21350515.0,17.560000000000002,17.875000000000004,16.369999999999997,14.8875,15.126249999999999,16.314583333333335,27.777777777777786,69.62962962962962,0.9154223189516308,0.8506246250480096,0.06479769390362122,32.735514962859405,20.723854918454276,34.557872063104945,,19.669186502601594,16.369999999999997,13.0708134973984,2069626.0,2484977.3,0.5869519420417022,17.575752960846117
2026-01-15,4721,71.7,71.9,69.5,69.9,368000.0,25890700.0,69.08,68.76,68.21000000000001,69.01666666666667,73.9275,68.19562499999999,54.347826086956594,59.477124183006566,0.37828241482496594,0.15443582401027456,0.22384659081469138,29.22440424825668,11.786684294495274,21.840930264939008,,71.01142820718354,68.21000000000001,65.40857179281647,443800.0,403550.0,0.829202343397927,70.35516304347826
2026-01-15,4722,167.0,167.5,163.0,167.0,1224508.0,202459124.0,166.1,171.4,175.175,170.19166666666666,151.70666666666665,107.95916666666668,33.33333333333333,29.213483146067432,-0.7386432021105804,1.3075520275329688,-2.0461952296435495,19.299063759328668,21.132035013221614,15.791229651370099,,194.58274397800784,175.175,155.76725602199218,1720725.2,4348289.35,0.711623215607001,165.33915989115627
2026-01-15,4726,34.4,34.9,34.1,34.7,335000.0,11564250.0,34.36,33.160000000000004,32.144999999999996,32.67916666666667,34.996249999999996,36.592708333333334,80.35714285714285,71.14427860696519,0.5590822828050435,0.1532685841670683,0.4058136986379752,33.73499920352628,12.5503295226905,23.604940754871578,,35.29107524920862,32.144999999999996,28.998924750791375,533600.0,324150.0,0.6278110944527736,34.52014925373134
2026-01-15,4728,397.0,397.0,397.0,397.0,1000.0,397000.0,393.6,395.45,394.375,,,,48.83720930232558,57.29166666666667,0.2259650474160253,0.30262216504393774,-0.07665711762791244,30.549749235889408,24.113841577800194,13.696940688649656,,401.62159629721714,394.375,387.12840370278286,26800.0,18050.0,0.03731343283582089,397.0
2026-01-15,4729,23.95,23.95,23.55,23.75,438000.0,10363400.0,23.75,24.34,23.8375,21.7525,22.658333333333335,22.082916666666666,19.14893617021275,50.967741935483865,0.6179705874927706,0.809888550615981,-0.1919179631232104,25.650391798989048,16.485880214632097,36.584959301151265,,26.51152220200997,23.8375,21.163477797990026,602600.0,1956450.0,0.726850315300365,23.660730593607305
2026-01-15,4735,32.7,33.1,32.7,32.95,57000.0,1878350.0,32.43,32.26,32.18,,,,69.56521739130437,66.66666666666666,0.0025914265057451757,-0.11251088642057826,0.11510231292632343,46.22695273765293,23.999263672543993,17.05484721175176,,32.73097998817489,32.18,31.629020011825112,27400.0,17600.0,2.0802919708029197,32.953508771929826
2026-01-15,4736,127.0,127.5,126.0,127.0,207399.0,26292327.0,125.4,123.4,122.4,122.96666666666667,125.38333333333334,130.075,100.0,81.81818181818181,0.7654269258021458,0.09107484947175001,0.6743520763303957,30.731924840311553,10.494497232513288,18.920824986781245,,126.4209975196002,122.4,118.3790024803998,213981.0,159205.25,0.9692402596492212,126.77171538917739
2026-01-15,4737,54.8,54.9,53.3,54.9,142602.0,7716990.0,54.71999999999999,55.339999999999996,57.4,59.43666666666666,64.69166666666666,65.42729166666668,47.36842105263154,30.555555555555543,-1.23668430417397,-0.9757353577588397,-0.2609489464151302,12.906790865064155,28.621792122884216,30.204646626208188,,62.09490205043227,57.4,52.70509794956773,143667.4,115401.15,0.9925842605907812,54.11558042664198
2026-01-15,4739,72.3,73.1,71.8,72.7,774614.0,56080223.0,71.32000000000001,69.95,68.60499999999999,67.77000000000001,64.93833333333333,58.127500000000005,65.00000000000003,63.03030303030301,0.9365142658558625,0.3876346514626533,0.5488796143932092,29.76280405253926,13.284628661776882,23.443552445883235,,72.85679838111923,68.60499999999999,64.35320161888075,1376203.8,1089276.2,0.5628628550509742,72.3976367584371
2026-01-15,4741,22.65,23.0,22.55,22.6,78000.0,1774900.0,22.589999999999996,22.52,21.76,21.730833333333337,22.769583333333333,,14.285714285714192,73.23943661971833,0.4117107617812721,0.29633256820552967,0.11537819357574242,29.424947558466407,16.89300513697083,24.723857603741955,,23.585434339083772,21.76,19.93456566091623,156400.0,200550.0,0.49872122762148335,22.755128205128205
2026-01-15,4743,74.9,76.7,74.2,74.8,5827000.0,439846900.0,71.9,65.33,61.415,62.37166666666667,65.49916666666667,66.30125,97.93103448275863,85.59322033898306,2.918038361923763,0.7484293653677067,2.1696089965560565,44.258712154503854,12.18309657794939,28.022999072490528,,74.56695002551177,61.415,48.263049974488226,9427600.0,4032050.0,0.6180788323645466,75.48428007551055
2026-01-15,4744,29.9,30.05,29.6,29.65,74000.0,2201100.0,29.379999999999995,29.395000000000003,29.267500000000002,28.967499999999998,28.936249999999998,25.584375,59.99999999999994,52.17391304347826,0.03510528035960192,0.009530922102597681,0.02557435825700424,21.85227284487792,17.028211933714395,13.70608239739694,,29.92306323714408,29.267500000000002,28.611936762855922,230800.0,219750.0,0.32062391681109187,29.744594594594595
2026-01-15,4745,23.0,23.0,22.15,22.35,141000.0,3162650.0,22.720000000000002,23.35,24.595,21.8375,19.111666666666668,18.83291666666667,21.739130434782624,16.190476190476176,-0.302751973075285,0.15298605010076916,-0.45573802317605416,21.86039335546182,28.667394230398457,27.10062082772045,,27.62048821636561,24.595,21.569511783634386,173400.0,262550.0,0.8131487889273357,22.430141843971633
2026-01-15,4746,59.8,60.4,59.4,60.1,434566.0,26067237.0,59.38000000000001,59.24000000000001,59.915,61.656666666666666,64.11999999999999,65.99541666666667,57.14285714285714,42.16867469879521,-0.6796671883792129,-0.8134960025168134,0.1338288141376005,18.68572051983271,21.150977833092075,16.581049027501628,,61.891999321139636,59.915,57.93800067886036,616446.4,434629.25,0.7049534233633289,59.984529392543365
2026-01-15,4747,58.9,59.4,58.9,59.4,12000.0,711800.0,59.82000000000001,59.510000000000005,,,,,68.96551724137935,42.85714285714284,-0.4920693632099784,-0.6798834909807704,0.18781412777079198,25.71578718278597,36.201425079054715,14.307851405739898,,,,,9800.0,,1.2244897959183674,59.31666666666667
2026-01-15,4749,913.0,922.0,901.0,907.0,888000.0,807261000.0,917.2,931.1,871.1,830.75,806.2916666666666,697.1541666666667,24.096385542168676,67.05882352941177,31.232443535449647,29.97620923155449,1.2562343038951589,36.65184053925504,19.658068346232778,31.583537647810594,,1005.3674471658019,871.1,736.8325528341982,1207200.0,1553450.0,0.73558648111332,909.0777027027027
2026-01-15,4754,38.8,38.95,38.5,38.8,22000.0,853200.0,38.69,38.555,,,,,69.23076923076948,48.57142857142843,-0.07414492570885045,-0.12582495242652134,0.051680026717670885,25.389616602900063,16.553057913678217,17.912964041000656,,,,,24600.0,,0.8943089430894309,38.78181818181818
2026-01-15,4755,128.0,128.0,122.5,123.5,832875.0,103088047.0,119.7,115.9,111.38500000000002,106.41666666666667,114.3,113.46041666666666,73.91304347826087,72.3076923076923,4.553852013381487,2.942368655959271,1.611483357422216,42.48588088888977,10.33398853907397,39.146205082178426,,125.06576252106878,111.38500000000002,97.70423747893126,1189766.2,476870.9,0.7000324937790299,123.77373195257391
2026-01-15,4760,179.0,185.0,178.0,181.5,1348000.0,245845000.0,175.7,179.1,177.85,178.58333333333334,167.75,139.51208333333335,52.17391304347826,50.724637681159415,-0.8490952159930316,-0.6982394420055713,-0.1508557739874603,30.766323244972043,21.316319557631147,17.45231777291349,,188.3836553359646,177.85,167.3163446640354,685400.0,745300.0,1.9667347534286548,182.37759643916914
2026-01-15,4763,52.2,52.7,51.4,51.6,4544671.0,235124822.0,52.160000000000004,52.17999999999999,53.09499999999999,54.99333333333333,61.56916666666667,392.4375,36.73469387755106,40.15151515151514,-0.5998432188117562,-0.6279649003259931,0.028121681514236885,24.211194844669787,25.49153991426219,10.057279561224728,,55.92898547752299,53.09499999999999,50.26101452247699,5692081.8,9239718.7,0.7984198329686689,51.73637915703909
2026-01-15,4764,121.0,133.0,117.0,133.0,4226062.0,540864427.0,125.7,125.45,118.55,86.59166666666667,,,51.89873417721519,60.36585365853659,10.702077986617894,11.534255254449327,-0.8321772678314332,33.468698351691145,12.386128702772174,44.58387908449667,,136.370449518814,118.55,100.72955048118598,3169681.8,4540427.65,1.3332764191030153,127.98307904616638
2026-01-15,4766,328.0,328.0,322.5,325.0,295476.0,95810444.0,323.0,320.85,319.725,332.89166666666665,356.9791666666667,345.2708333333333,70.83333333333333,62.50000000000001,-1.1201143606443793,-2.74655963905752,1.626445278413141,22.301028797224916,13.845042647930617,15.020166683844211,,327.2327153298371,319.725,312.21728467016294,400132.0,325710.85,0.7384463127168035,324.2579566529938
2026-01-15,4767,25.55,26.0,25.5,26.0,26000.0,667800.0,25.95,26.145,,,,,47.999999999999964,32.72727272727272,-0.45067618572242196,-0.4101413518277875,-0.04053483389463447,18.834958126861736,14.659275080325235,13.432323951553922,,,,,14800.0,,1.7567567567567568,25.684615384615384
2026-01-15,4768,443.0,465.5,415.0,421.5,3226000.0,1408927000.0,422.8,412.55,375.25,281.375,224.79583333333332,182.23999999999998,46.116504854368934,67.31234866828088,43.124363620527106,42.35283530071188,0.771528319815225,43.05272066762685,3.017530140551808,63.69075559018281,,472.50251992405515,375.25,277.99748007594485,2615200.0,2221650.0,1.2335576628938514,436.7411655300682
2026-01-15,4770,233.5,233.5,221.0,222.5,1368015.0,308547640.0,242.6,240.95,237.775,232.39166666666668,260.8875,265.81666666666666,33.60000000000001,42.5,1.9919977436185263,2.702161936666298,-0.7101641930477718,24.596293471412984,25.122717691948772,26.44393829861801,,253.94343904191769,237.775,221.60656095808233,1595731.6,739856.45,0.857296427544582,225.5440473971411
2026-01-15,4771,178.5,181.0,178.5,179.0,114015.0,20518224.0,177.8,175.3,174.975,177.80833333333334,178.82916666666668,184.96875,80.95238095238096,60.97560975609756,0.03699716825715882,-0.7787154086161483,0.8157125768733071,23.4983588748582,17.986151579000452,18.339078986718057,,180.07892006206498,174.975,169.871079937935,93066.2,63659.7,1.225095684577215,179.96074200763059
2026-01-15,4772,370.0,376.0,362.5,365.0,1774000.0,651875500.0,370.9,366.4,332.7,316.05833333333334,298.5375,,52.17391304347826,79.90196078431373,18.392381745615523,14.70318837230645,3.689193373309074,38.231568470964724,13.916407527034103,32.310387831710685,,403.70733839022,332.7,261.69266160978,4032000.0,3269000.0,0.4399801587301587,367.46082299887263
2026-01-15,4804,6.8,6.9,6.8,6.9,30000.0,206200.0,7.034000000000001,7.204000000000001,,,,,33.8709677419355,47.6923076923077,-0.16858868683876782,-0.12997522393169236,-0.03861346290707546,20.939022379639034,28.406675310761987,13.506097570544977,,,,,33800.0,,0.8875739644970414,6.873333333333333
2026-01-15,4806,10.0,10.0,10.0,10.0,13000.0,130000.0,,,,,,,16.666666666666615,21.367521367521277,-0.22158233808369587,-0.2772243456982418,0.05564200761454591,18.334760034472403,23.56816036695188,15.315775985536531,,,,,,,,10.0
2026-01-15,4807,18.2,18.2,18.05,18.1,5883.0,106742.0,18.16,18.259999999999998,,,,,50.0,42.22222222222223,0.07185587814579719,0.10770060616865887,-0.03584472802286168,23.598037018968974,12.403928841962706,36.81857892260771,,,,,12515.6,26128.65,0.47005337339000924,18.144144144144143
2026-01-15,4903,42.05,43.8,41.5,42.9,11988000.0,508789150.0,38.85,39.28,42.725,37.9775,34.88916666666667,32.41020833333333,74.75728155339809,37.89954337899544,-0.6393403826284114,-0.09268276856953322,-0.5466576140588781,29.905312970561482,22.374765884039068,27.214900709599142,,51.06460115163929,42.725,34.385398848360715,4872400.0,6206300.0,2.46038913061325,42.44153737070404
2026-01-15,4904,89.6,91.0,89.2,91.0,4582117.0,415041944.0,89.53999999999999,89.34,88.75,90.09333333333332,87.89000000000001,88.24333333333334,72.972972972973,73.74999999999994,0.2973857581248609,0.06107403030777576,0.23631172781708515,19.599226573375134,13.549816494584377,15.858680923561712,,90.5300059136506,88.75,86.9699940863494,3044850.4,3772964.35,1.5048742624596598,90.57864388884003
2026-01-15,4905,61.0,61.7,61.0,61.7,4000.0,244700.0,60.94,61.089999999999996,,,,,36.36363636363641,52.830188679245325,-0.5095898049558514,-0.628325127074323,0.1187353221184716,28.6326452730585,16.622223349066783,15.882206340691631,,,,,6600.0,,0.6060606060606061,61.175
2026-01-15,4906,28.2,28.25,27.55,27.9,3353058.0,93324056.0,27.48,27.215000000000003,27.540000000000003,26.8625,25.825833333333332,27.08125,59.15492957746477,49.07407407407406,0.11465164335311329,0.08772256877528095,0.026929074577832335,24.83657389092098,16.393429963469565,19.423734469920984,,28.856534525903378,27.540000000000003,26.223465474096628,4040060.8,3211447.35,0.8299523611129813,27.832520642350953
2026-01-15,4907,44.75,45.0,43.75,44.65,57000.0,2538100.0,45.19,45.985,46.535000000000004,42.615,41.405,46.818125,25.806451612903302,20.197044334975388,0.4570338261377742,1.0297430216567873,-0.5727091955190131,24.532772665319893,25.94609619443823,23.66215986452588,,51.133752691304,46.535000000000004,41.93624730869601,54600.0,92350.0,1.043956043956044,44.52807017543859
2026-01-15,4908,73.3,73.3,72.3,72.5,174000.0,12637700.0,73.46,74.86999999999999,76.985,77.83833333333332,82.95166666666665,81.70708333333333,22.950819672131075,21.47651006711405,-1.599481847420293,-0.9719309444576107,-0.6275509029626822,16.31816018520722,33.22079897388011,20.67390363211156,,82.75252250012886,76.985,71.21747749987114,252800.0,311050.0,0.6882911392405063,72.63045977011494
2026-01-15,4909,62.8,65.0,61.6,63.1,6193000.0,391577300.0,61.239999999999995,59.489999999999995,57.50750000000001,48.72166666666667,52.82083333333333,66.60333333333332,88.67924528301884,57.74647887323945,3.801184598351064,3.621739624609141,0.1794449737419228,42.99672665664751,13.274852462082295,39.20639682623157,,67.3508132526341,57.50750000000001,47.66418674736592,8438800.0,8694400.0,0.733872114518652,63.22901663168093
2026-01-15,4911,41.1,41.35,40.8,41.1,36000.0,1474700.0,41.72,41.855000000000004,43.335,,,,42.25352112676057,21.47651006711405,-1.4145026021381284,-1.3379348214827769,-0.07656778065535152,16.62102026687176,35.23888852676138,27.50188492039778,,46.75877138931752,43.335,39.91122861068248,31000.0,26650.0,1.1612903225806452,40.96388888888889
2026-01-15,4912,90.0,91.4,89.4,90.5,257397.0,23256305.0,91.02,97.55,91.475,85.85,82.52333333333334,90.71624999999999,6.2937062937062365,59.71896955503514,2.032991620256311,2.959895536497966,-0.9269039162416548,32.21647909731494,28.992746065195895,22.807892059390692,,108.66567984938935,91.475,74.28432015061064,387464.2,611765.3,0.6643116964096296,90.3518883281468
2026-01-15,4915,80.0,80.2,79.3,79.3,2016033.0,160607991.0,79.64,78.64,77.705,80.83833333333334,79.34083333333334,78.98416666666665,52.459016393442596,61.111111111111015,-0.04426368853920337,-0.5211162955507502,0.47685260701154686,19.333473286372843,17.019893072563367,16.79003525161493,,80.48725580571393,77.705,74.92274419428607,2322532.0,3041633.4,0.8680323887894763,79.6653581563397
2026-01-15,4916,62.7,65.1,62.4,62.5,14800753.0,940903146.0,61.620000000000005,59.46,58.510000000000005,52.940000000000005,56.57875,49.70458333333333,83.95061728395063,55.952380952380956,2.3856327919675238,2.0662450247895343,0.31938776717798945,34.897109777551464,7.422493020789625,50.08392123506119,,63.79270265758188,58.510000000000005,53.22729734241813,16567259.0,10581356.1,0.8933736715288871,63.571302487109946
2026-01-15,4919,57.0,57.0,54.4,55.2,4811906.0,266083093.0,54.839999999999996,54.0,52.565,54.32833333333334,58.56499999999999,68.27666666666667,51.90839694656488,59.69387755102042,0.6480750914233724,0.09530834810750809,0.5527667433158643,30.472343055362067,14.183258508374013,21.623145493226467,,56.753844835107465,52.565,48.37615516489253,4637864.6,3410079.55,1.0375261925499077,55.29681855796851
2026-01-15,4923,28.75,31.1,28.7,31.1,374000.0,11460600.0,28.610000000000003,28.294999999999998,28.47,28.861666666666668,30.272916666666667,31.703125,87.49999999999999,69.64285714285717,0.04521230946915722,-0.14334767445218263,0.18855998392133985,43.745121547317694,12.367393663452408,17.261920751317717,,29.94234149356858,28.47,26.997658506431417,114600.0,58650.0,3.263525305410122,30.64331550802139
2026-01-15,4924,11.1,11.65,11.1,11.5,127000.0,1432300.0,11.169999999999998,11.190000000000001,11.27,11.834166666666667,12.982916666666666,,59.99999999999993,41.86046511627911,-0.1632347273218162,-0.20529468895707426,0.04205996163525805,30.445856340528284,13.23520261790973,23.04049095815774,,11.698461138691279,11.27,10.84153886130872,63000.0,52650.0,2.015873015873016,11.277952755905511
2026-01-15,4927,37.25,38.8,36.95,37.8,14952045.0,567669635.0,37.85,36.475,34.8375,26.739166666666666,26.302500000000002,27.475624999999997,51.851851851851755,62.0,2.8773828292095587,2.881335733196666,-0.003952903987107348,37.52712524607229,13.404553269973201,48.70879884298105,,40.11235345269093,34.8375,29.56264654730906,21899143.4,25952901.65,0.6827684867345086,37.96601969830883
2026-01-15,4930,22.6,23.0,22.55,22.6,98148.0,2233891.0,22.18,22.125,22.092499999999998,22.158333333333335,22.732083333333332,24.475,72.00000000000009,66.6666666666668,0.05985647897277957,0.006401115735060095,0.053455363237719475,33.0623777917817,18.764253888315107,20.269570199477744,,22.483551214844333,22.092499999999998,21.701448785155662,80150.4,44136.3,1.2245478500419213,22.760433223295433
2026-01-15,4931,155.0,157.0,152.0,153.0,2215000.0,341067000.0,157.5,166.4,172.95,155.075,150.86666666666667,118.71791666666667,16.901408450704224,27.350427350427353,-1.9522810962920971,2.252419282272928,-4.204700378565025,17.41236581541425,28.691075386535424,24.72562847903032,,194.49774380667188,172.95,151.4022561933281,7824000.0,3813350.0,0.2831032719836401,153.9805869074492
2026-01-15,4933,59.0,59.0,58.1,58.4,169000.0,9872300.0,58.519999999999996,58.720000000000006,58.75,59.586666666666666,61.064166666666665,68.86791666666666,34.285714285714235,48.571428571428555,-0.1330113706138718,-0.13392138176988835,0.0009100111560165491,18.04794541707363,16.624282572888088,7.064137972205678,,59.59230260845292,58.75,57.90769739154708,127600.0,111000.0,1.3244514106583072,58.415976331360945
2026-01-15,4934,15.15,15.15,14.5,14.85,1482011.0,21825926.0,14.629999999999999,14.39,14.2125,13.84,13.084166666666667,12.410958333333333,53.658536585365866,57.44680851063829,0.298064610394448,0.2290758809683736,0.06898872942607437,28.4330055691127,15.027953478300862,24.953829333409907,,15.132954693130534,14.2125,13.292045306869467,1382858.8,1187712.35,1.0717008851518317,14.72723616761279
2026-01-15,4935,40.65,40.95,40.6,40.6,79454.0,3236567.0,40.54,40.46,40.7025,41.468333333333334,42.36875,44.59916666666667,60.0,42.8571428571429,-0.23851959773290332,-0.28503335774888966,0.04651376001598634,32.699842129063796,16.92323734742621,17.463466844250206,,41.36222482302066,40.7025,40.04277517697934,60858.6,55902.95,1.3055508999549776,40.735104588818686
2026-01-15,4938,71.5,71.5,70.5,71.3,6045140.0,429800037.0,70.62,69.97,69.535,71.50500000000001,72.34083333333334,78.71291666666666,66.03773584905665,62.33766233766228,0.04974871673427117,-0.3096407666788353,0.35938948341310645,19.12711031657966,17.751119515292878,17.896386220309903,,71.4459380446592,69.535,67.62406195534079,7321790.6,11972615.05,0.8256368326075865,71.09844221970046
2026-01-15,4939,37.1,40.3,36.95,40.3,15089000.0,589568500.0,37.08,37.225,37.3775,31.914166666666667,,,72.41379310344828,54.99999999999999,0.8729117801859516,1.1153087119344425,-0.24239693174849086,29.261852073344528,12.18193586173581,42.402318763216286,,40.05085291150763,37.3775,34.70414708849236,5945600.0,7233100.0,2.537843110871905,39.07273510504341
2026-01-15,4942,38.9,38.95,38.7,38.9,97706.0,3794993.0,38.94,39.205,39.1825,38.92999999999999,37.67666666666667,38.605000000000004,27.90697674418604,48.27586206896554,0.057600682474721054,0.15576793019929563,-0.09816724772457458,19.553975172957482,31.94353558215427,16.066292298494012,,39.950460388232656,39.1825,38.41453961176734,275145.2,159415.8,0.35510704893270895,38.8409411909197
2026-01-15,4943,12.7,12.7,12.0,12.35,24515.0,297490.0,12.349999999999998,12.55,12.5925,13.320833333333333,,,40.0,49.019607843137244,-0.32667812790825934,-0.32227356855981704,-0.004404559348442305,21.504339051701514,19.75008846170491,12.012824829032652,,13.256043121201005,12.5925,11.928956878798994,23067.6,25334.65,1.0627460160571538,12.13501937589231
2026-01-15,4946,109.5,109.5,105.0,105.5,67000.0,7152000.0,104.3,103.65,103.36500000000001,108.02666666666667,120.70916666666666,129.56270833333332,55.55555555555556,53.94736842105261,-0.20133483333165714,-0.7624785063158692,0.5611436729842121,26.93028575072603,9.671059187335644,26.870004482944097,,109.44214441251222,103.36500000000001,97.2878555874878,54200.0,42000.0,1.2361623616236161,106.74626865671642
2026-01-15,4949,40.45,40.45,39.35,40.0,445891.0,17760373.0,38.83,38.005,38.035,37.825833333333335,40.219166666666666,41.51083333333333,73.95833333333331,58.02469135802468,0.2490570131786214,-0.038988166978782615,0.288045180157404,31.111270220929875,16.372739607512514,13.703752692560702,,40.409890579196606,38.035,35.66010942080339,598574.2,475588.6,0.7449218492878578,39.83119865617382
2026-01-15,4950,19.95,20.3,19.5,20.2,52000.0,1038500.0,19.02,18.305,18.229999999999997,17.301666666666666,14.10125,13.663874999999999,100.0,72.9411764705882,0.26068578884823523,0.05848026141429991,0.20220552743393533,27.45591899579266,19.054198183098936,16.57843607652199,,19.631653159289662,18.229999999999997,16.82834684071033,51200.0,32750.0,1.015625,19.971153846153847
2026-01-15,4951,66.5,66.8,65.1,65.8,58000.0,3811700.0,64.89999999999999,64.64,65.35,67.52,71.24500000000002,69.189375,71.05263157894731,45.55555555555558,-0.6042714493701311,-0.7790628187344248,0.17479136936429374,23.65433503881199,15.558323128588237,15.070078717698193,,67.61970900059131,65.35,63.080290999408675,99400.0,77150.0,0.5835010060362174,65.71896551724137
2026-01-15,4952,37.1,37.1,36.4,36.55,103442.0,3785221.0,36.449999999999996,36.160000000000004,35.8275,36.635,38.57208333333333,41.670833333333334,45.07042253521125,57.534246575342415,0.10230882638916228,-0.07103262071439129,0.17334144710355356,25.03101006631968,18.43180018417844,13.074414326310404,,37.16303655687134,35.8275,34.49196344312866,119010.2,128035.6,0.8691860025443198,36.59268962317047
2026-01-15,4953,136.5,138.0,135.0,137.0,553000.0,75538500.0,136.5,132.85,127.8,125.51666666666667,117.33833333333334,110.305,88.88888888888889,86.04651162790698,3.1889800023473356,1.8914015193934723,1.2975784829538632,30.576587722423742,12.154591417383584,27.932115095142635,,140.4798638544901,127.8,115.12013614550989,743000.0,510500.0,0.7442799461641992,136.59764918625677
2026-01-15,4956,21.0,21.0,20.45,20.75,619736.0,12787478.0,20.55,20.695,21.107499999999998,20.035000000000004,20.8625,23.676875,44.827586206896555,39.639639639639675,0.029236881241750723,0.1573801952319258,-0.1281433139901751,22.104250022459148,17.168671066164414,25.445976479498636,,22.47604705897443,21.107499999999998,19.738952941025566,807947.8,1429980.4,0.7670495544390368,20.633750500212994
2026-01-15,4958,169.0,174.0,163.0,167.5,26861720.0,4531901681.0,160.6,152.1,147.125,149.25,154.00833333333333,131.38,79.6875,73.40425531914893,4.5958118172300715,1.4341890793097456,3.161622737920326,37.86072578250635,15.651778047066884,18.647826190661135,,166.06222316108222,147.125,128.18777683891778,26754137.2,13288670.9,1.0040211649957451,168.71226715936285
2026-01-15,4960,14.1,14.45,14.05,14.15,1637112.0,23198227.0,13.8,13.705000000000002,13.614999999999998,13.550833333333333,13.892083333333336,13.657708333333334,58.06451612903225,60.0,0.09449203769621661,0.03765037590290156,0.056841661793315054,34.46590659297477,11.76576401596688,34.53735116630881,,14.11668138347577,13.614999999999998,13.113318616524227,2431753.6,1620583.8,0.6732228133639855,14.170213766681815
2026-01-15,4961,150.0,152.5,148.0,149.0,1240222.0,185508718.0,148.1,146.35,145.675,144.51666666666668,159.64583333333334,185.23125,37.5,54.54545454545455,1.552757592215272,0.9127262539062836,0.6400313383089885,26.467919813287967,18.17039555381213,17.345419483341253,,153.2857610795785,145.675,138.06423892042153,1024077.8,1561996.15,1.2110622845256482,149.57702572603938
2026-01-15,4966,588.0,596.0,573.0,583.0,1429000.0,832066000.0,605.6,599.5,584.5,638.1333333333333,691.1583333333333,644.8770833333333,24.242424242424235,55.4140127388535,-4.87207216608499,-8.831492849375797,3.9594206832908068,23.608937344269783,27.0057522983972,31.233227317676526,,629.771113132006,584.5,539.228886867994,1509600.0,1361350.0,0.9466083730789613,582.2715185444366
2026-01-15,4967,194.0,197.0,193.0,196.5,1560551.0,305661280.0,198.1,199.2,178.1,149.275,116.47166666666665,99.53666666666666,41.81818181818182,72.36842105263156,15.871767168322805,15.670474035074118,0.20129313324868647,33.70641547646381,14.395884652079282,44.149712628976964,,227.45009198519716,178.1,128.74990801480283,10876400.0,24626510.25,0.14348047147953366,195.86753653036652
2026-01-15,4968,126.5,127.0,124.0,124.5,683762.0,85447310.0,124.9,124.9,126.55,136.44166666666666,141.05,145.58125,38.70967741935485,42.30769230769231,-2.7406761164749156,-3.0830628425731526,0.34238672609823695,15.511393881432179,26.948450933246278,22.269211274113935,,131.44790503012996,126.55,121.65209496987003,895986.6,706691.6,0.763138645153845,124.96645031458314
2026-01-15,4971,290.5,303.5,286.0,302.0,3228000.0,950507500.0,297.8,298.65,298.15,222.95,191.25,165.25666666666666,55.26315789473684,53.27102803738317,15.58567536622553,20.413287352325494,-4.827611986099964,23.881176536114342,16.167305133012942,42.31286158727628,,313.28135468941065,298.15,283.0186453105893,4788800.0,4259850.0,0.6740728366187771,294.4570941759603
2026-01-15,4972,18.05,18.05,18.0,18.05,15000.0,270350.0,18.04,17.94,18.095000000000002,18.145,17.939166666666665,19.639166666666664,60.0,43.75000000000004,-0.06001305925219924,-0.06114663175561754,0.0011335725034182995,20.216120920279987,24.404458998461784,27.583374852127644,,18.546780104870543,18.095000000000002,17.643219895129462,21400.0,22950.0,0.7009345794392523,18.023333333333333
2026-01-15,4973,48.0,49.4,46.7,48.2,4813000.0,230904900.0,48.91,45.56,41.36,37.69416666666667,32.56583333333334,30.94625,77.70270270270277,80.83832335329349,3.5672162223769774,2.6485894806860033,0.9186267416909741,35.66802926735775,8.916006934983361,50.428820429583,,52.09923451158106,41.36,30.62076548841894,14126200.0,7079100.0,0.3407144171822571,47.97525451901101
2026-01-15,4974,70.4,70.6,70.0,70.2,99000.0,6955500.0,69.66,69.75,70.16499999999999,71.20166666666667,76.96666666666667,86.84125,48.93617021276602,46.153846153846196,-0.3279525710135829,-0.39343704776161553,0.06548447674803265,18.18485322433742,22.88193573599709,11.820348906121684,,71.72134524651268,70.16499999999999,68.6086547534873,139000.0,134400.0,0.7122302158273381,70.25757575757575
2026-01-15,4976,30.4,31.7,30.4,31.45,845049.0,26299606.0,30.54,30.410000000000004,30.314999999999998,31.535,34.735416666666666,32.54833333333333,67.14285714285711,60.93749999999999,-0.1565411824576195,-0.3408868397589866,0.1843456573013671,29.62661438407426,12.861888548464778,26.79209018352748,,31.17590527628709,30.314999999999998,29.454094723712906,694855.8,704943.8,1.2161501710138996,31.12198937576401
2026-01-15,4977,121.5,122.0,119.5,120.0,1606025.0,193159485.0,124.0,128.65,134.025,123.26833333333335,117.185,109.04291666666667,28.57142857142857,22.58064516129032,-1.4617822291520497,1.368551922241624,-2.8303341513936737,15.18751976396937,30.919251689458772,25.573329604622856,,149.791303174474,134.025,118.25869682552603,3582571.2,6372568.8,0.44828836897924035,120.27177970455006
2026-01-15,4979,280.5,282.0,275.5,277.5,6744000.0,1876691000.0,283.8,296.65,289.075,238.96666666666667,219.425,202.84375,35.294117647058826,43.88489208633093,10.465238592111632,16.46645603575821,-6.001217443646578,21.969008509550424,23.203284158752226,32.69405791449412,,341.00235310027136,289.075,237.1476468997286,17187600.0,24303150.0,0.39237589890386093,278.27565243179123
2026-01-15,4987,81.4,81.5,81.3,81.4,213000.0,17330100.0,79.75999999999999,76.47999999999999,73.455,70.41166666666666,,,100.0,100.0,2.80165295293763,1.7590301035556386,1.0426228493819913,65.0316946290957,7.560276846356598,38.61880807585205,,81.96937793258822,73.455,64.94062206741178,436400.0,121450.0,0.4880843263061412,81.36197183098592
2026-01-15,4989,61.5,66.5,61.5,66.5,46403247.0,3025540108.0,56.65999999999999,53.765,49.4825,44.388333333333335,37.03333333333333,27.368125000000003,99.70149253731341,82.1875,4.263138705040269,2.9023816885743665,1.3607570164659029,47.52472535857126,10.307827638307664,38.091007133308196,,63.43204347489166,49.4825,35.53295652510835,27960098.8,24493681.0,1.6596238565508932,65.2010431080394
2026-01-15,4991,201.5,206.5,197.5,202.5,5956000.0,1206584000.0,213.3,215.25,214.35,180.41666666666666,167.5875,142.36625,41.803278688524586,33.87978142076503,7.726476146816651,11.481106252634461,-3.75463010581781,26.826904662520974,23.46744820207495,35.64902249834265,,246.59266542462152,214.35,182.10733457537847,6590400.0,5702100.0,0.9037387715464918,202.58294157152451
2026-01-15,4994,104.0,105.0,103.0,104.5,29219.0,3044202.0,102.6,100.4,97.825,96.69833333333334,95.93916666666665,96.93374999999999,93.33333333333333,93.5185185185185,1.9843418273810158,1.1493245347606569,0.835017292620359,36.33805583706203,10.931603873302945,26.459617404943675,,104.71874239513903,97.825,90.93125760486097,32314.0,24290.35,0.9042210806461596,104.1857010849105
2026-01-15,4995,42.65,42.65,42.0,42.0,27000.0,1139500.0,41.959999999999994,41.35,41.059999999999995,41.82,44.76291666666667,,61.0,56.66666666666666,0.13757154833476903,-0.0597567010404823,0.19732824937525134,31.574774626778552,13.001233537035883,30.367644845998228,,42.27378052297023,41.059999999999995,39.84621947702976,50200.0,34700.0,0.5378486055776892,42.2037037037037
2026-01-15,4999,24.05,24.1,23.7,23.95,54949.0,1311618.0,23.85,23.39,23.3075,24.075,25.157083333333333,26.313750000000002,75.55555555555551,61.29032258064513,0.02937980974988008,-0.12231745646597499,0.15169726621585505,35.156767375663996,17.912967472713675,32.3148829106994,,24.104385384347356,23.3075,22.510614615652646,57365.4,52693.85,0.957877047837198,23.869733753116527
2026-01-15,5007,55.2,55.8,55.2,55.7,18078.0,1006100.0,55.67999999999999,55.61,55.7,53.870000000000005,53.05333333333333,53.34916666666666,55.55555555555564,54.545454545454604,0.2654457701721853,0.3849861028727346,-0.11954033270054931,22.22217535747614,26.58943140764429,31.05375214768827,,56.30175182854521,55.7,55.0982481714548,17799.0,33686.7,1.015675037923479,55.65328023011395
2026-01-15,5009,33.3,33.8,32.75,33.2,4200000.0,139379500.0,33.12,32.714999999999996,32.230000000000004,32.45166666666667,34.392500000000005,38.73166666666666,42.42424242424238,64.04494382022477,0.35084870973542337,0.18590476201036515,0.16494394772505822,26.56274165914875,13.06778377469327,23.291834879765876,,33.82023334931334,32.230000000000004,30.63976665068667,2922600.0,2547250.0,1.437076575651817,33.18559523809524
2026-01-15,5011,13.5,13.5,12.7,13.5,4291000.0,57014350.0,11.52,10.85,10.5075,10.600833333333334,11.380833333333333,13.810208333333332,85.7142857142857,83.46456692913387,0.38992225398173197,0.05976176921990881,0.33016048476182314,63.9981088015808,12.125770549813746,29.31157047489553,,12.307241209467122,10.5075,8.707758790532878,1363200.0,509800.0,3.1477406103286385,13.286961081333022
2026-01-15,5013,30.45,31.0,30.25,30.5,41000.0,1253050.0,29.93,,,,,,100.0,100.0,0.3369398783940518,0.0990316089518871,0.2379082694421647,47.92108502183246,8.995345056375282,32.14314049126005,,,,,31400.0,,1.305732484076433,30.56219512195122
2026-01-15,5014,11.4,12.2,11.4,11.7,1555000.0,18431300.0,11.34,10.91,10.495000000000001,10.433166666666667,10.3605,11.828791666666667,76.92307692307688,82.35294117647055,0.32620757532334466,0.1771037155802409,0.14910385974310375,53.50894490523106,8.80131066829118,34.507977010473184,,11.70369655762776,10.495000000000001,9.286303442372242,700000.0,510650.0,2.2214285714285715,11.852926045016078
2026-01-15,5015,28.25,28.35,27.8,27.8,31000.0,870050.0,27.82,27.785000000000004,27.865000000000002,,,,41.02564102564107,51.56250000000002,-0.05550372187100905,-0.08373453680626054,0.028230814935251494,32.509462668189585,23.298545007835763,21.55947325353395,,28.496706127546112,27.865000000000002,27.233293872453892,29000.0,33350.0,1.0689655172413792,28.066129032258065
2026-01-15,5016,,,,,,,,,,,,,50.0,62.0689655172414,0.12691822273103526,0.09218683675545336,0.0347313859755819,37.44676911550686,21.13629494887792,32.89728108479706,,,,,,,,
2026-01-15,5201,46.05,46.05,44.8,45.25,120000.0,5409750.0,45.31,44.71,45.7575,44.50750000000001,42.59624999999999,41.677708333333335,83.67346938775513,44.15584415584417,-0.0863195057336199,-0.008601808849711597,-0.07771769688390831,26.904439929640795,20.773010369449953,17.21932362998601,,48.80126411700983,45.7575,42.71373588299017,122000.0,266700.0,0.9836065573770492,45.08125
2026-01-15,5202,16.45,16.45,16.25,16.35,121000.0,1978050.0,16.14,16.055,16.25,16.965,18.696666666666665,21.372708333333332,55.882352941176585,46.26865671641791,-0.19736283345946504,-0.25695680485059885,0.059593971391133815,18.293973878671785,17.391581306142314,10.258923545606391,,16.82399798275729,16.25,15.676002017242709,251200.0,195600.0,0.48168789808917195,16.347520661157024
2026-01-15,5203,89.6,89.6,88.4,88.5,83126.0,7369591.0,88.42,88.03,88.77000000000001,94.39166666666667,96.09333333333333,102.31916666666666,53.333333333333314,49.494949494949516,-1.5040218424800997,-1.8718342137995165,0.3678123713194168,17.40499286331779,26.095335163724343,31.714831869218955,,91.08434883418825,88.77000000000001,86.45565116581177,122049.2,181299.05,0.6810859882735815,88.65566730024301
2026-01-15,5205,30.45,30.45,30.45,30.45,1000.0,30450.0,31.22,,,,,,27.941176470588275,51.707317073170714,-0.06580899090363346,-0.1495694503817296,0.08376045947809616,18.94228424605795,26.720601379845103,19.69924845051628,,,,,2800.0,,0.35714285714285715,30.45
2026-01-15,5206,31.55,31.6,31.4,31.45,24000.0,756400.0,31.830000000000002,32.410000000000004,32.440000000000005,32.454166666666666,34.05291666666667,,0.0,32.142857142857125,-0.06695323938250652,0.10657062889969433,-0.17352386828220084,26.711180438602884,38.37190023433307,27.241581753964635,,34.29432637790506,32.440000000000005,30.585673622094955,55400.0,83300.0,0.4332129963898917,31.516666666666666
2026-01-15,5209,179.0,179.0,178.0,179.0,19000.0,3393000.0,178.5,174.05,170.75,170.21666666666667,161.80416666666667,152.26666666666668,93.75,79.41176470588235,2.798467988999846,1.5336399870189972,1.2648280019808489,34.515171590666085,9.984738097257692,27.428424199820682,,180.39910685804082,170.75,161.10089314195918,105400.0,49800.0,0.18026565464895636,178.57894736842104
2026-01-15,5210,22.1,22.1,21.85,21.85,65000.0,1431850.0,22.21,22.35,22.5475,22.689166666666665,24.726666666666667,25.372083333333332,24.000000000000057,35.78947368421056,-0.21355246132484496,-0.14036599254796572,-0.07318646877687923,26.086836225597626,22.000468789307163,23.65593583522817,,23.27041442312382,22.5475,21.824585576876178,93800.0,130500.0,0.6929637526652452,22.02846153846154
2026-01-15,5211,26.85,27.15,26.8,26.8,20000.0,539750.0,26.7,26.835,,,,,50.0,48.717948717948744,-0.050545145472181474,-0.04504513610834851,-0.005500009363832964,32.97025005271003,19.78175782675981,15.937082548555535,,,,,25200.0,,0.7936507936507936,26.9875
2026-01-15,5212,56.0,56.0,54.9,54.9,10000.0,555800.0,54.67999999999999,53.779999999999994,53.165,51.541666666666664,,,63.793103448275865,59.459459459459474,0.6752583855193848,0.45821545797353563,0.21704292754584914,34.689397793623165,20.234132333514623,23.64751677353469,,55.38099448982737,53.165,50.949005510172626,34400.0,20550.0,0.29069767441860467,55.58
2026-01-15,5213,25.55,25.7,25.35,25.7,627000.0,16006900.0,25.839999999999996,24.880000000000003,24.5975,24.177500000000002,25.054583333333333,28.46583333333333,79.74683544303795,61.53846153846153,0.4497097327249939,0.2664660847201143,0.18324364800487963,37.24767094757789,19.825279135894757,24.52891357301811,,26.39968434713315,24.5975,22.79531565286685,1130200.0,629100.0,0.5547690674216953,25.52934609250399
2026-01-15,5215,37.0,37.0,36.25,36.75,52118.0,1915054.0,35.98,35.495000000000005,35.239999999999995,36.125833333333325,35.707499999999996,37.99208333333333,85.71428571428568,77.19298245614021,0.0709776989304558,-0.18782665398091228,0.25880435291136805,31.25460393250399,18.469647169144324,21.931248716997803,,36.47143049037698,35.239999999999995,34.00856950962301,59793.8,37033.85,0.8716288310828213,36.74457960781304
2026-01-15,5220,17.4,17.6,17.4,17.6,34000.0,595950.0,17.39,17.705,17.580000000000002,17.90333333333333,,,32.14285714285721,51.376146788990845,-0.06457526688953408,-0.06911681127968682,0.004541544390152738,31.716044903567912,15.746901510762928,23.487150141065612,,18.59276068768854,17.580000000000002,16.567239312311465,64400.0,111950.0,0.5279503105590062,17.527941176470588
2026-01-15,5222,135.5,138.0,134.5,137.0,517710.0,70724386.0,133.8,132.1,132.275,132.61666666666667,136.25833333333333,126.23208333333334,83.33333333333334,55.319148936170215,0.727127673410024,0.1078492375300553,0.6192784358799688,26.768931627750618,17.157918067909858,12.607071301415225,,138.60350693291815,132.275,125.94649306708186,616183.8,529818.5,0.8401876193434491,136.610044233258
2026-01-15,5223,28.9,29.3,28.9,29.2,22000.0,640350.0,29.22,28.71,28.68,,,,69.66292134831463,57.36434108527132,0.3003163506178872,0.22554751726127198,0.07476883335661522,31.271164875986084,13.897037430203794,25.754116492383815,,30.01392969119535,28.68,27.34607030880465,120800.0,64450.0,0.18211920529801323,29.10681818181818
2026-01-15,5225,108.0,108.0,106.5,107.5,314255.0,33729104.0,104.0,101.86999999999999,101.07000000000001,103.72666666666666,105.40166666666666,105.12375,100.0,74.19354838709683,0.618968074885629,-0.40204710940472843,1.0210151842903574,36.64636704120442,17.30321255231845,20.55447985795222,,106.08958270440445,101.07000000000001,96.05041729559557,524039.4,303388.05,0.5996781921359348,107.33036546753432
2026-01-15,5227,26.7,26.7,26.05,26.15,166000.0,4362400.0,26.85,25.785000000000004,25.565,26.7575,28.288333333333334,29.691875,71.27659574468083,54.96183206106869,0.06694339219956547,-0.19752677271940558,0.264470164918971,33.46406432564967,20.161425258515532,19.06738567777215,,27.595841153185898,25.565,23.534158846814105,495800.0,223950.0,0.3348124243646632,26.279518072289157
2026-01-15,5228,30.8,30.85,28.3,29.0,4481000.0,132794300.0,25.810000000000002,23.265,20.925,19.37666666666667,,,91.14583333333331,83.89261744966444,2.104153703694312,1.1150233271782641,0.9891303765160477,65.53261108019464,9.511151155347196,42.1987439582028,,27.566852943743655,20.925,14.283147056256349,2079400.0,731150.0,2.154948542848899,29.63496987279625
2026-01-15,5230,18.1,18.25,18.1,18.25,68000.0,1234350.0,18.07,18.025,18.325,17.555833333333332,18.192083333333333,20.320833333333333,58.6206896551724,38.66666666666667,0.01386434242160206,0.08067219349578715,-0.06680785107418509,21.598943207392455,13.104863395459457,24.488602476079205,,19.151215213458347,18.325,17.498784786541652,125400.0,130100.0,0.5422647527910686,18.15220588235294
2026-01-15,5234,365.5,366.0,359.0,365.0,558482.0,202585766.0,364.0,368.7,352.15,347.15,346.37083333333334,278.01875,54.54545454545455,60.24590163934426,7.71556110260974,6.748438574645741,0.9671225279639994,28.497106236185694,16.196849669901606,24.731537165627913,,390.94243008086653,352.15,313.3575699191334,1208931.6,1341714.9,0.4619632740181495,362.7435906618297
2026-01-15,5236,119.5,120.0,118.0,119.0,114000.0,13581500.0,118.4,115.8,114.225,122.23333333333333,125.15833333333333,130.95208333333332,72.22222222222221,65.85365853658537,0.032109428897186376,-1.2145213640413883,1.2466307929385747,24.67596228640377,19.414070770968536,22.26121361449414,,120.21160786123615,114.225,108.23839213876384,195200.0,165800.0,0.5840163934426229,119.1359649122807
2026-01-15,5243,84.9,84.9,82.3,82.7,1361753.0,113210719.0,82.6,80.57000000000001,80.01,80.74833333333332,76.1075,65.090625,56.45161290322585,53.017241379310356,0.583213792063674,-0.034821494669181226,0.6180352867328552,30.784192921139734,22.85089876288284,14.716525594546875,,84.8735702718748,80.01,75.14642972812521,3059916.4,2059360.05,0.4450294785831404,83.13601585603263
2026-01-15,5244,38.85,39.4,38.6,39.15,203608.0,7941430.0,38.510000000000005,39.29,39.8025,40.170833333333334,42.71333333333333,43.546041666666675,47.368421052631604,45.643153526970934,-0.5376895719731962,-0.35401429962009856,-0.18367527235309766,28.287728540051326,29.773173543961917,14.040175793667222,,42.66357727226909,39.8025,36.94142272773092,207447.0,476966.45,0.9814940683644497,39.003526384032064
2026-01-15,5245,27.0,27.0,26.45,26.6,122000.0,3237150.0,27.130000000000003,27.044999999999998,24.185,22.575,25.40458333333333,26.28166666666667,3.076923076923123,71.83673469387756,1.5431556750549902,1.248044891373793,0.29511078368119725,42.57432538518304,13.224054316347056,44.297776776877164,,30.485634888644128,24.185,17.88436511135587,193600.0,304200.0,0.6301652892561983,26.534016393442624
2026-01-15,5251,34.4,34.95,34.1,34.85,108000.0,3730800.0,34.5,34.865,36.1925,37.277499999999996,41.98208333333333,41.151875,50.0,21.70542635658913,-0.7667316526807184,-0.6078389814681945,-0.15889267121252393,20.8066196851177,27.124668272959468,16.53021030070905,,39.678453014751405,36.1925,32.7065469852486,136600.0,404000.0,0.7906295754026355,34.544444444444444
2026-01-15,5258,64.7,64.7,62.9,63.0,421069.0,26675527.0,63.9,63.89,67.36,68.83666666666666,71.6175,72.28208333333333,45.90163934426229,20.863309352517987,-1.916363959163661,-1.566277123034319,-0.3500868361293419,25.72810214401406,31.17629824282645,22.41248647974985,,75.38165490210332,67.36,59.33834509789668,445564.2,324485.9,0.9450243085059347,63.35191381935027
2026-01-15,5263,124.5,130.0,122.0,125.0,1563000.0,197321500.0,120.9,117.55,105.955,97.04,93.18083333333333,99.97833333333332,78.57142857142857,80.95238095238096,7.685713564199574,5.8648636783202885,1.8208498858792854,45.416668597134134,5.897533963942362,50.08632494591659,,130.90560172251966,105.955,81.00439827748033,1281800.0,709750.0,1.2193789982836636,126.24536148432502
2026-01-15,5269,1330.0,1400.0,1320.0,1335.0,2588406.0,3512596070.0,1352.0,1288.0,1231.75,1284.0,1473.6666666666667,1678.2916666666667,54.83870967741936,66.3716814159292,27.873727652447087,7.566929876246593,20.306797776200494,34.1603319105062,18.91971077149884,21.898969725818144,,1396.235641670602,1231.75,1067.264358329398,3245943.8,1479833.9,0.7974278544194142,1357.049887073357
2026-01-15,5272,21.7,21.7,20.45,20.85,798000.0,16821500.0,20.28,20.19,20.330000000000002,19.687500000000004,20.646666666666665,21.78875,65.625,51.57894736842107,0.20812061163894313,0.19169744192826027,0.01642316971068286,37.8766919580518,12.761602508180022,30.484516077395835,,21.568165025987312,20.330000000000002,19.09183497401269,399800.0,280650.0,1.9959979989994998,21.079573934837093
2026-01-15,5274,8495.0,8890.0,8330.0,8755.0,457000.0,3954875000.0,8113.0,7715.5,7310.5,6496.833333333333,5750.458333333333,4891.4375,96.61016949152543,82.90155440414507,444.53447655576383,330.2670912271264,114.26738532863743,37.1976072670926,4.821833479153204,50.08366950774129,,8490.713629190206,7310.5,6130.286370809794,343400.0,325350.0,1.3308095515433895,8653.993435448578
2026-01-15,5276,16.0,16.0,15.8,16.0,9000.0,143600.0,16.13,,,,,,16.66666666666687,68.18181818181817,0.3435674590807949,0.25244519477654737,0.09112226430424752,19.610770793500205,21.166435801383685,19.613935843823644,,,,,11400.0,,0.7894736842105263,15.955555555555556
2026-01-15,5278,30.35,30.35,30.0,30.1,121000.0,3642300.0,30.18,30.25,30.2275,30.883333333333333,34.288333333333334,33.406666666666666,55.55555555555564,48.351648351648365,-0.08874044593313712,-0.10477627924429676,0.01603583331115964,27.988314398239904,18.028545209820752,18.07636398002499,,31.05560817998681,30.2275,29.39939182001319,220400.0,175000.0,0.5490018148820327,30.101652892561983
2026-01-15,5283,60.5,60.7,60.1,60.7,75688.0,4572673.0,60.0,59.879999999999995,60.6,62.71333333333334,67.11916666666667,78.09958333333334,61.11111111111112,46.42857142857145,-0.6569727589908823,-0.7458530390820323,0.08888028009115001,24.54754943607518,24.90367654091931,12.877885627775239,,62.366352173269036,60.6,58.83364782673097,90949.8,98206.65,0.832195342925438,60.4147685234119
2026-01-15,5284,273.0,273.0,269.0,270.0,537858.0,145410803.0,272.3,276.0,280.975,287.8666666666667,271.2875,218.95208333333332,43.18181818181817,32.38095238095238,-5.631695992517336,-4.438127968604329,-1.1935680239130075,19.13092150990247,22.637980871839662,10.32336958582758,,295.3624031159519,280.975,266.58759688404814,1003312.8,1078325.2,0.5360820673273579,270.3516597317508
2026-01-15,5285,51.1,51.2,50.3,50.8,198405.0,10043620.0,50.25,50.315000000000005,49.802499999999995,51.193333333333335,49.55166666666666,48.733958333333334,44.82758620689648,67.40740740740736,-0.014113355061539323,-0.17547544343715282,0.1613620883756135,20.819127198689134,22.6876802877069,10.695079380674844,,51.37545397597065,49.802499999999995,48.22954602402934,178980.6,206189.95,1.108527963365862,50.62180892618633
2026-01-15,5287,168.5,169.0,168.5,169.0,19000.0,3206500.0,168.5,168.85,169.375,171.9,174.93333333333334,,54.54545454545455,44.444444444444436,-0.7850652454647786,-0.8705225806008503,0.08545733513607168,20.849242631021134,22.88489243749622,20.484033716307184,,171.11840863948552,169.375,167.63159136051448,65800.0,48750.0,0.2887537993920973,168.76315789473685
2026-01-15,5288,154.0,161.0,153.0,160.0,647542.0,101923499.0,152.0,150.05,140.725,134.06666666666666,128.75,143.66041666666666,68.18181818181819,83.51648351648352,5.893756104819602,4.194723367058848,1.6990327377607537,45.67687251589758,10.063945706937655,40.21458500832529,,161.42708481746345,140.725,120.02291518253654,339259.4,261655.6,1.9086928763064486,157.4005994977932
2026-01-15,5289,641.0,663.0,633.0,644.0,2823000.0,1830112000.0,636.0,629.3,570.9,505.01666666666665,400.5416666666667,336.7916666666667,41.791044776119406,80.0,42.61345103519068,36.87407717013029,5.7393738650603865,32.56892710140708,14.83499341435562,34.36113384555158,,699.1298922371769,570.9,442.670107762823,3556000.0,4075750.0,0.7938695163104612,648.2862203329792
2026-01-15,5291,41.2,41.9,39.5,40.25,1633000.0,66227600.0,39.980000000000004,36.195,31.690000000000005,28.013333333333335,26.3825,25.941874999999996,76.9633507853403,85.5614973262032,3.507808954240325,2.312466091847795,1.19534286239253,48.50669967233029,7.362975534264537,52.48294069229242,,42.856095298291436,31.690000000000005,20.523904701708574,3310400.0,1272850.0,0.4932938617689705,40.555786895284754
2026-01-15,5292,191.0,193.0,183.5,189.0,827162.0,155859222.0,182.9,177.95,165.3,152.66666666666666,155.01666666666668,153.125,71.69811320754717,83.87096774193549,9.826229719255991,7.5308364602585565,2.295393258997435,43.54247316660739,9.068431489377897,39.381179088661355,,196.48096585385048,165.3,134.11903414614954,550799.4,505666.2,1.501748186363311,188.42647752193645
2026-01-15,5299,72.4,72.4,71.3,71.5,81000.0,5803900.0,71.32000000000001,71.05,71.135,73.05166666666666,73.17166666666667,77.42083333333333,52.50000000000003,51.57894736842104,-0.2084978309109573,-0.38466706019050206,0.17616922927954476,26.833361038626418,20.896185882584405,8.935105988861936,,72.33372739537567,71.135,69.93627260462434,63800.0,56900.0,1.2695924764890283,71.65308641975308
2026-01-15,5301,11.7,12.4,11.7,12.4,2000.0,24100.0,,,,,,,100.0,38.709677419354854,0.23547969092846266,0.14804493920348297,0.08743475172497969,22.33955541654339,28.527777671901568,17.953679310568464,,,,,,,,12.05
2026-01-15,5302,12.4,12.4,11.4,11.65,1917000.0,22453500.0,11.99,10.762,9.895,9.2105,9.099833333333333,8.716333333333333,80.10610079575596,77.7777777777778,0.7841237290999583,0.47798470427242906,0.30613902482752925,46.17855396315887,13.820037524260224,46.49391271825749,,12.485155451542989,9.895,7.304844548457011,3812000.0,1178150.0,0.5028856243441763,11.71283255086072
2026-01-15,5306,92.5,92.6,91.2,91.7,92152.0,8458687.0,90.56,89.65,89.005,89.77166666666668,90.74916666666667,97.73499999999999,75.00000000000006,68.85245901639347,0.34969637763254013,-0.06386068470392671,0.41355706233646683,32.74850335262962,16.744566253219258,15.814043226627751,,92.0042806155156,89.005,86.0057193844844,126785.4,97744.2,0.7268344777868746,91.79059597187256
2026-01-15,5309,65.9,66.5,64.7,65.7,4154000.0,272231700.0,65.44000000000001,65.77000000000001,67.435,63.06833333333334,60.73791666666666,50.00833333333333,50.81967213114761,34.814814814814795,0.1667805221576799,0.7629099843696918,-0.5961294622120119,17.896901299786848,17.158654492977767,18.050117952691988,,71.96619015387066,67.435,62.90380984612934,7021800.0,15198600.0,0.5915862029679,65.53483389504092
2026-01-15,5310,26.55,27.0,26.45,26.55,14000.0,372000.0,26.85,,,,,,21.839080459770102,38.60759493670888,-1.2775651026489712,-1.227967271901631,-0.049597830747340144,10.962107056234652,31.12443266050097,33.684572558569265,,,,,196400.0,,0.07128309572301425,26.571428571428573
2026-01-15,5312,99.9,101.0,99.8,100.5,44000.0,4413300.0,100.4,100.21000000000001,101.105,98.75999999999999,106.34666666666666,122.51791666666668,61.29032258064517,39.13043478260871,0.17614795746446532,0.3419468604317583,-0.165798902967293,22.183448811415097,19.38431302926901,22.866820053976596,,103.8720809243831,101.105,98.33791907561691,59000.0,56300.0,0.7457627118644068,100.30227272727272
2026-01-15,5314,97.6,97.6,95.3,95.7,4419000.0,424077700.0,98.05999999999999,97.16999999999999,98.61999999999999,,,,55.978260869565226,40.909090909090914,-2.227889820228583,-2.487021193335149,0.2591313731065661,19.859212106353525,22.380187179580698,16.10395353482111,,104.16279048084553,98.61999999999999,93.07720951915445,8860200.0,5639250.0,0.49874720660933164,95.96689296220865
2026-01-15,5315,23.5,23.65,23.45,23.65,568000.0,13386100.0,23.53,23.695,24.0325,23.477500000000003,22.58625,22.366875,34.78260869565209,41.772151898734165,-0.11940405202842896,-0.036646830005647175,-0.0827572220227818,21.318525437803128,25.38768302962116,20.543839434452888,,25.005436412700263,24.0325,23.059563587299735,602400.0,673600.0,0.9428950863213812,23.56707746478873
2026-01-15,5321,31.95,31.95,31.2,31.2,102000.0,3216550.0,33.470000000000006,34.95,35.7975,37.355,38.63583333333334,42.17479166666667,8.620689655172413,16.666666666666686,-1.1979473788228958,-0.6882255159203261,-0.5097218629025697,9.48279683287497,34.89183587876361,16.658792206565998,,39.344103267476456,35.7975,32.25089673252354,171400.0,95500.0,0.5950991831971996,31.534803921568628
2026-01-15,5324,10.9,10.9,10.7,10.8,217000.0,2338750.0,10.71,10.535,10.4725,10.565,10.684583333333334,11.100583333333335,83.33333333333339,66.66666666666677,0.05687617656321109,-0.004829307891727352,0.06170548445493844,34.52992054861541,14.871875596640283,16.824229442871893,,10.816585362725338,10.4725,10.128414637274663,209400.0,219700.0,1.0362941738299905,10.777649769585253
2026-01-15,5328,24.95,25.85,24.55,25.85,46189000.0,1175124800.0,22.6,21.785,21.425,20.763333333333332,17.598333333333336,16.154375,90.16393442622953,73.86363636363639,0.6152943587049933,0.24767795960697195,0.36761639909802135,45.451934379959944,12.659612919577246,35.6662462890548,,23.86577209527106,21.425,18.984227904728943,17382800.0,9804200.0,2.6571668545918956,25.441659269523047
2026-01-15,5340,71.9,76.6,71.9,76.6,15833000.0,1197461300.0,71.24000000000001,69.02000000000001,67.195,61.04333333333333,55.723333333333336,48.810208333333335,87.719298245614,67.65578635014836,2.4858472166615115,2.058506329562026,0.4273408870994855,38.87995452959831,18.21597954770092,27.725146713705854,,76.23909664977826,67.195,58.150903350221725,9185400.0,8278800.0,1.7237137195984933,75.6307269626729
2026-01-15,5344,14.7,14.8,14.55,14.55,52000.0,759900.0,14.65,14.780000000000001,14.907499999999999,14.7875,14.570416666666667,,33.33333333333337,42.85714285714287,-0.10467218576949122,-0.049845734643381955,-0.05482645112610927,28.448860641064698,20.503256357706164,21.05176757645676,,15.345527877027221,14.907499999999999,14.469472122972777,68200.0,48350.0,0.7624633431085044,14.613461538461538
2026-01-15,5345,24.05,24.8,24.0,24.8,32000.0,791550.0,24.93,24.53,24.1275,,,,63.793103448275865,63.82978723404256,0.1158407518849387,-0.015863728180718496,0.1317044800656572,30.71891330405509,21.253967134801574,14.991743950815248,,25.387188766908125,24.1275,22.867811233091878,26000.0,18850.0,1.2307692307692308,24.7359375
2026-01-15,5347,125.5,127.5,122.0,127.0,34415000.0,4313020000.0,119.2,109.35,102.92999999999999,96.81166666666668,95.99916666666667,95.41458333333334,92.72727272727273,80.21739130434781,7.189212109413759,4.0640507368231145,3.125161372590645,42.01895548294469,5.47096656834805,39.6313571589377,,124.61289163081587,102.92999999999999,81.24710836918412,60581800.0,28298250.0,0.5680749003826232,125.3238413482493
2026-01-15,5348,16.8,16.9,16.8,16.9,3000.0,50600.0,17.0,17.25,17.4825,17.825833333333332,18.45958333333333,,0.0,31.999999999999986,-0.1643640674406157,-0.08886577617415217,-0.07549829126646354,16.235469976956352,24.983568389690276,18.50577843716753,,18.34778060553578,17.4825,16.61721939446422,9000.0,10500.0,0.3333333333333333,16.866666666666667
2026-01-15,5351,60.9,62.5,60.6,62.0,4822000.0,297566900.0,61.04,60.79,51.839999999999996,43.913333333333334,38.3825,34.45375,56.57894736842106,83.41463414634148,5.6741080863269815,4.956347641218029,0.7177604451089525,36.68705169114939,18.342779827185566,41.72576807171447,,71.25165141162165,51.839999999999996,32.42834858837834,5347800.0,22010900.0,0.9016791951830659,61.710265450020735
2026-01-15,5353,27.45,28.25,27.25,27.65,302000.0,8413700.0,26.82,26.330000000000002,26.517500000000002,25.274166666666666,25.53625,27.085416666666667,79.03225806451607,61.62790697674418,0.41291648910953427,0.3390665410334579,0.07384994807607637,44.598294760416124,12.55073964657247,35.07157414254566,,27.675663246378768,26.517500000000002,25.359336753621236,179600.0,221100.0,1.6815144766146994,27.85993377483444
2026-01-15,5355,7.25,7.26,7.15,7.2,48000.0,345490.0,6.952,6.912999999999999,6.961999999999999,7.146833333333333,8.005833333333333,8.448500000000001,77.63157894736842,53.801169590643276,0.06611960856488608,0.03781831952165368,0.028301289043232397,33.189920669795505,21.265859473540015,19.312742467504556,,7.5450807473200765,6.961999999999999,6.378919252679921,85600.0,111000.0,0.5607476635514018,7.197708333333333
2026-01-15,5356,24.7,24.9,24.7,24.9,116000.0,2874500.0,24.79,24.835,24.86,25.015,25.112083333333334,27.063541666666666,41.666666666666565,45.45454545454537,-0.04382637934137179,-0.04736253891465352,0.0035361595732817316,22.472595739376217,16.40455239238968,15.382505476365685,,25.01078740699109,24.86,24.70921259300891,115600.0,73650.0,1.0034602076124568,24.780172413793103
2026-01-15,5364,15.2,15.25,14.4,14.5,344000.0,5100800.0,14.16,14.309999999999999,14.5975,15.249166666666667,16.71916666666667,19.527291666666663,52.941176470588246,44.0,-0.24828428474229192,-0.25654030647470216,0.008256021732410246,28.80927560301492,21.61831368415544,16.646756085584354,,15.42877992625659,14.5975,13.76622007374341,174600.0,66850.0,1.9702176403207332,14.827906976744186
2026-01-15,5371,91.0,93.7,90.4,91.8,21600000.0,1982809200.0,88.92,87.67999999999999,88.005,90.655,97.98833333333332,83.07,77.77777777777776,53.58649789029537,-0.38825025218692133,-0.9478805312053448,0.5596302790184234,28.60979376549742,13.975087025509438,16.63960855825591,,92.35373242269944,88.005,83.65626757730055,14049800.0,9742250.0,1.5373884325755527,91.79672222222223
2026-01-15,5381,27.5,29.55,26.9,29.0,19861000.0,568312350.0,26.339999999999996,25.410000000000004,25.04,24.041666666666668,24.32333333333333,22.604583333333334,87.28813559322029,76.96629213483146,0.7010807831913262,0.3563664997978083,0.34471428339351784,42.63246919369841,7.31708641500549,41.41144520071421,,27.301718024213436,25.04,22.778281975786562,6433800.0,2987200.0,3.0869781466629362,28.61448819294094
2026-01-15,5386,83.0,83.9,82.4,83.3,525000.0,43691900.0,82.58,84.71,81.64000000000001,75.59,71.2775,71.97833333333332,40.740740740740705,61.363636363636374,2.3431072093935086,2.823107866676284,-0.4800006572827753,33.93537489976743,23.360572104918997,27.290324979558687,,92.91781240452181,81.64000000000001,70.36218759547822,683400.0,2235400.0,0.7682177348551361,83.22266666666667
2026-01-15,5388,78.9,78.9,77.7,78.5,2633985.0,205702692.0,78.67999999999999,78.96000000000001,79.81500000000001,83.935,93.0975,100.90916666666666,41.53846153846162,40.60606060606062,-1.217838131539125,-1.2918054584781389,0.07396732693901398,16.992037610811614,23.941170515151057,20.029013890677945,,82.5296968426115,79.81500000000001,77.10030315738852,3888413.6,3050615.4,0.6773932176350788,78.09562013451102
2026-01-15,5392,48.5,48.5,47.15,48.3,2440000.0,116616550.0,47.269999999999996,47.654999999999994,46.8525,47.1375,45.24333333333333,39.32125,43.511450381679374,54.66237942122186,0.29966132628329234,0.2391469546011008,0.06051437168219154,24.905756331825344,16.029196445189502,19.638233945435935,,49.82048265706454,46.8525,43.88451734293546,2408200.0,3713350.0,1.0132048833153393,47.79366803278688
2026-01-15,5398,22.6,22.6,22.25,22.25,67000.0,1498650.0,22.78,23.009999999999998,24.7125,24.145,22.459166666666665,20.993958333333335,30.434782608695713,26.797385620915037,-0.9832170129698525,-0.6324067305450558,-0.3508102824247967,12.99694570098634,32.24244318760131,31.917208053208252,,28.440329197578315,24.7125,20.984670802421682,209600.0,229550.0,0.3196564885496183,22.367910447761194
2026-01-15,5403,114.5,115.0,114.0,114.0,53000.0,6067500.0,114.9,115.25,115.575,117.46666666666667,120.3875,122.72708333333334,20.0,38.46153846153846,-0.5428377311206987,-0.45068159942368724,-0.09215613169701142,16.568448199653222,32.08950148461878,31.967176582807447,,117.07148711461143,115.575,114.07851288538858,66000.0,60200.0,0.803030303030303,114.48113207547169
2026-01-15,5410,31.8,31.8,31.3,31.4,257000.0,8072050.0,31.139999999999997,30.810000000000002,30.615000000000002,31.959166666666665,32.07,31.10354166666667,71.79487179487175,64.47368421052627,0.053224090677208125,-0.13973749229376847,0.1929615829709766,31.2156129917681,10.956833928212983,23.898393004530167,,31.531572562952835,30.615000000000002,29.69842743704717,330400.0,176450.0,0.7778450363196125,31.40875486381323
2026-01-15,5425,65.4,66.3,63.8,64.8,11324000.0,735123200.0,62.11999999999999,57.239999999999995,54.705,56.15166666666667,53.70708333333333,51.40895833333333,92.4812030075188,86.11111111111109,2.0776013611653283,0.3727356863653053,1.704865674800023,45.63924537332668,10.614229483909678,27.8867968109999,,64.67030296367822,54.705,44.73969703632177,21261800.0,6509600.0,0.5325983689057371,64.9172730483928
2026-01-15,5426,20.1,20.15,19.7,20.0,490000.0,9745250.0,19.580000000000002,19.535000000000004,19.6375,20.2275,21.85625,23.804375,58.064516129032235,52.17391304347824,-0.10889346405560474,-0.1761111143185572,0.06721765026295246,24.51382578833769,16.389790526301574,10.713981556895007,,20.238267053548636,19.6375,19.036732946451362,530800.0,384600.0,0.9231348907309721,19.88826530612245
2026-01-15,5432,171.0,176.0,169.5,174.5,225000.0,39002000.0,169.8,175.15,174.05,148.85,138.06666666666666,135.04166666666666,37.254901960784316,50.0,5.611009483204697,7.969523059830146,-2.358513576625449,26.81744140764148,24.95864935666032,30.859178944397737,,187.29625071085732,174.05,160.8037492891427,250000.0,354050.0,0.9,173.34222222222223
2026-01-15,5434,325.5,332.0,319.0,330.0,1486481.0,485329529.0,313.5,307.4,301.1,307.9,302.9875,287.23541666666665,83.82352941176471,79.3103448275862,4.008761418448557,0.34519868229297296,3.6635627361555843,38.7292566598752,13.191576609582775,17.207670221154633,,321.6492988739415,301.1,280.5507011260585,1081630.4,714845.55,1.3742966174027653,326.4956154838172
2026-01-15,5438,23.45,23.45,22.6,22.9,236000.0,5390550.0,22.919999999999998,22.725,22.455,22.030833333333337,23.063333333333333,22.361458333333335,54.23728813559322,58.06451612903225,0.28706465882500254,0.24321068898907353,0.04385396983592901,22.318570552400196,16.629542598202665,22.486247302079224,,24.112487000821492,22.455,20.797512999178505,401200.0,467300.0,0.5882352941176471,22.841313559322035
2026-01-15,5439,312.0,315.0,308.0,311.5,2314000.0,720658000.0,312.4,312.35,315.575,319.73333333333335,307.87916666666666,244.30625,43.39622641509434,39.85507246376811,-3.8254113157024676,-3.247120733631794,-0.5782905820706734,19.20409670630134,21.655988377141696,7.6075018348596135,,327.34147780774106,315.575,303.8085221922589,3343000.0,3605350.0,0.6921926413401137,311.43388072601556
2026-01-15,5443,99.8,101.0,97.5,99.0,4504000.0,445064800.0,97.53999999999999,97.11999999999999,91.475,89.24000000000001,93.69,87.84833333333333,82.75862068965516,72.06896551724137,2.956001497809183,2.167467237066227,0.788534260742956,37.5679672578393,12.350689620720546,29.464448314309095,,103.3938263286524,91.475,79.5561736713476,4592400.0,3542900.0,0.9807508056789478,98.81545293072824
2026-01-15,5450,14.3,14.3,14.1,14.25,30000.0,425800.0,14.210000000000003,14.069999999999999,14.132499999999999,13.58,13.580416666666666,,66.66666666666666,56.96202531645571,0.17779479507344398,0.19818041714861795,-0.02038562207517397,32.366123273738616,16.12999003213435,35.917933270186346,,15.052611549301186,14.132499999999999,13.21238845069881,77000.0,248050.0,0.38961038961038963,14.193333333333333
2026-01-15,5452,28.85,31.7,28.25,31.7,9753000.0,303302300.0,28.85,29.275,27.192500000000003,23.855,24.326666666666664,26.454375000000002,69.84126984126985,74.4408945686901,1.6613860637450664,1.5421787399948235,0.1192073237502429,39.74808951160516,14.987803628078861,41.303621314334784,,32.391414360355945,27.192500000000003,21.99358563964406,3522200.0,3298300.0,2.7690080063596616,31.098359479134626
2026-01-15,5455,29.4,30.4,29.1,29.1,157000.0,4681850.0,29.43,,,,,,56.666666666666764,63.888888888888914,0.1448971683111253,0.054159310413119756,0.09073785789800556,31.964260884552846,14.091417890235736,38.18077475298295,,,,,53000.0,,2.9622641509433962,29.820700636942675
2026-01-15,5457,39.4,39.5,38.85,39.3,501000.0,19643600.0,39.41,40.045,40.43,42.534166666666664,43.35583333333334,43.76708333333333,34.444444444444386,41.1042944785276,-0.6718772342257537,-0.598647210304116,-0.07323002392163769,15.941016924440065,23.001775137125083,17.804428233844103,,41.91550895052979,40.43,38.94449104947021,592400.0,382750.0,0.8457123565158676,39.20878243512974
2026-01-15,5460,15.8,15.95,15.45,15.65,38000.0,593800.0,15.209999999999999,15.255,15.48,14.903333333333334,14.879999999999999,,65.21739130434781,50.0,0.037831610858052755,0.07649280342270771,-0.03866119256465496,34.9976372551074,17.033859162517835,36.801204843995755,,16.147595843700845,15.48,14.812404156299158,99200.0,103750.0,0.38306451612903225,15.626315789473685
2026-01-15,5464,26.0,26.4,25.95,26.4,32000.0,834800.0,26.32,25.830000000000002,25.3575,26.03666666666667,,,100.0,76.66666666666666,0.14306530786624094,-0.06769821575142025,0.2107635236176612,19.560847314975973,19.175426075785847,27.22509804010799,,26.891423418111675,25.3575,23.82357658188833,32000.0,38750.0,1.0,26.0875
2026-01-15,5465,30.6,30.65,29.95,30.0,254000.0,7640250.0,30.439999999999998,29.920000000000005,29.54,29.285833333333336,33.294999999999995,35.290625,58.870967741935495,51.17647058823529,0.34505419445289576,0.21486270630125356,0.1301914881516422,26.303771376895185,19.52805062003558,18.65784520143718,,31.31692815955136,29.54,27.76307184044864,579000.0,331150.0,0.4386873920552677,30.07972440944882
2026-01-15,5468,18.55,19.5,18.5,19.35,310000.0,5909450.0,18.92,18.99,18.942500000000003,19.151666666666664,,,49.09090909090914,55.78947368421054,-0.1363970525421223,-0.14695755862906842,0.010560506086946114,34.4489800621615,13.976273384382228,23.690846166479343,,19.540984929239375,18.942500000000003,18.34401507076063,253200.0,163500.0,1.2243285939968405,19.06274193548387
2026-01-15,5469,96.7,98.0,95.9,97.7,4694992.0,456925265.0,96.53999999999999,94.13,94.37,94.78500000000001,88.095,72.45541666666666,73.7864077669903,53.5135135135135,0.1384693570890505,-0.3734162702287295,0.51188562731778,23.261665708285964,17.036240227269627,13.56855009364763,,98.8043634207586,94.37,89.9356365792414,9208147.2,5686946.3,0.5098736909853049,97.3218410169815
2026-01-15,5471,33.45,33.45,32.9,33.35,186650.0,6179796.0,33.0,32.945,32.99249999999999,33.93666666666667,34.84125000000001,35.65354166666667,53.96825396825396,52.991452991453,-0.17798712423270047,-0.27316537904450533,0.09517825481180486,24.72588704120766,21.52985455486265,18.7590183520068,,33.745231866703946,32.99249999999999,32.23976813329604,358448.8,270137.0,0.5207159293042689,33.109006161264396
2026-01-15,5474,167.0,167.0,165.0,165.5,153000.0,25354500.0,163.4,161.75,159.425,162.95833333333334,169.8,167.39583333333334,72.22222222222221,67.27272727272728,0.5988338211620317,-0.4694089009824861,1.0682427221445177,26.621820385486423,13.786099916276342,11.377942212114878,,165.98063237143936,159.425,152.86936762856067,320200.0,230500.0,0.4778263585259213,165.7156862745098
2026-01-15,5475,85.0,92.6,84.7,92.6,4448000.0,405540400.0,87.36,88.92999999999999,89.215,72.91833333333334,60.74958333333334,41.224375,51.45631067961164,54.059405940594054,3.4506372762973427,4.799966569066071,-1.3493292927687284,30.37857389867001,19.962810452308847,29.655959582086208,,100.21974060528049,89.215,78.21025939471951,3803400.0,3551350.0,1.1694799390019457,91.17365107913669
2026-01-15,5478,102.0,103.0,100.5,101.0,152000.0,15440500.0,100.74,99.59,98.825,99.18666666666667,100.87583333333333,106.15166666666667,81.81818181818181,66.35514018691586,0.6357276131714542,0.2568858242358516,0.3788417889356026,37.109565508907295,14.405850530018483,17.605808188701978,,101.5471315177622,98.825,96.10286848223781,154200.0,105750.0,0.9857328145265889,101.58223684210526
2026-01-15,5481,22.85,23.0,22.75,22.85,234000.0,5359300.0,22.92,23.075,22.9975,21.316666666666666,23.54958333333333,25.839166666666667,48.52941176470591,53.012048192771076,0.30020960650575645,0.4065342578746607,-0.10632465136890423,25.38967762320204,11.595789958353999,26.241985938457585,,23.695975784155785,22.9975,22.299024215844213,582000.0,458800.0,0.4020618556701031,22.902991452991454
2026-01-15,5483,119.5,121.0,116.5,117.5,7795000.0,919031000.0,117.7,116.9,109.85,109.975,109.6225,109.75916666666667,34.14634146341464,67.77777777777777,3.6987107521710527,2.590723834853295,1.1079869173177577,32.259944820370336,13.886062603889323,30.039023845527932,,125.49103913629796,109.85,94.20896086370203,11583400.0,10101550.0,0.6729457672186059,117.90006414368185
2026-01-15,5484,40.15,40.5,39.2,40.45,324300.0,12956272.0,39.89,39.57,38.875,38.13916666666667,39.59291666666666,41.57208333333333,49.59349593495937,58.95522388059702,0.5366895019711961,0.41971494384150587,0.11697455812969026,28.288095827330036,17.302076446566776,17.86450176323601,,41.178658417660415,38.875,36.571341582339585,348068.0,281042.6,0.9317144925704173,39.95150169596053
2026-01-15,5487,30.0,30.25,29.7,30.05,22000.0,659650.0,29.77,29.655,29.4375,,,,82.14285714285717,61.45833333333332,0.04965753555378072,-0.04408336033305813,0.09374089588683884,23.988870957247972,10.223994305855413,25.204512914911405,,30.474639284152527,29.4375,28.400360715847473,87000.0,41350.0,0.25287356321839083,29.98409090909091
2026-01-15,5488,9.98,10.2,9.91,9.98,372000.0,3714520.0,9.815999999999999,9.76,9.751000000000001,9.683333333333334,9.902333333333333,10.027666666666667,68.62745098039223,59.433962264150985,0.05676897942184311,0.034063496957850624,0.02270548246399249,29.17738880883953,15.176437706784904,17.518950517625846,,9.976985560787398,9.751000000000001,9.525014439212605,349000.0,226100.0,1.0659025787965617,9.9852688172043
2026-01-15,5489,41.45,41.6,41.3,41.35,48000.0,1988800.0,41.010000000000005,40.55,40.3925,40.19583333333333,40.52791666666666,,76.31578947368433,64.47368421052637,0.24515860789942678,0.11245898853701002,0.13269961936241675,28.3444498056801,9.524501771034009,22.926380492147228,,41.31318338463229,40.3925,39.47181661536771,48200.0,43550.0,0.995850622406639,41.43333333333333
2026-01-15,5490,27.1,27.1,26.85,27.05,94000.0,2534000.0,26.85,27.105,27.272499999999997,28.08833333333333,28.68708333333333,27.352916666666665,39.13043478260871,42.25352112676055,-0.21876534022829475,-0.21166489309112715,-0.007100447137167593,12.468034381319699,23.87209185992951,21.121398083706083,,28.053508120451056,27.272499999999997,26.49149187954894,219600.0,230250.0,0.42805100182149364,26.95744680851064
2026-01-15,5493,94.5,94.7,92.8,93.5,150000.0,14045700.0,93.42,92.37,92.255,87.33999999999999,87.40916666666666,81.62166666666666,46.72897196261681,48.90829694323144,1.5613175324884878,1.5640728659431729,-0.0027553334546850383,25.635739775573768,20.883098777562363,20.063229094840633,,96.05996905029174,92.255,88.45003094970825,304000.0,285800.0,0.4934210526315789,93.638
2026-01-15,5498,60.7,66.5,60.7,66.5,6238000.0,400411700.0,57.4,54.45,48.8,33.596666666666664,27.086666666666666,19.88045833333333,92.61363636363637,80.71065989847716,7.252745706416505,6.3484931729980705,0.9042525334184344,54.72395873482696,11.44622899265928,53.97291030567602,,65.69892553420274,48.8,31.901074465797254,6067800.0,33055300.0,1.028049705000165,64.1891151009939
2026-01-15,5508,62.1,64.0,61.1,62.0,1631000.0,101960400.0,61.160000000000004,61.88000000000001,64.28,70.955,76.61083333333335,102.5025,35.416666666666686,30.496453900709213,-2.8310666567622462,-2.797992585395313,-0.0330740713669333,24.423600031176008,28.345883534702843,20.458909463595806,,70.36936951190259,64.28,58.19063048809741,998200.0,2658350.0,1.6339410939691446,62.514040465971796
2026-01-15,5511,70.0,70.9,70.0,70.2,220000.0,15465500.0,68.53999999999999,66.67999999999999,66.19500000000001,64.79,62.501666666666665,61.62833333333333,100.0,73.03370786516861,0.9914583913150068,0.4841127068327676,0.5073456844822393,41.514839062475616,17.58699061206647,19.246367287671916,,69.62887152995145,66.19500000000001,62.761128470048554,400200.0,197800.0,0.5497251374312844,70.29772727272727
2026-01-15,5512,8.04,8.06,7.95,8.02,784000.0,6273640.0,7.981999999999999,7.917999999999999,7.956500000000001,8.122833333333334,8.399666666666667,8.811583333333335,75.00000000000009,53.571428571428505,-0.01997751196477182,-0.0416319742143065,0.021654462249534677,20.558414399483027,18.435543900566387,17.79855353258426,,8.115612671101507,7.956500000000001,7.797387328898495,811800.0,812300.0,0.9657551120965755,8.002091836734694
2026-01-15,5514,16.0,16.0,15.9,15.9,8000.0,127850.0,,,,,,,16.666666666666714,25.58139534883719,-0.24788122537921708,-0.15852388502420375,-0.08935734035501333,8.986024322048191,27.061234906973485,26.827803282963504,,,,,,,,15.98125
2026-01-15,5515,34.55,35.0,33.5,33.8,1624892.0,55397101.0,36.559999999999995,37.065,36.2225,31.877499999999998,28.25791666666667,28.160625,16.43835616438352,44.21487603305783,0.9209246507595736,1.4082051743867399,-0.48728052362716623,23.34475610280521,24.710879618821338,53.71301598057051,,39.57534247043863,36.2225,32.869657529561366,2155451.4,1360895.05,0.7538523021210314,34.09278955155173
2026-01-15,5516,16.3,16.75,15.5,16.1,202000.0,3287950.0,15.61,14.685000000000002,14.3275,,,,82.27848101265825,73.21428571428574,0.42172554361969006,0.11657804245520413,0.3051475011644859,33.171089241826905,14.42013275797007,29.86317661821924,,16.285069653261058,14.3275,12.369930346738945,236600.0,129150.0,0.8537616229923922,16.276980198019803
2026-01-15,5519,32.8,32.8,32.3,32.4,293688.0,9531364.0,32.52,32.665000000000006,32.95,31.22416666666667,30.03375,31.759166666666665,36.84210526315793,34.177215189873436,0.1469149352436503,0.32607431415476756,-0.17915937891111727,30.25697578617294,22.41994624139549,28.243464022019687,,33.87736184955012,32.95,32.022638150449886,493844.8,481446.35,0.5946969574246808,32.45404647108496
2026-01-15,5520,89.5,89.6,89.5,89.6,2000.0,179100.0,89.49999999999999,89.28999999999999,89.73499999999999,91.48166666666667,,,100.0,27.586206896551573,-0.4930704057511264,-0.5943013272699318,0.10123092151880542,25.55880346278529,32.83641616872701,21.843836501691342,,91.21223069502223,89.73499999999999,88.25776930497774,3800.0,5300.0,0.5263157894736842,89.55
2026-01-15,5521,26.7,27.3,25.85,26.2,20259562.0,535809845.0,25.7,24.25,23.54,17.5575,15.015833333333335,13.594375000000001,63.855421686746986,53.191489361702125,2.077875623974645,1.9721951972979044,0.1056804266767406,43.08948685969288,17.54583801843779,44.75152427496851,,27.194499749768084,23.54,19.885500250231914,25253442.8,16680326.35,0.8022495055604854,26.44725710259679
2026-01-15,5522,71.9,72.3,70.4,70.4,943102.0,66846921.0,72.42,72.85,75.235,63.17833333333333,62.730000000000004,65.61833333333333,27.941176470588175,22.448979591836704,1.746871151442562,2.9286483742750207,-1.1817772228324586,27.5179722477289,22.364609241996604,32.52979551317409,,81.95316861009691,75.235,68.51683138990309,1360274.8,3725201.1,0.6933172620708697,70.87984226520567
2026-01-15,5523,30.1,30.25,30.1,30.25,51000.0,1538850.0,30.26,30.265000000000004,,,,,50.0,39.99999999999999,0.0209819893205605,0.0435814724041888,-0.022599483083628295,5.3408432569606115,16.102017021158037,46.678808192593564,,,,,62000.0,,0.8225806451612904,30.173529411764704
2026-01-15,5525,27.45,27.5,27.2,27.5,54375.0,1489183.0,27.46,27.7,27.9925,28.200833333333332,29.158749999999998,30.58125,39.28571428571428,28.205128205128204,-0.24677141090792887,-0.1727457406966579,-0.07402567021127096,9.272899818446337,27.02815267170071,32.95028882507095,,28.75840160148645,27.9925,27.22659839851355,84020.0,94342.15,0.6471673411092597,27.38727356321839
2026-01-15,5529,29.45,29.5,28.95,28.95,58000.0,1695500.0,29.24,28.825,28.232499999999998,26.5675,27.095833333333335,28.707083333333333,63.46153846153846,54.01459854014599,0.8953811197022681,0.8875071726402838,0.007873947061984299,40.27664516999449,14.291080225137135,38.74454466721858,,31.660906872617453,28.232499999999998,24.804093127382544,62400.0,84200.0,0.9294871794871795,29.232758620689655
2026-01-15,5530,53.0,55.0,51.1,52.0,2991000.0,157337300.0,49.21,48.35,48.025,48.95666666666666,52.7975,59.02458333333334,91.66666666666673,82.35294117647062,0.3629568220876749,-0.15643870487548145,0.5193955269631563,49.07373731593191,12.094797230921747,20.77954036159702,,50.79390630127828,48.025,45.25609369872172,987200.0,386600.0,3.0297811993517016,52.60357739886326
2026-01-15,5531,9.02,9.02,8.97,9.01,556493.0,5002548.0,9.022,9.026,9.0825,9.1045,9.251083333333334,9.661124999999998,33.33333333333432,19.04761904761925,-0.02797779416194146,-0.02067705826445499,-0.00730073589748647,14.233539339925253,13.667992660370471,11.827668789105353,,9.205596025846006,9.0825,8.959403974153993,610615.6,441476.55,0.9113638760621249,8.989417656646175
2026-01-15,5533,14.25,14.3,14.2,14.3,143161.0,2040768.0,14.26,14.290000000000001,14.355,14.493333333333334,15.182083333333335,16.664166666666667,66.66666666666666,42.85714285714296,-0.05386069948476191,-0.045708527709093935,-0.008152171775667974,11.52161221538015,18.108750160668937,21.44976899594655,,14.682510546235104,14.355,14.027489453764897,154183.2,157693.2,0.9285123152198164,14.25505549695797
2026-01-15,5534,82.9,83.7,82.9,83.2,266764.0,22224040.0,83.9,84.25,84.65,79.68499999999999,79.89333333333333,84.78166666666668,34.69387755102042,26.829268292682954,0.9949569161142762,1.5235008721709153,-0.5285439560566392,29.434420250800112,15.582189956317228,45.43190092570849,,87.49290437109121,84.65,81.8070956289088,676340.0,991330.85,0.39442292338173107,83.30974194419036
2026-01-15,5536,795.0,819.0,790.0,803.0,3412000.0,2740143000.0,795.4,794.0,784.25,740.4,742.5416666666666,576.2041666666667,50.561797752808985,60.580912863070544,14.60067953980331,14.867821392749182,-0.26714185294587267,21.162473711594423,15.187920624429305,23.93381467457632,,822.3184978205868,784.25,746.1815021794132,3749200.0,2899000.0,0.9100608129734343,803.0899765533411
2026-01-15,5538,33.2,33.4,33.2,33.3,22694.0,753923.0,33.17,32.475,31.15,,,,95.4545454545457,98.64864864864872,1.0321582777128064,0.7960188910904493,0.23613938662235712,48.82365104025203,7.177969977101344,40.19766754479468,,34.19613646582385,31.15,28.10386353417615,21988.2,26040.75,1.0320990349369206,33.22124790693575
2026-01-15,5543,33.85,33.85,31.3,32.05,41000.0,1334450.0,34.55,32.480000000000004,30.76,28.706666666666667,,,56.88888888888888,59.99999999999999,1.481714670329847,1.1942094596129644,0.2875052107168825,27.133492946403955,19.335168741783747,29.495809574859987,,35.990437236427326,30.76,25.52956276357268,153800.0,67900.0,0.2665799739921977,32.547560975609755
2026-01-15,5546,23.2,23.8,22.7,23.2,18376.0,430911.0,23.09,22.580000000000002,22.47,23.158333333333335,24.908333333333335,27.241041666666664,78.84615384615384,60.919540229885044,0.0434230388009631,-0.10817127329551023,0.15159431209647334,24.965797720645856,21.33783262870367,27.228019844592136,,23.380407658832546,22.47,21.559592341167452,45150.6,21537.9,0.40699348402900515,23.449662603395733
2026-01-15,5548,23.7,23.85,23.4,23.55,29000.0,683750.0,23.729999999999997,23.915,23.9975,,,,32.00000000000007,37.5,0.0708187598761505,0.1851681607682032,-0.1143494008920527,20.601739893385815,23.971958288873775,24.016275383958863,,24.433359707032718,23.9975,23.56164029296728,29600.0,32350.0,0.9797297297297297,23.57758620689655
2026-01-15,5601,37.4,37.4,37.4,37.4,1000.0,37400.0,,,,,,,100.0,68.96551724137935,-0.01230964002846946,-0.1618467698284963,0.14953712980002684,28.268740625369084,14.534415204980805,15.489392636995605,,,,,,,,37.4
2026-01-15,5603,18.6,18.65,18.55,18.6,77000.0,1432000.0,18.74,18.89,18.8575,18.9225,19.552916666666665,21.107916666666668,0.0,45.00000000000003,-0.06131512402563288,-0.030806985242098274,-0.03050813878353461,21.55239143828793,15.275413241150732,25.550022593900636,,19.227812812293266,18.8575,18.487187187706738,140400.0,113250.0,0.5484330484330484,18.5974025974026
2026-01-15,5604,37.8,37.8,37.3,37.35,21000.0,785300.0,,,,,,,59.09090909090927,59.09090909090902,-0.05126170933041152,-0.11790261713181877,0.06664090780140725,31.771463694744316,19.042450776479136,15.826216539838367,,,,,,,,37.39523809523809
2026-01-15,5607,50.2,50.2,49.35,49.45,408779.0,20271995.0,49.52,49.0,48.864999999999995,48.693333333333335,49.174166666666665,44.88729166666667,71.15384615384617,57.954545454545475,0.24953230728517184,0.11793034911329985,0.13160195817187198,26.480307425850764,18.009098909673497,12.286459398119568,,50.02897684910887,48.864999999999995,47.70102315089112,485336.0,329563.95,0.8422597952758502,49.59157637745579
2026-01-15,5608,17.95,18.15,17.85,17.95,1691557.0,30461180.0,17.889999999999997,17.71,17.777499999999996,17.673333333333336,17.472083333333334,17.36541666666667,47.36842105263154,53.846153846153825,-0.005179993898760671,-0.030389675672599342,0.02520968177383867,25.032380593052018,16.329434693377443,16.88745226794952,,18.30513125082033,17.777499999999996,17.24986874917966,1506871.6,1554823.35,1.1225621346901753,18.00777626766346
2026-01-15,5609,80.0,80.2,79.9,80.0,70000.0,5602700.0,80.02000000000001,79.84,79.84,79.78166666666667,79.14750000000001,78.90791666666668,37.49999999999978,52.380952380952436,0.06464797381426024,0.041788233963117066,0.022859739851143174,16.821749321606283,17.59758036930667,10.759423039237332,,80.46374083686575,79.84,79.21625916313425,93000.0,96500.0,0.7526881720430108,80.03857142857143
2026-01-15,5701,3.93,3.94,3.85,3.85,153000.0,595480.0,3.9299999999999997,3.964,4.016,4.001333333333333,,,24.999999999999943,34.84848484848489,-0.03250550450309664,-0.014688280668429329,-0.017817223834667308,19.92836597041657,20.840759092953416,20.416709746967527,,4.18211980458032,4.016,3.8498801954196797,93400.0,57000.0,1.6381156316916488,3.89202614379085
2026-01-15,5703,15.05,15.05,15.05,15.05,1000.0,15050.0,14.88,,,,,,53.33333333333338,53.33333333333338,-0.05042261267076675,-0.06053671862972427,0.010114105958957516,14.354029073217772,18.64872079576428,27.326412479481757,,,,,3400.0,,0.29411764705882354,15.05
2026-01-15,5704,26.5,26.8,26.3,26.35,43000.0,1140750.0,26.339999999999996,26.655,26.805,26.828333333333333,,,83.33333333333412,44.354838709677416,-0.14081496198458865,-0.05038007015339523,-0.09043489183119341,23.434041143801267,17.73930764241818,14.676073700248185,,28.32396779356674,26.805,25.28603220643326,17400.0,42300.0,2.471264367816092,26.52906976744186
2026-01-15,5706,50.3,50.6,50.1,50.5,157564.0,7945600.0,50.44,50.334999999999994,50.3975,51.291666666666664,53.094166666666666,56.954166666666666,61.111111111111136,50.0,-0.18223348598827727,-0.24230815710965914,0.06007467112138187,22.180642566223753,19.906694761463466,7.983414684468542,,50.959896189256526,50.3975,49.835103810743476,144730.8,108557.0,1.0886694470009148,50.427762686908174
2026-01-15,5864,18.4,18.4,17.85,18.05,3545000.0,64007650.0,17.990000000000002,17.125,15.8275,15.488333333333333,14.506666666666666,14.345208333333336,81.25000000000001,89.88764044943822,0.8771757508449873,0.5435801756368233,0.3335955752081641,46.692850461702605,11.382091820121708,41.90090392476413,,18.931567789547397,15.8275,12.723432210452604,3584200.0,1994300.0,0.9890631103175046,18.055754583921015
2026-01-15,5871,105.5,106.5,104.0,104.5,6202954.0,649560732.0,104.8,104.75,106.575,103.925,109.54583333333333,115.47625,45.45454545454546,28.57142857142857,0.06020574800220402,0.38918396916824705,-0.32897822116604303,20.917576843886803,17.359399133542176,16.020727819686613,,112.00663249667862,106.575,101.14336750332139,6660374.8,12926105.55,0.9313220631367473,104.71796695574399
2026-01-15,5876,39.65,39.85,39.55,39.85,5588218.0,221791053.0,39.989999999999995,40.285000000000004,40.515,39.995,41.173750000000005,43.3325,37.50000000000006,35.08771929824553,-0.04797891400266252,0.09041061730544686,-0.13838953130810938,15.714061242323748,23.157625075071653,18.750001602287583,,41.44185092198279,40.515,39.58814907801721,8133610.2,11173039.45,0.6870525956604117,39.6890481008436
2026-01-15,5878,41.2,41.3,41.2,41.3,3000.0,123800.0,,,,,,,28.57142857142742,31.249999999999503,-0.013168846652220623,-0.02013960511230718,0.006970758460086556,15.89396668489135,34.48078002562649,41.237776853939714,,,,,,,,41.266666666666666
2026-01-15,5880,24.05,24.05,23.95,24.05,11166071.0,268066182.0,24.01,24.095,24.355,24.128333333333334,24.356666666666666,24.417708333333334,50.0,29.166666666666842,-0.07641493077006345,-0.016906875210166802,-0.05950805555989665,12.018396868158252,19.538040217846557,20.890580018748004,,24.97476226341873,24.355,23.735237736581272,12990638.6,11438893.9,0.8595475052319599,24.007207369539383
2026-01-15,5902,40.55,40.7,40.4,40.45,12000.0,485800.0,41.059999999999995,42.345000000000006,43.5475,,,,0.0,9.090909090909136,-1.1077216451898266,-0.7172039353727291,-0.39051770981709755,5.969446389301434,34.87179747004553,39.3960835290748,,46.857528621278696,43.5475,40.2374713787213,48000.0,36750.0,0.25,40.483333333333334
2026-01-15,5903,190.5,191.0,190.5,191.0,14000.0,2669000.0,190.7,190.75,191.1,191.475,193.79583333333332,196.97708333333333,50.0,44.444444444444436,-0.20882300947414478,-0.179374221349261,-0.029448788124883774,9.967690796776083,11.000310308368128,17.51929707311532,,192.05145318219652,191.1,190.14854681780346,69800.0,51750.0,0.20057306590257878,190.64285714285714
2026-01-15,5904,438.5,438.5,433.5,435.5,90000.0,39108000.0,437.5,441.1,439.25,442.40833333333336,452.06666666666666,471.88958333333335,11.428571428571416,47.67441860465116,-0.5300666182538407,-0.0920335469004961,-0.4380330713533446,15.1592289343458,24.583668789809952,14.585928335867735,,447.12066505582396,439.25,431.37933494417604,108000.0,117550.0,0.8333333333333334,434.53333333333336
2026-01-15,5905,9.05,9.19,8.94,9.09,1317000.0,11914450.0,9.022,8.985,9.0045,9.284833333333333,10.162333333333333,11.190750000000001,83.33333333333358,53.896103896103874,-0.04043875176718714,-0.06792156636035877,0.02748281459317163,14.420753825493756,24.198615926582224,16.769744492582028,,9.213807127647401,9.0045,8.7951928723526,1107200.0,955950.0,1.189486994219653,9.04665907365224
2026-01-15,5906,51.5,51.8,51.4,51.4,6000.0,309400.0,,,,,,,89.99999999999986,86.66666666666647,-0.035505309014354225,-0.01680841233450209,-0.018696896679852134,17.963427550904846,10.439805594869624,17.63233423995156,,,,,5802.8,,1.033983594126973,51.56666666666667
2026-01-15,5907,5.57,5.79,5.57,5.6,338050.0,1905646.0,5.554,5.528,5.59,5.708166666666667,5.894583333333333,7.042166666666668,64.70588235294105,42.30769230769233,-0.04792557503385364,-0.05525700988945781,0.007331434855604169,24.53964062156902,13.706703100327559,17.31196854132463,,5.75594228546398,5.59,5.42405771453602,262537.0,1249550.85,1.2876280295729745,5.637172015973968
2026-01-15,6005,27.35,27.6,27.1,27.35,12080225.0,331435979.0,27.03,26.020000000000003,25.145,24.955,23.863749999999996,24.25541666666667,84.99999999999994,82.4742268041237,0.6471335299780101,0.30902850527160897,0.33810502470640114,36.556399425593305,9.249535210300635,32.798105389888725,,27.80422426361721,25.145,22.485775736382788,11639234.4,13426415.65,1.0378882824114273,27.43624220575362
2026-01-15,6015,13.1,13.15,12.85,12.95,1807000.0,23439300.0,12.85,12.06,11.4375,10.933333333333334,10.959166666666668,10.868333333333334,78.33333333333331,79.45205479452054,0.5866581218323415,0.3569987908014934,0.22965933103084807,48.69945203900785,5.3404036608536245,50.720444437221474,,13.288211100887295,11.4375,9.586788899112705,5673200.0,2390900.0,0.3185151237396884,12.971389042612063
2026-01-15,6016,15.6,15.65,15.35,15.4,4820000.0,74600100.0,15.38,14.584999999999999,13.7975,13.152500000000002,12.72125,12.805208333333333,83.33333333333337,86.1538461538462,0.6696344276407835,0.4316499108899048,0.23798451675087873,46.26267438553533,7.465637074465997,39.387236747577,,15.942868328086774,13.7975,11.652131671913224,12540400.0,5699450.0,0.3843577557334694,15.477199170124482
2026-01-15,6020,19.4,19.4,19.2,19.2,6000.0,115800.0,19.46,19.294999999999998,19.0875,18.834166666666665,,,57.89473684210524,54.34782608695649,0.18273996289071448,0.15532248022318892,0.027417482667525556,52.1612508294615,17.313907866949297,44.199995656250564,,19.74834077228618,19.0875,18.426659227713817,19000.0,18700.0,0.3157894736842105,19.3
2026-01-15,6021,28.1,28.1,27.6,27.9,142000.0,3953600.0,27.74,27.314999999999998,26.109999999999996,25.685833333333335,,,71.42857142857143,86.04651162790701,0.7346490609653564,0.5131163857783103,0.2215326751870461,43.93308067377514,9.407636122832304,40.922113710250315,,28.801428890698375,26.109999999999996,23.418571109301617,362200.0,244800.0,0.3920485919381557,27.84225352112676
2026-01-15,6023,95.1,95.7,94.5,95.7,157000.0,14944200.0,96.11999999999999,96.12,95.8,93.67666666666668,89.64666666666668,86.75875,48.14814814814826,57.3170731707317,0.4799932935457605,0.6082487357876827,-0.1282554422419222,20.806920258556783,22.50635775918854,17.63296311911724,,97.31483888321345,95.8,94.28516111678654,127400.0,98550.0,1.2323390894819466,95.1859872611465
2026-01-15,6024,52.0,52.0,51.5,51.7,140541.0,7257910.0,51.9,51.61,51.52,50.40916666666667,49.692083333333336,50.35187499999999,61.1111111111112,51.2820512820513,0.3563363635246972,0.3703128929934055,-0.013976529468708254,20.658810143264063,17.298279524790328,29.500381046534624,,52.302976775886876,51.52,50.73702322411313,272699.4,293637.75,0.5153696707803537,51.64265232209818
2026-01-15,6026,14.4,14.45,14.15,14.2,1592000.0,22682600.0,14.209999999999999,13.875,13.272499999999999,12.44,11.91,12.159583333333334,78.26086956521736,80.43478260869566,0.5321133517995751,0.44217705088495185,0.08993630091462324,36.24229091522517,5.424709605063092,57.969170789714425,,14.781586513511845,13.272499999999999,11.763413486488153,2736000.0,1927150.0,0.5818713450292398,14.24786432160804
2026-01-15,6101,37.1,37.1,36.9,37.05,38000.0,1405500.0,36.68,36.43,36.67,37.294999999999995,37.25416666666667,37.77729166666666,94.73684210526272,45.652173913043406,-0.13916168824935227,-0.2235792749505886,0.08441758670123634,19.331029110327826,20.119359901513665,38.064934058870605,,37.54923411647669,36.67,35.790765883523314,32400.0,40850.0,1.1728395061728396,36.98684210526316
2026-01-15,6103,,,,,,,,,,,,,50.0,50.0,-1.3575785194167196,-1.5314962166738657,0.17391769725714612,7.786343723095548,0.758912893806676,74.77629964112975,,,,,,,,
2026-01-15,6104,104.0,104.5,101.0,102.5,1739000.0,178130000.0,103.8,98.29,97.3,98.11,111.25083333333332,131.48999999999998,63.537906137184116,56.04113110539846,1.5727666102729358,0.4267623842323882,1.1460042260405476,33.84563308682296,16.683948309077234,23.23700617696904,,106.32627742817847,97.3,88.27372257182152,5095600.0,2284050.0,0.3412748253395086,102.43243243243244
2026-01-15,6108,14.95,15.05,14.8,15.05,194610.0,2905274.0,14.89,14.665000000000001,14.5625,14.110833333333334,14.402916666666666,14.726666666666667,75.99999999999997,64.10256410256407,0.2104459720974905,0.17031563372524217,0.04013033837224833,24.307567473073412,13.282736576295642,21.39380622698532,,15.088532818668423,14.5625,14.036467181331577,477356.0,291868.8,0.4076831547105305,14.928698422485997
2026-01-15,6109,11.85,12.45,11.85,12.45,308000.0,3754400.0,11.930000000000001,11.855,11.9575,12.059999999999999,11.204500000000001,10.975124999999998,71.42857142857142,57.44680851063829,-0.023299402546010484,-0.04742037500385623,0.024120972457845745,28.647181490982774,15.042056237258839,13.75036317895257,,12.356544912390897,11.9575,11.558455087609103,147800.0,104300.0,2.0838971583220567,12.18961038961039
2026-01-15,6111,49.8,49.8,48.25,48.7,321000.0,15645750.0,48.67,47.725,47.8325,47.44833333333333,48.676249999999996,51.190000000000005,81.72043010752688,53.36787564766842,0.4696313717709586,0.30469945040916624,0.16493192136179236,27.261230704154144,19.597113684514788,17.772413491822903,,50.72573621390812,47.8325,44.939263786091885,523600.0,455450.0,0.6130634071810542,48.74065420560748
2026-01-15,6112,48.2,48.2,47.3,47.9,309173.0,14710061.0,47.38,47.4,46.9725,48.19416666666667,50.760000000000005,52.343125,47.887323943662,53.73831775700933,0.06024171741676554,-0.11689624748085975,0.1771379648976253,19.65335164121243,14.87333631398566,12.552184304653563,,48.40537528380684,46.9725,45.53962471619315,385548.8,497496.6,0.8019036760067727,47.578737470607074
2026-01-15,6113,23.05,23.15,22.6,22.8,533000.0,12146850.0,23.32,22.215,21.2125,20.27583333333333,21.373333333333335,22.896875,67.04545454545453,64.44444444444443,0.8210612858701651,0.5713965098578786,0.24966477601228654,35.48000116166462,10.804309303324388,38.243161693364776,,23.995318525769857,21.2125,18.42968147423014,2422400.0,867200.0,0.22002972258916778,22.789587242026265
2026-01-15,6114,30.7,30.75,30.6,30.75,42000.0,1288350.0,30.740000000000002,31.275,31.422500000000003,30.5375,31.539583333333333,35.39020833333334,9.374999999999943,40.54054054054053,-0.060190374494190735,0.12156489386796489,-0.1817552683621556,22.82735595482705,24.50760286586131,16.669630096436375,,32.48846879583349,31.422500000000003,30.35653120416651,42400.0,35050.0,0.9905660377358491,30.675
2026-01-15,6115,47.9,47.9,47.5,47.65,50189.0,2392562.0,47.14,46.98,47.1325,46.80333333333333,47.1925,49.346875,82.60869565217416,59.57446808510628,0.05103297782616778,0.01620874681542594,0.034824231010741835,32.001362132828575,15.437276809936701,19.420873748266892,,47.70675008306031,47.1325,46.558249916939694,59820.6,57804.15,0.8389919191716566,47.67104345573731
2026-01-15,6116,9.8,9.95,9.73,9.89,16622214.0,163459968.0,10.152000000000001,9.943,8.727,7.746166666666667,7.65125,7.600958333333333,39.650145772594776,68.68537666174298,0.7706220869587401,0.6503402188953871,0.12028186806335306,42.28879760559204,23.000023658676348,39.498786189798025,,11.602955493396939,8.727,5.851044506603062,55282734.0,42047781.35,0.30067641010663476,9.833826468604002
2026-01-15,6117,82.2,82.2,80.4,80.6,257647.0,20826829.0,81.3,80.95,81.225,80.38833333333334,84.67833333333334,87.91375,40.909090909090864,43.333333333333314,0.14687131937864706,0.2645396711997288,-0.11766835182108176,23.42159669476575,18.400955698795567,14.164695776378588,,84.29119943046199,81.225,78.158800569538,462017.4,439937.6,0.5576564865305939,80.8347428846445
2026-01-15,6118,19.7,19.75,19.4,19.6,244000.0,4769850.0,19.28,19.259999999999998,19.855,19.26833333333333,19.803333333333335,18.8275,60.465116279069875,39.560439560439534,-0.06950657635999136,0.00414759945988415,-0.0736541758198755,23.469177496892502,19.400636962037872,16.156036306597176,,21.295723502455147,19.855,18.414276497544854,290600.0,584900.0,0.8396421197522368,19.548565573770492
2026-01-15,6120,13.5,13.5,13.15,13.25,2422400.0,32217355.0,13.069999999999999,12.979999999999999,12.829999999999998,11.861666666666666,11.499166666666666,11.693666666666667,41.379310344827594,56.862745098039206,0.2989666312462411,0.29471422075276976,0.004252410493471359,27.681620988536785,18.760847402647542,29.353562962863588,,13.742140340079418,12.829999999999998,11.917859659920579,3836370.8,4624011.3,0.6314301005523241,13.29976676023778
2026-01-15,6121,367.0,367.5,358.0,358.5,696000.0,251474500.0,362.6,360.25,362.0,356.25,370.5625,370.18333333333334,44.680851063829785,43.24324324324324,1.257106426705775,1.4847860905805346,-0.22767966387475957,21.54481902972637,22.04054767074882,12.299305874345752,,370.97364562424,362.0,353.02635437576,844000.0,924600.0,0.8246445497630331,361.3139367816092
2026-01-15,6122,54.8,55.1,54.1,54.6,839000.0,45809900.0,54.3,52.620000000000005,50.7275,47.215,47.87125,48.96458333333333,79.24528301886792,75.00000000000003,2.0649080190393363,1.6447185613940596,0.4201894576452767,45.82298851742224,16.390764944097096,40.7859008045092,,55.77260966966519,50.7275,45.68239033033481,870000.0,536250.0,0.964367816091954,54.60059594755661
2026-01-15,6123,46.2,46.45,45.95,46.0,34000.0,1569400.0,45.84,46.230000000000004,47.5375,50.2575,51.12083333333333,52.754583333333336,38.09523809523806,24.271844660194105,-1.1555135235329317,-1.0841207037237266,-0.07139281980920509,18.44839347340729,37.38381606105394,31.645370624508267,,50.54518751876248,47.5375,44.52981248123752,121400.0,81650.0,0.2800658978583196,46.15882352941176
2026-01-15,6124,27.95,27.95,26.5,27.2,69000.0,1874250.0,27.71,28.490000000000002,27.1475,25.691666666666666,26.716666666666665,27.452083333333334,23.17073170731706,58.174904942965775,0.7270447577280699,0.8469241534265394,-0.1198793956984695,38.48739968984412,21.09379839395852,40.46922332131306,,30.86282742766166,27.1475,23.43217257233834,58000.0,151800.0,1.1896551724137931,27.16304347826087
2026-01-15,6125,72.2,72.4,70.8,71.3,1591000.0,113481800.0,71.1,71.52000000000001,70.78,67.62833333333333,72.28083333333333,72.07458333333334,32.65306122448973,46.820809248554895,1.2647722635772283,1.4468971604540724,-0.18212489687684408,31.275888523948886,18.38416183821269,33.19937832621023,,76.87075226535133,70.78,64.68924773464867,2004000.0,3786250.0,0.7939121756487026,71.32734129478315
2026-01-15,6126,33.85,33.95,33.05,33.7,1817000.0,60735550.0,34.45,33.665000000000006,32.3175,,,,37.70491803278687,68.00000000000001,1.0820168896188562,0.8963810996551802,0.18563578996367602,31.66480810823312,19.286332874625902,27.886859139015908,,35.70762109704542,32.3175,28.927378902954583,4181800.0,2846150.0,0.43450188913864846,33.426279581728124
2026-01-15,6127,42.0,43.7,39.8,40.6,29548000.0,1216282100.0,39.440000000000005,38.64,36.4825,30.953333333333333,26.063750000000002,24.014583333333334,64.45783132530119,65.34653465346534,2.5766383300705655,2.3437866064811796,0.23285172358938588,43.25621619841851,12.466169024918385,45.580861866092974,,41.91866302377444,36.4825,31.046336976225565,21399200.0,19945650.0,1.3807992822161577,41.162924732638416
2026-01-15,6128,22.4,22.55,22.4,22.55,37003.0,832424.0,22.270000000000003,22.285,22.55,23.975833333333334,26.421666666666667,29.645625,51.219512195121965,46.052631578947356,-0.2986070872383024,-0.3549822912264779,0.05637520398817547,17.85411473730413,25.23302050774745,22.24742152637744,,23.209345768245235,22.55,21.890654231754766,174411.2,105794.2,0.21215954021301384,22.49612193605924
2026-01-15,6129,15.25,15.25,14.8,15.0,482000.0,7191200.0,14.969999999999999,14.514999999999997,14.344999999999999,14.249166666666666,14.615833333333333,13.794791666666667,60.71428571428577,63.63636363636367,0.20362360222357623,0.09056124517208448,0.11306235705149174,23.754860960028907,10.293650431147093,27.978799896277447,,15.211875818218461,14.344999999999999,13.478124181781537,592600.0,401850.0,0.8133648329395883,14.919502074688797
2026-01-15,6130,42.05,42.5,41.5,42.45,120000.0,5048800.0,43.05,43.315,44.457499999999996,42.35916666666667,41.74708333333333,37.19354166666667,39.60396039603965,39.83402489626559,-0.2081148381274076,0.23122001579208443,-0.439334853919492,14.570567645269627,23.139557095160225,23.603518528200176,,47.381497804016796,44.457499999999996,41.533502195983196,231600.0,416200.0,0.5181347150259067,42.07333333333333
2026-01-15,6133,22.3,23.0,21.95,22.8,4060336.0,91061203.0,21.61,21.055,21.2125,18.471666666666668,17.868333333333332,16.964791666666667,72.72727272727272,61.53846153846153,0.6986291635918391,0.6913563433826874,0.007272820209151765,36.92586810699437,16.851393204224287,33.52780232852789,,22.605669427108978,21.2125,19.81933057289102,2993818.6,3083146.25,1.3562398202750159,22.427011705435216
2026-01-15,6134,29.5,32.55,28.65,32.55,8924000.0,278318700.0,29.580000000000002,28.455000000000002,27.9775,24.541666666666668,24.36875,23.899583333333332,75.40983606557377,61.01694915254237,1.385719469250997,1.1375631223652203,0.2481563468857768,37.935176174454924,10.053647894978749,42.18966893118533,,31.1094197072451,27.9775,24.8455802927549,4195800.0,2902250.0,2.12688879355546,31.187662483191392
2026-01-15,6136,24.4,24.5,24.3,24.5,143425.0,3495414.0,24.15,24.095,24.177500000000002,23.85,23.575,23.752499999999998,66.66666666666666,55.55555555555556,0.07432064278835071,0.0725768064898319,0.0017438362985188055,33.29272336900016,8.18585203140928,39.20100898155896,,24.598620060390644,24.177500000000002,23.75637993960936,151359.6,297280.2,0.9475778212944537,24.37102318284818
2026-01-15,6138,223.0,223.0,219.5,221.0,312000.0,69052500.0,219.6,219.1,217.6,227.4,212.00833333333333,192.29166666666666,36.73469387755102,53.153153153153156,-1.0834473345358901,-2.0348030346244643,0.9513557000885742,21.900751709168766,21.2992905660621,19.19314336984574,,225.04523867632386,217.6,210.15476132367613,437600.0,363000.0,0.7129798903107861,221.3221153846154
2026-01-15,6139,614.0,632.0,605.0,606.0,6259798.0,3867476436.0,599.6,594.6,583.25,500.8333333333333,431.1041666666667,350.5375,57.53424657534246,60.28708133971292,24.930005781293175,26.53473802563433,-1.6047322443411538,26.695051895075622,9.589288912572485,38.085494917886585,,623.9485063737357,583.25,542.5514936262643,8049168.0,6541348.05,0.7776950363068581,617.827673672537
2026-01-15,6140,26.05,26.3,25.3,25.95,102000.0,2629400.0,25.57,25.765000000000004,26.652499999999996,28.53916666666667,33.1925,36.138749999999995,52.27272727272722,33.70786516853937,-0.809795350208617,-0.825772234982338,0.015976884773720945,21.933916618362183,23.6060784849354,12.552794017989493,,28.93918341766703,26.652499999999996,24.36581658233296,193800.0,207650.0,0.5263157894736842,25.77843137254902
2026-01-15,6141,11.55,11.9,11.5,11.7,232321.0,2711093.0,11.83,11.29,11.147499999999999,11.193333333333332,12.025,12.25,73.80952380952382,60.6060606060606,0.17156312356942216,0.061048988818423855,0.1105141347509983,35.01624342289554,19.073046896992178,19.996041712440842,,12.200053286562095,11.147499999999999,10.094946713437903,631105.4,335149.05,0.368117591768348,11.669599390498492
2026-01-15,6142,10.0,10.2,9.75,9.85,1528525.0,15160679.0,9.462,9.267,9.2855,9.431833333333334,9.657916666666667,9.748083333333334,72.41379310344833,63.10679611650484,0.04837354388753745,-0.04077248908905506,0.08914603297659252,36.6397973276163,12.335632615541416,18.45299385909366,,9.842955686225679,9.2855,8.728044313774323,1048340.4,524327.6,1.458042635769832,9.918502477879
2026-01-15,6143,111.5,112.0,109.5,110.5,484000.0,53377500.0,110.9,113.8,118.125,126.00833333333334,127.825,123.51625,19.04761904761905,23.25581395348837,-4.212016534570608,-3.533315377312103,-0.6787011572585055,8.08501915081875,29.431894094715673,35.1966607734591,,128.48623849536804,118.125,107.76376150463196,631600.0,646800.0,0.766307789740342,110.2840909090909
2026-01-15,6144,18.25,18.7,18.25,18.7,13000.0,239600.0,18.62,18.575,19.215,20.199166666666667,20.61208333333333,22.835208333333334,57.77777777777772,40.84507042253519,-0.479845814248268,-0.46908940623524253,-0.010756408013025465,25.05272029444606,25.884956121794072,10.839384941939114,,21.097076121279493,19.215,17.332923878720507,18800.0,38000.0,0.6914893617021277,18.43076923076923
2026-01-15,6146,170.5,171.0,167.5,168.5,212000.0,35751000.0,168.0,162.65,160.875,165.08333333333334,169.80833333333334,176.45625,80.55555555555556,66.10169491525424,1.4615702491324782,-0.13241143437098152,1.5939816835034597,31.816408686403243,16.805207868048953,24.756328106246684,,169.94127643638396,160.875,151.80872356361604,518800.0,295500.0,0.40863531225905936,168.63679245283018
2026-01-15,6147,57.0,57.0,55.9,56.5,3131000.0,176159100.0,55.779999999999994,55.029999999999994,53.870000000000005,54.57666666666667,54.57416666666666,57.989583333333336,61.702127659574494,66.12903225806453,0.7295292399160687,0.31634843911434873,0.4131808008017199,30.673449065396625,17.91154772410723,19.142879377641396,,56.918450857663366,53.870000000000005,50.82154914233664,4446400.0,3552050.0,0.7041651673263764,56.26288725646758
2026-01-15,6148,39.45,39.8,38.45,38.9,161000.0,6228800.0,38.75,39.2,40.435,40.333333333333336,44.5975,48.46333333333333,37.096774193548384,30.88235294117655,-0.5800948103377053,-0.3738527707612377,-0.20624203957646758,19.195378810830707,23.597702011539077,15.817301328184595,,43.489435945860706,40.435,37.3805640541393,186200.0,526600.0,0.8646616541353384,38.68819875776398
2026-01-15,6150,65.1,65.2,64.0,65.0,198000.0,12775600.0,65.03999999999999,65.89000000000001,65.325,68.93666666666667,72.86833333333334,70.82208333333332,35.294117647058854,51.47058823529414,-0.5552214848153909,-0.6370078857032735,0.08178640088788258,20.356446969601045,26.90037294346213,21.60801727213081,,67.59968910541966,65.325,63.05031089458035,317400.0,267000.0,0.6238185255198487,64.52323232323232
2026-01-15,6151,31.4,31.45,31.1,31.25,330000.0,10294000.0,30.880000000000003,30.725,30.060000000000002,28.68,29.385833333333334,30.70375,67.27272727272724,66.01307189542483,0.6560759508674465,0.6108466445319746,0.04522930633547195,34.35329829549936,14.110795281793326,37.77444954519252,,32.28866492959822,30.060000000000002,27.83133507040179,298400.0,349150.0,1.1058981233243967,31.193939393939395
2026-01-15,6152,12.85,12.85,12.85,12.85,3998885.0,51385636.0,11.41,11.035,10.9515,9.521999999999998,9.42575,9.788666666666666,69.33333333333333,62.5,0.5739789498935313,0.47289153283025387,0.1010874170632774,43.74857031980469,12.072801462156562,37.811549227517034,,12.38448400475882,10.9515,9.518515995241179,2227180.6,2410182.45,1.7954920225149231,12.849990934973123
2026-01-15,6153,15.75,16.0,15.65,15.95,2984279.0,47244229.0,15.55,15.425,15.34,15.297499999999998,14.989166666666668,14.151250000000001,47.91666666666664,55.555555555555515,0.07887691440144451,0.02326819362024961,0.0556087207811949,24.381471415893127,19.46061993764253,10.277431821856478,,16.110235780716057,15.34,14.569764219283943,3196915.4,3328710.25,0.9334870106353143,15.831036240244293
2026-01-15,6154,13.4,13.55,13.4,13.4,16000.0,215300.0,13.4,13.440000000000001,13.477500000000001,,,,40.000000000000135,44.44444444444444,-0.027400466457805805,-0.017624738551059397,-0.009775727906746409,49.60612878797427,19.86410869332927,22.620897955696393,,13.662389725314307,13.477500000000001,13.292610274685694,96800.0,53350.0,0.1652892561983471,13.45625
2026-01-15,6155,59.0,60.7,58.1,60.7,14590616.0,875240823.0,52.58,50.71,47.255,38.915,31.00875,27.52104166666667,86.85714285714288,71.27516778523488,3.7731508313104882,2.890296088540025,0.8828547427704634,46.76744766699871,16.08283588778694,40.58021286557787,,56.7681985876686,47.255,37.741801412331405,10423595.4,8414638.15,1.399768068511178,59.98655731875885
2026-01-15,6156,22.9,22.9,22.35,22.6,492000.0,11101350.0,22.5,22.46,22.24,21.335,22.701666666666664,25.075625,41.176470588235354,57.14285714285717,0.3030742548711949,0.3200833075154171,-0.0170090526442222,26.852276116917096,12.935734808196786,28.830494615048398,,23.138302492719095,22.24,21.3416975072809,628200.0,556150.0,0.7831900668576887,22.56371951219512
2026-01-15,6158,22.35,22.35,21.6,21.9,181000.0,3945400.0,21.630000000000003,21.610000000000003,21.765,22.325833333333335,23.185416666666665,24.076874999999998,63.15789473684217,51.42857142857136,-0.12716708471880978,-0.16781856698224484,0.04065148226343507,23.68766624251326,13.588483930580821,11.195682859425492,,22.19432014799431,21.765,21.33567985200569,115800.0,59400.0,1.5630397236614852,21.79779005524862
2026-01-15,6160,17.55,18.0,17.5,17.85,183000.0,3253200.0,17.419999999999998,17.28,17.4975,18.194166666666664,19.9575,21.0825,82.60869565217375,49.09090909090914,-0.14233221147230424,-0.2156275414686175,0.07329532999631327,22.262323287752476,17.43654427333735,10.80512601704641,,18.19898339065813,17.4975,16.796016609341866,132200.0,128150.0,1.384266263237519,17.777049180327868
2026-01-15,6161,44.6,44.65,43.85,44.05,106000.0,4677000.0,44.63,45.35,45.2875,47.592499999999994,46.55875,45.885416666666664,21.83908045977006,43.63636363636361,-0.42774664200285883,-0.3239914878892737,-0.10375515411358516,19.779417336726482,21.477885527452457,15.082170920998498,,47.01738438920121,45.2875,43.55761561079879,262800.0,139250.0,0.4033485540334855,44.12264150943396
2026-01-15,6163,72.6,73.6,69.5,72.0,25286000.0,1810899300.0,67.44,60.519999999999996,56.495000000000005,40.71,31.670833333333334,27.584791666666668,96.58536585365853,73.19884726224782,6.783067488973813,5.4690443267508435,1.3140231622229699,48.167829456082636,6.134691817831765,68.45348011849538,,72.05885488712129,56.495000000000005,40.93114511287873,38171600.0,16855250.0,0.662429659747037,71.61667721268687
2026-01-15,6164,12.4,12.5,12.2,12.4,577925.0,7134992.0,12.2,12.295,12.5175,10.790833333333332,10.484666666666667,11.143208333333332,44.73684210526317,50.0,0.3504096625245321,0.4710468570771149,-0.12063719455258282,22.79828424351153,15.358096106982611,38.143717357301824,,13.198269688235873,12.5175,11.836730311764127,577490.8,2126578.45,1.0007518734497587,12.345878790500498
2026-01-15,6165,46.3,46.3,45.65,46.05,715231.0,32896992.0,46.04,47.209999999999994,47.2325,49.43083333333333,51.89875,51.79416666666667,14.285714285714263,32.195121951219505,-0.6731068139156662,-0.5454908786124952,-0.12761593530317095,19.656113716136865,27.80963350549407,12.781928371748917,,49.96828142401808,47.2325,44.49671857598192,496771.2,440905.1,1.4397593902384034,45.994919124031256
2026-01-15,6166,64.1,64.1,62.2,63.0,343336.0,21583441.0,61.88000000000001,63.05,63.94499999999999,61.75333333333334,62.645833333333336,67.82833333333333,28.282828282828277,45.67901234567899,-0.26299841125656087,0.08954585594404361,-0.3525442672006045,27.365347957402285,27.426654570874128,16.08204939110886,,67.76873474085492,63.94499999999999,60.12126525914506,608456.8,656843.25,0.5642734208903574,62.86390299881166
2026-01-15,6167,12.85,12.85,12.6,12.8,287000.0,3654650.0,12.68,12.25,11.932500000000001,11.858333333333333,12.279166666666667,12.660333333333334,57.500000000000014,64.19753086419755,0.3037801686242574,0.16377864869523415,0.14000151992902324,33.674622418633064,16.539941202996108,19.876230682572075,,13.050428064722695,11.932500000000001,10.814571935277307,562200.0,522300.0,0.5104944859480612,12.73397212543554
2026-01-15,6168,20.6,20.6,20.25,20.6,365583.0,7469062.0,20.270000000000003,20.23,20.0275,19.84416666666667,19.896250000000002,18.96333333333333,45.238095238095255,52.06611570247934,0.18312859466805875,0.128762176410506,0.05436641825755276,28.748501014153867,17.36046059114185,18.827511866488106,,20.828469806907744,20.0275,19.226530193092255,519623.4,667809.2,0.7035537660544156,20.430550654707687
2026-01-15,6169,19.35,19.35,19.2,19.25,18000.0,346100.0,19.27,19.26,19.292499999999997,19.418333333333333,19.707916666666666,20.685208333333332,60.0,46.15384615384613,-0.05269286000817175,-0.05997429209135399,0.007281432083182243,29.288010473079478,15.277205456992832,30.354310726377804,,19.48790780569614,19.292499999999997,19.097092194303855,15000.0,13450.0,1.2,19.227777777777778
2026-01-15,6170,50.2,50.6,50.2,50.3,207000.0,10425500.0,49.85,49.515,49.555,50.2275,50.64833333333333,50.951249999999995,92.85714285714319,63.043478260869534,-0.08412138232477417,-0.21869212942236566,0.13457074709759148,30.678952552827145,19.000553986039613,15.287491424603925,,50.203804568740686,49.555,48.90619543125931,218400.0,180000.0,0.9478021978021978,50.36473429951691
2026-01-15,6171,28.15,28.3,28.15,28.25,28000.0,791750.0,28.15,28.23,28.4275,27.98,29.55125,,66.66666666666666,34.883720930232585,0.004600078762919679,0.06726302210439254,-0.06266294334147286,30.48249520834817,27.07908992015534,17.356347927339055,,29.203776537807826,28.4275,27.65122346219217,22200.0,23750.0,1.2612612612612613,28.276785714285715
2026-01-15,6173,77.1,80.4,74.0,74.2,59282000.0,4529640500.0,70.72,69.41,67.85,65.68666666666667,54.32208333333333,47.3525,68.30601092896175,63.70370370370371,1.7009057703813113,1.0409644079895817,0.6599413623917296,40.92334583568286,11.46637754466483,33.06071471860156,,74.08082321164228,67.85,61.6191767883577,21470800.0,11514100.0,2.7610522197589282,76.40836172868661
2026-01-15,6174,23.6,23.6,22.75,22.75,708000.0,16454100.0,21.93,21.405,21.130000000000003,21.897499999999997,21.395,21.200833333333335,76.81159420289855,69.23076923076921,0.17657457550754074,-0.10327749689673796,0.2798520724042787,35.19011307414137,8.830412232626838,20.20757387645979,,22.59589293785841,21.130000000000003,19.664107062141596,377200.0,133500.0,1.8769883351007424,23.240254237288134
2026-01-15,6175,56.2,57.8,55.2,55.6,5896000.0,331721400.0,54.54,54.25,53.169999999999995,50.045833333333334,44.12291666666667,40.98041666666667,66.12903225806451,61.24031007751937,1.285272511164976,1.1919610091082908,0.09331150205668526,34.26116670743958,16.450442617658947,28.582891132979242,,56.45768035326831,53.169999999999995,49.88231964673168,5546400.0,5486150.0,1.0630318765325255,56.26210990502035
2026-01-15,6176,123.0,123.0,121.5,123.0,1304149.0,159603154.0,122.7,122.35,123.1,123.38333333333334,131.25,146.775,42.857142857142854,34.78260869565217,0.32552670679132234,0.38744664702085896,-0.06191994022953662,19.809707079391988,17.75379578726619,17.89173757244464,,130.13075948581562,123.1,116.06924051418437,2256240.0,4206036.3,0.5780187391412261,122.38107302156425
2026-01-15,6177,52.3,53.1,52.3,52.6,777726.0,41111883.0,52.98,53.1,52.260000000000005,48.99666666666667,47.600833333333334,47.55,41.81818181818184,50.980392156862756,1.2125721940693097,1.4113392519461536,-0.1987670578768439,30.273285267629866,17.232154577258584,31.035890936233614,,55.946761522843886,52.260000000000005,48.573238477156124,1807567.0,2198539.1,0.43026122959757507,52.86165436156178
2026-01-15,6179,30.85,31.1,30.45,30.7,872000.0,26835000.0,30.859999999999996,29.955000000000002,29.615000000000002,30.092499999999998,30.287083333333335,28.153750000000002,70.88607594936705,60.16949152542371,0.13476433514259512,-0.1027560500215091,0.23752038516410423,32.66387084527887,16.24060538973281,19.752523973777848,,31.315495283888406,29.615000000000002,27.914504716111598,1928800.0,1137350.0,0.452094566569888,30.77408256880734
2026-01-15,6180,53.3,54.0,53.0,53.0,497000.0,26517100.0,52.2,51.92999999999999,52.05499999999999,54.156666666666666,58.0,65.63708333333334,73.91304347826093,56.38297872340426,-0.23349494753274058,-0.47036182574376845,0.23686687821102786,32.63956278953387,21.836666058840635,18.61482656875847,,53.80876287182118,52.05499999999999,50.301237128178805,759400.0,486050.0,0.6544640505662365,53.3543259557344
2026-01-15,6182,40.0,40.05,36.95,39.9,65778000.0,2525107300.0,36.88,34.95,32.9625,30.851666666666667,28.745833333333334,25.91125,78.28571428571425,82.2299651567944,2.1368411454044676,1.3361239591517389,0.8007171862527287,40.05047019416709,8.42009757466895,42.78492413591524,,38.76139962338581,32.9625,27.16360037661418,38773600.0,23587400.0,1.696463573152867,38.388325884034174
2026-01-15,6183,98.0,98.0,96.2,96.2,15882.0,1539843.0,96.85999999999999,95.9,95.62,95.85333333333332,96.77749999999999,94.86666666666666,57.971014492753696,57.142857142857196,0.299340033652598,0.012433498535065384,0.2869065351175326,40.88087704784036,22.08537550817638,23.872220034521124,,97.72022555179348,95.62,93.51977444820653,31366.2,28178.0,0.5063412208045603,96.95523233849642
2026-01-15,6184,47.85,48.4,47.85,48.0,132435.0,6361952.0,47.55,47.61,48.025,48.16583333333334,49.364999999999995,51.026875,83.33333333333314,44.59459459459461,-0.20520773095783085,-0.18354477688743542,-0.021662954070395424,23.955091583701186,18.99230347382888,20.259088509146583,,49.17230806214911,48.025,46.877691937850884,93250.0,68539.95,1.4202144772117962,48.03829803299732
2026-01-15,6185,14.9,15.1,14.9,15.0,120000.0,1798300.0,14.88,15.025,15.3375,15.653333333333334,15.915416666666665,16.011666666666667,33.33333333333333,41.818181818181834,-0.19639567156818316,-0.14815842148210767,-0.04823725008607549,16.835324480373398,25.880584013269537,21.11335347546895,,16.096914594484456,15.3375,14.578085405515544,244800.0,245300.0,0.49019607843137253,14.985833333333334
2026-01-15,6186,50.8,50.9,50.1,50.2,317000.0,15976900.0,50.78,51.69,53.910000000000004,56.0,59.88833333333333,60.91833333333334,20.000000000000085,16.981132075471734,-1.4602346170298546,-1.070383206804579,-0.3898514102252755,14.887087246698252,37.96512008752919,29.44674639727805,,59.088863927442375,53.910000000000004,48.73113607255763,536000.0,518000.0,0.5914179104477612,50.40031545741325
2026-01-15,6187,379.0,379.0,372.0,377.5,813000.0,305194000.0,375.9,384.4,364.975,353.46666666666664,364.5125,349.9625,30.12048192771084,65.10638297872342,8.708479988179477,8.662606465549908,0.04587352262956834,27.09135031835843,21.5291081025342,20.0265771077025,,412.5083400998974,364.975,317.44165990010265,2460200.0,2074550.0,0.33046093813511096,375.3923739237392
2026-01-15,6188,111.5,111.5,108.5,110.0,2394000.0,262710000.0,112.2,113.0,107.875,104.38000000000001,106.41083333333334,99.10791666666665,10.0,63.15789473684211,2.6773507656570814,2.591725585170481,0.08562518048660062,25.294779538771806,17.558641966423945,28.389262854440307,,120.52359051852339,107.875,95.22640948147661,3237800.0,5323900.0,0.7393909444684662,109.73684210526316
2026-01-15,6189,45.2,45.25,44.65,45.25,375131.0,16873550.0,44.65,44.52,44.832499999999996,45.538333333333334,49.33625,61.355000000000004,61.81818181818176,44.91525423728814,-0.17502077928762816,-0.2624474542566491,0.08742667496902096,23.687192156452483,22.51225961173753,13.16982055529048,,46.01138216454019,44.832499999999996,43.653617835459805,553512.6,504223.4,0.6777280228128502,44.980420173219485
2026-01-15,6190,48.0,50.6,47.3,49.9,12890000.0,635604750.0,49.010000000000005,47.48,46.6375,43.406666666666666,43.63791666666666,41.02895833333333,69.62962962962959,64.06779661016947,1.5992592561986712,1.322867339174323,0.27639191702434807,34.04557980468415,10.426887899768817,33.288996893690424,,50.28281061415652,46.6375,42.99218938584349,14335000.0,10003250.0,0.8991977677014301,49.30991078355314
2026-01-15,6191,115.0,116.5,114.0,115.5,5850934.0,674312371.0,114.9,112.2,113.625,116.26666666666667,117.1625,96.16333333333334,65.51724137931035,48.275862068965516,-1.0059583972156076,-1.5683788491883488,0.5624204519727412,16.225608488232456,17.579175911774563,13.771680492287278,,120.16133568680112,113.625,107.08866431319888,11492790.8,7796936.25,0.509096015216774,115.24867157961447
2026-01-15,6192,118.0,119.5,116.5,117.5,515356.0,60675990.0,116.4,113.35,109.7,103.98333333333333,104.36999999999999,103.42541666666666,67.56756756756758,70.37037037037038,3.5593724813372916,2.6282644565437203,0.9311080247935712,39.431646699016504,12.164051388586557,43.81069316680741,,119.46244145477431,109.7,99.9375585452257,733945.4,375205.2,0.702172123430435,117.73606982357826
2026-01-15,6194,34.8,34.8,34.5,34.65,47000.0,1631500.0,34.36,34.065,34.4275,35.75833333333333,34.80541666666667,35.138958333333335,58.13953488372097,49.5495495495495,-0.35636635037000985,-0.4752399665448411,0.11887361617483122,28.39642175228559,14.555864238138486,22.282088295957866,,35.70667530998854,34.4275,33.148324690011464,87800.0,88500.0,0.5353075170842825,34.712765957446805
2026-01-15,6195,25.45,25.5,25.4,25.5,18000.0,458050.0,25.4,25.425,25.5025,,,,53.846153846153925,48.27586206896549,-0.1823173324409737,-0.22071280622823036,0.03839547378725666,23.955323734322857,28.60889604026354,30.420507774685348,,25.723681040391664,25.5025,25.28131895960834,29400.0,22400.0,0.6122448979591837,25.447222222222223
2026-01-15,6196,300.5,315.0,297.0,305.5,7260308.0,2224133016.0,288.7,288.65,279.475,250.25,246.1125,208.41458333333333,50.76923076923077,66.01941747572815,12.326291376740926,11.369962814081529,0.9563285626593974,38.81803421005555,14.4431733177622,45.6429844767775,,306.0822309127029,279.475,252.86776908729712,5234666.8,4281840.3,1.3869665973773155,306.3414136149596
2026-01-15,6197,149.0,149.5,147.5,148.0,614210.0,91113729.0,148.2,150.0,143.35,145.375,154.06666666666666,145.45833333333334,38.88888888888889,64.19753086419753,2.587435354694094,1.9799805780965365,0.6074547765975573,30.773492066133624,18.250830810156334,26.454826007507744,,158.42559896689204,143.35,128.27440103310795,1167466.8,1806729.3,0.526104896516115,148.34295924846552
2026-01-15,6198,26.95,27.0,26.7,26.75,52000.0,1393700.0,27.01,,,,,,30.434782608695713,21.87500000000007,-0.21898447401682475,-0.11257909906379826,-0.10640537495302649,14.953175352631598,20.841116983592595,12.927008885255276,,,,,30800.0,,1.6883116883116882,26.801923076923078
2026-01-15,6199,115.5,118.0,111.0,113.5,692000.0,78583000.0,113.8,110.65,106.425,96.79666666666667,99.73583333333335,104.12916666666666,64.70588235294117,65.07936507936508,4.763397548844239,4.084934065200387,0.6784634836438519,31.437382515990535,13.775629114892403,35.003854951572976,,118.06989949336307,106.425,94.78010050663693,1224200.0,544150.0,0.5652671132167947,113.5592485549133
2026-01-15,6201,54.7,55.6,54.7,55.3,24422.0,1350024.0,55.239999999999995,55.3,55.975,56.23166666666667,57.26499999999999,58.617916666666666,63.157894736842074,35.71428571428574,-0.3569887595513421,-0.27023557367296747,-0.08675318587837466,26.313506786149865,30.167107353483335,15.1440786461281,,57.644383750149466,55.975,54.30561624985054,29713.4,26803.65,0.8219187302698445,55.279010728032105
2026-01-15,6202,39.1,39.1,38.2,38.4,529492.0,20323499.0,38.489999999999995,38.190000000000005,37.8075,38.254999999999995,39.160833333333336,42.02395833333333,46.3768115942029,54.24836601307188,0.17327166909971936,0.02815426349158249,0.14511740560813688,23.610329755709543,19.509232687172137,12.352476825406683,,39.25673754908677,37.8075,36.35826245091322,585522.6,537220.75,0.9043066826113971,38.38301428539052
2026-01-15,6203,67.8,68.2,67.5,67.6,88000.0,5965100.0,67.91999999999999,67.76,68.32,73.355,70.76666666666667,71.61208333333335,47.76119402985067,48.06201550387597,-1.755518453870792,-2.009207859589868,0.25368940571907617,15.995748083836931,23.67414381967836,21.255865253454996,,70.59720974232046,68.32,66.04279025767953,308800.0,246200.0,0.2849740932642487,67.78522727272727
2026-01-15,6204,86.7,90.6,86.0,89.1,853000.0,75217100.0,84.25999999999999,83.08,80.84,78.26166666666667,70.61,66.85395833333334,76.8707482993197,65.48042704626333,2.1201783322124044,1.4689910213293955,0.6511873108830089,39.487008552920955,14.77234851395047,27.30017114054546,,87.79501333760773,80.84,73.88498666239228,472400.0,341400.0,1.8056731583403896,88.17948417350527
2026-01-15,6205,65.4,65.4,61.5,62.2,1395655.0,88190776.0,62.4,61.11999999999999,53.620000000000005,44.0625,43.43083333333334,49.609375,63.86554621848741,76.60818713450293,5.979254732630828,5.3988774318292245,0.5803773008016035,47.524718754940025,5.296814839854597,61.49563875196272,,73.54505431545122,53.620000000000005,33.694945684548784,1019768.2,1395742.45,1.3686002367989119,63.18952463180371
2026-01-15,6206,95.9,96.6,95.0,95.5,1686527.0,161280900.0,93.94,92.41999999999999,91.985,96.83166666666666,103.26166666666668,112.91458333333334,84.61538461538461,64.95726495726498,-0.053566138117190576,-0.8175080853891954,0.7639419472720048,29.627933390117335,16.7267747119022,21.434896768213637,,95.09916120327792,91.985,88.87083879672208,880812.6,887153.65,1.9147398663461446,95.6290056429574
2026-01-15,6207,51.4,52.1,50.3,50.7,722000.0,36783600.0,50.77,51.989999999999995,49.705,49.625833333333325,52.89791666666667,49.666875000000005,27.702702702702737,57.14285714285715,0.6813955644705132,0.6523114082850953,0.02908415618541793,26.918879531913927,17.003412297330947,21.988517440998688,,55.50852887202371,49.705,43.901471127976286,978800.0,1263200.0,0.7376379239885574,50.94681440443213
2026-01-15,6208,44.9,44.95,44.5,44.9,7000.0,313500.0,45.0,44.745,44.8475,43.915,46.25208333333333,45.75666666666667,43.478260869565275,50.76923076923078,0.14126796413683707,0.18964689204337015,-0.04837892790653309,28.829618803344896,18.533890838731647,21.444113275929478,,45.86858043912158,44.8475,43.82641956087841,35600.0,41150.0,0.19662921348314608,44.785714285714285
2026-01-15,6209,57.6,59.8,57.3,59.5,5192697.0,305252228.0,58.760000000000005,61.120000000000005,62.955000000000005,55.93666666666666,45.811249999999994,36.844583333333325,34.722222222222214,29.19254658385094,0.09289351314699701,1.2874712905344454,-1.1945777773874484,17.580679294992223,18.15615688181237,32.31176198109606,,69.89670462911634,62.955000000000005,56.01329537088367,5344072.8,9960353.35,0.971674075996869,58.784910423234784
2026-01-15,6210,21.25,21.8,21.2,21.2,49000.0,1047600.0,21.06,20.515,20.4225,19.72166666666667,,,73.21428571428572,63.63636363636362,0.34968480686073633,0.2426518144747632,0.10703299238597314,44.627948799991195,12.83038089821902,38.979156876035496,,21.49682965635605,20.4225,19.34817034364395,75800.0,35250.0,0.6464379947229552,21.379591836734694
2026-01-15,6212,40.8,40.8,39.2,39.8,18000.0,712600.0,,,,,,,84.61538461538444,76.66666666666657,-0.12032180816541427,0.031740549876488874,-0.15206235804190316,16.540070935801808,12.387894793426492,11.971606461864834,,,,,,,,39.58888888888889
2026-01-15,6213,117.5,118.0,114.0,115.5,4965746.0,574306868.0,115.8,115.9,113.75,111.02000000000001,110.45250000000001,93.765625,60.0,53.57142857142857,1.4890259197153313,1.5071124402677674,-0.01808652055243609,24.076796544176094,16.587646863469935,20.22930883244878,,120.37928113908531,113.75,107.12071886091469,7178291.2,7096946.85,0.6917727160469611,115.65369392635064
2026-01-15,6214,118.5,119.0,117.5,118.5,276989.0,32727388.0,117.8,117.05,119.825,122.775,120.8875,121.3425,75.0,24.324324324324323,-1.2675269353032803,-1.2660331156161153,-0.001493819687164999,20.339208101761116,23.250656517980417,15.345807948652979,,128.2809228697364,119.825,111.36907713026359,568164.0,1031613.4,0.48751592849951775,118.15410720281311
2026-01-15,6215,113.5,116.0,113.5,114.0,2856410.0,327695863.0,109.5,107.8,105.425,108.44666666666667,118.12333333333332,110.31708333333334,74.19354838709677,67.74193548387098,1.1591326119484222,-0.052365109315254885,1.211497721263677,34.92001383129968,12.689195551146899,21.12788986385592,,112.8961726691748,105.425,97.95382733082519,2169778.2,1466017.35,1.3164525295719165,114.7229784939837
2026-01-15,6216,28.5,28.7,28.1,28.25,1526417.0,43265226.0,27.330000000000002,26.869999999999997,26.7575,26.68,28.10166666666667,31.108124999999998,72.15189873417724,65.00000000000003,0.2546882404700277,0.04318895068496177,0.21149928978506594,43.05440923648692,8.546519917015516,27.08311301615802,,28.146659154990065,26.7575,25.368340845009936,1033399.8,318622.4,1.4770827321623248,28.344303031216242
2026-01-15,6217,52.0,52.2,51.0,51.4,2199000.0,113041000.0,51.71999999999999,51.04,51.239999999999995,51.64916666666667,47.013749999999995,39.14833333333333,38.29787234042551,53.012048192771076,0.14373232173012696,0.07593514023082697,0.06779718149929999,27.38016584781558,14.985124512856743,21.984737780547448,,53.596089534533235,51.239999999999995,48.883910465466755,3623600.0,4453800.0,0.6068550612650403,51.4056389267849
2026-01-15,6218,25.75,25.75,24.7,25.05,236000.0,5909000.0,24.97,25.685000000000002,25.27,20.996666666666666,20.58125,21.317291666666666,34.482758620689665,46.842105263157904,1.144800491768251,1.5198695948636556,-0.37506910309540453,20.924925315498164,10.866733200368985,46.6706171433926,,29.388047570083458,25.27,21.15195242991654,355200.0,959750.0,0.6644144144144144,25.03813559322034
2026-01-15,6219,19.0,19.0,18.5,18.75,396000.0,7394200.0,19.25,19.675,20.057499999999997,19.810000000000002,19.835416666666667,25.188333333333333,6.060606060606133,25.25252525252526,-0.20893503755632992,-0.012326348189722695,-0.19660868936660722,14.528033596811943,29.996471554901277,15.866848442075685,,21.37270460685475,20.057499999999997,18.742295393145245,401400.0,235350.0,0.9865470852017937,18.67222222222222
2026-01-15,6220,26.05,26.15,25.7,25.75,106000.0,2742800.0,25.619999999999997,25.5,25.785000000000004,24.205833333333334,21.516250000000003,21.93708333333333,73.07692307692305,46.55172413793105,0.15921330425678804,0.24883726486359495,-0.08962396060680691,23.28350315713805,21.379467224646113,21.630181127659174,,26.61730814131818,25.785000000000004,24.952691858681828,238200.0,236400.0,0.4450041981528128,25.87547169811321
2026-01-15,6221,31.8,32.15,31.5,31.55,276000.0,8758350.0,30.54,30.635,31.264999999999997,34.9,42.20916666666667,51.36625,64.89361702127661,45.39473684210526,-0.6994790976397063,-0.9213864280308334,0.2219073303911271,32.80406951389413,25.480243513924,30.393994771775834,,33.43175843259751,31.264999999999997,29.098241567402482,817600.0,364500.0,0.337573385518591,31.733152173913044
2026-01-15,6222,19.15,19.15,18.8,19.0,31000.0,586750.0,18.85,18.845000000000002,19.07,,,,57.894736842105225,41.17647058823527,-0.17847629079509275,-0.20020941969103634,0.021733128895943588,16.051301001492437,13.38044827661318,9.639558388654784,,19.636057464072014,19.07,18.503942535927987,49200.0,46000.0,0.6300813008130082,18.927419354838708
2026-01-15,6223,2335.0,2335.0,2200.0,2230.0,1694000.0,3802155000.0,2256.0,2211.5,2238.75,2106.5,1751.3916666666667,1312.7520833333333,58.62068965517242,45.283018867924525,20.58622681461884,24.849386638639817,-4.263159824020978,20.853135778912986,18.976209873735264,19.57085056803459,,2366.395685601336,2238.75,2111.104314398664,1947200.0,1349150.0,0.8699671322925226,2244.4834710743803
2026-01-15,6224,43.4,45.45,43.4,44.55,338794.0,15036983.0,42.75,43.415000000000006,42.8275,43.61583333333333,43.40958333333333,46.009791666666665,52.89256198347103,60.591133004926114,0.1500104417949828,0.07573127682821021,0.07427916496677259,30.495771334954437,19.14255353087694,13.195152413561008,,44.96056673224275,42.8275,40.694433267757255,286487.8,160009.9,1.1825774081828266,44.38385272466454
2026-01-15,6225,17.65,17.65,17.05,17.05,2500.0,43224.0,,,,,,,28.947368421052687,20.000000000000014,0.028573950886762844,0.12484557272422335,-0.0962716218374605,10.77658864911743,26.470988445670145,27.02721579154621,,,,,4225.0,6840.4,0.591715976331361,17.2896
2026-01-15,6226,7.57,8.32,7.57,8.32,1571021.0,12959767.0,7.6659999999999995,7.525999999999999,7.561,6.987333333333334,7.04125,7.3205,82.75862068965523,66.00000000000003,0.18169607471285332,0.15648735538980574,0.02520871932304758,38.57854796771408,14.795885842301141,30.40645692577123,,8.029677871643784,7.561,7.092322128356216,531620.4,455867.4,2.955155595985406,8.24926401365736
2026-01-15,6227,92.6,94.0,90.6,91.2,2104000.0,193786600.0,88.58,85.37,83.645,85.565,88.99499999999999,92.10458333333334,85.9649122807017,76.53631284916196,1.2938941701929707,0.05598494353473965,1.237909226658231,36.57750530780793,14.701672605775034,20.275460179151892,,90.37199980048952,83.645,76.91800019951047,1092800.0,389450.0,1.9253294289897511,92.10389733840304
2026-01-15,6228,26.0,26.0,25.8,26.0,15000.0,388850.0,26.189999999999998,26.4,26.847500000000004,26.8625,,,48.78048780487803,30.172413793103416,-0.05717040628969983,0.045388326388936306,-0.10255873267863613,25.61900517184496,25.479125479087,7.962588642051821,,29.315073920396742,26.847500000000004,24.379926079603266,14600.0,42300.0,1.0273972602739727,25.923333333333332
2026-01-15,6229,24.9,25.5,24.4,25.2,573000.0,14294850.0,23.759999999999998,22.509999999999998,22.240000000000002,22.62333333333333,23.515833333333333,24.9375,87.61904761904763,75.19379844961242,0.4008997220496653,-0.007692160805750214,0.4085918828554155,42.9681306553933,11.468805952244178,29.221860849622114,,24.440382741825523,22.240000000000002,20.03961725817448,385600.0,132500.0,1.4859958506224067,24.94738219895288
2026-01-15,6230,122.0,122.0,118.5,120.0,63382.0,7595880.0,118.0,116.3,116.45,120.54166666666667,130.29166666666666,,65.78947368421052,53.2258064516129,0.1337378682898276,-0.6721246350092291,0.8058625032990567,27.863378282659074,18.225590670222054,12.768655440301488,,122.32501399773712,116.45,110.57498600226289,98045.8,54421.75,0.6464529842175799,119.84285759363857
2026-01-15,6231,223.0,230.0,212.0,213.5,1312000.0,288474500.0,214.2,215.8,215.925,217.25,229.40416666666667,254.73541666666668,35.71428571428572,45.45454545454546,-0.24741218162532164,-0.1313188333943113,-0.11609334823101033,27.357942371303718,18.762622774531476,8.988947508715592,,222.25184339688502,215.925,209.598156603115,782800.0,444050.0,1.6760347470618293,219.87385670731706
2026-01-15,6233,24.55,24.7,23.8,23.95,652000.0,15786550.0,23.669999999999998,23.835,23.1925,21.178333333333335,21.034166666666668,21.754375,52.307692307692285,60.301507537688444,0.7372998074372354,0.8056340962293383,-0.0683342887921029,32.22052045862151,20.526367632799662,23.973861737651607,,25.65832429902981,23.1925,20.726675700970187,559400.0,1266450.0,1.1655345012513407,24.2125
2026-01-15,6234,29.1,29.8,28.6,29.65,2274000.0,66598000.0,28.71,28.639999999999997,27.777500000000003,23.900833333333335,25.122916666666665,24.526666666666667,62.50000000000002,64.87455197132617,1.4252583252470963,1.5335378361628962,-0.1082795109157999,30.793927256843595,13.577423044069151,41.55005618306664,,32.12727010886786,27.777500000000003,23.427729891132145,2024600.0,4198900.0,1.1231848266324211,29.286719437115217
2026-01-15,6235,62.5,62.9,61.4,62.9,705361.0,43811235.0,62.580000000000005,62.5,62.235,63.266666666666666,62.985,58.522083333333335,51.851851851851805,49.557522123893804,0.31939037509007306,0.26574165828554724,0.05364871680452582,16.907711519455663,25.581404166583223,14.332844000964203,,65.29735203724215,62.235,59.17264796275786,733238.4,960803.75,0.9619804418317426,62.11179098362399
2026-01-15,6236,23.0,23.0,23.0,23.0,1000.0,23000.0,,,,,,,100.0,61.26126126126126,-1.5396563832024164,-2.0081866076822648,0.4685302244798484,22.473540132913065,9.699682174849835,14.540313288139657,,,,,,,,23.0
2026-01-15,6237,40.5,41.75,40.35,41.3,526000.0,21690100.0,40.54,40.445,40.9425,40.80833333333332,42.15291666666667,42.483333333333334,62.50000000000004,44.7154471544715,-0.1724876680763785,-0.13553686744240823,-0.03695080063397027,24.428335664680205,18.13388361550074,16.716716916762863,,42.25610292005646,40.9425,39.62889707994354,405600.0,253650.0,1.2968441814595661,41.23593155893536
2026-01-15,6239,250.0,257.5,247.5,257.5,18575219.0,4701111876.0,234.2,216.85,192.55,172.175,153.42916666666667,140.03958333333333,91.26984126984127,91.89189189189189,21.07255106871827,13.611800970129586,7.460750098588683,54.558792673767186,10.2004398510312,40.11019108857668,,253.80176689180843,192.55,131.2982331081916,30138622.2,21609696.1,0.616326084076929,253.0851386462792
2026-01-15,6240,18.95,19.0,18.95,18.95,6000.0,113850.0,,,,,,,61.90476190476193,54.05405405405402,-0.005891776977982488,0.02188616454107052,-0.02777794151905301,13.444920416666282,12.829091946701718,26.521079572412727,,,,,,,,18.975
2026-01-15,6241,13.65,14.15,13.0,13.35,176000.0,2347500.0,13.63,13.179999999999998,12.9225,12.181666666666667,12.217916666666667,13.028958333333332,50.0,57.731958762886606,0.4285367839428744,0.37039043214339956,0.05814635179947486,32.327728466921634,17.2297475286385,31.198535769184414,,14.150024252091548,12.9225,11.694975747908451,243400.0,172600.0,0.7230895645028759,13.338068181818182
2026-01-15,6242,39.4,39.4,38.8,39.15,13000.0,508700.0,,,,,,,24.999999999999105,5.263157894736565,-0.02290076566804089,-0.0233103504856085,0.0004095848175676084,15.619256855808997,12.91988809700694,26.367892893183978,,,,,,,,39.13076923076923
2026-01-15,6243,35.5,35.85,34.7,35.65,195881.0,6910416.0,35.29,35.57,36.175,32.70916666666667,34.11541666666667,36.748958333333334,51.063829787233985,35.03649635036493,0.6512820540978623,1.0178813402832356,-0.3665992861853733,22.972580995772894,18.056134870343506,24.301591243971977,,39.21793833066172,36.175,33.13206166933828,179831.0,622940.5,1.0892504629346442,35.2786436663076
2026-01-15,6244,23.5,23.55,22.5,23.4,11992000.0,275874850.0,22.869999999999997,21.955000000000002,21.7025,18.483333333333334,18.189583333333335,19.06083333333333,72.41379310344824,54.491017964071865,1.1698551976245888,1.094621773038608,0.0752334245859807,36.949225832200106,15.95069635040247,39.81786674239059,,24.290829068805074,21.7025,19.114170931194927,23709800.0,21147900.0,0.5057824190840918,23.004907438292197
2026-01-15,6245,69.0,69.0,68.4,68.6,288000.0,19753800.0,67.92,67.52,68.16,72.04833333333335,76.58416666666666,82.75500000000001,62.745098039215634,48.41269841269839,-0.8438472820979115,-1.1231524988937343,0.27930521679582276,18.820461235576662,18.843858425560033,13.235296178010092,,70.16987038074035,68.16,66.15012961925964,539000.0,507350.0,0.5343228200371057,68.58958333333334
2026-01-15,6246,13.4,13.6,13.35,13.5,34000.0,457950.0,13.51,13.55,,,,,36.3636363636363,34.37499999999997,-0.10691904101251737,-0.08028734669212673,-0.026631694320390642,21.526493779808256,25.506874697887984,9.327093113362091,,,,,42400.0,,0.8018867924528302,13.469117647058823
2026-01-15,6248,21.6,21.8,21.5,21.6,164000.0,3545900.0,21.330000000000002,21.295,20.354999999999997,19.526666666666664,20.782083333333333,23.420833333333334,81.8181818181817,90.1408450704225,0.6327206022729008,0.5568400432911659,0.07588055898173496,36.452094395529784,17.677831310201654,29.60618519899956,,22.83309349468968,20.354999999999997,17.876906505310313,174600.0,423050.0,0.9392898052691867,21.621341463414634
2026-01-15,6257,129.5,139.5,129.0,135.0,21719214.0,2921099199.0,125.8,120.65,112.30500000000002,102.31333333333333,93.67666666666668,85.31166666666667,93.02325581395348,86.95652173913044,7.770730175793446,5.7841428167038575,1.9865873590895884,42.415955805855596,8.569952360689486,43.59792601987499,,134.95440803223187,112.30500000000002,89.65559196776817,19406303.0,17530055.45,1.119183494146206,134.49378043791089
2026-01-15,6259,18.0,18.3,18.0,18.05,110000.0,1991250.0,17.759999999999998,17.95,17.905,,,,50.980392156862756,50.45045045045046,0.21894862844949614,0.3220553899352274,-0.10310676148573128,34.87017173024945,21.008773030352376,32.88103957777276,,18.795830481836603,17.905,17.0141695181634,149600.0,241500.0,0.7352941176470589,18.102272727272727
2026-01-15,6261,70.8,70.8,69.6,70.6,348000.0,24380000.0,71.19999999999999,70.5,68.97,63.556666666666665,62.2175,62.317083333333336,37.63440860215049,59.37499999999998,1.8445588137855538,1.9224176859580813,-0.07785887217252752,29.586576528272413,18.471719593630613,39.51116934642668,,72.99314357319324,68.97,64.94685642680676,644400.0,584500.0,0.5400372439478585,70.05747126436782
2026-01-15,6263,131.0,131.0,130.0,130.0,26000.0,3384000.0,130.1,129.15,130.275,130.65,137.77083333333334,143.35416666666666,72.72727272727272,39.39393939393939,-0.3944668179369444,-0.49745432799995154,0.10298751006300716,21.942067351757302,18.782249458927765,12.776456152364391,,133.6541154245815,130.275,126.8958845754185,43200.0,42950.0,0.6018518518518519,130.15384615384616
2026-01-15,6264,7.1,7.1,6.5,6.51,427000.0,2871530.0,6.975999999999999,7.095999999999999,7.1865000000000006,7.296166666666666,7.436916666666667,7.97575,3.8461538461537685,18.018018018017983,-0.10398575072336502,-0.05307645869058809,-0.050909292032776936,6.480437640371216,31.539729651403643,25.60673616530126,,7.547041989670845,7.1865000000000006,6.825958010329156,125600.0,82450.0,3.3996815286624202,6.724894613583138
2026-01-15,6265,45.4,46.65,43.6,45.1,4761000.0,214401100.0,40.81,37.805,30.8,21.460833333333333,16.203833333333332,13.851333333333333,82.16560509554142,89.82758620689654,6.019874078991119,4.707883947223926,1.3119901317671934,52.266078868827016,7.9953273130626945,56.07214056288177,,47.4904321788199,30.8,14.109567821180097,5045600.0,15449150.0,0.9435944188996354,45.03278722957362
2026-01-15,6266,29.55,29.6,29.3,29.6,133000.0,3907050.0,29.54,29.215000000000003,29.067499999999995,29.1525,29.660833333333333,31.063750000000002,76.66666666666676,67.34693877551021,0.15652843400259187,0.0735952306978716,0.08293320330472026,24.53992703980223,16.37434119046707,15.306918676184925,,29.684176149761456,29.067499999999995,28.450823850238535,225600.0,207650.0,0.5895390070921985,29.376315789473683
2026-01-15,6269,59.0,59.0,57.3,58.6,1046491.0,60661969.0,58.339999999999996,57.94000000000001,58.13000000000001,57.623333333333335,61.01083333333334,59.89854166666667,51.063829787234056,43.58974358974359,0.2952664315004725,0.33545440058337783,-0.04018796908290534,23.25105778567484,18.891379313374465,16.810161162430976,,61.6448407166102,58.13000000000001,54.61515928338982,1336318.0,1659293.6,0.7831152465206634,57.96702408334138
2026-01-15,6270,25.6,25.9,25.2,25.9,523000.0,13348050.0,25.5,24.805,23.220000000000002,22.147499999999997,22.241666666666667,22.674791666666668,75.92592592592594,83.96946564885495,1.0743370960245926,0.7481960874305612,0.3261410085940314,50.06465152515901,13.745692255811637,40.79526928368135,,26.831443799339645,23.220000000000002,19.60855620066036,1293200.0,906100.0,0.404423136405815,25.52208413001912
2026-01-15,6271,131.0,132.0,127.5,128.5,2344985.0,303570192.0,127.2,128.55,129.55,125.15,118.00833333333334,115.15458333333332,46.875,42.622950819672134,0.6953826462975172,1.249067730469747,-0.5536850841722298,26.49616854454047,19.65013836595024,20.286747668212303,,139.08608106641793,129.55,120.01391893358209,2909920.6,3598021.65,0.8058587577956594,129.45506772964433
2026-01-15,6274,485.0,490.0,475.0,481.0,7012000.0,3377004500.0,477.3,475.1,469.95,420.1333333333333,362.5208333333333,278.32916666666665,80.76923076923077,40.65934065934066,14.21061759892308,16.382848274302276,-2.172230675379197,26.785274222981375,15.42088620888997,24.878697953498204,,521.4638203224147,469.95,418.4361796775853,6737600.0,9070550.0,1.040726668249822,481.6036081003993
2026-01-15,6275,51.6,51.7,50.8,51.0,466000.0,23822500.0,50.98,51.61999999999999,52.629999999999995,48.4225,46.25333333333334,45.068958333333335,33.846153846153854,37.5,0.26317232712080596,0.7794540243067959,-0.5162816971859899,26.860800153659913,22.152185983554652,27.95121341212853,,55.63532860100188,52.629999999999995,49.62467139899811,798400.0,1429450.0,0.5836673346693386,51.121244635193136
2026-01-15,6276,38.1,39.1,38.0,38.4,20000.0,767100.0,38.64,39.184999999999995,39.225,39.30083333333333,44.52166666666666,44.803125,24.324324324324408,43.537414965986386,-0.23342910240824466,-0.12471078601048725,-0.1087183163977574,16.335567212351517,20.926224904538323,13.356245621635548,,40.40219559703791,39.225,38.04780440296209,32200.0,39050.0,0.6211180124223602,38.355
2026-01-15,6277,61.3,61.7,60.9,61.3,93632.0,5731088.0,61.1,60.61999999999999,61.02,61.45666666666666,60.75916666666667,64.5075,74.99999999999993,50.0,-0.28187500371172547,-0.3662784251341695,0.08440342142244406,18.857559666422542,18.481328753572093,16.55024742719132,,62.228043219864645,61.02,59.81195678013536,106285.6,82807.25,0.8809471838141761,61.20864661654135
2026-01-15,6278,97.1,97.1,96.1,96.1,1382257.0,133347743.0,96.3,95.8,95.55499999999999,100.58833333333334,103.19416666666666,104.74166666666666,36.36363636363619,57.46268656716419,-0.8094585302704331,-1.22928207593441,0.41982354566397695,24.052709278300508,20.626720546628547,14.561707465073255,,97.91294290364368,95.55499999999999,93.1970570963563,1233894.8,1986752.4,1.1202389377117077,96.47102022272269
2026-01-15,6279,124.0,124.5,122.0,123.0,349000.0,42922500.0,123.1,124.1,125.25,128.45,131.96666666666667,141.17291666666668,33.33333333333333,39.99999999999999,-1.290761977318681,-1.1331928129424946,-0.1575691643761863,12.411288826573589,21.09444256090741,16.070007682213785,,128.78181033048324,125.25,121.71818966951676,405800.0,310050.0,0.8600295712173485,122.98710601719198
2026-01-15,6281,62.9,63.0,62.5,62.5,80767.0,5068531.0,62.54,62.55,62.69000000000001,64.16499999999999,67.02250000000001,70.83624999999999,63.6363636363634,45.161290322580676,-0.32763428085741,-0.40236707539616606,0.07473279453875609,24.348623617079795,18.97708509222794,16.78136792368908,,63.32212257304792,62.69000000000001,62.0578774269521,56382.8,56002.85,1.4324758614329192,62.7549741850013
2026-01-15,6282,55.0,58.0,54.0,56.5,173791670.0,9767440384.0,51.44,47.21,44.325,41.814166666666665,35.882083333333334,32.20458333333333,93.7086092715232,85.13513513513517,3.220018152829809,1.8112811626330978,1.408736990196711,42.45357278082422,6.38655904201626,41.6673791446054,,53.82860042576661,44.325,34.821399574233396,176227229.6,67850454.9,0.9861794365971239,56.20200544709652
2026-01-15,6283,24.4,24.5,24.1,24.5,102049.0,2480218.0,24.310000000000002,24.775,25.064999999999998,25.4325,25.43708333333333,25.127499999999998,27.083333333333286,36.78160919540234,-0.31117028475777886,-0.2025363941606253,-0.10863389059715356,21.110771093094417,26.66376147456025,13.726489457921323,,26.18941797809997,25.064999999999998,23.940582021900024,230232.2,206019.0,0.4432438208035192,24.304187204186224
2026-01-15,6284,97.4,97.7,90.4,93.3,22666000.0,2131841400.0,87.3,85.27,81.41,80.93,74.77749999999999,74.62041666666666,83.94160583941604,84.41558441558439,2.8224137922746024,1.5268207960675546,1.2955929962070478,45.489390534880926,10.107604364551756,29.98936193961649,,92.0679152696351,81.41,70.7520847303649,7695600.0,3246150.0,2.9453194032953895,94.05459278214065
2026-01-15,6285,108.0,109.0,107.0,108.5,4596505.0,496556129.0,107.4,106.25,103.545,106.71000000000001,113.4925,122.28999999999999,58.82352941176471,59.154929577464785,1.1901042818304006,0.3871253286775335,0.802978953152867,31.93060296089602,11.473220446809222,27.368229135796923,,111.08115146791486,103.545,96.00884853208514,9501071.0,6649108.7,0.48378809083733826,108.02906316864662
2026-01-15,6290,169.5,172.5,167.0,169.5,2999000.0,509871500.0,167.5,173.75,177.125,177.09166666666667,146.63583333333335,119.50916666666667,28.205128205128204,36.73469387755102,-2.333846867221837,-0.5474360928534313,-1.7864107743684055,19.181061768200554,23.458828892489294,17.62679356434732,,190.66976010551102,177.125,163.58023989448898,4121200.0,4347700.0,0.7277006697078521,170.013837945982
2026-01-15,6291,182.0,182.0,177.0,181.0,341000.0,61011500.0,181.7,185.25,190.9,167.24166666666667,160.17083333333332,128.63250000000002,26.92307692307692,41.44144144144144,1.2735262829822318,4.216679562587537,-2.943153279605305,22.234624149851438,21.957509944261812,28.485564149728965,,206.76986551861236,190.9,175.03013448138765,490800.0,1023700.0,0.6947840260798696,178.91935483870967
2026-01-15,6292,41.6,42.4,41.6,41.85,43000.0,1798450.0,41.019999999999996,40.625,40.584999999999994,41.434999999999995,41.345,47.00375,93.02325581395355,72.41379310344847,0.04960543995474609,-0.1280249163740132,0.1776303563287593,37.78262928935225,12.212505806695994,14.361895837288708,,41.45864933347482,40.584999999999994,39.71135066652517,54200.0,35450.0,0.7933579335793358,41.824418604651164
2026-01-15,6294,44.65,45.15,44.65,45.0,42000.0,1891150.0,45.21,46.305,45.997499999999995,45.8225,49.408750000000005,,7.999999999999943,51.530612244897945,0.005175640550213245,0.24196844572267065,-0.2367928051724574,20.19634216426441,22.967467243608038,22.738690400177575,,48.58603240273493,45.997499999999995,43.40896759726506,43600.0,35000.0,0.963302752293578,45.02738095238095
2026-01-15,6405,30.35,30.95,29.85,30.5,599275.0,18189725.0,30.75,30.455000000000002,28.605,27.22416666666667,26.211666666666662,26.3625,46.23655913978493,58.12807881773398,1.262179689377401,1.100952456045075,0.16122723333232614,28.149977425449563,12.14927629982772,37.97612590253675,,33.11754392018288,28.605,24.092456079817122,843079.6,934902.0,0.7108166298888029,30.35288473572233
2026-01-15,6409,1040.0,1040.0,993.0,1000.0,901909.0,909600571.0,1019.0,1016.0,988.0,1073.8166666666666,1060.5583333333334,1255.8791666666666,48.27586206896551,57.4468085106383,-4.790781447962331,-13.012718812701301,8.22193736473897,27.553360853319735,17.970367715891317,19.940774026969127,,1050.9151475359542,988.0,925.0848524640458,792689.4,714202.7,1.137783600991763,1008.5281009503176
2026-01-15,6411,78.0,85.4,77.8,84.9,2775000.0,230873600.0,77.96000000000001,76.67999999999999,76.65,80.895,75.94666666666667,75.94041666666666,85.48387096774196,70.58823529411765,0.0064998602283452556,-0.8563258280130885,0.8628256882414338,35.599073938126175,15.103432308862045,13.04096800790835,,81.27783341373461,76.65,72.0221665862654,957000.0,421750.0,2.8996865203761755,83.1976936936937
2026-01-15,6412,82.6,83.6,82.6,83.1,914407.0,75958158.0,81.53999999999999,83.22,87.56,90.145,97.71333333333334,106.54041666666667,40.54054054054051,23.04147465437788,-2.595086604543482,-1.9695818759785708,-0.6255047285649113,16.20890171383146,31.9383867245429,25.45016399225615,,97.62889948515524,87.56,77.49110051484476,2093045.2,1495785.15,0.4368787640133142,83.06821579449851
2026-01-15,6414,297.0,302.0,295.0,297.0,1240470.0,371004319.0,292.8,289.45,292.025,290.05833333333334,297.2916666666667,295.13125,68.62745098039215,49.438202247191015,0.39029150966911175,-0.33472075539985274,0.7250122650689645,25.784596638277264,14.331715878190268,13.61410963329942,,302.8269247797483,292.025,281.22307522025164,1062951.8,921610.2,1.1670049385117933,299.0836690931663
2026-01-15,6415,221.0,221.0,211.0,211.0,6767916.0,1449891561.0,226.5,216.05,205.425,207.25833333333333,250.39166666666668,320.15,32.97872340425532,59.895833333333336,5.71546597608085,3.1515012190541776,2.5639647570266724,27.168131738276575,20.141742307902113,21.668985183719553,,239.02680916183456,205.425,171.82319083816546,11626395.2,6672065.05,0.5821164585907075,214.2301353917513
2026-01-15,6416,89.5,89.5,87.5,88.5,173149.0,15227378.0,87.92,87.91,87.095,83.26666666666667,84.21166666666666,91.94208333333333,57.94392523364487,58.024691358024704,1.3672509114024365,1.4950095284558953,-0.1277586170534588,32.4849961910753,20.59156225194975,25.072644828738376,,91.83829443585857,87.095,82.35170556414143,231259.2,248998.5,0.7487226454125933,87.94378252256728
2026-01-15,6417,111.5,114.5,109.5,114.5,274000.0,30959500.0,110.6,107.85,105.25,104.05,103.25500000000001,,95.0,86.11111111111111,2.0893384572019613,1.060859555406487,1.0284789017954743,31.821324750276464,13.006188316484277,16.97137830551696,,112.54455456596187,105.25,97.95544543403813,194400.0,131200.0,1.4094650205761317,112.99087591240875
2026-01-15,6418,40.4,40.7,38.8,40.2,393000.0,15717450.0,41.27,41.54,43.975,48.20333333333333,,,20.224719101123583,18.772563176895318,-1.8946111685089875,-1.7016282492063555,-0.192982919302632,22.572524115840565,32.11228689228097,12.520202213467654,,49.87018090432693,43.975,38.07981909567307,309800.0,348000.0,1.2685603615235637,39.99351145038168
2026-01-15,6419,79.6,79.7,77.9,79.0,105000.0,8259000.0,81.34,80.62,81.455,63.309999999999995,58.149166666666666,69.49166666666666,50.66666666666667,41.228070175438596,3.991500256027706,5.424629205814147,-1.4331289497864415,28.306039254132475,19.49415881829764,35.39916125803645,,93.41149570207092,81.455,69.49850429792907,261600.0,475350.0,0.4013761467889908,78.65714285714286
2026-01-15,6423,83.6,84.9,82.6,84.5,60637.0,5100356.0,81.8,82.89,80.545,76.93166666666666,,,51.85185185185188,56.64556962025317,1.7899443626406537,1.8377901261069463,-0.047845763466292546,38.800289927139744,22.897271908726285,27.81771428472814,,91.02454900596446,80.545,70.06545099403554,73027.6,56174.25,0.8303299026669368,84.11293434701585
2026-01-15,6425,84.6,87.9,83.5,84.9,451000.0,38301800.0,83.08000000000001,83.71000000000001,87.275,77.93666666666667,67.13208333333334,60.537083333333335,62.74509803921581,32.43243243243245,0.40883280669015676,1.394466977428105,-0.9856341707379483,26.402680278936614,22.73638387913919,20.307926686670022,,95.8883006082691,87.275,78.6616993917309,477600.0,1240700.0,0.9443048576214406,84.92638580931263
2026-01-15,6426,87.6,93.0,87.1,92.2,1022354.0,92682236.0,89.7,91.85,96.30499999999999,82.57333333333334,78.69083333333333,76.85458333333332,58.08823529411765,32.266666666666666,0.7347903675199063,2.5637875614911807,-1.8289971939712744,26.898043678968275,20.40366540829572,29.527316244539126,,108.48115875821671,96.30499999999999,84.12884124178328,788793.8,3333216.9,1.2960979155769226,90.65571807808254
2026-01-15,6431,29.3,29.3,27.95,28.8,428425.0,12147754.0,28.880000000000003,27.915000000000003,28.477500000000003,23.016666666666666,19.64125,18.738125,72.15189873417724,46.857142857142854,0.8910582457091465,1.0715564318937953,-0.18049818618464886,27.02560689247497,22.017548016589288,29.413281427963387,,31.492109165555053,28.477500000000003,25.462890834444952,514322.6,547223.1,0.8329888672984621,28.35444710276011
2026-01-15,6432,36.0,37.55,35.85,36.8,1250000.0,46084900.0,35.04,34.519999999999996,34.239999999999995,34.458333333333336,30.944583333333334,29.53708333333333,82.40740740740746,64.21568627450982,0.27318857927857465,-0.00046582321714931955,0.273654402495724,38.39783088573776,16.763204370687195,26.167172633775433,,36.427187571673834,34.239999999999995,32.052812428326156,961200.0,509850.0,1.3004577611319184,36.86792
2026-01-15,6435,121.0,123.5,119.5,121.0,451000.0,54834500.0,118.3,116.9,114.125,111.53333333333333,104.78916666666666,104.17291666666667,69.23076923076923,75.0,1.8908570279400578,1.1865668310117012,0.7042901969283566,36.1665796972724,17.85871759917392,21.6787859676617,,121.47973352767826,114.125,106.77026647232174,319200.0,308900.0,1.412907268170426,121.58425720620842
2026-01-15,6438,140.5,147.5,138.0,146.5,1741154.0,249799716.0,140.6,140.05,138.925,140.28333333333333,157.05416666666667,167.31458333333333,72.22222222222221,65.57377049180329,0.7351085547922764,0.0850409598447361,0.6500675949475403,32.252129928340096,16.65111063280759,15.636804329395742,,144.22916916456373,138.925,133.6208308354363,845472.2,645166.65,2.0593864588333006,143.46790461957988
2026-01-15,6441,22.75,23.05,22.35,22.35,78000.0,1755850.0,22.1,22.119999999999997,22.5025,22.9125,24.84625,27.846666666666668,67.56756756756765,44.444444444444464,-0.249382779760964,-0.26566197469744024,0.016279194936476227,39.02829339052252,18.900958070837863,23.885657602600084,,23.552048775227412,22.5025,21.45295122477259,73400.0,71950.0,1.0626702997275204,22.510897435897437
2026-01-15,6442,1355.0,1370.0,1300.0,1320.0,2437570.0,3235393670.0,1367.0,1346.5,1298.0,1151.8666666666666,972.6333333333333,730.025,54.90196078431373,52.38095238095237,43.8224240061968,49.28194532161811,-5.459521315421313,21.861709377197727,15.97438343898297,25.378319569252866,,1465.4389126627584,1298.0,1130.5610873372416,4086875.8,3821385.75,0.5964384824221964,1327.3028754046038
2026-01-15,6443,38.45,38.8,37.1,38.6,107531198.0,4084986149.0,36.35,32.045,28.98,19.151666666666667,17.307916666666664,17.235416666666666,94.73684210526315,76.57657657657657,4.888849390698347,4.009281556188949,0.8795678345093982,49.131373054630714,10.185056495441756,59.563697811039575,,39.22409457610634,28.98,18.735905423893662,167610885.4,69979396.45,0.6415525921444718,37.98884626022673
2026-01-15,6446,529.0,535.0,525.0,534.0,2365311.0,1255213843.0,521.6,511.85,500.475,499.8333333333333,505.39166666666665,534.0833333333334,84.61538461538461,70.95238095238096,6.507445052768503,1.9330047559986043,4.5744402967698985,28.08368688482965,13.074647270898343,19.526148178204913,,533.950010317986,500.475,466.99998968201413,2178247.2,1811730.15,1.0858781317382158,530.6760265351999
2026-01-15,6449,191.0,200.0,182.0,184.5,5589274.0,1055096873.0,176.8,174.35,168.025,172.675,168.89166666666668,142.14874999999998,70.0,71.42857142857143,2.6878460736717784,0.30097358848332995,2.3868724851884484,38.589285792616046,12.710161034214595,20.18088862858475,,184.5635514544215,168.025,151.4864485455785,2190396.0,1060354.55,2.551718502042553,188.7717211573453
2026-01-15,6451,152.0,152.0,149.5,149.5,336931.0,50651918.0,151.4,154.6,158.0,153.85,155.03333333333333,157.525,31.034482758620683,28.888888888888886,-1.9809336382842844,-0.3736051890924115,-1.607328449191873,20.471967903286107,28.1283553512623,15.880444665410844,,169.6799423214158,158.0,146.3200576785842,595359.4,936203.65,0.5659287482485369,150.33320768940823
2026-01-15,6456,43.35,43.5,42.6,43.45,636295.0,27421493.0,42.75,42.495000000000005,42.9075,44.71,50.259166666666665,48.58895833333334,56.16438356164389,49.689440993788835,-0.3961166988789131,-0.5716059286917007,0.17548922981278758,20.221409947320808,21.947936519054707,14.890393887236227,,44.402852449213164,42.9075,41.412147550786834,791566.4,850750.4,0.8038428614453569,43.09556573601867
2026-01-15,6461,22.55,23.1,21.6,22.5,1185000.0,26440350.0,21.69,20.910000000000004,18.2,16.450833333333332,17.699583333333333,19.262708333333332,75.22123893805315,76.17449664429532,1.7617441593907053,1.3027190644546947,0.4590250949360106,48.6669626494133,12.879439797039186,43.78535475150936,,24.19728008525982,18.2,12.20271991474018,1457000.0,883500.0,0.8133150308853809,22.31253164556962
2026-01-15,6462,115.0,117.0,114.5,117.0,502000.0,58172500.0,115.7,115.55,120.4,127.31666666666666,127.4625,123.10166666666667,62.50000000000001,38.80597014925374,-3.2237916487238607,-3.0796327151654386,-0.14415893355842213,12.367882120008556,22.344768557503926,18.489156826307624,,132.20365688206684,120.4,108.59634311793316,812800.0,1208250.0,0.6176181102362205,115.88147410358566
2026-01-15,6464,77.4,77.4,77.4,77.4,9330.0,722047.0,77.16,76.93,,,,,88.88888888888819,72.22222222222204,-0.11404735662252108,-0.22777701202048536,0.11372965539796429,18.845918221076456,16.527856797752733,11.401850286228667,,,,,9146.4,9871.35,1.0200734715297823,77.3898177920686
2026-01-15,6465,37.05,37.5,36.05,36.55,414000.0,15131800.0,38.220000000000006,37.5,38.015,25.915833333333335,,,48.73646209386281,45.80777096114519,2.388656934006889,3.1732139151101184,-0.7845569811032296,37.56043364777534,21.134821807493445,38.00476098129908,,41.59081054484565,38.015,34.43918945515435,1038800.0,603700.0,0.398536773199846,36.55024154589372
2026-01-15,6469,91.5,92.1,90.4,90.7,320000.0,29065100.0,91.2,91.64000000000001,93.495,100.65833333333333,120.87083333333334,138.96958333333333,40.384615384615415,30.281690140845114,-2.3000882159704332,-2.4576227401605966,0.15753452419016334,12.963373309732413,28.4607188669172,33.5049643802291,,97.9404471091016,93.495,89.04955289089841,308800.0,353750.0,1.0362694300518134,90.8284375
2026-01-15,6470,41.6,43.65,41.6,43.55,242000.0,10356150.0,41.95,42.415,42.4375,42.51,42.60458333333333,46.904583333333335,52.81690140845069,55.7894736842105,-0.15504989833498684,-0.14597381213688687,-0.009076086198099964,30.357256466127335,25.01197759332006,15.976272540264556,,44.1972472904701,42.4375,40.6777527095299,214800.0,125500.0,1.1266294227188083,42.79400826446281
2026-01-15,6472,515.0,533.0,510.0,526.0,909847.0,475056667.0,515.0,506.2,500.725,546.7333333333333,635.0833333333334,707.1541666666667,64.48598130841123,60.70287539936102,-2.996025434974854,-9.030115599875066,6.034090164900212,31.610623732099537,16.614380872585468,29.967925584357126,,531.6858836402771,500.725,469.76411635972295,980065.6,764691.2,0.9283531632984567,522.1280797760503
2026-01-15,6477,36.15,36.15,35.2,35.6,983481.0,34912609.0,35.58,35.095,35.3425,35.7775,37.841249999999995,34.837916666666665,58.33333333333331,42.85714285714287,-0.007726214513787966,-0.10265589586821056,0.09492968135442259,25.785361309109746,13.124400079489199,25.979916504378355,,37.32592473621035,35.3425,33.359075263789656,2107419.2,1748452.4,0.4666755432426543,35.4990172662207
2026-01-15,6482,39.2,39.6,39.2,39.4,6000.0,236500.0,39.35,39.46,39.195,40.11916666666666,46.153749999999995,53.62729166666667,46.66666666666635,60.606060606060616,-0.04753794582524051,-0.12940341665641356,0.08186547083117304,28.221460152731837,19.93236749565259,19.234099357046542,,39.939028861909165,39.195,38.450971138090836,6000.0,10250.0,1.0,39.416666666666664
2026-01-15,6485,119.0,124.5,113.0,115.0,16336000.0,1929728000.0,107.25999999999999,101.46000000000001,87.16999999999999,77.695,68.49083333333333,65.738125,70.70063694267516,82.57575757575758,10.5674831064606,7.429703683927004,3.1377794225335958,48.299978023527856,6.696267822724613,43.4341559617614,,120.24854130303846,87.16999999999999,54.09145869696151,10003400.0,5224750.0,1.6330447647799748,118.12732615083252
2026-01-15,6486,84.2,84.3,83.3,83.7,185000.0,15470300.0,83.84,83.8,83.925,78.71666666666667,76.07833333333333,78.4375,45.45454545454546,50.684931506849324,1.1706050264887722,1.4322191809479032,-0.26161415445913105,28.297143568027533,13.334961024830577,39.98828743977065,,86.07796613022522,83.925,81.77203386977477,237000.0,494850.0,0.7805907172995781,83.62324324324324
2026-01-15,6488,516.0,520.0,486.0,489.0,8322000.0,4155125500.0,476.5,455.15,422.55,417.98333333333335,412.0208333333333,373.8541666666667,56.168831168831176,70.41984732824427,25.138136187364978,15.080457330319522,10.057678857045456,38.76985690420679,9.471103955498085,34.31505612340182,,507.48892542663924,422.55,337.6110745733608,9894800.0,6626500.0,0.8410478230990015,499.2940999759673
2026-01-15,6491,287.0,288.5,285.5,285.5,94654.0,27120137.0,286.2,284.3,282.825,305.09166666666664,309.9791666666667,324.925,56.09756097560975,57.14285714285714,-3.010595263119626,-4.7242061461712685,1.7136108830516426,18.53399919152633,17.862138813896575,22.94784262716146,,289.55494095538694,282.825,276.09505904461304,181086.4,234046.0,0.5227007660431706,286.51865742599364
2026-01-15,6492,44.0,44.85,44.0,44.85,143000.0,6372500.0,44.04,43.705,43.0025,43.16,40.24875,39.221041666666665,68.6567164179104,66.28571428571428,0.6463649807795804,0.4609327182582922,0.1854322625212882,33.353573174116335,19.378682306427,22.86562066193008,,45.17056365220116,43.0025,40.834436347798835,178600.0,235000.0,0.8006718924972005,44.56293706293706
2026-01-15,6494,35.7,36.0,35.6,35.7,38000.0,1358600.0,35.45,35.39,35.755,36.8625,36.095000000000006,39.229375,74.19354838709683,36.48648648648644,-0.3027380345845785,-0.33028801724207035,0.027549982657491867,18.253534580423736,16.101013646062857,9.666647656271062,,36.82855778409574,35.755,34.68144221590426,66000.0,58100.0,0.5757575757575758,35.752631578947366
2026-01-15,6496,29.2,30.05,29.2,30.05,6000.0,178350.0,29.7,29.525,29.3625,29.191666666666666,,,61.53846153846156,64.06250000000003,0.1696860875672428,0.0882679403758025,0.08141814719144029,25.95954587501908,20.451031942772275,16.740497657331257,,30.04218646022325,29.3625,28.682813539776753,18800.0,24600.0,0.3191489361702128,29.725
2026-01-15,6499,94.2,103.5,94.2,99.1,2801000.0,282209300.0,94.8,93.66,93.995,97.48833333333333,100.55749999999999,88.40645833333333,84.34782608695653,58.77551020408164,-0.11955278221259391,-0.6219002543429336,0.5023474721303397,39.493362757394856,17.35725160643238,12.235977237801665,,98.73074314738035,93.995,89.25925685261966,872800.0,624350.0,3.209211732355637,100.75305248125669
2026-01-15,6504,41.95,42.2,41.75,42.0,53150.0,2231441.0,41.43,41.675,41.61749999999999,42.964166666666664,46.87708333333333,53.231874999999995,51.89873417721518,53.38983050847446,-0.31817848865800613,-0.3933457878468604,0.07516729918885429,20.28152722141969,16.175461686981997,10.106554443462436,,42.48399627205113,41.61749999999999,40.751003727948856,43361.8,47258.95,1.2257332490809882,41.98383819379116
2026-01-15,6505,47.95,50.3,47.95,50.0,11631853.0,577648470.0,48.269999999999996,47.725,48.145,49.51916666666667,45.03125,41.44125,72.99999999999976,57.2972972972973,-0.4007355396640335,-0.6006916222726693,0.19995608260863573,20.83207486224157,18.342310106377354,11.727656201996787,,49.868490949390214,48.145,46.42150905060979,6590474.6,5153919.95,1.764949219286878,49.66091559100687
2026-01-15,6506,15.95,15.95,15.7,15.75,63000.0,997400.0,15.76,15.65,15.5625,15.511666666666665,15.629583333333334,15.968124999999999,54.54545454545453,57.50000000000003,0.06592744513518056,0.022487991219669483,0.04343945391551108,37.42460073001524,23.411041432694375,16.753739208994517,,15.961016987684491,15.5625,15.163983012315509,74400.0,43900.0,0.8467741935483871,15.831746031746032
2026-01-15,6508,23.8,23.9,23.8,23.9,28000.0,666800.0,23.66,23.555,23.655,23.98166666666667,24.70375,26.356458333333332,78.94736842105262,53.12499999999995,-0.07932868421324812,-0.12046028791013981,0.041131603696891686,34.49106414960799,18.95362974928739,14.145857441153822,,23.99666773641274,23.655,23.313332263587263,23800.0,31050.0,1.1764705882352942,23.814285714285713
2026-01-15,6509,34.3,34.4,33.85,34.1,259000.0,8821500.0,33.709999999999994,33.115,33.26,33.25083333333334,33.32416666666667,33.87,77.7777777777776,59.090909090909115,-0.034569385124115115,-0.19561660401111683,0.16104721888700171,28.27269643745099,17.49983005926575,17.33268339077538,,34.66247900819278,33.26,31.85752099180721,373600.0,310650.0,0.693254817987152,34.05984555984556
2026-01-15,6510,2405.0,2425.0,2325.0,2375.0,402000.0,958550000.0,2287.0,2282.5,2293.75,1936.0,1623.6833333333334,1261.0875,55.81395348837209,56.707317073170735,82.73914876599474,96.18134425646114,-13.442195490466403,28.573668007913017,13.805394751447306,38.17316965204709,,2429.391749511365,2293.75,2158.108250488635,619200.0,678150.0,0.6492248062015504,2384.452736318408
2026-01-15,6512,20.9,21.05,20.8,20.8,14000.0,292900.0,20.54,,,,,,69.56521739130429,63.33333333333337,-0.048739592080426775,-0.0735364294158877,0.024796837335460925,29.47896674896478,16.64304854907407,27.617365133370704,,,,,21400.0,,0.6542056074766355,20.92142857142857
2026-01-15,6515,3450.0,3475.0,3400.0,3450.0,359307.0,1234838680.0,3471.0,3292.0,2993.5,2654.9166666666665,2130.4166666666665,1653.9666666666667,62.608695652173914,76.20578778135048,235.85370789218587,189.33093086734692,46.522777024838945,29.295212757641583,8.698965659739628,41.09684809600748,,3698.505412446565,2993.5,2288.494587553435,840347.0,943472.75,0.4275698015224663,3436.723136482173
2026-01-15,6516,65.5,65.7,64.4,65.7,49000.0,3197900.0,65.94000000000001,64.7,63.55500000000001,62.02833333333333,64.36999999999999,70.07583333333332,53.846153846153854,61.320754716981156,1.2076335027782648,0.9305346399775782,0.2770988628006865,38.21769283415819,9.521952802639795,49.65550803145326,,67.12533095915263,63.55500000000001,59.98466904084737,257200.0,91950.0,0.1905132192846034,65.26326530612245
2026-01-15,6517,81.8,84.6,78.3,82.1,7051000.0,579130200.0,74.75999999999999,70.27,67.33,62.36333333333333,66.15166666666667,69.28791666666666,98.90109890109889,75.7894736842105,4.058365659186123,2.4832724025288115,1.5750932566573113,50.20157804335839,8.532040470399314,42.54778329141287,,79.69499302998473,67.33,54.965006970015274,4385600.0,1666600.0,1.6077617657789127,82.13447737909516
2026-01-15,6523,118.0,119.0,118.0,118.0,26000.0,3078500.0,117.8,117.95,118.4,120.08333333333333,121.7625,130.36666666666667,33.33333333333333,44.444444444444436,-0.7549533471874526,-0.8159614793718353,0.061008132184382724,20.938173162463148,18.60238802809078,15.561673270917787,,120.13508683235345,118.4,116.66491316764656,23400.0,27550.0,1.1111111111111112,118.40384615384616
2026-01-15,6525,77.8,78.0,76.5,77.2,119992.0,9237935.0,76.92,76.09,75.41499999999999,76.85333333333332,76.58500000000001,72.73,62.000000000000064,62.74509803921572,0.3146254138347331,-0.039906500064322566,0.35453191389905564,25.233820434037423,20.50932794700709,10.143689310621122,,77.59266171071292,75.41499999999999,73.23733828928707,226346.6,173873.8,0.5301250383261776,76.98792419494633
2026-01-15,6526,438.0,440.5,428.0,440.0,341193.0,147831582.0,437.3,441.1,437.825,456.7916666666667,498.2708333333333,530.1375,34.0,57.14285714285714,-3.3124992723062974,-4.3828895140364565,1.0703902417301592,16.261693502337543,25.449159581671825,15.214771987098544,,450.4294060801026,437.825,425.2205939198974,243530.2,230778.45,1.401029523237775,433.27847288777906
2026-01-15,6527,78.0,78.3,77.9,78.0,17000.0,1327200.0,78.24,76.58,76.8,79.45,,,87.23404255319159,56.4516129032258,-0.3220002295797286,-0.7543172352902249,0.43231700571049625,38.77213500118052,27.789882912577102,31.05713268483318,,79.60900806616773,76.8,73.99099193383226,16400.0,13500.0,1.0365853658536586,78.07058823529412
2026-01-15,6530,59.2,59.2,58.3,58.8,223000.0,13061800.0,58.7,59.39,61.495000000000005,60.46,60.84916666666666,57.704166666666666,41.30434782608691,24.0,-1.081152028786839,-0.59354897452922,-0.4876030542576191,14.872705096857688,27.237049654270713,22.161593661454166,,66.51725573139962,61.495000000000005,56.472744268600394,290400.0,612700.0,0.7679063360881543,58.573094170403586
2026-01-15,6531,475.0,482.0,465.0,470.0,4109302.0,1945659774.0,473.3,469.2,438.65,412.78333333333336,368.6625,326.96458333333334,65.59139784946237,68.16608996539793,19.390896779397053,17.277093865796168,2.1138029136008853,29.238296426341233,10.761032885200295,36.406753337373914,,511.12583989455646,438.65,366.1741601054435,4986471.6,5509805.5,0.8240901241671567,473.47694912664
2026-01-15,6532,56.7,58.3,56.6,57.9,70000.0,4015200.0,56.9,56.94,56.404999999999994,54.611666666666665,58.455,61.677083333333336,58.33333333333336,56.25000000000001,0.6935797648105222,0.6896222781948161,0.003957486615706052,30.846135790494117,15.960319517638766,27.58092068556382,,58.27157581232223,56.404999999999994,54.538424187677755,78800.0,75250.0,0.8883248730964467,57.36
2026-01-15,6533,242.0,245.0,238.5,239.5,304146.0,72956596.0,243.4,244.15,243.05,258.8666666666667,274.42083333333335,295.74375,35.849056603773576,49.056603773584904,-4.2990608542076245,-5.104461687693274,0.8054008334856491,20.291067409169948,23.345844728002223,14.862197312887016,,251.80935590036725,243.05,234.29064409963277,299311.0,369315.3,1.0161537664836908,239.87360017886147
2026-01-15,6534,89.9,90.4,89.2,89.9,27751.0,2487871.0,90.1,90.36,89.85499999999999,94.075,100.60999999999999,,22.2222222222221,48.64864864864866,-0.5806508375491148,-0.8006764869267976,0.22002564937768276,24.910947486268682,23.85805232418047,9.707394984655227,,92.39352422938381,89.85499999999999,87.31647577061617,40084.6,53729.05,0.6923107627368117,89.64977838636446
2026-01-15,6535,183.0,186.0,181.5,183.5,147000.0,27033500.0,183.3,183.8,185.8,200.625,212.025,195.525,51.515151515151516,48.78048780487806,-3.498036074428626,-3.8284147134103446,0.3303786389817187,18.84852843005211,17.773721363977035,9.949515995848039,,192.99210093018326,185.8,178.60789906981677,178600.0,189900.0,0.8230683090705487,183.90136054421768
2026-01-15,6538,66.7,67.2,66.2,66.8,38000.0,2526800.0,66.1,65.72,66.775,67.375,75.45833333333333,87.75291666666666,55.12820512820511,45.45454545454546,-0.21042446428752726,-0.25509436022365795,0.04466989593613069,29.098637229658138,21.203994049812554,17.078599265649395,,70.08296486967477,66.775,63.467035130325236,58000.0,99850.0,0.6551724137931034,66.49473684210527
2026-01-15,6541,51.3,52.1,51.0,52.1,358689.0,18546822.0,51.56000000000002,52.48,55.71,56.041666666666664,54.74208333333333,57.861666666666665,46.77419354838711,30.136986301369845,-1.6199176915744289,-1.0690389515213814,-0.5508787400530475,21.03158084131235,26.18396554709379,22.30786678270879,,63.200878663941644,55.71,48.21912133605836,673445.2,744767.3,0.5326179472360929,51.70725057082877
2026-01-15,6542,48.0,48.0,48.0,48.0,2000.0,96000.0,48.31,48.24,,,,,51.485148514851474,46.236559139784966,0.11498488920752692,0.28633263645497836,-0.17134774724745144,25.796510817218714,18.77582172591705,14.909481139946056,,,,,12600.0,,0.15873015873015872,48.0
2026-01-15,6546,66.1,66.1,64.3,65.2,472000.0,30639900.0,64.14,62.17,62.775,63.895,70.64833333333334,87.38416666666667,72.88135593220345,56.39534883720932,0.2031377901193494,-0.29203462656590723,0.49517241668525663,29.318094014260314,13.540912399852727,21.62925109980107,,66.5154615532931,62.775,59.0345384467069,625800.0,319450.0,0.7542345797379354,64.91504237288136
2026-01-15,6547,37.95,39.85,37.3,39.45,2103000.0,81525550.0,37.32,36.83,37.2375,37.63666666666666,38.56125,43.01229166666667,95.71428571428575,69.35483870967745,-0.21787350135515737,-0.416570634746878,0.19869713339172063,34.438429367545645,18.558809858167972,12.119337376546433,,38.877421371671254,37.2375,35.59757862832874,1163200.0,1008450.0,1.8079436038514443,38.766310033285784
2026-01-15,6548,48.45,48.6,47.3,48.0,4506000.0,216028550.0,47.94,47.14,44.0925,42.7125,38.167500000000004,36.56791666666667,54.03225806451612,78.64406779661019,1.7439010401941104,1.2948364247595114,0.44906461543459897,29.70401173025718,16.40237517546226,26.862219134832497,,51.09680506714864,44.0925,37.088194932851366,6892200.0,9754300.0,0.6537825367807086,47.942421216156234
2026-01-15,6550,33.0,33.1,32.2,33.1,1192620.0,39096658.0,31.770000000000003,31.15,31.05,31.4775,34.473333333333336,37.603541666666665,100.0,71.3235294117647,0.26652816317671224,-0.02144260947504937,0.28797077265176163,38.42036431748539,13.976077376869378,29.66443519552317,,32.78387306037351,31.05,29.316126939626493,1470480.0,1039813.45,0.8110412926391383,32.782158608777316
2026-01-15,6552,25.9,25.95,25.6,25.8,71045.0,1834733.0,25.7,25.639999999999997,25.327499999999997,25.118333333333332,26.368333333333336,27.803958333333334,35.000000000000085,59.74025974025972,0.19400692418596677,0.141941845877958,0.05206507830800877,32.39004874939071,15.107909444821905,29.452707661606844,,26.162570119967107,25.327499999999997,24.492429880032887,93391.6,112020.95,0.7607215209933227,25.824941938208177
2026-01-15,6556,70.0,70.0,69.1,69.9,4000.0,278900.0,70.34,,,,,,34.48275862068975,35.55555555555574,0.1265022589095537,0.22222447016916433,-0.09572221125961064,21.70969552714041,23.36903039452687,16.26312207771836,,,,,11600.0,,0.3448275862068966,69.725
2026-01-15,6558,37.2,37.2,36.35,36.75,470230.0,17224482.0,36.56,36.73,37.684999999999995,38.377500000000005,44.09458333333334,48.03104166666666,42.85714285714289,38.5542168674699,-0.5315003103225564,-0.4777615550699853,-0.0537387552525711,17.342492418461404,18.2546609417945,13.181497022432241,,40.47428400546745,37.684999999999995,34.89571599453254,678856.4,1711550.35,0.6926796300366321,36.62990876804968
2026-01-15,6560,42.6,42.6,41.0,41.25,48000.0,1980200.0,41.53,41.2,40.977500000000006,41.18583333333333,40.97958333333334,38.28895833333333,55.813953488372086,58.921161825726124,0.16930030612559932,0.11632100188598744,0.05297930423961188,28.27948305742976,17.24638291583148,21.08723314606107,,43.094716394976395,40.977500000000006,38.86028360502362,141800.0,168750.0,0.3385049365303244,41.25416666666667
2026-01-15,6561,349.5,356.0,349.5,353.5,92000.0,32488500.0,353.0,357.7,359.0,361.925,393.81666666666666,405.28333333333336,15.151515151515156,50.0,-2.0206561518725152,-0.7412173762667944,-1.2794387756057208,25.563089068053397,22.942925985299375,19.39746806145845,,383.36995561837944,359.0,334.63004438162056,120000.0,193600.0,0.7666666666666667,353.1358695652174
2026-01-15,6568,131.5,134.5,129.0,134.5,591000.0,78270000.0,132.7,127.95,125.85,111.77666666666667,114.37583333333333,119.35249999999999,74.54545454545455,61.53846153846154,5.82864312729231,5.443327807158603,0.3853153201337065,28.91105028230748,10.596370539693563,43.55006854148186,,138.89284437818998,125.85,112.80715562181001,1076800.0,744300.0,0.548848439821694,132.43654822335026
2026-01-15,6569,109.0,109.5,109.0,109.5,12000.0,1312000.0,110.1,109.55,109.325,112.375,117.78333333333333,126.26875,50.0,53.125,-0.2690321300038647,-0.5631102027905903,0.2940780727867256,26.030486965482787,28.568044402300664,9.55981616282729,,111.5320461326051,109.325,107.1179538673949,30400.0,27150.0,0.39473684210526316,109.33333333333333
2026-01-15,6570,39.25,39.3,38.8,39.2,59000.0,2302500.0,39.23,38.785000000000004,38.660000000000004,39.19916666666667,40.64541666666666,42.965625,84.37500000000031,53.70370370370377,0.09651711292736564,-0.0415250564022763,0.13804216932964194,24.375354237464098,14.321440716839337,23.172245540896576,,39.551243956209284,38.660000000000004,37.768756043790724,88400.0,58950.0,0.667420814479638,39.02542372881356
2026-01-15,6573,15.1,15.35,15.05,15.3,133488.0,2032979.0,15.12,15.245,15.15,15.431666666666667,12.654833333333334,12.215750000000002,35.00000000000003,51.61290322580645,-0.068182367180178,-0.07370690561944179,0.0055245384392637875,21.300265793175797,19.35908817564052,10.518345156121681,,15.689980506470915,15.15,14.610019493529085,230689.0,270720.6,0.5786491770305476,15.229676075752128
2026-01-15,6574,65.5,66.0,65.5,66.0,4000.0,263000.0,65.9,66.15,,,,,35.294117647058854,32.87671232876714,-1.0130839542636494,-1.0092932545439923,-0.0037906997196570646,20.316854710035905,35.24308076593744,25.369335060919152,,,,,2800.0,,1.4285714285714286,65.75
2026-01-15,6576,79.9,80.0,79.4,80.0,73000.0,5825300.0,80.24,80.15,79.96000000000001,78.81333333333333,79.37583333333333,75.96374999999999,57.894736842105225,57.8947368421053,0.27068965070499473,0.3513162033603794,-0.08062655265538465,24.13970824902763,14.673823112463607,30.839430748139364,,81.7172706109193,79.96000000000001,78.20272938908072,153200.0,153400.0,0.4765013054830287,79.7986301369863
2026-01-15,6577,71.8,72.3,71.7,71.8,20000.0,1438700.0,70.92,69.84,69.225,69.08999999999999,71.31,81.50708333333334,80.48780487804882,72.1311475409837,0.6446142480233306,0.24826964239863766,0.39634460562469287,40.66538614516203,15.351192803530791,27.144302061005135,,71.6545332018624,69.225,66.79546679813758,35000.0,21800.0,0.5714285714285714,71.935
2026-01-15,6578,20.0,20.2,19.85,20.05,144000.0,2882000.0,19.91,19.825,19.3825,19.543333333333333,21.180416666666666,19.834791666666668,53.84615384615389,78.04878048780482,0.19220867567085165,0.0957681039016238,0.09644057176922785,22.89258369944351,8.915737958902488,24.33299859523273,,20.33078099322146,19.3825,18.43421900677854,100600.0,97150.0,1.4314115308151094,20.01388888888889
2026-01-15,6579,114.0,114.0,112.5,113.0,50022.0,5651149.0,112.9,111.2,108.875,114.99166666666666,118.78333333333333,123.98125,50.0,65.0,0.6569583581641609,-0.31503122138011747,0.9719895795442783,33.36640102161809,20.982748921918034,20.981898846428255,,115.08937213663886,108.875,102.66062786336114,78388.2,84618.5,0.6381317596270868,112.97327176042542
2026-01-15,6581,108.5,109.0,107.5,108.0,14613.0,1581660.0,107.4,105.6,,,,,75.0,55.99999999999999,-0.0457398897874981,-0.6781625602359739,0.6324226704484758,31.950869441521412,13.721986072364247,16.323742424836606,,,,,15169.2,13375.6,0.9633335970255518,108.23650174502156
2026-01-15,6582,32.85,33.1,32.1,32.55,58384.0,1898398.0,31.97,31.805,32.6225,33.04666666666667,32.69125,38.371875,77.77777777777784,37.804878048780445,-0.3887990168771722,-0.37834356885878917,-0.010455448018383051,25.54352782945678,21.202068196365346,17.96025294664481,,34.48189293998251,32.6225,30.763107060017497,45514.6,51214.75,1.2827532264372312,32.51572348588655
2026-01-15,6584,314.0,316.0,309.5,312.0,354000.0,110567500.0,314.9,322.5,328.4,323.60833333333335,277.4458333333333,216.38333333333333,7.936507936507937,35.20408163265306,-4.791791535788548,-1.6639134169674838,-3.127878118821064,20.013769140010808,27.99398479766195,13.228797998306254,,353.15479751482025,328.4,303.6452024851797,649400.0,941950.0,0.5451185709886048,312.3375706214689
2026-01-15,6585,92.0,96.2,90.4,93.8,175525.0,16505738.0,90.64000000000001,87.99,88.49499999999999,91.23833333333333,95.86583333333333,116.02125,100.0,64.57142857142856,-0.08988430040638207,-0.9378339480551496,0.8479496476487676,35.0049611002187,17.271578228412434,17.488753097945004,,93.55941662874665,88.49499999999999,83.43058337125333,129072.4,72793.9,1.359895686451945,94.03639367611451
2026-01-15,6588,48.3,52.5,47.05,52.5,1616000.0,82422250.0,49.0,49.625,49.152499999999996,37.767500000000005,33.565000000000005,33.028958333333335,62.76150627615062,51.691729323308266,2.461847069486268,3.05854245862639,-0.5966953891401219,31.015525810408977,15.488486923518172,36.81760300268834,,53.31782996102444,49.152499999999996,44.987170038975556,797800.0,1718600.0,2.0255703183755327,51.00386757425743
2026-01-15,6589,66.5,67.5,65.7,67.0,920745.0,61481875.0,64.88,63.56,63.120000000000005,68.48,66.395,67.27291666666666,94.23076923076928,77.50000000000001,-0.9584760714818543,-1.7641510629871893,0.805674991505335,27.153905095314645,19.141359169002417,27.728850011682137,,65.93544611777573,63.120000000000005,60.30455388222428,637695.8,524179.55,1.4438624184132935,66.77405253354621
2026-01-15,6590,73.1,73.9,73.1,73.7,9000.0,663200.0,73.4,73.75,74.78,,,,53.33333333333329,37.50000000000002,-0.7402794894185973,-0.6155716716298488,-0.12470781778874851,11.333348344749364,38.88279756110612,39.28647245497278,,77.22914593061998,74.78,72.33085406938002,16400.0,11500.0,0.5487804878048781,73.68888888888888
2026-01-15,6591,72.9,73.2,72.3,72.3,256054.0,18550832.0,73.2,73.7,75.52000000000001,77.33,78.12166666666666,68.99979166666667,38.461538461538446,24.59016393442623,-1.2458500623225177,-0.9539024394315416,-0.2919476228909761,15.696232528998458,28.59729598635604,16.591777182451537,,79.91406298016743,75.52000000000001,71.12593701983259,377967.0,355653.15,0.6774506769109473,72.44890530903638
2026-01-15,6592,62.1,62.5,61.2,62.5,1346595.0,83234478.0,61.11999999999999,60.46,60.82000000000001,61.78,64.92916666666666,68.54833333333335,78.57142857142858,54.999999999999986,-0.16512601544363292,-0.4377432996963193,0.2726172842526864,22.998895038309882,15.996339574893051,16.056790481719137,,62.77701168541009,60.82000000000001,58.86298831458993,2345659.6,1103762.75,0.5740794614870802,61.811070143584374
2026-01-15,6593,37.8,37.8,37.0,37.1,47000.0,1752900.0,37.29,37.875,38.06,40.295833333333334,45.995000000000005,51.627500000000005,30.26315789473682,43.22033898305084,-0.7237578032047125,-0.7541117288457045,0.03035392564099204,23.52951709469923,23.47497546179139,9.66591455212617,,40.03793086995492,38.06,36.082069130045085,52400.0,103150.0,0.8969465648854962,37.295744680851065
2026-01-15,6596,142.0,143.5,142.0,142.5,113000.0,16095000.0,142.3,142.25,141.4,144.275,147.65416666666667,130.80833333333334,44.444444444444436,58.62068965517242,0.08935940560863287,-0.19099744994143225,0.2803568555500651,23.093998622523788,25.603032278373544,7.81023846562364,,144.4366186180603,141.4,138.36338138193972,316000.0,278750.0,0.3575949367088608,142.43362831858408
2026-01-15,6598,23.5,24.65,23.5,24.6,213512.0,5175756.0,23.830000000000002,23.125,22.4575,22.0775,21.671666666666667,21.35604166666667,78.74999999999999,77.27272727272727,0.604497614286462,0.3683216924302743,0.2361759218561877,46.22612260238563,14.827099891201476,39.405200915447125,,24.36821080738903,22.4575,20.54678919261097,379138.0,162282.3,0.5631511481307597,24.241054366967663
2026-01-15,6603,31.4,31.75,30.6,31.35,4823000.0,150891200.0,32.64,30.340000000000003,28.9125,23.56416666666667,20.116249999999997,18.560416666666665,68.71794871794873,64.75409836065573,2.202175644136787,2.0024485777778325,0.19972706635895454,35.005438901702476,15.31489424849186,44.413476134508784,,33.77144454642773,28.9125,24.05355545357227,13972600.0,6492550.0,0.3451755578775604,31.28575575368028
2026-01-15,6605,150.0,154.0,147.5,153.0,1634363.0,247069763.0,144.7,140.6,141.25,140.24166666666667,142.63333333333333,167.0625,92.10526315789474,65.57377049180329,1.5003217022943147,0.2561265662103925,1.2441951360839223,39.49069629248395,15.57347944014054,16.17550512591695,,149.4738421037452,141.25,133.0261578962548,952391.6,848335.75,1.7160619644272377,151.17190183576108
2026-01-15,6606,25.35,25.55,25.0,25.0,103122.0,2594601.0,25.18,25.235,25.2075,25.110000000000003,25.022499999999997,25.622708333333332,23.529411764705856,45.00000000000001,0.014765141657072434,0.040110853946505515,-0.02534571228943308,26.494033880326906,16.368684563587472,24.330882661882683,,25.44652213066338,25.2075,24.96847786933662,65675.2,53997.5,1.570181742880113,25.160499214522606
2026-01-15,6609,40.4,41.65,39.5,41.25,1092000.0,44186200.0,38.65,37.8,37.4625,36.24333333333333,38.36,47.35125000000001,92.00000000000003,72.92817679558009,0.7591601907004346,0.4414944824365856,0.317665708263849,37.84349382205801,9.672780505322384,35.73102812891853,,39.811043781743095,37.4625,35.1139562182569,574800.0,264350.0,1.8997912317327765,40.46355311355311
2026-01-15,6612,83.5,88.3,83.5,85.2,279000.0,24010300.0,76.86,74.56,75.115,82.235,92.32083333333334,105.22291666666666,83.67346938775509,71.61016949152543,-0.9129058762627693,-2.322133230398362,1.4092273541355929,47.94020701440515,18.739037382435093,39.69944934817044,,81.96659220833585,75.115,68.26340779166414,88000.0,43200.0,3.1704545454545454,86.0584229390681
2026-01-15,6613,202.5,211.5,202.5,208.5,448000.0,92856000.0,199.8,200.6,199.1,183.09166666666667,185.59166666666667,186.27916666666667,64.0,62.0253164556962,4.3297060692619596,4.745729506160689,-0.41602343689872967,35.7212519457149,19.440140928935108,31.242359338343565,,207.58279993497675,199.1,190.61720006502324,385200.0,236750.0,1.1630321910695742,207.26785714285714
2026-01-15,6615,29.25,29.55,29.25,29.55,3000.0,88300.0,29.85,,,,,,36.36363636363641,41.772151898734194,-0.23346968000225488,-0.18792581852856535,-0.04554386147368952,24.742638621453157,23.700795911462606,11.66415278834055,,,,,9200.0,,0.32608695652173914,29.433333333333334
2026-01-15,6616,10.2,10.25,9.99,10.0,87000.0,873550.0,10.25,10.147,9.913,9.668833333333334,9.807833333333333,,53.55191256830604,57.8125,0.16525080989422136,0.14551219518941572,0.019738614704805646,33.57587712903945,13.754966315146214,35.52954814472987,,10.610939825486483,9.913,9.215060174513518,127200.0,96650.0,0.6839622641509434,10.040804597701149
2026-01-15,6617,80.0,81.8,79.3,80.4,308000.0,24929000.0,79.8,80.57000000000001,83.26,85.95333333333335,93.2175,96.7525,49.36708860759497,30.612244897959286,-1.6315096855261118,-1.2286610141512828,-0.40284867137482894,21.428274054844394,24.188960007441015,17.598751960589745,,89.30523300669736,83.26,77.21476699330265,184400.0,168600.0,1.6702819956616053,80.93831168831169
2026-01-15,6624,66.4,66.4,60.0,61.8,305000.0,19315400.0,62.919999999999995,62.129999999999995,63.57000000000001,,,,54.62184873949577,42.22222222222222,2.0043141962891866,2.8946075933893547,-0.8902933971001681,35.10240188842661,29.60437211641791,28.27633176324362,,70.0152675417083,63.57000000000001,57.124732458291724,377200.0,293850.0,0.8085896076352068,63.329180327868855
2026-01-15,6625,89.0,89.0,88.2,88.5,283574.0,25095215.0,85.92,83.71000000000001,82.155,83.00833333333334,84.91666666666667,83.15166666666666,100.0,91.30434782608685,0.9578667904251859,-0.031579291579421576,0.9894460820046074,43.4085065256264,16.100569961770198,20.923616692418197,,87.72388914558277,82.155,76.58611085441723,541621.0,246901.65,0.5235653713574622,88.49617736463851
2026-01-15,6629,123.0,123.5,121.0,121.0,14000.0,1704000.0,119.8,121.8,125.225,129.41666666666666,113.645,108.14541666666668,33.33333333333333,31.578947368421055,-2.504628160907302,-1.9961887015682087,-0.5084394593390933,16.607982260684466,33.958349515499975,25.414539614875757,,133.60087387428328,125.225,116.84912612571671,103200.0,50500.0,0.13565891472868216,121.71428571428571
2026-01-15,6637,80.0,80.1,79.4,79.5,20000.0,1593300.0,80.12,79.53,78.73,79.33833333333334,83.31083333333335,83.74583333333334,60.0,56.25000000000005,0.24933796744400638,0.048568388584907994,0.20076957885909838,27.914125791509786,22.089819987590197,14.48867854354592,,81.00119259189977,78.73,76.45880740810024,59200.0,40150.0,0.33783783783783783,79.665
2026-01-15,6640,793.0,794.0,757.0,765.0,500000.0,384194000.0,786.2,740.9,671.45,618.5666666666667,648.0666666666667,578.4041666666667,73.68421052631578,71.85792349726776,50.20484524767812,36.17074344643222,14.034101801245903,43.998202611851504,15.415665743055854,39.16470414617185,,834.4501291571955,671.45,508.44987084280456,995200.0,545900.0,0.502411575562701,768.388
2026-01-15,6641,28.3,28.3,26.2,27.2,2201350.0,61112521.0,23.439999999999998,21.32,20.2375,20.336666666666662,20.627499999999998,,99.3865030674847,95.48022598870061,1.211616367125469,0.3357868891238481,0.8758294780016209,81.79004854027241,4.898060160990511,30.9006504378138,,25.010767114605073,20.2375,15.464232885394928,622868.8,172610.6,3.534211378062282,27.761383242101438
2026-01-15,6642,54.3,55.3,54.1,54.1,148000.0,8064100.0,53.379999999999995,52.67999999999999,52.235,53.916666666666664,54.590833333333336,57.50625,86.20689655172418,86.4864864864865,0.15656360843765071,-0.2062103815792371,0.3627739900168878,26.034350280049555,10.443575476004142,19.223757028798772,,53.82347825226162,52.235,50.646521747738376,147200.0,82200.0,1.0054347826086956,54.487162162162164
2026-01-15,6643,417.0,420.5,407.5,407.5,446000.0,183543500.0,423.5,419.5,399.725,415.5833333333333,450.01666666666665,515.6125,8.490566037735846,59.047619047619044,3.965209331700464,0.3786479265484552,3.586561405152009,29.233189153536994,22.795677462948493,26.458038655036074,,450.44868386920587,399.725,349.0013161307942,658400.0,667550.0,0.6773997569866342,411.5325112107623
2026-01-15,6645,18.0,18.1,17.8,17.8,22178.0,397804.0,17.910000000000004,17.84,18.045,19.395833333333332,20.285833333333333,20.553958333333338,51.16279069767444,40.845070422535215,-0.2967786583602461,-0.33678933527462807,0.04001067691438198,27.347435805882064,30.87753284379659,13.434333127818993,,18.848872207703067,18.045,17.241127792296936,32967.0,35379.1,0.672733339400006,17.93687438001623
2026-01-15,6649,49.4,52.4,49.4,51.2,236000.0,12061550.0,48.75,48.489999999999995,47.927499999999995,52.08583333333333,53.88125,46.183125,67.27272727272732,66.00000000000003,-0.1901572387839252,-0.7260800199888349,0.5359227812049097,34.986676063817654,16.539900888706473,14.406688084900017,,50.20772967449147,47.927499999999995,45.64727032550852,108400.0,89900.0,2.177121771217712,51.108262711864406
2026-01-15,6651,81.4,82.1,81.0,82.0,74000.0,6027300.0,80.82000000000001,80.7,80.47999999999999,77.1,74.7825,81.94083333333333,59.67741935483873,57.28155339805822,0.879206208566444,0.9819188873531479,-0.10271267878670387,27.639114998799748,20.830384712231865,18.70954346564113,,82.19629956899034,80.47999999999999,78.76370043100964,80400.0,95100.0,0.9203980099502488,81.45
2026-01-15,6654,96.9,98.0,96.5,96.9,40000.0,3887500.0,92.96000000000001,88.71000000000001,87.33500000000001,84.83833333333334,78.78500000000001,,97.69230769230771,73.91304347826086,2.1799146161355623,0.8941303197096749,1.2857842964258874,44.156962928030744,16.199394549819754,26.560579169371685,,95.8676061916077,87.33500000000001,78.80239380839231,130600.0,52200.0,0.30627871362940273,97.1875
2026-01-15,6655,119.0,120.5,119.0,120.0,19005.0,2280100.0,118.6,119.15,118.875,,,,50.0,51.61290322580645,1.3063030532992599,1.6617336280706148,-0.35543057477135487,26.653096086222543,25.546120568108176,16.362707731609166,,121.48822547217341,118.875,116.26177452782659,23201.8,16621.2,0.8191174822643071,119.97369113391213
2026-01-15,6657,42.75,42.75,42.05,42.25,131010.0,5546880.0,41.84,41.4,41.7975,43.344166666666666,49.5225,57.51791666666667,68.42105263157885,51.99999999999997,-0.4026515379269071,-0.5825313615889932,0.1798798236620861,24.883480658445762,16.8192742220523,12.917812787846238,,43.12155875206873,41.7975,40.47344124793127,199777.4,186084.95,0.65577988300979,42.33936340737348
2026-01-15,6658,58.7,58.7,56.3,57.7,202311.0,11605747.0,56.58,57.410000000000004,55.214999999999996,53.00333333333333,58.454166666666666,65.63375,51.35135135135137,65.42239685658154,1.5836028117983645,1.6045737517203924,-0.02097093992202792,28.175441645432812,16.696283622328266,28.88837102360773,,63.49624704567961,55.214999999999996,46.93375295432038,372479.6,797275.4,0.5431465239975559,57.365872345052914
2026-01-15,6661,18.95,18.95,18.6,18.6,7000.0,131750.0,18.669999999999998,18.634999999999998,,,,,57.89473684210538,47.058823529411825,-0.05739853185807675,-0.09186757841694576,0.03446904655886901,32.12053636334648,19.16451592969158,20.646911800315703,,,,,7400.0,,0.9459459459459459,18.821428571428573
2026-01-15,6662,30.3,30.4,30.0,30.25,12000.0,362350.0,,,,,,,86.36363636363643,54.54545454545455,-0.29368706167368686,-0.23036033340225956,-0.0633267282714273,14.728186566298312,20.908079702874694,22.44449976953982,,,,,,,,30.195833333333333
2026-01-15,6664,300.0,303.5,292.0,300.0,661000.0,196509500.0,297.3,300.65,295.65,277.85,261.7916666666667,235.54583333333332,44.827586206896555,58.91472868217055,4.939930852874397,6.295963191248312,-1.3560323383739146,30.750682486319924,21.00501245355846,29.925520956148535,,312.79059508886144,295.65,278.5094049111385,656800.0,853150.0,1.006394640682095,297.2912254160363
2026-01-15,6666,45.65,45.65,45.45,45.45,15011.0,684350.0,45.75,45.485,45.1,46.39333333333333,,,48.076923076923194,61.06194690265483,0.03360653299460381,-0.13002909334007257,0.16363562633467638,31.550133892388683,32.59683336315746,16.922260577528846,,46.24891252930836,45.1,43.95108747069164,23105.6,13439.5,0.6496693442282391,45.58990073945773
2026-01-15,6667,272.0,275.0,268.0,274.5,787000.0,213784000.0,267.3,265.05,267.125,255.80833333333334,261.04583333333335,231.6625,77.27272727272728,62.33766233766234,2.4962931701178377,2.4326240707477838,0.06366909937005394,23.613511269306734,16.440356675203255,17.090732515531418,,277.67251155486724,267.125,256.57748844513276,1035400.0,684200.0,0.760092717790226,271.6442185514612
2026-01-15,6668,40.0,40.0,38.8,39.1,511820.0,20004415.0,39.93,38.21,38.195,38.645833333333336,41.77666666666667,43.313125,67.05202312138732,54.36507936507938,0.29117660134263446,-0.012077462259283555,0.30325406360191803,31.303004577051276,22.38603033664542,15.050995429152916,,41.01539564227282,38.195,35.37460435772718,1291208.8,541019.95,0.3963882526203353,39.08486381931148
2026-01-15,6669,3980.0,4005.0,3920.0,3945.0,954143.0,3774998640.0,4028.0,4309.5,4300.25,4318.5,3723.125,2969.7708333333335,7.100591715976336,38.52140077821011,-71.11614713922154,-4.064263880030172,-67.05188325919137,20.4420065136551,31.08663615543405,19.002741818697498,,4754.753488493357,4300.25,3845.746511506643,2851905.0,1634432.2,0.334563388331659,3956.4285856522556
2026-01-15,6670,278.5,284.5,277.5,280.0,754314.0,212414078.0,274.3,265.05,260.6,251.18333333333334,258.92083333333335,,93.75,75.51020408163265,6.3820338093582905,3.967612570123462,2.4144212392348283,40.068332275852754,12.746261767929637,23.813337192400923,,278.9004170214158,260.6,242.29958297858423,689894.8,648078.5,1.0933753957849806,281.59901314306774
2026-01-15,6671,37.5,37.65,37.2,37.2,5161.0,192775.0,37.089999999999996,36.45,,,,,82.35294117647071,72.60273972602752,0.31284678744125216,0.11860532254392825,0.1942414648973239,28.824328439548815,16.96007545552648,20.861881198032165,,,,,13350.8,,0.3865685951403661,37.35225731447394
2026-01-15,6672,102.0,103.0,96.8,103.0,8094775.0,807120189.0,95.94000000000001,93.22,92.705,90.10333333333332,93.18250000000002,83.84333333333333,80.69306930693068,66.23376623376623,1.875377471910653,0.9047032513746215,0.9706742205360316,34.86509339466572,11.15057553681296,24.74738754439609,,100.14669618468994,92.705,85.26330381531005,3182106.0,1676826.8,2.5438420341748516,99.70878609967541
2026-01-15,6674,21.6,21.75,20.7,21.3,397709.0,8444515.0,20.71,20.410000000000004,20.285,20.519999999999996,22.245416666666664,22.732916666666668,75.00000000000003,55.55555555555557,0.130280342896679,-0.029231010712723014,0.15951135360940202,28.100509129232925,10.086520708758918,19.300084913667966,,21.49856369511684,20.285,19.07143630488316,244135.8,91883.15,1.6290482592065565,21.232898928613636
2026-01-15,6679,180.0,180.0,173.0,173.5,164000.0,28617500.0,175.2,174.9,177.675,187.15,198.85833333333332,220.33541666666667,40.476190476190474,43.43434343434343,-2.7566395409772326,-3.0684036298821304,0.3117640889048978,20.059334476415483,20.57595634003517,8.382198092331523,,185.29267335664173,177.675,170.0573266433583,132200.0,157650.0,1.2405446293494704,174.4969512195122
2026-01-15,6680,63.5,66.4,61.8,63.9,78000.0,4948500.0,,,,,,,64.17910447761194,63.70370370370371,-0.9938631342738375,-1.672338384030984,0.6784752497571465,28.745943522167728,15.042320347622908,20.44113682214856,,,,,,,,63.44230769230769
2026-01-15,6683,404.0,409.0,398.0,402.0,412000.0,165629500.0,399.7,402.25,410.2,408.94166666666666,399.1958333333333,380.9375,53.086419753086425,41.40127388535033,-5.318764442966824,-3.8151864154159143,-1.5035780275509096,22.99933195760734,21.650078257295405,12.111277418928996,,433.57880281478873,410.2,386.82119718521125,650800.0,567400.0,0.6330669944683467,402.0133495145631
2026-01-15,6684,50.3,50.4,49.4,49.45,119000.0,5906250.0,49.42999999999999,49.195,50.4625,54.04083333333333,55.782916666666665,54.87166666666667,57.407407407407426,37.438423645320235,-1.0230178481626524,-1.1184622886359774,0.09544444047332501,18.447777393820076,20.98031434383387,9.765491350163058,,53.570024823120754,50.4625,47.35497517687924,227000.0,223500.0,0.5242290748898678,49.63235294117647
2026-01-15,6689,62.1,62.3,60.7,61.0,119843.0,7331856.0,60.92,60.529999999999994,61.144999999999996,64.435,70.60333333333332,81.23499999999999,63.157894736842074,46.391752577319586,-0.7786643236913946,-0.9896939057215159,0.21102958203012134,18.40819551742078,21.3487476261432,10.769548896331528,,62.949643134273636,61.144999999999996,59.340356865726356,160708.2,200525.2,0.7457180156333031,61.1788423187003
2026-01-15,6690,170.0,170.5,169.0,169.5,13000.0,2206000.0,169.4,169.85,170.125,170.525,174.55,179.69583333333333,52.94117647058823,48.93617021276596,-0.2949357964939736,-0.2190613910762703,-0.07587440541770332,26.877920360590846,20.4501308490322,17.77966216073574,,173.35112689409235,170.125,166.89887310590765,28000.0,33400.0,0.4642857142857143,169.69230769230768
2026-01-15,6691,615.0,631.0,610.0,624.0,1411634.0,882579752.0,603.8,587.2,581.4,514.325,486.25,458.9770833333333,96.72131147540983,75.21367521367522,19.930855879023284,18.059954547710287,1.8709013313129965,29.24740680454451,9.516446271883316,35.2681615901179,,623.8234294750062,581.4,538.9765705249938,1584481.4,1266418.55,0.8909123199552864,625.2185424833916
2026-01-15,6692,32.5,32.5,31.5,32.35,27000.0,863050.0,31.49,30.02,,,,,86.84210526315795,65.56291390728478,0.13043668361204652,-0.28502200910639,0.4154586927184365,32.3946671067275,16.74689014053973,26.883287919540873,,,,,110800.0,,0.24368231046931407,31.964814814814815
2026-01-15,6693,95.3,96.5,89.3,89.3,672000.0,61673300.0,88.08000000000001,84.00999999999999,81.47999999999999,76.76166666666667,67.41166666666666,66.67875,71.60493827160492,63.84180790960452,3.1698062824298887,1.9778206614132368,1.191985621016652,38.3042285453795,14.657425650102393,25.99356091389266,,91.57149720256939,81.47999999999999,71.38850279743059,951800.0,440500.0,0.7060306787140156,91.77574404761904
2026-01-15,6695,44.3,44.5,43.5,43.6,267706.0,11732748.0,43.91,44.05,44.7625,45.66916666666667,48.34166666666667,48.22708333333333,37.83783783783784,38.96103896103899,-0.40131225440376994,-0.30269854378948274,-0.0986137106142872,19.58634130829872,21.849042379245077,13.281492373299145,,46.53684198329406,44.7625,42.988158016705945,291389.4,351066.5,0.9187225067212464,43.82698930916752
2026-01-15,6697,48.65,48.8,47.5,48.4,41000.0,1981350.0,47.08,47.65,47.980000000000004,,,,55.88235294117645,51.32743362831857,-0.3800940918376057,-0.35885423497890817,-0.021239856858697503,26.39129852015522,23.123504154503514,17.268871820761056,,49.36503277559541,47.980000000000004,46.5949672244046,39000.0,27200.0,1.0512820512820513,48.32560975609756
2026-01-15,6698,33.4,34.0,33.05,33.5,242580.0,8117684.0,33.4,33.65,31.4925,31.495833333333334,33.305416666666666,32.174166666666665,47.727272727272705,68.51851851851849,0.9023584447752562,0.6921721157205726,0.2101863290546836,28.16329446657645,21.945243005765473,19.864239683048556,,36.32563943954706,31.4925,26.65936056045294,304945.4,523721.8,0.7954866674493204,33.46394591474977
2026-01-15,6703,109.5,112.0,109.5,111.0,139000.0,15397000.0,106.8,106.6,108.075,107.18333333333334,113.4875,123.72916666666667,72.72727272727272,55.88235294117647,-0.319803856531621,-0.49099028685362117,0.17118643032200015,36.34415565727834,16.173057056886908,21.430074583937973,,112.96618433616898,108.075,103.18381566383103,95600.0,48650.0,1.4539748953974896,110.76978417266187
2026-01-15,6706,114.5,117.0,113.0,115.0,2247726.0,259048250.0,117.1,124.25,125.2,99.23833333333333,83.64833333333333,81.16166666666668,3.5714285714285694,23.07692307692308,3.1315785573559225,6.744406958015208,-3.6128284006592857,21.08590610338966,26.92684568533427,29.27373877032316,,145.9628210232145,125.2,104.4371789767855,4740215.6,11259426.45,0.47418222917961794,115.24903391249646
2026-01-15,6708,42.55,42.55,41.95,42.1,17000.0,718800.0,41.870000000000005,41.835,40.0775,,,,58.333333333333435,74.22680412371135,1.0903631273514094,0.9453812815962318,0.14498184575517759,31.35377752825329,8.200799176066237,48.78649892170561,,44.72649253375862,40.0775,35.42850746624138,23200.0,37350.0,0.7327586206896551,42.28235294117647
2026-01-15,6712,160.5,160.5,159.5,160.0,276000.0,44170000.0,161.0,163.0,163.975,165.05833333333334,,,0.0,33.33333333333333,-1.4683778731275083,-0.9744382528737628,-0.4939396202537455,16.419792970413848,22.936557659468942,14.405493340876747,,168.69310622133452,163.975,159.25689377866547,194800.0,222500.0,1.4168377823408624,160.03623188405797
2026-01-15,6715,102.5,102.5,99.8,102.5,96908.0,9767363.0,103.1,101.69,101.39000000000001,94.74333333333334,99.20916666666668,113.52125,61.11111111111111,58.88324873096447,1.8504241915528326,2.078929778810046,-0.22850558725721326,24.422770305097586,14.880808750308006,26.797170297186735,,105.12878674383663,101.39000000000001,97.6512132561634,118902.8,66799.15,0.8150186538920866,100.79005861229207
2026-01-15,6716,47.5,47.7,46.8,46.9,16000.0,753250.0,47.0,46.55,46.864999999999995,49.55,48.60541666666666,55.33125,56.3636363636364,45.83333333333331,-0.47476017691393224,-0.6682171895641865,0.19345701265025428,23.246987989245138,17.03379280071255,11.61358406077766,,48.13535013820346,46.864999999999995,45.59464986179653,29400.0,36450.0,0.54421768707483,47.078125
2026-01-15,6719,184.0,184.0,180.0,182.5,384824.0,69862305.0,181.9,183.8,189.825,193.79166666666666,195.41666666666666,197.55625,35.71428571428572,24.48979591836735,-4.116448603680311,-3.2661506500538775,-0.8502979536264337,11.847191501494153,24.440103913105798,22.661058730630874,,202.85643971527307,189.825,176.7935602847269,357331.0,282363.9,1.0769398680774969,181.54352379269486
2026-01-15,6720,117.0,119.0,117.0,118.0,24000.0,2845500.0,117.9,119.3,121.55,,,,20.0,17.647058823529406,-2.3270838676701686,-2.004738844109712,-0.3223450235604566,17.263394658181475,17.66202839770827,11.245688806927605,,127.01664527167921,121.55,116.08335472832078,54800.0,57200.0,0.43795620437956206,118.5625
2026-01-15,6721,62.0,62.0,62.0,62.0,6000.0,372000.0,61.58,61.29,,,,,100.0,75.0,0.04712115829148189,-0.0664741232101175,0.1135952815015994,47.660170507735884,26.596494215149768,27.891247553368903,,,,,9600.0,,0.625,62.0
2026-01-15,6727,173.0,187.5,173.0,179.0,1012000.0,183559000.0,175.6,176.2,178.75,174.125,168.75916666666666,119.93666666666667,61.702127659574465,50.354609929078016,-0.3847113778937228,0.29670459077734535,-0.6814159686710681,32.47021846584591,12.904708704179885,24.05649098954418,,189.7691221352501,178.75,167.7308778647499,543000.0,556650.0,1.863720073664825,181.3824110671937
2026-01-15,6728,144.0,144.0,143.0,143.0,27000.0,3878000.0,141.6,137.25,135.2,133.875,138.35,146.39166666666668,85.18518518518519,76.47058823529412,2.2986591536093783,1.1199983040007642,1.1786608496086142,41.2267111062641,15.046365284249738,30.729591798399,,143.10336370760825,135.2,127.29663629239172,111800.0,35750.0,0.24150268336314848,143.62962962962962
2026-01-15,6732,177.0,177.0,171.0,176.5,189000.0,32864500.0,175.0,175.25,175.5,181.25,192.45833333333334,194.95833333333334,38.095238095238095,50.98039215686275,-1.2128637688810215,-1.6436792369096458,0.43081546802862425,19.293057939758462,25.182689877512388,9.680401222595894,,178.93358030110642,175.5,172.06641969889358,154800.0,108000.0,1.2209302325581395,173.8862433862434
2026-01-15,6733,38.15,38.15,37.5,37.7,165000.0,6208000.0,38.019999999999996,38.395,38.38,39.542500000000004,39.35125,35.04479166666667,13.043478260869989,45.23809523809527,-0.25991607755211277,-0.1970347666848674,-0.06288131086724535,29.251055246968694,20.646723911403853,20.84605459006234,,39.21754025826197,38.38,37.542459741738035,290800.0,229700.0,0.5674002751031637,37.624242424242425
2026-01-15,6735,59.2,61.0,58.9,58.9,102000.0,6054500.0,56.81999999999999,55.67,56.269999999999996,60.10333333333333,61.71333333333334,,68.695652173913,57.99999999999999,-0.6218043208297814,-1.247568963530957,0.6257646427011756,31.75362404894846,19.04087077509482,14.554964963089803,,59.990837483544084,56.269999999999996,52.54916251645591,131400.0,57600.0,0.776255707762557,59.3578431372549
2026-01-15,6739,724.0,728.0,712.0,725.0,142000.0,102093000.0,723.6,740.0,738.8,723.5166666666667,685.5833333333334,498.41041666666666,46.51162790697674,48.034934497816586,-0.8681106232758111,3.6053873399207172,-4.473497963196529,27.830139009584137,21.664559133231894,21.020363024113173,,787.8009666929155,738.8,689.7990333070844,241600.0,357250.0,0.5877483443708609,718.9647887323944
2026-01-15,6741,73.9,75.7,72.9,72.9,596000.0,44072900.0,72.8,73.07,72.655,,,,45.71428571428574,48.18181818181822,0.1272408326659331,0.11214612883647584,0.015094703829457268,29.22481860889881,16.308164759439084,16.82284587794838,,74.64389019569518,72.655,70.66610980430482,318400.0,285050.0,1.8718592964824121,73.9478187919463
2026-01-15,6742,45.9,50.4,45.9,48.85,2475758.0,121361068.0,46.019999999999996,45.845,46.22,45.70916666666667,50.74208333333333,54.422291666666666,74.50980392156862,57.08812260536398,0.08367971391321305,-0.017150231015731744,0.10082994492894479,35.366355254761814,18.694260529733075,18.043586014462146,,48.356992475915455,46.22,44.08300752408454,681996.0,321907.55,3.630164986304905,49.01976202843735
2026-01-15,6743,27.5,27.5,27.15,27.5,103532.0,2830341.0,27.369999999999997,27.355,27.560000000000002,28.5875,30.19,32.63,56.71641791044775,47.27272727272726,-0.2934910295099584,-0.3595799780017007,0.0660889484917423,25.132487215710984,19.208036297996937,15.702392436394899,,28.234809914744858,27.560000000000002,26.885190085255147,125449.4,113511.25,0.8252889212702492,27.33783757678785
2026-01-15,6751,56.4,62.0,56.4,59.5,297000.0,17867700.0,55.82000000000001,55.8,54.125,53.07666666666667,,,76.25000000000001,70.32967032967034,0.88845751777054,0.48011883339965156,0.4083386843708885,43.29693800720208,15.249875687496992,22.25945487561761,,58.61023894804388,54.125,49.63976105195612,101200.0,82550.0,2.9347826086956523,60.160606060606064
2026-01-15,6752,126.5,126.5,124.5,125.0,40000.0,5015500.0,124.6,124.65,124.1,124.3,133.52916666666667,141.27083333333334,42.857142857142854,51.78571428571429,0.2608249768808406,0.12448107794638673,0.13634389893445387,27.66342438073284,16.52828541868104,17.761993013921725,,127.10175387329323,124.1,121.09824612670675,51800.0,52000.0,0.7722007722007722,125.3875
2026-01-15,6753,139.5,140.0,136.5,138.5,1022244.0,140909764.0,137.2,134.55,135.0,126.2,132.045,118.46125,76.47058823529412,44.44444444444444,2.534728206193563,2.4300403569652542,0.10468784922830876,29.54190363165305,8.433131273102884,42.5999275475469,,144.24519790002037,135.0,125.75480209997964,1990043.6,2081952.9,0.5136791977824003,137.84357159347473
2026-01-15,6754,48.0,48.0,47.65,48.0,9503.0,453634.0,47.81,47.83,47.802499999999995,47.07666666666667,48.61416666666667,55.298750000000005,80.0000000000002,53.48837209302322,0.18338758707994174,0.21020233796512003,-0.02681475088517829,28.793047928846082,24.333392012446435,12.47466145934033,,48.54196993817295,47.802499999999995,47.06303006182704,97417.8,32062.0,0.09754890789978833,47.73587288224771
2026-01-15,6756,84.4,84.4,83.2,83.3,88016.0,7356086.0,82.5,81.77000000000001,82.105,81.14833333333333,85.44416666666666,95.84291666666668,48.57142857142854,51.57232704402516,0.38923357560561556,0.24931080241929565,0.1399227731863199,26.16971285627816,21.246188528068565,12.64723610123004,,84.66088073189782,82.105,79.54911926810219,149726.0,141223.3,0.5878471340982862,83.57669060170878
2026-01-15,6757,67.2,67.5,66.5,66.6,1095865.0,73263082.0,66.56,65.83,65.89000000000001,67.38666666666667,74.7825,81.35999999999999,61.53846153846133,57.33333333333327,-0.27937328242755655,-0.5712452982159778,0.29187201578842126,22.692119650043505,17.79475928711234,22.3199478929039,,67.79611205282426,65.89000000000001,63.98388794717577,1298103.6,1775367.15,0.8442045765838719,66.8541125047337
2026-01-15,6761,134.0,134.5,130.5,132.0,367000.0,48271500.0,134.3,136.4,135.825,133.65833333333333,132.47916666666666,116.02458333333334,22.58064516129032,38.66666666666667,0.8651587757941286,1.5507793003292933,-0.6856205245351648,21.618602065669663,22.793361292202974,16.2237033396306,,146.34453070796317,135.825,125.3054692920368,322200.0,569300.0,1.139044072004966,131.5299727520436
2026-01-15,6762,173.0,176.5,170.0,176.5,29000.0,4979500.0,,,,,,,53.846153846153854,43.99999999999999,-5.459998279214659,-4.9783038686879735,-0.4816944105266856,20.133897428930535,13.540781551267095,25.37134544468653,,,,,,,,171.70689655172413
2026-01-15,6763,57.7,57.7,56.6,56.6,386000.0,21927500.0,56.96,57.15999999999999,57.254999999999995,59.11666666666667,59.607499999999995,59.863749999999996,43.181818181818144,44.943820224719104,-0.41080344939655333,-0.4309900502863989,0.020186600889845585,18.698940105476332,16.702630510685918,6.189356105590367,,58.43282136057758,57.254999999999995,56.077178639422414,530200.0,441500.0,0.7280271595624292,56.806994818652846
2026-01-15,6767,27.45,27.6,27.35,27.6,20000.0,548800.0,27.610000000000003,27.705000000000002,27.8625,,,,30.000000000000213,37.93103448275869,-0.21978016258917776,-0.21447833681428374,-0.00530182577489402,19.056579155272207,22.91113464486411,10.58991600275399,,28.30004698995861,27.8625,27.424953010041392,22200.0,17600.0,0.9009009009009009,27.44
2026-01-15,6768,108.0,108.5,106.5,107.5,465915.0,50048679.0,105.9,104.7,107.475,112.74166666666666,109.62583333333333,113.945,66.66666666666666,43.18181818181818,-2.1412501560305657,-2.4813853291606507,0.340135173130085,18.545377756436775,22.37413362158692,18.51560172335396,,115.0246601526842,107.475,99.92533984731578,806145.8,751313.9,0.577953764691201,107.4201925243875
2026-01-15,6770,51.0,51.3,49.85,51.3,54236143.0,2754839748.0,49.980000000000004,48.205,43.425,36.38166666666667,27.92375,22.700208333333332,65.90909090909088,79.7814207650273,4.226584238689419,3.563491109153321,0.6630931295360982,34.535988032486244,12.283802842896026,45.547465897163754,,54.52869781933744,43.425,32.321302180662556,69377975.0,262465837.85,0.781748717802732,50.79343027766558
2026-01-15,6771,46.6,46.9,46.15,46.15,52534.0,2437528.0,45.79,45.245000000000005,45.167500000000004,47.03666666666666,50.05416666666667,53.39791666666667,71.28712871287125,55.865921787709475,-0.14213842044249247,-0.43669746942014315,0.2945590489776507,41.169600580036416,17.620507086606246,21.967166843076978,,46.975166422418866,45.167500000000004,43.35983357758114,67245.8,38710.3,0.7812235113568431,46.39905584954506
2026-01-15,6776,57.9,58.3,57.3,57.9,620175.0,35829070.0,57.94,56.669999999999995,53.105,51.75916666666667,53.408750000000005,55.0625,58.66666666666664,78.57142857142856,2.0916673025599763,1.4972879920145383,0.594379310545438,33.822054322193644,14.441948936838731,33.98394012434254,,61.095777578921336,53.105,45.11422242107866,2235653.4,1446076.15,0.27740212324504326,57.77251582214697
2026-01-15,6781,1210.0,1210.0,1165.0,1170.0,1815801.0,2139945185.0,1238.0,1263.0,1290.5,1288.75,1261.2333333333333,1115.2083333333333,22.22222222222223,36.781609195402304,-24.84540408709836,-10.731093305292003,-14.114310781806356,15.635211959416944,27.352735072879803,11.225326750141152,,1385.196190108438,1290.5,1195.803809891562,1359221.6,1329895.0,1.3359124075132414,1178.5130556707481
2026-01-15,6782,183.0,184.0,178.5,181.5,378156.0,68747621.0,177.8,177.1,175.75,179.61666666666667,187.14166666666668,180.62083333333334,61.76470588235294,64.15094339622641,0.6011919698011923,-0.18932355900231174,0.790515528803504,29.97148726991575,18.386811931825445,11.069726811345665,,180.78147984927654,175.75,170.71852015072346,276432.8,145732.25,1.3679852752640063,181.79698589999893
2026-01-15,6785,274.0,283.0,272.5,279.5,114000.0,31777500.0,278.9,281.7,287.825,272.8833333333333,241.71666666666667,194.65,55.55555555555556,33.098591549295776,0.5461820361522314,3.377962909577839,-2.8317808734256076,23.684069325507057,24.849556219785864,14.378090297011497,,312.9023015420638,287.825,262.74769845793617,90400.0,172650.0,1.261061946902655,278.75
2026-01-15,6788,342.0,350.0,338.5,345.0,1389000.0,477824000.0,344.9,359.15,349.025,270.075,266.5,241.62708333333333,30.25210084033614,49.19614147909967,20.761597255002073,27.420319591457016,-6.658722336454943,25.771281446248306,16.813680118361262,49.76657568320741,,401.3644537710561,349.025,296.68554622894385,2383400.0,2694850.0,0.5827809012335319,344.00575953923686
2026-01-15,6789,266.5,268.5,262.0,268.5,888123.0,234957955.0,269.4,275.0,274.45,258.55,260.8375,249.41875,12.5,43.47826086956522,1.9024830534699504,4.310973206129019,-2.408490152659069,22.30476071175248,23.383312521285394,25.360202623201285,,291.35499770388793,274.45,257.54500229611205,1392983.4,1463983.25,0.6375689760552782,264.5556471344622
2026-01-15,6790,38.4,38.6,38.25,38.25,181969.0,6980788.0,38.4,38.18,38.425,38.29,38.65833333333333,40.43895833333333,72.22222222222219,38.4615384615384,-0.026840570814762543,-0.02621777676554521,-0.0006227940492173345,32.23300598858313,18.356942781382966,18.596702049114494,,39.05034201168784,38.425,37.799657988312156,135872.2,96135.2,1.339265868956269,38.362512296050426
2026-01-15,6791,115.5,115.5,111.0,111.0,79000.0,8858500.0,111.9,108.45,105.625,108.75,115.62916666666666,116.80791666666666,64.28571428571428,66.66666666666666,1.4921248879438167,0.14795187642419755,1.344173011519619,46.20841834702089,22.38846272568652,18.517071785880514,,114.74337358535625,105.625,96.50662641464375,160000.0,54450.0,0.49375,112.13291139240506
2026-01-15,6792,59.0,59.3,57.0,57.5,163818.0,9527815.0,54.720000000000006,52.71,51.427499999999995,52.02916666666667,55.099583333333335,56.49875,84.61538461538457,82.30088495575217,1.1909891201315972,0.27124552264973534,0.9197435974818619,50.008198597459895,11.74910387700068,28.24468857050991,,56.63331405737818,51.427499999999995,46.22168594262181,189601.6,69311.6,0.8640116961038303,58.16097742616807
2026-01-15,6794,89.7,89.7,88.1,89.4,50202.0,4460673.0,88.32000000000001,87.94,86.30999999999999,77.73499999999999,77.69,72.19916666666667,90.0000000000001,62.658227848101255,2.4317043923736748,2.618157049120731,-0.18645265674705636,22.2190752987719,14.450857636325127,35.79185834677761,,93.61764559967781,86.30999999999999,79.00235440032216,63111.8,82820.85,0.7954455426718934,88.8544878690092
2026-01-15,6796,92.6,92.6,90.0,90.0,97120.0,8828337.0,90.96000000000001,92.11,95.485,93.37166666666667,,,37.50000000000002,30.633802816901408,-1.096767938931535,-0.22759515924799792,-0.8691727796835371,34.21899181466689,21.7440396939054,22.510829526441555,,104.50013931351515,95.485,86.46986068648485,100340.0,134049.3,0.9679091090293004,90.90132825370675
2026-01-15,6799,86.7,88.8,86.3,87.3,505096.0,44245468.0,85.46000000000001,83.63000000000001,83.36999999999999,81.66333333333334,84.42666666666668,94.76458333333333,62.92134831460674,58.76777251184837,0.9697226564931754,0.5339751881366607,0.4357474683565147,31.214952387828042,18.24888052932391,15.691340590921689,,87.46780429010481,83.36999999999999,79.27219570989517,304688.8,226333.1,1.6577439013183288,87.59813579992715
2026-01-15,6803,309.5,310.0,306.5,309.5,109000.0,33599000.0,306.5,303.6,298.5,295.375,292.025,293.23333333333335,66.66666666666666,75.75757575757575,3.5266613224482626,2.220173356109412,1.3064879663388504,33.428325869352285,8.611941758098904,37.59983680827665,,310.6828179265531,298.5,286.3171820734469,160200.0,116150.0,0.6803995006242197,308.2477064220183
2026-01-15,6804,17.5,17.5,17.15,17.2,8000.0,138150.0,17.1,17.04,17.240000000000002,,,,54.16666666666658,48.78048780487803,-0.4515004104271938,-0.5247057865840592,0.0732053761568654,26.70092000225437,29.676625768612848,24.199086967662016,,18.119353829750125,17.240000000000002,16.36064617024988,12200.0,38400.0,0.6557377049180327,17.26875
2026-01-15,6805,1320.0,1320.0,1265.0,1280.0,1796950.0,2317918015.0,1314.0,1383.5,1474.0,1473.25,1254.7916666666667,969.3020833333334,3.7037037037037095,11.392405063291136,-55.230256784996755,-23.063274465526515,-32.166982319470236,14.051669376045064,28.98073015867107,23.846088872168387,,1714.7357144474558,1474.0,1233.2642855525442,2587640.4,1901319.0,0.6944357492640786,1289.917924817051
2026-01-15,6806,43.3,43.35,42.25,42.75,1757500.0,75139100.0,41.839999999999996,39.925,39.3725,,,,80.50314465408808,62.280701754385966,0.11413883506600797,-0.7589519463885988,0.8730907814546067,37.956792673470716,18.41776683808193,17.28247452528757,,43.22538340417931,39.3725,35.51961659582069,3993853.6,1811490.15,0.4400511826472558,42.753399715504976
2026-01-15,6807,46.0,46.2,45.85,46.2,19338.0,889663.0,45.64,45.415000000000006,,,,,100.0,69.38775510204086,-0.15820100703972173,-0.280090081497566,0.12188907445784425,29.920915996592246,9.572047228490963,35.17285940936018,,,,,16583.8,,1.1660777385159011,46.00594684041783
2026-01-15,6811,212.5,212.5,209.0,210.0,81000.0,17079000.0,211.8,210.35,208.1,215.25833333333333,230.73333333333332,238.31875,50.0,60.0,0.015310765473486754,-0.86025979329453,0.8755705587680167,25.544738942240752,26.237898581143615,16.29211010022101,,215.26423867479537,208.1,200.93576132520462,95600.0,105350.0,0.8472803347280334,210.85185185185185
2026-01-15,6821,37.2,37.2,36.5,36.55,23000.0,842500.0,36.690000000000005,36.76,36.470000000000006,36.85583333333333,38.36666666666667,39.71520833333333,44.680851063829806,50.561797752808964,-0.07775220924460058,-0.14039432091092308,0.0626421116663225,23.81281226607481,20.24379259078815,12.712880161239141,,37.36289593900633,36.470000000000006,35.57710406099368,33800.0,31100.0,0.6804733727810651,36.630434782608695
2026-01-15,6823,81.0,81.0,77.6,79.1,333000.0,26286900.0,76.72000000000001,76.94,80.78999999999999,76.46666666666667,68.80875,,55.7471264367816,39.00928792569658,0.1492314056741293,0.5705135582350515,-0.42128215256092216,29.108788885020413,21.533164610185057,14.129260515734392,,91.3809395239509,80.78999999999999,70.19906047604908,330800.0,469950.0,1.0066505441354292,78.93963963963964
2026-01-15,6829,114.0,114.0,112.5,113.0,151000.0,17058000.0,113.5,111.2,110.05,111.29166666666667,118.14583333333333,123.01666666666667,71.42857142857143,63.333333333333336,0.7229871840692113,0.04393778632638906,0.6790493977428222,29.59263756846425,16.89021435603744,21.96596589905729,,114.68283475797568,110.05,105.41716524202431,417600.0,225300.0,0.36159003831417624,112.96688741721854
2026-01-15,6830,182.0,187.0,179.5,185.0,648085.0,118875886.0,183.9,182.3,177.25,167.075,163.55416666666667,147.51083333333332,57.44680851063829,65.4320987654321,4.6340735599272875,4.406581785060041,0.22749177486724648,25.81236045407772,14.08884881218764,29.723068781074257,,189.25219278211046,177.25,165.24780721788954,1173000.2,941022.85,0.5525020370840517,183.42638079881496
2026-01-15,6834,35.5,36.35,33.95,34.2,5792473.0,204988882.0,32.56,30.759999999999998,29.55,28.68916666666667,28.964166666666664,30.328125,82.4561403508772,73.8938053097345,1.1906106450146616,0.6185822004547098,0.5720284445599518,41.58044050880632,10.345739691269667,33.196661094683435,,33.6217253552295,29.55,25.478274644770497,3035008.8,1004133.85,1.9085522915123014,35.388836857763515
2026-01-15,6835,39.15,39.5,39.0,39.3,78002.0,3055636.0,38.940000000000005,38.82,38.777499999999996,39.04083333333333,39.64,41.770833333333336,70.83333333333329,61.29032258064514,-0.03160702700002105,-0.10093150753026504,0.069324480530244,21.242739109112133,18.093343462513353,15.107737591008755,,39.243699640993604,38.777499999999996,38.31130035900639,89656.8,88808.35,0.8700065137279046,39.173816055998564
2026-01-15,6838,27.15,29.75,27.15,29.75,900319.0,25949205.0,27.49,27.169999999999998,26.875,27.455833333333334,29.33791666666667,30.204166666666666,87.67123287671234,76.86567164179104,0.11776540378934186,-0.13486125434210244,0.2526266581314443,41.08026961145056,7.174966182408444,27.8546968226986,,28.34272290515517,26.875,25.40727709484483,490202.2,253916.8,1.8366278241917315,28.82223411923996
2026-01-15,6840,62.5,63.3,61.7,63.1,59000.0,3684800.0,62.24000000000001,61.60999999999999,61.004999999999995,59.943333333333335,60.80333333333333,,53.44827586206896,63.716814159292035,0.6533273594395794,0.4736288449939918,0.1796985144455876,30.244995859362994,19.883529044884625,14.59250886441718,,62.97367575047846,61.004999999999995,59.03632424952153,94800.0,62400.0,0.6223628691983122,62.454237288135594
2026-01-15,6841,69.6,69.6,67.9,68.4,199000.0,13608200.0,68.41999999999999,67.95,68.2,67.01833333333333,69.15583333333333,71.63291666666666,66.6666666666668,53.68421052631582,0.17694178775722946,0.1550555274009133,0.021886260356316162,29.00456977104341,25.616328747551183,13.576487271259898,,70.16066583749256,68.2,66.23933416250745,305600.0,329750.0,0.6511780104712042,68.38291457286432
2026-01-15,6843,54.3,54.3,52.4,53.1,28000.0,1477800.0,52.7,53.86,,,,,33.99999999999996,46.78899082568809,-0.8894561900674418,-0.7197428032895169,-0.1697133867779249,12.961312534964348,25.774544333401423,30.170878511411857,,,,,58000.0,,0.4827586206896552,52.77857142857143
2026-01-15,6844,72.0,72.0,71.0,71.0,2000.0,143000.0,72.36,73.24,74.71000000000001,,,,36.111111111111086,23.655913978494624,-1.4155422363265302,-1.1558395402469899,-0.25970269607954033,5.057147527175159,36.90944367059,44.459036107468826,,78.45328873136371,74.71000000000001,70.9667112686363,4800.0,14300.0,0.4166666666666667,71.5
2026-01-15,6846,73.7,73.7,73.4,73.6,28000.0,2058100.0,74.16,74.1,,,,,43.478260869565005,47.49999999999997,-0.17210075386670098,-0.1789615112335554,0.006860757366854403,19.3404170199964,20.647785063257114,9.219115407595622,,,,,22800.0,,1.2280701754385965,73.50357142857143
2026-01-15,6854,130.0,131.0,123.0,124.5,768757.0,97019842.0,125.9,128.8,130.3,136.26666666666668,146.32083333333333,159.48125,29.6875,44.76190476190476,-1.8354916885695047,-1.4709797834451255,-0.36451190512437925,27.92893822631995,21.08147749019244,19.588814695314024,,138.11631222778286,130.3,122.48368777221717,839191.0,419537.4,0.9160691666140366,126.20352335003129
2026-01-15,6855,114.5,114.5,114.5,114.5,1000.0,114500.0,112.7,,,,,,70.96774193548387,77.55102040816327,0.4191148888872931,-0.9794836517871475,1.3985985406744406,40.018198481989124,5.451540176650696,40.61453269939071,,,,,3000.0,,0.3333333333333333,114.5
2026-01-15,6856,54.8,54.8,54.8,54.8,2000.0,109600.0,,,,,,,0.0,19.14893617021272,-0.49767542345541926,-0.2790824503519544,-0.21859297310346487,9.26396838137498,13.917759166364817,18.03793681371031,,,,,,,,54.8
2026-01-15,6859,109.5,112.5,109.5,111.0,52000.0,5798500.0,112.2,113.1,115.05,108.42333333333333,115.43249999999999,137.51000000000002,25.0,21.42857142857143,0.29672183656533946,1.22887298933707,-0.9321511527717306,18.597228833070997,24.557041705005826,20.527796377612063,,119.9693495504949,115.05,110.1306504495051,63600.0,56450.0,0.8176100628930818,111.50961538461539
2026-01-15,6861,68.1,68.6,66.7,67.7,249633.0,16904075.0,66.41999999999999,65.96,62.15,60.34,59.03999999999999,56.916041666666665,71.87500000000017,77.09497206703915,2.242068852331151,1.665454400691443,0.5766144516397083,37.72200291654169,12.33970234110769,32.363815383303134,,70.60284131613693,62.15,53.697158683863066,264691.6,281015.0,0.9431088859638916,67.71570665737302
2026-01-15,6862,180.5,181.5,172.5,172.5,538300.0,94901291.0,171.2,173.75,164.925,171.30833333333334,159.62916666666666,152.13541666666666,37.037037037037045,61.15107913669065,2.4113032850875413,1.192976002354832,1.2183272827327094,35.50588528284653,19.88427583346296,19.030378840939374,,185.29079950489813,164.925,144.5592004951019,543630.6,479897.05,0.9901944445364187,176.298144157533
2026-01-15,6863,126.0,126.5,120.5,121.5,237871.0,28981380.0,125.1,120.85,117.65,120.74166666666666,133.9875,162.68958333333333,58.139534883720934,61.40350877192982,2.1054776712170593,0.8638471696453529,1.2416305015717064,34.02771109095274,18.47267646288077,26.71406665063672,,128.25337582788225,117.65,107.04662417211776,252687.0,134579.0,0.9413661961240586,121.83654165493061
2026-01-15,6865,48.4,48.5,48.4,48.5,2000.0,96900.0,48.989999999999995,48.510000000000005,48.5125,46.56833333333334,,,44.705882352941146,40.18691588785046,0.726561896749196,0.7903453238417236,-0.0637834270925276,24.76609485372707,31.889375996443263,16.839975956750372,,51.64751028286844,48.5125,45.37748971713157,12400.0,41550.0,0.16129032258064516,48.45
2026-01-15,6869,98.6,98.6,94.8,95.4,896441.0,85726869.0,94.62,93.17999999999999,93.45,99.79166666666667,113.9,136.82291666666666,71.73913043478264,48.466257668711656,-0.5520394111272253,-1.3279789231786119,0.7759395120513866,27.493076900143482,20.46890724433508,19.112271681449105,,97.30664157145578,93.45,89.59335842854422,1496022.4,841674.5,0.5992162951570779,95.63024114247341
2026-01-15,6870,206.0,209.0,205.0,206.0,60000.0,12408500.0,214.9,221.45,235.375,207.65833333333333,207.79166666666666,202.65416666666667,26.15384615384616,18.181818181818187,-0.8551315216136288,4.534544709352466,-5.389676230966095,17.778671059856567,27.083265689342873,23.22794841301566,,270.26863537199387,235.375,200.48136462800613,103000.0,170200.0,0.5825242718446602,206.80833333333334
2026-01-15,6873,105.5,106.0,102.5,103.0,409707.0,42485465.0,101.86000000000001,100.01,100.72,106.67,129.94750000000002,173.8695833333333,75.71428571428575,52.23214285714286,-0.3984608628892943,-1.2345944532324822,0.8361335903431879,31.37695809775767,19.88312036013566,18.592852559096734,,108.23016153728476,100.72,93.20983846271524,697601.2,611048.8,0.5873083360521743,103.69719091936433
2026-01-15,6874,67.0,68.1,66.7,68.0,36000.0,2426800.0,67.4,66.99999999999999,67.825,70.37833333333333,73.82833333333333,80.29416666666667,76.92307692307709,47.05882352941173,-0.8609570577064005,-1.0417133394313614,0.18075628172496083,19.684332791619084,29.837278596421125,28.254490770530865,,70.21962116551138,67.825,65.43037883448862,24000.0,15400.0,1.5,67.41111111111111
2026-01-15,6875,50.3,52.2,49.9,50.4,244000.0,12455650.0,49.87,50.775,52.25750000000001,52.193333333333335,48.590833333333336,48.73104166666666,39.47368421052627,33.82352941176471,-0.7222814938885307,-0.3250058879572239,-0.3972756059313068,14.819540237657142,15.345689824303824,18.186131752428096,,56.51515873394513,52.25750000000001,47.99984126605489,224200.0,155950.0,1.088314005352364,51.047745901639345
2026-01-15,6877,85.0,86.0,84.5,86.0,75000.0,6409400.0,86.66,87.08,86.08,86.49333333333334,89.77583333333334,86.68916666666668,45.45454545454551,55.244755244755225,0.09819332404342163,0.12835893414436417,-0.03016561010094254,20.07898675469501,22.03056390205961,12.258308106106467,,89.16926835146596,86.08,82.99073164853404,104800.0,195250.0,0.7156488549618321,85.45866666666667
2026-01-15,6881,,,,,,,,,,,,,66.66666666666666,87.5,0.2400686712084621,0.06402023081141987,0.1760484403970422,34.56359975416509,25.91386024480405,23.392324997147778,,,,,,,,
2026-01-15,6885,28.9,29.5,28.8,29.5,463533.0,13503264.0,28.580000000000002,28.639999999999997,29.052500000000002,29.3825,30.87541666666667,29.730833333333333,89.65517241379298,56.790123456790134,-0.19605829780475403,-0.19246686971837815,-0.0035914280863758863,30.574598038130603,23.15861255723462,11.466947202109521,,30.265792605832846,29.052500000000002,27.839207394167158,318131.0,266181.95,1.4570507118136868,29.131181598721128
2026-01-15,6890,256.5,256.5,246.0,248.5,597488.0,149453692.0,252.3,246.1,249.05,250.125,243.79166666666666,291.31458333333336,66.10169491525424,46.086956521739125,-2.119346681141593,-2.8126574195002543,0.6933107383586612,23.482354090485423,23.400016892635776,13.98084516012151,,263.7322485012652,249.05,234.36775149873483,747320.0,724965.05,0.799507573730129,250.13672575850896
2026-01-15,6894,235.0,235.5,224.5,230.0,170000.0,39113500.0,233.9,231.75,217.925,212.39166666666668,208.6625,,45.238095238095234,67.54966887417218,8.292314106301887,6.661875753885461,1.6304383524164265,38.224080056948466,20.56254468977568,33.88015118108671,,250.94218053568935,217.925,184.90781946431068,202800.0,143850.0,0.8382642998027613,230.0794117647059
2026-01-15,6895,186.0,186.0,178.5,179.0,112000.0,20151000.0,183.5,186.65,189.675,219.9,236.24166666666667,193.19500000000002,43.75,39.516129032258064,-8.493222928209804,-8.883867401700343,0.3906444734905392,21.7894735605744,29.96963293007797,22.07402003810983,,202.58062912677332,189.675,176.7693708732267,145800.0,129150.0,0.7681755829903978,179.91964285714286
2026-01-15,6899,53.3,54.5,53.1,54.5,16000.0,854800.0,53.58,53.6,53.59499999999999,,,,87.49999999999989,62.499999999999915,0.06178381172168912,0.016564106221323694,0.04521970550036543,42.4999148012224,18.39594075597411,30.25864273304652,,54.53190419664192,53.59499999999999,52.658095803358066,10600.0,9150.0,1.509433962264151,53.425
2026-01-15,6901,18.05,18.05,17.65,17.9,656038.0,11698411.0,17.369999999999997,16.82,16.735,17.036666666666665,18.416666666666668,21.558541666666667,96.77419354838705,67.49999999999997,0.16098728123704475,-0.023582413383954226,0.18456969462099898,35.11527857858357,11.91456118368008,22.990183452837204,,17.829050898461723,16.735,15.640949101538277,1006165.4,757539.5,0.652018047927309,17.831910651517138
2026-01-15,6902,74.0,76.0,73.1,76.0,33268.0,2482264.0,74.6,75.17999999999999,75.86500000000001,76.61833333333333,77.00250000000001,,54.09836065573771,49.49494949494953,-0.7007387649565402,-0.6109490292296883,-0.0897897357268519,14.907324572908283,24.759496648760194,13.944455776038152,,77.89143061876133,75.86500000000001,73.83856938123868,37034.6,36331.5,0.8982951078180945,74.61416376097151
2026-01-15,6903,283.0,285.0,274.0,278.0,2239000.0,624456000.0,264.2,247.7,236.725,186.71666666666667,158.04583333333332,141.18541666666667,87.32394366197184,68.26568265682657,21.27577879189218,17.58601416663165,3.68976462526053,48.10275145420351,13.190317607263083,47.44875210435943,,278.01788838987954,236.725,195.43211161012044,3458000.0,2734000.0,0.6474840948525159,278.8995087092452
2026-01-15,6904,115.5,124.0,115.5,122.0,20000.0,2391500.0,,,,,,,100.0,100.0,-1.4177544020669188,-2.0170948692901773,0.5993404672232585,34.000042643843486,7.381832200557656,31.90299306964609,,,,,,,,119.575
2026-01-15,6906,80.4,80.4,77.8,79.1,77304.0,6080694.0,76.1,77.5,80.435,88.56333333333333,102.89416666666666,120.88041666666666,69.99999999999994,41.12554112554112,-2.822344363294704,-2.9880506921723673,0.16570632887766346,21.175739597057227,28.162703184187432,33.685415840943335,,88.2616145131029,80.435,72.6083854868971,147034.6,80911.5,0.5257538021662929,78.6595001552313
2026-01-15,6913,118.5,122.5,117.0,119.5,191000.0,22910000.0,118.4,118.1,116.7,122.14166666666667,126.59583333333333,125.41666666666667,70.58823529411765,58.97435897435897,-0.3502133529205196,-0.8754250915598751,0.5252117386393556,28.27050802947757,20.56286336224803,9.12797641371935,,121.58175982073861,116.7,111.8182401792614,157800.0,142550.0,1.2103929024081115,119.94764397905759
2026-01-15,6914,144.0,147.5,144.0,147.0,81460.0,11926208.0,145.7,145.05,144.85,147.99166666666667,145.60416666666666,142.71875,76.92307692307693,62.5,-0.31225488905548104,-0.6689209131011014,0.3566660240456203,26.837817670678803,20.898038775594415,13.333250108158936,,146.77216982655256,144.85,142.92783017344743,97955.4,59062.45,0.8316029539974316,146.4056960471397
2026-01-15,6916,18.7,19.35,18.7,19.0,114177.0,2173866.0,18.369999999999997,18.41,18.630000000000003,18.023333333333333,18.587083333333332,20.862708333333334,57.14285714285714,54.09836065573769,0.1063991692120041,0.10963986176203888,-0.003240692550034785,36.88283665117955,18.86888284718103,22.180014773931006,,20.04585012587814,18.630000000000003,17.214149874121865,95106.6,241412.35,1.2005160525137055,19.039438766126278
2026-01-15,6919,150.0,165.0,150.0,165.0,7242725.0,1168082614.0,151.1,149.7,153.6,151.225,163.7875,500.3229166666667,92.72727272727273,57.00934579439252,-1.371917252786858,-1.7335849638089076,0.36166771102204964,33.239371479140885,21.475617062364552,15.833336626916733,,167.02660359953487,153.6,140.17339640046512,4517561.8,4473212.55,1.603237613705694,161.2766761129271
2026-01-15,6922,161.0,162.5,160.0,160.0,54000.0,8678000.0,160.7,165.0,167.5,176.45,184.92916666666667,187.97083333333333,11.111111111111114,27.11864406779661,-4.157627817952147,-3.4821828387052842,-0.6754449792468624,15.653233602259773,33.634640190361466,18.612478579842048,,176.86398475684214,167.5,158.13601524315786,89600.0,59950.0,0.6026785714285714,160.7037037037037
2026-01-15,6923,106.5,106.5,101.5,102.5,1044760.0,107408832.0,104.2,103.05,100.765,101.06833333333334,102.30333333333333,90.33541666666666,46.42857142857143,60.992907801418454,0.9083632378990671,0.4003909350231171,0.50797230287595,35.78863346992604,18.635606046359175,28.354356118844883,,107.30146451998684,100.765,94.22853548001316,1331732.2,673108.95,0.7845120813328686,102.80718251081588
2026-01-15,6924,73.1,73.1,73.1,73.1,2020.0,147660.0,74.86,75.96000000000001,,,,,42.49999999999995,55.05226480836236,3.4417586791468295,3.9781370611632405,-0.536378382016411,32.55276440590607,26.96354273220808,17.811600587923806,,,,,11013.4,29627.4,0.18341293333575462,73.0990099009901
2026-01-15,6928,52.0,57.2,51.2,57.2,472135.0,26145362.0,52.879999999999995,52.05,51.885000000000005,51.9625,58.86208333333333,56.02354166666667,87.20930232558139,63.85542168674698,0.4614145922357267,0.06370062935040015,0.3977139628853265,29.093874402337878,11.009512809626626,24.947004376162948,,55.042797366920645,51.885000000000005,48.727202633079365,196166.0,175005.95,2.4068136170386305,55.376877376174185
2026-01-15,6929,32.0,32.0,32.0,32.0,5000.0,160000.0,31.369999999999997,,,,,,94.11764705882345,44.11764705882351,-0.3437572947297127,-0.1377477017067056,-0.20600959302300711,16.337315626356908,18.454114275700107,19.987399946529635,,,,,7800.0,,0.6410256410256411,32.0
2026-01-15,6931,58.8,59.3,58.7,59.1,53266.0,3139764.0,59.48,60.870000000000005,61.985,61.40333333333333,56.07625,58.521458333333335,20.000000000000057,28.94736842105266,-1.0231561022429148,-0.5218730996230718,-0.5012830026198429,16.660472718900586,22.1827692294923,14.348681779723881,,65.57755077244961,61.985,58.39244922755039,167923.0,257928.65,0.3172049093929956,58.944993053730336
2026-01-15,6933,150.0,150.0,146.0,147.5,146784.0,21635447.0,149.6,148.65,149.25,164.71666666666667,179.7,171.64166666666668,46.15384615384615,46.666666666666664,-2.8613710461821995,-3.6811594948771793,0.8197884486949798,22.196956211638177,24.21576020835614,11.517751226372878,,153.28276057986065,149.25,145.21723942013935,138049.4,109886.9,1.06327155351635,147.39649416830173
2026-01-15,6937,235.0,238.0,230.0,232.5,229803.0,53478577.0,236.8,241.4,231.125,231.76666666666668,231.60416666666666,229.80416666666667,37.5,58.82352941176471,3.6902747726872462,3.945346683161536,-0.2550719104742898,23.3014304848201,22.760412793084345,16.908864020673157,,257.709275130428,231.125,204.540724869572,392854.6,449791.8,0.5849568771754232,232.71487752553273
2026-01-15,6949,338.0,359.0,337.5,351.0,273382.0,96170196.0,336.4,328.95,343.425,361.925,363.3333333333333,255.4725,78.16091954022988,46.42857142857143,-8.440888342396875,-10.208105901308217,1.7672175589113426,27.17620557643442,19.631154076011793,17.529429987157123,,381.2407235468072,343.425,305.6092764531928,265061.4,201517.0,1.0313912172802224,351.7795465685378
2026-01-15,6951,78.1,78.1,76.0,76.5,116815.0,8978063.0,77.14,75.23,73.855,73.65666666666668,74.44083333333333,72.72749999999999,73.33333333333333,69.10569105691054,1.1542000976343587,0.6069951029299143,0.5472049947044444,42.95506997148465,14.777065928963756,38.783888582600184,,78.48327693298666,73.855,69.22672306701335,151402.4,79618.75,0.7715531589988006,76.85710739203013
2026-01-15,6952,43.0,43.3,42.8,43.15,12124.0,523077.0,43.14,42.955,43.1275,,,,61.29032258064528,53.76344086021506,-0.12083622384499648,-0.16306302754176516,0.04222680369676868,29.187984575673564,11.649976623623088,39.987334473425555,,43.809968429963945,43.1275,42.44503157003605,27326.0,24233.3,0.4436800117104589,43.14392939623887
2026-01-15,6953,271.5,271.5,263.5,269.0,235000.0,62697000.0,261.3,239.7,224.475,,,,85.71428571428571,75.67567567567568,17.096807280586404,11.160119327434005,5.936687953152399,49.15119420474355,6.271629460804001,54.19045039027502,,271.7128917930577,224.475,177.2371082069423,566200.0,176600.0,0.41504768632991873,266.79574468085104
2026-01-15,6955,161.5,162.5,161.5,162.0,9000.0,1458000.0,,,,,,,78.57142857142857,65.0,1.1435868729284948,-0.08796243255898199,1.2315493054874769,37.85149064431217,23.237270967714903,34.46979745214813,,,,,8690.6,,1.0356016845787401,162.0
2026-01-15,6957,201.0,201.0,197.5,198.0,29989.0,5949277.0,196.4,197.7,197.925,202.28333333333333,185.80833333333334,184.56875,54.285714285714285,47.12643678160919,-1.435616188698873,-1.7493798578927082,0.31376366919383525,19.923830759110547,19.19861883873553,10.059184987213555,,204.80957467248257,197.925,191.04042532751745,132924.0,112951.35,0.225610123077849,198.38197339024308
2026-01-15,6958,15.05,15.55,15.05,15.2,75846.0,1162498.0,15.169999999999998,15.419999999999998,15.782499999999999,16.230833333333333,17.753333333333334,20.076458333333335,39.99999999999991,18.42105263157889,-0.275545573538448,-0.2016600800712076,-0.07388549346724041,20.538988840465922,34.41057280845701,22.31047706407848,,16.80656568457108,15.782499999999999,14.758434315428918,79479.8,50426.4,0.9542802070463187,15.327083827756242
2026-01-15,6962,38.95,38.95,37.85,38.05,1890225.0,71979440.0,38.029999999999994,38.165,38.832499999999996,40.770833333333336,42.907083333333325,48.508125,38.96103896103899,39.2156862745098,-0.6384588339630497,-0.6596611292695169,0.021202295306467223,19.597761995470584,22.840152748587744,9.623445207833615,,40.48978852743166,38.832499999999996,37.175211472568336,1957102.2,1903180.35,0.9658284580130767,38.079826475684115
2026-01-15,6967,71.6,72.0,70.0,70.3,104000.0,7355200.0,72.32000000000001,70.41999999999999,71.735,,,,50.724637681159436,47.2340425531915,1.073176227210709,1.3900276845544666,-0.3168514573437575,29.856931075221986,16.089063276995866,37.38433306907515,,78.44940713376063,71.735,65.02059286623937,340400.0,324550.0,0.30552291421856637,70.72307692307692
2026-01-15,6968,54.2,55.9,54.0,54.5,34000.0,1854100.0,54.120000000000005,54.77,55.48,55.55166666666667,59.188333333333325,,60.86956521739131,33.999999999999986,-0.30085115116992256,-0.042865857299954215,-0.2579852938699683,35.720590824909756,21.04175053492089,18.86537093296949,,59.73977513614562,55.48,51.22022486385438,27800.0,39900.0,1.223021582733813,54.53235294117647
2026-01-15,6969,39.7,39.7,35.55,37.25,340128.0,12464627.0,35.03,32.339999999999996,30.972500000000004,,,,82.21343873517786,74.92354740061162,1.0227107863460745,-0.12022195145315964,1.1429327377992342,53.538870574210264,25.81622121422617,17.804609398620688,,36.999935083367184,30.972500000000004,24.945064916632823,214958.4,75690.35,1.5822968537168123,36.646871177909496
2026-01-15,6982,65.9,65.9,64.6,65.4,18000.0,1173100.0,65.36,65.21000000000001,64.095,64.39666666666668,66.43416666666667,62.078541666666666,50.793650793650855,62.71186440677967,0.4039393705457286,0.16273569806343424,0.24120367248229435,23.080358228336884,19.743057445501655,13.53993636555028,,66.8191415837684,64.095,61.3708584162316,56000.0,51150.0,0.32142857142857145,65.17222222222222
2026-01-15,6988,16.65,16.65,16.15,16.3,9202.0,152050.0,16.19,14.930000000000001,13.977500000000001,14.429166666666667,,,94.64285714285718,85.10638297872342,0.5557558028961935,0.1508578511984703,0.40489795169772325,49.162617082560885,12.084370144921504,29.740568349124967,,16.750959743238848,13.977500000000001,11.204040256761154,30010.6,33215.4,0.3066249925026491,16.52358183003695
2026-01-15,6994,95.0,95.1,91.8,92.8,422834.0,39121537.0,93.32,93.97999999999999,94.21000000000001,93.49333333333333,94.08666666666667,,36.84210526315793,50.0,-0.29209535567625267,-0.07200085628096566,-0.22009449939528702,31.223977158578357,17.38853285224475,18.769245245528083,,97.68375119552113,94.21000000000001,90.73624880447889,556544.8,291185.25,0.7597483616772629,92.52221202646902
2026-01-15,6996,168.0,168.0,162.5,163.5,137000.0,22516500.0,161.2,156.4,151.175,149.06666666666666,147.9,161.72916666666666,71.42857142857143,69.47368421052632,4.069833861068361,2.3044835653779105,1.76535029569045,36.575256057313304,17.098590355648984,24.849519214142486,,165.85859270536102,151.175,136.491407294639,202000.0,186600.0,0.6782178217821783,164.35401459854015
2026-01-15,6997,89.5,89.5,89.5,89.5,3000.0,268500.0,,,,,,,100.0,24.324324324324408,-1.1580815518959753,-1.2268180775065927,0.06873652561061738,14.669897533391444,29.094074563737156,30.613360199970025,,,,,,,,89.5
2026-01-15,7402,135.5,137.0,134.5,136.5,744000.0,100802500.0,136.2,133.85,132.575,126.05833333333334,123.9725,106.46166666666667,79.41176470588235,55.294117647058826,2.300756131750063,2.0782610362961806,0.22249509545388246,27.629649733855967,12.621484058230395,30.40034400961674,,141.86152107541673,132.575,123.28847892458326,1785000.0,1790000.0,0.41680672268907565,135.4872311827957
2026-01-15,7556,162.5,164.0,160.0,163.5,10000.0,1619500.0,163.7,165.6,164.5,163.09166666666667,168.925,165.77708333333334,28.57142857142857,53.19148936170213,-0.3569912556695556,0.0511449694645482,-0.4081362251341038,20.07512990851137,30.306666376658782,13.38514946022088,,169.24618960741054,164.5,159.75381039258946,40400.0,22600.0,0.24752475247524752,161.95
2026-01-15,7584,40.7,40.7,39.8,39.9,8000.0,321350.0,40.45,,,,,,32.14285714285721,43.859649122807056,-0.5423837978465471,-0.6126597519825816,0.07027595413603449,16.80147801253948,28.738087476580727,27.860167911241852,,,,,7200.0,,1.1111111111111112,40.16875
2026-01-15,7703,245.0,245.0,239.0,240.5,174000.0,41878500.0,243.3,238.8,235.275,216.58333333333334,218.95,183.67083333333332,57.14285714285714,59.166666666666664,6.804204455687199,6.568089777495206,0.23611467819199294,27.73059549426622,16.528163642327666,25.547392482168956,,247.46418847953527,235.275,223.08581152046474,622600.0,298300.0,0.2794731769996788,240.68103448275863
2026-01-15,7704,46.5,47.7,46.5,47.7,49000.0,2295550.0,46.39,46.894999999999996,46.47,45.47666666666667,46.31875,,55.88235294117651,55.37190082644629,0.5250050024641268,0.5902294014418253,-0.0652243989776985,37.37502450927067,19.492807618691174,31.400523519446875,,49.61615889450759,46.47,43.323841105492406,68600.0,49050.0,0.7142857142857143,46.84795918367347
2026-01-15,7705,40.0,40.05,39.65,40.0,43908.0,1754665.0,39.83,39.705,39.86,40.37666666666667,42.130833333333335,50.84083333333333,75.99999999999979,48.78048780487811,-0.12210558589309528,-0.18021496034057094,0.05810937444747566,25.946845192343844,24.51304939826651,17.124733572618997,,40.400565006561905,39.86,39.319434993438094,56766.6,48976.75,0.7734829988056358,39.962307552154506
2026-01-15,7708,95.0,95.0,94.8,95.0,17000.0,1614000.0,94.94,94.92,95.55499999999999,97.19166666666666,97.18583333333332,,72.72727272727285,35.294117647058854,-0.6200742375580717,-0.6479065683206827,0.027832330762611046,24.40867791944784,41.54387489107498,19.787237291932545,,97.03109014130656,95.55499999999999,94.07890985869342,15000.0,15000.0,1.1333333333333333,94.94117647058823
2026-01-15,7712,83.3,83.3,81.1,82.0,251000.0,20535500.0,82.1,83.55,84.92,93.05999999999999,,,33.33333333333333,42.2459893048128,-2.1516291913448526,-2.242065496536478,0.09043630519162527,16.5607757677439,22.412814810458322,13.239250603262,,89.2454935830372,84.92,80.5945064169628,317200.0,255750.0,0.7912988650693569,81.81474103585657
2026-01-15,7714,167.0,172.0,166.0,168.5,245000.0,41292500.0,166.3,168.35,159.875,143.93333333333334,134.2375,118.94166666666666,59.57446808510638,61.413043478260875,5.7708277405182855,6.091154163248969,-0.3203264227306839,26.83739696675323,12.055323594609158,31.163362611140315,,182.7012890914007,159.875,137.0487109085993,331000.0,501100.0,0.7401812688821753,168.5408163265306
2026-01-15,7715,44.0,44.0,37.7,38.1,4186000.0,170525350.0,35.540000000000006,32.89,31.855,31.024166666666666,33.9175,39.20291666666667,77.94117647058826,71.42857142857144,1.5464527171156988,0.5845077494707891,0.9619449676449097,61.83708136770749,6.561265049462501,30.654006698296598,,37.60834227805169,31.855,26.101657721948314,1143800.0,309750.0,3.659730722154223,40.73706402293359
2026-01-15,7722,525.0,529.0,519.0,521.0,138804.0,72619907.0,537.6,545.3,554.2,559.3166666666667,598.7333333333333,634.5020833333333,5.0,29.032258064516128,-8.005706238179641,-4.122786818707623,-3.8829194194720182,21.058591895243648,32.87940410101244,13.627271508405645,,580.354198616344,554.2,528.0458013836561,114143.2,55696.55,1.2160514161158966,523.1830999106654
2026-01-15,7732,39.1,39.5,38.15,39.5,4001.0,156289.0,39.510000000000005,39.835,40.397499999999994,38.71666666666667,,,39.58333333333336,31.64556962025314,-0.1035754761749601,0.14408702222212183,-0.24766249839708193,27.521036389277832,17.98919372966402,22.099141163831934,,41.9505869091485,40.397499999999994,38.84441309085149,20842.8,36405.3,0.19196077302473757,39.062484378905275
2026-01-15,8011,23.0,23.1,22.45,22.85,1249024.0,28386820.0,22.259999999999998,22.02,22.395000000000003,22.1,22.115833333333335,21.977083333333333,68.08510638297874,50.0,0.02768868081007625,-0.003926440685222016,0.031615121495298264,23.906111902121022,15.119178406389633,15.49843806162673,,23.523995827693255,22.395000000000003,21.26600417230675,1927767.4,1204158.35,0.6479121910662043,22.727201398852223
2026-01-15,8016,193.0,193.0,188.5,190.0,612618.0,116272153.0,189.3,185.4,183.15,185.375,196.83333333333334,202.04375,75.0,64.40677966101694,1.8505767573168157,0.5035272030009592,1.3470495543158565,26.27963290080245,13.59792012292439,14.978621639811399,,191.679206787326,183.15,174.62079321267402,863081.4,796626.05,0.7098032700044283,189.79552184232261
2026-01-15,8021,216.0,225.0,215.0,222.5,21038538.0,4649762496.0,216.0,202.3,186.9,149.05,119.07999999999998,78.468125,81.72043010752688,79.00552486187846,18.129174896911394,15.830428911622906,2.2987459852884875,34.44799014515026,10.1709117455014,53.180897564584484,,227.95529006236828,186.9,145.84470993763173,26782825.4,28940427.95,0.7855234720680366,221.01167371991343
2026-01-15,8024,12.5,12.6,12.35,12.4,73000.0,907950.0,12.33,12.16,12.1775,12.578333333333331,13.194583333333332,,72.72727272727269,56.25000000000003,-0.029594358780558494,-0.10351767184724749,0.07392331306668899,19.723778243935875,13.938532193466683,24.254412642171005,,12.536555779276952,12.1775,11.818444220723048,61400.0,43300.0,1.1889250814332248,12.437671232876712
2026-01-15,8027,105.5,108.0,104.0,106.0,1378000.0,145646000.0,105.7,108.0,108.95,98.66666666666667,92.04833333333333,87.38333333333334,35.71428571428572,46.835443037974684,1.173615022446313,2.31615851839108,-1.142543495944767,24.581034449319873,16.89521502542421,21.7192196189099,,115.38101039781667,108.95,102.51898960218334,2404000.0,4404400.0,0.5732113144758736,105.69375907111757
2026-01-15,8028,188.5,190.0,183.5,190.0,6047529.0,1124854998.0,189.4,192.8,181.675,169.18333333333334,165.62916666666666,150.47625000000002,33.33333333333333,60.58394160583942,6.752261159347768,6.867574172226487,-0.11531301287871898,25.969831974024142,19.868237072247254,30.232440223670935,,207.08174382086293,181.675,156.2682561791371,7659581.4,11484281.75,0.7895377938016299,186.00241487060254
2026-01-15,8032,38.35,38.35,37.95,38.2,40000.0,1523650.0,38.03,37.655,38.002500000000005,38.08416666666667,41.59708333333333,44.167291666666664,67.85714285714288,47.222222222222236,-0.04933197492174912,-0.0772948929734929,0.02796291805174378,26.15611685266643,16.649531740548163,20.354924565611135,,39.53168106738025,38.002500000000005,36.47331893261976,104400.0,83900.0,0.3831417624521073,38.09125
2026-01-15,8033,152.5,155.5,152.0,154.0,1656320.0,254008042.0,154.1,150.75,148.25,135.45,136.16666666666666,100.70958333333333,66.10169491525424,58.82352941176471,4.476375240913654,4.167716891377702,0.3086583495359525,34.005394387417155,12.04596138268064,38.23037476956832,,158.86528193343608,148.25,137.63471806656392,15556593.6,10223947.85,0.1064706093498515,153.35686461553323
2026-01-15,8034,27.0,27.5,26.0,27.4,4078000.0,109429800.0,25.43,25.15,25.615000000000002,24.304166666666667,23.255833333333335,20.764583333333334,69.23076923076924,53.20197044334975,0.0520722736258179,-0.021842642632959493,0.07391491625877739,32.79745205188293,19.921897119796714,16.460219830816825,,27.79193652447158,25.615000000000002,23.438063475528423,1728600.0,1562350.0,2.359134559759343,26.83418342324669
2026-01-15,8038,52.0,56.2,50.2,55.0,4317000.0,229436300.0,55.9,53.42,49.28,44.66833333333333,47.32875,38.56916666666667,58.91472868217054,72.89293849658316,3.2253946616128033,2.6984986918077047,0.5268959698050986,31.750728026986863,17.999398834763298,40.3675092502015,,59.560815040391226,49.28,38.999184959608776,4759600.0,2211800.0,0.9070089923522985,53.1471623812833
2026-01-15,8039,86.8,88.3,85.6,88.0,13218670.0,1152343660.0,85.74000000000001,85.36,88.175,77.69833333333332,66.89333333333335,56.93958333333333,61.17647058823537,46.296296296296276,0.6742570412330622,1.4993697196418827,-0.8251126784088205,28.225665692057905,17.588309415861954,28.8878942838603,,96.2626448982393,88.175,80.08735510176069,11117337.2,16679219.75,1.189014038361632,87.17546167655294
2026-01-15,8040,50.9,51.0,49.55,50.0,134000.0,6694350.0,49.68,49.14,48.9325,49.82833333333333,53.519999999999996,57.999166666666675,65.00000000000001,59.87261146496816,-0.015797798444623368,-0.2760056525593065,0.2602078541146831,26.082810757452457,17.719055703464768,12.639985344101884,,50.620935900317974,48.9325,47.24406409968202,145400.0,160550.0,0.921595598349381,49.957835820895525
2026-01-15,8042,71.4,76.5,69.5,71.0,49070000.0,3540453900.0,66.42,63.05,58.589999999999996,52.36333333333334,43.18416666666667,38.82,73.93617021276596,71.25,3.9290121186251667,2.736863227463924,1.1921488911612426,49.31062066186277,11.316574169473311,46.53387007299527,,70.08075601012465,58.589999999999996,47.09924398987535,23557000.0,11679150.0,2.0830326442246467,72.15108824128795
2026-01-15,8043,101.0,108.5,99.2,100.5,44919000.0,4676620200.0,92.52000000000001,88.25,86.71000000000001,73.31416666666665,51.655416666666675,40.67125,87.7470355731225,64.30260047281322,4.183165389597164,3.427942390230989,0.755222999366175,44.94258610512411,13.804498469729015,38.94715556853161,,97.8144609338581,86.71000000000001,75.60553906614192,27088400.0,16530500.0,1.6582374743432613,104.11229546517065
2026-01-15,8044,30.5,30.5,29.85,30.0,287000.0,8622650.0,30.089999999999996,30.04,29.975,30.499166666666667,31.695833333333333,35.039375,44.1860465116279,54.6583850931677,0.07466902092536642,0.04198279459264438,0.03268622633272204,23.977656270449415,15.194135563240657,22.40221613007263,,31.178284977398224,29.975,28.77171502260178,532400.0,660450.0,0.5390683696468821,30.044076655052265
2026-01-15,8045,76.6,77.6,75.4,77.4,166867.0,12792810.0,74.7,75.28,76.12,79.30166666666666,91.85583333333332,95.51083333333334,71.95121951219517,49.57983193277313,-1.3597255915393447,-1.5278158564588038,0.1680902649194591,23.3849964122719,22.28807256646881,9.105415329750038,,80.33855550233743,76.12,71.90144449766258,158804.8,145324.1,1.0507679868618582,76.66470901975825
2026-01-15,8046,262.0,278.0,258.5,263.5,19966618.0,5345864058.0,257.6,248.95,244.875,262.7916666666667,233.52916666666667,179.11333333333332,75.0,66.89655172413794,0.1273925139394123,-3.4125421975952657,3.539934711534678,28.01679444597825,14.651936912198623,18.837547699989628,,263.6867404550283,244.875,226.0632595449717,17724851.6,9998542.15,1.1264758910590822,267.74008788068164
2026-01-15,8047,48.6,49.0,47.5,47.8,187000.0,8958400.0,49.160000000000004,50.010000000000005,51.760000000000005,48.26916666666667,,,7.894736842105345,5.797101449275388,-0.13791010862112074,0.6398884533995786,-0.7777985620206993,17.820470172959073,20.0738732783541,20.326326581542865,,57.525103733033205,51.760000000000005,45.994896266966805,168600.0,393750.0,1.1091340450771057,47.90588235294118
2026-01-15,8048,53.3,53.3,52.0,52.6,619000.0,32447000.0,53.17999999999999,53.980000000000004,55.295,54.580000000000005,48.78208333333334,46.960208333333334,28.571428571428626,35.08771929824562,-1.12900291442768,-0.7398683805802581,-0.389134533847422,14.135798066102756,24.61374092150056,18.436796521893058,,58.93250926929571,55.295,51.657490730704296,710400.0,547450.0,0.8713400900900901,52.41841680129241
2026-01-15,8049,27.5,27.5,27.1,27.25,183000.0,4984450.0,27.169999999999998,26.380000000000003,25.7175,25.358333333333334,25.757083333333334,28.130625,63.01369863013697,70.64220183486236,0.5310779550936715,0.3012788686307431,0.2297990864629284,31.279604590932188,11.932997574579618,25.19811975921869,,27.590655232838557,25.7175,23.844344767161445,436200.0,214750.0,0.4195323246217332,27.23743169398907
2026-01-15,8050,44.0,44.2,43.3,43.7,344000.0,15003800.0,43.2,42.725,42.7625,45.190000000000005,48.60958333333333,55.754375,65.00000000000009,55.34591194968554,-0.32198626032350575,-0.6236331833764528,0.30164692305294705,23.299812195183982,19.768357425493598,24.005901786652757,,43.979863415005205,42.7625,41.5451365849948,401800.0,335150.0,0.8561473369835739,43.615697674418605
2026-01-15,8054,119.0,121.5,119.0,120.0,1202000.0,144221000.0,119.7,123.65,132.925,134.70833333333334,119.99333333333334,109.69875,36.36363636363636,22.077922077922068,-5.3794628168465835,-3.3653865479124976,-2.014076268934086,17.161961550297853,28.558257747438354,22.74681041898171,,153.9969943851655,132.925,111.85300561483453,1895600.0,4288500.0,0.6341000211014982,119.98419301164725
2026-01-15,8059,22.8,23.5,21.9,23.25,1184000.0,26953950.0,23.46,21.565,20.3775,21.2975,24.46875,28.081875000000004,71.6417910447761,69.15422885572139,0.8183106499261257,0.25253489215489555,0.5657757577712301,34.17127103609276,20.47805968269406,27.232606254069992,,24.466313365371843,20.3775,16.28868663462816,2032800.0,803850.0,0.5824478551751279,22.765160472972973
2026-01-15,8064,55.4,57.6,54.3,56.8,11092000.0,621809900.0,52.94,50.269999999999996,46.614999999999995,43.375,42.598333333333336,42.29145833333334,89.01960784313731,85.23809523809526,2.993731603935082,1.882074334503689,1.1116572694313929,42.17655514113278,9.356777532356043,37.111834780977354,,56.664042897604794,46.614999999999995,36.565957102395195,11836800.0,7694100.0,0.9370775885374426,56.059313018391634
2026-01-15,8066,19.8,20.1,19.75,20.1,81000.0,1611950.0,19.84,19.82,19.84,20.081666666666663,,,74.99999999999986,65.21739130434781,-0.01748297862790693,-0.04696547395564875,0.029482495327741817,34.67386025802448,18.851672156386385,16.576501657876747,,20.028064938396003,19.84,19.651935061603997,28400.0,21450.0,2.852112676056338,19.900617283950616
2026-01-15,8067,14.85,14.85,14.85,14.85,1000.0,14850.0,15.05,15.440000000000001,,,,,5.714285714285708,58.227848101265835,0.12194431978140585,0.18307758546815583,-0.06113326568674998,22.34262347068409,24.951227058266486,18.97504597561706,,,,,12800.0,,0.078125,14.85
2026-01-15,8068,27.35,28.25,26.9,27.95,662000.0,18283450.0,26.860000000000003,26.705000000000002,24.490000000000002,20.865000000000002,20.970000000000002,21.753541666666663,89.83050847457625,76.0797342192691,1.9181468105261992,1.8110020710795742,0.10714473944662495,43.35016302790253,13.120957256312968,44.319301502251236,,30.97882440086519,24.490000000000002,18.001175599134815,458800.0,1606300.0,1.4428945074106365,27.618504531722053
2026-01-15,8069,176.0,176.5,172.5,173.0,3121000.0,541855000.0,174.2,180.6,184.425,191.125,215.01666666666668,227.84375,34.04255319148936,37.39130434782609,-4.402763227309663,-2.96420239931995,-1.4385608279897126,19.692373678291876,27.704036648818146,16.209481312946288,,201.69156336756737,184.425,167.15843663243265,5028200.0,4972950.0,0.6206992561950598,173.61582826017303
2026-01-15,8070,47.5,47.5,46.6,46.7,2268362.0,106559645.0,46.720000000000006,45.55,44.1175,44.876666666666665,42.97958333333334,42.516666666666666,70.93023255813964,78.40909090909092,0.6522660878650797,0.17962543498678346,0.4726406528782962,24.15366366345956,14.437294376343237,19.79009027402195,,47.930259050732616,44.1175,40.304740949267384,4368907.8,3749755.35,0.5192057383312141,46.97647245016448
2026-01-15,8071,17.95,18.05,17.75,17.95,235000.0,4201700.0,17.74,17.825,17.875,17.848333333333336,18.160416666666666,18.52875,52.63157894736848,48.27586206896549,-0.031734427335283755,-0.022097151036460507,-0.009637276298823248,18.90442857876577,16.86975382274402,10.940956243883994,,18.22216900176975,17.875,17.52783099823025,332000.0,288500.0,0.7078313253012049,17.879574468085107
2026-01-15,8072,31.7,33.95,31.7,33.05,1522246.0,50155487.0,31.27,30.935000000000002,30.477500000000003,31.04416666666667,34.236250000000005,36.2325,75.64102564102564,72.79411764705884,0.26177177740970947,-0.021207223449204653,0.28297900085891414,39.75188641478138,10.661768099735339,27.938288362090102,,32.12146023770718,30.477500000000003,28.833539762292826,498505.0,335758.2,3.053622330768999,32.94834540540754
2026-01-15,8074,58.0,61.2,57.0,58.0,23367000.0,1372550600.0,56.6,52.760000000000005,50.0075,38.6775,34.50333333333333,28.928541666666668,89.04109589041099,69.7865353037767,4.662965193588434,4.211158062555589,0.45180713103284464,43.017522639701575,12.833674903076323,50.80211124263455,,60.34273737409756,50.0075,39.67226262590244,30159200.0,22392600.0,0.7747884559272129,58.73884538023709
2026-01-15,8076,24.5,24.55,24.05,24.45,684000.0,16604050.0,23.919999999999998,23.785,23.6175,23.493333333333332,24.579166666666666,26.166875,69.04761904761908,58.33333333333331,0.20480400429973145,0.11981771953615916,0.08498628476357228,31.899447621587367,18.269077891489477,16.08468016310458,,24.55236559686972,23.6175,22.68263440313028,608800.0,547400.0,1.123521681997372,24.274926900584795
2026-01-15,8077,,,,,,,,,,,,,57.246376811594196,58.16993464052287,-0.1598167362197458,-0.2377366746004945,0.0779199383807487,22.066685420546317,12.552483528808796,41.53851379087272,,,,,,,,
2026-01-15,8080,47.75,47.75,44.95,47.75,3443000.0,164038750.0,39.870000000000005,34.54,31.665,,,,99.72299168975069,97.25,3.2824190078493416,1.3688379490145255,1.913581058834816,86.5097607225615,3.4981078969784716,41.587137954703636,,42.83493615398985,31.665,20.495063846010147,798200.0,210550.0,4.3134552743673265,47.644133023525995
2026-01-15,8081,222.5,223.0,217.0,217.0,699526.0,152696491.0,217.0,214.3,211.9,213.71666666666667,220.26666666666668,224.75416666666666,56.25,64.0,2.0762404042622506,0.9989789798029732,1.0772614244592775,33.466241655575395,13.624854057604011,19.019269761557005,,219.49916892962528,211.9,204.30083107037473,896406.6,448004.05,0.7803668558442118,218.28565485771793
2026-01-15,8083,161.0,162.5,160.5,162.5,201000.0,32440500.0,160.3,159.1,157.6,154.35,152.78333333333333,155.85,100.0,87.5,1.658608478419211,1.2956904994662244,0.3629179789529866,23.409063457542025,6.818571001240832,24.444752140991156,,161.76248913385535,157.6,153.43751086614463,100600.0,63150.0,1.9980119284294235,161.3955223880597
2026-01-15,8084,58.0,58.7,56.3,58.0,147000.0,8453400.0,59.32000000000001,61.339999999999996,61.394999999999996,,,,13.846153846153825,44.11764705882352,1.0978201614911,2.1877005150667896,-1.0898803535756896,17.475033030173073,25.49764949282031,21.231476472319766,,66.31989914403725,61.394999999999996,56.47010085596274,176200.0,212500.0,0.8342792281498297,57.50612244897959
2026-01-15,8085,17.5,17.95,16.9,17.75,1562000.0,27177300.0,16.62,16.29,16.339999999999996,17.204166666666666,18.313750000000002,20.985,83.33333333333339,64.76190476190477,-0.06143644079268995,-0.2591108358577725,0.19767439506508255,28.280057297885403,15.584565010987989,16.098129606466532,,17.360113512774014,16.339999999999996,15.31988648722598,1167200.0,618700.0,1.338245373543523,17.399039692701663
2026-01-15,8086,113.0,113.5,111.0,113.5,1538000.0,173161000.0,113.2,110.05,109.375,108.28833333333334,108.52583333333334,96.70333333333333,76.47058823529412,46.93877551020408,1.669912024243132,1.047636148330745,0.622275875912387,26.15511240236809,17.11744794983228,13.29041337896281,,118.40637804953779,109.375,100.34362195046221,3114600.0,2714900.0,0.4938033776407885,112.58842652795839
2026-01-15,8087,30.45,30.8,30.45,30.6,15000.0,459050.0,30.860000000000003,31.290000000000003,32.225,33.88166666666667,,,38.000000000000014,38.00000000000002,-0.9411457720560925,-0.8549667475770342,-0.08617902447905834,13.981971590623598,26.624210055820836,28.45619952220109,,35.07262135271108,32.225,29.37737864728892,19000.0,17950.0,0.7894736842105263,30.60333333333333
2026-01-15,8088,55.0,60.5,54.7,60.5,17256000.0,1013721900.0,55.279999999999994,51.964999999999996,47.545,44.64416666666666,39.53125,35.69041666666667,91.82156133828995,87.20173535791758,3.7914369447073426,2.4986276474805957,1.2928092972267469,44.16545182342778,5.2778284568497815,42.199953924072325,,58.95025732883056,47.545,36.139742671169444,34457400.0,16676550.0,0.5007922826446569,58.74605354659249
2026-01-15,8089,31.0,31.0,29.05,29.75,382000.0,11357450.0,29.410000000000004,28.669999999999998,28.589999999999996,29.580833333333334,34.43416666666667,44.69666666666667,69.13580246913581,61.151079136690655,0.07014533521984134,-0.20244207387034185,0.2725874090901832,26.857243324237906,18.389639674989585,12.182889705141076,,30.20688459375458,28.589999999999996,26.973115406245412,584000.0,510150.0,0.6541095890410958,29.7315445026178
2026-01-15,8091,128.0,129.5,124.5,128.5,540000.0,68828000.0,123.3,120.45,116.8,113.49166666666666,111.12083333333334,113.33833333333334,92.0,85.1063829787234,2.8803248387678337,1.5845180606244862,1.2958067781433475,37.936499138720855,10.552919276702157,28.53419870297437,,126.492102047817,116.8,107.107897952183,387400.0,211550.0,1.3939081053175013,127.45925925925926
2026-01-15,8092,15.0,15.3,14.3,14.55,176000.0,2602050.0,14.15,14.34,14.5475,14.940833333333332,15.684583333333334,17.55458333333333,50.909090909090914,51.68539325842697,-0.13329432169509836,-0.13072047113411422,-0.0025738505609841367,28.06977376681924,22.313191551884366,15.597090300144945,,15.481915099914684,14.5475,13.613084900085315,200200.0,84600.0,0.8791208791208791,14.784375
2026-01-15,8093,18.55,18.55,18.0,18.5,45000.0,827750.0,18.220000000000002,16.305,15.3875,15.171666666666665,15.6,17.00645833333333,69.02654867256638,65.33864541832668,0.9956545030715791,0.4158896346106822,0.5797648684608969,47.17665779846427,27.126027935453973,22.786745781496368,,19.84736487876511,15.3875,10.92763512123489,81000.0,47650.0,0.5555555555555556,18.394444444444446
2026-01-15,8096,51.7,52.2,51.2,51.3,2215000.0,114097700.0,52.220000000000006,52.239999999999995,51.58,50.78416666666667,46.49166666666667,51.338541666666664,28.124999999999957,53.757225433526,0.5280743330036302,0.6287238595895854,-0.10064952658595527,22.090091723434423,16.482872884226047,21.924657381283485,,53.93805450586404,51.58,49.22194549413596,4973800.0,5919400.0,0.44533354779042184,51.5113769751693
2026-01-15,8097,58.8,59.0,58.5,58.9,63000.0,3704600.0,59.44,59.7,60.745000000000005,61.794999999999995,64.64,68.35541666666667,39.999999999999964,26.984126984127016,-0.8288112519073891,-0.6684510441538274,-0.16036020775356175,15.241858474207257,26.229182444358916,23.46390523328704,,63.139269474344424,60.745000000000005,58.350730525655585,52000.0,59850.0,1.2115384615384615,58.803174603174604
2026-01-15,8099,73.3,73.7,73.1,73.6,95000.0,6962300.0,73.78,72.39,72.615,73.57666666666667,74.97999999999999,75.19791666666667,73.23943661971826,54.973821989528766,-0.13205353888054105,-0.40208562300963513,0.2700320841290941,25.358141244805427,17.197643703602814,16.166724294057385,,75.3188179633521,72.615,69.91118203664789,301400.0,194700.0,0.3151957531519575,73.28736842105263
2026-01-15,8101,16.8,16.8,16.0,16.15,11362.0,187246.0,15.969999999999999,16.09,,,,,48.14814814814812,51.260504201680654,-0.13132926745532458,-0.13836265026660538,0.007033382811280797,23.11425719859176,25.326578868935528,10.924440658425903,,,,,30004.6,29491.9,0.37867526979196525,16.48002112304172
2026-01-15,8103,93.4,95.0,91.7,95.0,1809113.0,168995040.0,94.42,93.01,89.645,80.66166666666666,65.88666666666667,57.530416666666675,58.39999999999998,68.16720257234726,3.539955429573368,3.42067977956889,0.11927565000447782,21.9318636507246,11.714165439490792,30.21226006281045,,98.51611812806561,89.645,80.77388187193438,3357098.8,3097090.25,0.5388917954991376,93.41320304480703
2026-01-15,8104,33.95,37.7,33.2,37.1,11701611.0,428372924.0,33.339999999999996,32.415,32.35,31.789166666666667,35.53916666666667,36.86645833333333,77.64705882352943,70.49808429118775,0.5765485095555576,0.17276671074248,0.4037817988130776,38.8775880133858,12.635377738352412,21.315479500906193,,35.11690973356247,32.35,29.58309026643753,4137533.8,1669864.6,2.8281608237254763,36.608029783249506
2026-01-15,8105,14.0,14.4,13.8,14.4,6013387.0,84930934.0,14.280000000000001,13.785,12.557500000000001,11.666666666666666,12.497083333333334,12.845875000000001,38.8888888888889,72.93233082706766,0.8540591419464878,0.6512475527216284,0.20281158922485942,35.44636698203467,10.101254825364496,46.25528949166276,,15.499800388972247,12.557500000000001,9.615199611027755,13946220.6,8864801.7,0.431183986864513,14.123643464157555
2026-01-15,8107,14.35,14.35,14.1,14.15,81000.0,1148700.0,14.02,13.99,14.084999999999999,14.368333333333334,15.164166666666667,16.722708333333333,66.66666666666674,40.740740740740705,-0.0798620653370854,-0.10452081084687946,0.024658745509794064,22.032438801622742,17.600878766737647,13.519839502275296,,14.40305328914057,14.084999999999999,13.766946710859429,87400.0,69350.0,0.9267734553775744,14.181481481481482
2026-01-15,8109,110.5,110.5,107.5,110.5,277000.0,30187500.0,107.9,104.4,102.1,100.295,97.61666666666666,92.30333333333333,100.0,83.43949044585989,2.3837188695563327,1.2824492121335467,1.101269657422786,43.66770066130973,9.423694319848776,27.205974229997263,,109.6541553570134,102.1,94.5458446429866,572000.0,234650.0,0.48426573426573427,108.98014440433214
2026-01-15,8110,80.6,82.1,79.0,79.7,48928447.0,3918596725.0,76.96000000000001,73.67,63.84499999999999,44.765,30.289166666666667,22.655624999999997,65.97222222222226,81.91489361702128,9.074330602065771,7.987842868422506,1.0864877336432652,47.031522840066806,13.484452411698813,52.273127071395166,,85.5704132054462,63.84499999999999,42.11958679455378,91352605.8,45467473.5,0.5355999051315513,80.08831191801366
2026-01-15,8111,68.3,68.4,67.4,67.5,1162000.0,78809600.0,68.32000000000001,68.74000000000001,70.885,66.645,59.28458333333333,54.610625,53.42465753424656,22.03389830508476,-0.28250887230237254,0.470878838897971,-0.7533877112003435,24.662225469914915,21.581071910100484,29.6538414867606,,77.21363999691143,70.885,64.55636000308859,2156400.0,3317350.0,0.5388610647375255,67.8223752151463
2026-01-15,8112,77.0,77.6,76.2,76.7,9621330.0,738837239.0,77.62,78.57000000000001,75.92,72.29666666666667,58.27666666666667,56.089166666666664,10.204081632653072,54.918032786885256,1.895293354414548,2.1235284528214584,-0.22823509840691036,21.784756315106115,18.218377005212844,27.334336567373306,,82.92904678555553,75.92,68.91095321444448,32764989.8,33077256.4,0.2936466655027007,76.79159107940379
2026-01-15,8114,201.0,204.0,193.5,198.0,2260840.0,445810321.0,191.7,183.05,178.475,187.24166666666667,215.75,250.03125,80.24691358024691,71.42857142857143,2.95120553742197,-0.5336751026550905,3.48488064007706,39.27003287386528,10.770813156656569,27.056496347066894,,196.02335424882352,178.475,160.92664575117647,1993815.2,847838.45,1.133926554477065,197.18791289963022
2026-01-15,8121,30.3,30.45,29.3,30.3,926000.0,27636100.0,29.669999999999998,29.335,28.827500000000004,28.398333333333333,25.863749999999996,23.923333333333332,66.19718309859158,62.11180124223602,0.5448456133151076,0.4283148978847021,0.1165307154304055,24.075405100143264,9.512040018513483,34.54324042619886,,30.410460251520515,28.827500000000004,27.244539748479493,1069000.0,705850.0,0.8662301216089804,29.844600431965443
2026-01-15,8131,67.4,68.4,66.2,67.5,9018490.0,607669652.0,66.94,67.08,61.1225,48.38833333333333,38.4225,33.73583333333333,43.83561643835613,74.00881057268721,5.504370881089706,5.540178475285386,-0.03580759419568036,35.88606092402672,11.448285214587813,56.239397147666956,,75.77519779363396,61.1225,46.46980220636604,17297273.0,25205291.7,0.5213821855040387,67.38042089085867
2026-01-15,8147,105.0,105.0,104.0,104.5,82000.0,8561500.0,105.4,105.5,106.025,104.60333333333332,108.46416666666666,106.59124999999999,41.1764705882353,41.17647058823529,0.47638593591788947,0.6503191860091974,-0.1739332500913079,24.89779805449496,18.728232495830948,19.295519713599504,,109.51143989736043,106.025,102.53856010263958,69200.0,84600.0,1.1849710982658959,104.40853658536585
2026-01-15,8150,59.0,62.1,58.4,61.6,62721442.0,3812269468.0,59.5,55.2,50.6775,43.94416666666667,35.654583333333335,32.541250000000005,95.65217391304343,88.78048780487804,4.2360750855075935,3.123513256615499,1.1125618288920944,33.70611089715759,6.034975306982934,55.7283805274383,,62.31077690631244,50.6775,39.04422309368756,95230206.8,49866307.4,0.6586296943755036,60.78096016988895
2026-01-15,8155,178.0,178.0,175.5,176.5,655000.0,115674000.0,180.4,174.75,172.55,168.49166666666667,157.00833333333333,143.34458333333333,58.33333333333333,49.438202247191015,2.4993303383860166,1.7639538615298325,0.7353764768561841,27.335656751882926,14.36582142843518,20.655923510780088,,185.14448500858987,172.55,159.95551499141015,2499400.0,1430400.0,0.2620628950948228,176.60152671755725
2026-01-15,8162,37.05,37.05,36.35,36.35,57127.0,2085878.0,36.89,37.545,36.102500000000006,35.534166666666664,37.66041666666667,,23.07692307692298,59.71563981042657,0.6021285094489812,0.62049571078906,-0.018367201340078743,28.146627409886438,23.68342624268798,24.399009821249454,,39.6428649826716,36.102500000000006,32.562135017328416,62869.8,82887.45,0.908655666154497,36.512997356766505
2026-01-15,8163,32.35,32.35,31.55,32.0,1543526.0,49096805.0,31.18,30.6,30.615000000000002,32.49916666666666,34.1475,36.40229166666667,66.66666666666669,60.93749999999999,-0.0352347330786813,-0.3535646079726214,0.3183298748939401,42.652468830747544,15.512330287063087,21.366605610623086,,32.12813546894292,30.615000000000002,29.10186453105708,1723283.2,1220040.35,0.8956891125033889,31.808213791021338
2026-01-15,8171,29.45,29.5,27.9,28.05,1673000.0,47835550.0,26.0,24.919999999999998,25.107499999999998,25.096666666666668,27.685416666666665,31.616666666666667,85.59322033898303,67.94871794871796,0.2988789866992434,-0.05821636377159048,0.35709535047083385,41.75442953693355,14.887030865605375,20.132104170362027,,27.49833227085682,25.107499999999998,22.716667729143175,612800.0,217500.0,2.7300913838120104,28.59267782426778
2026-01-15,8176,11.5,11.55,11.3,11.45,303000.0,3465350.0,11.030000000000001,10.915,10.885000000000002,10.660833333333333,10.680833333333334,11.45625,80.00000000000003,69.69696969696972,0.12476887419929383,0.07348941518394002,0.051279459015353815,36.217061769160566,10.213495137082687,35.436814229944254,,11.3335062928613,10.885000000000002,10.436493707138704,258000.0,147950.0,1.1744186046511629,11.436798679867987
2026-01-15,8182,28.95,29.95,28.2,28.65,893000.0,25689350.0,26.910000000000004,26.470000000000006,26.2925,25.96333333333333,25.867083333333333,28.24625,83.99999999999996,73.95833333333324,0.39512926570446183,0.15207353780647398,0.24305572789798785,47.52490918828129,9.787835849708495,24.24318539064206,,27.91674881422857,26.2925,24.66825118577143,628200.0,193450.0,1.4215218083412926,28.767469204927213
2026-01-15,8183,34.9,34.9,33.9,34.4,403000.0,13789800.0,33.92999999999999,33.705,33.3925,33.0925,30.800416666666663,31.694166666666668,54.09836065573771,58.778625954198475,0.2926742710468986,0.18474496684110286,0.10792930420579572,16.58380951758622,19.458844824306293,8.718440505499636,,34.56511516099263,33.3925,32.219884839007364,553800.0,366350.0,0.7276995305164319,34.21786600496278
2026-01-15,8201,13.85,14.1,13.85,13.9,164335.0,2285871.0,14.079999999999998,13.954999999999998,13.830000000000002,14.368333333333334,14.572083333333333,13.509625,56.250000000000014,52.94117647058825,-0.06031890287577113,-0.1267832332450084,0.06646433036923727,22.842216875413726,16.30498403145519,19.831239627426413,,14.543331693718075,13.830000000000002,13.116668306281928,216940.2,138954.85,0.7575128998682585,13.909824443971157
2026-01-15,8210,977.0,977.0,933.0,933.0,1884621.0,1779439604.0,937.0,948.2,951.5,931.25,761.625,554.5354166666667,38.33333333333333,45.20123839009288,7.072855792505607,11.212825583772904,-4.139969791267298,27.18970346831437,23.44392110578569,18.227032455320252,,1019.9520577523367,951.5,883.0479422476633,2342770.8,2352007.45,0.8044410490347584,944.1896296390627
2026-01-15,8213,34.7,34.9,34.4,34.9,224367.0,7773884.0,34.44,33.754999999999995,33.272499999999994,33.6525,34.03208333333333,33.01833333333333,60.00000000000005,68.64406779661019,0.35418657001579845,0.08976518676266042,0.264421383253138,31.389611088820494,12.12185624845737,23.514842342384867,,34.993722026107406,33.272499999999994,31.551277973892578,695317.6,450630.2,0.3226827567718694,34.64807213181974
2026-01-15,8215,21.0,21.0,20.5,20.65,513810.0,10587334.0,20.619999999999997,20.38,19.740000000000002,20.04,21.727083333333333,23.500625000000003,24.59016393442623,60.78431372549018,0.31377242014134055,0.14642239826265985,0.1673500218786807,33.193599342454036,23.95769367239834,16.94572776614819,,21.725367525301657,19.740000000000002,17.754632474698347,1120644.0,1440239.25,0.45849529377750653,20.60554290496487
2026-01-15,8222,43.1,43.85,42.85,43.0,545695.0,23538706.0,43.19,41.709999999999994,41.3,42.235,46.71041666666667,48.265625,76.10619469026548,61.3095238095238,0.29787804503437343,-0.09122951963976154,0.389107564674135,32.60175834246087,10.447667637475586,26.66483768379541,,43.77279939382768,41.3,38.82720060617231,2350385.0,1131608.3,0.23217260150996538,43.135278864567205
2026-01-15,8227,142.0,144.0,141.0,141.5,247000.0,34994500.0,141.8,141.9,144.275,152.15833333333333,161.44583333333333,156.80416666666667,40.54054054054054,44.5945945945946,-2.506383624549244,-2.658226911677309,0.15184328712806527,21.912490518965317,18.545879305834518,10.019943057817473,,150.65321126550396,144.275,137.89678873449606,291000.0,270050.0,0.8487972508591065,141.67813765182186
2026-01-15,8234,73.0,74.2,71.8,73.8,615000.0,44841400.0,71.88,72.25,73.305,74.31166666666667,85.31416666666668,82.47250000000001,55.42168674698789,49.72375690607733,-0.5816864483951036,-0.6460208064936355,0.06433435809853183,21.21967037353103,17.597771635940333,12.960984465063103,,77.18557239402617,73.305,69.42442760597385,653000.0,966000.0,0.9418070444104135,72.91284552845528
2026-01-15,8240,46.2,46.2,44.55,45.4,1960000.0,88354750.0,43.72,41.84,38.25,34.83583333333333,36.45625,36.39,78.35051546391752,78.32512315270935,2.900362911137343,2.0767283763620044,0.8236345347753384,47.138109990689806,10.152402828165785,38.61482674028675,,46.90843063451068,38.25,29.591569365489324,5043600.0,2509500.0,0.38861130938218735,45.07895408163265
2026-01-15,8249,54.7,54.7,53.1,53.4,957701.0,51280865.0,53.36,51.794999999999995,51.197500000000005,51.958333333333336,55.02583333333334,53.454375,67.85714285714289,62.25490196078433,0.3963588708389949,-0.04954246201217658,0.4459013328511715,26.388116089819686,12.997275097383163,14.244576855112966,,53.936011889405854,51.197500000000005,48.458988110594156,1952110.2,837184.45,0.4905978156356132,53.545798740943155
2026-01-15,8255,124.0,124.0,122.0,122.0,193000.0,23681500.0,121.2,119.55,118.625,125.25,129.94166666666666,132.45208333333332,56.52173913043478,61.22448979591836,-0.18761027731163438,-1.139944656115738,0.9523343788041037,24.682290955441864,15.971041335719406,15.473405158257407,,123.13084415829199,118.625,114.11915584170801,284000.0,253700.0,0.6795774647887324,122.70207253886011
2026-01-15,8261,90.7,91.2,90.1,90.1,702323.0,63559300.0,89.67999999999999,90.26,90.4,92.8,90.70416666666667,86.51458333333333,45.882352941176464,47.46835443037971,-0.2849061413397749,-0.3079800119378673,0.023073870598092405,22.01764602051695,24.157668188394137,10.560385193961558,,92.37244171416734,90.4,88.42755828583267,949008.2,1051876.85,0.7400599910517106,90.49867368717813
2026-01-15,8271,120.5,122.5,119.0,121.0,5017226.0,606535005.0,125.7,120.95,110.51999999999998,105.09833333333333,86.6125,69.203125,53.19148936170213,69.73684210526315,7.161166506762598,5.791205755619899,1.369960751142699,33.72827180775533,15.803705502678673,32.99048553815838,,135.7877951884251,110.51999999999998,85.25220481157487,21769532.6,17606324.65,0.2304700836801613,120.89050901833005
2026-01-15,8272,80.0,80.0,80.0,80.0,2000.0,160000.0,79.94000000000001,,,,,,32.49999999999993,47.878787878787875,-0.6619877043412856,-0.8461153650459529,0.18412766070466724,18.598748032941202,22.207961135990313,16.747587748811604,,,,,8800.0,,0.22727272727272727,80.0
2026-01-15,8277,8.89,8.89,8.78,8.82,228000.0,2009550.0,8.936000000000002,9.016000000000002,9.1225,10.932999999999998,11.220083333333331,10.901791666666668,46.29629629629637,33.84615384615387,-0.2916861642928481,-0.35157937287319985,0.05989320858035174,19.669763873322292,21.046182135118944,6.856870560978127,,9.504234269658177,9.1225,8.740765730341824,437600.0,420850.0,0.5210237659963437,8.813815789473685
2026-01-15,8279,125.0,127.5,124.0,126.0,69000.0,8709000.0,122.9,120.45,,,,,94.11764705882354,78.57142857142857,-0.010247328184746607,-1.429230118993261,1.4189827908085144,38.91448360543722,12.348796008626248,31.683535965397514,,,,,100800.0,,0.6845238095238095,126.21739130434783
2026-01-15,8284,63.3,63.3,63.2,63.3,19000.0,1202300.0,63.279999999999994,63.27,63.425,,,,50.0,24.999999999999105,0.07261316847922217,0.11552897571759153,-0.042915807238369366,49.76121844890861,15.37074956395858,42.95327680274598,,63.959592811100386,63.425,62.89040718889961,19200.0,17450.0,0.9895833333333334,63.27894736842105
2026-01-15,8289,27.5,27.5,25.6,26.25,3562000.0,95312300.0,23.04,21.855,21.2375,20.7875,20.59708333333333,21.312916666666663,96.63865546218489,89.9328859060403,0.8732949412019053,0.32692518498283923,0.5463697562190661,68.15208804976878,8.49381386088927,30.845516335929087,,24.421154801440764,21.2375,18.053845198559237,1153000.0,329450.0,3.0893321769297484,26.758085345311624
2026-01-15,8299,1765.0,1810.0,1765.0,1795.0,1585000.0,2844545000.0,1749.0,1665.0,1450.75,1217.4166666666667,911.5958333333333,756.9729166666667,72.22222222222223,87.96992481203007,171.8966034146997,139.7587623630449,32.13784105165482,43.634442219212524,13.053029261903367,39.51131449098453,,1954.4236098538067,1450.75,947.0763901461931,2543200.0,7023950.0,0.623230575652721,1794.6656151419559
2026-01-15,8341,89.0,91.0,83.1,84.3,2531168.0,215030269.0,85.4,81.28,79.785,81.06500000000001,78.72749999999999,79.12625000000001,67.85714285714286,61.797752808988825,1.6147008374017702,0.35241636378954355,1.2622844736122265,46.505845591258264,25.01425634135656,25.706723686448953,,88.1607230638376,79.785,71.4092769361624,2641453.0,789180.45,0.9582483580059914,84.95298178548401
2026-01-15,8342,,,,,,,,,,,,,50.0,51.21951219512189,0.3768776770468776,0.4067481264102238,-0.029870449363346208,21.9465987624297,33.01132179101228,19.987118296141446,,,,,,,,
2026-01-15,8349,43.1,43.6,42.9,43.6,108000.0,4659300.0,43.04,43.495,43.6025,44.119166666666665,46.724583333333335,50.55520833333333,52.27272727272731,48.979591836734684,-0.36082578209518346,-0.336744456906778,-0.024081325188405445,20.42531029580557,23.15121128442129,12.630791314125288,,44.6580492459021,43.6025,42.5469507540979,128200.0,89350.0,0.8424336973478939,43.141666666666666
2026-01-15,8354,15.8,15.85,15.7,15.7,34000.0,535850.0,15.7,15.864999999999998,15.99,15.823333333333332,15.286249999999999,15.290625,25.000000000000014,44.186046511627914,-0.07209586199807028,-0.01661545091464194,-0.05548041108342834,22.63733163582345,24.76197767665609,18.786897070456025,,16.458592517405467,15.99,15.521407482594535,69200.0,76300.0,0.4913294797687861,15.760294117647058
2026-01-15,8358,262.0,268.0,262.0,268.0,2216000.0,588314000.0,259.3,265.3,261.375,243.13333333333333,216.11333333333334,141.08395833333333,52.857142857142854,54.23728813559322,3.958190057465629,5.8164176640740015,-1.8582276066083727,32.336712844762225,27.100843062265778,14.198839341705913,,287.07749834262216,261.375,235.67250165737784,1869400.0,8232450.0,1.1854070824863592,265.4846570397112
2026-01-15,8367,43.5,43.75,43.5,43.7,30008.0,1310648.0,43.19,42.855000000000004,43.2675,43.568333333333335,44.41291666666666,46.26916666666667,100.0,50.847457627118715,-0.1832625438344735,-0.25855128348339085,0.07528873964891736,32.085556711950844,21.279529838386818,11.065372368818926,,44.32891663033763,43.2675,42.206083369662366,35906.0,42949.15,0.8357377597058987,43.67661956811517
2026-01-15,8374,88.5,88.5,86.1,86.6,431246.0,37538125.0,85.36,85.1,81.96000000000001,82.36999999999999,92.18583333333332,96.52291666666666,32.59259259259257,62.32394366197184,1.5386713458077281,0.9256960977655914,0.6129752480421368,38.76895908452629,16.96008473646425,24.58148247298497,,90.26887920746765,81.96000000000001,73.65112079253237,598336.0,767250.95,0.7207421916782544,87.04573491696155
2026-01-15,8383,42.0,42.15,41.65,42.05,312000.0,13083350.0,41.61,40.99,40.8175,40.33416666666667,41.215,43.30895833333333,82.60869565217395,71.01449275362324,0.3048034986336816,0.15199260155702804,0.15281089707665357,25.86215469227912,11.39753921281503,25.439054146103636,,41.914037613053246,40.8175,39.72096238694676,453000.0,226650.0,0.6887417218543046,41.9338141025641
2026-01-15,8390,104.0,104.5,98.6,99.8,2306000.0,232920600.0,100.46,97.49,94.0,81.45333333333333,73.82833333333335,69.96374999999999,62.83783783783783,69.66666666666667,4.546481262217753,4.098004556333973,0.4484767058837802,37.19467592484943,17.889802105695278,41.84825440895662,,104.17468478756604,94.0,83.82531521243396,3284000.0,3053950.0,0.7021924482338612,101.00633130962706
2026-01-15,8401,29.1,29.6,29.1,29.6,69000.0,2034200.0,29.32,29.145000000000003,28.945,28.726666666666667,28.432083333333335,28.835208333333334,83.33333333333347,77.41935483870965,0.19329538890587017,0.1260111717768881,0.06728421712898208,35.18813182122819,6.870650676202292,38.212971759546775,,29.498362924594755,28.945,28.391637075405246,54200.0,59550.0,1.2730627306273063,29.481159420289856
2026-01-15,8403,24.0,24.1,23.8,23.9,113000.0,2706750.0,23.71,23.415,23.3775,23.763333333333332,24.84958333333333,26.2875,86.36363636363619,67.64705882352928,0.012746960427243437,-0.09520629850954908,0.10795325893679251,33.49838624783524,13.192429149493549,26.808168660687667,,23.87852526462203,23.3775,22.876474735377972,155400.0,110700.0,0.7271557271557272,23.95353982300885
2026-01-15,8404,24.75,25.05,24.4,24.5,474503.0,11714088.0,24.52,23.955000000000002,23.880000000000003,24.7325,23.8375,23.535,80.64516129032292,58.20895522388062,-0.019564881300009773,-0.20296094960182642,0.18339606830181665,23.66726161308705,17.9888252344622,20.648575413351587,,24.954782719779246,23.880000000000003,22.80521728022076,922622.8,685386.85,0.5142979341069828,24.68706836416208
2026-01-15,8409,21.4,21.6,21.4,21.5,12000.0,257750.0,21.55,21.73,21.6375,,,,11.1111111111112,51.92307692307695,-0.032793383209423155,-0.02795896269607964,-0.004834420513343516,32.915757908502776,23.30444053269261,17.63009260791589,,22.099617551689,21.6375,21.175382448310998,6800.0,11200.0,1.7647058823529411,21.479166666666668
2026-01-15,8410,37.3,38.1,37.15,38.05,82000.0,3086800.0,36.64,36.275,36.1275,37.248333333333335,40.026666666666664,,91.07142857142857,78.20512820512806,-0.003647246871722132,-0.26005518675214906,0.2564079398804269,35.240320112145724,11.72086204670358,19.434863900459852,,37.259091799170434,36.1275,34.99590820082956,54200.0,42600.0,1.5129151291512914,37.64390243902439
2026-01-15,8411,12.1,12.1,12.0,12.1,41064.0,495112.0,12.059999999999999,12.135,12.2025,12.370833333333334,12.633333333333333,12.833958333333332,45.454545454545396,40.0,-0.07061333593278185,-0.05601436066857316,-0.01459897526420869,11.89003825811549,19.39482221531872,21.91967906692631,,12.500696332357888,12.2025,11.904303667642113,81078.0,85643.25,0.5064752460593502,12.057081628677187
2026-01-15,8415,33.7,33.9,33.6,33.7,160000.0,5402200.0,33.660000000000004,33.695,33.667500000000004,33.78916666666667,34.04375,34.619791666666664,27.27272727272775,55.55555555555568,-0.03519943103847112,-0.04489015275780537,0.009690721719334251,17.40385559630803,12.41024299049164,10.579185717132226,,33.86290780569652,33.667500000000004,33.472092194303485,192600.0,252900.0,0.8307372793354102,33.76375
2026-01-15,8416,183.5,185.5,183.0,185.5,7000.0,1288000.0,184.2,183.75,181.625,,,,47.05882352941176,67.64705882352942,2.1598435212758034,2.0527141841009264,0.10712933717487694,33.782488790534074,17.556566653905538,28.250779733283814,,186.83506111692978,181.625,176.41493888307022,15400.0,9700.0,0.45454545454545453,184.0
2026-01-15,8421,13.25,13.4,13.2,13.2,32000.0,424650.0,13.330000000000002,13.294999999999998,13.367500000000001,13.006666666666668,13.19625,13.232083333333334,43.749999999999886,37.77777777777774,0.07398115948064721,0.11652814502617603,-0.042546985545528826,27.77363658852246,19.959383187909964,24.940103003351627,,13.911631369586718,13.367500000000001,12.823368630413285,33800.0,48200.0,0.9467455621301775,13.2703125
2026-01-15,8422,46.9,47.05,46.75,46.75,101045027.0,4730174506.0,45.57,39.38,32.957499999999996,87.7225,141.78625000000002,160.12145833333335,76.74943566591423,81.83118741058655,-1.876959843917767,-7.095119817356153,5.218159973438386,44.18166405648329,32.885388598869945,37.50632249239188,,50.02810492870012,32.957499999999996,15.886895071299879,97241832.4,102634388.4,1.0391106842203026,46.81254136336665
2026-01-15,8423,19.1,19.1,18.75,18.85,17000.0,320750.0,18.44,18.265,18.035,17.77333333333333,,,90.47619047619038,68.08510638297875,0.2163401097633546,0.1307725940664646,0.08556751569689,56.279962201390376,14.156265041095523,30.935229006188163,,18.72179269836409,18.035,17.34820730163591,39200.0,20500.0,0.4336734693877551,18.86764705882353
2026-01-15,8424,73.6,73.6,73.5,73.5,6000.0,441200.0,73.5,,,,,,66.66666666666745,18.518518518518263,-0.017111905880994982,-0.006801080563564624,-0.010310825317430359,27.654178006710623,42.17541043082723,22.1159811301845,,,,,10800.0,,0.5555555555555556,73.53333333333333
2026-01-15,8426,28.2,28.35,28.15,28.2,22000.0,621350.0,27.810000000000002,27.65,27.9625,27.805833333333336,28.681666666666665,32.530833333333334,93.33333333333324,43.07692307692309,-0.09869311917500312,-0.12513194042506795,0.02643882125006483,21.639713576568898,16.343450377735554,17.577894479619363,,28.90387357649692,27.9625,27.021126423503077,31400.0,42950.0,0.7006369426751592,28.243181818181817
2026-01-15,8429,7.58,7.65,7.57,7.65,165856.0,1261243.0,7.593999999999999,7.603999999999999,7.651999999999999,7.650666666666666,7.791666666666667,8.409458333333333,60.0,41.81818181818184,-0.015560542652163889,-0.0122333198070721,-0.0033272228450917894,16.20373302455144,17.444646588192132,11.767530688011782,,7.820410525987798,7.651999999999999,7.4835894740122,168108.8,200435.7,0.9865991548330606,7.604446025467876
2026-01-15,8431,70.8,72.3,69.4,70.5,1827000.0,129337900.0,72.44,74.58,69.96000000000001,54.52416666666667,49.92208333333333,51.65854166666667,7.777777777777814,51.71428571428572,4.68573184354473,5.618714936334985,-0.9329830927902556,23.968830777338763,16.109309674627422,47.71891151669739,,81.10826396681007,69.96000000000001,58.811736033189945,3326400.0,6273900.0,0.5492424242424242,70.79250136836343
2026-01-15,8432,56.4,56.4,55.6,55.7,68000.0,3801400.0,56.08,56.620000000000005,57.36,55.538333333333334,52.91416666666667,,47.826086956521856,31.14754098360656,-0.062192560085286175,0.2819213898824128,-0.34411394996769895,21.753326146743078,17.905469317686258,25.95978968830366,,59.55990430413848,57.36,55.16009569586152,48600.0,43800.0,1.3991769547325104,55.90294117647059
2026-01-15,8433,58.0,60.0,57.5,59.9,141000.0,8353900.0,55.5,53.29,52.025,51.79666666666667,54.041666666666664,63.83,95.9183673469388,83.57142857142856,1.4101322779923038,0.4083924240826047,1.001739853909699,53.437946572336195,6.329511891760325,32.998995443686276,,57.759429719729795,52.025,46.2905702802702,183400.0,63050.0,0.7688113413304253,59.247517730496455
2026-01-15,8435,53.8,53.9,53.6,53.7,36000.0,1934500.0,53.339999999999996,52.98,53.129999999999995,52.9,56.14750000000001,,88.23529411764729,55.00000000000009,0.0449016956530528,-0.05091009304987816,0.09581178870293096,35.094165219639606,24.831494264478735,13.401914612823607,,54.086088522645504,53.129999999999995,52.17391147735449,39800.0,22900.0,0.9045226130653267,53.736111111111114
2026-01-15,8436,132.5,136.0,132.5,134.5,1392000.0,187524500.0,129.2,123.2,116.675,115.30833333333334,120.1875,127.52291666666666,100.0,98.03921568627452,4.830820327936422,2.3090784989000595,2.5217418290363627,45.973144692814486,7.494630618818132,33.641955824469385,,133.7206816571809,116.675,99.6293183428191,1325200.0,651650.0,1.0504074856625416,134.7158764367816
2026-01-15,8437,16.5,16.8,16.5,16.65,79000.0,1310600.0,16.669999999999998,16.645,16.942500000000003,17.015,17.53625,20.401249999999997,64.70588235294116,29.72972972972974,-0.12257707885367708,-0.0982444854526672,-0.024332593401009878,23.785185588165554,18.013129785603248,18.974336688316896,,17.646081065541292,16.942500000000003,16.238918934458713,43400.0,38350.0,1.8202764976958525,16.58987341772152
2026-01-15,8438,54.2,57.5,54.0,57.5,669607.0,37264913.0,53.64,51.410000000000004,41.88,33.7675,32.26,32.404375,89.16256157635468,95.13776337115073,6.637630951430815,5.207427479575649,1.4302034718551653,60.34646270318024,1.1150041911016266,69.62988211473616,,62.88083707604862,41.88,20.879162923951384,530166.2,1338185.2,1.2630133720331473,55.6519167213007
2026-01-15,8440,31.8,31.8,28.25,28.9,4051000.0,119863600.0,26.860000000000003,25.619999999999997,25.3,25.215833333333332,26.40583333333333,31.164583333333333,79.28571428571425,69.8019801980198,0.6411371198049558,0.1388862260149542,0.5022508937900017,55.651182821260434,7.959756818035922,32.582734998946705,,28.32811388230641,25.3,22.27188611769359,1078000.0,330300.0,3.7578849721706864,29.588644779066897
2026-01-15,8442,72.5,72.8,72.1,72.5,61315.0,4449548.0,72.4,70.94,70.175,70.35,71.66833333333334,80.62916666666666,83.05084745762714,61.85567010309276,0.5247932129514794,0.1512249202433339,0.3735682927081455,28.48616669315564,16.980302360203325,15.691227499258488,,73.18507081574027,70.175,67.16492918425972,81371.6,49520.0,0.7535184265763485,72.56866998287532
2026-01-15,8443,11.2,11.3,11.2,11.2,9242.0,103145.0,11.15,11.139999999999999,11.14,11.329166666666667,11.648333333333333,11.760208333333333,74.99999999999977,57.142857142856926,-0.018536564784739085,-0.0360663198422027,0.017529755057463618,42.407162576340255,10.53328775787217,32.03628337040913,,11.20155870112568,11.14,11.07844129887432,17764.2,122430.2,0.5202598484592608,11.16046310322441
2026-01-15,8444,10.0,10.3,10.0,10.3,16000.0,161950.0,10.42,11.01,11.815000000000001,11.149833333333333,12.691166666666668,,13.8888888888889,31.57894736842104,-0.36198763275564794,-0.08613287493499003,-0.27585475782065794,17.914991699382895,31.534634529238154,21.84018029244632,,13.885621569531494,11.815000000000001,9.744378430468508,36400.0,53300.0,0.43956043956043955,10.121875
2026-01-15,8446,95.4,95.6,95.0,95.2,102000.0,9717300.0,95.52,96.03999999999999,96.185,95.57833333333335,97.42750000000001,101.12124999999999,34.99999999999993,42.85714285714289,-0.08233916199375813,0.0922648667099309,-0.17460402870368902,25.99619399683154,17.68926007704905,23.21724995434359,,97.48807329033247,96.185,94.88192670966754,81200.0,70150.0,1.2561576354679802,95.26764705882353
2026-01-15,8450,17.3,17.3,17.0,17.2,68000.0,1161900.0,17.06,17.06,17.165,17.208333333333332,17.691666666666666,19.071250000000003,64.28571428571425,50.0,-0.04068464530162075,-0.04406393464306097,0.003379289341440224,14.490748585666147,16.759078266162618,13.574586624572703,,17.4746687534152,17.165,16.855331246584797,53800.0,34800.0,1.2639405204460967,17.086764705882352
2026-01-15,8454,209.0,209.0,204.0,205.5,274177.0,56426375.0,206.0,205.55,208.075,221.55,239.24166666666667,278.225,40.54054054054054,41.55844155844156,-3.561985199342189,-4.19769377805386,0.6357085787116707,21.595321210504572,22.231543975688968,16.92127695894503,,214.96721528819418,208.075,201.1827847118058,407301.8,606426.8,0.673154402951325,205.80272962356435
2026-01-15,8455,22.1,22.1,22.0,22.0,3000.0,66100.0,22.67,,,,,,53.488372093023266,59.84848484848484,0.0640106328446457,-0.11336226623985553,0.1773728990845012,44.08709802674884,13.768237231705015,28.92521549076453,,,,,12800.0,,0.234375,22.033333333333335
2026-01-15,8462,155.0,156.5,155.0,155.5,61253.0,9538878.0,157.5,154.6,151.25,155.73333333333332,155.50416666666666,141.28333333333333,56.25,69.38775510204081,1.1486155763615216,0.09751336021436452,1.051102216147157,27.450379581034813,17.97504157039112,20.894384898667276,,160.69513241388702,151.25,141.80486758611298,119293.4,108820.95,0.5134651204509219,155.7291561229654
2026-01-15,8463,27.05,27.2,26.85,26.85,40313.0,1087241.0,26.869999999999997,26.68,26.9375,26.319999999999997,25.6175,24.975,63.99999999999998,41.66666666666674,0.01368191728741408,0.04087524549216936,-0.027193328204755278,23.225724329544743,16.734069781569808,15.216212733850869,,27.64078178076628,26.9375,26.23421821923372,75251.2,67011.65,0.5357123873107672,26.969984868404733
2026-01-15,8464,405.0,427.5,403.5,423.0,1504571.0,633526253.0,397.2,384.05,378.3,377.35,408.31666666666666,409.21875,96.29629629629629,75.86206896551724,5.751218253391585,0.5072162862836875,5.244001967107897,43.03453032732358,12.487678686831764,20.180040086137478,,408.49131977032204,378.3,348.108680229678,709641.8,707197.95,2.1201837321307733,421.0677016903822
2026-01-15,8466,22.0,22.0,21.75,21.9,31226.0,682909.0,21.630000000000003,21.6,21.807499999999997,22.509999999999998,24.217916666666667,28.182291666666668,90.90909090909079,50.0,-0.23254446280049024,-0.279875413856845,0.047330951056354764,20.211442658014466,17.87534243602534,13.06235489947917,,22.36500855552927,21.807499999999997,21.249991444470727,51379.8,60171.05,0.6077485704498655,21.869884070966503
2026-01-15,8467,178.5,185.0,178.0,183.0,162772.0,29561769.0,174.3,174.0,167.525,158.26666666666668,164.025,177.96875,72.0,75.60975609756098,5.3583919429358104,4.534706599500619,0.8236853434351916,35.32321270921407,17.984189469353424,25.493514733661073,,188.38915964985642,167.525,146.6608403501436,138235.4,201615.5,1.1774986725542083,181.61458358931512
2026-01-15,8472,68.8,68.8,67.0,67.0,19000.0,1282600.0,67.96000000000001,68.14,69.13,74.61999999999999,76.55833333333334,,50.0,41.379310344827594,-1.622486467653971,-1.680005825548107,0.05751935789413598,12.030473805562677,22.875151561025824,28.650457801343375,,72.19223172831215,69.13,66.06776827168784,12200.0,17000.0,1.5573770491803278,67.50526315789473
2026-01-15,8473,39.65,41.85,38.85,40.3,4678878.0,190736937.0,38.81,37.45,36.8725,37.51499999999999,36.75833333333333,35.13208333333333,89.56521739130432,74.86033519553071,0.6660470960779534,0.21604055768324887,0.45000653839470456,44.51111286081228,11.751152808435329,22.046890034093728,,39.76449894445595,36.8725,33.98050105554405,2496644.2,846983.7,1.87406679734341,40.76552904350145
2026-01-15,8476,24.95,24.95,23.8,24.75,38028081.0,941854510.0,20.8,18.964999999999996,18.567500000000003,18.4175,19.210416666666667,21.185208333333332,100.0,82.17821782178217,0.8954521384871086,0.17857830569809574,0.7168738327890128,63.66636180958029,10.530116038258429,28.70769916113013,,22.54775058719187,18.567500000000003,14.587249412808134,9974657.4,2650617.95,3.8124698899432876,24.767342585601416
2026-01-15,8477,12.2,12.2,11.9,12.15,20000.0,240400.0,12.12,12.21,12.3075,,,,74.99999999999977,33.33333333333337,0.02816657203023354,0.07487085394631858,-0.04670428191608504,20.713020118029643,16.95657874100391,24.489195777769275,,12.847748480843233,12.3075,11.767251519156765,22400.0,25700.0,0.8928571428571429,12.02
2026-01-15,8478,192.0,192.0,187.5,188.5,233809.0,44061475.0,190.3,190.35,194.025,194.7,200.12083333333334,187.21875,39.99999999999999,29.545454545454547,-1.9666256030273246,-1.6100481343399742,-0.3565774686873504,19.704820509868366,24.297612519842644,10.791665023638545,,207.0046399268957,194.025,181.04536007310432,203031.0,247720.2,1.1515926139358028,188.4507225983602
2026-01-15,8481,41.25,42.2,41.25,42.0,59212.0,2489293.0,41.07000000000001,40.75,40.730000000000004,41.07333333333334,42.43458333333333,,96.77419354838727,67.74193548387106,0.06708004235330378,-0.08746072769339415,0.15454077004669792,42.325275145319864,16.44555545515137,14.21454729872345,,41.53026311462846,40.730000000000004,39.92973688537155,27435.0,24839.75,2.1582649899763076,42.04034655137472
2026-01-15,8482,50.8,51.4,50.2,50.2,6620.0,336783.0,49.8,49.910000000000004,49.6275,,,,71.87499999999997,54.83870967741936,0.26322846436129055,0.2700000420438488,-0.006771577682558261,32.78374063294991,16.411834578387587,19.80753956915437,,50.90090199136152,49.6275,48.35409800863847,3559.0,8487.15,1.8600730542287158,50.87356495468278
2026-01-15,8487,79.9,81.2,79.5,80.1,60428.0,4854208.0,79.44000000000001,79.42999999999999,78.83500000000001,77.31333333333333,78.92583333333333,78.525,50.0,58.97435897435889,0.5537139788085597,0.5168839492855267,0.03683002952303294,45.82891588072701,19.714479013224338,21.521648846789613,,80.46145885931806,78.83500000000001,77.20854114068196,19574.8,18410.65,3.0870302633998814,80.33044284106705
2026-01-15,8488,10.1,10.1,10.1,10.1,5126.0,51778.0,10.004,,,,,,53.52112676056329,52.222222222222165,-0.043248017244261305,-0.06849563022772948,0.02524761298346817,24.42547880709212,18.312054727292466,13.254747549822481,,,,,55660.2,,0.09209453074189457,10.101053452984784
2026-01-15,8489,40.3,42.5,40.2,42.25,148000.0,6192900.0,40.660000000000004,40.269999999999996,40.905,41.64083333333334,,,79.22077922077926,53.17919075144507,-0.11870119712450844,-0.27956945212729173,0.1608682550027833,27.51896833603224,14.891085761911974,16.679871247235752,,43.46335061997738,40.905,38.34664938002262,90000.0,116600.0,1.6444444444444444,41.84391891891892
2026-01-15,8499,327.5,327.5,317.5,318.0,122843.0,39362455.0,322.5,322.25,350.05,310.0,291.19166666666666,227.19583333333333,39.34426229508197,16.386554621848745,-3.9799471585889705,2.272668971802951,-6.252616130391921,20.984402103108586,25.23775512981666,22.46384914534086,,414.87275428955775,350.05,285.2272457104423,153376.4,275611.05,0.8009250445309709,320.4289621712267
2026-01-15,8905,31.35,31.5,31.3,31.5,13000.0,408550.0,31.4,30.8,30.744999999999997,,,,83.33333333333353,57.843137254901976,0.1739947618972444,0.040895043691095236,0.13309971820614916,39.14077753446042,17.427598407349205,41.732217670663054,,31.978266949375048,30.744999999999997,29.511733050624947,10400.0,24050.0,1.25,31.426923076923078
2026-01-15,8906,41.0,41.0,39.65,39.85,32000.0,1277650.0,38.57,38.295,37.835,32.635000000000005,33.39333333333333,,88.57142857142861,57.51633986928104,1.7071753704467767,1.7761096475864464,-0.06893427713966971,48.677491763967026,14.854212385420738,54.44568388824334,,41.33629299424961,37.835,34.33370700575039,55200.0,123400.0,0.5797101449275363,39.9265625
2026-01-15,8908,43.1,43.25,43.0,43.15,47000.0,2028100.0,43.07,43.285,43.94,43.46,,,58.82352941176475,19.99999999999983,-0.2746243808644735,-0.1261496141691165,-0.148474766695357,31.42409716169884,26.305700182335208,14.232258218311088,,45.41241298554528,43.94,42.467587014454715,56800.0,52350.0,0.8274647887323944,43.15106382978723
2026-01-15,8916,49.65,49.85,49.35,49.65,84000.0,4156100.0,49.62,49.625,49.8975,49.04083333333333,49.187916666666666,51.489375,100.0,31.999999999999886,0.059508963672598725,0.12219973154269617,-0.06269076787009745,18.162953044239288,19.20962279021346,14.265939517979568,,50.62259527504501,49.8975,49.172404724954994,85400.0,96050.0,0.9836065573770492,49.477380952380955
2026-01-15,8917,,,,,,,,,,,,,18.181818181818414,39.39393939393947,-0.42710728869265324,-0.3694699647790135,-0.05763732391363974,19.989785604621872,22.10390691299743,13.712071348174666,,,,,,,,
2026-01-15,8921,18.25,18.3,18.25,18.3,9000.0,164300.0,18.270000000000003,,,,,,77.7777777777776,63.63636363636367,0.3010750135370728,0.24141826683982587,0.05965674669724691,23.551005370430463,11.40861428587321,30.91817882978135,,,,,2600.0,,3.4615384615384617,18.255555555555556
2026-01-15,8923,19.45,19.45,19.4,19.4,2000.0,38850.0,,,,,,,50.0,100.0,-0.2889962795701031,-0.24180317465682014,-0.04719310491328296,4.598251543790611,1.458826717042115,43.15405407603835,,,,,,,,19.425
2026-01-15,8924,72.5,72.7,71.9,72.4,154000.0,11124600.0,72.12,71.82000000000001,71.91499999999999,72.41000000000001,67.68833333333333,66.75958333333332,65.00000000000031,48.27586206896561,-0.055584888228693785,-0.13656757530432825,0.08098268707563447,20.87548101062171,18.09409104833031,9.43414504877241,,72.92916286452518,71.91499999999999,70.9008371354748,88200.0,85050.0,1.746031746031746,72.23766233766234
2026-01-15,8926,42.3,42.85,41.95,42.45,1131966.0,47908447.0,41.69,41.239999999999995,41.08,43.325833333333335,45.032916666666665,43.91416666666667,100.0,69.69696969696983,-0.05706667695032053,-0.34633222298689553,0.289265546036575,31.538959438955644,18.206985574615985,25.97366293316436,,42.23184063225229,41.08,39.9281593677477,1097470.2,971852.15,1.031432106311406,42.323220838788444
2026-01-15,8927,24.45,24.5,24.0,24.15,493000.0,11929950.0,24.32,24.145,23.9525,25.174166666666668,31.430833333333332,,63.636363636363484,61.90476190476193,-0.21835749390706383,-0.3619714944561584,0.14361400054909457,24.430845284117837,17.020817382864497,14.884909495548177,,24.651728898592072,23.9525,23.25327110140793,549000.0,575100.0,0.8979963570127505,24.19868154158215
2026-01-15,8928,25.25,25.25,24.75,24.8,56000.0,1395000.0,24.81,24.74,,,,,61.53846153846167,51.724137931034505,-0.16739197482804968,-0.21970858803770835,0.05231661320965866,29.73072382476243,23.65935062764194,20.599223868805772,,,,,35800.0,,1.5642458100558658,24.910714285714285
2026-01-15,8929,16.65,16.65,16.45,16.65,16000.0,264900.0,16.72,,,,,,22.2222222222224,63.636363636363605,0.03708442591569394,0.06617638725271438,-0.02909196133702044,28.856220186001252,21.40956040425784,34.94145647778545,,,,,17200.0,,0.9302325581395349,16.55625
2026-01-15,8930,31.8,32.2,31.75,32.0,58000.0,1855500.0,31.68,31.915,32.2825,30.883333333333333,30.725833333333334,32.555625,52.500000000000036,31.944444444444485,0.08512516193270159,0.24447242546198047,-0.1593472635292789,28.136128731989942,29.000036811680214,18.75831592249827,,33.76121743857876,32.2825,30.803782561421233,55000.0,88450.0,1.0545454545454545,31.99137931034483
2026-01-15,8931,45.95,45.95,45.15,45.45,29000.0,1316100.0,45.56,45.67,45.64,47.385,49.901666666666664,,24.000000000000213,43.85964912280713,-0.3249401066537061,-0.38986652813466754,0.06492642148096145,17.83008945931536,27.702012739195,24.97545788877993,,46.22363651268886,45.64,45.05636348731114,24400.0,22950.0,1.1885245901639345,45.38275862068966
2026-01-15,8932,175.0,191.5,173.0,188.0,3743000.0,691731500.0,172.7,170.8,169.375,174.325,187.15,149.62833333333336,79.3103448275862,69.56521739130434,0.8002041560546616,-0.9693583014161954,1.7695624574708568,34.293527679239,17.053939142478402,15.428261308063625,,179.72098828939036,169.375,159.02901171060964,1627000.0,1046450.0,2.3005531653349722,184.80670585092173
2026-01-15,8933,6.01,6.03,5.99,6.02,278000.0,1671240.0,6.008,6.023000000000001,6.023,5.950666666666667,6.175,6.744583333333334,31.999999999999787,50.76923076923076,0.02734009542331428,0.032312725987030125,-0.0049726305637158436,22.951576358388515,13.962051515507168,24.6290936866345,,6.128051365882686,6.023,5.917948634117313,186800.0,194300.0,1.488222698072805,6.011654676258993
2026-01-15,8935,18.4,19.1,18.3,18.65,230000.0,4294400.0,18.009999999999998,18.055,19.005000000000003,19.059166666666666,20.842916666666667,19.805,69.69696969696967,41.46341463414634,-0.3464148637484534,-0.26471076583403547,-0.08170409791441796,23.447836545648666,17.18357177331906,20.60064640181897,,21.13372583584883,19.005000000000003,16.876274164151177,317600.0,374950.0,0.7241813602015114,18.671304347826087
2026-01-15,8936,55.5,55.6,54.4,54.5,1228000.0,67442300.0,54.4,54.25,55.31999999999999,57.263333333333335,55.142500000000005,54.90645833333333,59.52380952380948,42.55319148936171,-0.7370536363395885,-0.7354786777148732,-0.0015749586247153502,20.635639330590262,21.17354681763614,11.483119940446436,,57.89894307196287,55.31999999999999,52.74105692803712,1381600.0,1143250.0,0.8888245512449334,54.92043973941368
2026-01-15,8937,152.0,154.0,150.5,151.0,97000.0,14724000.0,149.8,150.55,150.725,153.13333333333333,155.92916666666667,154.6375,61.53846153846153,50.0,-0.9169128041068006,-0.9665423052518741,0.049629501145073474,26.964910461923502,17.045812091638094,11.139068030874427,,153.59911313551586,150.725,147.85088686448412,116600.0,116800.0,0.8319039451114922,151.79381443298968
2026-01-15,8938,72.1,72.9,72.1,72.5,130000.0,9435400.0,72.38,71.97999999999999,70.575,67.105,64.07416666666667,67.09333333333333,51.99999999999989,77.94117647058835,1.2450211230136716,1.1762402310693734,0.06878089194429826,29.78855300477924,19.32729249312751,35.21375223021834,,73.85548455984357,70.575,67.29451544015643,262200.0,210350.0,0.4958047292143402,72.58
2026-01-15,8940,21.2,21.2,20.45,20.5,44276.0,914576.0,20.48,20.995,20.645,20.572499999999998,20.51125,21.285416666666666,29.268292682926756,53.3980582524272,0.06882839249518824,0.12116757037264823,-0.052339177877459994,27.421622261038365,15.244543244943465,26.54082605671351,,21.7998068874787,20.645,19.4901931125213,54078.6,110801.6,0.8187342127939703,20.656247176800072
2026-01-15,8941,47.0,47.0,45.9,46.2,11000.0,507550.0,45.25000000000001,44.515,43.83,,,,89.79591836734696,87.05882352941171,0.41570193243735787,0.06978362922970364,0.3459183032076542,40.76972238655907,17.821753492546684,33.279396301490635,,45.792651268057135,43.83,41.86734873194286,13800.0,13450.0,0.7971014492753623,46.14090909090909
2026-01-15,8942,34.75,34.9,34.35,34.55,201000.0,6943000.0,34.339999999999996,34.67,35.915,36.07749999999999,38.406666666666666,45.07270833333334,54.28571428571427,20.79207920792075,-0.7043911802600533,-0.5399336871221663,-0.16445749313788705,20.751767117131006,26.173724189955195,22.771171942090994,,38.78977230219613,35.915,33.04022769780387,214600.0,224850.0,0.9366262814538676,34.54228855721393
2026-01-15,8996,726.0,726.0,685.0,708.0,8288865.0,5835244823.0,708.6,641.8,593.125,557.4166666666666,458.375,363.85833333333335,79.66101694915254,75.74750830564784,49.44213323931149,31.68318366018535,17.75894957912614,39.31694701093713,11.519645760022648,36.55304485985772,,747.4295092631714,593.125,438.82049073682856,9454731.0,5471138.6,0.8766896699652269,703.9859887933993
2026-01-15,9103,4.7,4.79,4.66,4.75,618236.0,2915645.0,4.664,4.542,4.5525,4.619833333333333,4.760666666666666,5.127,84.44444444444439,57.83132530120483,0.012978654964238778,-0.019431860114035665,0.03241051507827444,31.504457085990108,13.470647290228719,23.514311522202057,,4.764545178899915,4.5525,4.340454821100085,773756.6,518907.05,0.7990057855403108,4.716071209052854
2026-01-15,9105,6.52,6.54,6.27,6.41,75870935.0,486840646.0,6.17,5.985,5.893,6.003166666666667,6.0655833333333335,6.35325,75.72815533980582,73.64341085271319,0.09204748532165663,0.010055343460961019,0.08199214186069562,36.78777239125289,11.632820240800164,21.507483621097094,,6.339511625357027,5.893,5.446488374642972,65207467.4,24397454.85,1.163531387204282,6.416694957034601
2026-01-15,9110,3.15,3.17,3.14,3.17,12300.0,38859.0,3.0759999999999996,3.091,,,,,82.60869565217389,48.05194805194804,-0.02300193903587644,-0.028240021838492512,0.005238082802616072,17.946285581817634,26.20466628976858,25.123362430520732,,,,,36862.0,,0.33367695730020075,3.1592682926829267
2026-01-15,9136,8.39,8.43,8.22,8.35,480050.0,4010682.0,8.266,8.139999999999999,7.843999999999999,7.388166666666666,6.863083333333334,6.917458333333332,85.10638297872336,76.50602409638552,0.29361580823334243,0.2593359647278608,0.03427984350548163,33.60632367195929,18.477986254541413,27.92854435432008,,8.754601883082618,7.843999999999999,6.933398116917382,1033359.6,900851.5,0.4645527074989191,8.354717216956567
2026-01-15,9802,102.5,103.0,100.5,101.0,654704.0,66351953.0,102.1,101.34,102.82000000000001,105.025,105.14916666666666,109.90666666666667,57.7464788732394,40.15748031496062,-1.5177250805504343,-1.5945163117156274,0.07679123116519304,19.408453005059513,22.003757209251205,12.170778265980196,,107.24985089448784,102.82000000000001,98.39014910551218,925627.6,870201.1,0.7073082090464892,101.34649093330727
2026-01-15,9902,17.2,17.35,17.0,17.3,246018.0,4216952.0,17.009999999999998,16.845,17.089999999999996,16.99833333333333,16.586666666666666,16.486666666666668,70.83333333333329,50.94339622641511,-0.038204876174742,-0.053395804345708654,0.015190928170966657,28.62490694952472,23.1450404036235,17.670168499638596,,17.866361283234127,17.089999999999996,16.313638716765865,237820.4,270019.75,1.034469709074579,17.140827093952474
2026-01-15,9904,31.65,32.0,31.45,31.7,6512304.0,206309416.0,31.559999999999995,31.055,30.7875,30.252499999999998,29.430833333333332,31.185416666666665,57.53424657534248,63.80952380952379,0.28871349750833275,0.17826525734840287,0.11044824015992988,30.07366812789768,14.050578722004275,20.83479213304287,,31.962625973090937,30.7875,29.612374026909066,12044913.8,10622492.25,0.5406683773859801,31.679942459688615
2026-01-15,9905,20.1,20.15,20.05,20.1,69430.0,1395420.0,20.060000000000002,19.98,19.9575,20.008333333333333,20.560416666666665,21.803958333333334,83.33333333333334,60.0000000000001,0.010789390944065502,-0.015940667288379527,0.02673005823244503,17.9571880092214,20.974300698755087,11.654993959337434,,20.09994112357333,19.9575,19.81505887642667,86300.2,75511.05,0.8045172548846933,20.098228431513753
2026-01-15,9906,49.5,49.5,48.5,48.95,78125.0,3830091.0,48.989999999999995,49.23,50.595000000000006,49.04083333333333,57.076249999999995,73.23604166666668,45.00000000000001,30.593607305936075,-0.29066626063772816,0.00484045340258584,-0.295506714040314,21.097717314555894,22.67130000760289,24.307197443620794,,53.871856645267144,50.595000000000006,47.31814335473287,93807.2,341053.45,0.8328251989186332,49.0251648
2026-01-15,9907,18.9,19.1,18.8,18.9,2003807.0,37871411.0,18.8,18.415,18.277499999999996,18.458333333333332,18.284583333333334,18.22354166666667,88.23529411764692,62.50000000000001,0.1159542106084217,-0.0002623320890717171,0.11621654269749342,28.075173045467555,13.101127046482958,20.087522446476136,,19.053098241088193,18.277499999999996,17.5019017589118,3889894.0,5798971.1,0.5151315177225909,18.89972986420349
2026-01-15,9908,29.85,29.95,29.85,29.9,192046.0,5741305.0,29.860000000000003,29.855,29.902500000000003,29.983333333333334,30.044166666666666,30.454166666666666,66.66666666666588,45.454545454545396,-0.039040109660941624,-0.04237283218559173,0.0033327225246501044,11.922839065730184,13.902384376294036,20.03237583900528,,30.021597483290204,29.902500000000003,29.783402516709803,184341.0,120712.1,1.0417975382579026,29.895467752517625
2026-01-15,9910,105.0,107.5,103.5,106.5,1301078.0,137423485.0,105.8,107.35,111.8,120.825,120.75,120.38791666666667,50.0,40.57971014492754,-4.326972891796842,-4.108668607307415,-0.2183042844894274,13.516633883176754,25.996460652828514,36.42278362036828,,122.96102240176374,111.8,100.63897759823625,1742684.6,1438200.1,0.7465940767480242,105.6227874116694
2026-01-15,9911,84.0,85.2,84.0,85.2,237256.0,20121556.0,84.03999999999999,83.59,83.525,84.16000000000001,85.195,85.86291666666666,93.10344827586198,66.66666666666666,0.07409668149445281,-0.1344711373641068,0.2085678188585596,29.51616563665467,17.581863392964376,14.672475585870744,,84.77125755553803,83.525,82.27874244446198,207592.8,194687.1,1.1428912756126417,84.80947162558587
2026-01-15,9912,12.2,12.25,12.05,12.05,38054.0,461655.0,12.03,12.2,12.290000000000001,12.074166666666667,,,43.750000000000014,47.50000000000001,-0.020632452712575855,0.031543783206995274,-0.05217623591957113,22.19836380135017,20.22471594538988,16.669132014649882,,12.686829540496358,12.290000000000001,11.893170459503644,57611.2,58585.55,0.6605312855833588,12.131576181216166
2026-01-15,9914,89.4,89.4,86.4,87.3,2760830.0,241611196.0,84.36,82.0,82.91499999999999,90.955,99.985,116.83041666666666,80.17241379310346,61.578947368421034,-1.2517668417416843,-2.4097562941557573,1.157989452414073,29.86029764305618,18.18575393723874,30.47905555796912,,88.5473408240176,82.91499999999999,77.28265917598239,2511344.0,1658820.45,1.099343618397161,87.51397079863665
2026-01-15,9917,110.0,110.5,109.5,109.5,361169.0,39688873.0,109.7,109.2,108.075,107.84166666666667,110.1,114.31666666666666,75.0,80.0,0.6289905017239903,0.4316979331336,0.1972925685903903,28.292540541268714,14.763717077559313,24.581285801799744,,110.7753898354026,108.075,105.3746101645974,456116.0,560004.65,0.7918358487753115,109.8900320902403
2026-01-15,9918,39.75,39.75,39.55,39.75,26110.0,1035056.0,39.58,39.629999999999995,39.667500000000004,,,,55.99999999999991,51.51515151515141,-0.015344400036575223,-0.00614983375074495,-0.009194566285830274,13.455530835392086,35.5688280316165,47.194561735241436,,39.93948103648989,39.667500000000004,39.39551896351012,24104.4,30664.35,1.0832047261080964,39.64212945231712
2026-01-15,9919,16.7,16.75,16.55,16.65,237257.0,3944031.0,16.68,16.535000000000004,16.5775,16.739166666666666,16.951666666666664,17.458333333333332,58.8235294117646,51.21951219512187,-0.01643024395748327,-0.051736913381202655,0.035306669423719385,25.234482315386135,13.33216133466383,25.006258548930326,,16.902712481148704,16.5775,16.252287518851297,427476.8,293594.35,0.555017254737567,16.623454734739123
2026-01-15,9921,93.8,94.1,91.5,92.5,1677754.0,155456146.0,90.82,89.86999999999999,91.965,96.78833333333334,100.64583333333333,115.09541666666665,64.55696202531645,47.9591836734694,-1.5724371118831613,-1.945605228887551,0.3731681170043897,23.774853310089256,18.76403892838158,15.495113392095936,,97.37465024650571,91.965,86.5553497534943,1892830.2,1420003.8,0.8863732203765557,92.65729421595776
2026-01-15,9924,49.8,50.3,49.65,49.9,71969.0,3590109.0,49.83,50.394999999999996,51.657500000000006,52.59916666666667,48.97958333333333,49.12270833333333,39.9999999999998,15.555555555555486,-0.932187578916178,-0.6797716691704672,-0.2524159097457108,18.188599445030114,35.62297559600051,27.000722378661365,,54.56289878592642,51.657500000000006,48.75210121407359,128234.0,114737.4,0.5612318105962537,49.88410287762787
2026-01-15,9925,41.0,41.0,40.85,41.0,169187.0,6925272.0,40.89,40.805,40.785000000000004,40.711666666666666,40.71041666666667,40.98520833333334,79.99999999999972,61.11111111111155,0.05050905900133529,0.025983448306068534,0.024525610695266754,17.49852791964777,5.666465446064125,23.249887300023367,,40.982617386834455,40.785000000000004,40.58738261316555,170224.4,148409.3,0.9939056915459829,40.93264848954116
2026-01-15,9926,49.35,49.5,49.35,49.45,13236.0,654120.0,49.37,49.425,49.489999999999995,,,,58.333333333333435,42.857142857143,-0.08435192714252082,-0.07398390583900469,-0.010368021303516134,26.839770920497635,20.754660243751665,19.14025620703761,,49.791923657132855,49.489999999999995,49.188076342867134,16607.6,12653.95,0.7969845131144778,49.41976427923844
2026-01-15,9927,70.2,70.9,69.8,70.8,103495.0,7299413.0,69.68,68.75000000000001,68.41999999999999,62.86666666666667,62.270833333333336,66.17458333333333,94.11764705882345,78.57142857142846,1.2078941350549002,1.1963150022814635,0.011579132773436696,41.744320300597074,16.7489496696987,40.316244897924605,,70.34008771729448,68.41999999999999,66.4999122827055,141387.6,81028.0,0.7319948849828415,70.52913667326924
2026-01-15,9928,18.15,18.5,18.15,18.35,73535.0,1349375.0,18.11,18.175,18.9075,18.23,17.866666666666667,17.141875000000002,81.8181818181817,16.92307692307702,-0.12578060352914022,-0.006680487572813998,-0.11910011595632622,25.925078428861415,25.025703173945352,15.151879587514832,,20.82316258978311,18.9075,16.99183741021689,67786.4,228823.35,1.0848046215760094,18.35010539199021
2026-01-15,9929,10.65,10.7,10.5,10.5,15042.0,159791.0,10.55,,,,,,55.55555555555564,39.2857142857143,-0.04294161340973446,-0.03247517216906754,-0.010466441240666917,10.777094206322365,20.75781205820887,18.212308621908743,,,,,8754.4,,1.7182216942337567,10.62298896423348
2026-01-15,9930,71.9,72.3,71.5,71.8,75308.0,5414087.0,71.18,70.62,70.47,70.63666666666667,71.06166666666667,71.90083333333334,95.23809523809486,73.68421052631577,0.1362388563791086,-0.06393071438432853,0.2001695707634371,31.74017720881521,11.675013865118773,16.02696192212052,,71.60527181999211,70.47,69.33472818000789,103796.6,78760.5,0.7255343623972268,71.89258777287938
2026-01-15,9931,33.95,34.2,33.95,34.2,4019.0,136746.0,33.910000000000004,33.81,,,,,100.0,57.692307692307736,-0.030210684902087337,-0.05165715128607587,0.021446466383988533,24.613384533359202,26.156444774042242,22.26503910651678,,,,,22788.2,12541.5,0.17636320551864562,34.02488181139587
2026-01-15,9933,32.8,33.8,32.6,33.55,5206680.0,173783290.0,32.589999999999996,31.8,31.6175,31.896666666666665,31.71875,32.38854166666667,100.0,73.95833333333331,0.16012460816337182,-0.1158884672067738,0.27601307537014563,32.51305177275379,13.625087958818844,16.457830621327894,,33.102964662371036,31.6175,30.132035337628963,4313123.0,2582179.05,1.207171694384788,33.37698687071224
2026-01-15,9934,10.0,10.05,9.92,10.0,367671.0,3672237.0,9.968,9.949000000000002,9.993500000000001,9.998666666666667,10.08975,10.894041666666668,53.571428571428484,44.31818181818183,0.0010112728410849314,0.004519383608317481,-0.0035081107672325492,17.77870449617848,18.801473244940553,12.122709852673138,,10.162618457396626,9.993500000000001,9.824381542603376,336515.8,434415.2,1.0925816856147617,9.987834232234796
2026-01-15,9935,20.15,20.6,20.15,20.4,258978.0,5283494.0,20.02,19.880000000000003,20.17,20.164166666666667,20.293333333333333,23.35604166666667,70.27027027027026,47.54098360655734,-0.10826272541798687,-0.12214937519994262,0.013886649781955751,20.675363798273576,24.880324013914418,22.32783489595624,,20.946225686119092,20.17,19.39377431388091,301356.0,203205.15,0.8593756221877116,20.40132366455838
2026-01-15,9937,57.0,57.7,57.0,57.5,53327.0,3061762.0,57.1,57.52,57.55499999999999,57.57833333333334,,,30.434782608695713,58.13953488372097,-0.21086098364073536,-0.16883030548415856,-0.042030678156576795,12.836705895624862,20.70570555282672,22.706984964674223,,59.04245632399349,57.55499999999999,56.067543676006494,59489.0,751490.7,0.8964178251441443,57.414855514092295
2026-01-15,9938,53.6,53.8,53.0,53.0,1002285.0,53264388.0,53.339999999999996,52.125,51.657500000000006,54.31083333333333,54.25291666666667,57.14375,70.37037037037042,65.15151515151516,-0.09169384425324267,-0.5400182566367622,0.4483244123835195,27.82662655535397,19.856968693724316,20.48591893566228,,54.04017320020115,51.657500000000006,49.27482679979886,1549170.4,1445372.2,0.6469817652080108,53.14295634475224
2026-01-15,9939,119.0,120.0,118.0,119.5,610942.0,72782463.0,118.5,118.4,118.9,123.21666666666667,129.15416666666667,141.84583333333333,56.25,45.945945945945944,-0.9606267098888708,-1.1922675727942362,0.23164086290536545,18.346276096261587,26.076667272877117,28.960187152562792,,121.73957001934413,118.9,116.06042998065588,1099863.4,906790.85,0.5554707975554055,119.131542765107
2026-01-15,9940,22.9,23.0,22.75,22.8,239706.0,5478876.0,22.84,22.634999999999998,22.72,22.675833333333337,23.59875,25.636041666666667,80.0000000000001,52.77777777777783,0.006956355268584957,-0.025842381675762867,0.032798736944347824,25.141396391627303,18.050700366422838,12.907370884981422,,23.152130584551244,22.72,22.287869415448753,415409.4,305853.65,0.5770355702109774,22.8566493955095
2026-01-15,9941,81.5,81.5,80.3,80.4,1139509.0,91929717.0,81.02000000000001,81.6,85.84,91.63499999999999,96.53916666666666,102.76958333333333,38.33333333333338,20.11494252873564,-3.2226844075826193,-2.8972923510283644,-0.32539205655425496,8.788670230262172,32.91614941101163,37.44120777194098,,95.23235971695283,85.84,76.44764028304718,1733640.0,2006912.5,0.6572927482060866,80.6748494307636
2026-01-15,9942,107.5,108.0,107.0,107.5,107949.0,11592633.0,106.8,106.35,106.05,105.61666666666666,107.8,111.55749999999999,71.42857142857143,53.846153846153854,0.405386535719245,0.2604833557451947,0.14490317997405028,26.44834056204225,7.2262975092228094,38.05996111373624,,107.53323969741818,106.05,104.56676030258181,80099.6,66277.4,1.3476846326323726,107.38990634466276
2026-01-15,9943,60.6,60.6,60.4,60.4,35364.0,2140362.0,60.239999999999995,60.17,60.585,60.98833333333334,63.964166666666664,70.47291666666666,63.6363636363634,37.03703703703699,-0.30950787122682044,-0.32636303675697886,0.016855165530158422,12.851213844087178,24.424195288296968,35.542746749620186,,61.556759121125026,60.585,59.613240878874976,38955.0,35518.55,0.9078167115902965,60.52375296912114
2026-01-15,9944,16.9,16.95,16.85,16.9,67647.0,1142878.0,16.89,16.895,16.9225,16.835833333333333,16.892500000000002,17.411666666666665,59.99999999999986,44.44444444444436,0.008303957572440623,0.023975110641359376,-0.015671153068918753,15.018436942493318,17.907996637636995,21.20692234445627,,17.110214789257398,16.9225,16.7347852107426,35345.6,31916.25,1.9138732968177086,16.894732951941698
2026-01-15,9945,30.4,30.65,30.15,30.25,4185946.0,127021883.0,29.79,29.705000000000002,29.992499999999996,29.91416666666667,30.02583333333333,32.095,61.11111111111109,45.31249999999999,-0.015498148077398355,-0.03990508916269825,0.024406941085299894,26.770326925389703,15.22415376363982,18.365554310936865,,30.862028002634055,29.992499999999996,29.122971997365937,5858450.8,6526442.45,0.714514151078985,30.34484510789198
2026-01-15,9946,18.35,18.35,18.05,18.2,222253.0,4027521.0,18.59,18.9,18.93,17.896666666666665,18.50166666666667,19.877083333333335,4.99999999999973,24.324324324324223,0.11378538310008679,0.2742453173090335,-0.16045993420894672,21.512119771033184,19.44061504703131,36.9694024749905,,19.623883047933806,18.93,18.236116952066194,343819.2,261066.05,0.6464240507801775,18.12133469514472
2026-01-15,9949,26.3,26.3,25.35,25.85,49000.0,1259100.0,25.1,25.470000000000002,26.4125,,,,51.56250000000002,38.345864661654154,0.004693580982578993,0.29679451531442846,-0.29210093433184947,28.746554498206116,25.48311162730798,25.785797551564134,,28.72604706025219,26.4125,24.098952939747814,61600.0,175850.0,0.7954545454545454,25.695918367346938
2026-01-15,9950,10.45,10.5,10.45,10.5,54000.0,565200.0,10.469999999999999,10.45,10.48,10.531666666666668,10.629583333333333,11.570666666666666,62.49999999999994,50.0,-0.006044514017995439,-0.01333443926888303,0.007289925250887591,29.877352489963467,13.97235939183458,27.02586009012993,,10.688755712182447,10.48,10.271244287817554,55200.0,80000.0,0.9782608695652174,10.466666666666667
2026-01-15,9951,55.7,55.8,55.1,55.5,114000.0,6318300.0,55.32000000000001,55.29,55.385000000000005,56.99,58.357499999999995,56.656666666666666,57.89473684210517,48.38709677419354,-0.33882488445192394,-0.43355777494406156,0.09473289049213762,18.5042870819355,20.09353880670896,25.648290371929065,,55.93281864075468,55.385000000000005,54.83718135924533,90600.0,54900.0,1.2582781456953642,55.42368421052632
2026-01-15,9955,41.55,41.55,36.5,36.85,12326071.0,468543967.0,35.67,33.235,32.105000000000004,30.483333333333334,29.816666666666666,29.8,69.17808219178083,66.7621776504298,1.5342373327257448,0.7394747142495411,0.7947626184762037,45.58894374424083,15.857655679779137,29.903972600568476,,37.67908477264483,32.105000000000004,26.530915227355177,9805997.8,3349485.2,1.256993041544431,38.01243453814277
2026-01-15,9958,143.5,145.5,140.0,142.0,1823341.0,259983568.0,138.6,140.4,139.3,143.13333333333333,161.55833333333334,174.53125,57.89473684210526,54.117647058823536,-0.42491563072181293,-0.7788195176137807,0.3539038868919677,28.233818340255862,18.904935327418922,15.765704419791938,,146.66563857237898,139.3,131.93436142762104,1511896.8,1148737.85,1.2059956737787922,142.58636645586316
2026-01-15,9960,23.25,23.3,23.0,23.1,127000.0,2942050.0,22.53,22.025,21.607499999999998,,,,72.0930232558141,70.93023255813961,0.44873689025990515,0.26038802264000965,0.1883488676198955,52.92862809649681,9.414115735020822,44.066468616137094,,22.976816002897273,21.607499999999998,20.238183997102723,45000.0,25600.0,2.8222222222222224,23.16574803149606
2026-01-15,9962,11.0,11.5,11.0,11.4,488000.0,5506900.0,10.940000000000001,10.780000000000001,10.485,10.400833333333335,10.887916666666666,12.342916666666666,52.1739130434783,75.47169811320757,0.2106368284381155,0.11767316159490138,0.09296366684321411,42.158124140631784,11.374271178518516,27.932369298983183,,11.317308141318193,10.485,9.652691858681806,232000.0,172450.0,2.103448275862069,11.284631147540983
